case_name,case_category,generator,node_id,matrix_rows,feature_count,descendant_leaf_rows,active_feature_count,aspect_ratio,mp_lower_edge,mp_upper_edge,positive_eigenvalue_count,raw_mp_signal_count,top_eigenvalue,top_eigenvalue_over_mp_upper,finite_identity_null_top_eigenvalue_quantile,finite_identity_null_quantile,finite_identity_null_reps,finite_identity_null_top_over_mp_upper,top_eigenvalue_over_finite_identity_null_quantile,above_finite_identity_null_top_quantile,median_eigenvalue_over_identity_mp_median,q90_eigenvalue_over_identity_mp_q90,q95_eigenvalue_over_identity_mp_q95,identity_mp_positive_ks_distance,centered_self_whitening_reference_eigenvalue,median_eigenvalue_over_centered_self_whitening_reference,top_eigenvalue_over_centered_self_whitening_reference,positive_rank_fraction,diagnostic_status
gauss_null_large,gaussian_null,blobs,N200,2,80,2,23,11.5,5.717670016874732,19.282329983125273,1,1,22.999999999908,1.1928019082774854,17.918112821987503,0.95,80,0.9292503985601507,1.2836173222262814,True,,,,,0.5,,45.999999999816,1.0,insufficient_positive_spectrum
gauss_null_large,gaussian_null,blobs,N201,2,80,2,24,12.0,6.0717967697244895,19.928203230275507,1,1,23.999999999904,1.204323326221528,16.458991873810074,0.95,80,0.8259144933249725,1.4581695029628972,True,,,,,0.5,,47.999999999808,1.0,insufficient_positive_spectrum
gauss_null_large,gaussian_null,blobs,N202,2,80,2,24,12.0,6.0717967697244895,19.928203230275507,1,1,23.999999999904,1.204323326221528,16.458991873810074,0.95,80,0.8259144933249725,1.4581695029628972,True,,,,,0.5,,47.999999999808,1.0,insufficient_positive_spectrum
gauss_null_large,gaussian_null,blobs,N203,2,80,2,24,12.0,6.0717967697244895,19.928203230275507,1,1,23.999999999904,1.204323326221528,16.458991873810074,0.95,80,0.8259144933249725,1.4581695029628972,True,,,,,0.5,,47.999999999808,1.0,insufficient_positive_spectrum
gauss_null_large,gaussian_null,blobs,N204,2,80,2,25,12.5,6.428932188134525,20.571067811865476,1,1,24.999999999899998,1.215299090379737,16.294262466851894,0.95,80,0.7920960941781202,1.5342823923917117,True,,,,,0.5,,49.999999999799996,1.0,insufficient_positive_spectrum
gauss_null_large,gaussian_null,blobs,N205,2,80,2,25,12.5,6.428932188134525,20.571067811865476,1,1,24.999999999899998,1.215299090379737,16.294262466851894,0.95,80,0.7920960941781202,1.5342823923917117,True,,,,,0.5,,49.999999999799996,1.0,insufficient_positive_spectrum
gauss_null_large,gaussian_null,blobs,N206,2,80,2,25,12.5,6.428932188134525,20.571067811865476,1,1,24.999999999899998,1.215299090379737,16.294262466851894,0.95,80,0.7920960941781202,1.5342823923917117,True,,,,,0.5,,49.999999999799996,1.0,insufficient_positive_spectrum
gauss_null_large,gaussian_null,blobs,N207,2,80,2,25,12.5,6.428932188134525,20.571067811865476,1,1,24.999999999899998,1.215299090379737,16.294262466851894,0.95,80,0.7920960941781202,1.5342823923917117,True,,,,,0.5,,49.999999999799996,1.0,insufficient_positive_spectrum
gauss_null_large,gaussian_null,blobs,N208,2,80,2,25,12.5,6.428932188134525,20.571067811865476,1,1,24.999999999899998,1.215299090379737,16.294262466851894,0.95,80,0.7920960941781202,1.5342823923917117,True,,,,,0.5,,49.999999999799996,1.0,insufficient_positive_spectrum
gauss_null_large,gaussian_null,blobs,N209,2,80,2,26,13.0,6.788897449072021,21.211102550927983,1,1,25.999999999895998,1.2257731505219893,17.802706629436095,0.95,80,0.8393107612719184,1.4604520841177033,True,,,,,0.5,,51.999999999791996,1.0,insufficient_positive_spectrum
gauss_null_large,gaussian_null,blobs,N210,2,80,2,26,13.0,6.788897449072021,21.211102550927983,1,1,25.999999999895998,1.2257731505219893,17.802706629436095,0.95,80,0.8393107612719184,1.4604520841177033,True,,,,,0.5,,51.999999999791996,1.0,insufficient_positive_spectrum
gauss_null_large,gaussian_null,blobs,N211,2,80,2,26,13.0,6.788897449072021,21.211102550927983,1,1,25.999999999895998,1.2257731505219893,17.802706629436095,0.95,80,0.8393107612719184,1.4604520841177033,True,,,,,0.5,,51.999999999791996,1.0,insufficient_positive_spectrum
gauss_null_large,gaussian_null,blobs,N212,2,80,2,26,13.0,6.788897449072021,21.211102550927983,1,1,25.999999999895998,1.2257731505219893,17.802706629436095,0.95,80,0.8393107612719184,1.4604520841177033,True,,,,,0.5,,51.999999999791996,1.0,insufficient_positive_spectrum
gauss_null_large,gaussian_null,blobs,N213,2,80,2,26,13.0,6.788897449072021,21.211102550927983,1,1,25.999999999895998,1.2257731505219893,17.802706629436095,0.95,80,0.8393107612719184,1.4604520841177033,True,,,,,0.5,,51.999999999791996,1.0,insufficient_positive_spectrum
gauss_null_large,gaussian_null,blobs,N214,2,80,2,26,13.0,6.788897449072021,21.211102550927983,1,1,25.999999999895998,1.2257731505219893,17.802706629436095,0.95,80,0.8393107612719184,1.4604520841177033,True,,,,,0.5,,51.999999999791996,1.0,insufficient_positive_spectrum
gauss_null_large,gaussian_null,blobs,N215,2,80,2,27,13.5,7.151530771650466,21.848469228349536,1,1,26.999999999891998,1.2357845173362572,18.774716261428537,0.95,80,0.8593149508647204,1.4381042900425496,True,,,,,0.5,,53.999999999783995,1.0,insufficient_positive_spectrum
gauss_null_large,gaussian_null,blobs,N216,2,80,2,27,13.5,7.151530771650466,21.848469228349536,1,1,26.999999999891998,1.2357845173362572,18.774716261428537,0.95,80,0.8593149508647204,1.4381042900425496,True,,,,,0.5,,53.999999999783995,1.0,insufficient_positive_spectrum
gauss_null_large,gaussian_null,blobs,N217,2,80,2,27,13.5,7.151530771650466,21.848469228349536,1,1,26.999999999891998,1.2357845173362572,18.774716261428537,0.95,80,0.8593149508647204,1.4381042900425496,True,,,,,0.5,,53.999999999783995,1.0,insufficient_positive_spectrum
gauss_null_large,gaussian_null,blobs,N218,2,80,2,27,13.5,7.151530771650466,21.848469228349536,1,1,26.999999999891998,1.2357845173362572,18.774716261428537,0.95,80,0.8593149508647204,1.4381042900425496,True,,,,,0.5,,53.999999999783995,1.0,insufficient_positive_spectrum
gauss_null_large,gaussian_null,blobs,N219,2,80,2,27,13.5,7.151530771650466,21.848469228349536,1,1,26.999999999891998,1.2357845173362572,18.774716261428537,0.95,80,0.8593149508647204,1.4381042900425496,True,,,,,0.5,,53.999999999783995,1.0,insufficient_positive_spectrum
gauss_null_large,gaussian_null,blobs,N220,2,80,2,27,13.5,7.151530771650466,21.848469228349536,1,1,26.999999999891998,1.2357845173362572,18.774716261428537,0.95,80,0.8593149508647204,1.4381042900425496,True,,,,,0.5,,53.999999999783995,1.0,insufficient_positive_spectrum
gauss_null_large,gaussian_null,blobs,N221,2,80,2,27,13.5,7.151530771650466,21.848469228349536,1,1,26.999999999891998,1.2357845173362572,18.774716261428537,0.95,80,0.8593149508647204,1.4381042900425496,True,,,,,0.5,,53.999999999783995,1.0,insufficient_positive_spectrum
gauss_null_large,gaussian_null,blobs,N222,2,80,2,27,13.5,7.151530771650466,21.848469228349536,1,1,26.999999999891998,1.2357845173362572,18.774716261428537,0.95,80,0.8593149508647204,1.4381042900425496,True,,,,,0.5,,53.999999999783995,1.0,insufficient_positive_spectrum
gauss_null_large,gaussian_null,blobs,N223,2,80,2,27,13.5,7.151530771650466,21.848469228349536,1,1,26.999999999891998,1.2357845173362572,18.774716261428537,0.95,80,0.8593149508647204,1.4381042900425496,True,,,,,0.5,,53.999999999783995,1.0,insufficient_positive_spectrum
gauss_null_large,gaussian_null,blobs,N224,2,80,2,27,13.5,7.151530771650466,21.848469228349536,1,1,26.999999999891998,1.2357845173362572,18.774716261428537,0.95,80,0.8593149508647204,1.4381042900425496,True,,,,,0.5,,53.999999999783995,1.0,insufficient_positive_spectrum
gauss_null_large,gaussian_null,blobs,N225,2,80,2,27,13.5,7.151530771650466,21.848469228349536,1,1,26.999999999891998,1.2357845173362572,18.774716261428537,0.95,80,0.8593149508647204,1.4381042900425496,True,,,,,0.5,,53.999999999783995,1.0,insufficient_positive_spectrum
gauss_null_large,gaussian_null,blobs,N226,2,80,2,27,13.5,7.151530771650466,21.848469228349536,1,1,26.999999999891998,1.2357845173362572,18.774716261428537,0.95,80,0.8593149508647204,1.4381042900425496,True,,,,,0.5,,53.999999999783995,1.0,insufficient_positive_spectrum
gauss_null_large,gaussian_null,blobs,N227,2,80,2,27,13.5,7.151530771650466,21.848469228349536,1,1,26.999999999891998,1.2357845173362572,18.774716261428537,0.95,80,0.8593149508647204,1.4381042900425496,True,,,,,0.5,,53.999999999783995,1.0,insufficient_positive_spectrum
gauss_null_large,gaussian_null,blobs,N228,2,80,2,27,13.5,7.151530771650466,21.848469228349536,1,1,26.999999999891998,1.2357845173362572,18.774716261428537,0.95,80,0.8593149508647204,1.4381042900425496,True,,,,,0.5,,53.999999999783995,1.0,insufficient_positive_spectrum
gauss_null_large,gaussian_null,blobs,N229,2,80,2,27,13.5,7.151530771650466,21.848469228349536,1,1,26.999999999891998,1.2357845173362572,18.774716261428537,0.95,80,0.8593149508647204,1.4381042900425496,True,,,,,0.5,,53.999999999783995,1.0,insufficient_positive_spectrum
gauss_null_large,gaussian_null,blobs,N230,2,80,2,27,13.5,7.151530771650466,21.848469228349536,1,1,26.999999999891998,1.2357845173362572,18.774716261428537,0.95,80,0.8593149508647204,1.4381042900425496,True,,,,,0.5,,53.999999999783995,1.0,insufficient_positive_spectrum
gauss_null_large,gaussian_null,blobs,N231,2,80,2,27,13.5,7.151530771650466,21.848469228349536,1,1,26.999999999891998,1.2357845173362572,18.774716261428537,0.95,80,0.8593149508647204,1.4381042900425496,True,,,,,0.5,,53.999999999783995,1.0,insufficient_positive_spectrum
gauss_null_large,gaussian_null,blobs,N232,2,80,2,28,14.0,7.516685226452117,22.483314773547878,1,1,27.999999999887997,1.2453679665077955,19.787487659847642,0.95,80,0.8800965453336117,1.4150356266149449,True,,,,,0.5,,55.999999999775994,1.0,insufficient_positive_spectrum
gauss_null_large,gaussian_null,blobs,N233,2,80,2,28,14.0,7.516685226452117,22.483314773547878,1,1,27.999999999887997,1.2453679665077955,19.787487659847642,0.95,80,0.8800965453336117,1.4150356266149449,True,,,,,0.5,,55.999999999775994,1.0,insufficient_positive_spectrum
gauss_null_large,gaussian_null,blobs,N234,2,80,2,28,14.0,7.516685226452117,22.483314773547878,1,1,27.999999999887997,1.2453679665077955,19.787487659847642,0.95,80,0.8800965453336117,1.4150356266149449,True,,,,,0.5,,55.999999999775994,1.0,insufficient_positive_spectrum
gauss_null_large,gaussian_null,blobs,N235,2,80,2,28,14.0,7.516685226452117,22.483314773547878,1,1,27.999999999887997,1.2453679665077955,19.787487659847642,0.95,80,0.8800965453336117,1.4150356266149449,True,,,,,0.5,,55.999999999775994,1.0,insufficient_positive_spectrum
gauss_null_large,gaussian_null,blobs,N236,2,80,2,28,14.0,7.516685226452117,22.483314773547878,1,1,27.999999999887997,1.2453679665077955,19.787487659847642,0.95,80,0.8800965453336117,1.4150356266149449,True,,,,,0.5,,55.999999999775994,1.0,insufficient_positive_spectrum
gauss_null_large,gaussian_null,blobs,N237,2,80,2,28,14.0,7.516685226452117,22.483314773547878,1,1,27.999999999887997,1.2453679665077955,19.787487659847642,0.95,80,0.8800965453336117,1.4150356266149449,True,,,,,0.5,,55.999999999775994,1.0,insufficient_positive_spectrum
gauss_null_large,gaussian_null,blobs,N238,2,80,2,28,14.0,7.516685226452117,22.483314773547878,1,1,27.999999999887997,1.2453679665077955,19.787487659847642,0.95,80,0.8800965453336117,1.4150356266149449,True,,,,,0.5,,55.999999999775994,1.0,insufficient_positive_spectrum
gauss_null_large,gaussian_null,blobs,N239,2,80,2,28,14.0,7.516685226452117,22.483314773547878,1,1,27.999999999887997,1.2453679665077955,19.787487659847642,0.95,80,0.8800965453336117,1.4150356266149449,True,,,,,0.5,,55.999999999775994,1.0,insufficient_positive_spectrum
gauss_null_large,gaussian_null,blobs,N240,2,80,2,28,14.0,7.516685226452117,22.483314773547878,1,1,27.999999999887997,1.2453679665077955,19.787487659847642,0.95,80,0.8800965453336117,1.4150356266149449,True,,,,,0.5,,55.999999999775994,1.0,insufficient_positive_spectrum
gauss_null_large,gaussian_null,blobs,N241,2,80,2,28,14.0,7.516685226452117,22.483314773547878,1,1,27.999999999887997,1.2453679665077955,19.787487659847642,0.95,80,0.8800965453336117,1.4150356266149449,True,,,,,0.5,,55.999999999775994,1.0,insufficient_positive_spectrum
gauss_null_large,gaussian_null,blobs,N242,2,80,2,28,14.0,7.516685226452117,22.483314773547878,1,1,27.999999999887997,1.2453679665077955,19.787487659847642,0.95,80,0.8800965453336117,1.4150356266149449,True,,,,,0.5,,55.999999999775994,1.0,insufficient_positive_spectrum
gauss_null_large,gaussian_null,blobs,N243,2,80,2,28,14.0,7.516685226452117,22.483314773547878,1,1,27.999999999887997,1.2453679665077955,19.787487659847642,0.95,80,0.8800965453336117,1.4150356266149449,True,,,,,0.5,,55.999999999775994,1.0,insufficient_positive_spectrum
gauss_null_large,gaussian_null,blobs,N244,2,80,2,28,14.0,7.516685226452117,22.483314773547878,1,1,27.999999999887997,1.2453679665077955,19.787487659847642,0.95,80,0.8800965453336117,1.4150356266149449,True,,,,,0.5,,55.999999999775994,1.0,insufficient_positive_spectrum
gauss_null_large,gaussian_null,blobs,N245,2,80,2,28,14.0,7.516685226452117,22.483314773547878,1,1,27.999999999887997,1.2453679665077955,19.787487659847642,0.95,80,0.8800965453336117,1.4150356266149449,True,,,,,0.5,,55.999999999775994,1.0,insufficient_positive_spectrum
gauss_null_large,gaussian_null,blobs,N246,3,80,3,41,13.666666666666666,7.27297566239372,22.060357670939613,2,1,22.30277563763162,1.0109888502402364,20.71861474690241,0.95,80,0.9391785507718808,1.0764607532926906,True,,,,,0.6666666666666666,,33.45416345644743,1.0,insufficient_positive_spectrum
gauss_null_large,gaussian_null,blobs,N247,3,80,3,41,13.666666666666666,7.27297566239372,22.060357670939613,2,1,23.28388218131023,1.0554625871720285,20.71861474690241,0.95,80,0.9391785507718808,1.1238146210905025,True,,,,,0.6666666666666666,,34.92582327196535,1.0,insufficient_positive_spectrum
gauss_null_large,gaussian_null,blobs,N248,2,80,2,29,14.5,7.884226894136093,23.11577310586391,1,1,28.999999999883997,1.2545546223815203,20.614817330858234,0.95,80,0.8918073921407698,1.4067551283354822,True,,,,,0.5,,57.999999999767994,1.0,insufficient_positive_spectrum
gauss_null_large,gaussian_null,blobs,N249,2,80,2,29,14.5,7.884226894136093,23.11577310586391,1,1,28.999999999883997,1.2545546223815203,20.614817330858234,0.95,80,0.8918073921407698,1.4067551283354822,True,,,,,0.5,,57.999999999767994,1.0,insufficient_positive_spectrum
gauss_null_large,gaussian_null,blobs,N250,2,80,2,29,14.5,7.884226894136093,23.11577310586391,1,1,28.999999999883997,1.2545546223815203,20.614817330858234,0.95,80,0.8918073921407698,1.4067551283354822,True,,,,,0.5,,57.999999999767994,1.0,insufficient_positive_spectrum
gauss_null_large,gaussian_null,blobs,N251,2,80,2,29,14.5,7.884226894136093,23.11577310586391,1,1,28.999999999883997,1.2545546223815203,20.614817330858234,0.95,80,0.8918073921407698,1.4067551283354822,True,,,,,0.5,,57.999999999767994,1.0,insufficient_positive_spectrum
gauss_null_large,gaussian_null,blobs,N252,2,80,2,29,14.5,7.884226894136093,23.11577310586391,1,1,28.999999999883997,1.2545546223815203,20.614817330858234,0.95,80,0.8918073921407698,1.4067551283354822,True,,,,,0.5,,57.999999999767994,1.0,insufficient_positive_spectrum
gauss_null_large,gaussian_null,blobs,N253,2,80,2,29,14.5,7.884226894136093,23.11577310586391,1,1,28.999999999883997,1.2545546223815203,20.614817330858234,0.95,80,0.8918073921407698,1.4067551283354822,True,,,,,0.5,,57.999999999767994,1.0,insufficient_positive_spectrum
gauss_null_large,gaussian_null,blobs,N254,2,80,2,29,14.5,7.884226894136093,23.11577310586391,1,1,28.999999999883997,1.2545546223815203,20.614817330858234,0.95,80,0.8918073921407698,1.4067551283354822,True,,,,,0.5,,57.999999999767994,1.0,insufficient_positive_spectrum
gauss_null_large,gaussian_null,blobs,N255,2,80,2,29,14.5,7.884226894136093,23.11577310586391,1,1,28.999999999883997,1.2545546223815203,20.614817330858234,0.95,80,0.8918073921407698,1.4067551283354822,True,,,,,0.5,,57.999999999767994,1.0,insufficient_positive_spectrum
gauss_null_large,gaussian_null,blobs,N256,2,80,2,29,14.5,7.884226894136093,23.11577310586391,1,1,28.999999999883997,1.2545546223815203,20.614817330858234,0.95,80,0.8918073921407698,1.4067551283354822,True,,,,,0.5,,57.999999999767994,1.0,insufficient_positive_spectrum
gauss_null_large,gaussian_null,blobs,N257,2,80,2,29,14.5,7.884226894136093,23.11577310586391,1,1,28.999999999883997,1.2545546223815203,20.614817330858234,0.95,80,0.8918073921407698,1.4067551283354822,True,,,,,0.5,,57.999999999767994,1.0,insufficient_positive_spectrum
gauss_null_large,gaussian_null,blobs,N258,3,80,3,42,14.0,7.516685226452117,22.483314773547878,2,1,22.732050807466575,1.011063138884278,21.657215464966637,0.95,80,0.9632572279976631,1.04962943385952,True,,,,,0.6666666666666666,,34.09807621119987,1.0,insufficient_positive_spectrum
gauss_null_large,gaussian_null,blobs,N259,2,80,2,29,14.5,7.884226894136093,23.11577310586391,1,1,28.999999999883997,1.2545546223815203,20.614817330858234,0.95,80,0.8918073921407698,1.4067551283354822,True,,,,,0.5,,57.999999999767994,1.0,insufficient_positive_spectrum
gauss_null_large,gaussian_null,blobs,N260,2,80,2,29,14.5,7.884226894136093,23.11577310586391,1,1,28.999999999883997,1.2545546223815203,20.614817330858234,0.95,80,0.8918073921407698,1.4067551283354822,True,,,,,0.5,,57.999999999767994,1.0,insufficient_positive_spectrum
gauss_null_large,gaussian_null,blobs,N261,2,80,2,29,14.5,7.884226894136093,23.11577310586391,1,1,28.999999999883997,1.2545546223815203,20.614817330858234,0.95,80,0.8918073921407698,1.4067551283354822,True,,,,,0.5,,57.999999999767994,1.0,insufficient_positive_spectrum
gauss_null_large,gaussian_null,blobs,N262,2,80,2,29,14.5,7.884226894136093,23.11577310586391,1,1,28.999999999883997,1.2545546223815203,20.614817330858234,0.95,80,0.8918073921407698,1.4067551283354822,True,,,,,0.5,,57.999999999767994,1.0,insufficient_positive_spectrum
gauss_null_large,gaussian_null,blobs,N263,2,80,2,29,14.5,7.884226894136093,23.11577310586391,1,1,28.999999999883997,1.2545546223815203,20.614817330858234,0.95,80,0.8918073921407698,1.4067551283354822,True,,,,,0.5,,57.999999999767994,1.0,insufficient_positive_spectrum
gauss_null_large,gaussian_null,blobs,N264,3,80,3,44,14.666666666666666,8.007249804615961,23.326083528717373,2,0,22.49999999989874,0.9645854166730725,21.806110332265785,0.95,80,0.9348380453760998,1.0318208821775166,True,,,,,0.6666666666666666,,33.749999999848114,1.0,insufficient_positive_spectrum
gauss_null_large,gaussian_null,blobs,N265,2,80,2,30,15.0,8.254033307585168,23.745966692414836,1,1,29.999999999879996,1.263372445033492,21.811309863057524,0.95,80,0.9185269290394777,1.3754332127797564,True,,,,,0.5,,59.99999999975999,1.0,insufficient_positive_spectrum
gauss_null_large,gaussian_null,blobs,N266,2,80,2,30,15.0,8.254033307585168,23.745966692414836,1,1,29.999999999879996,1.263372445033492,21.811309863057524,0.95,80,0.9185269290394777,1.3754332127797564,True,,,,,0.5,,59.99999999975999,1.0,insufficient_positive_spectrum
gauss_null_large,gaussian_null,blobs,N267,3,80,3,43,14.333333333333334,7.761455538932968,22.905211127733697,2,1,24.14575131095592,1.054159735804407,23.348047336268653,0.95,80,1.0193334261826021,1.034165768263118,True,,,,,0.6666666666666666,,36.21862696643388,1.0,insufficient_positive_spectrum
gauss_null_large,gaussian_null,blobs,N268,2,80,2,30,15.0,8.254033307585168,23.745966692414836,1,1,29.999999999879996,1.263372445033492,21.811309863057524,0.95,80,0.9185269290394777,1.3754332127797564,True,,,,,0.5,,59.99999999975999,1.0,insufficient_positive_spectrum
gauss_null_large,gaussian_null,blobs,N269,2,80,2,30,15.0,8.254033307585168,23.745966692414836,1,1,29.999999999879996,1.263372445033492,21.811309863057524,0.95,80,0.9185269290394777,1.3754332127797564,True,,,,,0.5,,59.99999999975999,1.0,insufficient_positive_spectrum
gauss_null_large,gaussian_null,blobs,N270,2,80,2,30,15.0,8.254033307585168,23.745966692414836,1,1,29.999999999879996,1.263372445033492,21.811309863057524,0.95,80,0.9185269290394777,1.3754332127797564,True,,,,,0.5,,59.99999999975999,1.0,insufficient_positive_spectrum
gauss_null_large,gaussian_null,blobs,N271,2,80,2,30,15.0,8.254033307585168,23.745966692414836,1,1,29.999999999879996,1.263372445033492,21.811309863057524,0.95,80,0.9185269290394777,1.3754332127797564,True,,,,,0.5,,59.99999999975999,1.0,insufficient_positive_spectrum
gauss_null_large,gaussian_null,blobs,N272,2,80,2,30,15.0,8.254033307585168,23.745966692414836,1,1,29.999999999879996,1.263372445033492,21.811309863057524,0.95,80,0.9185269290394777,1.3754332127797564,True,,,,,0.5,,59.99999999975999,1.0,insufficient_positive_spectrum
gauss_null_large,gaussian_null,blobs,N273,2,80,2,30,15.0,8.254033307585168,23.745966692414836,1,1,29.999999999879996,1.263372445033492,21.811309863057524,0.95,80,0.9185269290394777,1.3754332127797564,True,,,,,0.5,,59.99999999975999,1.0,insufficient_positive_spectrum
gauss_null_large,gaussian_null,blobs,N274,2,80,2,30,15.0,8.254033307585168,23.745966692414836,1,1,29.999999999879996,1.263372445033492,21.811309863057524,0.95,80,0.9185269290394777,1.3754332127797564,True,,,,,0.5,,59.99999999975999,1.0,insufficient_positive_spectrum
gauss_null_large,gaussian_null,blobs,N275,3,80,3,44,14.666666666666666,8.007249804615961,23.326083528717373,2,0,22.999999999896485,0.9860206481546961,21.806110332265785,0.95,80,0.9348380453760998,1.0547502351147944,True,,,,,0.6666666666666666,,34.49999999984473,1.0,insufficient_positive_spectrum
gauss_null_large,gaussian_null,blobs,N276,2,80,2,30,15.0,8.254033307585168,23.745966692414836,1,1,29.999999999879996,1.263372445033492,21.811309863057524,0.95,80,0.9185269290394777,1.3754332127797564,True,,,,,0.5,,59.99999999975999,1.0,insufficient_positive_spectrum
gauss_null_large,gaussian_null,blobs,N277,2,80,2,30,15.0,8.254033307585168,23.745966692414836,1,1,29.999999999879996,1.263372445033492,21.811309863057524,0.95,80,0.9185269290394777,1.3754332127797564,True,,,,,0.5,,59.99999999975999,1.0,insufficient_positive_spectrum
gauss_null_large,gaussian_null,blobs,N278,3,80,3,44,14.666666666666666,8.007249804615961,23.326083528717373,2,1,24.783882181303476,1.062496503143846,21.806110332265785,0.95,80,0.9348380453760998,1.1365567633871676,True,,,,,0.6666666666666666,,37.17582327195522,1.0,insufficient_positive_spectrum
gauss_null_large,gaussian_null,blobs,N279,3,80,3,44,14.666666666666666,8.007249804615961,23.326083528717373,2,1,24.179449471661517,1.0365841930512485,21.806110332265785,0.95,80,0.9348380453760998,1.1088382615346113,True,,,,,0.6666666666666666,,36.26917420749228,1.0,insufficient_positive_spectrum
gauss_null_large,gaussian_null,blobs,N280,3,80,3,44,14.666666666666666,8.007249804615961,23.326083528717373,2,1,24.179449471661517,1.0365841930512485,21.806110332265785,0.95,80,0.9348380453760998,1.1088382615346113,True,,,,,0.6666666666666666,,36.26917420749228,1.0,insufficient_positive_spectrum
gauss_null_large,gaussian_null,blobs,N281,4,80,4,53,13.25,6.969890110719481,21.530109889280514,3,0,21.455869514550567,0.996551788397192,22.711739434743833,0.95,80,1.0548826527843982,0.9447039305905356,False,,,,,0.75,,28.607826019400758,1.0,insufficient_positive_spectrum
gauss_null_large,gaussian_null,blobs,N282,3,80,3,45,15.0,8.254033307585168,23.745966692414836,2,1,24.79128784736635,1.0440209981127202,21.913360728063534,0.95,80,0.9228245374008425,1.1313320743000945,True,,,,,0.6666666666666666,,37.18693177104952,1.0,insufficient_positive_spectrum
gauss_null_large,gaussian_null,blobs,N283,3,80,3,45,15.0,8.254033307585168,23.745966692414836,2,1,24.79128784736634,1.04402099811272,21.913360728063534,0.95,80,0.9228245374008425,1.1313320743000943,True,,,,,0.6666666666666666,,37.186931771049515,1.0,insufficient_positive_spectrum
gauss_null_large,gaussian_null,blobs,N284,3,80,3,44,14.666666666666666,8.007249804615961,23.326083528717373,2,1,24.645751310953674,1.0565747687824072,21.806110332265785,0.95,80,0.9348380453760998,1.130222260431571,True,,,,,0.6666666666666666,,36.96862696643051,1.0,insufficient_positive_spectrum
gauss_null_large,gaussian_null,blobs,N285,2,80,2,31,15.5,8.625992125988189,24.374007874011813,1,1,30.999999999875996,1.2718466392607095,22.069091006614343,0.95,80,0.90543545898108,1.4046795126534648,True,,,,,0.5,,61.99999999975199,1.0,insufficient_positive_spectrum
gauss_null_large,gaussian_null,blobs,N286,2,80,2,31,15.5,8.625992125988189,24.374007874011813,1,1,30.999999999875996,1.2718466392607095,22.069091006614343,0.95,80,0.90543545898108,1.4046795126534648,True,,,,,0.5,,61.99999999975199,1.0,insufficient_positive_spectrum
gauss_null_large,gaussian_null,blobs,N287,2,80,2,31,15.5,8.625992125988189,24.374007874011813,1,1,30.999999999875996,1.2718466392607095,22.069091006614343,0.95,80,0.90543545898108,1.4046795126534648,True,,,,,0.5,,61.99999999975199,1.0,insufficient_positive_spectrum
gauss_null_large,gaussian_null,blobs,N288,2,80,2,31,15.5,8.625992125988189,24.374007874011813,1,1,30.999999999875996,1.2718466392607095,22.069091006614343,0.95,80,0.90543545898108,1.4046795126534648,True,,,,,0.5,,61.99999999975199,1.0,insufficient_positive_spectrum
gauss_null_large,gaussian_null,blobs,N289,2,80,2,31,15.5,8.625992125988189,24.374007874011813,1,1,30.999999999875996,1.2718466392607095,22.069091006614343,0.95,80,0.90543545898108,1.4046795126534648,True,,,,,0.5,,61.99999999975199,1.0,insufficient_positive_spectrum
gauss_null_large,gaussian_null,blobs,N290,2,80,2,31,15.5,8.625992125988189,24.374007874011813,1,1,30.999999999875996,1.2718466392607095,22.069091006614343,0.95,80,0.90543545898108,1.4046795126534648,True,,,,,0.5,,61.99999999975199,1.0,insufficient_positive_spectrum
gauss_null_large,gaussian_null,blobs,N291,3,80,3,46,15.333333333333334,8.501773250352846,24.164893416313824,2,0,23.499999999894243,0.972485150049505,24.16160673691911,0.95,80,0.9998639894934321,0.9726174362397046,False,,,,,0.6666666666666666,,35.249999999841364,1.0,insufficient_positive_spectrum
gauss_null_large,gaussian_null,blobs,N292,2,80,2,31,15.5,8.625992125988189,24.374007874011813,1,1,30.999999999875996,1.2718466392607095,22.069091006614343,0.95,80,0.90543545898108,1.4046795126534648,True,,,,,0.5,,61.99999999975199,1.0,insufficient_positive_spectrum
gauss_null_large,gaussian_null,blobs,N293,4,80,4,53,13.25,6.969890110719481,21.530109889280514,3,1,22.51506200866512,1.0457476587184071,22.711739434743833,0.95,80,1.0548826527843982,0.9913402746344543,False,,,,,0.75,,30.02008267822016,1.0,insufficient_positive_spectrum
gauss_null_large,gaussian_null,blobs,N294,4,80,4,54,13.5,7.151530771650466,21.848469228349536,3,0,21.54022499203817,0.9858917238965463,22.001171212658743,0.95,80,1.006989138813948,0.9790490144290427,False,,,,,0.75,,28.720299989384227,1.0,insufficient_positive_spectrum
gauss_null_large,gaussian_null,blobs,N295,3,80,3,46,15.333333333333334,8.501773250352846,24.164893416313824,2,1,24.80277563762038,1.0263970633065536,24.16160673691911,0.95,80,0.9998639894934321,1.0265366830808298,True,,,,,0.6666666666666666,,37.20416345643057,1.0,insufficient_positive_spectrum
gauss_null_large,gaussian_null,blobs,N296,3,80,3,45,15.0,8.254033307585168,23.745966692414836,2,1,25.09807621124036,1.0569405969586165,21.913360728063534,0.95,80,0.9228245374008425,1.1453321342489604,True,,,,,0.6666666666666666,,37.647114316860545,1.0,insufficient_positive_spectrum
gauss_null_large,gaussian_null,blobs,N297,3,80,3,46,15.333333333333334,8.501773250352846,24.164893416313824,2,1,24.80277563762038,1.0263970633065536,24.16160673691911,0.95,80,0.9998639894934321,1.0265366830808298,True,,,,,0.6666666666666666,,37.20416345643057,1.0,insufficient_positive_spectrum
gauss_null_large,gaussian_null,blobs,N298,3,80,3,45,15.0,8.254033307585168,23.745966692414836,2,1,25.09807621124036,1.0569405969586165,21.913360728063534,0.95,80,0.9228245374008425,1.1453321342489604,True,,,,,0.6666666666666666,,37.647114316860545,1.0,insufficient_positive_spectrum
gauss_null_large,gaussian_null,blobs,N299,3,80,3,47,15.666666666666666,8.750438608641389,24.58289472469195,2,0,23.999999999891998,0.9762886050919597,23.39610484635623,0.95,80,0.9517229402140479,1.025811781811613,True,,,,,0.6666666666666666,,35.999999999837996,1.0,insufficient_positive_spectrum
gauss_null_large,gaussian_null,blobs,N300,3,80,3,45,15.0,8.254033307585168,23.745966692414836,2,1,25.49999999988523,1.0738665782779306,21.913360728063534,0.95,80,0.9228245374008425,1.1636736289029568,True,,,,,0.6666666666666666,,38.24999999982785,1.0,insufficient_positive_spectrum
gauss_null_large,gaussian_null,blobs,N301,3,80,3,44,14.666666666666666,8.007249804615961,23.326083528717373,2,1,26.769696006964253,1.1476292612091248,21.806110332265785,0.95,80,0.9348380453760998,1.2276236155401825,True,,,,,0.6666666666666666,,40.15454401044638,1.0,insufficient_positive_spectrum
gauss_null_large,gaussian_null,blobs,N302,2,80,2,32,16.0,9.0,25.0,1,1,31.999999999871996,1.27999999999488,24.308614318527468,0.95,80,0.9723445727410988,1.316405763839954,True,,,,,0.5,,63.99999999974399,1.0,insufficient_positive_spectrum
gauss_null_large,gaussian_null,blobs,N303,3,80,3,47,15.666666666666666,8.750438608641389,24.58289472469195,2,1,25.499999999885247,1.0373066429102071,23.39610484635623,0.95,80,0.9517229402140479,1.0899250181748388,True,,,,,0.6666666666666666,,38.24999999982787,1.0,insufficient_positive_spectrum
gauss_null_large,gaussian_null,blobs,N304,3,80,3,47,15.666666666666666,8.750438608641389,24.58289472469195,2,1,24.822875655420585,1.0097621103379493,23.39610484635623,0.95,80,0.9517229402140479,1.0609832627454037,True,,,,,0.6666666666666666,,37.23431348313088,1.0,insufficient_positive_spectrum
gauss_null_large,gaussian_null,blobs,N305,2,80,2,32,16.0,9.0,25.0,1,1,31.999999999871996,1.27999999999488,24.308614318527468,0.95,80,0.9723445727410988,1.316405763839954,True,,,,,0.5,,63.99999999974399,1.0,insufficient_positive_spectrum
gauss_null_large,gaussian_null,blobs,N306,3,80,3,46,15.333333333333334,8.501773250352846,24.164893416313824,2,1,26.04138126503192,1.0776534709419108,24.16160673691911,0.95,80,0.9998639894934321,1.0778000630744684,True,,,,,0.6666666666666666,,39.06207189754788,1.0,insufficient_positive_spectrum
gauss_null_large,gaussian_null,blobs,N307,4,80,4,54,13.5,7.151530771650466,21.848469228349536,3,0,21.789598771322666,0.9973055111361997,22.001171212658743,0.95,80,1.006989138813948,0.9903835827969765,False,,,,,0.75,,29.052798361763553,1.0,insufficient_positive_spectrum
gauss_null_large,gaussian_null,blobs,N308,3,80,3,46,15.333333333333334,8.501773250352846,24.164893416313824,2,1,25.783882181298974,1.0669975545554098,24.16160673691911,0.95,80,0.9998639894934321,1.0671426971742328,True,,,,,0.6666666666666666,,38.67582327194847,1.0,insufficient_positive_spectrum
gauss_null_large,gaussian_null,blobs,N309,3,80,3,47,15.666666666666666,8.750438608641389,24.58289472469195,2,1,25.302775637618126,1.0292838138465077,23.39610484635623,0.95,80,0.9517229402140479,1.0814952234050552,True,,,,,0.6666666666666666,,37.95416345642719,1.0,insufficient_positive_spectrum
gauss_null_large,gaussian_null,blobs,N310,3,80,3,47,15.666666666666666,8.750438608641389,24.58289472469195,2,1,26.999999999878494,1.0983246807284544,23.39610484635623,0.95,80,0.9517229402140479,1.1540382545380643,True,,,,,0.6666666666666666,,40.499999999817746,1.0,insufficient_positive_spectrum
gauss_null_large,gaussian_null,blobs,N311,3,80,3,47,15.666666666666666,8.750438608641389,24.58289472469195,2,1,25.302775637618126,1.0292838138465077,23.39610484635623,0.95,80,0.9517229402140479,1.0814952234050552,True,,,,,0.6666666666666666,,37.95416345642719,1.0,insufficient_positive_spectrum
gauss_null_large,gaussian_null,blobs,N312,3,80,3,46,15.333333333333334,8.501773250352846,24.164893416313824,2,1,26.04138126503192,1.0776534709419108,24.16160673691911,0.95,80,0.9998639894934321,1.0778000630744684,True,,,,,0.6666666666666666,,39.06207189754788,1.0,insufficient_positive_spectrum
gauss_null_large,gaussian_null,blobs,N313,3,80,3,46,15.333333333333334,8.501773250352846,24.164893416313824,2,1,26.04138126503192,1.0776534709419108,24.16160673691911,0.95,80,0.9998639894934321,1.0778000630744684,True,,,,,0.6666666666666666,,39.06207189754788,1.0,insufficient_positive_spectrum
gauss_null_large,gaussian_null,blobs,N314,2,80,2,33,16.5,9.375961595364041,25.624038404635964,1,1,32.999999999867995,1.2878532056015632,23.94411094441694,0.95,80,0.934439395005157,1.378209451020048,True,,,,,0.5,,65.99999999973599,1.0,insufficient_positive_spectrum
gauss_null_large,gaussian_null,blobs,N315,3,80,3,48,16.0,9.0,25.0,2,1,25.73205080745308,1.0292820322981233,24.64031884493113,0.95,80,0.9856127537972452,1.0443067303387,True,,,,,0.6666666666666666,,38.598076211179624,1.0,insufficient_positive_spectrum
gauss_null_large,gaussian_null,blobs,N316,6,80,6,65,10.833333333333334,5.250527447289501,18.416139219377165,5,0,18.266596447663662,0.9918797979352721,17.899159451910773,0.95,80,0.971927896433231,1.0205281704283418,True,1.3084861658064049,1.0857919288615416,1.0582418435913965,0.3786754843815796,0.8333333333333334,16.485465947541904,21.919915737196394,1.0,evaluated
gauss_null_large,gaussian_null,blobs,N317,2,80,2,33,16.5,9.375961595364041,25.624038404635964,1,1,32.999999999867995,1.2878532056015632,23.94411094441694,0.95,80,0.934439395005157,1.378209451020048,True,,,,,0.5,,65.99999999973599,1.0,insufficient_positive_spectrum
gauss_null_large,gaussian_null,blobs,N318,3,80,3,47,15.666666666666666,8.750438608641389,24.58289472469195,2,1,27.10555127534201,1.1026183685404718,23.39610484635623,0.95,80,0.9517229402140479,1.1585497437862395,True,,,,,0.6666666666666666,,40.65832691301301,1.0,insufficient_positive_spectrum
gauss_null_large,gaussian_null,blobs,N319,6,80,6,67,11.166666666666666,5.483354114745527,18.84997921858781,5,0,17.281540685472635,0.9167936200391908,18.8177929727944,0.95,80,0.9982925049720124,0.9183617181067523,False,1.1804721056330805,1.0235799216662473,0.9872548225311657,0.4876930407873914,0.8333333333333334,15.344860913216925,20.737848822567162,1.0,evaluated
gauss_null_large,gaussian_null,blobs,N320,3,80,3,48,16.0,9.0,25.0,2,1,27.12249899907714,1.0848999599630857,24.64031884493113,0.95,80,0.9856127537972452,1.1007365273869674,True,,,,,0.6666666666666666,,40.683748498615714,1.0,insufficient_positive_spectrum
gauss_null_large,gaussian_null,blobs,N321,4,80,4,58,14.5,7.884226894136093,23.11577310586391,3,1,26.360711667523383,1.140377678341042,23.06038952537995,0.95,80,0.9976040783827426,1.1431164958645275,True,,,,,0.75,,35.14761555669784,1.0,insufficient_positive_spectrum
gauss_null_large,gaussian_null,blobs,N322,4,80,4,56,14.0,7.516685226452117,22.483314773547878,3,1,23.25230803246004,1.0342028418254812,21.818578933192708,0.95,80,0.9704342599367399,1.0657113876965743,True,,,,,0.75,,31.003077376613387,1.0,insufficient_positive_spectrum
gauss_null_large,gaussian_null,blobs,N323,4,80,4,56,14.0,7.516685226452117,22.483314773547878,3,1,22.637394465748677,1.0068530683198937,21.818578933192708,0.95,80,0.9704342599367399,1.0375283621845006,True,,,,,0.75,,30.183192620998238,1.0,insufficient_positive_spectrum
gauss_null_large,gaussian_null,blobs,N324,4,80,4,58,14.5,7.884226894136093,23.11577310586391,3,1,23.41033407917592,1.0127428562290781,23.06038952537995,0.95,80,0.9976040783827426,1.0151751362834018,True,,,,,0.75,,31.213778772234562,1.0,insufficient_positive_spectrum
gauss_null_large,gaussian_null,blobs,N325,4,80,4,56,14.0,7.516685226452117,22.483314773547878,3,1,23.03489545194084,1.024532889564928,21.818578933192708,0.95,80,0.9704342599367399,1.0557468257888118,True,,,,,0.75,,30.713193935921122,1.0,insufficient_positive_spectrum
gauss_null_large,gaussian_null,blobs,N326,4,80,4,57,14.25,7.700165564729251,22.79983443527075,3,1,24.084816635364508,1.0563592776843118,21.570516081494475,0.95,80,0.9460821368126011,1.1165619099872661,True,,,,,0.75,,32.113088847152675,1.0,insufficient_positive_spectrum
gauss_null_large,gaussian_null,blobs,N327,3,80,3,50,16.666666666666668,9.501700857389407,25.83163247594393,2,1,26.32287565541384,1.0190171170918982,24.165693168377842,0.95,80,0.9355077806593324,1.0892663194887697,True,,,,,0.6666666666666666,,39.48431348312076,1.0,insufficient_positive_spectrum
gauss_null_large,gaussian_null,blobs,N328,4,80,4,57,14.25,7.700165564729251,22.79983443527075,3,0,22.456894970176972,0.9849586861664548,21.570516081494475,0.95,80,0.9460821368126011,1.0410921502913382,True,,,,,0.75,,29.94252662690263,1.0,insufficient_positive_spectrum
gauss_null_large,gaussian_null,blobs,N329,4,80,4,57,14.25,7.700165564729251,22.79983443527075,3,1,23.68694249617718,1.0389085308239825,21.570516081494475,0.95,80,0.9460821368126011,1.098116633217617,True,,,,,0.75,,31.582589994902907,1.0,insufficient_positive_spectrum
gauss_null_large,gaussian_null,blobs,N330,5,80,5,65,13.0,6.788897449072021,21.211102550927983,4,1,21.490124563760133,1.0131545266052162,22.480466220587267,0.95,80,1.0598443040201015,0.9559465694746049,False,1.265664519037935,1.1070045899313943,1.0782626564748985,0.43871209097823816,0.8,20.038468975342614,26.862655704700167,1.0,evaluated
gauss_null_large,gaussian_null,blobs,N331,5,80,5,62,12.4,6.357273255336397,20.442726744663602,4,1,20.448340847808957,1.000274625944742,20.039257462760947,0.95,80,0.980263431246618,1.020414098965903,True,1.2422205149765617,1.0776005886357471,1.057754230398973,0.47636309159132617,0.8,18.735569907965992,25.560426059761195,1.0,evaluated
gauss_null_large,gaussian_null,blobs,N332,5,80,5,61,12.2,6.214300321370808,20.18569967862919,4,1,21.35613188514744,1.0579832369029742,20.18477199780238,0.95,80,0.9999540426717141,1.0580318612205575,True,1.238994954666744,1.1708223713931873,1.1335606988098,0.41566548986767116,0.8,18.377151105851492,26.6951648564343,1.0,evaluated
gauss_null_large,gaussian_null,blobs,N333,3,80,3,51,17.0,9.753788748764679,26.246211251235323,2,1,26.366025403665784,1.0045650075465586,24.43837935360256,0.95,80,0.931120271785983,1.078877818458083,True,,,,,0.6666666666666666,,39.54903810549868,1.0,insufficient_positive_spectrum
gauss_null_large,gaussian_null,blobs,N334,4,80,4,57,14.25,7.700165564729251,22.79983443527075,3,1,24.358898943426013,1.0683805188402347,21.570516081494475,0.95,80,0.9460821368126011,1.1292682498368092,True,,,,,0.75,,32.47853192456802,1.0,insufficient_positive_spectrum
gauss_null_large,gaussian_null,blobs,N335,4,80,4,58,14.5,7.884226894136093,23.11577310586391,3,1,23.33546169535683,1.0095038391528939,23.06038952537995,0.95,80,0.9976040783827426,1.0119283401381465,True,,,,,0.75,,31.11394892714244,1.0,insufficient_positive_spectrum
gauss_null_large,gaussian_null,blobs,N336,6,80,6,66,11.0,5.3667504192892,18.6332495807108,5,0,18.251476217824912,0.9795111764465871,18.862648774147498,0.95,80,1.0123112821756102,0.9675987946528359,False,1.1128442593970522,1.0802033351924032,1.0486362931305175,0.3995754485368382,0.8333333333333334,14.243184412177234,21.901771461389895,1.0,evaluated
gauss_null_large,gaussian_null,blobs,N337,6,80,6,68,11.333333333333334,5.600330041091949,19.066336625574717,5,0,18.361824198594647,0.9630494079268972,19.19003320885238,0.95,80,1.0064876953400552,0.9568417104210284,False,1.195164831417318,1.0261268763237614,1.0138617632626645,0.43336227547921774,0.8333333333333334,15.774902991500793,22.034189038313574,1.0,evaluated
gauss_null_large,gaussian_null,blobs,N338,5,80,5,64,12.8,6.644582472000672,20.955417527999323,4,1,23.040286495260077,1.0994906908666975,21.526926464057123,0.95,80,1.0272726103068186,1.0703007943902147,True,1.1911049684754782,1.1655766154306384,1.1534362064761,0.38898220831099606,0.8,18.5602199094729,28.800358119075096,1.0,evaluated
gauss_null_large,gaussian_null,blobs,N339,6,80,6,72,12.0,6.0717967697244895,19.928203230275507,5,0,19.779901439079296,0.992558195564219,20.6409210289533,0.95,80,1.0357642779151817,0.9582857960327332,False,1.2357161989839913,1.103243151268681,1.0658793715116897,0.33183869698944324,0.8333333333333334,17.298786005634557,23.735881726895155,1.0,evaluated
gauss_null_large,gaussian_null,blobs,N340,5,80,5,64,12.8,6.644582472000672,20.955417527999323,4,0,20.49766487833615,0.978155880260961,21.526926464057123,0.95,80,1.0272726103068186,0.9521872484936713,False,1.2746693640179543,1.0665719999404857,1.040115675665826,0.5066559383017346,0.8,19.862349947479252,25.622081097920184,1.0,evaluated
gauss_null_large,gaussian_null,blobs,N341,5,80,5,65,13.0,6.788897449072021,21.211102550927983,4,1,22.550973147049746,1.0631683616117893,22.480466220587267,0.95,80,1.0598443040201015,1.0031363640669475,True,1.2554984869743684,1.1428400697942815,1.122617328130085,0.4417792858602475,0.8,19.877516594167414,28.188716433812182,1.0,evaluated
gauss_null_large,gaussian_null,blobs,N342,4,80,4,61,15.25,8.439750324093344,24.060249675906654,3,0,23.320070277079772,0.9692364207023139,24.919844060483047,0.95,80,1.0357267441591502,0.9358032185305631,False,,,,,0.75,,31.093427036106362,1.0,insufficient_positive_spectrum
gauss_null_large,gaussian_null,blobs,N343,6,80,6,69,11.5,5.717670016874732,19.282329983125273,5,0,17.790758914959138,0.9226457036327318,19.418863101943135,0.95,80,1.0070807375943336,0.9161586248156267,False,1.2689199343091642,1.021708707617289,0.989357858423158,0.3926962518502494,0.8333333333333334,17.00219595915521,21.348910697950966,1.0,evaluated
gauss_null_large,gaussian_null,blobs,N344,7,80,7,71,10.142857142857142,4.773286625826298,17.51242765988799,6,0,16.239899071779533,0.9273356833888217,18.62638099885498,0.95,80,1.0636093042381831,0.8718762422382452,False,1.2326942706837658,1.0559320238542909,1.009086863188369,0.3263348796656884,0.8571428571428571,14.10607013866248,18.94654891707612,1.0,evaluated
gauss_null_large,gaussian_null,blobs,N345,5,80,5,65,13.0,6.788897449072021,21.211102550927983,4,1,22.54648335978107,1.0629566900469616,22.480466220587267,0.95,80,1.0598443040201015,1.002936644576052,True,1.266078501498425,1.152845185803986,1.1272205299988955,0.41478995636297145,0.8,20.0450232988352,28.183104199726337,1.0,evaluated
gauss_null_large,gaussian_null,blobs,N346,9,80,9,73,8.11111111111111,3.415108614232756,14.807113607989463,8,0,14.409897463015804,0.9731739651974216,15.29386411037557,0.95,80,1.0328727471992565,0.9422012225961868,False,1.1493350055450797,1.0985706674062443,1.0566562841646001,0.19555189060860878,0.8888888888888888,10.055059789246156,16.21113464589278,1.0,evaluated
gauss_null_large,gaussian_null,blobs,N347,4,80,4,62,15.5,8.625992125988189,24.374007874011813,3,0,23.45816657256341,0.9624254941500656,23.90084162145585,0.95,80,0.9805872610281519,0.9814786836420417,False,,,,,0.75,,31.277555430084547,1.0,insufficient_positive_spectrum
gauss_null_large,gaussian_null,blobs,N348,5,80,5,66,13.2,6.9336391501660195,21.46636084983398,4,1,23.755934381695155,1.1066586715781814,21.0830900250987,0.95,80,0.9821455146768278,1.1267766894423221,True,1.179339351496862,1.171377165655332,1.159793177990063,0.4124778222333593,0.8,18.96658950667416,29.694917977118944,1.0,evaluated
gauss_null_large,gaussian_null,blobs,N349,5,80,5,66,13.2,6.9336391501660195,21.46636084983398,4,1,22.564706404096494,1.051165894487002,21.0830900250987,0.95,80,0.9821455146768278,1.0702751056526336,True,1.1966221475224683,1.1238369226501024,1.1069200740750074,0.4802851223326957,0.8,19.24453808638466,28.205883005120615,1.0,evaluated
gauss_null_large,gaussian_null,blobs,N350,5,80,5,63,12.6,6.500704260280462,20.699295739719545,4,0,20.219671905601736,0.9768289781377698,20.58033164452599,0.95,80,0.994252746726775,0.9824755137500331,False,1.2997888327296574,1.1142006387328174,1.0619721263029747,0.44663038866855553,0.8,19.92880245439767,25.274589882002168,1.0,evaluated
gauss_null_large,gaussian_null,blobs,N351,6,80,6,71,11.833333333333334,5.953410853149903,19.713255813516767,5,1,20.300052352405018,1.0297665968746728,20.09429729240164,0.95,80,1.019329200741341,1.0102394752605348,True,1.1707756592808014,1.086438238395158,1.078598928817402,0.36345651644309446,0.8333333333333334,16.15551149464028,24.36006282288602,1.0,evaluated
gauss_null_large,gaussian_null,blobs,N352,6,80,6,67,11.166666666666666,5.483354114745527,18.84997921858781,5,1,20.848414303593337,1.1060178932735845,18.8177929727944,0.95,80,0.9982925049720124,1.1079096434812883,True,1.138731192058422,1.1488239038113364,1.1506124153734316,0.4105289182394551,0.8333333333333334,14.802274171745177,25.018097164312003,1.0,evaluated
gauss_null_large,gaussian_null,blobs,N353,6,80,6,68,11.333333333333334,5.600330041091949,19.066336625574717,5,1,19.954755620062542,1.0465962083820624,19.19003320885238,0.95,80,1.0064876953400552,1.0398499785220483,True,1.1325333891152412,1.133295183934466,1.110346143464952,0.31497867364710935,0.8333333333333334,14.948234652070665,23.94570674407505,1.0,evaluated
gauss_null_large,gaussian_null,blobs,N354,7,80,7,73,10.428571428571429,4.969911682595821,17.88723117454704,6,0,17.7325310666451,0.9913513664360714,18.231658134055625,0.95,80,1.0192554653175554,0.9726230568969377,False,1.097685817921592,1.099389534822854,1.064690251907254,0.2957756926880472,0.8571428571428571,12.927061402548004,20.687952911085954,1.0,evaluated
gauss_null_large,gaussian_null,blobs,N355,9,80,9,76,8.444444444444445,3.632579186390213,15.256309702498676,8,0,14.364920564251351,0.9415724276951895,15.113542561485572,0.95,80,0.990642092105031,0.9504668085467954,False,1.07016204514033,1.0739732554453698,1.0271099633148009,0.21930404687476013,0.8888888888888888,9.763780653558603,16.16053563478277,1.0,evaluated
gauss_null_large,gaussian_null,blobs,N356,5,80,5,66,13.2,6.9336391501660195,21.46636084983398,4,0,21.28265415487637,0.9914421127902063,21.0830900250987,0.95,80,0.9821455146768278,1.0094656015574612,True,1.3039174650273535,1.0964996704211696,1.0612596079537677,0.47987933326974097,0.8,20.97010269212812,26.60331769359546,1.0,evaluated
gauss_null_large,gaussian_null,blobs,N357,5,80,5,64,12.8,6.644582472000672,20.955417527999323,4,1,22.830368090991968,1.0894733097294507,21.526926464057123,0.95,80,1.0272726103068186,1.0605493603144491,True,1.241747033759606,1.1514183972368979,1.1412588007813937,0.47312968008569034,0.8,19.34934252521207,28.53796011373996,1.0,evaluated
gauss_null_large,gaussian_null,blobs,N358,8,80,8,72,9.0,4.0,16.0,7,1,16.626048057679228,1.0391280036049517,15.652651194923,0.95,80,0.9782906996826874,1.0621873477300736,True,1.1833428884422954,1.0943835206629926,1.0904492897611757,0.23100054346677307,0.875,11.719206933892748,19.00119778020483,1.0,evaluated
gauss_null_large,gaussian_null,blobs,N359,10,80,10,76,7.6,3.0863804991639108,14.113619500836087,9,0,13.495871784047438,0.9562303832300386,13.868590046862044,0.95,80,0.9826387941123447,0.9731250068280056,False,1.1292068817148728,1.1006993465506432,1.048793386219863,0.1776124925974164,0.9,9.115616425392002,14.995413093386041,1.0,evaluated
gauss_null_large,gaussian_null,blobs,N360,9,80,9,77,8.555555555555555,3.705579297294141,15.405531813816971,8,1,17.05484019443336,1.107059490094146,15.173275824344323,0.95,80,0.9849238577233445,1.1240051516805762,True,1.076474434400854,1.083105687156807,1.1237596776106198,0.21316521093271867,0.8888888888888888,9.955951588601843,19.186695218737533,1.0,evaluated
gauss_null_large,gaussian_null,blobs,N361,8,80,8,75,9.375,4.251275643042055,16.498724356957943,7,1,16.701792649934283,1.012308120833033,16.71438715907177,0.95,80,1.013071483433983,0.9992464869326274,False,1.1038958101853136,1.0714327064669653,1.064326873804568,0.23117474217519052,0.875,11.405561697342264,19.087763028496322,1.0,evaluated
gauss_null_large,gaussian_null,blobs,N362,7,80,7,71,10.142857142857142,4.773286625826298,17.51242765988799,6,0,17.33143443583295,0.9896648695674785,18.62638099885498,0.95,80,1.0636093042381831,0.9304778226590751,False,1.1725382713312762,1.1026401588878172,1.0655432134769698,0.31074959048224876,0.8571428571428571,13.417687977482432,20.22000684180511,1.0,evaluated
gauss_null_large,gaussian_null,blobs,N363,10,80,10,78,7.8,3.214303982492423,14.385696017507575,9,0,14.127571544463402,0.9820568658805224,14.337366215082342,0.95,80,0.9966404265482591,0.9853672796333929,False,1.1501014347182004,1.0019689651729262,1.0171519828921498,0.19564229894062252,0.9,9.539913245615324,15.697301716070447,1.0,evaluated
gauss_null_large,gaussian_null,blobs,N364,8,80,8,76,9.5,4.335585997031022,16.66441400296897,7,0,15.954356819113539,0.9573908099181329,16.343360060244713,0.95,80,0.9807341594689702,0.9761980865808968,False,1.0684015302343017,1.1072933163455208,1.0503979456541301,0.24589152837076855,0.875,11.191477968523952,18.233550650415474,1.0,evaluated
gauss_null_large,gaussian_null,blobs,N365,8,80,8,73,9.125,4.083477013202714,16.166522986797286,7,1,16.456587530749616,1.0179422961999445,16.038085040156254,0.95,80,0.9920553141361366,1.0260942930247292,True,1.0742542114756148,1.0989922974559263,1.080635251256328,0.22384732312065003,0.875,10.792334396176056,18.80752860657099,1.0,evaluated
gauss_null_large,gaussian_null,blobs,N366,8,80,8,75,9.375,4.251275643042055,16.498724356957943,7,1,16.652793494896464,1.009338245467053,16.71438715907177,0.95,80,1.013071483433983,0.996314931346922,False,1.171412280627279,1.1037449879723118,1.0777765725758317,0.22451281475490587,0.875,12.103148609175323,19.031763994167388,1.0,evaluated
gauss_null_large,gaussian_null,blobs,N367,12,80,12,80,6.666666666666667,2.502688871723444,12.83064446160989,11,1,13.774689869826506,1.0735773959789208,13.104887795428832,0.95,80,1.021374088779367,1.0511108591583143,True,1.0225401025379537,1.206831018212175,1.1656410821243883,0.17974118452816257,0.9166666666666666,7.063106481600085,15.026934403447099,1.0,evaluated
gauss_null_large,gaussian_null,blobs,N368,9,80,9,76,8.444444444444445,3.632579186390213,15.256309702498676,8,1,15.705117352861933,1.0294178382003973,15.113542561485572,0.95,80,0.990642092105031,1.0391420336410004,True,1.118343574953124,1.068863111812684,1.0738704913983796,0.17207053666317157,0.8888888888888888,10.203371919929229,17.668257021969676,1.0,evaluated
gauss_null_large,gaussian_null,blobs,N369,8,80,8,78,9.75,4.505002001601602,16.9949979983984,7,1,17.918900743529978,1.054363215883794,16.551584351969353,0.95,80,0.9739091674814652,1.0826093963263363,True,1.2115440426121236,1.0795531200683726,1.0910720463004884,0.2610075839305543,0.875,13.037086535080418,20.478743706891404,1.0,evaluated
gauss_null_large,gaussian_null,blobs,N370,14,80,14,80,5.714285714285714,1.9333712769481393,11.495200151623289,13,1,11.880406821551684,1.033510218599717,11.668122660363148,0.95,80,1.0150430185172061,1.0181935147039267,True,1.0328387156307102,1.0291925590199997,1.0500894750687773,0.10612383522893742,0.9285714285714286,5.983156464977889,12.794284269363352,1.0,evaluated
gauss_null_large,gaussian_null,blobs,N371,17,80,17,79,4.647058823529412,1.3356512466332489,9.958466400425577,16,0,9.847448334775196,0.9888518913267974,10.040364602156494,0.95,80,1.0082239773111468,0.9807859300906401,False,1.103930880396771,1.0003752136493338,0.9883423647340316,0.11261760601851706,0.9411764705882353,5.057043126813481,10.462913855698647,1.0,evaluated
gauss_null_large,gaussian_null,blobs,N372,12,80,12,79,6.583333333333333,2.451731893886449,12.714934772780218,11,0,12.036096643656354,0.9466109625212469,12.576295874656466,0.95,80,0.9890963736266626,0.9570462371127326,False,1.0611763251144144,1.0838996393760518,1.0370731417270378,0.13287450140416224,0.9166666666666666,7.233488651765074,13.130287247625114,1.0,evaluated
gauss_null_large,gaussian_null,blobs,N373,11,80,11,79,7.181818181818182,2.822035282551391,13.541601081084972,10,1,13.89871082457993,1.0263713087807447,13.717192476915253,0.95,80,1.0129668120319648,1.0132329081165956,True,1.094126163273448,0.9963456529194928,1.040551212409798,0.1689448849700318,0.9090909090909091,8.240704074003748,15.288581907037923,1.0,evaluated
gauss_null_large,gaussian_null,blobs,N374,9,80,9,74,8.222222222222221,3.4873387108604708,14.957105733583973,8,1,16.36062799415324,1.0938364871900228,15.409257517154945,0.95,80,1.0302298981918496,1.0617401893594902,True,1.1095339200952037,1.115628150863984,1.1320443370444646,0.2050675030309157,0.8888888888888888,9.845570156837907,18.405706493422397,1.0,evaluated
gauss_null_large,gaussian_null,blobs,N375,15,80,15,79,5.266666666666667,1.6768228058510648,10.856510527482268,14,1,11.758917786753091,1.0831212991491568,11.279419019164916,0.95,80,1.038954366655114,1.0425109455348238,True,0.9894446974147862,1.0947892256792153,1.1222545909133632,0.11962657173550462,0.9333333333333333,5.227832527128527,12.598840485806884,1.0,evaluated
gauss_null_large,gaussian_null,blobs,N376,11,80,11,78,7.090909090909091,2.765156903317523,13.416661278500657,10,1,14.208849760329716,1.0590451279483735,13.7347956251249,0.95,80,1.0237118862897756,1.0345148299358482,True,1.0735799325360247,1.0454930592879796,1.0819350375420518,0.17127232716513477,0.9090909090909091,7.978574144213327,15.629734736362689,1.0,evaluated
gauss_null_large,gaussian_null,blobs,N377,19,80,19,80,4.2105263157894735,1.1066129074488569,9.31443972413009,18,0,9.043976438391315,0.9709630107930046,9.293917007413922,0.95,80,0.9977966772748552,0.9731070797357858,False,0.9879413470319276,1.085833730463213,1.104083924333903,0.09958552061975434,0.9473684210526315,4.040633341944909,9.5464195738575,1.0,evaluated
gauss_null_large,gaussian_null,blobs,N378,15,80,15,80,5.333333333333333,1.714531179816327,10.952135486850338,14,1,11.514829864524522,1.0513775946572046,10.880905175293435,0.95,80,0.993496217094609,1.0582602898397184,True,1.0217035882033323,1.0914203920877923,1.1072962442237761,0.1185590896541906,0.9333333333333333,5.471283027923435,12.33731771199056,1.0,evaluated
gauss_null_large,gaussian_null,blobs,N379,15,80,15,80,5.333333333333333,1.714531179816327,10.952135486850338,14,1,11.92607749715244,1.0889271331122103,10.880905175293435,0.95,80,0.993496217094609,1.0960556410538536,True,1.004056593356807,1.0864541819776081,1.1113802530459875,0.11135989650587375,0.9333333333333333,5.37678232878482,12.77794017552047,1.0,evaluated
gauss_null_large,gaussian_null,blobs,N380,20,80,20,80,4.0,1.0,9.0,19,0,8.898295648852876,0.9886995165392085,9.309798777411478,0.95,80,1.0344220863790532,0.9557989234356988,False,1.075421784579912,1.0099303219159714,0.9814011656505169,0.11052875233942122,0.95,4.147759264706301,9.366626998792501,1.0,evaluated
gauss_null_large,gaussian_null,blobs,N381,10,80,10,80,8.0,3.3431457505076203,14.656854249492381,9,1,15.467964730374007,1.0553400113745224,14.7386573423625,0.95,80,1.0055812175981043,1.0494826205040604,True,1.1333868281778143,1.1241126761484508,1.1147621638039695,0.2039646951651517,0.9,9.653174639961154,17.18662747819334,1.0,evaluated
gauss_null_large,gaussian_null,blobs,N382,17,80,17,80,4.705882352941177,1.367273196568053,10.0444915093143,16,1,10.150252057036376,1.0105292087333644,10.193758943446563,0.95,80,1.0148606262441306,0.9957320075301411,False,0.983806398937496,1.070960578048663,1.0580968136946167,0.11212005086040011,0.9411764705882353,4.568279061638937,10.784642810601149,1.0,evaluated
gauss_null_large,gaussian_null,blobs,N383,21,80,21,80,3.8095238095238093,0.9059235177296769,8.713124101317943,20,1,8.85415392759743,1.016185908135769,9.019073511102176,0.95,80,1.0351136293052403,0.9817143542181206,False,1.0531429639524705,1.0643756053073006,1.1291412431399668,0.09382170589468108,0.9523809523809523,3.8408918601144957,9.296861623977302,1.0,evaluated
gauss_null_large,gaussian_null,blobs,N384,21,80,21,80,3.8095238095238093,0.9059235177296769,8.713124101317943,20,1,9.665144410483919,1.109262796913678,9.019073511102176,0.95,80,1.0351136293052403,1.0716338433860697,True,1.0742320595799513,1.0179441644371336,1.0011809332131791,0.0850272804953679,0.9523809523809523,3.9178053832593203,10.148401631008115,1.0,evaluated
gauss_null_large,gaussian_null,blobs,N385,17,80,17,80,4.705882352941177,1.367273196568053,10.0444915093143,16,1,10.331162911845732,1.028540160770269,10.193758943446563,0.95,80,1.0148606262441306,1.0134792248042617,True,1.1095616773404362,1.0265352648330477,1.070713735648966,0.1208303120642037,0.9411764705882353,5.1522203796047155,10.97686059383609,1.0,evaluated
gauss_null_large,gaussian_null,blobs,N386,14,80,14,80,5.714285714285714,1.9333712769481393,11.495200151623289,13,1,12.669504896669405,1.1021560938093182,11.668122660363148,0.95,80,1.0150430185172061,1.0858220525661746,True,1.098605583802692,1.0532072740875689,1.0952448134704182,0.1180734807116004,0.9285714285714286,6.364138951913667,13.644082196413205,1.0,evaluated
gauss_null_large,gaussian_null,blobs,N387,28,80,28,80,2.857142857142857,0.4765258382287908,7.237759876056923,27,0,7.212615575121203,0.9965259553554824,7.357482903045899,0.95,80,1.0165414477737829,0.9803102052925298,False,1.0283283838160588,1.0226020618602751,1.0923276132267286,0.07577970324389804,0.9642857142857143,2.6873590370896543,7.479749485310877,1.0,evaluated
gauss_null_large,gaussian_null,blobs,N388,27,80,27,80,2.962962962962963,0.5203110996674811,7.405614826258443,26,1,7.789331302991262,1.0518142633306093,7.411051518543047,0.95,80,1.0007341311170177,1.051042660208437,True,1.0122905729107836,1.0374874968357024,1.069728217634964,0.0671148021136446,0.9629629629629629,2.760479772241742,8.088920968490926,1.0,evaluated
gauss_null_large,gaussian_null,blobs,N389,29,80,29,80,2.7586206896551726,0.4368014955055736,7.080439883804773,28,1,7.599260922096976,1.0732752550415565,7.3593189517939255,0.95,80,1.0393872517196336,1.0326038281361023,True,1.0259095220668462,1.127508168004417,1.0945902500479403,0.08883013925079708,0.9655172413793104,2.57277222772675,7.870663097886153,1.0,evaluated
gauss_null_large,gaussian_null,blobs,N390,29,80,29,80,2.7586206896551726,0.4368014955055736,7.080439883804773,28,0,6.979934366612961,0.985805187411915,7.3593189517939255,0.95,80,1.0393872517196336,0.948448411100801,False,0.9769887382129723,1.0910102122344805,1.066719779713752,0.07435518639339234,0.9655172413793104,2.4500888610646467,7.229217736849138,1.0,evaluated
gauss_null_large,gaussian_null,blobs,N391,37,80,37,80,2.1621621621621623,0.2213036737869311,6.103020650537392,36,0,6.0591973224044064,0.9928194035966228,6.193469445532031,0.95,80,1.0148203324507308,0.9783203704630385,False,1.0044595235857237,1.102190173968789,1.042158990242759,0.06520247163259651,0.972972972972973,1.8826180781838042,6.227508359137862,1.0,evaluated
gauss_null_large,gaussian_null,blobs,N392,41,80,41,80,1.951219512195122,0.15749832911680908,5.744940695273435,40,1,6.442214420283928,1.1213717881516454,5.835681282506733,0.95,80,1.0157948692678331,1.1039352748059361,True,0.987714464454257,0.9743229449292716,1.0574813139263262,0.051186035328716684,0.975609756097561,1.6320016999419777,6.6032697807910266,1.0,evaluated
gauss_null_large,gaussian_null,blobs,N393,52,80,52,80,1.5384615384615385,0.057766846677369366,5.019156230245708,51,1,5.123080048743123,1.0207054360793084,4.995474334234397,0.95,80,0.995281697774498,1.0255442638618386,True,0.9720652547498487,1.0008173503638553,1.007681860037246,0.04194363961890851,0.9807692307692307,1.186683683172884,5.223532598718479,1.0,evaluated
gauss_null_large,gaussian_null,blobs,N394,62,80,62,80,1.2903225806451613,0.018475243656902045,4.56216991763342,61,2,4.916529849200671,1.0776735496408412,4.540242958312301,0.95,80,0.9951937433903177,1.082878139858014,True,0.9844942055186687,0.9528685582875193,1.0359379213558122,0.037000303220929176,0.9838709677419355,0.9478608669225904,4.997128699187567,1.0,evaluated
gauss_null_large,gaussian_null,blobs,N395,57,80,57,80,1.4035087719298245,0.03411326089345516,4.772904282966194,56,1,4.863464869458988,1.0189738953735132,4.855299184733624,0.95,80,1.0172630534539495,1.0016818087649548,True,0.9664093569735646,1.022721450431325,1.0240230685839513,0.03428984310241645,0.9824561403508771,1.0440818376978125,4.950312456413613,1.0,evaluated
gauss_null_large,gaussian_null,blobs,N396,86,80,86,80,0.9302325581395349,0.0012612694578864338,3.859203846821183,80,0,3.8465377960128087,0.9967179627428058,3.964711761063032,0.95,80,1.0273392954686122,0.9701935544947312,False,1.0063035045374478,1.0366340751964649,0.9932683364478855,0.02559016857191626,0.9883720930232558,0.6913059469909697,3.8917911818482533,1.0,evaluated
gauss_null_large,gaussian_null,blobs,N397,138,80,138,80,0.5797101449275363,0.05693616967377421,3.1024841201812983,80,0,3.095025314601852,0.9975958601912165,3.1636863157165824,0.95,80,1.0197268360334775,0.978297152668507,False,0.9760559978757527,0.9793507572665558,0.9565141897519391,0.027714601307029296,0.9927536231884058,0.7893135771980547,3.11761674025588,1.0,evaluated
gauss_null_large,gaussian_null,blobs,N398,200,80,200,80,0.4,0.13508893593264826,2.6649110640673523,80,0,2.5676620552112337,0.963507596869784,2.7075445273225975,0.95,80,1.0159980810729854,0.9483360400171557,False,1.017156310387136,0.9929230468381612,0.9777574326068798,0.024470009645821342,0.995,0.8841542309303183,2.58056487960928,1.0,evaluated
binary_many_features,improved_binary_edge_cases,binary,N100,2,2000,2,317,158.5,134.32064337597166,184.67935662402834,1,1,316.99999999873205,1.7164885442181992,175.70718741347963,0.95,80,0.9514175846474583,1.8041379221030827,True,,,,,0.5,,633.9999999974641,1.0,insufficient_positive_spectrum
binary_many_features,improved_binary_edge_cases,binary,N101,2,2000,2,317,158.5,134.32064337597166,184.67935662402834,1,1,316.99999999873205,1.7164885442181992,175.70718741347963,0.95,80,0.9514175846474583,1.8041379221030827,True,,,,,0.5,,633.9999999974641,1.0,insufficient_positive_spectrum
binary_many_features,improved_binary_edge_cases,binary,N102,2,2000,2,318,159.0,134.780959574163,185.219040425837,1,1,317.9999999987281,1.7168861217918765,179.81666200496002,0.95,80,0.9708324888820482,1.768467929795941,True,,,,,0.5,,635.9999999974561,1.0,insufficient_positive_spectrum
binary_many_features,improved_binary_edge_cases,binary,N103,2,2000,2,318,159.0,134.780959574163,185.219040425837,1,1,317.9999999987281,1.7168861217918765,179.81666200496002,0.95,80,0.9708324888820482,1.768467929795941,True,,,,,0.5,,635.9999999974561,1.0,insufficient_positive_spectrum
binary_many_features,improved_binary_edge_cases,binary,N104,2,2000,2,318,159.0,134.780959574163,185.219040425837,1,1,317.9999999987281,1.7168861217918765,179.81666200496002,0.95,80,0.9708324888820482,1.768467929795941,True,,,,,0.5,,635.9999999974561,1.0,insufficient_positive_spectrum
binary_many_features,improved_binary_edge_cases,binary,N105,2,2000,2,319,159.5,135.24133811936983,185.7586618806302,1,1,318.9999999987241,1.7172819655845482,180.13276203558755,0.95,80,0.9697139299557515,1.7709160532146926,True,,,,,0.5,,637.9999999974482,1.0,insufficient_positive_spectrum
binary_many_features,improved_binary_edge_cases,binary,N106,2,2000,2,319,159.5,135.24133811936983,185.7586618806302,1,1,318.9999999987241,1.7172819655845482,180.13276203558755,0.95,80,0.9697139299557515,1.7709160532146926,True,,,,,0.5,,637.9999999974482,1.0,insufficient_positive_spectrum
binary_many_features,improved_binary_edge_cases,binary,N107,2,2000,2,321,160.5,136.16228108136013,186.83771891863987,1,1,320.9999999987161,1.7180685027443434,181.05534538634396,0.95,80,0.9690513587633025,1.7729385416031325,True,,,,,0.5,,641.9999999974322,1.0,insufficient_positive_spectrum
binary_many_features,improved_binary_edge_cases,binary,N108,2,2000,2,321,160.5,136.16228108136013,186.83771891863987,1,1,320.9999999987161,1.7180685027443434,181.05534538634396,0.95,80,0.9690513587633025,1.7729385416031325,True,,,,,0.5,,641.9999999974322,1.0,insufficient_positive_spectrum
binary_many_features,improved_binary_edge_cases,binary,N109,3,2000,3,481,160.33333333333334,136.00877344903657,186.6578932176301,2,2,244.5926763848355,1.3103794978530992,183.12130463931177,0.95,80,0.9810530992429294,1.3356866196786985,True,,,,,0.6666666666666666,,366.88901457725325,1.0,insufficient_positive_spectrum
binary_many_features,improved_binary_edge_cases,binary,N110,2,2000,2,324,162.0,137.54415587728428,188.45584412271572,1,1,323.9999999987041,1.7192356199244574,186.6754783915076,0.95,80,0.9905528759827219,1.735632354021297,True,,,,,0.5,,647.9999999974082,1.0,insufficient_positive_spectrum
binary_many_features,improved_binary_edge_cases,binary,N111,5,2000,5,737,147.4,124.1183196627581,172.6816803372419,4,4,190.75099892732933,1.1046394646774262,170.8945850283943,0.95,80,0.9896509270389455,1.1161910068457457,True,1.2587765343313655,1.1522743843992487,1.1349034852087019,1.0,0.8,231.4049878059518,238.43874865916166,1.0,evaluated
binary_many_features,improved_binary_edge_cases,binary,N112,2,2000,2,327,163.5,138.92657629491114,190.07342370508883,1,1,326.99999999869203,1.720387803957557,188.5704664041408,0.95,80,0.9920927540965434,1.734099757158534,True,,,,,0.5,,653.9999999973841,1.0,insufficient_positive_spectrum
binary_many_features,improved_binary_edge_cases,binary,N113,6,2000,6,845,140.83333333333334,118.09868917477614,165.56797749189053,5,4,176.9743734687232,1.0688925246875796,165.73472179852348,0.95,80,1.001007104810718,1.0678171209281255,True,1.2106556381962044,1.1096279406090739,1.095691997957562,0.9403117813633703,0.8333333333333334,204.11644517522845,212.36924816246784,1.0,evaluated
binary_many_features,improved_binary_edge_cases,binary,N114,3,2000,3,486,162.0,137.54415587728428,188.45584412271572,2,2,249.06217782537024,1.3215943447378042,186.5383187552777,0.95,80,0.9898250681672179,1.335179707243521,True,,,,,0.6666666666666666,,373.5932667380554,1.0,insufficient_positive_spectrum
binary_many_features,improved_binary_edge_cases,binary,N115,2,2000,2,330,165.0,140.30953484266976,191.69046515733027,1,1,329.99999999868004,1.7215253754422892,186.12257630931882,0.95,80,0.9709537516983873,1.7730251028239046,True,,,,,0.5,,659.9999999973601,1.0,insufficient_positive_spectrum
binary_many_features,improved_binary_edge_cases,binary,N116,2,2000,2,330,165.0,140.30953484266976,191.69046515733027,1,1,329.99999999868004,1.7215253754422892,186.12257630931882,0.95,80,0.9709537516983873,1.7730251028239046,True,,,,,0.5,,659.9999999973601,1.0,insufficient_positive_spectrum
binary_many_features,improved_binary_edge_cases,binary,N117,3,2000,3,489,163.0,138.46570933039257,189.5342906696074,2,2,250.49999999887268,1.3216605771645804,187.90744061917633,0.95,80,0.9914165925084925,1.3331031446836101,True,,,,,0.6666666666666666,,375.749999998309,1.0,insufficient_positive_spectrum
binary_many_features,improved_binary_edge_cases,binary,N118,2,2000,2,330,165.0,140.30953484266976,191.69046515733027,1,1,329.99999999868004,1.7215253754422892,186.12257630931882,0.95,80,0.9709537516983873,1.7730251028239046,True,,,,,0.5,,659.9999999973601,1.0,insufficient_positive_spectrum
binary_many_features,improved_binary_edge_cases,binary,N119,3,2000,3,490,163.33333333333334,138.7729473164256,189.8937193502411,2,2,251.99999999886592,1.3270581084047104,186.73968375513343,0.95,80,0.9833905217829224,1.3494721364597926,True,,,,,0.6666666666666666,,377.9999999982989,1.0,insufficient_positive_spectrum
binary_many_features,improved_binary_edge_cases,binary,N120,3,2000,3,492,164.0,139.3875030502686,190.6124969497314,2,2,251.40832691206455,1.3189498639135204,188.3983711709828,0.95,80,0.988384152066732,1.3344506396177727,True,,,,,0.6666666666666666,,377.11249036809687,1.0,insufficient_positive_spectrum
binary_many_features,improved_binary_edge_cases,binary,N121,2,2000,2,332,166.0,141.23180254654977,192.76819745345026,1,1,331.9999999986721,1.7222757922963075,184.21171360650774,0.95,80,0.9556125753107758,1.802274098094831,True,,,,,0.5,,663.9999999973442,1.0,insufficient_positive_spectrum
binary_many_features,improved_binary_edge_cases,binary,N122,4,2000,4,630,157.5,133.4001992039777,183.59980079602224,3,3,217.788613043803,1.1862137763742142,181.06401314114538,0.95,80,0.9861885054129547,1.2028266095816045,True,,,,,0.75,,290.38481739173733,1.0,insufficient_positive_spectrum
binary_many_features,improved_binary_edge_cases,binary,N123,9,2000,9,1143,127.0,105.4611446608307,150.53885533916926,8,1,155.92664079375828,1.035789998817582,150.7951004334431,0.95,80,1.0017021857492971,1.0340298878780885,True,1.12644962999411,1.05130229197149,1.0503461778492271,0.6582292515141633,0.8888888888888888,160.51897931701654,175.4174708929781,1.0,evaluated
binary_many_features,improved_binary_edge_cases,binary,N124,2,2000,2,334,167.0,142.15430403335984,193.8456959666402,1,1,333.99999999866407,1.7230199429145112,184.60046597201523,0.95,80,0.9523062405460061,1.8093128759994423,True,,,,,0.5,,667.9999999973281,1.0,insufficient_positive_spectrum
binary_many_features,improved_binary_edge_cases,binary,N125,5,2000,5,757,151.4,127.79105853556477,177.00894146443525,4,4,197.2629728819547,1.114423775714115,174.48838181872804,0.95,80,0.9857602693691401,1.1305221059754378,True,1.2567934361372222,1.164561677709774,1.1458912784209407,1.0,0.8,237.3243983792898,246.57871610244337,1.0,evaluated
binary_many_features,improved_binary_edge_cases,binary,N126,5,2000,5,748,149.6,126.13778423772693,175.062215762273,4,4,197.21921630502484,1.1265664349458486,174.63895985343197,0.95,80,0.997582254360268,1.1292967873293773,True,1.2466830566243337,1.1669759704838523,1.1533727997112972,1.0,0.8,232.61018437276755,246.52402038128105,1.0,evaluated
binary_many_features,improved_binary_edge_cases,binary,N127,10,2000,10,1215,121.5,100.45459231495138,144.5454076850486,9,1,149.04196658040752,1.0311082791724282,143.98987075237335,0.95,80,0.9961566614839421,1.0350864668579536,True,1.094439487312039,1.0578155588400535,1.0512668537369143,0.5799281678673197,0.9,147.3438893327881,165.60218508934167,1.0,evaluated
binary_many_features,improved_binary_edge_cases,binary,N128,5,2000,5,757,151.4,127.79105853556477,177.00894146443525,4,4,197.70876269463332,1.11694223500205,174.48838181872804,0.95,80,0.9857602693691401,1.133076945489863,True,1.2496742381558217,1.1614293156333595,1.145651630237818,1.0,0.8,235.9800570346438,247.13595336829164,1.0,evaluated
binary_many_features,improved_binary_edge_cases,binary,N129,3,2000,3,504,168.0,143.07703720636857,194.92296279363146,2,2,253.49999999885924,1.3005137843469186,193.76426663677015,0.95,80,0.9940556200241628,1.3082907617536597,True,,,,,0.6666666666666666,,380.2499999982889,1.0,insufficient_positive_spectrum
binary_many_features,improved_binary_edge_cases,binary,N130,7,2000,7,961,137.28571428571428,114.85191695914219,161.71951161228637,6,2,172.65987099455197,1.0676502128481224,160.76211197397978,0.95,80,0.9940798755279332,1.074008476714326,True,1.1630895564436785,1.1011423263043103,1.0909716636178888,0.8525723457507902,0.8571428571428571,185.83577309029062,201.43651616031065,1.0,evaluated
binary_many_features,improved_binary_edge_cases,binary,N131,4,2000,4,634,158.5,134.32064337597166,184.67935662402834,3,3,220.5316074623033,1.1941324222352758,181.35260002162332,0.95,80,0.9819863104181283,1.2160377487612999,True,,,,,0.75,,294.0421432830711,1.0,insufficient_positive_spectrum
binary_many_features,improved_binary_edge_cases,binary,N132,11,2000,11,1277,116.0909090909091,95.54181081827511,138.64000736354305,10,1,141.37591346672693,1.019733886020431,138.4767645087702,0.95,80,0.9988225415024338,1.0209359957841384,True,1.0941780539252919,1.0535516226818837,1.0434494401361072,0.5027852052433877,0.9090909090909091,139.3252417428328,155.51350481339963,1.0,evaluated
binary_many_features,improved_binary_edge_cases,binary,N133,6,2000,6,872,145.33333333333334,122.2224782399665,170.44418842670018,5,3,182.64445389520608,1.071579239991234,168.75084553863303,0.95,80,0.990065118067693,1.0823320814318071,True,1.2072347764372617,1.122836756004266,1.1034584951420856,0.9344747881907182,0.8333333333333334,210.05875907274415,219.1733446742473,1.0,evaluated
binary_many_features,improved_binary_edge_cases,binary,N134,5,2000,5,765,153.0,129.26136624629402,178.73863375370595,4,4,197.52706227152638,1.1051167737116647,176.60505572096804,0.95,80,0.9880631400837611,1.1184677667643594,True,1.2661471298726403,1.1583945157968267,1.1380352053658334,1.0,0.8,241.62298217089761,246.90882783940796,1.0,evaluated
binary_many_features,improved_binary_edge_cases,binary,N135,4,2000,4,637,159.25,135.01114107175206,185.48885892824794,3,3,223.43030535446408,1.204548384444442,187.7973136009902,0.95,80,1.0124452470411458,1.18974175439582,True,,,,,0.75,,297.9070738059521,1.0,insufficient_positive_spectrum
binary_many_features,improved_binary_edge_cases,binary,N136,8,2000,8,1074,134.25,112.07673954748707,158.42326045251292,7,2,166.1920972024915,1.0490384854331873,160.40383742201772,0.95,80,1.01250180664031,1.0360855442955834,True,1.142333715524423,1.075061990890215,1.0686500121574039,0.749850215078436,0.875,174.8313650520155,189.933825374276,1.0,evaluated
binary_many_features,improved_binary_edge_cases,binary,N137,2,2000,2,341,170.5,145.38487028559882,197.6151297144012,1,1,340.99999999863604,1.7255763791540586,191.934080587948,0.95,80,0.9712519525470361,1.7766516449504814,True,,,,,0.5,,681.9999999972721,1.0,insufficient_positive_spectrum
binary_many_features,improved_binary_edge_cases,binary,N138,2,2000,2,341,170.5,145.38487028559882,197.6151297144012,1,1,340.99999999863604,1.7255763791540586,191.934080587948,0.95,80,0.9712519525470361,1.7766516449504814,True,,,,,0.5,,681.9999999972721,1.0,insufficient_positive_spectrum
binary_many_features,improved_binary_edge_cases,binary,N139,2,2000,2,341,170.5,145.38487028559882,197.6151297144012,1,1,340.99999999863604,1.7255763791540586,191.934080587948,0.95,80,0.9712519525470361,1.7766516449504814,True,,,,,0.5,,681.9999999972721,1.0,insufficient_positive_spectrum
binary_many_features,improved_binary_edge_cases,binary,N140,9,2000,9,1181,131.22222222222223,109.31176851896944,155.132675925475,8,2,160.679084108881,1.035752675252443,156.16194455530692,0.95,80,1.0066347635898858,1.0289259945272664,True,1.1225026297715521,1.0696521761610696,1.059212309408774,0.6750701771577396,0.8888888888888888,165.28842276825642,180.76396962249115,1.0,evaluated
binary_many_features,improved_binary_edge_cases,binary,N141,6,2000,6,883,147.16666666666666,123.9042128198962,172.4291205134371,5,4,184.82832124223864,1.07190897159297,170.92801401746084,0.95,80,0.9912943562461696,1.0813225807640745,True,1.2253038286241473,1.1148851002500468,1.0996876918345495,0.9003124026921943,0.8333333333333334,215.8984424748492,221.79398549068637,1.0,evaluated
binary_many_features,improved_binary_edge_cases,binary,N142,10,2000,10,1215,121.5,100.45459231495138,144.5454076850486,9,1,146.7503037143194,1.015254002631997,143.98987075237335,0.95,80,0.9961566614839421,1.0191710218748185,True,1.1152014185548345,1.0480210433451054,1.0382719593620098,0.6222359446221284,0.9,150.1390586727456,163.0558930159104,1.0,evaluated
binary_many_features,improved_binary_edge_cases,binary,N143,12,2000,12,1349,112.41666666666667,92.21132142857478,134.62201190475858,11,1,137.78049081173512,1.0234618311098416,135.15307300495488,0.95,80,1.00394483110661,1.0194403112586565,True,1.0875115786626162,1.0462527669749329,1.0419165947023004,0.43761937940386425,0.9166666666666666,132.97290761385779,150.30598997643833,1.0,evaluated
binary_many_features,improved_binary_edge_cases,binary,N144,14,2000,14,1511,107.92857142857143,88.1508360920559,129.70630676508694,14,0,128.5778543302653,0.991299941668485,129.71960935728734,0.95,80,1.0001025593321726,0.9911982850343212,False,1.0706528196666931,1.026597915205602,1.0192752068647268,0.3483665309922753,0.9285714285714286,124.05836342332651,138.46845850951647,1.0769230769230769,evaluated
binary_many_features,improved_binary_edge_cases,binary,N145,2,2000,2,346,173.0,147.69410712406818,200.30589287593182,1,1,345.9999999986161,1.7273580673581395,197.9768397732648,0.95,80,0.9883725183057415,1.74767917497257,True,,,,,0.5,,691.9999999972322,1.0,insufficient_positive_spectrum
binary_many_features,improved_binary_edge_cases,binary,N146,11,2000,11,1330,120.9090909090909,99.91735692478753,143.90082489339426,10,2,146.55464452083942,1.0184420042721172,144.71242092997693,0.95,80,1.0056399679236303,1.0127302382133037,True,1.0955030199984321,1.0600853919018447,1.0458455808626423,0.5067674551640927,0.9090909090909091,145.30012408559196,161.21010897292336,1.0,evaluated
binary_many_features,improved_binary_edge_cases,binary,N147,15,2000,15,1555,103.66666666666667,84.30330086759831,125.030032465735,15,0,123.79643406090929,0.9901335832639747,124.80244965500151,0.95,80,0.9981797748409298,0.9919391358352885,False,1.0600072529387587,1.0176419017015577,1.0140739227644369,0.34443201239015747,0.9333333333333333,117.35784260047964,132.63903649383138,1.0714285714285714,evaluated
binary_many_features,improved_binary_edge_cases,binary,N148,14,2000,14,1477,105.5,85.95736141582587,127.04263858417416,14,1,130.06543591549683,1.023793565412449,126.23354859715305,0.95,80,0.9936313508910236,1.0303555382933298,True,1.0603541807679089,1.0476825540962484,1.0446344341318223,0.28066240843524126,0.9285714285714286,120.09180618929844,140.07046944745812,1.0769230769230769,evaluated
binary_many_features,improved_binary_edge_cases,binary,N149,12,2000,12,1401,116.75,96.13981721502569,139.3601827849743,11,1,141.03072454715533,1.0119872242472485,139.2165801025963,0.95,80,0.9989695573046171,1.013031094739018,True,1.087188897984062,1.0492024025936888,1.0372929202842354,0.45689065655082306,0.9166666666666666,138.07289491854144,153.85169950598763,1.0,evaluated
binary_many_features,improved_binary_edge_cases,binary,N150,2,2000,2,350,175.0,149.54248688935408,202.4575131106459,1,1,349.99999999860006,1.728757775500878,190.6954736524829,0.95,80,0.9419036652310607,1.8353870351240138,True,,,,,0.5,,699.9999999972001,1.0,insufficient_positive_spectrum
binary_many_features,improved_binary_edge_cases,binary,N151,12,2000,12,1366,113.83333333333333,93.49479230229436,136.1718743643723,11,1,141.88687233882146,1.0419690042538214,136.71862408530498,0.95,80,1.00401514426885,1.0378020791833875,True,1.0902898488503796,1.0308732363755237,1.043923669068258,0.4971536488585226,0.9166666666666666,134.9976087624819,154.78567891507797,1.0,evaluated
binary_many_features,improved_binary_edge_cases,binary,N152,15,2000,15,1532,102.13333333333334,82.92112580092034,123.34554086574636,15,2,125.51392843144075,1.0175797807563594,124.91949052179464,0.95,80,1.0127604909346615,1.0047585681558826,True,1.0523115636919587,1.055242263650027,1.044036858902128,0.2444951609581845,0.9333333333333333,114.77702142326915,134.47920903368652,1.0714285714285714,evaluated
binary_many_features,improved_binary_edge_cases,binary,N153,16,2000,16,1593,99.5625,80.60629795652488,120.5187020434751,15,0,118.44240379608475,0.9827719830019297,120.40572869164772,0.95,80,0.9990626072973585,0.9836940906641499,False,1.0741237194990232,1.0159242184065285,1.008289259007819,0.3623024548205563,0.9375,113.68991965646113,126.33856404915706,1.0,evaluated
binary_many_features,improved_binary_edge_cases,binary,N154,14,2000,14,1522,108.71428571428571,88.8610571187626,130.56751430980884,14,1,130.9740573454348,1.0031136614476808,130.56578506330766,0.95,80,0.9999867559207944,1.0031269469404192,True,1.0737390755761753,1.0309743438448051,1.0236094875924517,0.34333689780246557,0.9285714285714286,125.3245223631419,141.04898483354518,1.0769230769230769,evaluated
binary_many_features,improved_binary_edge_cases,binary,N155,16,2000,16,1583,98.9375,80.04403373592226,119.83096626407777,15,1,122.40883683159092,1.0215125576291537,121.3138450576621,0.95,80,1.0123747545381252,1.009026107229627,True,1.064542130505757,1.0450497924121749,1.0358113024702589,0.28245264408437154,0.9375,111.96606718338808,130.569425953697,1.0,evaluated
binary_many_features,improved_binary_edge_cases,binary,N156,17,2000,17,1627,95.70588235294117,77.14000569454006,116.27175901134225,16,0,114.03325788408857,0.9807476798640733,116.4389129509522,0.95,80,1.001437614267052,0.9793397670426812,False,1.0735761250990237,1.0146830284828083,1.0018408780516002,0.3490528128838325,0.9411764705882353,108.78893455350158,121.16033650184411,1.0,evaluated
binary_many_features,improved_binary_edge_cases,binary,N157,15,2000,15,1567,104.46666666666667,85.02487939973066,125.90845393360266,15,0,125.52557661648247,0.9969590817363058,127.5215627200919,0.95,80,1.0128117591479593,0.9843478541116173,False,1.0631668761731412,1.0216068896116484,1.0151354792708431,0.3300424763882171,0.9333333333333333,118.6189444516121,134.4916892319455,1.0714285714285714,evaluated
binary_many_features,improved_binary_edge_cases,binary,N158,17,2000,17,1625,95.58823529411765,77.03438807224157,116.14208251599372,16,1,117.94792228673371,1.0155485396130324,116.80561769851055,0.95,80,1.0057131331567561,1.0097795346724812,True,1.0618388691603216,1.0388068363291096,1.026358624165063,0.25837527981820374,0.9411764705882353,107.4668305094251,125.31966742965457,1.0,evaluated
binary_many_features,improved_binary_edge_cases,binary,N159,13,2000,13,1431,110.07692307692308,90.09341306768744,132.06043308615872,12,1,136.84621829595562,1.036239357224238,133.04427930987964,0.95,80,1.0074499696898542,1.0285764935237893,True,1.0814645878309634,1.0498637168633038,1.0507724564859837,0.435759651533941,0.9230769230769231,128.57402322287683,148.2500698206186,1.0,evaluated
binary_many_features,improved_binary_edge_cases,binary,N160,18,2000,18,1665,92.5,74.26461593832865,112.73538406167133,17,0,109.9950949900352,0.9756927330807064,113.3594084942841,0.95,80,1.0055353023170737,0.9703217090761501,False,1.072068494676335,1.0137508737974306,1.0049154313786304,0.32680730609452224,0.9444444444444444,104.62115618876912,116.46539469533138,1.0,evaluated
binary_many_features,improved_binary_edge_cases,binary,N161,15,2000,15,1538,102.53333333333333,83.28158443766179,123.78508222900486,15,2,126.01427119166307,1.0180085428915753,124.4266876073156,0.95,80,1.0051832205202542,1.012759188682719,True,1.0662602097507423,1.0495249337325787,1.0446520619289454,0.25683908735330413,0.9333333333333333,116.75538788192888,135.01529056249615,1.0714285714285714,evaluated
binary_many_features,improved_binary_edge_cases,binary,N162,2,2000,2,355,177.5,151.85417481105156,205.14582518894846,1,1,354.99999999858005,1.7304763558878626,208.68128642399472,0.95,80,1.0172338931674088,1.7011587674291873,True,,,,,0.5,,709.9999999971601,1.0,insufficient_positive_spectrum
binary_many_features,improved_binary_edge_cases,binary,N163,18,2000,18,1668,92.66666666666667,74.41396122907514,112.91937210425822,17,1,113.84911485487022,1.0082336868624595,113.97662013191797,0.95,80,1.0093628578334954,0.9988813032278009,False,1.0575124180470847,1.0385345459487643,1.0395161766225602,0.23042627170870023,0.9444444444444444,103.38727598164088,120.54612161103907,1.0,evaluated
binary_many_features,improved_binary_edge_cases,binary,N164,16,2000,16,1584,99.0,80.1002512578676,119.8997487421324,15,1,120.02124915039569,1.0010133499822806,119.97727339346791,0.95,80,1.000646578930722,1.0003665340583592,True,1.0631756236287815,1.0406116209297098,1.03313436616119,0.2980484319026714,0.9375,111.89321961733323,128.02266576042206,1.0,evaluated
binary_many_features,improved_binary_edge_cases,binary,N165,16,2000,16,1608,100.5,81.45006234423658,121.54993765576343,15,0,120.13156727189447,0.988330965764163,121.15525841984547,0.95,80,0.9967529457971774,0.9915505842560828,False,1.0853366308374999,1.0124847594544368,1.0046381570800424,0.3378587831241581,0.9375,115.962080598338,128.1403384233541,1.0,evaluated
binary_many_features,improved_binary_edge_cases,binary,N166,17,2000,17,1627,95.70588235294117,77.14000569454006,116.27175901134225,16,0,115.83969942059153,0.9962840538887128,116.4389129509522,0.95,80,1.001437614267052,0.9948538378178343,False,1.0655781161099933,1.0401521631281745,1.0312801062661388,0.27988549705699717,0.9411764705882353,107.97847048288368,123.0796806343785,1.0,evaluated
binary_many_features,improved_binary_edge_cases,binary,N167,19,2000,19,1701,89.52631578947368,71.60264640011118,109.44998517883616,19,1,110.51309876038852,1.009713236414014,110.83534795374466,0.95,80,1.0126574962312227,0.9970925413299498,False,1.0507606895952417,1.0376770720190227,1.036097389420402,0.18950811217926167,0.9473684210526315,98.92705544693727,116.65271535818789,1.0555555555555556,evaluated
binary_many_features,improved_binary_edge_cases,binary,N168,18,2000,18,1662,92.33333333333333,74.11528625946724,112.55138040719943,17,0,111.64034000393612,0.9919055599321194,113.70196292951528,0.95,80,1.0102227313263787,0.9818681852761225,False,1.0706537919435923,1.0312011593548878,1.0283068058483404,0.25735388695382755,0.9444444444444444,104.29415887339427,118.20741882769707,1.0,evaluated
binary_many_features,improved_binary_edge_cases,binary,N169,21,2000,21,1762,83.9047619047619,66.58485340010371,103.2246704094201,20,1,103.72342870336833,1.0048317741482728,103.82507309354556,0.95,80,1.0058164650150403,0.9990210034325172,False,1.045814397787754,1.031325115249269,1.0388154947293358,0.2085166371531454,0.9523809523809523,91.7700888044855,108.90960013853675,1.0,evaluated
binary_many_features,improved_binary_edge_cases,binary,N170,19,2000,19,1697,89.3157894736842,71.41438323248784,109.21719571488056,19,0,108.41901359497172,0.9926917907506748,108.83790065303963,0.95,80,0.9965271488673715,0.9961512758372355,False,1.0462751880968955,1.0041481708330242,0.9984155272960693,0.2623321947779625,0.9473684210526315,98.2722484180749,114.44229212802571,1.0555555555555556,evaluated
binary_many_features,improved_binary_edge_cases,binary,N171,17,2000,17,1654,97.29411764705883,78.56656152400508,118.02167377011257,16,1,118.13521723792795,1.0009620560714683,117.64060321441654,0.95,80,0.9967711815675628,1.0042044499092706,True,1.0793480895641228,1.010850586322378,1.008063288306337,0.301881085637701,0.9411764705882353,111.19522818673406,125.51866831529844,1.0,evaluated
binary_many_features,improved_binary_edge_cases,binary,N172,20,2000,20,1726,86.3,68.72044134001025,105.87955865998974,19,0,104.04008013889774,0.9826266888115853,106.32190423299815,0.95,80,1.0041778184439634,0.9785385324824513,False,1.0528811401903089,1.0106875716298827,1.0036870189821245,0.2932169006012334,0.95,95.27638527118451,109.51587383041867,1.0,evaluated
binary_many_features,improved_binary_edge_cases,binary,N173,22,2000,22,1784,81.0909090909091,64.08081091339668,100.10100726842153,21,0,99.82073984221209,0.9972001537860863,100.70169168657787,0.95,80,1.0060007829546171,0.991251866481969,False,1.0495685891630806,1.0244676014607823,1.0316225971740802,0.181551472934394,0.9545454545454546,88.79670532142379,104.57410840612695,1.0,evaluated
binary_many_features,improved_binary_edge_cases,binary,N174,19,2000,19,1700,89.47368421052632,71.55557815198797,109.39179026906466,19,0,108.7632456235896,0.9942541881440182,108.43670618403573,0.95,80,0.9912691429340377,1.0030113367608167,True,1.053689880583176,1.0307191756036074,1.015853724092225,0.1938161013287647,0.9473684210526315,99.14429463246799,114.80564815823347,1.0555555555555556,evaluated
binary_many_features,improved_binary_edge_cases,binary,N175,23,2000,23,1812,78.78260869565217,62.03069514295007,97.53452224835429,22,0,97.43355225881204,0.9989647769096038,98.15626666862626,0.95,80,1.0063746087635392,0.9926371037291578,False,1.0436911584686261,1.027971516366735,1.0223765054336467,0.18111085538755764,0.9565217391304348,85.59835627718614,101.86235008875803,1.0,evaluated
binary_many_features,improved_binary_edge_cases,binary,N176,21,2000,21,1761,83.85714285714286,66.54243370224303,103.17185201204268,20,1,103.30031113398609,1.0012450985364536,102.697408015893,0.95,80,0.9954014201848941,1.005870675119666,True,1.0421564794866094,1.0105164336342949,1.019320302122698,0.2691131831851551,0.9523809523809523,91.3969990097738,108.4653266906854,1.0,evaluated
binary_many_features,improved_binary_edge_cases,binary,N177,21,2000,21,1768,84.19047619047619,66.83940252265214,103.54154985830021,20,1,107.62460544689844,1.0394339817608103,103.44355452020976,0.95,80,0.9990535650835383,1.040418670318138,True,1.052276826741759,1.0248961068705444,1.0191108557254778,0.21157118240825978,0.9523809523809523,92.65284965326518,113.00583571924336,1.0,evaluated
binary_many_features,improved_binary_edge_cases,binary,N178,22,2000,22,1784,81.0909090909091,64.08081091339668,100.10100726842153,21,0,98.87123983458737,0.987714734672584,100.70169168657787,0.95,80,1.0060007829546171,0.9818230277830131,False,1.0347179854594886,1.0204597941478195,1.0102017223294002,0.26589539146599184,0.9545454545454546,87.54029893261921,103.57939411242486,1.0,evaluated
binary_many_features,improved_binary_edge_cases,binary,N179,22,2000,22,1792,81.45454545454545,64.40411106037693,100.50497984871397,21,1,104.72567388642399,1.04199487472226,100.7223500064327,0.95,80,1.002162779974146,1.039746132608459,True,1.052018661300025,1.0304108420941722,1.0259314459943614,0.18818043472988732,0.9545454545454546,89.40475850363636,109.71261073815846,1.0,evaluated
binary_many_features,improved_binary_edge_cases,binary,N180,23,2000,23,1817,79.0,62.22361116536882,97.77638883463118,22,1,100.27483558872252,1.0255526593267519,97.99977601879125,0.95,80,1.0022846741102076,1.023214946629011,True,1.0349530492826726,1.0137844085414527,1.021063411977126,0.2289514037544121,0.9565217391304348,85.11691702029184,104.83278266093718,1.0,evaluated
binary_many_features,improved_binary_edge_cases,binary,N181,24,2000,24,1828,76.16666666666667,59.711963384551936,94.62136994878139,23,0,93.55268810077825,0.988705703071287,95.61958231557178,0.95,80,1.0105495446465287,0.978384195321287,False,1.0400326310419883,1.01940434461458,1.0180718074913708,0.18401404749602268,0.9583333333333334,82.29809808410366,97.62019627907296,1.0,evaluated
binary_many_features,improved_binary_edge_cases,binary,N182,23,2000,23,1822,79.21739130434783,62.41656084008603,98.01822176860965,22,1,100.15874299574816,1.0218379928600583,97.78486895950954,0.95,80,0.997619291547127,1.02427649657353,True,1.0409710676050443,1.0253930290299782,1.0168492796716921,0.1974767558022384,0.9565217391304348,85.84843738548486,104.71141313191852,1.0,evaluated
binary_many_features,improved_binary_edge_cases,binary,N183,24,2000,24,1835,76.45833333333333,59.97024214723377,94.94642451943291,23,1,96.88378811337108,1.0204048083300035,95.14485891867206,0.95,80,1.002089961788909,1.0182766490429653,True,1.037541689486993,1.0107527962745224,1.022750914976545,0.20985286401354145,0.9583333333333334,82.41676321312625,101.0961267269959,1.0,evaluated
binary_many_features,improved_binary_edge_cases,binary,N184,18,2000,18,1689,93.83333333333333,75.45981188437281,114.20685478229386,17,1,116.21602181376048,1.017592350610623,115.8009279962738,0.95,80,1.0139577717731447,1.0035845465547568,True,1.0663661741498511,1.016388188144367,1.0188492612276263,0.27582728573326465,0.9444444444444444,105.57013725949389,123.05225839104051,1.0,evaluated
binary_many_features,improved_binary_edge_cases,binary,N185,25,2000,25,1840,73.6,57.44191152837823,91.75808847162178,24,0,91.01197552049857,0.9918686955716829,93.2429600465449,0.95,80,1.0161824597662836,0.9760734266165224,False,1.0495130584265109,1.0166757131326378,1.0058284528747539,0.17793391225377142,0.96,80.09811137406162,94.804141167186,1.0,evaluated
binary_many_features,improved_binary_edge_cases,binary,N186,24,2000,24,1843,76.79166666666667,60.26549575951565,95.31783757381768,23,1,97.28059297786021,1.020591690432785,95.49363694266862,0.95,80,1.001844349109523,1.0187128283349856,True,1.0362224159135083,1.0185902881057556,1.016601728721603,0.18049717712398378,0.9583333333333334,82.67239296692588,101.51018397689761,1.0,evaluated
binary_many_features,improved_binary_edge_cases,binary,N187,19,2000,19,1725,90.78947368421052,72.73277158922981,110.84617577919123,19,1,116.34596012666844,1.0496163652811348,110.9446450934696,0.95,80,1.0008883420071661,1.048684774543632,True,1.0589576336614637,1.0221605883425202,1.0137637561872483,0.20727353557689365,0.9473684210526315,101.11072686856613,122.80962457815004,1.0555555555555556,evaluated
binary_many_features,improved_binary_edge_cases,binary,N188,20,2000,20,1763,88.15,70.3723537151218,107.9276462848782,20,2,111.6905452681682,1.0348650147836793,108.73946222369501,0.95,80,1.0075218534523953,1.0271390255581945,True,1.0517129744534572,1.021421313605554,1.0444233813200443,0.19390603614108287,0.95,97.21875196006188,117.56899501912442,1.0526315789473684,evaluated
binary_many_features,improved_binary_edge_cases,binary,N189,25,2000,25,1849,73.96,57.76,92.16,24,1,93.64611096845927,1.016125336029289,92.83993058185605,0.95,80,1.0073777189871533,1.0086835522339432,True,1.0388913411058316,1.0231344753472267,1.0252800395388981,0.18366670389069473,0.96,79.67705419892316,97.54803225881174,1.0,evaluated
binary_many_features,improved_binary_edge_cases,binary,N190,21,2000,21,1789,85.19047619047619,67.73073879359254,104.65021358735984,20,2,107.59269679436963,1.0281173167845803,105.684365343175,0.95,80,1.0098819841867965,1.018056894650386,True,1.0570276095286826,1.0444569799353276,1.0438559895111015,0.210677498444808,0.9523809523809523,94.18103605285042,112.97233163408812,1.0,evaluated
binary_many_features,improved_binary_edge_cases,binary,N191,22,2000,22,1817,82.5909090909091,65.41500096053947,101.7668172212787,21,1,103.79794445879124,1.0199586396919156,102.87234909945084,0.95,80,1.0108633826659656,1.0089975135927496,True,1.056699257623241,1.0349406801597356,1.0345966771472355,0.18488649863030493,0.9545454545454546,91.06051148534473,108.74070371873367,1.0,evaluated
binary_many_features,improved_binary_edge_cases,binary,N192,25,2000,25,1866,74.64,58.36111114683585,92.91888885316413,24,1,93.98577264702543,1.0114818828230636,92.6722651536487,0.95,80,0.9973458173837488,1.014173684987617,True,1.0377248557682548,1.0296831580734165,1.0359818663396276,0.17180545257788493,0.96,80.32264786121442,97.90184650731815,1.0,evaluated
binary_many_features,improved_binary_edge_cases,binary,N193,23,2000,23,1838,79.91304347826087,63.03422433624135,98.79186262028038,22,1,100.40209181450719,1.0162992087760905,99.07770314970087,0.95,80,1.0028933610708317,1.013367171651176,True,1.0556930622899445,1.0315115861529658,1.0221024582872227,0.17701961039198955,0.9565217391304348,87.83033193483644,104.96582326062115,1.0,evaluated
binary_many_features,improved_binary_edge_cases,binary,N194,24,2000,24,1853,77.20833333333333,60.63467880920736,95.7819878574593,23,1,97.03678512990926,1.0131005557570734,96.41913302270086,0.95,80,1.0066520353094963,1.0064059081205696,True,1.0561783837752425,1.0333028043320305,1.0256576024925625,0.17406388862506994,0.9583333333333334,84.72373832199789,101.2557757877314,1.0,evaluated
binary_many_features,improved_binary_edge_cases,binary,N195,25,2000,25,1864,74.56,58.29037348406169,92.82962651593833,24,1,95.27909509069303,1.0263867115132057,93.3948588190431,0.95,80,1.006088921439404,1.0201749464100667,True,1.040642525000453,1.0392061660871543,1.0231404750579765,0.15357251860697946,0.96,80.46176280530133,99.24905738613857,1.0,evaluated
binary_many_features,improved_binary_edge_cases,binary,N196,50,2000,50,1996,39.92,28.283544800854955,53.556455199145056,49,1,659.0543566151957,12.305787494048271,54.37974190898542,0.95,80,1.0153723151911203,12.119482981700159,True,0.6967345791835731,0.7155917677424983,0.7247091897898188,0.670776458243614,0.98,28.144111519212647,672.5044455257099,1.0,evaluated
binary_many_features,improved_binary_edge_cases,binary,N197,75,2000,75,2000,26.666666666666668,17.33871107678022,37.99462225655311,74,2,485.6271890353729,12.781471697658858,38.42200253086223,0.95,80,1.0112484411984228,12.639299282886048,True,0.5459219155014842,0.5664040143219148,0.5786838494441098,0.8330899145139731,0.9866666666666667,14.570008947003378,492.189718616932,1.0,evaluated
binary_many_features,improved_binary_edge_cases,binary,N198,100,2000,100,2000,20.0,12.055728090000843,29.944271909999163,99,3,391.7606622293058,13.082991745693,30.287546083868808,0.95,80,1.011463767591391,12.934711222377905,True,0.44606016935199577,0.4665324458886918,0.4668396810549472,0.9294959597201355,0.99,8.86090463088291,395.7178406356624,1.0,evaluated
cat_highcard_20cat_4c,categorical_high_cardinality,categorical,N200,2,760,2,56,28.0,18.41699475574164,39.583005244258366,1,0,28.999999999938,0.7326376514614069,36.16065348697099,0.95,80,0.9135398705538207,0.8019766570420792,False,,,,,0.5,,57.999999999876,1.0,insufficient_positive_spectrum
cat_highcard_20cat_4c,categorical_high_cardinality,categorical,N201,2,760,2,60,30.0,20.04554884989668,41.954451150103324,1,0,29.99999999994,0.7150611955953599,37.70962039997705,0.95,80,0.8988228749569562,0.7955529565595484,False,,,,,0.5,,59.99999999988,1.0,insufficient_positive_spectrum
cat_highcard_20cat_4c,categorical_high_cardinality,categorical,N202,2,760,2,56,28.0,18.41699475574164,39.583005244258366,1,0,29.999999999932005,0.757901018753082,36.16065348697099,0.95,80,0.9135398705538207,0.8296310245261821,False,,,,,0.5,,59.99999999986401,1.0,insufficient_positive_spectrum
cat_highcard_20cat_4c,categorical_high_cardinality,categorical,N203,2,760,2,57,28.5,18.82292174796869,40.177078252031315,1,0,29.999999999934005,0.746694416446702,37.96444635632652,0.95,80,0.9449280039273904,0.7902130250592923,False,,,,,0.5,,59.99999999986801,1.0,insufficient_positive_spectrum
cat_highcard_20cat_4c,categorical_high_cardinality,categorical,N204,2,760,2,60,30.0,20.04554884989668,41.954451150103324,1,0,29.99999999994,0.7150611955953599,37.70962039997705,0.95,80,0.8988228749569562,0.7955529565595484,False,,,,,0.5,,59.99999999988,1.0,insufficient_positive_spectrum
cat_highcard_20cat_4c,categorical_high_cardinality,categorical,N205,2,760,2,59,29.5,19.637219508799785,41.36278049120021,1,0,30.999999999932,0.7494660569670152,39.72715652716053,0.95,80,0.9604566244189591,0.7803226485323213,False,,,,,0.5,,61.999999999864,1.0,insufficient_positive_spectrum
cat_highcard_20cat_4c,categorical_high_cardinality,categorical,N206,2,760,2,59,29.5,19.637219508799785,41.36278049120021,1,0,30.999999999932005,0.7494660569670153,39.72715652716053,0.95,80,0.9604566244189591,0.7803226485323214,False,,,,,0.5,,61.99999999986401,1.0,insufficient_positive_spectrum
cat_highcard_20cat_4c,categorical_high_cardinality,categorical,N207,2,760,2,59,29.5,19.637219508799785,41.36278049120021,1,0,30.999999999932,0.7494660569670152,39.72715652716053,0.95,80,0.9604566244189591,0.7803226485323213,False,,,,,0.5,,61.999999999864,1.0,insufficient_positive_spectrum
cat_highcard_20cat_4c,categorical_high_cardinality,categorical,N208,2,760,2,60,30.0,20.04554884989668,41.954451150103324,1,0,30.999999999934,0.7388965687817765,37.70962039997705,0.95,80,0.8988228749569562,0.8220713884447606,False,,,,,0.5,,61.999999999868,1.0,insufficient_positive_spectrum
cat_highcard_20cat_4c,categorical_high_cardinality,categorical,N209,2,760,2,59,29.5,19.637219508799785,41.36278049120021,1,0,30.999999999932,0.7494660569670152,39.72715652716053,0.95,80,0.9604566244189591,0.7803226485323213,False,,,,,0.5,,61.999999999864,1.0,insufficient_positive_spectrum
cat_highcard_20cat_4c,categorical_high_cardinality,categorical,N210,2,760,2,58,29.0,19.22967038573099,40.770329614269,1,0,30.999999999930004,0.7603568647401975,39.25504090627009,0.95,80,0.9628335428647459,0.7897074944833,False,,,,,0.5,,61.99999999986001,1.0,insufficient_positive_spectrum
cat_highcard_20cat_4c,categorical_high_cardinality,categorical,N211,2,760,2,60,30.0,20.04554884989668,41.954451150103324,1,0,30.999999999934005,0.7388965687817766,37.70962039997705,0.95,80,0.8988228749569562,0.8220713884447607,False,,,,,0.5,,61.99999999986801,1.0,insufficient_positive_spectrum
cat_highcard_20cat_4c,categorical_high_cardinality,categorical,N212,2,760,2,59,29.5,19.637219508799785,41.36278049120021,1,0,30.999999999932,0.7494660569670152,39.72715652716053,0.95,80,0.9604566244189591,0.7803226485323213,False,,,,,0.5,,61.999999999864,1.0,insufficient_positive_spectrum
cat_highcard_20cat_4c,categorical_high_cardinality,categorical,N213,2,760,2,59,29.5,19.637219508799785,41.36278049120021,1,0,30.999999999932,0.7494660569670152,39.72715652716053,0.95,80,0.9604566244189591,0.7803226485323213,False,,,,,0.5,,61.999999999864,1.0,insufficient_positive_spectrum
cat_highcard_20cat_4c,categorical_high_cardinality,categorical,N214,2,760,2,58,29.0,19.22967038573099,40.770329614269,1,0,30.999999999930004,0.7603568647401975,39.25504090627009,0.95,80,0.9628335428647459,0.7897074944833,False,,,,,0.5,,61.99999999986001,1.0,insufficient_positive_spectrum
cat_highcard_20cat_4c,categorical_high_cardinality,categorical,N215,2,760,2,60,30.0,20.04554884989668,41.954451150103324,1,0,30.999999999934005,0.7388965687817766,37.70962039997705,0.95,80,0.8988228749569562,0.8220713884447607,False,,,,,0.5,,61.99999999986801,1.0,insufficient_positive_spectrum
cat_highcard_20cat_4c,categorical_high_cardinality,categorical,N216,2,760,2,58,29.0,19.22967038573099,40.770329614269,1,0,30.99999999993,0.7603568647401974,39.25504090627009,0.95,80,0.9628335428647459,0.7897074944832999,False,,,,,0.5,,61.99999999986,1.0,insufficient_positive_spectrum
cat_highcard_20cat_4c,categorical_high_cardinality,categorical,N217,2,760,2,59,29.5,19.637219508799785,41.36278049120021,1,0,30.999999999932005,0.7494660569670153,39.72715652716053,0.95,80,0.9604566244189591,0.7803226485323214,False,,,,,0.5,,61.99999999986401,1.0,insufficient_positive_spectrum
cat_highcard_20cat_4c,categorical_high_cardinality,categorical,N218,3,760,3,88,29.333333333333332,19.50128212715205,41.16538453951461,2,0,29.4999999999115,0.7166215093070363,39.76613233592176,0.95,80,0.9660090092866809,0.7418372938738977,False,,,,,0.6666666666666666,,44.24999999986725,1.0,insufficient_positive_spectrum
cat_highcard_20cat_4c,categorical_high_cardinality,categorical,N219,2,760,2,62,31.0,20.86447127433995,43.13552872566004,1,0,30.999999999938005,0.7186651216702725,41.37840759774925,0.95,80,0.959265107445744,0.7491830111322173,False,,,,,0.5,,61.99999999987601,1.0,insufficient_positive_spectrum
cat_highcard_20cat_4c,categorical_high_cardinality,categorical,N220,2,760,2,56,28.0,18.41699475574164,39.583005244258366,1,0,30.999999999926004,0.7831643860447571,36.16065348697099,0.95,80,0.9135398705538207,0.8572853920102849,False,,,,,0.5,,61.99999999985201,1.0,insufficient_positive_spectrum
cat_highcard_20cat_4c,categorical_high_cardinality,categorical,N221,2,760,2,59,29.5,19.637219508799785,41.36278049120021,1,0,30.999999999932,0.7494660569670152,39.72715652716053,0.95,80,0.9604566244189591,0.7803226485323213,False,,,,,0.5,,61.999999999864,1.0,insufficient_positive_spectrum
cat_highcard_20cat_4c,categorical_high_cardinality,categorical,N222,2,760,2,58,29.0,19.22967038573099,40.770329614269,1,0,30.99999999993,0.7603568647401974,39.25504090627009,0.95,80,0.9628335428647459,0.7897074944832999,False,,,,,0.5,,61.99999999986,1.0,insufficient_positive_spectrum
cat_highcard_20cat_4c,categorical_high_cardinality,categorical,N223,2,760,2,56,28.0,18.41699475574164,39.583005244258366,1,0,30.999999999926004,0.7831643860447571,36.16065348697099,0.95,80,0.9135398705538207,0.8572853920102849,False,,,,,0.5,,61.99999999985201,1.0,insufficient_positive_spectrum
cat_highcard_20cat_4c,categorical_high_cardinality,categorical,N224,2,760,2,57,28.5,18.82292174796869,40.177078252031315,1,0,30.999999999928004,0.7715842303281641,37.96444635632652,0.95,80,0.9449280039273904,0.8165534592278353,False,,,,,0.5,,61.99999999985601,1.0,insufficient_positive_spectrum
cat_highcard_20cat_4c,categorical_high_cardinality,categorical,N225,2,760,2,59,29.5,19.637219508799785,41.36278049120021,1,0,30.999999999932,0.7494660569670152,39.72715652716053,0.95,80,0.9604566244189591,0.7803226485323213,False,,,,,0.5,,61.999999999864,1.0,insufficient_positive_spectrum
cat_highcard_20cat_4c,categorical_high_cardinality,categorical,N226,2,760,2,61,30.5,20.454638982812742,42.54536101718726,1,0,31.99999999993,0.7521384055714747,38.81198850348676,0.95,80,0.9122495984417123,0.8244875161976102,False,,,,,0.5,,63.99999999986,1.0,insufficient_positive_spectrum
cat_highcard_20cat_4c,categorical_high_cardinality,categorical,N227,2,760,2,61,30.5,20.454638982812742,42.54536101718726,1,0,31.999999999930004,0.7521384055714748,38.81198850348676,0.95,80,0.9122495984417123,0.8244875161976103,False,,,,,0.5,,63.99999999986001,1.0,insufficient_positive_spectrum
cat_highcard_20cat_4c,categorical_high_cardinality,categorical,N228,2,760,2,62,31.0,20.86447127433995,43.13552872566004,1,0,31.999999999932,0.741847867530511,41.37840759774925,0.95,80,0.959265107445744,0.7733502050396115,False,,,,,0.5,,63.999999999864,1.0,insufficient_positive_spectrum
cat_highcard_20cat_4c,categorical_high_cardinality,categorical,N229,2,760,2,62,31.0,20.86447127433995,43.13552872566004,1,0,31.999999999932005,0.7418478675305111,41.37840759774925,0.95,80,0.959265107445744,0.7733502050396116,False,,,,,0.5,,63.99999999986401,1.0,insufficient_positive_spectrum
cat_highcard_20cat_4c,categorical_high_cardinality,categorical,N230,2,760,2,62,31.0,20.86447127433995,43.13552872566004,1,0,31.999999999932005,0.7418478675305111,41.37840759774925,0.95,80,0.959265107445744,0.7733502050396116,False,,,,,0.5,,63.99999999986401,1.0,insufficient_positive_spectrum
cat_highcard_20cat_4c,categorical_high_cardinality,categorical,N231,2,760,2,61,30.5,20.454638982812742,42.54536101718726,1,0,31.999999999930004,0.7521384055714748,38.81198850348676,0.95,80,0.9122495984417123,0.8244875161976103,False,,,,,0.5,,63.99999999986001,1.0,insufficient_positive_spectrum
cat_highcard_20cat_4c,categorical_high_cardinality,categorical,N232,2,760,2,61,30.5,20.454638982812742,42.54536101718726,1,0,31.999999999930004,0.7521384055714748,38.81198850348676,0.95,80,0.9122495984417123,0.8244875161976103,False,,,,,0.5,,63.99999999986001,1.0,insufficient_positive_spectrum
cat_highcard_20cat_4c,categorical_high_cardinality,categorical,N233,2,760,2,62,31.0,20.86447127433995,43.13552872566004,1,0,31.999999999932,0.741847867530511,41.37840759774925,0.95,80,0.959265107445744,0.7733502050396115,False,,,,,0.5,,63.999999999864,1.0,insufficient_positive_spectrum
cat_highcard_20cat_4c,categorical_high_cardinality,categorical,N234,2,760,2,64,32.0,21.686291501015244,44.31370849898477,1,0,31.999999999936005,0.722124170687929,41.20585876278119,0.95,80,0.9298670808317752,0.7765885959119898,False,,,,,0.5,,63.99999999987201,1.0,insufficient_positive_spectrum
cat_highcard_20cat_4c,categorical_high_cardinality,categorical,N235,2,760,2,62,31.0,20.86447127433995,43.13552872566004,1,0,31.999999999932,0.741847867530511,41.37840759774925,0.95,80,0.959265107445744,0.7733502050396115,False,,,,,0.5,,63.999999999864,1.0,insufficient_positive_spectrum
cat_highcard_20cat_4c,categorical_high_cardinality,categorical,N236,2,760,2,61,30.5,20.454638982812742,42.54536101718726,1,0,31.999999999930004,0.7521384055714748,38.81198850348676,0.95,80,0.9122495984417123,0.8244875161976103,False,,,,,0.5,,63.99999999986001,1.0,insufficient_positive_spectrum
cat_highcard_20cat_4c,categorical_high_cardinality,categorical,N237,2,760,2,62,31.0,20.86447127433995,43.13552872566004,1,0,31.999999999932,0.741847867530511,41.37840759774925,0.95,80,0.959265107445744,0.7733502050396115,False,,,,,0.5,,63.999999999864,1.0,insufficient_positive_spectrum
cat_highcard_20cat_4c,categorical_high_cardinality,categorical,N238,2,760,2,59,29.5,19.637219508799785,41.36278049120021,1,0,31.999999999926,0.7736423813852139,39.72715652716053,0.95,80,0.9604566244189591,0.8054943468719777,False,,,,,0.5,,63.999999999852,1.0,insufficient_positive_spectrum
cat_highcard_20cat_4c,categorical_high_cardinality,categorical,N239,2,760,2,63,31.5,21.275027839678177,43.724972160321826,1,0,31.999999999934005,0.7318472355477533,40.312351931489786,0.95,80,0.9219526037359306,0.7938013652569195,False,,,,,0.5,,63.99999999986801,1.0,insufficient_positive_spectrum
cat_highcard_20cat_4c,categorical_high_cardinality,categorical,N240,2,760,2,61,30.5,20.454638982812742,42.54536101718726,1,0,31.99999999993,0.7521384055714747,38.81198850348676,0.95,80,0.9122495984417123,0.8244875161976102,False,,,,,0.5,,63.99999999986,1.0,insufficient_positive_spectrum
cat_highcard_20cat_4c,categorical_high_cardinality,categorical,N241,2,760,2,61,30.5,20.454638982812742,42.54536101718726,1,0,31.999999999930004,0.7521384055714748,38.81198850348676,0.95,80,0.9122495984417123,0.8244875161976103,False,,,,,0.5,,63.99999999986001,1.0,insufficient_positive_spectrum
cat_highcard_20cat_4c,categorical_high_cardinality,categorical,N242,2,760,2,60,30.0,20.04554884989668,41.954451150103324,1,0,31.999999999928004,0.7627319419681932,37.70962039997705,0.95,80,0.8988228749569562,0.8485898203299729,False,,,,,0.5,,63.99999999985601,1.0,insufficient_positive_spectrum
cat_highcard_20cat_4c,categorical_high_cardinality,categorical,N243,2,760,2,63,31.5,21.275027839678177,43.724972160321826,1,0,31.999999999934005,0.7318472355477533,40.312351931489786,0.95,80,0.9219526037359306,0.7938013652569195,False,,,,,0.5,,63.99999999986801,1.0,insufficient_positive_spectrum
cat_highcard_20cat_4c,categorical_high_cardinality,categorical,N244,2,760,2,61,30.5,20.454638982812742,42.54536101718726,1,0,31.999999999930004,0.7521384055714748,38.81198850348676,0.95,80,0.9122495984417123,0.8244875161976103,False,,,,,0.5,,63.99999999986001,1.0,insufficient_positive_spectrum
cat_highcard_20cat_4c,categorical_high_cardinality,categorical,N245,2,760,2,61,30.5,20.454638982812742,42.54536101718726,1,0,31.999999999930004,0.7521384055714748,38.81198850348676,0.95,80,0.9122495984417123,0.8244875161976103,False,,,,,0.5,,63.99999999986001,1.0,insufficient_positive_spectrum
cat_highcard_20cat_4c,categorical_high_cardinality,categorical,N246,2,760,2,62,31.0,20.86447127433995,43.13552872566004,1,0,31.999999999932005,0.7418478675305111,41.37840759774925,0.95,80,0.959265107445744,0.7733502050396116,False,,,,,0.5,,63.99999999986401,1.0,insufficient_positive_spectrum
cat_highcard_20cat_4c,categorical_high_cardinality,categorical,N247,2,760,2,60,30.0,20.04554884989668,41.954451150103324,1,0,31.999999999928004,0.7627319419681932,37.70962039997705,0.95,80,0.8988228749569562,0.8485898203299729,False,,,,,0.5,,63.99999999985601,1.0,insufficient_positive_spectrum
cat_highcard_20cat_4c,categorical_high_cardinality,categorical,N248,2,760,2,62,31.0,20.86447127433995,43.13552872566004,1,0,31.999999999932,0.741847867530511,41.37840759774925,0.95,80,0.959265107445744,0.7733502050396115,False,,,,,0.5,,63.999999999864,1.0,insufficient_positive_spectrum
cat_highcard_20cat_4c,categorical_high_cardinality,categorical,N249,2,760,2,63,31.5,21.275027839678177,43.724972160321826,1,0,31.999999999934005,0.7318472355477533,40.312351931489786,0.95,80,0.9219526037359306,0.7938013652569195,False,,,,,0.5,,63.99999999986801,1.0,insufficient_positive_spectrum
cat_highcard_20cat_4c,categorical_high_cardinality,categorical,N250,2,760,2,62,31.0,20.86447127433995,43.13552872566004,1,0,31.999999999932008,0.7418478675305112,41.37840759774925,0.95,80,0.959265107445744,0.7733502050396116,False,,,,,0.5,,63.999999999864016,1.0,insufficient_positive_spectrum
cat_highcard_20cat_4c,categorical_high_cardinality,categorical,N251,3,760,3,93,31.0,20.86447127433995,43.13552872566004,2,0,30.999999999903068,0.7186651216694625,43.2860650350692,0.95,80,1.003489845003792,0.7161658139816522,False,,,,,0.6666666666666666,,46.4999999998546,1.0,insufficient_positive_spectrum
cat_highcard_20cat_4c,categorical_high_cardinality,categorical,N252,3,760,3,92,30.666666666666668,20.591168182775903,42.74216515055744,2,0,30.999999999895746,0.7252791216986687,42.22546067589198,0.95,80,0.9879111300785678,0.7341542165245044,False,,,,,0.6666666666666666,,46.499999999843624,1.0,insufficient_positive_spectrum
cat_highcard_20cat_4c,categorical_high_cardinality,categorical,N253,3,760,3,89,29.666666666666668,19.773243574421205,41.56008975891213,2,0,30.802775637629065,0.7411623944104627,41.91104793323248,0.95,80,1.0084445961583877,0.7349559878984714,False,,,,,0.6666666666666666,,46.2041634564436,1.0,insufficient_positive_spectrum
cat_highcard_20cat_4c,categorical_high_cardinality,categorical,N254,3,760,3,88,29.333333333333332,19.50128212715205,41.16538453951461,2,0,30.36602540368499,0.73765921886474,39.76613233592176,0.95,80,0.9660090092866809,0.763615258008247,False,,,,,0.6666666666666666,,45.54903810552749,1.0,insufficient_positive_spectrum
cat_highcard_20cat_4c,categorical_high_cardinality,categorical,N255,3,760,3,90,30.0,20.04554884989668,41.954451150103324,2,0,31.302775637618915,0.746113339097795,40.768781358598105,0.95,80,0.9717391180434427,0.7678123945448073,False,,,,,0.6666666666666666,,46.954163456428375,1.0,insufficient_positive_spectrum
cat_highcard_20cat_4c,categorical_high_cardinality,categorical,N256,2,760,2,63,31.5,21.275027839678177,43.724972160321826,1,0,32.99999999992801,0.7547174616585306,40.312351931489786,0.95,80,0.9219526037359306,0.8186076579211006,False,,,,,0.5,,65.99999999985602,1.0,insufficient_positive_spectrum
cat_highcard_20cat_4c,categorical_high_cardinality,categorical,N257,3,760,3,91,30.333333333333332,20.318192238761128,42.348474427905536,2,0,31.82287565542724,0.7514527048572391,41.58293511563918,0.95,80,0.9819228597344252,0.7652869035562326,False,,,,,0.6666666666666666,,47.73431348314086,1.0,insufficient_positive_spectrum
cat_highcard_20cat_4c,categorical_high_cardinality,categorical,N258,3,760,3,94,31.333333333333332,21.138096250835552,43.528570415831105,2,0,30.499999999901753,0.7006892187943087,43.78058989666196,0.95,80,1.0057897486277012,0.6966557570807702,False,,,,,0.6666666666666666,,45.74999999985263,1.0,insufficient_positive_spectrum
cat_highcard_20cat_4c,categorical_high_cardinality,categorical,N259,2,760,2,62,31.0,20.86447127433995,43.13552872566004,1,0,32.999999999926004,0.7650306133907497,41.37840759774925,0.95,80,0.959265107445744,0.7975173989470058,False,,,,,0.5,,65.99999999985201,1.0,insufficient_positive_spectrum
cat_highcard_20cat_4c,categorical_high_cardinality,categorical,N260,2,760,2,63,31.5,21.275027839678177,43.724972160321826,1,0,32.99999999992801,0.7547174616585306,40.312351931489786,0.95,80,0.9219526037359306,0.8186076579211006,False,,,,,0.5,,65.99999999985602,1.0,insufficient_positive_spectrum
cat_highcard_20cat_4c,categorical_high_cardinality,categorical,N261,2,760,2,63,31.5,21.275027839678177,43.724972160321826,1,0,32.999999999928,0.7547174616585305,40.312351931489786,0.95,80,0.9219526037359306,0.8186076579211004,False,,,,,0.5,,65.999999999856,1.0,insufficient_positive_spectrum
cat_highcard_20cat_4c,categorical_high_cardinality,categorical,N262,2,760,2,63,31.5,21.275027839678177,43.724972160321826,1,0,32.99999999992801,0.7547174616585306,40.312351931489786,0.95,80,0.9219526037359306,0.8186076579211006,False,,,,,0.5,,65.99999999985602,1.0,insufficient_positive_spectrum
cat_highcard_20cat_4c,categorical_high_cardinality,categorical,N263,2,760,2,63,31.5,21.275027839678177,43.724972160321826,1,0,32.99999999992801,0.7547174616585306,40.312351931489786,0.95,80,0.9219526037359306,0.8186076579211006,False,,,,,0.5,,65.99999999985602,1.0,insufficient_positive_spectrum
cat_highcard_20cat_4c,categorical_high_cardinality,categorical,N264,2,760,2,63,31.5,21.275027839678177,43.724972160321826,1,0,32.99999999992801,0.7547174616585306,40.312351931489786,0.95,80,0.9219526037359306,0.8186076579211006,False,,,,,0.5,,65.99999999985602,1.0,insufficient_positive_spectrum
cat_highcard_20cat_4c,categorical_high_cardinality,categorical,N265,2,760,2,63,31.5,21.275027839678177,43.724972160321826,1,0,32.99999999992801,0.7547174616585306,40.312351931489786,0.95,80,0.9219526037359306,0.8186076579211006,False,,,,,0.5,,65.99999999985602,1.0,insufficient_positive_spectrum
cat_highcard_20cat_4c,categorical_high_cardinality,categorical,N266,3,760,3,93,31.0,20.86447127433995,43.13552872566004,2,0,30.499999999905313,0.7070737487393257,43.2860650350692,0.95,80,1.003489845003792,0.7046147524658348,False,,,,,0.6666666666666666,,45.74999999985797,1.0,insufficient_positive_spectrum
cat_highcard_20cat_4c,categorical_high_cardinality,categorical,N267,2,760,2,65,32.5,22.09824574900862,44.901754250991374,1,0,32.999999999932,0.734937878272393,41.38012365715899,0.95,80,0.9215703116152832,0.7974843254056545,False,,,,,0.5,,65.999999999864,1.0,insufficient_positive_spectrum
cat_highcard_20cat_4c,categorical_high_cardinality,categorical,N268,2,760,2,60,30.0,20.04554884989668,41.954451150103324,1,0,32.999999999922004,0.7865673151546099,37.70962039997705,0.95,80,0.8988228749569562,0.8751082522151851,False,,,,,0.5,,65.99999999984401,1.0,insufficient_positive_spectrum
cat_highcard_20cat_4c,categorical_high_cardinality,categorical,N269,2,760,2,65,32.5,22.09824574900862,44.901754250991374,1,0,32.999999999932,0.734937878272393,41.38012365715899,0.95,80,0.9215703116152832,0.7974843254056545,False,,,,,0.5,,65.999999999864,1.0,insufficient_positive_spectrum
cat_highcard_20cat_4c,categorical_high_cardinality,categorical,N270,2,760,2,64,32.0,21.686291501015244,44.31370849898477,1,0,32.999999999930004,0.7446905510218365,41.20585876278119,0.95,80,0.9298670808317752,0.8008569895341424,False,,,,,0.5,,65.99999999986001,1.0,insufficient_positive_spectrum
cat_highcard_20cat_4c,categorical_high_cardinality,categorical,N271,2,760,2,63,31.5,21.275027839678177,43.724972160321826,1,0,32.99999999992801,0.7547174616585306,40.312351931489786,0.95,80,0.9219526037359306,0.8186076579211006,False,,,,,0.5,,65.99999999985602,1.0,insufficient_positive_spectrum
cat_highcard_20cat_4c,categorical_high_cardinality,categorical,N272,3,760,3,91,30.333333333333332,20.318192238761128,42.348474427905536,2,0,30.999999999905874,0.7320216470295897,41.58293511563918,0.95,80,0.9819228597344252,0.745498121133034,False,,,,,0.6666666666666666,,46.499999999858815,1.0,insufficient_positive_spectrum
cat_highcard_20cat_4c,categorical_high_cardinality,categorical,N273,3,760,3,91,30.333333333333332,20.318192238761128,42.348474427905536,2,0,30.99999999989688,0.7320216470293773,41.58293511563918,0.95,80,0.9819228597344252,0.7454981211328178,False,,,,,0.6666666666666666,,46.49999999984532,1.0,insufficient_positive_spectrum
cat_highcard_20cat_4c,categorical_high_cardinality,categorical,N274,3,760,3,93,31.0,20.86447127433995,43.13552872566004,2,0,30.999999999904748,0.7186651216695015,43.2860650350692,0.95,80,1.003489845003792,0.716165813981691,False,,,,,0.6666666666666666,,46.499999999857124,1.0,insufficient_positive_spectrum
cat_highcard_20cat_4c,categorical_high_cardinality,categorical,N275,2,760,2,63,31.5,21.275027839678177,43.724972160321826,1,0,32.99999999992801,0.7547174616585306,40.312351931489786,0.95,80,0.9219526037359306,0.8186076579211006,False,,,,,0.5,,65.99999999985602,1.0,insufficient_positive_spectrum
cat_highcard_20cat_4c,categorical_high_cardinality,categorical,N276,2,760,2,64,32.0,21.686291501015244,44.31370849898477,1,0,32.99999999993,0.7446905510218363,41.20585876278119,0.95,80,0.9298670808317752,0.8008569895341422,False,,,,,0.5,,65.99999999986,1.0,insufficient_positive_spectrum
cat_highcard_20cat_4c,categorical_high_cardinality,categorical,N277,2,760,2,60,30.0,20.04554884989668,41.954451150103324,1,0,32.999999999922004,0.7865673151546099,37.70962039997705,0.95,80,0.8988228749569562,0.8751082522151851,False,,,,,0.5,,65.99999999984401,1.0,insufficient_positive_spectrum
cat_highcard_20cat_4c,categorical_high_cardinality,categorical,N278,2,760,2,63,31.5,21.275027839678177,43.724972160321826,1,0,32.99999999992801,0.7547174616585306,40.312351931489786,0.95,80,0.9219526037359306,0.8186076579211006,False,,,,,0.5,,65.99999999985602,1.0,insufficient_positive_spectrum
cat_highcard_20cat_4c,categorical_high_cardinality,categorical,N279,3,760,3,90,30.0,20.04554884989668,41.954451150103324,2,0,31.322875655429904,0.7465924305233763,40.768781358598105,0.95,80,0.9717391180434427,0.7683054192843548,False,,,,,0.6666666666666666,,46.98431348314486,1.0,insufficient_positive_spectrum
cat_highcard_20cat_4c,categorical_high_cardinality,categorical,N280,4,760,4,119,29.75,19.841287885364284,41.65871211463571,3,0,29.92785870586666,0.7184057592445898,41.1338734765853,0.95,80,0.9874014675104172,0.7275720999847618,False,,,,,0.75,,39.90381160782221,1.0,insufficient_positive_spectrum
cat_highcard_20cat_4c,categorical_high_cardinality,categorical,N281,3,760,3,97,32.333333333333336,21.960851927178677,44.705814739487984,2,0,31.99999999990231,0.7157905562480933,42.46300245494422,0.95,80,0.9498317546025457,0.7535972057994774,False,,,,,0.6666666666666666,,47.99999999985347,1.0,insufficient_positive_spectrum
cat_highcard_20cat_4c,categorical_high_cardinality,categorical,N282,3,760,3,92,30.666666666666668,20.591168182775903,42.74216515055744,2,0,32.32287565541527,0.7562292537488292,42.22546067589198,0.95,80,0.9879111300785678,0.7654830791193605,False,,,,,0.6666666666666666,,48.484313483122904,1.0,insufficient_positive_spectrum
cat_highcard_20cat_4c,categorical_high_cardinality,categorical,N283,3,760,3,95,31.666666666666668,21.41203798924391,43.92129534408942,2,0,32.36602540368196,0.7369096277812198,43.89235436630868,0.95,80,0.999341071852412,0.7373955184442279,False,,,,,0.6666666666666666,,48.54903810552294,1.0,insufficient_positive_spectrum
cat_highcard_20cat_4c,categorical_high_cardinality,categorical,N284,3,760,3,95,31.666666666666668,21.41203798924391,43.92129534408942,2,0,32.36602540367936,0.7369096277811606,43.89235436630868,0.95,80,0.999341071852412,0.7373955184441686,False,,,,,0.6666666666666666,,48.54903810551904,1.0,insufficient_positive_spectrum
cat_highcard_20cat_4c,categorical_high_cardinality,categorical,N285,5,760,5,143,28.6,18.904206434303248,40.29579356569675,4,0,29.02587353013604,0.7203201863443475,39.95848757128776,0.95,80,0.9916292504859333,0.7264007046901502,False,0.9821062894863132,0.7945340447331242,0.7660364391976215,0.45505125403188484,0.8,34.700666828741056,36.28234191267005,1.0,evaluated
cat_highcard_20cat_4c,categorical_high_cardinality,categorical,N286,3,760,3,95,31.666666666666668,21.41203798924391,43.92129534408942,2,0,32.86602540368193,0.7482936271847633,43.89235436630868,0.95,80,0.999341071852412,0.7487870240314463,False,,,,,0.6666666666666666,,49.2990381055229,1.0,insufficient_positive_spectrum
cat_highcard_20cat_4c,categorical_high_cardinality,categorical,N287,3,760,3,93,31.0,20.86447127433995,43.13552872566004,2,0,31.82287565542883,0.737741638866208,43.2860650350692,0.95,80,1.003489845003792,0.7351759886154308,False,,,,,0.6666666666666666,,47.73431348314325,1.0,insufficient_positive_spectrum
cat_highcard_20cat_4c,categorical_high_cardinality,categorical,N288,4,760,4,116,29.0,19.22967038573099,40.770329614269,3,0,29.721819486946913,0.7290061122425835,39.616176279723824,0.95,80,0.9716913415843162,0.7502445283231184,False,,,,,0.75,,39.62909264926255,1.0,insufficient_positive_spectrum
cat_highcard_20cat_4c,categorical_high_cardinality,categorical,N289,6,760,6,165,27.5,18.011911518298483,38.98808848170152,5,0,28.556024836130717,0.732429466233849,38.676595270845105,0.95,80,0.9920105544286274,0.7383283000005071,False,0.9862141890933201,0.8054099871302526,0.7778961858738208,0.41694003492456744,0.8333333333333334,32.150159039841505,34.26722980335686,1.0,evaluated
cat_highcard_20cat_4c,categorical_high_cardinality,categorical,N290,5,760,5,143,28.6,18.904206434303248,40.29579356569675,4,0,31.48979828414322,0.781466140697873,39.95848757128776,0.95,80,0.9916292504859333,0.7880628171415143,False,1.0048920942023287,0.84860078367666,0.8246403226070408,0.4050429317754953,0.8,35.505755469695366,39.36224785517902,1.0,evaluated
cat_highcard_20cat_4c,categorical_high_cardinality,categorical,N291,4,760,4,120,30.0,20.04554884989668,41.954451150103324,3,0,30.10598577564886,0.7175874061118475,41.75851920823477,0.95,80,0.9953298890463957,0.7209543428856061,False,,,,,0.75,,40.14131436753181,1.0,insufficient_positive_spectrum
cat_highcard_20cat_4c,categorical_high_cardinality,categorical,N292,3,760,3,96,32.0,21.686291501015244,44.31370849898477,2,0,32.29128784738939,0.7286974830402467,44.415219843421774,0.95,80,1.0022907436067856,0.7270320390448765,False,,,,,0.6666666666666666,,48.43693177108409,1.0,insufficient_positive_spectrum
cat_highcard_20cat_4c,categorical_high_cardinality,categorical,N293,3,760,3,95,31.666666666666668,21.41203798924391,43.92129534408942,2,0,31.179449471684872,0.7098936683769905,43.89235436630868,0.95,80,0.999341071852412,0.7103617457262191,False,,,,,0.6666666666666666,,46.769174207527314,1.0,insufficient_positive_spectrum
cat_highcard_20cat_4c,categorical_high_cardinality,categorical,N294,3,760,3,93,31.0,20.86447127433995,43.13552872566004,2,0,32.79128784736795,0.760192092600024,43.2860650350692,0.95,80,1.003489845003792,0.7575483662190438,False,,,,,0.6666666666666666,,49.186931771051924,1.0,insufficient_positive_spectrum
cat_highcard_20cat_4c,categorical_high_cardinality,categorical,N295,4,760,4,123,30.75,20.659463493590586,42.84053650640942,3,0,31.658987359399745,0.7389960523641717,41.224772040869304,0.95,80,0.9622842149677938,0.7679602770880999,False,,,,,0.75,,42.21198314586633,1.0,insufficient_positive_spectrum
cat_highcard_20cat_4c,categorical_high_cardinality,categorical,N296,3,760,3,95,31.666666666666668,21.41203798924391,43.92129534408942,2,0,32.822875655428014,0.7473111937679919,43.89235436630868,0.95,80,0.999341071852412,0.747803942834803,False,,,,,0.6666666666666666,,49.234313483142024,1.0,insufficient_positive_spectrum
cat_highcard_20cat_4c,categorical_high_cardinality,categorical,N297,2,760,2,63,31.5,21.275027839678177,43.724972160321826,1,0,33.999999999922004,0.7775876877693078,40.312351931489786,0.95,80,0.9219526037359306,0.8434139505852815,False,,,,,0.5,,67.99999999984401,1.0,insufficient_positive_spectrum
cat_highcard_20cat_4c,categorical_high_cardinality,categorical,N298,2,760,2,66,33.0,22.510874706923943,45.48912529307606,1,0,33.99999999992801,0.7474313867517514,43.74750396069765,0.95,80,0.9617134574218005,0.7771871974792731,False,,,,,0.5,,67.99999999985602,1.0,insufficient_positive_spectrum
cat_highcard_20cat_4c,categorical_high_cardinality,categorical,N299,2,760,2,66,33.0,22.510874706923943,45.48912529307606,1,0,33.999999999928015,0.7474313867517516,43.74750396069765,0.95,80,0.9617134574218005,0.7771871974792733,False,,,,,0.5,,67.99999999985603,1.0,insufficient_positive_spectrum
cat_highcard_20cat_4c,categorical_high_cardinality,categorical,N300,2,760,2,66,33.0,22.510874706923943,45.48912529307606,1,0,33.999999999928,0.7474313867517512,43.74750396069765,0.95,80,0.9617134574218005,0.777187197479273,False,,,,,0.5,,67.999999999856,1.0,insufficient_positive_spectrum
cat_highcard_20cat_4c,categorical_high_cardinality,categorical,N301,2,760,2,65,32.5,22.09824574900862,44.901754250991374,1,0,33.999999999926004,0.7572087230684384,41.38012365715899,0.95,80,0.9215703116152832,0.8216505170845186,False,,,,,0.5,,67.99999999985201,1.0,insufficient_positive_spectrum
cat_highcard_20cat_4c,categorical_high_cardinality,categorical,N302,3,760,3,98,32.666666666666664,22.2357145336785,45.097618799654825,2,0,31.999999999900254,0.7095718322082492,42.86391633453295,0.95,80,0.9504696140378266,0.7465486762841529,False,,,,,0.6666666666666666,,47.99999999985038,1.0,insufficient_positive_spectrum
cat_highcard_20cat_4c,categorical_high_cardinality,categorical,N303,2,760,2,66,33.0,22.510874706923943,45.48912529307606,1,0,33.99999999992801,0.7474313867517514,43.74750396069765,0.95,80,0.9617134574218005,0.7771871974792731,False,,,,,0.5,,67.99999999985602,1.0,insufficient_positive_spectrum
cat_highcard_20cat_4c,categorical_high_cardinality,categorical,N304,2,760,2,65,32.5,22.09824574900862,44.901754250991374,1,0,33.999999999926,0.7572087230684382,41.38012365715899,0.95,80,0.9215703116152832,0.8216505170845184,False,,,,,0.5,,67.999999999852,1.0,insufficient_positive_spectrum
cat_highcard_20cat_4c,categorical_high_cardinality,categorical,N305,4,760,4,120,30.0,20.04554884989668,41.954451150103324,3,0,30.694315878142568,0.7316104736616719,41.75851920823477,0.95,80,0.9953298890463957,0.735043206994027,False,,,,,0.75,,40.92575450419009,1.0,insufficient_positive_spectrum
cat_highcard_20cat_4c,categorical_high_cardinality,categorical,N306,2,760,2,66,33.0,22.510874706923943,45.48912529307606,1,0,33.999999999928,0.7474313867517512,43.74750396069765,0.95,80,0.9617134574218005,0.777187197479273,False,,,,,0.5,,67.999999999856,1.0,insufficient_positive_spectrum
cat_highcard_20cat_4c,categorical_high_cardinality,categorical,N307,3,760,3,95,31.666666666666668,21.41203798924391,43.92129534408942,2,0,31.499999999899316,0.7171919624209885,43.89235436630868,0.95,80,0.999341071852412,0.7176648519925009,False,,,,,0.6666666666666666,,47.249999999848974,1.0,insufficient_positive_spectrum
cat_highcard_20cat_4c,categorical_high_cardinality,categorical,N308,2,760,2,68,34.0,23.338096210309402,46.661903789690605,1,0,33.99999999993201,0.728645795361738,44.659271661000865,0.95,80,0.9570820741109111,0.7613200738699649,False,,,,,0.5,,67.99999999986402,1.0,insufficient_positive_spectrum
cat_highcard_20cat_4c,categorical_high_cardinality,categorical,N309,3,760,3,95,31.666666666666668,21.41203798924391,43.92129534408942,2,0,31.999999999895753,0.7285759618244515,43.89235436630868,0.95,80,0.999341071852412,0.7290563575796386,False,,,,,0.6666666666666666,,47.99999999984363,1.0,insufficient_positive_spectrum
cat_highcard_20cat_4c,categorical_high_cardinality,categorical,N310,2,760,2,67,33.5,22.924163097209775,46.07583690279023,1,0,33.999999999930004,0.73791388904476,45.59594861581954,0.95,80,0.9895848167015794,0.7456802859044737,False,,,,,0.5,,67.99999999986001,1.0,insufficient_positive_spectrum
cat_highcard_20cat_4c,categorical_high_cardinality,categorical,N311,4,760,4,118,29.5,19.637219508799785,41.36278049120021,3,0,32.30836760758568,0.7810975767081029,40.89740143707982,0.95,80,0.9887488450100834,0.789985829718099,False,,,,,0.75,,43.07782347678091,1.0,insufficient_positive_spectrum
cat_highcard_20cat_4c,categorical_high_cardinality,categorical,N312,4,760,4,126,31.5,21.275027839678177,43.724972160321826,3,0,31.24181624498017,0.714507401638337,43.63602832647333,0.95,80,0.9979658344087132,0.7159637905456723,False,,,,,0.75,,41.65575499330689,1.0,insufficient_positive_spectrum
cat_highcard_20cat_4c,categorical_high_cardinality,categorical,N313,4,760,4,122,30.5,20.454638982812742,42.54536101718726,3,0,32.15085917545893,0.7556842486886124,42.56143210541153,0.95,80,1.0003777400835256,0.7553989042434283,False,,,,,0.75,,42.867812233945244,1.0,insufficient_positive_spectrum
cat_highcard_20cat_4c,categorical_high_cardinality,categorical,N314,4,760,4,120,30.0,20.04554884989668,41.954451150103324,3,0,31.88194036127809,0.759917946422702,41.75851920823477,0.95,80,0.9953298890463957,0.7634834990746266,False,,,,,0.75,,42.509253815037454,1.0,insufficient_positive_spectrum
cat_highcard_20cat_4c,categorical_high_cardinality,categorical,N315,3,760,3,97,32.333333333333336,21.960851927178677,44.705814739487984,2,0,32.822875655423154,0.7341970132227832,42.46300245494422,0.95,80,0.9498317546025457,0.7729758556345653,False,,,,,0.6666666666666666,,49.234313483134734,1.0,insufficient_positive_spectrum
cat_highcard_20cat_4c,categorical_high_cardinality,categorical,N316,3,760,3,98,32.666666666666664,22.2357145336785,45.097618799654825,2,0,32.322875655431616,0.7167313156604848,42.86391633453295,0.95,80,0.9504696140378266,0.7540812510729675,False,,,,,0.6666666666666666,,48.484313483147425,1.0,insufficient_positive_spectrum
cat_highcard_20cat_4c,categorical_high_cardinality,categorical,N317,3,760,3,98,32.666666666666664,22.2357145336785,45.097618799654825,2,0,32.86602540367899,0.7287751832238767,42.86391633453295,0.95,80,0.9504696140378266,0.7667527424973241,False,,,,,0.6666666666666666,,49.299038105518484,1.0,insufficient_positive_spectrum
cat_highcard_20cat_4c,categorical_high_cardinality,categorical,N318,3,760,3,99,33.0,22.510874706923943,45.48912529307606,2,0,32.49999999990138,0.7144564726296954,41.86112819641334,0.95,80,0.9202447382030681,0.776376590889062,False,,,,,0.6666666666666666,,48.749999999852065,1.0,insufficient_positive_spectrum
cat_highcard_20cat_4c,categorical_high_cardinality,categorical,N319,5,760,5,148,29.6,19.718823593011642,41.481176406988354,4,0,31.002717330087805,0.7473924323145464,39.539270704000565,0.95,80,0.953185857509561,0.7840993720440819,False,0.9618033957904145,0.8175311936484198,0.7913783274755926,0.4003854898665834,0.8,35.185575175846445,38.75339666260975,1.0,evaluated
cat_highcard_20cat_4c,categorical_high_cardinality,categorical,N320,4,760,4,125,31.25,21.069660112501055,43.43033988749895,3,0,32.992341516206075,0.759661140153836,43.027342848037854,0.95,80,0.9907208407646587,0.7667761784111798,False,,,,,0.75,,43.989788688274764,1.0,insufficient_positive_spectrum
cat_highcard_20cat_4c,categorical_high_cardinality,categorical,N321,6,760,6,167,27.833333333333332,18.281872139103726,39.384794527562946,5,0,29.92999744736725,0.7599378848205269,38.67733591598317,0.95,80,0.982037265394779,0.7738381338462058,False,0.9619481745699745,0.8265781344399137,0.8026993922132414,0.35810841279364714,0.8333333333333334,31.74388170942743,35.9159969368407,1.0,evaluated
cat_highcard_20cat_4c,categorical_high_cardinality,categorical,N322,7,760,7,183,26.142857142857142,16.916839903900982,37.368874381813306,6,0,28.887604085063803,0.7730391820183599,37.29210047258665,0.95,80,0.997945511859891,0.7746306515048416,False,1.013648320855397,0.8573959793883832,0.8247803334087902,0.36175134489529837,0.8571428571428571,30.52163152523013,33.70220476590777,1.0,evaluated
cat_highcard_20cat_4c,categorical_high_cardinality,categorical,N323,7,760,7,188,26.857142857142858,17.492367344447395,38.22191836983831,6,0,29.87965080277813,0.7817412646236188,38.286278967116985,0.95,80,1.0016838662218865,0.7804271297412038,False,1.0019059145805402,0.8323185042516381,0.8172840174318267,0.30440310943181226,0.8571428571428571,31.002993362697556,34.859592603241154,1.0,evaluated
cat_highcard_20cat_4c,categorical_high_cardinality,categorical,N324,7,760,7,188,26.857142857142858,17.492367344447395,38.22191836983831,6,0,29.653599915226145,0.7758270955501385,38.286278967116985,0.95,80,1.0016838662218865,0.7745229025963791,False,1.009063494088848,0.8457379388519345,0.8205546906202433,0.31671581235490154,0.8571428571428571,31.224477622606283,34.595866567763835,1.0,evaluated
cat_highcard_20cat_4c,categorical_high_cardinality,categorical,N325,5,760,5,146,29.2,19.392595131114962,41.00740486888504,4,0,33.13155502147025,0.8079407884357318,40.27490069977492,0.95,80,0.9821372707818943,0.8226353000457034,False,0.9584556902267525,0.8631879286151154,0.8456747723848106,0.29845809266814743,0.8,34.58387290288212,41.41444377683781,1.0,evaluated
cat_highcard_20cat_4c,categorical_high_cardinality,categorical,N326,3,760,3,97,32.333333333333336,21.960851927178677,44.705814739487984,2,0,32.99999999989875,0.7381590111308348,42.46300245494422,0.95,80,0.9498317546025457,0.7771471184806991,False,,,,,0.6666666666666666,,49.49999999984812,1.0,insufficient_positive_spectrum
cat_highcard_20cat_4c,categorical_high_cardinality,categorical,N327,3,760,3,98,32.666666666666664,22.2357145336785,45.097618799654825,2,0,34.49999999989369,0.7650071315995458,42.86391633453295,0.95,80,0.9504696140378266,0.8048727916188809,False,,,,,0.6666666666666666,,51.74999999984053,1.0,insufficient_positive_spectrum
cat_highcard_20cat_4c,categorical_high_cardinality,categorical,N328,4,760,4,125,31.25,21.069660112501055,43.43033988749895,3,0,32.03470731978466,0.7376112506318554,43.027342848037854,0.95,80,0.9907208407646587,0.7445197681140451,False,,,,,0.75,,42.71294309304621,1.0,insufficient_positive_spectrum
cat_highcard_20cat_4c,categorical_high_cardinality,categorical,N329,5,760,5,147,29.4,19.555646630619233,41.24435336938077,4,0,32.46207094127827,0.787067035590323,41.93319735306074,0.95,80,1.0167015343290935,0.7741377474262366,False,0.9949961189371465,0.8511109793936266,0.8287037590965635,0.3101712498033161,0.8,36.15110994617755,40.577588676597834,1.0,evaluated
cat_highcard_20cat_4c,categorical_high_cardinality,categorical,N330,8,760,8,207,25.875,16.701505025312095,37.0484949746879,7,0,29.25376381457741,0.7896073466564305,37.49915645894713,0.95,80,1.0121640969374635,0.7801179166950993,False,0.981009780644578,0.8518343582727841,0.8310379168602147,0.2817346495868829,0.875,28.635715634656233,33.432872930945614,1.0,evaluated
cat_highcard_20cat_4c,categorical_high_cardinality,categorical,N331,6,760,6,171,28.5,18.82292174796869,40.177078252031315,5,0,31.959397732357356,0.7954634613267708,39.49325210748928,0.95,80,0.9829796945349689,0.8092369209143137,False,0.9631060140228681,0.8512159183045446,0.83338687757648,0.28670623634217374,0.8333333333333334,32.552584495772805,38.351277278828825,1.0,evaluated
cat_highcard_20cat_4c,categorical_high_cardinality,categorical,N332,6,760,6,173,28.833333333333332,19.093997537608658,40.572669129058006,5,0,31.078889963702764,0.7660055557312144,40.650446421728745,0.95,80,1.0019169873301492,0.7645399423483397,False,0.9960068901406681,0.8381983825673156,0.8113541105960663,0.35227790610044185,0.8333333333333334,34.063028119955035,37.29466795644331,1.0,evaluated
cat_highcard_20cat_4c,categorical_high_cardinality,categorical,N333,5,760,5,145,29.0,19.22967038573099,40.770329614269,4,0,31.663319022856953,0.7766265154691138,40.43259372387697,0.95,80,0.9917161353958289,0.7831137235244587,False,0.9783794615719263,0.8449782782728105,0.8202519764968987,0.3301178994280487,0.8,35.05818284742412,39.57914877857119,1.0,evaluated
cat_highcard_20cat_4c,categorical_high_cardinality,categorical,N334,7,760,7,188,26.857142857142858,17.492367344447395,38.22191836983831,6,0,29.547591347790963,0.773053593539867,38.286278967116985,0.95,80,1.0016838662218865,0.7717540629416759,False,0.9867101708271587,0.8542080457464654,0.8231323243825616,0.3225393554396755,0.8571428571428571,30.532776014070986,34.472189905756125,1.0,evaluated
cat_highcard_20cat_4c,categorical_high_cardinality,categorical,N335,4,760,4,123,30.75,20.659463493590586,42.84053650640942,3,0,32.49018044643262,0.7583980756536913,41.224772040869304,0.95,80,0.9622842149677938,0.788122743631489,False,,,,,0.75,,43.32024059524349,1.0,insufficient_positive_spectrum
cat_highcard_20cat_4c,categorical_high_cardinality,categorical,N336,5,760,5,151,30.2,20.20909466877273,42.19090533122727,4,0,32.680842888905865,0.77459449216221,42.7502692783837,0.95,80,1.0132579270998108,0.7644593458837147,False,1.0010360019261495,0.8422997542395871,0.8176936469124346,0.34290031141557586,0.8,37.37160384665995,40.85105361113233,1.0,evaluated
cat_highcard_20cat_4c,categorical_high_cardinality,categorical,N337,5,760,5,154,30.8,20.700450459590716,42.89954954040929,4,0,31.944665751950854,0.7446387221819318,42.44127312178333,0.95,80,0.989317453830272,0.7526792530536741,False,0.9894793874374341,0.8152915999772434,0.7886605798390504,0.41648112709357377,0.8,37.68227915716931,39.93083218993856,1.0,evaluated
cat_highcard_20cat_4c,categorical_high_cardinality,categorical,N338,5,760,5,146,29.2,19.392595131114962,41.00740486888504,4,0,31.666401262095597,0.7722117837825659,40.27490069977492,0.95,80,0.9821372707818943,0.7862564702058364,False,0.9885583686712021,0.8353736273185252,0.8132514585782458,0.34275535737474366,0.8,35.670065218264874,39.58300157761949,1.0,evaluated
cat_highcard_20cat_4c,categorical_high_cardinality,categorical,N339,11,760,11,267,24.272727272727273,15.419255341935107,35.12619920351944,10,0,28.58723720283837,0.8138437363292665,35.630419833038175,0.95,80,1.0143545456369276,0.8023267010828472,False,1.000992830574137,0.8693541866198033,0.8527591011749338,0.23655069797225584,0.9090909090909091,26.35903016591918,31.445960923122207,1.0,evaluated
cat_highcard_20cat_4c,categorical_high_cardinality,categorical,N340,6,760,6,177,29.5,19.637219508799785,41.36278049120021,5,0,32.29011499210669,0.7806562955547995,41.384758213186835,0.95,80,1.0005313405367249,0.7802417214997228,False,1.0091292562149745,0.8499371502009844,0.8247039514332469,0.32473308367326714,0.8333333333333334,35.319120629190394,38.74813799052802,1.0,evaluated
cat_highcard_20cat_4c,categorical_high_cardinality,categorical,N341,4,760,4,128,32.0,21.686291501015244,44.31370849898477,3,0,33.41185362838056,0.7539845966434073,45.40137648545773,0.95,80,1.0245447294599115,0.7359216000660802,False,,,,,0.75,,44.549138171174086,1.0,insufficient_positive_spectrum
cat_highcard_20cat_4c,categorical_high_cardinality,categorical,N342,4,760,4,127,31.75,21.480572330415352,44.01942766958464,3,0,33.07306576745164,0.7513288454293916,44.41351338296531,0.95,80,1.0089525405995448,0.7446622266126941,False,,,,,0.75,,44.09742102326885,1.0,insufficient_positive_spectrum
cat_highcard_20cat_4c,categorical_high_cardinality,categorical,N343,5,760,5,152,30.4,20.37276099832782,42.42723900167218,4,0,32.99205197131844,0.7776148707206266,43.363995560659305,0.95,80,1.0220791307902504,0.760816699309173,False,0.9932442534807056,0.846133067068928,0.8211155956234463,0.3375131612244445,0.8,37.32902884241435,41.24006496414805,1.0,evaluated
cat_highcard_20cat_4c,categorical_high_cardinality,categorical,N344,4,760,4,125,31.25,21.069660112501055,43.43033988749895,3,0,32.62308695878036,0.7511589143277839,43.027342848037854,0.95,80,0.9907208407646587,0.7581943201558413,False,,,,,0.75,,43.497449278373814,1.0,insufficient_positive_spectrum
cat_highcard_20cat_4c,categorical_high_cardinality,categorical,N345,3,760,3,102,34.0,23.338096210309402,46.661903789690605,2,0,34.499999999897625,0.7393611747045775,45.08172688334484,0.95,80,0.9661356100370924,0.7652768069238144,False,,,,,0.6666666666666666,,51.74999999984644,1.0,insufficient_positive_spectrum
cat_highcard_20cat_4c,categorical_high_cardinality,categorical,N346,14,760,14,313,22.357142857142858,13.900474763751221,32.813810950534496,13,0,26.712166227222905,0.8140525423118462,32.97623336989653,0.95,80,1.0049498188310673,0.8100429763336163,False,1.0135752179770283,0.8905787730604875,0.8649600622439098,0.22068947726373783,0.9285714285714286,24.03944229915109,28.766948244701588,1.0,evaluated
cat_highcard_20cat_4c,categorical_high_cardinality,categorical,N347,9,760,9,232,25.77777777777778,16.623413636625898,36.93214191892965,8,0,30.050866896340477,0.8136778788055571,37.6079321086584,0.95,80,1.018298158585337,0.7990566141609771,False,0.9908187801908528,0.8544059556408237,0.8451821027747267,0.291777951199402,0.8888888888888888,28.361761405085407,33.807225258383035,1.0,evaluated
cat_highcard_20cat_4c,categorical_high_cardinality,categorical,N348,13,760,13,297,22.846153846153847,14.286623764365546,33.40568392794214,12,0,26.91653086441649,0.8057470376142244,33.09479150930921,0.95,80,0.9906934275225874,0.8133162239999354,False,1.0135558857021838,0.8840707857115311,0.856964931571273,0.23156638436693855,0.9230769230769231,24.71902689484624,29.159575103117863,1.0,evaluated
cat_highcard_20cat_4c,categorical_high_cardinality,categorical,N349,7,760,7,201,28.714285714285715,18.99714323799369,40.43142819057775,6,0,32.128625577630174,0.7946448348593711,40.75740199169868,0.95,80,1.008062386507457,0.7882893415084214,False,0.9712799601689366,0.8375581296635554,0.8263556008120151,0.30983587107279,0.8571428571428571,32.15977067972733,37.483396507235206,1.0,evaluated
cat_highcard_20cat_4c,categorical_high_cardinality,categorical,N350,8,760,8,219,27.375,17.910775231771822,38.83922476822817,7,0,31.274455492321753,0.8052286233556685,39.03174739088372,0.95,80,1.0049569120857695,0.8012568635250553,False,0.9764632426856931,0.8639360451255788,0.8449110547079692,0.26005287803283794,0.875,30.176962794066988,35.742234848367715,1.0,evaluated
cat_highcard_20cat_4c,categorical_high_cardinality,categorical,N351,4,760,4,126,31.5,21.275027839678177,43.724972160321826,3,0,33.089497723394345,0.7567642948306179,43.63602832647333,0.95,80,0.9979658344087132,0.7583068164643078,False,,,,,0.75,,44.11933029785913,1.0,insufficient_positive_spectrum
cat_highcard_20cat_4c,categorical_high_cardinality,categorical,N352,11,760,11,259,23.545454545454547,14.840722803576352,34.25018628733274,10,0,27.21125817682698,0.794484968593906,34.87837650012717,0.95,80,1.0183412203228444,0.7801755960954136,False,1.0075998360485214,0.8672618158719083,0.8415282500141232,0.2567051777466992,0.9090909090909091,25.726917591390066,29.932383994509678,1.0,evaluated
cat_highcard_20cat_4c,categorical_high_cardinality,categorical,N353,6,760,6,173,28.833333333333332,19.093997537608658,40.572669129058006,5,0,32.30790294069596,0.7962972028763361,40.650446421728745,0.95,80,1.0019169873301492,0.7947736318936592,False,0.999370960268005,0.8517811502328906,0.8340457712165673,0.35814772489725205,0.8333333333333334,34.17807794187824,38.76948352883515,1.0,evaluated
cat_highcard_20cat_4c,categorical_high_cardinality,categorical,N354,7,760,7,195,27.857142857142858,18.301169598907904,39.413116115377804,6,0,32.290015147104626,0.8192707994105048,39.60965923735949,0.95,80,1.004986744042423,0.8152055778518025,False,0.9454107747795718,0.8769480501014285,0.8585694318399207,0.23521436926095482,0.8571428571428571,30.357800871562656,37.671684338288735,1.0,evaluated
cat_highcard_20cat_4c,categorical_high_cardinality,categorical,N355,16,760,16,341,21.3125,13.079407343690306,31.545592656309694,15,0,25.856034841162046,0.8196401672609047,31.56455709534721,0.95,80,1.0006011755507065,0.8191477156818198,False,1.0067437341406331,0.8818418845320424,0.8595513638111302,0.19838460839206618,0.9375,22.528188821578553,27.579770497239515,1.0,evaluated
cat_highcard_20cat_4c,categorical_high_cardinality,categorical,N356,7,760,7,193,27.571428571428573,18.069728028863366,39.07312911399377,6,0,31.394505248078435,0.8034807029784238,40.36422794806492,0.95,80,1.033043138938385,0.7777803972485865,False,0.9941894608294268,0.8660215264875555,0.8449407872388377,0.26470272568459385,0.8571428571428571,31.592717767760988,36.626922789424846,1.0,evaluated
cat_highcard_20cat_4c,categorical_high_cardinality,categorical,N357,7,760,7,196,28.0,18.41699475574164,39.583005244258366,6,0,29.80415951818015,0.7529534287319767,39.48718408800137,0.95,80,0.997579234935152,0.7547805751799983,False,0.987019356607773,0.834905467816963,0.8029359279893689,0.37488755983004873,0.8571428571428571,31.8583868855582,34.77151943787684,1.0,evaluated
cat_highcard_20cat_4c,categorical_high_cardinality,categorical,N358,10,760,10,245,24.5,15.600505063388335,35.39949493661167,9,0,27.635597164595502,0.7806777247551515,36.04034048001797,0.95,80,1.018103239737003,0.7667962287958309,False,0.9914425135233809,0.8585823093935825,0.8297591854471341,0.28987396581598135,0.9,26.6216238339953,30.70621907177278,1.0,evaluated
cat_highcard_20cat_4c,categorical_high_cardinality,categorical,N359,3,760,3,101,33.666666666666664,23.062069876313856,46.27126345701947,2,0,34.99999999988207,0.7564089973984162,43.99591970872113,0.95,80,0.9508259861887742,0.7955283178895375,False,,,,,0.6666666666666666,,52.49999999982311,1.0,insufficient_positive_spectrum
cat_highcard_20cat_4c,categorical_high_cardinality,categorical,N360,13,760,13,300,23.076923076923077,14.469233848617847,33.684612305228306,12,0,26.938149621187037,0.7997167780080364,34.236230887487075,0.95,80,1.0163759813311892,0.7868316377966887,False,0.9886740448233075,0.8824777348366633,0.85387394878934,0.24393884405625654,0.9230769230769231,24.359371347812786,29.182995422952622,1.0,evaluated
cat_highcard_20cat_4c,categorical_high_cardinality,categorical,N361,5,760,5,158,31.6,21.357224541955844,43.84277545804416,4,0,34.69355801294395,0.7913175580351738,42.18987841566091,0.95,80,0.962299443292202,0.8223194594480198,False,0.974871228630957,0.8520693987038799,0.8310902139280825,0.330634898340962,0.8,38.1008388787722,43.36694751617994,1.0,evaluated
cat_highcard_20cat_4c,categorical_high_cardinality,categorical,N362,4,760,4,128,32.0,21.686291501015244,44.31370849898477,3,0,33.288549818834646,0.7512020759805579,45.40137648545773,0.95,80,1.0245447294599115,0.7332057394668886,False,,,,,0.75,,44.38473309177953,1.0,insufficient_positive_spectrum
cat_highcard_20cat_4c,categorical_high_cardinality,categorical,N363,12,760,12,272,22.666666666666668,14.1447620952762,33.188571238057136,11,0,27.384130818557544,0.8251072521963924,33.23885696068041,0.95,80,1.0015151517750667,0.8238589807992297,False,1.0205572748747764,0.8753308729946734,0.8620561082149785,0.23999591916422713,0.9166666666666666,24.864000829325143,29.87359725660823,1.0,evaluated
cat_highcard_20cat_4c,categorical_high_cardinality,categorical,N364,23,760,23,426,18.52173913043478,10.914361102153514,28.12911715871605,22,0,24.240749210403386,0.8617671530047356,28.656681427615986,0.95,80,1.0187550951536517,0.8459021771810243,False,1.027931319926113,0.8908571323572397,0.8827993652144362,0.15878479820424088,0.9565217391304348,19.545693631352407,25.342601447239904,1.0,evaluated
cat_highcard_20cat_4c,categorical_high_cardinality,categorical,N365,19,760,19,376,19.789473684210527,11.89240142774087,29.686545940680187,18,0,25.499452503153098,0.8589565304803812,30.183284683691127,0.95,80,1.0167327901334,0.8448203292112593,False,1.0274093702387408,0.8777141278941554,0.8675390209453602,0.18066683530139577,0.9473684210526315,21.09940094321393,26.91608875332827,1.0,evaluated
cat_highcard_20cat_4c,categorical_high_cardinality,categorical,N366,9,760,9,233,25.88888888888889,16.712663873906394,37.06511390387139,8,0,29.683737537350403,0.8008538059355588,36.12132849894003,0.95,80,0.9745370968674459,0.8217786767787753,False,0.9960521452958073,0.8719528288760446,0.8466980301608161,0.25967580038452365,0.8888888888888888,28.636072623985807,33.3942047295192,1.0,evaluated
cat_highcard_20cat_4c,categorical_high_cardinality,categorical,N367,8,760,8,222,27.75,18.214346247147258,39.28565375285274,7,0,30.943008121873984,0.7876414203652408,39.39436763233374,0.95,80,1.0027672666506946,0.7854678214577272,False,1.0163730578808254,0.8636792900737819,0.8353196392240091,0.2981871094244827,0.875,31.845943937260596,35.36343785357027,1.0,evaluated
cat_highcard_20cat_4c,categorical_high_cardinality,categorical,N368,5,760,5,153,30.6,20.53654665124854,42.663453348751474,4,0,32.29035322463834,0.7568621546099784,42.31607710292762,0.95,80,0.9918577560286966,0.7630752998699953,False,1.011834515557147,0.8350010466796379,0.8046760502870257,0.38623013762265745,0.8,38.280666714266346,40.36294153079792,1.0,evaluated
cat_highcard_20cat_4c,categorical_high_cardinality,categorical,N369,19,760,19,362,19.05263157894737,11.322767529846178,28.782495628048565,18,0,24.67609835721963,0.857330047960565,29.173935477416492,0.95,80,1.0135999273456493,0.8458268640623191,False,1.0137758553977392,0.9057736594296159,0.8996962261177018,0.1681408930732782,0.9473684210526315,20.03090259464433,26.0469927103985,1.0,evaluated
cat_highcard_20cat_4c,categorical_high_cardinality,categorical,N370,11,760,11,264,24.0,15.202041028867285,34.79795897113271,10,0,27.88411560239233,0.8013146870344929,35.553190357954556,0.95,80,1.0217033242509528,0.784292923409998,False,0.9913338928543836,0.8610856739334688,0.8421395538398215,0.24694046878749243,0.9090909090909091,25.80727712851158,30.672527162631564,1.0,evaluated
cat_highcard_20cat_4c,categorical_high_cardinality,categorical,N371,14,760,14,306,21.857142857142858,13.5068181874551,32.20746752683061,13,0,26.30804168695454,0.8168304963759873,32.275277141527496,0.95,80,1.0021054003901546,0.8151143542964309,False,1.0014663442764373,0.8593079964272105,0.8455216629918351,0.22487138572627008,0.9285714285714286,23.21298816014381,28.331737201335656,1.0,evaluated
cat_highcard_20cat_4c,categorical_high_cardinality,categorical,N372,8,760,8,217,27.125,17.708666672000174,38.54133332799983,7,0,30.96221482278061,0.8033509001694791,39.181991632125076,0.95,80,1.0166226294942375,0.7902154416621048,False,0.9972292023664405,0.8475914887711012,0.8361152365423172,0.27340068975877685,0.875,30.533794795789415,35.38538836889212,1.0,evaluated
cat_highcard_20cat_4c,categorical_high_cardinality,categorical,N373,38,760,38,513,13.5,7.151530771650466,21.848469228349536,37,0,19.329462509376913,0.8847055739857472,22.167700651981818,0.95,80,1.014611157436058,0.8719651538441736,False,1.0347763282217242,0.928336444944836,0.9072416243723587,0.11394902300973186,0.9736842105263158,13.991998316404091,19.851880415035748,1.0,evaluated
cat_highcard_20cat_4c,categorical_high_cardinality,categorical,N374,22,760,22,415,18.863636363636363,11.177178774115454,28.55009395315728,21,0,24.62921739063221,0.8626667719917793,28.76892059206285,0.95,80,1.007664655649281,0.8561050218000616,False,0.9945567134218725,0.888154967317063,0.8940325412806348,0.15108916053546018,0.9545454545454546,19.30648128658721,25.8020372663766,1.0,evaluated
cat_highcard_20cat_4c,categorical_high_cardinality,categorical,N375,21,760,21,399,19.0,11.282202112918656,28.717797887081353,20,0,24.939174029359613,0.8684222281743424,28.94871769176299,0.95,80,1.0080409997169566,0.8614949475449738,False,1.0032177994503337,0.9009786304956389,0.8685547815902405,0.20901228133966196,0.9523809523809523,19.662518651884273,26.186132730827595,1.0,evaluated
cat_highcard_20cat_4c,categorical_high_cardinality,categorical,N376,7,760,7,203,29.0,19.22967038573099,40.770329614269,6,0,32.67973548681007,0.8015568133982575,40.906381571116334,0.95,80,1.0033370335274336,0.7988908877211708,False,0.9802336662386296,0.8556092986662214,0.8386627149393433,0.27708789099910525,0.8571428571428571,32.782982769333046,38.12635806794508,1.0,evaluated
cat_highcard_20cat_4c,categorical_high_cardinality,categorical,N377,8,760,8,220,27.5,18.011911518298483,38.98808848170152,7,0,30.288818571931245,0.7768736491440675,38.51290996833226,0.95,80,0.9878122131175455,0.7864588419009786,False,0.9982427178635717,0.8455536053889576,0.8209119140234641,0.3190916378017423,0.875,30.992651344916204,34.61579265363571,1.0,evaluated
cat_highcard_20cat_4c,categorical_high_cardinality,categorical,N378,15,760,15,330,22.0,13.619168480353142,32.38083151964686,14,0,28.607119420213028,0.8834584560577403,32.956771730616076,0.95,80,1.017786455255782,0.8680194666529695,False,0.968791297030983,0.9180866083354801,0.9106919152058885,0.15533820025997896,0.9333333333333333,22.489331289620125,30.650485093085386,1.0,evaluated
cat_highcard_20cat_4c,categorical_high_cardinality,categorical,N379,12,760,12,285,23.75,15.003205655191033,34.49679434480896,11,0,27.68487986646169,0.8025348555503586,34.94563443016062,0.95,80,1.01301106650274,0.7922271356037431,False,1.0149861895297725,0.8686743754390032,0.8464813343545631,0.24309527249615204,0.9166666666666666,25.9278232170884,30.201687127049116,1.0,evaluated
cat_highcard_20cat_4c,categorical_high_cardinality,categorical,N380,30,760,30,495,16.5,9.375961595364041,25.624038404635964,29,0,22.42724438926089,0.8752423812010559,25.60659885091958,0.95,80,0.9993194065103637,0.8758384711625021,False,1.0168394589545404,0.9191278298288226,0.8971597157115071,0.11848128285875598,0.9666666666666667,17.005128545799273,23.200597644062988,1.0,evaluated
cat_highcard_20cat_4c,categorical_high_cardinality,categorical,N381,33,760,33,491,14.878787878787879,8.164181504179286,23.59339425339647,32,0,20.68950459996703,0.8769193774222885,23.79523473487603,0.95,80,1.0085549573457624,0.8694810045157061,False,1.0256513337167201,0.9122067926737105,0.8984627567008728,0.11514071748470533,0.9696969696969697,15.384060333041914,21.336051618716,1.0,evaluated
cat_highcard_20cat_4c,categorical_high_cardinality,categorical,N382,37,760,37,519,14.027027027027026,7.536492459447213,22.517561594606843,36,0,20.19335592047785,0.8967825328526842,22.96874407552591,0.95,80,1.020036915588015,0.8791667430347077,False,1.0053970121297013,0.9435173476700789,0.9439451203740201,0.07233673919207995,0.972972972972973,14.149295479071828,20.754282473824453,1.0,evaluated
cat_highcard_20cat_4c,categorical_high_cardinality,categorical,N383,46,760,46,554,12.043478260869565,6.1027352859800414,19.984221235759087,45,0,18.140090350960094,0.9077206530570644,20.213862663366804,0.95,80,1.0114911371776052,0.8974084099144015,False,1.0292845060820879,0.9233286431393223,0.9099348443525191,0.09241247717776951,0.9782608695652174,12.32003963613112,18.543203469870317,1.0,evaluated
cat_highcard_20cat_4c,categorical_high_cardinality,categorical,N384,5,760,5,155,31.0,20.86447127433995,43.13552872566004,4,0,33.458068735701076,0.7756499044788078,43.706298243713206,0.95,80,1.0132320046818768,0.7655205331994399,False,1.0203168071605353,0.8485922050234705,0.8211621152758152,0.34599318363925724,0.8,39.111740466895434,41.82258591962634,1.0,evaluated
cat_highcard_20cat_4c,categorical_high_cardinality,categorical,N385,38,760,38,548,14.421052631578947,7.8260404178747605,23.016064845283132,37,0,20.553795185274353,0.8930195202107544,23.133012231347095,0.95,80,1.0050811199416625,0.8885049201427518,False,1.0238304923489232,0.9229511928187534,0.9136637417634398,0.09658198615756941,0.9736842105263158,14.812530700832514,21.10930316325474,1.0,evaluated
cat_highcard_20cat_4c,categorical_high_cardinality,categorical,N386,39,760,39,532,13.64102564102564,7.254273813320681,22.027777468730598,38,0,19.958309181488886,0.9060518797150818,22.131492166027567,0.95,80,1.0047083595902582,0.9018058534763158,False,1.0076067989865183,0.9402585746206634,0.9507430848188501,0.07457664574426726,0.9743589743589743,13.761029072891798,20.483527844159646,1.0,evaluated
cat_highcard_20cat_4c,categorical_high_cardinality,categorical,N387,38,760,38,524,13.789473684210526,7.362637565320994,22.21630980310005,37,0,20.56989788565979,0.9258917465577239,22.285315761595633,0.95,80,1.0031060945362742,0.9230247444421662,False,1.031057490733908,0.9246726446120646,0.9174483936984511,0.08949821265345403,0.9736842105263158,14.24826061217965,21.1258410717587,1.0,evaluated
cat_highcard_20cat_4c,categorical_high_cardinality,categorical,N388,45,760,45,569,12.644444444444444,6.532638922793997,20.756249966094888,44,0,19.88426409716963,0.9579892384053171,20.905628593540214,0.95,80,1.0071968022975892,0.9511440427729505,False,1.0258190115319172,0.9664771812174912,0.9744053943434613,0.059675624774028324,0.9777777777777777,12.915162027257487,20.336179190287123,1.0,evaluated
cat_highcard_20cat_4c,categorical_high_cardinality,categorical,N389,48,760,48,585,12.1875,6.205379978115529,20.169620021884466,47,0,19.2784125275363,0.9558143637122967,20.22506840469049,0.95,80,1.0027491039863845,0.9531939344672552,False,1.0160808435252182,0.9761521763977277,0.983791520374273,0.06099365502742993,0.9791666666666666,12.300209265232343,19.688591517483882,1.0,evaluated
cat_highcard_20cat_4c,categorical_high_cardinality,categorical,N390,56,760,56,630,11.25,5.5417960675006315,18.95820393249937,55,0,18.183566725674783,0.9591397365708967,19.087929652306283,0.95,80,1.0068427220357372,0.9526212143954422,False,1.0184227040045295,0.982105480121264,0.980393461748651,0.05799410891457951,0.9821428571428571,11.318995406356816,18.51417702977796,1.0,evaluated
cat_highcard_20cat_4c,categorical_high_cardinality,categorical,N391,41,760,41,550,13.414634146341463,7.089435406009167,21.739832886673756,40,1,24.602752873953825,1.1316900641418914,21.9168082457247,0.95,80,1.0081406034707574,1.1225518149410771,True,1.0072463202613062,0.9248073826611476,0.9461481213731785,0.08732725334553726,0.975609756097561,13.504724015477954,25.217821695802673,1.0,evaluated
cat_highcard_20cat_4c,categorical_high_cardinality,categorical,N392,43,760,43,581,13.511627906976743,7.159994644367205,21.863261169586284,42,0,20.662509302058314,0.9450790136835432,22.06686478158482,0.95,80,1.0093125911280685,0.9363590843816443,False,0.9988153517095997,0.9250201242700432,0.9533915450454826,0.08913561818866861,0.9767441860465116,13.475322704006192,21.15447380925018,1.0,evaluated
cat_highcard_20cat_4c,categorical_high_cardinality,categorical,N393,63,760,63,658,10.444444444444445,4.980871301222673,17.90801758766622,62,0,17.87506166902105,0.9981597115100074,18.004935604612264,0.95,80,1.0054119902703689,0.9927867592285116,False,1.0132497280654316,1.0050530045399302,0.995788171639093,0.0430414640513736,0.9841269841269841,10.409329861403997,18.163369115295584,1.0,evaluated
cat_highcard_20cat_4c,categorical_high_cardinality,categorical,N394,43,760,43,562,13.069767441860465,6.839340776203601,21.30019410751733,42,1,23.85156517954608,1.1197815878648876,21.77894793654952,0.95,80,1.0224765007593628,1.0951660864902608,True,0.9964431009486182,0.9317128039183937,0.9431169026172005,0.07291120818250674,0.9767441860465116,12.992519814115173,24.419459588582892,1.0,evaluated
cat_highcard_20cat_4c,categorical_high_cardinality,categorical,N395,68,760,68,669,9.838235294117647,4.5650430304873835,17.111427557747913,67,1,17.16804144855227,1.0033085428210649,17.333349028149268,0.95,80,1.0129691967343117,0.9904630328894584,False,1.0033583315916832,0.9959217546507243,1.0054353297805265,0.04221219746727778,0.9852941176470589,9.678117550562206,17.424280873157528,1.0,evaluated
cat_highcard_20cat_4c,categorical_high_cardinality,categorical,N396,114,760,114,733,6.4298245614035086,2.358404814861715,12.501244307945303,113,1,16.08419796930026,1.2866077626430972,12.598409680049084,0.95,80,1.0077724560619958,1.276684786237051,True,1.0069799993973365,0.972320650353637,0.9549815233690813,0.03357500361487675,0.9912280701754386,6.191749465540239,16.226536004426812,1.0,evaluated
cat_highcard_20cat_4c,categorical_high_cardinality,categorical,N397,86,760,86,715,8.313953488372093,3.547168079369225,15.08073889737496,85,1,17.78683907329588,1.1794408214568293,15.233890646266653,0.95,80,1.0101554539160114,1.1675834812202013,True,1.0170675631970876,0.953063605518169,0.936277007713918,0.054542982543812346,0.9883720930232558,8.211064212405295,17.99609600356995,1.0,evaluated
cat_highcard_20cat_4c,categorical_high_cardinality,categorical,N398,200,760,200,760,3.8,0.9012822620764143,8.698717737923584,199,3,11.720556930048366,1.3473890386108913,8.731108010906604,0.95,80,1.0037235686866595,1.3423905551743769,True,1.0128484226104935,0.964060852566526,0.9480185970915449,0.027474073089673534,0.995,3.526009200060071,11.779454201053634,1.0,evaluated
cat_highd_3cat_500feat,categorical_high_dimensional,categorical,N200,2,1000,2,293,146.5,123.2925631261796,171.70743687382043,1,1,215.99999999929003,1.2579536677728065,171.55307158028435,0.95,80,0.9991009982074945,1.259085587973312,True,,,,,0.5,,431.99999999858005,1.0,insufficient_positive_spectrum
cat_highd_3cat_500feat,categorical_high_dimensional,categorical,N201,2,1000,2,293,146.5,123.2925631261796,171.70743687382043,1,1,218.99999999927203,1.2754252464918259,171.55307158028435,0.95,80,0.9991009982074945,1.2765728878062275,True,,,,,0.5,,437.99999999854407,1.0,insufficient_positive_spectrum
cat_highd_3cat_500feat,categorical_high_dimensional,categorical,N202,2,1000,2,292,146.0,122.83390805281086,171.16609194718916,1,1,218.99999999927002,1.2794590184768566,163.43300504394,0.95,80,0.9548211516937882,1.339998612522547,True,,,,,0.5,,437.99999999854003,1.0,insufficient_positive_spectrum
cat_highd_3cat_500feat,categorical_high_dimensional,categorical,N203,2,1000,2,290,145.0,121.91681084241542,170.0831891575846,1,1,218.999999999266,1.2876052070987407,167.43670278368816,0.95,80,0.9844400473262268,1.307956955424478,True,,,,,0.5,,437.999999998532,1.0,insufficient_positive_spectrum
cat_highd_3cat_500feat,categorical_high_dimensional,categorical,N204,2,1000,2,293,146.5,123.2925631261796,171.70743687382043,1,1,220.99999999926004,1.2870729656378388,171.55307158028435,0.95,80,0.9991009982074945,1.2882310876948375,True,,,,,0.5,,441.9999999985201,1.0,insufficient_positive_spectrum
cat_highd_3cat_500feat,categorical_high_dimensional,categorical,N205,2,1000,2,293,146.5,123.2925631261796,171.70743687382043,1,1,221.99999999925404,1.2928968252108453,171.55307158028435,0.95,80,0.9991009982074945,1.2940601876391427,True,,,,,0.5,,443.9999999985081,1.0,insufficient_positive_spectrum
cat_highd_3cat_500feat,categorical_high_dimensional,categorical,N206,2,1000,2,298,149.0,125.58688876853257,174.41311123146738,1,1,223.99999999925203,1.2843071166936344,167.9680349917157,0.95,80,0.9630470657036886,1.3335870721491732,True,,,,,0.5,,447.99999999850405,1.0,insufficient_positive_spectrum
cat_highd_3cat_500feat,categorical_high_dimensional,categorical,N207,2,1000,2,309,154.5,130.64039421068787,180.3596057893121,1,1,224.999999999268,1.2475077166785493,175.29570989244232,0.95,80,0.9719233368541225,1.2835453881747771,True,,,,,0.5,,449.999999998536,1.0,insufficient_positive_spectrum
cat_highd_3cat_500feat,categorical_high_dimensional,categorical,N208,2,1000,2,298,149.0,125.58688876853257,174.41311123146738,1,1,224.99999999924606,1.2900406306074303,167.9680349917157,0.95,80,0.9630470657036886,1.3395405858641092,True,,,,,0.5,,449.9999999984921,1.0,insufficient_positive_spectrum
cat_highd_3cat_500feat,categorical_high_dimensional,categorical,N209,2,1000,2,299,149.5,126.04596147872502,174.95403852127495,1,1,224.99999999924805,1.2860520505897746,169.49015073007575,0.95,80,0.9687695817862771,1.3275107670272557,True,,,,,0.5,,449.9999999984961,1.0,insufficient_positive_spectrum
cat_highd_3cat_500feat,categorical_high_dimensional,categorical,N210,2,1000,2,303,151.5,127.88293274981766,177.11706725018234,1,1,225.99999999925,1.2759922208965853,171.15652394116427,0.95,80,0.9663468721475686,1.3204287794307998,True,,,,,0.5,,451.9999999985,1.0,insufficient_positive_spectrum
cat_highd_3cat_500feat,categorical_high_dimensional,categorical,N211,2,1000,2,312,156.0,132.0200080064064,181.9799919935936,1,1,226.99999999926203,1.247389877933687,178.14714721079278,0.95,80,0.9789380978600343,1.2742275335493531,True,,,,,0.5,,453.99999999852406,1.0,insufficient_positive_spectrum
cat_highd_3cat_500feat,categorical_high_dimensional,categorical,N212,2,1000,2,300,150.0,126.50510257216821,175.49489742783177,1,1,227.99999999923202,1.2991830722200441,170.3260266271272,0.95,80,0.9705468883912698,1.3386092807669554,True,,,,,0.5,,455.99999999846403,1.0,insufficient_positive_spectrum
cat_highd_3cat_500feat,categorical_high_dimensional,categorical,N213,2,1000,2,297,148.5,125.12788478609214,173.8721152139079,1,1,227.99999999922602,1.311308600109493,169.0458000702622,0.95,80,0.9722421554617422,1.348746907077609,True,,,,,0.5,,455.99999999845204,1.0,insufficient_positive_spectrum
cat_highd_3cat_500feat,categorical_high_dimensional,categorical,N214,2,1000,2,305,152.5,128.80182192954305,178.19817807045692,1,1,228.99999999923602,1.2850860905474175,170.56566764639152,0.95,80,0.9571684149259505,1.3425914086883401,True,,,,,0.5,,457.99999999847205,1.0,insufficient_positive_spectrum
cat_highd_3cat_500feat,categorical_high_dimensional,categorical,N215,2,1000,2,303,151.5,127.88293274981766,177.11706725018234,1,1,228.99999999923202,1.2929301707314502,171.15652394116427,0.95,80,0.9663468721475686,1.337956595086914,True,,,,,0.5,,457.99999999846403,1.0,insufficient_positive_spectrum
cat_highd_3cat_500feat,categorical_high_dimensional,categorical,N216,2,1000,2,305,152.5,128.80182192954305,178.19817807045692,1,1,228.99999999923605,1.2850860905474177,170.56566764639152,0.95,80,0.9571684149259505,1.3425914086883404,True,,,,,0.5,,457.9999999984721,1.0,insufficient_positive_spectrum
cat_highd_3cat_500feat,categorical_high_dimensional,categorical,N217,3,1000,3,451,150.33333333333334,126.81123445633398,175.8554322103327,2,1,184.06217782572648,1.046667569561218,170.74074246094668,0.95,80,0.9709153724448581,1.078021421090088,True,,,,,0.6666666666666666,,276.09326673858976,1.0,insufficient_positive_spectrum
cat_highd_3cat_500feat,categorical_high_dimensional,categorical,N218,2,1000,2,303,151.5,127.88293274981766,177.11706725018234,1,1,229.999999999226,1.2985761540097385,171.15652394116427,0.95,80,0.9663468721475686,1.3437992003056185,True,,,,,0.5,,459.999999998452,1.0,insufficient_positive_spectrum
cat_highd_3cat_500feat,categorical_high_dimensional,categorical,N219,2,1000,2,301,150.5,126.9643117072294,176.0356882927706,1,1,229.999999999222,1.306553246275276,172.2248405673949,0.95,80,0.978351845797099,1.3354635675172455,True,,,,,0.5,,459.999999998444,1.0,insufficient_positive_spectrum
cat_highd_3cat_500feat,categorical_high_dimensional,categorical,N220,2,1000,2,305,152.5,128.80182192954305,178.19817807045692,1,1,229.99999999923003,1.290697820200448,170.56566764639152,0.95,80,0.9571684149259505,1.3484542532677495,True,,,,,0.5,,459.99999999846005,1.0,insufficient_positive_spectrum
cat_highd_3cat_500feat,categorical_high_dimensional,categorical,N221,2,1000,2,303,151.5,127.88293274981766,177.11706725018234,1,1,230.99999999922,1.3042221372880267,171.15652394116427,0.95,80,0.9663468721475686,1.3496418055243231,True,,,,,0.5,,461.99999999844,1.0,insufficient_positive_spectrum
cat_highd_3cat_500feat,categorical_high_dimensional,categorical,N222,2,1000,2,312,156.0,132.0200080064064,181.9799919935936,1,1,230.999999999238,1.2693703163113126,178.14714721079278,0.95,80,0.9789380978600343,1.2966808821580906,True,,,,,0.5,,461.999999998476,1.0,insufficient_positive_spectrum
cat_highd_3cat_500feat,categorical_high_dimensional,categorical,N223,2,1000,2,298,149.0,125.58688876853257,174.41311123146738,1,1,231.99999999920402,1.3301752280039993,167.9680349917157,0.95,80,0.9630470657036886,1.3812151818686598,True,,,,,0.5,,463.99999999840804,1.0,insufficient_positive_spectrum
cat_highd_3cat_500feat,categorical_high_dimensional,categorical,N224,2,1000,2,291,145.5,122.37532383637036,170.62467616362963,1,1,231.99999999918998,1.3597095403521893,169.3175348869096,0.95,80,0.9923390842045234,1.3702065775653252,True,,,,,0.5,,463.99999999837996,1.0,insufficient_positive_spectrum
cat_highd_3cat_500feat,categorical_high_dimensional,categorical,N225,2,1000,2,313,156.5,132.4800079936064,182.5199920063936,1,1,231.999999999234,1.2710936344502313,175.39415480145055,0.95,80,0.9609585934855102,1.3227350721115099,True,,,,,0.5,,463.999999998468,1.0,insufficient_positive_spectrum
cat_highd_3cat_500feat,categorical_high_dimensional,categorical,N226,2,1000,2,299,149.5,126.04596147872502,174.95403852127495,1,1,231.999999999206,1.3260625588302386,169.49015073007575,0.95,80,0.9687695817862771,1.368811102001327,True,,,,,0.5,,463.999999998412,1.0,insufficient_positive_spectrum
cat_highd_3cat_500feat,categorical_high_dimensional,categorical,N227,2,1000,2,313,156.5,132.4800079936064,182.5199920063936,1,1,231.99999999923398,1.271093634450231,175.39415480145055,0.95,80,0.9609585934855102,1.3227350721115096,True,,,,,0.5,,463.99999999846796,1.0,insufficient_positive_spectrum
cat_highd_3cat_500feat,categorical_high_dimensional,categorical,N228,2,1000,2,318,159.0,134.780959574163,185.219040425837,1,1,231.99999999924404,1.252571007094373,179.81666200496002,0.95,80,0.9708324888820482,1.2902030179652906,True,,,,,0.5,,463.9999999984881,1.0,insufficient_positive_spectrum
cat_highd_3cat_500feat,categorical_high_dimensional,categorical,N229,2,1000,2,317,158.5,134.32064337597166,184.67935662402834,1,1,232.99999999923602,1.2616461539530877,175.70718741347963,0.95,80,0.9514175846474583,1.3260698291808244,True,,,,,0.5,,465.99999999847205,1.0,insufficient_positive_spectrum
cat_highd_3cat_500feat,categorical_high_dimensional,categorical,N230,3,1000,3,462,154.0,130.1806527080183,179.81934729198173,2,1,188.99999999920968,1.0510548661503083,177.70878981363452,0.95,80,0.9882629010163173,1.0635377135673276,True,,,,,0.6666666666666666,,283.49999999881453,1.0,insufficient_positive_spectrum
cat_highd_3cat_500feat,categorical_high_dimensional,categorical,N231,2,1000,2,314,157.0,132.94007182771665,183.05992817228332,1,1,232.99999999923006,1.2728072294442647,176.78378196228223,0.95,80,0.9657153464842704,1.3179942040664219,True,,,,,0.5,,465.9999999984601,1.0,insufficient_positive_spectrum
cat_highd_3cat_500feat,categorical_high_dimensional,categorical,N232,2,1000,2,301,150.5,126.9643117072294,176.0356882927706,1,1,232.99999999920402,1.3235952451396915,172.2248405673949,0.95,80,0.978351845797099,1.3528826575282944,True,,,,,0.5,,465.99999999840804,1.0,insufficient_positive_spectrum
cat_highd_3cat_500feat,categorical_high_dimensional,categorical,N233,2,1000,2,311,155.5,131.56007217332015,181.43992782667985,1,1,232.99999999922403,1.2841715866520673,173.72494487633145,0.95,80,0.9574791334919505,1.341200598250806,True,,,,,0.5,,465.99999999844806,1.0,insufficient_positive_spectrum
cat_highd_3cat_500feat,categorical_high_dimensional,categorical,N234,2,1000,2,308,154.0,130.1806527080183,179.81934729198173,1,1,233.999999999212,1.3013060247585841,174.687871347784,0.95,80,0.9714631599909799,1.3395320361614813,True,,,,,0.5,,467.999999998424,1.0,insufficient_positive_spectrum
cat_highd_3cat_500feat,categorical_high_dimensional,categorical,N235,2,1000,2,302,151.0,127.42358854511099,176.576411454889,1,1,233.9999999992,1.3252053208646237,167.21167253083104,0.95,80,0.9469649493559311,1.3994238348166412,True,,,,,0.5,,467.9999999984,1.0,insufficient_positive_spectrum
cat_highd_3cat_500feat,categorical_high_dimensional,categorical,N236,2,1000,2,304,152.0,128.34234398812407,177.65765601187587,1,1,233.99999999920402,1.3171399716292655,171.37152824281182,0.95,80,0.9646166232844824,1.3654543575503135,True,,,,,0.5,,467.99999999840804,1.0,insufficient_positive_spectrum
cat_highd_3cat_500feat,categorical_high_dimensional,categorical,N237,3,1000,3,470,156.66666666666666,132.63335552597522,182.6999778073581,2,1,190.29150262131498,1.041551865003298,186.22451012658917,0.95,80,1.01929136698061,1.02183919019017,True,,,,,0.6666666666666666,,285.43725393197246,1.0,insufficient_positive_spectrum
cat_highd_3cat_500feat,categorical_high_dimensional,categorical,N238,2,1000,2,309,154.5,130.64039421068787,180.3596057893121,1,1,233.99999999921403,1.2974080253455544,175.29570989244232,0.95,80,0.9719233368541225,1.3348872037016273,True,,,,,0.5,,467.99999999842805,1.0,insufficient_positive_spectrum
cat_highd_3cat_500feat,categorical_high_dimensional,categorical,N239,2,1000,2,310,155.0,131.10020080402253,180.89979919597747,1,1,233.999999999216,1.293533774162527,172.04947318364165,0.95,80,0.951076087139556,1.3600739117024192,True,,,,,0.5,,467.999999998432,1.0,insufficient_positive_spectrum
cat_highd_3cat_500feat,categorical_high_dimensional,categorical,N240,2,1000,2,315,157.5,133.4001992039777,183.59980079602224,1,1,233.99999999922602,1.2745111867479528,179.4566705174695,0.95,80,0.9774339064607389,1.3039359268422788,True,,,,,0.5,,467.99999999845204,1.0,insufficient_positive_spectrum
cat_highd_3cat_500feat,categorical_high_dimensional,categorical,N241,4,1000,4,556,139.0,116.4203477548968,163.57965224510318,3,1,164.2744397847884,1.0042473958719766,161.85092163619117,0.95,80,0.9894318725759258,1.0149737679841255,True,,,,,0.75,,219.03258637971786,1.0,insufficient_positive_spectrum
cat_highd_3cat_500feat,categorical_high_dimensional,categorical,N242,2,1000,2,312,156.0,132.0200080064064,181.9799919935936,1,1,234.999999999214,1.2913507546889382,178.14714721079278,0.95,80,0.9789380978600343,1.319134230766828,True,,,,,0.5,,469.999999998428,1.0,insufficient_positive_spectrum
cat_highd_3cat_500feat,categorical_high_dimensional,categorical,N243,2,1000,2,304,152.0,128.34234398812407,177.65765601187587,1,1,234.99999999919805,1.3227687749268122,171.37152824281182,0.95,80,0.9646166232844824,1.3712896325825648,True,,,,,0.5,,469.9999999983961,1.0,insufficient_positive_spectrum
cat_highd_3cat_500feat,categorical_high_dimensional,categorical,N244,3,1000,3,471,157.0,132.94007182771665,183.05992817228332,2,1,185.9999999992562,1.0160607067659608,177.8169448731958,0.95,80,0.9713591972233641,1.0460195462918107,True,,,,,0.6666666666666666,,278.99999999888433,1.0,insufficient_positive_spectrum
cat_highd_3cat_500feat,categorical_high_dimensional,categorical,N245,2,1000,2,303,151.5,127.88293274981766,177.11706725018234,1,1,235.99999999919,1.3324520536794686,171.15652394116427,0.95,80,0.9663468721475686,1.3788548316178468,True,,,,,0.5,,471.99999999838,1.0,insufficient_positive_spectrum
cat_highd_3cat_500feat,categorical_high_dimensional,categorical,N246,2,1000,2,308,154.0,130.1806527080183,179.81934729198173,1,1,235.99999999920007,1.3124282984744404,174.687871347784,0.95,80,0.9714631599909799,1.3509810279235155,True,,,,,0.5,,471.99999999840014,1.0,insufficient_positive_spectrum
cat_highd_3cat_500feat,categorical_high_dimensional,categorical,N247,2,1000,2,305,152.5,128.80182192954305,178.19817807045692,1,1,236.99999999918805,1.329979927771662,170.56566764639152,0.95,80,0.9571684149259505,1.389494165323616,True,,,,,0.5,,473.9999999983761,1.0,insufficient_positive_spectrum
cat_highd_3cat_500feat,categorical_high_dimensional,categorical,N248,2,1000,2,310,155.0,131.10020080402253,180.89979919597747,1,1,236.99999999919802,1.3101175404979002,172.04947318364165,0.95,80,0.951076087139556,1.377510756724199,True,,,,,0.5,,473.99999999839605,1.0,insufficient_positive_spectrum
cat_highd_3cat_500feat,categorical_high_dimensional,categorical,N249,3,1000,3,470,156.66666666666666,132.63335552597522,182.6999778073581,2,1,190.6961524219197,1.0437666972406143,186.22451012658917,0.95,80,1.01929136698061,1.0240121039507144,True,,,,,0.6666666666666666,,286.04422863287954,1.0,insufficient_positive_spectrum
cat_highd_3cat_500feat,categorical_high_dimensional,categorical,N250,3,1000,3,474,158.0,133.86038982004695,184.13961017995308,2,2,187.49999999922545,1.018249141594187,180.75113573677558,0.95,80,0.9815983403035009,1.0373378802569635,True,,,,,0.6666666666666666,,281.2499999988382,1.0,insufficient_positive_spectrum
cat_highd_3cat_500feat,categorical_high_dimensional,categorical,N251,2,1000,2,310,155.0,131.10020080402253,180.89979919597747,1,1,236.99999999919802,1.3101175404979002,172.04947318364165,0.95,80,0.951076087139556,1.377510756724199,True,,,,,0.5,,473.99999999839605,1.0,insufficient_positive_spectrum
cat_highd_3cat_500feat,categorical_high_dimensional,categorical,N252,6,1000,6,685,114.16666666666667,93.79690610023387,136.5364272330995,5,0,130.30197609417704,0.9543385507789889,134.73309472640508,0.95,80,0.9867922975337878,0.9671118766979555,False,1.0288906785074334,0.9883880451938272,0.9777613887145554,0.3730203029036723,0.8333333333333334,140.54636527319877,156.36237131301243,1.0,evaluated
cat_highd_3cat_500feat,categorical_high_dimensional,categorical,N253,2,1000,2,326,163.0,138.46570933039257,189.5342906696074,1,1,237.99999999922403,1.2557094505611184,186.7436032077361,0.95,80,0.9852760814309007,1.274474712445543,True,,,,,0.5,,475.99999999844806,1.0,insufficient_positive_spectrum
cat_highd_3cat_500feat,categorical_high_dimensional,categorical,N254,2,1000,2,314,157.0,132.94007182771665,183.05992817228332,1,1,237.99999999920004,1.3001206893035102,176.78378196228223,0.95,80,0.9657153464842704,1.3462773414926636,True,,,,,0.5,,475.9999999984001,1.0,insufficient_positive_spectrum
cat_highd_3cat_500feat,categorical_high_dimensional,categorical,N255,2,1000,2,305,152.5,128.80182192954305,178.19817807045692,1,1,237.99999999918205,1.3355916574246924,170.56566764639152,0.95,80,0.9571684149259505,1.3953570099030252,True,,,,,0.5,,475.9999999983641,1.0,insufficient_positive_spectrum
cat_highd_3cat_500feat,categorical_high_dimensional,categorical,N256,2,1000,2,318,159.0,134.780959574163,185.219040425837,1,1,237.99999999920806,1.2849650848639664,179.81666200496002,0.95,80,0.9708324888820482,1.323570337395336,True,,,,,0.5,,475.9999999984161,1.0,insufficient_positive_spectrum
cat_highd_3cat_500feat,categorical_high_dimensional,categorical,N257,3,1000,3,465,155.0,131.10020080402253,180.89979919597747,2,2,194.29150262127837,1.0740282934797127,176.76939024937806,0.95,80,0.9771674210532167,1.0991241319958218,True,,,,,0.6666666666666666,,291.43725393191755,1.0,insufficient_positive_spectrum
cat_highd_3cat_500feat,categorical_high_dimensional,categorical,N258,2,1000,2,308,154.0,130.1806527080183,179.81934729198173,1,1,237.99999999918802,1.3235505721902963,174.687871347784,0.95,80,0.9714631599909799,1.362430019685549,True,,,,,0.5,,475.99999999837604,1.0,insufficient_positive_spectrum
cat_highd_3cat_500feat,categorical_high_dimensional,categorical,N259,2,1000,2,301,150.5,126.9643117072294,176.0356882927706,1,1,237.999999999174,1.351998576580384,172.2248405673949,0.95,80,0.978351845797099,1.381914474213376,True,,,,,0.5,,475.999999998348,1.0,insufficient_positive_spectrum
cat_highd_3cat_500feat,categorical_high_dimensional,categorical,N260,2,1000,2,318,159.0,134.780959574163,185.219040425837,1,1,237.99999999920803,1.2849650848639662,179.81666200496002,0.95,80,0.9708324888820482,1.323570337395336,True,,,,,0.5,,475.99999999841606,1.0,insufficient_positive_spectrum
cat_highd_3cat_500feat,categorical_high_dimensional,categorical,N261,3,1000,3,466,155.33333333333334,131.40677453888011,181.25989212778657,2,2,194.94409720780368,1.0754949422035949,180.87912012356577,0.95,80,0.9978993035924772,1.0777589866349944,True,,,,,0.6666666666666666,,292.4161458117055,1.0,insufficient_positive_spectrum
cat_highd_3cat_500feat,categorical_high_dimensional,categorical,N262,3,1000,3,461,153.66666666666666,129.8741946909506,179.45913864238273,2,1,196.07862202950218,1.0926087326220704,181.79753939719885,0.95,80,1.0130302684639314,1.0785548730728496,True,,,,,0.6666666666666666,,294.1179330442533,1.0,insufficient_positive_spectrum
cat_highd_3cat_500feat,categorical_high_dimensional,categorical,N263,3,1000,3,485,161.66666666666666,137.23702516965244,188.09630816368085,2,1,193.99999999916673,1.0313865375302769,187.08146621137493,0.95,80,0.9946046684158054,1.0369813960083831,True,,,,,0.6666666666666666,,290.9999999987501,1.0,insufficient_positive_spectrum
cat_highd_3cat_500feat,categorical_high_dimensional,categorical,N264,5,1000,5,624,124.8,103.45721592996969,148.1427840700303,4,0,144.38082603495383,0.9746058638043543,144.64579902785925,0.95,80,0.9763944962684248,0.998168125208708,False,1.0570602554975976,1.0110590823127803,0.9990668527743055,0.41444822950198745,0.8,164.46085933412633,180.47603254369227,1.0,evaluated
cat_highd_3cat_500feat,categorical_high_dimensional,categorical,N265,3,1000,3,448,149.33333333333334,125.8929296269022,174.7737370397645,2,2,193.40512483708483,1.1066029033474365,173.5521487980472,0.95,80,0.9930104587656704,1.1143919921276193,True,,,,,0.6666666666666666,,290.10768725562724,1.0,insufficient_positive_spectrum
cat_highd_3cat_500feat,categorical_high_dimensional,categorical,N266,3,1000,3,476,158.66666666666666,134.4740751630784,184.8592581702549,2,1,191.59267638514478,1.036424565810431,180.20881358279928,0.95,80,0.9748433233288616,1.0631703998046413,True,,,,,0.6666666666666666,,287.3890145777172,1.0,insufficient_positive_spectrum
cat_highd_3cat_500feat,categorical_high_dimensional,categorical,N267,2,1000,2,310,155.0,131.10020080402253,180.89979919597747,1,1,238.99999999918603,1.3211733847214824,172.04947318364165,0.95,80,0.951076087139556,1.3891353200720524,True,,,,,0.5,,477.99999999837206,1.0,insufficient_positive_spectrum
cat_highd_3cat_500feat,categorical_high_dimensional,categorical,N268,2,1000,2,308,154.0,130.1806527080183,179.81934729198173,1,1,238.99999999918202,1.3291117090482243,174.687871347784,0.95,80,0.9714631599909799,1.368154515566566,True,,,,,0.5,,477.99999999836405,1.0,insufficient_positive_spectrum
cat_highd_3cat_500feat,categorical_high_dimensional,categorical,N269,2,1000,2,320,160.0,135.70177871865297,186.29822128134705,1,1,238.99999999920598,1.2828893284937426,181.81210049561696,0.95,80,0.9759196799900995,1.3145439679080528,True,,,,,0.5,,477.99999999841197,1.0,insufficient_positive_spectrum
cat_highd_3cat_500feat,categorical_high_dimensional,categorical,N270,2,1000,2,317,158.5,134.32064337597166,184.67935662402834,1,1,239.99999999919402,1.29954968647518,175.70718741347963,0.95,80,0.9514175846474583,1.3659088369243457,True,,,,,0.5,,479.99999999838803,1.0,insufficient_positive_spectrum
cat_highd_3cat_500feat,categorical_high_dimensional,categorical,N271,2,1000,2,314,157.0,132.94007182771665,183.05992817228332,1,1,239.999999999188,1.311046073247208,176.78378196228223,0.95,80,0.9657153464842704,1.35759059646316,True,,,,,0.5,,479.999999998376,1.0,insufficient_positive_spectrum
cat_highd_3cat_500feat,categorical_high_dimensional,categorical,N272,3,1000,3,484,161.33333333333334,136.9299214889898,187.73674517767688,2,1,193.72015325365473,1.0318712677708088,184.42077309836608,0.95,80,0.9823371174557622,1.0504247975922352,True,,,,,0.6666666666666666,,290.58022988048214,1.0,insufficient_positive_spectrum
cat_highd_3cat_500feat,categorical_high_dimensional,categorical,N273,3,1000,3,471,157.0,132.94007182771665,183.05992817228332,2,2,195.32287565468056,1.0669887047637001,177.8169448731958,0.95,80,0.9713591972233641,1.0984491708254718,True,,,,,0.6666666666666666,,292.98431348202087,1.0,insufficient_positive_spectrum
cat_highd_3cat_500feat,categorical_high_dimensional,categorical,N274,3,1000,3,473,157.66666666666666,133.55358906421685,183.77974426911646,2,2,194.33012701810253,1.0574077561754396,184.917620849604,0.95,80,1.0061915233640835,1.0509010776001377,True,,,,,0.6666666666666666,,291.4951905271538,1.0,insufficient_positive_spectrum
cat_highd_3cat_500feat,categorical_high_dimensional,categorical,N275,2,1000,2,322,161.0,136.62284491910097,187.37715508089903,1,1,240.99999999919802,1.2861760009919438,183.10643600461242,0.95,80,0.9772078988260722,1.3161743806379764,True,,,,,0.5,,481.99999999839605,1.0,insufficient_positive_spectrum
cat_highd_3cat_500feat,categorical_high_dimensional,categorical,N276,3,1000,3,480,160.0,135.70177871865297,186.29822128134705,2,1,197.3738635415901,1.0594511433553444,179.794681689417,0.95,80,0.96509070485376,1.0977736476240156,True,,,,,0.6666666666666666,,296.0607953123852,1.0,insufficient_positive_spectrum
cat_highd_3cat_500feat,categorical_high_dimensional,categorical,N277,2,1000,2,318,159.0,134.780959574163,185.219040425837,1,1,240.99999999919,1.3011621237487627,179.81666200496002,0.95,80,0.9708324888820482,1.3402539971103586,True,,,,,0.5,,481.99999999838,1.0,insufficient_positive_spectrum
cat_highd_3cat_500feat,categorical_high_dimensional,categorical,N278,3,1000,3,463,154.33333333333334,130.48713979522105,180.17952687144563,2,2,195.35889894267655,1.084245820459175,173.25251306122013,0.95,80,0.9615549339566877,1.1275963360695667,True,,,,,0.6666666666666666,,293.0383484140148,1.0,insufficient_positive_spectrum
cat_highd_3cat_500feat,categorical_high_dimensional,categorical,N279,4,1000,4,567,141.75,118.93823820041868,166.56176179958132,3,1,169.5259787405832,1.0177965032848815,165.5871321717078,0.95,80,0.9941485391524241,1.0237871537311907,True,,,,,0.75,,226.03463832077762,1.0,insufficient_positive_spectrum
cat_highd_3cat_500feat,categorical_high_dimensional,categorical,N280,8,1000,8,764,95.5,76.95517971430795,116.04482028569208,7,0,109.79145670055381,0.9461125143738165,115.26777832552648,0.95,80,0.9933039496441755,0.9524904383121964,False,1.0154728950779595,0.9734667612108895,0.96679338017702,0.21812205172388133,0.875,110.44465127453687,125.47595051491864,1.0,evaluated
cat_highd_3cat_500feat,categorical_high_dimensional,categorical,N281,3,1000,3,474,158.0,133.86038982004695,184.13961017995308,2,2,200.26387462836473,1.087565431645337,180.75113573677558,0.95,80,0.9815983403035009,1.1079536170660924,True,,,,,0.6666666666666666,,300.39581194254714,1.0,insufficient_positive_spectrum
cat_highd_3cat_500feat,categorical_high_dimensional,categorical,N282,3,1000,3,488,162.66666666666666,138.158498040388,189.1748352929453,2,1,200.93459662519894,1.0621634548487549,186.63045387045764,0.95,80,0.9865501063154222,1.0766442049413327,True,,,,,0.6666666666666666,,301.40189493779843,1.0,insufficient_positive_spectrum
cat_highd_3cat_500feat,categorical_high_dimensional,categorical,N283,2,1000,2,341,170.5,145.38487028559882,197.6151297144012,1,1,242.99999999922406,1.2296629329465527,191.934080587948,0.95,80,0.9712519525470361,1.2660596766079626,True,,,,,0.5,,485.9999999984481,1.0,insufficient_positive_spectrum
cat_highd_3cat_500feat,categorical_high_dimensional,categorical,N284,2,1000,2,328,164.0,139.3875030502686,190.6124969497314,1,1,242.99999999919805,1.2748377146713648,183.12847600114807,0.95,80,0.9607369869848722,1.3269372699725555,True,,,,,0.5,,485.9999999983961,1.0,insufficient_positive_spectrum
cat_highd_3cat_500feat,categorical_high_dimensional,categorical,N285,2,1000,2,318,159.0,134.780959574163,185.219040425837,1,1,242.99999999917802,1.3119601496719606,179.81666200496002,0.95,80,0.9708324888820482,1.3513764369203738,True,,,,,0.5,,485.99999999835603,1.0,insufficient_positive_spectrum
cat_highd_3cat_500feat,categorical_high_dimensional,categorical,N286,2,1000,2,311,155.5,131.56007217332015,181.43992782667985,1,1,242.99999999916403,1.3392862470232534,173.72494487633145,0.95,80,0.9574791334919505,1.3987628556863092,True,,,,,0.5,,485.99999999832806,1.0,insufficient_positive_spectrum
cat_highd_3cat_500feat,categorical_high_dimensional,categorical,N287,6,1000,6,688,114.66666666666667,94.25016212772131,137.08317120561202,5,1,137.9361414853991,1.0062222829562917,138.17489741177013,0.95,80,1.007963969585447,0.9982720745168385,False,1.0194141859198158,1.0316255781984363,1.025765070028532,0.48787671458215576,0.8333333333333334,139.86352631444586,165.5233697824789,1.0,evaluated
cat_highd_3cat_500feat,categorical_high_dimensional,categorical,N288,4,1000,4,572,143.0,120.0834785137972,167.9165214862028,3,1,169.79193763861323,1.0111687410852215,167.98051238287968,0.95,80,1.000381087555355,1.0107835440554245,True,,,,,0.75,,226.38925018481766,1.0,insufficient_positive_spectrum
cat_highd_3cat_500feat,categorical_high_dimensional,categorical,N289,2,1000,2,328,164.0,139.3875030502686,190.6124969497314,1,1,243.99999999919203,1.2800839604107388,183.12847600114807,0.95,80,0.9607369869848722,1.3323979171740736,True,,,,,0.5,,487.99999999838406,1.0,insufficient_positive_spectrum
cat_highd_3cat_500feat,categorical_high_dimensional,categorical,N290,6,1000,6,684,114.0,93.64584349593738,136.35415650406262,5,0,130.45902605795587,0.956766037814688,135.060124280818,0.95,80,0.9905097706118987,0.9659329632090705,False,1.0484148861702016,1.0012469153675048,0.9853169608544051,0.274992238356715,0.8333333333333334,143.0036869920111,156.55083126954705,1.0,evaluated
cat_highd_3cat_500feat,categorical_high_dimensional,categorical,N291,3,1000,3,470,156.66666666666666,132.63335552597522,182.6999778073581,2,2,201.26012958785765,1.1015881446907985,186.22451012658917,0.95,80,1.01929136698061,1.080739208018578,True,,,,,0.6666666666666666,,301.8901943817865,1.0,insufficient_positive_spectrum
cat_highd_3cat_500feat,categorical_high_dimensional,categorical,N292,4,1000,4,579,144.75,121.68758116896808,169.81241883103195,3,0,168.05633780907328,0.9896587008532868,167.38228697428656,0.95,80,0.985689316049591,1.0040270141301766,True,,,,,0.75,,224.07511707876438,1.0,insufficient_positive_spectrum
cat_highd_3cat_500feat,categorical_high_dimensional,categorical,N293,3,1000,3,475,158.33333333333334,134.16721854909753,184.4994481175692,2,1,198.3361577856144,1.0749959406882779,182.22619266534687,0.95,80,0.9876787953816875,1.088406418883223,True,,,,,0.6666666666666666,,297.50423667842165,1.0,insufficient_positive_spectrum
cat_highd_3cat_500feat,categorical_high_dimensional,categorical,N294,3,1000,3,471,157.0,132.94007182771665,183.05992817228332,2,1,203.84398828689294,1.1135369183311876,177.8169448731958,0.95,80,0.9713591972233641,1.1463698717366753,True,,,,,0.6666666666666666,,305.7659824303394,1.0,insufficient_positive_spectrum
cat_highd_3cat_500feat,categorical_high_dimensional,categorical,N295,2,1000,2,332,166.0,141.23180254654977,192.76819745345026,1,1,244.99999999919402,1.2709565334725752,184.21171360650774,0.95,80,0.9556125753107758,1.329991427811889,True,,,,,0.5,,489.99999999838803,1.0,insufficient_positive_spectrum
cat_highd_3cat_500feat,categorical_high_dimensional,categorical,N296,2,1000,2,326,163.0,138.46570933039257,189.5342906696074,1,1,244.99999999918202,1.2926420814598736,186.7436032077361,0.95,80,0.9852760814309007,1.3119592628114856,True,,,,,0.5,,489.99999999836405,1.0,insufficient_positive_spectrum
cat_highd_3cat_500feat,categorical_high_dimensional,categorical,N297,3,1000,3,484,161.33333333333334,136.9299214889898,187.73674517767688,2,1,201.2613558200635,1.072040295732126,184.42077309836608,0.95,80,0.9823371174557622,1.0913160835342286,True,,,,,0.6666666666666666,,301.89203373009525,1.0,insufficient_positive_spectrum
cat_highd_3cat_500feat,categorical_high_dimensional,categorical,N298,2,1000,2,330,165.0,140.30953484266976,191.69046515733027,1,1,244.99999999919007,1.2781021726777382,186.12257630931882,0.95,80,0.9709537516983873,1.3163368187641156,True,,,,,0.5,,489.99999999838013,1.0,insufficient_positive_spectrum
cat_highd_3cat_500feat,categorical_high_dimensional,categorical,N299,3,1000,3,477,159.0,134.780959574163,185.219040425837,2,2,196.09267638510826,1.0587069014841655,181.23039503289647,0.95,80,0.9784652518241632,1.0820076640538914,True,,,,,0.6666666666666666,,294.1390145776624,1.0,insufficient_positive_spectrum
cat_highd_3cat_500feat,categorical_high_dimensional,categorical,N300,6,1000,6,686,114.33333333333333,93.94798009020607,136.71868657646058,5,0,135.86736399055428,0.9937731804830483,137.37030058346673,0.95,80,1.0047660932336542,0.9890592319698736,False,1.0478788749286796,1.0195412284897254,1.0134163578038622,0.29573416765604915,0.8333333333333334,143.34972697432104,163.04083678866513,1.0,evaluated
cat_highd_3cat_500feat,categorical_high_dimensional,categorical,N301,11,1000,11,831,75.54545454545455,59.16207690525417,93.9288321856549,10,0,88.44724432818886,0.9416410517419037,93.75357331733595,0.95,80,0.9981341312966338,0.9434013147297725,False,1.0112879627811688,0.9676788002896463,0.9625043772120533,0.17852821936837518,0.9090909090909091,83.66708331863215,97.29196876100775,1.0,evaluated
cat_highd_3cat_500feat,categorical_high_dimensional,categorical,N302,3,1000,3,480,160.0,135.70177871865297,186.29822128134705,2,2,198.94409720780462,1.0678797459228544,179.794681689417,0.95,80,0.96509070485376,1.106507129902023,True,,,,,0.6666666666666666,,298.41614581170694,1.0,insufficient_positive_spectrum
cat_highd_3cat_500feat,categorical_high_dimensional,categorical,N303,2,1000,2,327,163.5,138.92657629491114,190.07342370508883,1,1,245.99999999917802,1.2942366965560785,188.5704664041408,0.95,80,0.9920927540965434,1.3045521108907652,True,,,,,0.5,,491.99999999835603,1.0,insufficient_positive_spectrum
cat_highd_3cat_500feat,categorical_high_dimensional,categorical,N304,10,1000,10,812,81.2,64.17779147828989,100.22220852171009,9,0,95.88955889170097,0.9567695654095412,101.42579046125375,0.95,80,1.012009134076136,0.9454159386446418,False,1.041079213827324,0.9855417230938669,0.9788176567181498,0.2291446777888569,0.9,93.54275946999489,106.54395432411219,1.0,evaluated
cat_highd_3cat_500feat,categorical_high_dimensional,categorical,N305,5,1000,5,660,132.0,110.02174941384789,155.97825058615211,4,0,155.90299823612722,0.9995175458774406,156.1531013051618,0.95,80,1.0011209942306227,0.9983983470904889,False,1.0484500261733811,1.0264538018662055,1.0193059367936865,0.48163513547866615,0.8,172.55730787717624,194.878747795159,1.0,evaluated
cat_highd_3cat_500feat,categorical_high_dimensional,categorical,N306,6,1000,6,703,117.16666666666667,96.51795615849399,139.81537717483937,5,0,133.19020040488064,0.9526148203164096,139.72950871067,0.95,80,0.9993858439185699,0.9532002340369641,False,1.0775316009194098,0.9905442048339461,0.9778434909641456,0.4552523748144262,0.8333333333333334,151.0698271331579,159.82824048585675,1.0,evaluated
cat_highd_3cat_500feat,categorical_high_dimensional,categorical,N307,5,1000,5,640,128.0,106.3725830020305,151.62741699796953,4,1,155.01054581207075,1.0223121179604775,151.34954356925007,0.95,80,0.9981673932444343,1.0241890537393368,True,1.0924154387471938,1.0538359275736922,1.0445984982120278,0.4584060293331488,0.8,174.33119776387576,193.76318226508843,1.0,evaluated
cat_highd_3cat_500feat,categorical_high_dimensional,categorical,N308,2,1000,2,316,158.0,133.86038982004695,184.13961017995308,1,1,246.99999999915002,1.3413735358610008,180.53219523331444,0.95,80,0.9804093484117119,1.368177015074428,True,,,,,0.5,,493.99999999830004,1.0,insufficient_positive_spectrum
cat_highd_3cat_500feat,categorical_high_dimensional,categorical,N309,2,1000,2,316,158.0,133.86038982004695,184.13961017995308,1,1,246.99999999915,1.3413735358610008,180.53219523331444,0.95,80,0.9804093484117119,1.368177015074428,True,,,,,0.5,,493.9999999983,1.0,insufficient_positive_spectrum
cat_highd_3cat_500feat,categorical_high_dimensional,categorical,N310,3,1000,3,489,163.0,138.46570933039257,189.5342906696074,2,1,200.49999999917497,1.0578560707449123,187.90744061917633,0.95,80,0.9914165925084925,1.0670146926513646,True,,,,,0.6666666666666666,,300.74999999876246,1.0,insufficient_positive_spectrum
cat_highd_3cat_500feat,categorical_high_dimensional,categorical,N311,2,1000,2,327,163.5,138.92657629491114,190.07342370508883,1,1,246.99999999917202,1.2994978213388129,188.5704664041408,0.95,80,0.9920927540965434,1.3098551682520958,True,,,,,0.5,,493.99999999834404,1.0,insufficient_positive_spectrum
cat_highd_3cat_500feat,categorical_high_dimensional,categorical,N312,3,1000,3,480,160.0,135.70177871865297,186.29822128134705,2,2,203.40512483704148,1.0918253724487237,179.794681689417,0.95,80,0.96509070485376,1.1313189184784116,True,,,,,0.6666666666666666,,305.10768725556227,1.0,insufficient_positive_spectrum
cat_highd_3cat_500feat,categorical_high_dimensional,categorical,N313,8,1000,8,772,96.5,77.85311729561148,117.14688270438849,7,0,113.02395729871515,0.964805504760402,118.37904478965598,0.95,80,1.0105180953758433,0.9547632142119737,False,1.0542651237989111,1.0173065399083083,0.9978820044826824,0.274185334838167,0.875,115.86863930681115,129.1702369128173,1.0,evaluated
cat_highd_3cat_500feat,categorical_high_dimensional,categorical,N314,17,1000,17,905,53.23529411764706,39.642789998388146,68.82779823690596,16,0,67.7536606390116,0.9843938404916401,69.52156972346516,0.95,80,1.010079815195762,0.974570351453718,False,1.0136438909284027,0.9798695851899644,0.9931695411267122,0.1231355490117761,0.9411764705882353,56.97503791089981,71.98826442894982,1.0,evaluated
cat_highd_3cat_500feat,categorical_high_dimensional,categorical,N315,3,1000,3,475,158.33333333333334,134.16721854909753,184.4994481175692,2,2,200.85811682189356,1.0886651362442021,182.22619266534687,0.95,80,0.9876787953816875,1.102246136430912,True,,,,,0.6666666666666666,,301.28717523284035,1.0,insufficient_positive_spectrum
cat_highd_3cat_500feat,categorical_high_dimensional,categorical,N316,6,1000,6,697,116.16666666666667,95.61053838103368,138.72279495229967,5,0,137.74549419881993,0.9929550096376317,139.22215465893262,0.95,80,1.0035996946774657,0.9893934951392598,False,1.0576138114839522,1.0054231133357319,1.0060276262228776,0.33681864412298756,0.8333333333333334,147.00821746086723,165.2945930385839,1.0,evaluated
cat_highd_3cat_500feat,categorical_high_dimensional,categorical,N317,2,1000,2,327,163.5,138.92657629491114,190.07342370508883,1,1,247.999999999166,1.3047589461215472,188.5704664041408,0.95,80,0.9920927540965434,1.315158225613426,True,,,,,0.5,,495.999999998332,1.0,insufficient_positive_spectrum
cat_highd_3cat_500feat,categorical_high_dimensional,categorical,N318,2,1000,2,330,165.0,140.30953484266976,191.69046515733027,1,1,247.99999999917205,1.2937524033635457,186.12257630931882,0.95,80,0.9709537516983873,1.332455228789755,True,,,,,0.5,,495.9999999983441,1.0,insufficient_positive_spectrum
cat_highd_3cat_500feat,categorical_high_dimensional,categorical,N319,12,1000,12,860,71.66666666666667,55.73543320106628,89.59790013226706,11,0,85.11353344033647,0.9499500916281449,89.11363883797195,0.95,80,0.99459517138705,0.9551123099696496,False,1.0243195442155888,0.9925392875724146,0.9791545297779557,0.19364300554200262,0.9166666666666666,79.71053512017892,92.85112738945797,1.0,evaluated
cat_highd_3cat_500feat,categorical_high_dimensional,categorical,N320,5,1000,5,649,129.8,108.01403941019821,153.58596058980177,4,0,152.300241901183,0.9916286704612756,154.47287464753558,0.95,80,1.0057747078855896,0.9859351827865577,False,1.0587258845405778,1.0164855259782102,1.0103984437451499,0.41906661351898056,0.8,171.33704412997906,190.37530237647874,1.0,evaluated
cat_highd_3cat_500feat,categorical_high_dimensional,categorical,N321,21,1000,21,931,44.333333333333336,32.01667709637455,58.64998957029213,20,0,56.033247285008365,0.9553837553176784,59.364920923719296,0.95,80,1.0121897950650156,0.9438780750168614,False,1.0025366534484224,1.0021137240808848,0.9878708058828823,0.10235126357517192,0.9523809523809523,46.31696240467845,58.83490964925878,1.0,evaluated
cat_highd_3cat_500feat,categorical_high_dimensional,categorical,N322,4,1000,4,595,148.75,125.35737816469907,174.14262183530093,3,1,178.49081002082093,1.0249691209406069,172.09697825843458,0.95,80,0.9882530562862373,1.0371524928972597,True,,,,,0.75,,237.9877466944279,1.0,insufficient_positive_spectrum
cat_highd_3cat_500feat,categorical_high_dimensional,categorical,N323,22,1000,22,933,42.40909090909091,30.38463838177278,56.43354343640904,21,0,54.02792455347483,0.9573725352609671,56.56931178678719,0.95,80,1.0024058094195545,0.9550748072932019,False,1.0346347736566688,0.9876330053897321,0.9761378648334162,0.12276009880785793,0.9545454545454546,45.60579497985468,56.60068286554506,1.0,evaluated
cat_highd_3cat_500feat,categorical_high_dimensional,categorical,N324,4,1000,4,598,149.5,126.04596147872502,174.95403852127495,3,0,172.39799162461114,0.985390180653915,177.79652336538138,0.95,80,1.016247037611314,0.9696364606090977,False,,,,,0.75,,229.86398883281484,1.0,insufficient_positive_spectrum
cat_highd_3cat_500feat,categorical_high_dimensional,categorical,N325,4,1000,4,596,149.0,125.58688876853257,174.41311123146738,3,1,176.45105821613276,1.0116845973922268,175.09419826723874,0.95,80,1.0039050219961243,1.007749314153877,True,,,,,0.75,,235.26807762151034,1.0,insufficient_positive_spectrum
cat_highd_3cat_500feat,categorical_high_dimensional,categorical,N326,11,1000,11,835,75.9090909090909,59.48392624311532,94.33425557506646,10,0,90.47542164436979,0.9590940331571705,95.64027694874767,0.95,80,1.013844614193642,0.9459970687125294,False,1.0214972546118102,1.0113700433446784,0.9928755737535286,0.2090374704311331,0.9090909090909091,84.92033023871787,99.52296380880676,1.0,evaluated
cat_highd_3cat_500feat,categorical_high_dimensional,categorical,N327,4,1000,4,574,143.5,120.54170289857811,168.45829710142186,3,1,175.33688442730863,1.0408325825693552,169.37843549356572,0.95,80,1.00546211381675,1.035178320760728,True,,,,,0.75,,233.78251256974485,1.0,insufficient_positive_spectrum
cat_highd_3cat_500feat,categorical_high_dimensional,categorical,N328,4,1000,4,588,147.0,123.75128869403571,172.24871130596426,3,0,170.69397339317445,0.9909738778246756,171.28975205349587,0.95,80,0.9944327057938622,0.9965218079121548,False,,,,,0.75,,227.5919645242326,1.0,insufficient_positive_spectrum
cat_highd_3cat_500feat,categorical_high_dimensional,categorical,N329,5,1000,5,660,132.0,110.02174941384789,155.97825058615211,4,1,161.42839217390875,1.0349416765944963,156.1531013051618,0.95,80,1.0011209942306227,1.0337828120264978,True,1.0719560454541488,1.0601600241505573,1.0541212660553967,0.3716894981814399,0.8,176.42600481526713,201.78549021738593,1.0,evaluated
cat_highd_3cat_500feat,categorical_high_dimensional,categorical,N330,5,1000,5,660,132.0,110.02174941384789,155.97825058615211,4,0,152.13527216428997,0.9753620879358463,156.1531013051618,0.95,80,1.0011209942306227,0.9742699369574479,False,1.082893746715296,1.0174903334550993,1.0024386848905298,0.5833128838749945,0.8,178.22616718531052,190.16909020536247,1.0,evaluated
cat_highd_3cat_500feat,categorical_high_dimensional,categorical,N331,3,1000,3,477,159.0,134.780959574163,185.219040425837,2,2,207.8319891589779,1.1220876033109313,181.23039503289647,0.95,80,0.9784652518241632,1.1467832927321755,True,,,,,0.6666666666666666,,311.74798373846687,1.0,insufficient_positive_spectrum
cat_highd_3cat_500feat,categorical_high_dimensional,categorical,N332,5,1000,5,649,129.8,108.01403941019821,153.58596058980177,4,1,156.45883265086334,1.0187053038573912,154.47287464753558,0.95,80,1.0057747078855896,1.0128563542813531,True,1.0782432636201738,1.0507318568736268,1.0411690444171113,0.4966882993610172,0.8,174.4956048957937,195.57354081357917,1.0,evaluated
cat_highd_3cat_500feat,categorical_high_dimensional,categorical,N333,5,1000,5,659,131.8,109.83916377829415,155.7608362217059,4,0,155.11811227355355,0.9958736485772489,156.68586831682305,0.95,80,1.0059387976949514,0.9899942728715045,False,1.0798561315954016,1.029060680134139,1.0187069504834223,0.44314238381265636,0.8,177.45626245393672,193.89764034194192,1.0,evaluated
cat_highd_3cat_500feat,categorical_high_dimensional,categorical,N334,26,1000,26,952,36.61538461538461,25.513255114278685,49.71751411649055,25,0,47.92716897647647,0.9639896488827013,50.29347718071032,0.95,80,1.0115847116344205,0.9529499979543784,False,1.0166842854631317,1.0074237592129733,1.0014251947000452,0.08463662212670572,0.9615384615384616,38.3626047364678,49.84425573553553,1.0,evaluated
cat_highd_3cat_500feat,categorical_high_dimensional,categorical,N335,3,1000,3,502,167.33333333333334,142.46185611742368,194.20481054924304,2,1,204.54157065915433,1.0532260765357833,190.75136686642833,0.95,80,0.9822175173053241,1.072294128316168,True,,,,,0.6666666666666666,,306.8123559887315,1.0,insufficient_positive_spectrum
cat_highd_3cat_500feat,categorical_high_dimensional,categorical,N336,3,1000,3,507,169.0,144.0,196.0,2,1,205.9083269123167,1.0505526883281464,191.10643738203484,0.95,80,0.9750328437858921,1.0774536417142866,True,,,,,0.6666666666666666,,308.8624903684751,1.0,insufficient_positive_spectrum
cat_highd_3cat_500feat,categorical_high_dimensional,categorical,N337,3,1000,3,486,162.0,137.54415587728428,188.45584412271572,2,1,206.87941840225727,1.0977606949007364,186.5383187552777,0.95,80,0.9898250681672179,1.1090451537395132,True,,,,,0.6666666666666666,,310.31912760338594,1.0,insufficient_positive_spectrum
cat_highd_3cat_500feat,categorical_high_dimensional,categorical,N338,26,1000,26,960,36.92307692307692,25.77020451807292,50.07594932808092,25,0,48.15361499415639,0.9616116247476402,50.044561539845034,0.95,80,0.9993731963416163,0.9622147444696246,False,1.023942216114469,0.9828005053297193,0.9790602253060087,0.12145970146397239,0.9615384615384616,38.964132566851596,50.079759593922645,1.0,evaluated
cat_highd_3cat_500feat,categorical_high_dimensional,categorical,N339,8,1000,8,778,97.25,78.52691707668399,117.97308292331603,7,0,110.69824517057981,0.9383347660968989,118.84632150191118,0.95,80,1.0074020154170487,0.9314402311458976,False,1.0282796848687463,0.9757981377511499,0.9638334576608496,0.38208080761383484,0.875,113.89410225726506,126.51228019494836,1.0,evaluated
cat_highd_3cat_500feat,categorical_high_dimensional,categorical,N340,3,1000,3,511,170.33333333333334,145.23097073273084,197.43569593393588,2,1,206.24499799749293,1.0446185884567942,194.07740569938105,0.95,80,0.9829904606729345,1.0626945329069322,True,,,,,0.6666666666666666,,309.3674969962394,1.0,insufficient_positive_spectrum
cat_highd_3cat_500feat,categorical_high_dimensional,categorical,N341,6,1000,6,708,118.0,97.27443901759956,140.72556098240042,5,0,136.1640821379233,0.9675859963702855,141.33039490158748,0.95,80,1.0042979677250155,0.9634451402526566,False,1.0477134010551268,1.001928764430288,0.9911406135124492,0.43672313101982,0.8333333333333334,147.93703251684857,163.39689856550794,1.0,evaluated
cat_highd_3cat_500feat,categorical_high_dimensional,categorical,N342,15,1000,15,896,59.733333333333334,45.2758648040646,76.19080186260207,14,0,72.03760073610769,0.9454894682171213,75.87098134176136,0.95,80,0.9958023736064958,0.9494750095772957,False,1.0081978685554778,0.9812101291295627,0.9702198593888557,0.18557722789519907,0.9333333333333333,64.16441853364601,77.18314364582967,1.0,evaluated
cat_highd_3cat_500feat,categorical_high_dimensional,categorical,N343,29,1000,29,963,33.206896551724135,22.681811467140314,45.731981636307964,28,0,44.906409699388995,0.9819476019323964,46.23645265029136,0.95,80,1.0110310333366985,0.9712338885302875,False,1.0025497145493163,1.020136481714992,1.0176432098952775,0.0804284829174905,0.9655172413793104,34.13412436090457,46.510210045795745,1.0,evaluated
cat_highd_3cat_500feat,categorical_high_dimensional,categorical,N344,31,1000,31,966,31.161290322580644,20.996830582390682,43.32575006277061,30,0,42.65784976723099,0.9845842185173491,43.76539845525589,0.95,80,1.010147507933465,0.9746935084080814,False,1.010533765886317,1.009606156769509,1.00517568600725,0.07935201833836325,0.967741935483871,32.19078567361031,44.079778092805356,1.0,evaluated
cat_highd_3cat_500feat,categorical_high_dimensional,categorical,N345,4,1000,4,582,145.5,122.37532383637036,170.62467616362963,3,2,178.93038224667922,1.048678223278117,169.90808853896905,0.95,80,0.9958002110786521,1.0531010252972204,True,,,,,0.75,,238.57384299557228,1.0,insufficient_positive_spectrum
cat_highd_3cat_500feat,categorical_high_dimensional,categorical,N346,34,1000,34,975,28.676470588235293,18.966387378804047,40.386553797666544,33,0,39.37249495437068,0.9748911766927126,40.48950671994581,0.95,80,1.002549188098471,0.9724123147930358,False,1.0285472571665843,1.0043924143949,0.9938798763714964,0.0926233806200556,0.9705882352941176,30.035294449600478,40.56560086207888,1.0,evaluated
cat_highd_3cat_500feat,categorical_high_dimensional,categorical,N347,3,1000,3,484,161.33333333333334,136.9299214889898,187.73674517767688,2,1,209.75735082126877,1.1172951284669992,184.42077309836608,0.95,80,0.9823371174557622,1.1373846194072113,True,,,,,0.6666666666666666,,314.6360262319032,1.0,insufficient_positive_spectrum
cat_highd_3cat_500feat,categorical_high_dimensional,categorical,N348,7,1000,7,759,108.42857142857143,88.60276326383782,130.25437959330506,6,0,125.70771539318962,0.9650939629491803,129.52079795439158,0.95,80,0.9943680846570845,0.9705600751275122,False,1.047785453967774,0.9946663961729277,0.986570403265534,0.24687204481874325,0.8571428571428571,132.13728179766596,146.65900129205457,1.0,evaluated
cat_highd_3cat_500feat,categorical_high_dimensional,categorical,N349,6,1000,6,715,119.16666666666667,98.33396947491624,141.99936385841707,5,0,136.0703190190855,0.958245976050687,140.87682890821014,0.95,80,0.9920947888799969,0.9658814730117443,False,1.0764554277847933,1.0048686873371977,0.9877185709716051,0.5131844742606185,0.8333333333333334,153.50244262878593,163.2843828229026,1.0,evaluated
cat_highd_3cat_500feat,categorical_high_dimensional,categorical,N350,4,1000,4,585,146.25,123.06322675510434,171.43677324489562,3,1,181.06676352499534,1.0561722557991884,170.88682608541725,0.95,80,0.9967921283802235,1.0595712242586195,True,,,,,0.75,,241.42235136666045,1.0,insufficient_positive_spectrum
cat_highd_3cat_500feat,categorical_high_dimensional,categorical,N351,28,1000,28,968,34.57142857142857,23.811933927281896,47.33092321557524,27,0,45.94595421402164,0.9707386015851505,48.000393411971075,0.95,80,1.0141444567507514,0.9571995341722123,False,1.022128060331708,0.9824612170149818,0.9742413043568411,0.11563903980147744,0.9642857142857143,36.29155541099456,47.64765622194837,1.0,evaluated
cat_highd_3cat_500feat,categorical_high_dimensional,categorical,N352,30,1000,30,972,32.4,22.015800423393838,44.78419957660617,29,0,43.1959362981926,0.9645351866633957,45.152579653519716,0.95,80,1.0082256706694825,0.9566659674742506,False,1.0283112128238896,0.9980772808771022,0.9826494125777809,0.12052877474375809,0.9666666666666667,34.11124315690741,44.68545134295786,1.0,evaluated
cat_highd_3cat_500feat,categorical_high_dimensional,categorical,N353,20,1000,20,935,46.75,34.07520566882266,61.424794331177345,19,0,58.749660150553495,0.9564486261655086,61.21659607872556,0.95,80,0.9966105177116383,0.9597015174610568,False,1.0222489427311783,0.9969979983226345,0.9896452213331235,0.12569045561399422,0.95,49.94650105922673,61.841747526898416,1.0,evaluated
cat_highd_3cat_500feat,categorical_high_dimensional,categorical,N354,6,1000,6,702,117.0,96.36669234721609,139.63330765278397,5,0,136.9138776754281,0.980524489299372,137.80791900156305,0.95,80,0.9869272691315171,0.9935124096451612,False,1.0822159561173,1.0151600157880707,1.0043399664971442,0.3663238937113166,0.8333333333333334,151.51012992219046,164.2966532105137,1.0,evaluated
cat_highd_3cat_500feat,categorical_high_dimensional,categorical,N355,2,1000,2,333,166.5,141.6930241988721,193.30697580112786,1,1,254.999999999136,1.3191453590452797,187.89972295044046,0.95,80,0.9720276372423812,1.3571068439861063,True,,,,,0.5,,509.999999998272,1.0,insufficient_positive_spectrum
cat_highd_3cat_500feat,categorical_high_dimensional,categorical,N356,13,1000,13,873,67.15384615384616,51.764356088094125,84.5433362195982,12,0,83.99969385212319,0.9935696603448091,85.63862475982705,0.95,80,1.012955350346997,0.9808622463018266,False,1.0136395917231518,1.0022709258693352,1.0086130368186663,0.175816073525428,0.9230769230769231,73.3760867247739,90.99966833980011,1.0,evaluated
cat_highd_3cat_500feat,categorical_high_dimensional,categorical,N357,36,1000,36,981,27.25,17.80969349108945,38.69030650891055,35,0,37.708040594300826,0.9746120927115554,38.52843355221537,0.95,80,0.9958161883091337,0.9787068177375363,False,1.0168623954663059,1.005871049501996,0.9929794655177051,0.08485476201221298,0.9722222222222222,28.15218393502824,38.78541318270942,1.0,evaluated
cat_highd_3cat_500feat,categorical_high_dimensional,categorical,N358,4,1000,4,597,149.25,125.81641655425875,174.68358344574122,3,1,180.74389432097627,1.0346930762221136,172.7680412347826,0.95,80,0.9890342173364356,1.0461650952872408,True,,,,,0.75,,240.99185909463503,1.0,insufficient_positive_spectrum
cat_highd_3cat_500feat,categorical_high_dimensional,categorical,N359,40,1000,40,984,24.6,15.680322585890204,35.51967741410979,39,0,34.88081798387209,0.9820139292711053,35.90033040047199,0.95,80,1.0107166791501034,0.9716015868035996,False,1.028599455231678,1.0004845105953006,1.0114311873945834,0.06697956523010173,0.975,25.6002744329403,35.7751979321765,1.0,evaluated
cat_highd_3cat_500feat,categorical_high_dimensional,categorical,N360,4,1000,4,597,149.25,125.81641655425875,174.68358344574122,3,1,180.08033080437284,1.0308944163623017,172.7680412347826,0.95,80,0.9890342173364356,1.0423243183017468,True,,,,,0.75,,240.10710773916378,1.0,insufficient_positive_spectrum
cat_highd_3cat_500feat,categorical_high_dimensional,categorical,N361,6,1000,6,736,122.66666666666667,101.51566969888515,145.81766363444822,5,0,143.3628576528572,0.9831652358129602,144.6627914498373,0.95,80,0.9920800254521559,0.991014041800577,False,1.0425304622344496,0.9989380559547566,0.9976076877502231,0.37301486971522874,0.8333333333333334,153.04337662662985,172.03542918342865,1.0,evaluated
cat_highd_3cat_500feat,categorical_high_dimensional,categorical,N362,3,1000,3,501,167.0,142.15430403335984,193.8456959666402,2,1,208.7613558200364,1.0769460460755504,186.94068854512633,0.95,80,0.964378845828477,1.1167250824030355,True,,,,,0.6666666666666666,,313.14203373005466,1.0,insufficient_positive_spectrum
cat_highd_3cat_500feat,categorical_high_dimensional,categorical,N363,6,1000,6,717,119.5,98.63678889092456,142.36321110907545,5,0,141.73215009488047,0.9955672465570373,140.35137715938583,0.95,80,0.9858683016910303,1.0098379721199786,True,1.0267725603458981,1.042603226495507,1.0254919471474297,0.3669719570377835,0.8333333333333334,146.82837971768717,170.07858011385656,1.0,evaluated
cat_highd_3cat_500feat,categorical_high_dimensional,categorical,N364,4,1000,4,603,150.75,127.19394168438264,176.30605831561735,3,1,182.68451606265356,1.0361783242616525,174.02755571684168,0.95,80,0.9870764361670614,1.0497447677763028,True,,,,,0.75,,243.57935475020474,1.0,insufficient_positive_spectrum
cat_highd_3cat_500feat,categorical_high_dimensional,categorical,N365,18,1000,18,921,51.166666666666664,37.86049084408338,66.47284248924997,17,0,64.54488234714611,0.9709962735170284,66.8890428738322,0.95,80,1.0062612093750847,0.9649544914088889,False,1.0170244433659683,1.005251991478647,1.0080065522804784,0.10281435593435256,0.9444444444444444,54.739641121653605,68.34164013227236,1.0,evaluated
cat_highd_3cat_500feat,categorical_high_dimensional,categorical,N366,38,1000,38,982,25.842105263157894,16.67507909752659,37.009131428789196,37,0,35.63052121262333,0.9627494576894217,37.37842006196952,0.95,80,1.0099783112686902,0.9532377546603532,False,1.0366383784939242,1.0028602047026545,0.999218699960058,0.092066082845077,0.9736842105263158,27.157651675734762,36.59350827242396,1.0,evaluated
cat_highd_3cat_500feat,categorical_high_dimensional,categorical,N367,22,1000,22,944,42.90909090909091,30.808084702071397,57.01009711611041,21,0,56.321472457866165,0.9879210053467942,57.117156777509905,0.95,80,1.001877907016742,0.9860692589663874,False,0.994841766234533,0.994519771543869,0.9971070292656451,0.1448105383676354,0.9545454545454546,44.37286451417548,59.00344733681217,1.0,evaluated
cat_highd_3cat_500feat,categorical_high_dimensional,categorical,N368,44,1000,44,990,22.5,14.013167019494862,32.98683298050514,43,0,32.67332240039648,0.9904958872440424,33.28261556244306,0.95,80,1.0089666862566868,0.9816933509656577,False,1.0151810950103273,1.0068882868402225,1.003722855344183,0.07057331482369167,0.9772727272727273,23.026054306478446,33.433167107382445,1.0,evaluated
cat_highd_3cat_500feat,categorical_high_dimensional,categorical,N369,25,1000,25,961,38.44,27.040000000000003,51.84,24,0,51.58689502773029,0.9951175738373899,52.4983879703369,0.95,80,1.0127003852302643,0.9826376965494326,False,1.0022239905783334,1.0049698218646923,1.0044881575054636,0.08157562196551166,0.96,39.78245932161047,53.73634898721906,1.0,evaluated
cat_highd_3cat_500feat,categorical_high_dimensional,categorical,N370,10,1000,10,837,83.7,66.4024591816277,102.99754081837229,9,0,100.11433436782669,0.9720070360162297,102.47866556115407,0.95,80,0.9949622558646016,0.9769285521002762,False,1.0533036288156823,0.9948741539267623,0.9911857708646624,0.21472329338803586,0.9,97.56699186921648,111.23814929758521,1.0,evaluated
cat_highd_3cat_500feat,categorical_high_dimensional,categorical,N371,40,1000,40,983,24.575,15.66036435364365,35.48963564635635,39,0,34.173733619874966,0.9629215120833036,35.38545787177972,0.95,80,0.9970645577876671,0.9657564342873427,False,1.018765789009755,1.009643855862087,0.9869642787260277,0.07322378769057236,0.975,25.329406826175934,35.04998319987176,1.0,evaluated
cat_highd_3cat_500feat,categorical_high_dimensional,categorical,N372,25,1000,25,951,38.04,26.70468484391258,51.375315156087424,24,0,50.214519756695985,0.9774055809513823,51.54191829040929,0.95,80,1.0032428635000232,0.9742462334010509,False,1.0041597491819327,1.0207355429287353,1.0071136469745567,0.11792771987744571,0.96,39.440894925820956,52.306791413224985,1.0,evaluated
cat_highd_3cat_500feat,categorical_high_dimensional,categorical,N373,47,1000,47,991,21.085106382978722,12.901402036043606,31.26881072991383,46,0,30.839682592096008,0.9862761605638142,31.26941289165055,0.95,80,1.0000192575836004,0.9862571676339569,False,1.025543867346099,1.0055160815037263,1.0137946857666378,0.058913027998172884,0.9787234042553191,21.744010564491266,31.51011047453288,1.0,evaluated
cat_highd_3cat_500feat,categorical_high_dimensional,categorical,N374,31,1000,31,985,31.774193548387096,21.500473035905493,44.04791406086869,30,0,43.84890653019197,0.9954820214550518,44.49331493339699,0.95,80,1.0101117358681913,0.9855167365216629,False,1.0035134627152111,1.0006465316362532,0.9976294691334621,0.05188691333356099,0.967741935483871,32.602717255872626,45.31053674786503,1.0,evaluated
cat_highd_3cat_500feat,categorical_high_dimensional,categorical,N375,5,1000,5,685,137.0,114.59060017856076,161.40939982143925,4,0,157.76221815627775,0.9774041557109051,160.63576939533957,0.95,80,0.9952070299068362,0.9821113862131806,False,1.077316432122818,1.019906015256175,1.0045670634472321,0.3987951909420808,0.8,184.04146604331572,197.2027726953472,1.0,evaluated
cat_highd_3cat_500feat,categorical_high_dimensional,categorical,N376,29,1000,29,960,33.10344827586207,22.596329040212854,45.6105675115113,28,0,44.319896238070285,0.9717023632052973,45.96077481381165,0.95,80,1.0076782053240616,0.964298282994823,False,1.0233826036048348,1.0242329561782384,1.0087049379343727,0.09980531571812609,0.9655172413793104,34.73377911801669,45.90274967514422,1.0,evaluated
cat_highd_3cat_500feat,categorical_high_dimensional,categorical,N377,43,1000,43,985,22.906976744186046,14.33473003942837,33.47922344894372,42,0,31.99756195842813,0.9557438513239369,33.66557385308257,0.95,80,1.0055661507329474,0.9504534839675186,False,1.029586926445173,1.0128305041740913,0.9924788502916503,0.06916965775942871,0.9767441860465116,23.794443111758756,32.75940867172404,1.0,evaluated
cat_highd_3cat_500feat,categorical_high_dimensional,categorical,N378,35,1000,35,970,27.714285714285715,18.18541384417813,39.2431575843933,34,1,39.482264286327904,1.0060929526738616,39.356112982502445,0.95,80,1.0028783463172206,1.0032053801624552,True,1.0177187016839966,1.0141772500063708,1.0049566200411069,0.09718581902285373,0.9714285714285714,28.685326739274192,40.64350735357284,1.0,evaluated
cat_highd_3cat_500feat,categorical_high_dimensional,categorical,N379,41,1000,41,993,24.21951219512195,15.376847475622064,35.062176914621844,40,0,34.10650989653825,0.9727436485073162,35.047764556772094,0.95,80,0.999588948573135,0.9731436605975495,False,1.0090563296023374,0.9859854991249422,0.9923874495701881,0.06390289047436659,0.975609756097561,24.704640994351024,34.9591726439517,1.0,evaluated
cat_highd_3cat_500feat,categorical_high_dimensional,categorical,N380,49,1000,49,993,20.26530612244898,12.261905404398274,30.26870684049968,48,0,30.02528322225901,0.9919579115314247,30.48060111611101,0.95,80,1.0070004403137507,0.9850620434906273,False,1.024408135703032,1.0058438157812168,1.017385186108233,0.05840767378848688,0.9795918367346939,20.84334862085858,30.650809956056072,1.0,evaluated
cat_highd_3cat_500feat,categorical_high_dimensional,categorical,N381,47,1000,47,986,20.97872340425532,12.818216124796322,31.139230683714317,46,0,30.021673142550224,0.9641109456904929,31.18207560933898,0.95,80,1.0013759147122112,0.9627862339464914,False,1.0250527103841025,1.0105030756285949,0.9999753508524619,0.06966504677093187,0.9787234042553191,21.622175519664204,30.674318210866534,1.0,evaluated
cat_highd_3cat_500feat,categorical_high_dimensional,categorical,N382,8,1000,8,793,99.125,80.21269224826013,120.03730775173989,7,0,119.06476789798938,0.9918980201075327,119.78565105282931,0.95,80,0.997903512635996,0.9939818905811849,False,1.0947364911558517,1.029867917305358,1.0179870610601625,0.35159150988604576,0.875,123.60084364005571,136.074020454845,1.0,evaluated
cat_highd_3cat_500feat,categorical_high_dimensional,categorical,N383,49,1000,49,987,20.142857142857142,12.166698244339992,30.119016041374287,48,0,29.233159907158402,0.9705881449447422,30.273387834375033,0.95,80,1.0051253929673096,0.9656388662904961,False,1.0184108371751481,1.0097965317498023,0.9928203138538934,0.06417226142777446,0.9795918367346939,20.59401872366979,29.84218407189087,1.0,evaluated
cat_highd_3cat_500feat,categorical_high_dimensional,categorical,N384,43,1000,43,986,22.930232558139537,14.353128077527552,33.50733703875152,42,0,33.36199493454584,0.9956623797338,33.71173734367128,0.95,80,1.0061001656050246,0.9896255002950449,False,1.0188062591866194,1.0133737593940657,0.9930320180215658,0.07357823875372463,0.9767441860465116,23.569552431979194,34.15632814727312,1.0,evaluated
cat_highd_3cat_500feat,categorical_high_dimensional,categorical,N385,43,1000,43,994,23.11627906976744,14.50040072823931,33.73215741129557,42,0,32.63878426349306,0.9675866226262664,33.63629496852732,0.95,80,0.9971581289154026,0.9703442157952412,False,1.011516682455488,1.0050101052989364,0.9833300363127799,0.05939322837175742,0.9767441860465116,23.593585396531104,33.41589817452861,1.0,evaluated
cat_highd_3cat_500feat,categorical_high_dimensional,categorical,N386,46,1000,46,987,21.456521739130434,13.192284751848549,31.72075872641232,45,0,31.624552833145604,0.9969670998699469,31.91088204743371,0.95,80,1.005993656162552,0.9910272234448896,False,1.0103136265893238,1.0032979634003498,0.9911582568071181,0.06663951636008703,0.9782608695652174,21.81481416834321,32.32732067388217,1.0,evaluated
cat_highd_3cat_500feat,categorical_high_dimensional,categorical,N387,45,1000,45,995,22.11111111111111,13.706620458000518,32.51560176422169,44,0,31.23234939643489,0.960534257459174,32.512823643011394,0.95,80,0.9999145603630392,0.9606163321698532,False,1.021358861538017,0.9931343040591146,0.9815361080384136,0.05425833595264684,0.9777777777777777,22.747980153498837,31.94217551908114,1.0,evaluated
cat_highd_3cat_500feat,categorical_high_dimensional,categorical,N388,50,1000,50,988,19.76,11.869555691642855,29.65044430835715,49,0,29.51801550496302,0.9955336654649454,29.741899321274207,0.95,80,1.0030844398811007,0.9924724438781539,False,1.0129527067722741,1.0076652535771844,0.997992979680011,0.062440396138450316,0.98,20.079373762558255,30.120423984656146,1.0,evaluated
cat_highd_3cat_500feat,categorical_high_dimensional,categorical,N389,48,1000,48,990,20.625,12.542048937707523,30.707951062292473,47,1,30.89643985523429,1.0061381103727651,30.909724638435186,0.95,80,1.0065707274227904,0.9995702070026087,False,1.0121659212631082,1.006664213344404,0.9990859011765071,0.05964827148680524,0.9791666666666666,20.975027095067215,31.55381091598396,1.0,evaluated
cat_highd_3cat_500feat,categorical_high_dimensional,categorical,N390,50,1000,50,994,19.88,11.962601276156818,29.79739872384318,49,0,29.75091403074688,0.9984399747935344,29.815582138902354,0.95,80,1.000610234981506,0.9978310633730308,False,1.0280277957599542,1.0019829090000514,1.0093165690613948,0.05943366344481105,0.98,20.50408568849456,30.35807554157845,1.0,evaluated
cat_highd_3cat_500feat,categorical_high_dimensional,categorical,N391,47,1000,47,995,21.170212765957448,12.967992867268338,31.372432664646553,46,0,30.555126393541265,0.973948265987473,31.541947454531766,0.95,80,1.0054033039674426,0.9687140097353526,False,1.0129356083160463,0.9959904073023648,0.9856867632250179,0.05408817164585761,0.9787234042553191,21.564768322048774,31.21936827166173,1.0,evaluated
cat_highd_3cat_500feat,categorical_high_dimensional,categorical,N392,49,1000,49,995,20.306122448979593,12.293659422929593,30.3185854750296,48,0,29.566668645090374,0.975199475234143,30.52507628377193,0.95,80,1.0068107006150533,0.9686026128232454,False,1.0113474267767137,0.9931148745689201,0.9839556129258955,0.060560524184800985,0.9795918367346939,20.61974651224993,30.18264090852976,1.0,evaluated
cat_highd_3cat_500feat,categorical_high_dimensional,categorical,N393,2,1000,2,345,172.5,147.23214892687264,199.76785107312742,1,1,264.9999999991,1.326539773920347,197.2330442801766,0.95,80,0.9873112376223995,1.3435882459059851,True,,,,,0.5,,529.9999999982,1.0,insufficient_positive_spectrum
cat_highd_3cat_500feat,categorical_high_dimensional,categorical,N394,50,1000,50,993,19.86,11.947088017937123,29.772911982062876,49,1,29.940344076876595,1.0056236385246626,29.87874636384074,0.95,80,1.0035547205406588,1.002061589609074,True,1.0131379277106731,1.003369592739973,1.0063497975003444,0.0525313705071182,0.98,20.186429435324172,30.551371507016935,1.0,evaluated
cat_highd_3cat_500feat,categorical_high_dimensional,categorical,N395,50,1000,50,995,19.9,11.978116790721817,29.821883209278187,49,0,29.38067202397952,0.9852051199381869,29.916362373354346,0.95,80,1.0031681152867893,0.9820937337671792,False,1.0107387559854106,0.9948469833051029,0.9822135152643287,0.05767244598241583,0.98,20.179882448753744,29.980277575489307,1.0,evaluated
cat_highd_3cat_500feat,categorical_high_dimensional,categorical,N396,100,1000,100,999,9.99,4.668607748288356,17.31139225171164,99,1,66.67889494456229,3.851734971690073,17.520167653210088,0.95,80,1.0120600006321157,3.805836580128,True,0.9542887640248641,0.9544056251969764,0.9540668821588677,0.0685935073355618,0.99,9.30735753056831,67.35241913592151,1.0,evaluated
cat_highd_3cat_500feat,categorical_high_dimensional,categorical,N397,100,1000,100,1000,10.0,4.675444679663242,17.324555320336763,99,1,133.2110541829078,7.6891470932321955,17.56948063837095,0.95,80,1.0141374663594787,7.581957425194508,True,0.8885923143003011,0.8871322911322874,0.8790516620878847,0.12880210276837656,0.99,8.675584352890501,134.55662038677553,1.0,evaluated
cat_highd_3cat_500feat,categorical_high_dimensional,categorical,N398,200,1000,200,1000,5.0,1.5278640450004208,10.47213595499958,199,3,100.48141466193334,9.595121290796628,10.529490761413065,0.95,80,1.0054768966579453,9.542856054365222,True,0.8078763025159211,0.8281357589709988,0.8196760447305886,0.15167730663369117,0.995,3.787343811967064,100.98634639390286,1.0,evaluated
dim_diffuse_6c_136f,gaussian_dimensionality_diffuse,dimensional_gaussian,N180,2,136,2,39,19.5,11.668239133672156,29.33176086632785,1,1,38.99999999984399,1.3296167310778484,26.204406755150664,0.95,80,0.8933799397373612,1.488299291193771,True,,,,,0.5,,77.99999999968799,1.0,insufficient_positive_spectrum
dim_diffuse_6c_136f,gaussian_dimensionality_diffuse,dimensional_gaussian,N181,2,136,2,42,21.0,12.834848610088319,31.165151389911678,1,1,41.99999999983199,1.3476591040538828,30.92674188888026,0.95,80,0.9923501253676377,1.3580480010063114,True,,,,,0.5,,83.99999999966398,1.0,insufficient_positive_spectrum
dim_diffuse_6c_136f,gaussian_dimensionality_diffuse,dimensional_gaussian,N182,2,136,2,42,21.0,12.834848610088319,31.165151389911678,1,1,41.99999999983199,1.3476591040538828,30.92674188888026,0.95,80,0.9923501253676377,1.3580480010063114,True,,,,,0.5,,83.99999999966398,1.0,insufficient_positive_spectrum
dim_diffuse_6c_136f,gaussian_dimensionality_diffuse,dimensional_gaussian,N183,2,136,2,43,21.5,13.226381504504296,31.773618495495704,1,1,42.99999999982799,1.3533239849884824,27.17846091611213,0.95,80,0.8553782100696213,1.5821352111346534,True,,,,,0.5,,85.99999999965598,1.0,insufficient_positive_spectrum
dim_diffuse_6c_136f,gaussian_dimensionality_diffuse,dimensional_gaussian,N184,2,136,2,43,21.5,13.226381504504296,31.773618495495704,1,1,42.99999999982799,1.3533239849884824,27.17846091611213,0.95,80,0.8553782100696213,1.5821352111346534,True,,,,,0.5,,85.99999999965598,1.0,insufficient_positive_spectrum
dim_diffuse_6c_136f,gaussian_dimensionality_diffuse,dimensional_gaussian,N185,2,136,2,44,22.0,13.619168480353142,32.38083151964686,1,1,43.99999999982399,1.3588286012089366,31.439848648344277,0.95,80,0.9709401263913915,1.3994978313020974,True,,,,,0.5,,87.99999999964798,1.0,insufficient_positive_spectrum
dim_diffuse_6c_136f,gaussian_dimensionality_diffuse,dimensional_gaussian,N186,2,136,2,44,22.0,13.619168480353142,32.38083151964686,1,1,43.99999999982399,1.3588286012089366,31.439848648344277,0.95,80,0.9709401263913915,1.3994978313020974,True,,,,,0.5,,87.99999999964798,1.0,insufficient_positive_spectrum
dim_diffuse_6c_136f,gaussian_dimensionality_diffuse,dimensional_gaussian,N187,2,136,2,45,22.5,14.013167019494862,32.98683298050514,1,1,44.99999999981999,1.3641806725251406,30.6537829007521,0.95,80,0.9292732927367762,1.4680080479957958,True,,,,,0.5,,89.99999999963998,1.0,insufficient_positive_spectrum
dim_diffuse_6c_136f,gaussian_dimensionality_diffuse,dimensional_gaussian,N188,2,136,2,45,22.5,14.013167019494862,32.98683298050514,1,1,44.99999999981999,1.3641806725251406,30.6537829007521,0.95,80,0.9292732927367762,1.4680080479957958,True,,,,,0.5,,89.99999999963998,1.0,insufficient_positive_spectrum
dim_diffuse_6c_136f,gaussian_dimensionality_diffuse,dimensional_gaussian,N189,2,136,2,45,22.5,14.013167019494862,32.98683298050514,1,1,44.99999999981999,1.3641806725251406,30.6537829007521,0.95,80,0.9292732927367762,1.4680080479957958,True,,,,,0.5,,89.99999999963998,1.0,insufficient_positive_spectrum
dim_diffuse_6c_136f,gaussian_dimensionality_diffuse,dimensional_gaussian,N190,2,136,2,46,23.0,14.408336953374558,33.591663046625435,1,1,45.99999999981601,1.369387396389626,29.412746222444763,0.95,80,0.875596608051816,1.56394780861073,True,,,,,0.5,,91.99999999963202,1.0,insufficient_positive_spectrum
dim_diffuse_6c_136f,gaussian_dimensionality_diffuse,dimensional_gaussian,N191,2,136,2,46,23.0,14.408336953374558,33.591663046625435,1,1,45.99999999981601,1.369387396389626,29.412746222444763,0.95,80,0.875596608051816,1.56394780861073,True,,,,,0.5,,91.99999999963202,1.0,insufficient_positive_spectrum
dim_diffuse_6c_136f,gaussian_dimensionality_diffuse,dimensional_gaussian,N192,2,136,2,46,23.0,14.408336953374558,33.591663046625435,1,1,45.99999999981601,1.369387396389626,29.412746222444763,0.95,80,0.875596608051816,1.56394780861073,True,,,,,0.5,,91.99999999963202,1.0,insufficient_positive_spectrum
dim_diffuse_6c_136f,gaussian_dimensionality_diffuse,dimensional_gaussian,N193,2,136,2,47,23.5,14.804640285167345,34.19535971483266,1,1,46.999999999812005,1.374455493135964,30.833176359599456,0.95,80,0.9016772046478921,1.5243320847538708,True,,,,,0.5,,93.99999999962401,1.0,insufficient_positive_spectrum
dim_diffuse_6c_136f,gaussian_dimensionality_diffuse,dimensional_gaussian,N194,2,136,2,47,23.5,14.804640285167345,34.19535971483266,1,1,46.999999999812005,1.374455493135964,30.833176359599456,0.95,80,0.9016772046478921,1.5243320847538708,True,,,,,0.5,,93.99999999962401,1.0,insufficient_positive_spectrum
dim_diffuse_6c_136f,gaussian_dimensionality_diffuse,dimensional_gaussian,N195,2,136,2,48,24.0,15.202041028867285,34.79795897113271,1,1,47.99999999980801,1.3793912464701537,32.5206278674963,0.95,80,0.9345556127149409,1.4759862630998901,True,,,,,0.5,,95.99999999961602,1.0,insufficient_positive_spectrum
dim_diffuse_6c_136f,gaussian_dimensionality_diffuse,dimensional_gaussian,N196,2,136,2,48,24.0,15.202041028867285,34.79795897113271,1,1,47.99999999980801,1.3793912464701537,32.5206278674963,0.95,80,0.9345556127149409,1.4759862630998901,True,,,,,0.5,,95.99999999961602,1.0,insufficient_positive_spectrum
dim_diffuse_6c_136f,gaussian_dimensionality_diffuse,dimensional_gaussian,N197,2,136,2,48,24.0,15.202041028867285,34.79795897113271,1,1,47.99999999980801,1.3793912464701537,32.5206278674963,0.95,80,0.9345556127149409,1.4759862630998901,True,,,,,0.5,,95.99999999961602,1.0,insufficient_positive_spectrum
dim_diffuse_6c_136f,gaussian_dimensionality_diffuse,dimensional_gaussian,N198,2,136,2,48,24.0,15.202041028867285,34.79795897113271,1,1,47.99999999980801,1.3793912464701537,32.5206278674963,0.95,80,0.9345556127149409,1.4759862630998901,True,,,,,0.5,,95.99999999961602,1.0,insufficient_positive_spectrum
dim_diffuse_6c_136f,gaussian_dimensionality_diffuse,dimensional_gaussian,N199,2,136,2,48,24.0,15.202041028867285,34.79795897113271,1,1,47.99999999980801,1.3793912464701537,32.5206278674963,0.95,80,0.9345556127149409,1.4759862630998901,True,,,,,0.5,,95.99999999961602,1.0,insufficient_positive_spectrum
dim_diffuse_6c_136f,gaussian_dimensionality_diffuse,dimensional_gaussian,N200,3,136,3,71,23.666666666666668,14.936986987115718,34.39634634621762,2,1,37.302775637564125,1.0844981982124422,34.463694535182384,0.95,80,1.0019580041521523,1.082378895840185,True,,,,,0.6666666666666666,,55.95416345634619,1.0,insufficient_positive_spectrum
dim_diffuse_6c_136f,gaussian_dimensionality_diffuse,dimensional_gaussian,N201,2,136,2,49,24.5,15.600505063388335,35.39949493661167,1,1,48.999999999804004,1.3842005397971402,32.436063592711214,0.95,80,0.9162860557980576,1.5106641981924993,True,,,,,0.5,,97.99999999960801,1.0,insufficient_positive_spectrum
dim_diffuse_6c_136f,gaussian_dimensionality_diffuse,dimensional_gaussian,N202,2,136,2,49,24.5,15.600505063388335,35.39949493661167,1,1,48.999999999804004,1.3842005397971402,32.436063592711214,0.95,80,0.9162860557980576,1.5106641981924993,True,,,,,0.5,,97.99999999960801,1.0,insufficient_positive_spectrum
dim_diffuse_6c_136f,gaussian_dimensionality_diffuse,dimensional_gaussian,N203,2,136,2,49,24.5,15.600505063388335,35.39949493661167,1,1,48.999999999804004,1.3842005397971402,32.436063592711214,0.95,80,0.9162860557980576,1.5106641981924993,True,,,,,0.5,,97.99999999960801,1.0,insufficient_positive_spectrum
dim_diffuse_6c_136f,gaussian_dimensionality_diffuse,dimensional_gaussian,N204,3,136,3,70,23.333333333333332,14.672415502540375,33.9942511641263,2,1,39.92442890071838,1.1744464882594656,32.24560483833014,0.95,80,0.948560528150669,1.2381355257836713,True,,,,,0.6666666666666666,,59.88664335107757,1.0,insufficient_positive_spectrum
dim_diffuse_6c_136f,gaussian_dimensionality_diffuse,dimensional_gaussian,N205,2,136,2,49,24.5,15.600505063388335,35.39949493661167,1,1,48.999999999804004,1.3842005397971402,32.436063592711214,0.95,80,0.9162860557980576,1.5106641981924993,True,,,,,0.5,,97.99999999960801,1.0,insufficient_positive_spectrum
dim_diffuse_6c_136f,gaussian_dimensionality_diffuse,dimensional_gaussian,N206,4,136,4,87,21.75,13.422620946911188,32.07737905308882,3,1,32.28794227519058,1.0065642277616658,32.0309222280068,0.95,80,0.9985517262802197,1.0080241226073425,True,,,,,0.75,,43.05058970025411,1.0,insufficient_positive_spectrum
dim_diffuse_6c_136f,gaussian_dimensionality_diffuse,dimensional_gaussian,N207,2,136,2,50,25.0,16.0,36.0,1,1,49.99999999980001,1.3888888888833337,32.44988906893764,0.95,80,0.9013858074704899,1.5408373166878422,True,,,,,0.5,,99.99999999960002,1.0,insufficient_positive_spectrum
dim_diffuse_6c_136f,gaussian_dimensionality_diffuse,dimensional_gaussian,N208,2,136,2,50,25.0,16.0,36.0,1,1,49.99999999980001,1.3888888888833337,32.44988906893764,0.95,80,0.9013858074704899,1.5408373166878422,True,,,,,0.5,,99.99999999960002,1.0,insufficient_positive_spectrum
dim_diffuse_6c_136f,gaussian_dimensionality_diffuse,dimensional_gaussian,N209,2,136,2,50,25.0,16.0,36.0,1,1,49.99999999980001,1.3888888888833337,32.44988906893764,0.95,80,0.9013858074704899,1.5408373166878422,True,,,,,0.5,,99.99999999960002,1.0,insufficient_positive_spectrum
dim_diffuse_6c_136f,gaussian_dimensionality_diffuse,dimensional_gaussian,N210,2,136,2,50,25.0,16.0,36.0,1,1,49.99999999980001,1.3888888888833337,32.44988906893764,0.95,80,0.9013858074704899,1.5408373166878422,True,,,,,0.5,,99.99999999960002,1.0,insufficient_positive_spectrum
dim_diffuse_6c_136f,gaussian_dimensionality_diffuse,dimensional_gaussian,N211,2,136,2,50,25.0,16.0,36.0,1,1,49.99999999980001,1.3888888888833337,32.44988906893764,0.95,80,0.9013858074704899,1.5408373166878422,True,,,,,0.5,,99.99999999960002,1.0,insufficient_positive_spectrum
dim_diffuse_6c_136f,gaussian_dimensionality_diffuse,dimensional_gaussian,N212,2,136,2,50,25.0,16.0,36.0,1,1,49.99999999980001,1.3888888888833337,32.44988906893764,0.95,80,0.9013858074704899,1.5408373166878422,True,,,,,0.5,,99.99999999960002,1.0,insufficient_positive_spectrum
dim_diffuse_6c_136f,gaussian_dimensionality_diffuse,dimensional_gaussian,N213,3,136,3,70,23.333333333333332,14.672415502540375,33.9942511641263,2,1,41.14410286353709,1.2103253183866554,32.24560483833014,0.95,80,0.948560528150669,1.275960028345611,True,,,,,0.6666666666666666,,61.71615429530564,1.0,insufficient_positive_spectrum
dim_diffuse_6c_136f,gaussian_dimensionality_diffuse,dimensional_gaussian,N214,2,136,2,51,25.5,16.40049506163792,36.599504938362074,1,1,50.999999999796,1.3934614712872777,32.79360414282434,0.95,80,0.8960122328991247,1.5551813023563454,True,,,,,0.5,,101.999999999592,1.0,insufficient_positive_spectrum
dim_diffuse_6c_136f,gaussian_dimensionality_diffuse,dimensional_gaussian,N215,2,136,2,51,25.5,16.40049506163792,36.599504938362074,1,1,50.999999999796,1.3934614712872777,32.79360414282434,0.95,80,0.8960122328991247,1.5551813023563454,True,,,,,0.5,,101.999999999592,1.0,insufficient_positive_spectrum
dim_diffuse_6c_136f,gaussian_dimensionality_diffuse,dimensional_gaussian,N216,2,136,2,51,25.5,16.40049506163792,36.599504938362074,1,1,50.999999999796,1.3934614712872777,32.79360414282434,0.95,80,0.8960122328991247,1.5551813023563454,True,,,,,0.5,,101.999999999592,1.0,insufficient_positive_spectrum
dim_diffuse_6c_136f,gaussian_dimensionality_diffuse,dimensional_gaussian,N217,2,136,2,51,25.5,16.40049506163792,36.599504938362074,1,1,50.999999999796,1.3934614712872777,32.79360414282434,0.95,80,0.8960122328991247,1.5551813023563454,True,,,,,0.5,,101.999999999592,1.0,insufficient_positive_spectrum
dim_diffuse_6c_136f,gaussian_dimensionality_diffuse,dimensional_gaussian,N218,2,136,2,51,25.5,16.40049506163792,36.599504938362074,1,1,50.999999999796,1.3934614712872777,32.79360414282434,0.95,80,0.8960122328991247,1.5551813023563454,True,,,,,0.5,,101.999999999592,1.0,insufficient_positive_spectrum
dim_diffuse_6c_136f,gaussian_dimensionality_diffuse,dimensional_gaussian,N219,2,136,2,51,25.5,16.40049506163792,36.599504938362074,1,1,50.999999999796,1.3934614712872777,32.79360414282434,0.95,80,0.8960122328991247,1.5551813023563454,True,,,,,0.5,,101.999999999592,1.0,insufficient_positive_spectrum
dim_diffuse_6c_136f,gaussian_dimensionality_diffuse,dimensional_gaussian,N220,2,136,2,51,25.5,16.40049506163792,36.599504938362074,1,1,50.999999999796,1.3934614712872777,32.79360414282434,0.95,80,0.8960122328991247,1.5551813023563454,True,,,,,0.5,,101.999999999592,1.0,insufficient_positive_spectrum
dim_diffuse_6c_136f,gaussian_dimensionality_diffuse,dimensional_gaussian,N221,2,136,2,51,25.5,16.40049506163792,36.599504938362074,1,1,50.999999999796,1.3934614712872777,32.79360414282434,0.95,80,0.8960122328991247,1.5551813023563454,True,,,,,0.5,,101.999999999592,1.0,insufficient_positive_spectrum
dim_diffuse_6c_136f,gaussian_dimensionality_diffuse,dimensional_gaussian,N222,5,136,5,98,19.6,11.745622551528538,29.45437744847146,4,0,28.885970850376406,0.9807021350531191,30.63372673839029,0.95,80,1.040039864769915,0.9429466775968988,False,1.280414967669439,1.0850166312375578,1.0469176620515965,0.5365745802415828,0.8,30.8358506546824,36.10746356297051,1.0,evaluated
dim_diffuse_6c_136f,gaussian_dimensionality_diffuse,dimensional_gaussian,N223,2,136,2,51,25.5,16.40049506163792,36.599504938362074,1,1,50.999999999796,1.3934614712872777,32.79360414282434,0.95,80,0.8960122328991247,1.5551813023563454,True,,,,,0.5,,101.999999999592,1.0,insufficient_positive_spectrum
dim_diffuse_6c_136f,gaussian_dimensionality_diffuse,dimensional_gaussian,N224,2,136,2,51,25.5,16.40049506163792,36.599504938362074,1,1,50.999999999796,1.3934614712872777,32.79360414282434,0.95,80,0.8960122328991247,1.5551813023563454,True,,,,,0.5,,101.999999999592,1.0,insufficient_positive_spectrum
dim_diffuse_6c_136f,gaussian_dimensionality_diffuse,dimensional_gaussian,N225,2,136,2,51,25.5,16.40049506163792,36.599504938362074,1,1,50.999999999796,1.3934614712872777,32.79360414282434,0.95,80,0.8960122328991247,1.5551813023563454,True,,,,,0.5,,101.999999999592,1.0,insufficient_positive_spectrum
dim_diffuse_6c_136f,gaussian_dimensionality_diffuse,dimensional_gaussian,N226,2,136,2,52,26.0,16.801960972814427,37.198039027185565,1,1,51.99999999979201,1.3979231529325693,35.309589383824466,0.95,80,0.9492325484689944,1.4726877572700836,True,,,,,0.5,,103.99999999958402,1.0,insufficient_positive_spectrum
dim_diffuse_6c_136f,gaussian_dimensionality_diffuse,dimensional_gaussian,N227,4,136,4,90,22.5,14.013167019494862,32.98683298050514,3,1,36.910923498622644,1.1189592987128105,31.571967446401597,0.95,80,0.9571081729810281,1.1691043189273767,True,,,,,0.75,,49.21456466483019,1.0,insufficient_positive_spectrum
dim_diffuse_6c_136f,gaussian_dimensionality_diffuse,dimensional_gaussian,N228,2,136,2,52,26.0,16.801960972814427,37.198039027185565,1,1,51.99999999979201,1.3979231529325693,35.309589383824466,0.95,80,0.9492325484689944,1.4726877572700836,True,,,,,0.5,,103.99999999958402,1.0,insufficient_positive_spectrum
dim_diffuse_6c_136f,gaussian_dimensionality_diffuse,dimensional_gaussian,N229,3,136,3,74,24.666666666666668,15.733557049499106,35.599776283834224,2,1,41.0926763857513,1.1542959163035917,36.69103204383171,0.95,80,1.0306534443165314,1.1199651276274079,True,,,,,0.6666666666666666,,61.63901457862695,1.0,insufficient_positive_spectrum
dim_diffuse_6c_136f,gaussian_dimensionality_diffuse,dimensional_gaussian,N230,2,136,2,52,26.0,16.801960972814427,37.198039027185565,1,1,51.99999999979201,1.3979231529325693,35.309589383824466,0.95,80,0.9492325484689944,1.4726877572700836,True,,,,,0.5,,103.99999999958402,1.0,insufficient_positive_spectrum
dim_diffuse_6c_136f,gaussian_dimensionality_diffuse,dimensional_gaussian,N231,2,136,2,52,26.0,16.801960972814427,37.198039027185565,1,1,51.99999999979201,1.3979231529325693,35.309589383824466,0.95,80,0.9492325484689944,1.4726877572700836,True,,,,,0.5,,103.99999999958402,1.0,insufficient_positive_spectrum
dim_diffuse_6c_136f,gaussian_dimensionality_diffuse,dimensional_gaussian,N232,2,136,2,52,26.0,16.801960972814427,37.198039027185565,1,1,51.99999999979201,1.3979231529325693,35.309589383824466,0.95,80,0.9492325484689944,1.4726877572700836,True,,,,,0.5,,103.99999999958402,1.0,insufficient_positive_spectrum
dim_diffuse_6c_136f,gaussian_dimensionality_diffuse,dimensional_gaussian,N233,2,136,2,52,26.0,16.801960972814427,37.198039027185565,1,1,51.99999999979201,1.3979231529325693,35.309589383824466,0.95,80,0.9492325484689944,1.4726877572700836,True,,,,,0.5,,103.99999999958402,1.0,insufficient_positive_spectrum
dim_diffuse_6c_136f,gaussian_dimensionality_diffuse,dimensional_gaussian,N234,2,136,2,52,26.0,16.801960972814427,37.198039027185565,1,1,51.99999999979201,1.3979231529325693,35.309589383824466,0.95,80,0.9492325484689944,1.4726877572700836,True,,,,,0.5,,103.99999999958402,1.0,insufficient_positive_spectrum
dim_diffuse_6c_136f,gaussian_dimensionality_diffuse,dimensional_gaussian,N235,2,136,2,52,26.0,16.801960972814427,37.198039027185565,1,1,51.99999999979201,1.3979231529325693,35.309589383824466,0.95,80,0.9492325484689944,1.4726877572700836,True,,,,,0.5,,103.99999999958402,1.0,insufficient_positive_spectrum
dim_diffuse_6c_136f,gaussian_dimensionality_diffuse,dimensional_gaussian,N236,2,136,2,52,26.0,16.801960972814427,37.198039027185565,1,1,51.99999999979201,1.3979231529325693,35.309589383824466,0.95,80,0.9492325484689944,1.4726877572700836,True,,,,,0.5,,103.99999999958402,1.0,insufficient_positive_spectrum
dim_diffuse_6c_136f,gaussian_dimensionality_diffuse,dimensional_gaussian,N237,2,136,2,53,26.5,17.204369859013003,37.795630140987,1,1,52.999999999788,1.4022785121476997,34.093218216037776,0.95,80,0.9020412700849724,1.5545613694765927,True,,,,,0.5,,105.999999999576,1.0,insufficient_positive_spectrum
dim_diffuse_6c_136f,gaussian_dimensionality_diffuse,dimensional_gaussian,N238,3,136,3,75,25.0,16.0,36.0,2,1,43.17890834560595,1.1994141207112763,36.53854289978489,0.95,80,1.0149595249940249,1.1817359127875935,True,,,,,0.6666666666666666,,64.76836251840892,1.0,insufficient_positive_spectrum
dim_diffuse_6c_136f,gaussian_dimensionality_diffuse,dimensional_gaussian,N239,2,136,2,53,26.5,17.204369859013003,37.795630140987,1,1,52.999999999788,1.4022785121476997,34.093218216037776,0.95,80,0.9020412700849724,1.5545613694765927,True,,,,,0.5,,105.999999999576,1.0,insufficient_positive_spectrum
dim_diffuse_6c_136f,gaussian_dimensionality_diffuse,dimensional_gaussian,N240,2,136,2,53,26.5,17.204369859013003,37.795630140987,1,1,52.999999999788,1.4022785121476997,34.093218216037776,0.95,80,0.9020412700849724,1.5545613694765927,True,,,,,0.5,,105.999999999576,1.0,insufficient_positive_spectrum
dim_diffuse_6c_136f,gaussian_dimensionality_diffuse,dimensional_gaussian,N241,2,136,2,53,26.5,17.204369859013003,37.795630140987,1,1,52.999999999788,1.4022785121476997,34.093218216037776,0.95,80,0.9020412700849724,1.5545613694765927,True,,,,,0.5,,105.999999999576,1.0,insufficient_positive_spectrum
dim_diffuse_6c_136f,gaussian_dimensionality_diffuse,dimensional_gaussian,N242,2,136,2,53,26.5,17.204369859013003,37.795630140987,1,1,52.999999999788,1.4022785121476997,34.093218216037776,0.95,80,0.9020412700849724,1.5545613694765927,True,,,,,0.5,,105.999999999576,1.0,insufficient_positive_spectrum
dim_diffuse_6c_136f,gaussian_dimensionality_diffuse,dimensional_gaussian,N243,2,136,2,53,26.5,17.204369859013003,37.795630140987,1,1,52.999999999788,1.4022785121476997,34.093218216037776,0.95,80,0.9020412700849724,1.5545613694765927,True,,,,,0.5,,105.999999999576,1.0,insufficient_positive_spectrum
dim_diffuse_6c_136f,gaussian_dimensionality_diffuse,dimensional_gaussian,N244,2,136,2,53,26.5,17.204369859013003,37.795630140987,1,1,52.999999999788,1.4022785121476997,34.093218216037776,0.95,80,0.9020412700849724,1.5545613694765927,True,,,,,0.5,,105.999999999576,1.0,insufficient_positive_spectrum
dim_diffuse_6c_136f,gaussian_dimensionality_diffuse,dimensional_gaussian,N245,2,136,2,53,26.5,17.204369859013003,37.795630140987,1,1,52.999999999788,1.4022785121476997,34.093218216037776,0.95,80,0.9020412700849724,1.5545613694765927,True,,,,,0.5,,105.999999999576,1.0,insufficient_positive_spectrum
dim_diffuse_6c_136f,gaussian_dimensionality_diffuse,dimensional_gaussian,N246,2,136,2,53,26.5,17.204369859013003,37.795630140987,1,1,52.999999999788,1.4022785121476997,34.093218216037776,0.95,80,0.9020412700849724,1.5545613694765927,True,,,,,0.5,,105.999999999576,1.0,insufficient_positive_spectrum
dim_diffuse_6c_136f,gaussian_dimensionality_diffuse,dimensional_gaussian,N247,9,136,9,120,13.333333333333334,7.03036589993112,21.636300766735555,8,0,19.750121407241373,0.912823389736102,23.018688099777027,0.95,80,1.0638920371807183,0.8580037803037387,False,1.133490653037286,1.0379096311056857,0.9904117720405664,0.29832593161104703,0.8888888888888888,16.57634330698098,22.218886583146546,1.0,evaluated
dim_diffuse_6c_136f,gaussian_dimensionality_diffuse,dimensional_gaussian,N248,3,136,3,80,26.666666666666668,17.33871107678022,37.99462225655311,2,2,40.499999999817746,1.065940325089889,39.34437788343076,0.95,80,1.035524912387959,1.0293719758337736,True,,,,,0.6666666666666666,,60.74999999972662,1.0,insufficient_positive_spectrum
dim_diffuse_6c_136f,gaussian_dimensionality_diffuse,dimensional_gaussian,N249,2,136,2,54,27.0,17.607695154586736,38.392304845413264,1,1,53.99999999978401,1.4065318614554447,34.312538884952744,0.95,80,0.8937347998019991,1.5737687083092795,True,,,,,0.5,,107.99999999956802,1.0,insufficient_positive_spectrum
dim_diffuse_6c_136f,gaussian_dimensionality_diffuse,dimensional_gaussian,N250,5,136,5,103,20.6,12.522555425671827,30.677444574328177,4,1,32.55516649862685,1.0612085507888103,31.166677269859306,0.95,80,1.015947635219282,1.0445504413815176,True,1.2910699489349096,1.145739204273858,1.1189708450946971,0.5337244245287506,0.8,32.706329335517815,40.693958123283565,1.0,evaluated
dim_diffuse_6c_136f,gaussian_dimensionality_diffuse,dimensional_gaussian,N251,3,136,3,78,26.0,16.801960972814427,37.198039027185565,2,1,42.464101614946664,1.1415682849279363,36.10471383216054,0.95,80,0.9706079883881518,1.1761373268972277,True,,,,,0.6666666666666666,,63.69615242242,1.0,insufficient_positive_spectrum
dim_diffuse_6c_136f,gaussian_dimensionality_diffuse,dimensional_gaussian,N252,2,136,2,54,27.0,17.607695154586736,38.392304845413264,1,1,53.99999999978401,1.4065318614554447,34.312538884952744,0.95,80,0.8937347998019991,1.5737687083092795,True,,,,,0.5,,107.99999999956802,1.0,insufficient_positive_spectrum
dim_diffuse_6c_136f,gaussian_dimensionality_diffuse,dimensional_gaussian,N253,4,136,4,96,24.0,15.202041028867285,34.79795897113271,3,1,35.37467946804061,1.0165734001062054,34.68630072199155,0.95,80,0.9967912414278727,1.0198458391849385,True,,,,,0.75,,47.16623929072082,1.0,insufficient_positive_spectrum
dim_diffuse_6c_136f,gaussian_dimensionality_diffuse,dimensional_gaussian,N254,3,136,3,80,26.666666666666668,17.33871107678022,37.99462225655311,2,1,42.783882181222474,1.1260509945941979,39.34437788343076,0.95,80,1.035524912387959,1.087420477405495,True,,,,,0.6666666666666666,,64.17582327183372,1.0,insufficient_positive_spectrum
dim_diffuse_6c_136f,gaussian_dimensionality_diffuse,dimensional_gaussian,N255,3,136,3,78,26.0,16.801960972814427,37.198039027185565,2,1,43.821825380299266,1.1780681596756435,36.10471383216054,0.95,80,0.9706079883881518,1.213742493127439,True,,,,,0.6666666666666666,,65.7327380704489,1.0,insufficient_positive_spectrum
dim_diffuse_6c_136f,gaussian_dimensionality_diffuse,dimensional_gaussian,N256,3,136,3,81,27.0,17.607695154586736,38.392304845413264,2,2,41.99999999981099,1.0939692255759095,35.27806641489192,0.95,80,0.9188837856163927,1.1905414402780745,True,,,,,0.6666666666666666,,62.999999999716486,1.0,insufficient_positive_spectrum
dim_diffuse_6c_136f,gaussian_dimensionality_diffuse,dimensional_gaussian,N257,2,136,2,55,27.5,18.011911518298483,38.98808848170152,1,1,54.99999999978001,1.4106872673584252,35.09603241634293,0.95,80,0.9001732011769372,1.5671287098016395,True,,,,,0.5,,109.99999999956002,1.0,insufficient_positive_spectrum
dim_diffuse_6c_136f,gaussian_dimensionality_diffuse,dimensional_gaussian,N258,3,136,3,80,26.666666666666668,17.33871107678022,37.99462225655311,2,1,43.60555127526776,1.1476769259825161,39.34437788343076,0.95,80,1.035524912387959,1.108304505524575,True,,,,,0.6666666666666666,,65.40832691290164,1.0,insufficient_positive_spectrum
dim_diffuse_6c_136f,gaussian_dimensionality_diffuse,dimensional_gaussian,N259,3,136,3,81,27.0,17.607695154586736,38.392304845413264,2,1,42.79128784728536,1.1145798101881252,35.27806641489192,0.95,80,0.9188837856163927,1.2129714634592867,True,,,,,0.6666666666666666,,64.18693177092804,1.0,insufficient_positive_spectrum
dim_diffuse_6c_136f,gaussian_dimensionality_diffuse,dimensional_gaussian,N260,2,136,2,55,27.5,18.011911518298483,38.98808848170152,1,1,54.99999999978001,1.4106872673584252,35.09603241634293,0.95,80,0.9001732011769372,1.5671287098016395,True,,,,,0.5,,109.99999999956002,1.0,insufficient_positive_spectrum
dim_diffuse_6c_136f,gaussian_dimensionality_diffuse,dimensional_gaussian,N261,7,136,7,121,17.285714285714285,9.970495879511285,26.60093269191728,6,1,26.685502846150793,1.003179217631689,27.28187184194397,0.95,80,1.0255983185970616,0.9781404663415982,False,1.1805786811956425,1.0962006655711887,1.0653345348651764,0.32525290768695214,0.8571428571428571,23.348430278779876,31.133086653842593,1.0,evaluated
dim_diffuse_6c_136f,gaussian_dimensionality_diffuse,dimensional_gaussian,N262,3,136,3,80,26.666666666666668,17.33871107678022,37.99462225655311,2,1,45.76628129712943,1.204546290474987,39.34437788343076,0.95,80,1.035524912387959,1.1632228989037632,True,,,,,0.6666666666666666,,68.64942194569416,1.0,insufficient_positive_spectrum
dim_diffuse_6c_136f,gaussian_dimensionality_diffuse,dimensional_gaussian,N263,3,136,3,82,27.333333333333332,17.877075239094587,38.789591427572084,2,2,42.802775637539376,1.1034603372263074,37.82594811495783,0.95,80,0.9751571677568822,1.1315717852585303,True,,,,,0.6666666666666666,,64.20416345630908,1.0,insufficient_positive_spectrum
dim_diffuse_6c_136f,gaussian_dimensionality_diffuse,dimensional_gaussian,N264,3,136,3,81,27.0,17.607695154586736,38.392304845413264,2,1,42.791287847285346,1.114579810188125,35.27806641489192,0.95,80,0.9188837856163927,1.2129714634592863,True,,,,,0.6666666666666666,,64.18693177092803,1.0,insufficient_positive_spectrum
dim_diffuse_6c_136f,gaussian_dimensionality_diffuse,dimensional_gaussian,N265,11,136,11,128,11.636363636363637,5.813940712984103,19.45878655974317,10,0,19.268845500088858,0.9902388024519849,19.942256270532255,0.95,80,1.0248458304069843,0.9662319668693424,False,1.0805945769750824,0.9900551124831447,1.0116426468009863,0.2513007356673216,0.9090909090909091,13.434365985016584,21.195730050097744,1.0,evaluated
dim_diffuse_6c_136f,gaussian_dimensionality_diffuse,dimensional_gaussian,N266,2,136,2,56,28.0,18.41699475574164,39.583005244258366,1,1,55.99999999977601,1.4147485683366343,36.16065348697099,0.95,80,0.9135398705538207,1.5486445791128556,True,,,,,0.5,,111.99999999955202,1.0,insufficient_positive_spectrum
dim_diffuse_6c_136f,gaussian_dimensionality_diffuse,dimensional_gaussian,N267,3,136,3,82,27.333333333333332,17.877075239094587,38.789591427572084,2,2,42.99999999980649,1.108544803316531,37.82594811495783,0.95,80,0.9751571677568822,1.136785781789899,True,,,,,0.6666666666666666,,64.49999999970974,1.0,insufficient_positive_spectrum
dim_diffuse_6c_136f,gaussian_dimensionality_diffuse,dimensional_gaussian,N268,2,136,2,56,28.0,18.41699475574164,39.583005244258366,1,1,55.99999999977601,1.4147485683366343,36.16065348697099,0.95,80,0.9135398705538207,1.5486445791128556,True,,,,,0.5,,111.99999999955202,1.0,insufficient_positive_spectrum
dim_diffuse_6c_136f,gaussian_dimensionality_diffuse,dimensional_gaussian,N269,2,136,2,56,28.0,18.41699475574164,39.583005244258366,1,1,55.99999999977601,1.4147485683366343,36.16065348697099,0.95,80,0.9135398705538207,1.5486445791128556,True,,,,,0.5,,111.99999999955202,1.0,insufficient_positive_spectrum
dim_diffuse_6c_136f,gaussian_dimensionality_diffuse,dimensional_gaussian,N270,2,136,2,56,28.0,18.41699475574164,39.583005244258366,1,1,55.99999999977601,1.4147485683366343,36.16065348697099,0.95,80,0.9135398705538207,1.5486445791128556,True,,,,,0.5,,111.99999999955202,1.0,insufficient_positive_spectrum
dim_diffuse_6c_136f,gaussian_dimensionality_diffuse,dimensional_gaussian,N271,2,136,2,56,28.0,18.41699475574164,39.583005244258366,1,1,55.99999999977601,1.4147485683366343,36.16065348697099,0.95,80,0.9135398705538207,1.5486445791128556,True,,,,,0.5,,111.99999999955202,1.0,insufficient_positive_spectrum
dim_diffuse_6c_136f,gaussian_dimensionality_diffuse,dimensional_gaussian,N272,3,136,3,83,27.666666666666668,18.146844107960337,39.186489225373,2,2,43.49999999980424,1.1100764794116402,39.01645587776976,0.95,80,0.9956609190829693,1.114914182264029,True,,,,,0.6666666666666666,,65.24999999970636,1.0,insufficient_positive_spectrum
dim_diffuse_6c_136f,gaussian_dimensionality_diffuse,dimensional_gaussian,N273,2,136,2,56,28.0,18.41699475574164,39.583005244258366,1,1,55.99999999977601,1.4147485683366343,36.16065348697099,0.95,80,0.9135398705538207,1.5486445791128556,True,,,,,0.5,,111.99999999955202,1.0,insufficient_positive_spectrum
dim_diffuse_6c_136f,gaussian_dimensionality_diffuse,dimensional_gaussian,N274,4,136,4,97,24.25,15.401142198203893,35.0988578017961,3,1,35.866108642743804,1.02185970966008,34.46830081920108,0.95,80,0.9820348289919921,1.0405534299725054,True,,,,,0.75,,47.821478190325074,1.0,insufficient_positive_spectrum
dim_diffuse_6c_136f,gaussian_dimensionality_diffuse,dimensional_gaussian,N275,3,136,3,82,27.333333333333332,17.877075239094587,38.789591427572084,2,1,44.041381264950914,1.1353917286596062,37.82594811495783,0.95,80,0.9751571677568822,1.164316651921152,True,,,,,0.6666666666666666,,66.06207189742638,1.0,insufficient_positive_spectrum
dim_diffuse_6c_136f,gaussian_dimensionality_diffuse,dimensional_gaussian,N276,4,136,4,97,24.25,15.401142198203893,35.0988578017961,3,1,37.6524050991946,1.0727530027278502,34.46830081920108,0.95,80,0.9820348289919921,1.092377755918266,True,,,,,0.75,,50.20320679892614,1.0,insufficient_positive_spectrum
dim_diffuse_6c_136f,gaussian_dimensionality_diffuse,dimensional_gaussian,N277,3,136,3,83,27.666666666666668,18.146844107960337,39.186489225373,2,2,43.302775637537124,1.1050435110042687,39.01645587776976,0.95,80,0.9956609190829693,1.109859280227694,True,,,,,0.6666666666666666,,64.9541634563057,1.0,insufficient_positive_spectrum
dim_diffuse_6c_136f,gaussian_dimensionality_diffuse,dimensional_gaussian,N278,3,136,3,83,27.666666666666668,18.146844107960337,39.186489225373,2,2,43.67944947157376,1.1146558503968147,39.01645587776976,0.95,80,0.9956609190829693,1.1195135101048688,True,,,,,0.6666666666666666,,65.51917420736065,1.0,insufficient_positive_spectrum
dim_diffuse_6c_136f,gaussian_dimensionality_diffuse,dimensional_gaussian,N279,4,136,4,95,23.75,15.003205655191033,34.49679434480896,3,1,39.48480174931909,1.1445933600279794,32.890365444159755,0.95,80,0.9534325165233523,1.2004975078904236,True,,,,,0.75,,52.64640233242545,1.0,insufficient_positive_spectrum
dim_diffuse_6c_136f,gaussian_dimensionality_diffuse,dimensional_gaussian,N280,4,136,4,97,24.25,15.401142198203893,35.0988578017961,3,1,37.016218787322195,1.054627446749221,34.46830081920108,0.95,80,0.9820348289919921,1.0739206142329405,True,,,,,0.75,,49.35495838309626,1.0,insufficient_positive_spectrum
dim_diffuse_6c_136f,gaussian_dimensionality_diffuse,dimensional_gaussian,N281,3,136,3,82,27.333333333333332,17.877075239094587,38.789591427572084,2,1,43.783882181217976,1.128753373516997,37.82594811495783,0.95,80,0.9751571677568822,1.1575091798929462,True,,,,,0.6666666666666666,,65.67582327182697,1.0,insufficient_positive_spectrum
dim_diffuse_6c_136f,gaussian_dimensionality_diffuse,dimensional_gaussian,N282,5,136,5,104,20.8,12.678596599206898,30.921403400793107,4,1,33.92892210029305,1.0972633311792959,29.884204003292623,0.95,80,0.9664569106370547,1.1353463554376346,True,1.2210555358555018,1.1669775447216983,1.1484746370292032,0.47347345323429635,0.8,31.23794406043795,42.41115262536631,1.0,evaluated
dim_diffuse_6c_136f,gaussian_dimensionality_diffuse,dimensional_gaussian,N283,3,136,3,81,27.0,17.607695154586736,38.392304845413264,2,1,45.082575694752954,1.1742607242851943,35.27806641489192,0.95,80,0.9188837856163927,1.2779208237932866,True,,,,,0.6666666666666666,,67.62386354212944,1.0,insufficient_positive_spectrum
dim_diffuse_6c_136f,gaussian_dimensionality_diffuse,dimensional_gaussian,N284,2,136,2,57,28.5,18.82292174796869,40.177078252031315,1,1,56.999999999772015,1.4187193912461802,37.96444635632652,0.95,80,0.9449280039273904,1.501404747609953,True,,,,,0.5,,113.99999999954403,1.0,insufficient_positive_spectrum
dim_diffuse_6c_136f,gaussian_dimensionality_diffuse,dimensional_gaussian,N285,2,136,2,57,28.5,18.82292174796869,40.177078252031315,1,1,56.999999999772015,1.4187193912461802,37.96444635632652,0.95,80,0.9449280039273904,1.501404747609953,True,,,,,0.5,,113.99999999954403,1.0,insufficient_positive_spectrum
dim_diffuse_6c_136f,gaussian_dimensionality_diffuse,dimensional_gaussian,N286,7,136,7,118,16.857142857142858,9.645652649600047,26.068633064685663,6,1,26.531375292958682,1.0177509203157982,26.181105528398092,0.95,80,1.0043144749259902,1.0133787232239166,True,1.1885215599289107,1.0915020362499401,1.0712168524338153,0.3451291199400055,0.8571428571428571,22.911235870243686,30.953271175118463,1.0,evaluated
dim_diffuse_6c_136f,gaussian_dimensionality_diffuse,dimensional_gaussian,N287,3,136,3,84,28.0,18.41699475574164,39.583005244258366,2,1,44.598076211152616,1.1266975798312258,37.30229744460964,0.95,80,0.9423816411721405,1.1955852391498543,True,,,,,0.6666666666666666,,66.89711431672893,1.0,insufficient_positive_spectrum
dim_diffuse_6c_136f,gaussian_dimensionality_diffuse,dimensional_gaussian,N288,4,136,4,99,24.75,15.8001256289338,35.6998743710662,3,1,36.6971496063788,1.0279349788446557,36.01015521164348,0.95,80,1.0086913706572802,1.0190777959910928,True,,,,,0.75,,48.929532808505066,1.0,insufficient_positive_spectrum
dim_diffuse_6c_136f,gaussian_dimensionality_diffuse,dimensional_gaussian,N289,3,136,3,86,28.666666666666668,18.95841439719399,40.37491893613934,2,2,43.999999999801986,1.0897854697713798,38.19352258869115,0.95,80,0.9459714990165434,1.1520278051763178,True,,,,,0.6666666666666666,,65.99999999970298,1.0,insufficient_positive_spectrum
dim_diffuse_6c_136f,gaussian_dimensionality_diffuse,dimensional_gaussian,N290,2,136,2,58,29.0,19.22967038573099,40.770329614269,1,1,57.99999999976801,1.4226031662856333,39.25504090627009,0.95,80,0.9628335428647459,1.4775172477403746,True,,,,,0.5,,115.99999999953602,1.0,insufficient_positive_spectrum
dim_diffuse_6c_136f,gaussian_dimensionality_diffuse,dimensional_gaussian,N291,4,136,4,96,24.0,15.202041028867285,34.79795897113271,3,1,38.08022301408457,1.0943234643639508,34.68630072199155,0.95,80,0.9967912414278727,1.0978461877297059,True,,,,,0.75,,50.773630685446086,1.0,insufficient_positive_spectrum
dim_diffuse_6c_136f,gaussian_dimensionality_diffuse,dimensional_gaussian,N292,5,136,5,111,22.2,13.7766248084882,32.6233751915118,4,1,34.913871516296524,1.070210280553089,31.850785625249124,0.95,80,0.9763179143259312,1.0961698693114557,True,1.285196835284043,1.1556758462359178,1.128000337013956,0.5142469394967576,0.8,35.12799787401943,43.642339395370655,1.0,evaluated
dim_diffuse_6c_136f,gaussian_dimensionality_diffuse,dimensional_gaussian,N293,4,136,4,101,25.25,16.20012437887911,36.29987562112089,3,1,41.56662547302427,1.1450900247393394,35.66606697339364,0.95,80,0.9825396468477575,1.165439001279069,True,,,,,0.75,,55.42216729736569,1.0,insufficient_positive_spectrum
dim_diffuse_6c_136f,gaussian_dimensionality_diffuse,dimensional_gaussian,N294,3,136,3,84,28.0,18.41699475574164,39.583005244258366,2,1,48.062177826274784,1.214212451270267,37.30229744460964,0.95,80,0.9423816411721405,1.2884508761864477,True,,,,,0.6666666666666666,,72.09326673941219,1.0,insufficient_positive_spectrum
dim_diffuse_6c_136f,gaussian_dimensionality_diffuse,dimensional_gaussian,N295,3,136,3,85,28.333333333333332,18.687520384885786,39.97914628178087,2,1,45.99999999979299,1.1505998571249112,37.74692059868885,0.95,80,0.9441652488685263,1.2186424553368946,True,,,,,0.6666666666666666,,68.99999999968949,1.0,insufficient_positive_spectrum
dim_diffuse_6c_136f,gaussian_dimensionality_diffuse,dimensional_gaussian,N296,4,136,4,101,25.25,16.20012437887911,36.29987562112089,3,1,39.97903325516877,1.1013545520775059,35.66606697339364,0.95,80,0.9825396468477575,1.1209263215086918,True,,,,,0.75,,53.30537767355836,1.0,insufficient_positive_spectrum
dim_diffuse_6c_136f,gaussian_dimensionality_diffuse,dimensional_gaussian,N297,4,136,4,103,25.75,16.60110843490778,36.89889156509222,3,1,37.8803791466645,1.026599378462111,36.618260717042475,0.95,80,0.9923945995083702,1.0344669136356504,True,,,,,0.75,,50.50717219555267,1.0,insufficient_positive_spectrum
dim_diffuse_6c_136f,gaussian_dimensionality_diffuse,dimensional_gaussian,N298,3,136,3,87,29.0,19.22967038573099,40.770329614269,2,2,45.791287847271846,1.1231522600014885,39.762178358707175,0.95,80,0.9752724281333995,1.1516292551724447,True,,,,,0.6666666666666666,,68.68693177090778,1.0,insufficient_positive_spectrum
dim_diffuse_6c_136f,gaussian_dimensionality_diffuse,dimensional_gaussian,N299,9,136,9,131,14.555555555555555,7.925206794049157,23.18590431706195,8,1,24.048855601827576,1.0372187891817788,22.80138678669197,0.95,80,0.9834158924701927,1.054710216830482,True,1.1051605734066368,1.0978245438276273,1.0860854830060667,0.2292230293446721,0.8888888888888888,17.68171597112572,27.054962552056026,1.0,evaluated
dim_diffuse_6c_136f,gaussian_dimensionality_diffuse,dimensional_gaussian,N300,16,136,16,134,8.375,3.5870815486048873,15.162918451395113,15,1,16.749084422189803,1.104608224061823,14.84643609574695,0.95,80,0.9791278732611635,1.1281552228543188,True,1.0208780756134759,1.09687312210235,1.1336057857472215,0.1272296629287889,0.9375,8.755544311906968,17.86569005033579,1.0,evaluated
dim_diffuse_6c_136f,gaussian_dimensionality_diffuse,dimensional_gaussian,N301,3,136,3,87,29.0,19.22967038573099,40.770329614269,2,1,46.62249899898938,1.143539908558213,39.762178358707175,0.95,80,0.9752724281333995,1.172533822930753,True,,,,,0.6666666666666666,,69.93374849848408,1.0,insufficient_positive_spectrum
dim_diffuse_6c_136f,gaussian_dimensionality_diffuse,dimensional_gaussian,N302,5,136,5,113,22.6,14.092108540796232,33.10789145920377,4,0,32.799425536038584,0.9906830091084089,32.743962523262134,0.95,80,0.9890077887808084,1.0016938393677017,True,1.2463120792979132,1.068859200314827,1.0436079431990402,0.6564777493741356,0.8,34.68833810981276,40.999281920048226,1.0,evaluated
dim_diffuse_6c_136f,gaussian_dimensionality_diffuse,dimensional_gaussian,N303,4,136,4,95,23.75,15.003205655191033,34.49679434480896,3,1,40.11367749439385,1.1628233363785034,32.890365444159755,0.95,80,0.9534325165233523,1.2196178714553236,True,,,,,0.75,,53.48490332585846,1.0,insufficient_positive_spectrum
dim_diffuse_6c_136f,gaussian_dimensionality_diffuse,dimensional_gaussian,N304,6,136,6,117,19.5,11.668239133672156,29.33176086632785,5,0,28.968775969064026,0.987624851473526,29.357036118727695,0.95,80,1.0008617025249533,0.9867745453562328,False,1.1812706371591317,1.1029203190647707,1.0592234545319816,0.4187979536987109,0.8333333333333334,27.16850364009514,34.76253116287683,1.0,evaluated
dim_diffuse_6c_136f,gaussian_dimensionality_diffuse,dimensional_gaussian,N305,6,136,6,117,19.5,11.668239133672156,29.33176086632785,5,1,29.839244471519848,1.0173015049285559,29.357036118727695,0.95,80,1.0008617025249533,1.0164256483809186,True,1.2224605120326835,1.089558833569504,1.068901179615605,0.40571007082896193,0.8333333333333334,28.115845621039004,35.80709336582382,1.0,evaluated
dim_diffuse_6c_136f,gaussian_dimensionality_diffuse,dimensional_gaussian,N306,2,136,2,60,30.0,20.04554884989668,41.954451150103324,1,1,59.99999999976001,1.4301223911878596,37.70962039997705,0.95,80,0.8988228749569562,1.5911059131159146,True,,,,,0.5,,119.99999999952001,1.0,insufficient_positive_spectrum
dim_diffuse_6c_136f,gaussian_dimensionality_diffuse,dimensional_gaussian,N307,8,136,8,125,15.625,8.719305849579051,24.530694150420953,7,0,24.38373264562462,0.9940090767959857,24.10742410884567,0.95,80,0.982745288862198,1.0114615537326348,True,1.1224727867427133,1.0455249644349272,1.0371217525156189,0.33602554182897776,0.875,19.61572962009416,27.867123023570993,1.0,evaluated
dim_diffuse_6c_136f,gaussian_dimensionality_diffuse,dimensional_gaussian,N308,16,136,16,135,8.4375,3.628024980688874,15.246975019311124,15,1,15.617839429435506,1.0243238025677002,15.220443812496965,0.95,80,0.9982599035690322,1.0261093317536676,True,1.0842889885634703,1.064626888098661,1.0618541430063773,0.11527299812251507,0.9375,9.371683699023484,16.659028724731208,1.0,evaluated
dim_diffuse_6c_136f,gaussian_dimensionality_diffuse,dimensional_gaussian,N309,5,136,5,113,22.6,14.092108540796232,33.10789145920377,4,1,34.34297592342905,1.0373048360916364,32.743962523262134,0.95,80,0.9890077887808084,1.0488338391858023,True,1.2346604750839087,1.1110165070820497,1.0888291814189737,0.5925122610988597,0.8,34.364041496459876,42.92871990428631,1.0,evaluated
dim_diffuse_6c_136f,gaussian_dimensionality_diffuse,dimensional_gaussian,N310,7,136,7,123,17.571428571428573,10.187770999359309,26.955086143497834,6,1,28.085415133061616,1.0419337925149403,26.81218009380353,0.95,80,0.9946983641998571,1.0474871880915173,True,1.16370933403,1.1170512090089082,1.0961436056889462,0.28553318792870247,0.8571428571428571,23.40271950177688,32.76631765523855,1.0,evaluated
dim_diffuse_6c_136f,gaussian_dimensionality_diffuse,dimensional_gaussian,N311,3,136,3,87,29.0,19.22967038573099,40.770329614269,2,1,48.90832691297588,1.1996058745588043,39.762178358707175,0.95,80,0.9752724281333995,1.2300213150234982,True,,,,,0.6666666666666666,,73.36249036946383,1.0,insufficient_positive_spectrum
dim_diffuse_6c_136f,gaussian_dimensionality_diffuse,dimensional_gaussian,N312,9,136,9,126,14.0,7.516685226452117,22.483314773547878,8,0,22.105707550458707,0.9832050021586036,22.446266576647353,0.95,80,0.9983521915129653,0.9848278097818299,False,1.1122736364523382,1.097087454500379,1.0565352986124605,0.25946539578223105,0.8888888888888888,17.10031348891283,24.86892099426605,1.0,evaluated
dim_diffuse_6c_136f,gaussian_dimensionality_diffuse,dimensional_gaussian,N313,5,136,5,114,22.8,14.250130890949343,33.34986910905066,4,1,37.95774451840476,1.1381677209672643,33.075142019926595,0.95,80,0.9917622738420432,1.1476215127220488,True,1.2084901596419997,1.2088601218115234,1.1897638670288047,0.45098934538843327,0.8,33.937777186117486,47.44718064800595,1.0,evaluated
dim_diffuse_6c_136f,gaussian_dimensionality_diffuse,dimensional_gaussian,N314,4,136,4,107,26.75,17.405919567211402,38.09408043278861,3,1,45.13290297733967,1.1847747068463832,36.7280633602307,0.95,80,0.9641409621379877,1.2288397167766205,True,,,,,0.75,,60.17720396978623,1.0,insufficient_positive_spectrum
dim_diffuse_6c_136f,gaussian_dimensionality_diffuse,dimensional_gaussian,N315,7,136,7,123,17.571428571428573,10.187770999359309,26.955086143497834,6,1,27.499164173588518,1.0201846147771236,26.81218009380353,0.95,80,0.9946983641998571,1.0256220895645765,True,1.1704863246988564,1.1007076696891207,1.0765767663560222,0.3606672936589289,0.8571428571428571,23.539007840326306,32.08235820251994,1.0,evaluated
dim_diffuse_6c_136f,gaussian_dimensionality_diffuse,dimensional_gaussian,N316,5,136,5,108,21.6,13.3048399691022,31.895160030897802,4,1,33.76628097845156,1.058664729875666,31.863209794198674,0.95,80,0.9989982731966801,1.0597262861006358,True,1.2761468748929985,1.1335322662604805,1.1114149754549087,0.5564182295403348,0.8,33.923506982415546,42.20785122306445,1.0,evaluated
dim_diffuse_6c_136f,gaussian_dimensionality_diffuse,dimensional_gaussian,N317,4,136,4,104,26.0,16.801960972814427,37.198039027185565,3,1,44.36772369490552,1.1927436191590668,36.628247352891755,0.95,80,0.9846822120414093,1.2112980254678427,True,,,,,0.75,,59.156964926540695,1.0,insufficient_positive_spectrum
dim_diffuse_6c_136f,gaussian_dimensionality_diffuse,dimensional_gaussian,N318,19,136,19,136,7.157894736842105,2.8070463043625957,13.508743169321614,18,1,14.03849882731959,1.0392157620703792,14.198370365330627,0.95,80,1.0510504335869792,0.9887401487707765,False,1.0012511218605318,1.140843699326348,1.1231797185827337,0.13491748713835328,0.9473684210526315,7.211206884946898,14.818415428837346,1.0,evaluated
dim_diffuse_6c_136f,gaussian_dimensionality_diffuse,dimensional_gaussian,N319,5,136,5,118,23.6,14.884033758807103,34.31596624119289,4,1,35.801801783592744,1.0432986654654142,35.71316873638226,0.95,80,1.040715813897502,1.0024818029412268,True,1.278330505482481,1.1371375802767756,1.1042314239094126,0.48964459892035506,0.8,37.177443555417135,44.75225222949093,1.0,evaluated
dim_diffuse_6c_136f,gaussian_dimensionality_diffuse,dimensional_gaussian,N320,25,136,25,136,5.44,1.77523848412376,11.104761515876241,24,0,11.03325403233622,0.9935606466255229,11.469727264831292,0.95,80,1.0328656989556477,0.9619456311020232,False,1.0492960137662304,1.0283414907914938,1.064091726661994,0.08167558440352202,0.96,5.579590023645279,11.49297295035023,1.0,evaluated
dim_diffuse_6c_136f,gaussian_dimensionality_diffuse,dimensional_gaussian,N321,29,136,29,136,4.689655172413793,1.3585328363841151,10.020777508443471,28,0,9.582933152085099,0.9563063488846603,9.913616366341051,0.95,80,0.9893061050390425,0.9666435332943994,False,1.0174354083608872,1.0268552174460508,1.017473663116656,0.06496291958528216,0.9655172413793104,4.588222722316859,9.925180764659567,1.0,evaluated
dim_diffuse_6c_136f,gaussian_dimensionality_diffuse,dimensional_gaussian,N322,4,136,4,103,25.75,16.60110843490778,36.89889156509222,3,1,40.14907921837159,1.088083612147151,36.618260717042475,0.95,80,0.9923945995083702,1.0964223431749678,True,,,,,0.75,,53.53210562449545,1.0,insufficient_positive_spectrum
dim_diffuse_6c_136f,gaussian_dimensionality_diffuse,dimensional_gaussian,N323,5,136,5,117,23.4,14.725290702041738,34.07470929795826,4,1,35.77316715954004,1.0498451167031249,34.92824149664232,0.95,80,1.025048847554958,1.0241903292777834,True,1.275452927470551,1.128456529686456,1.1036566888321626,0.5552824446219411,0.8,36.774886422856504,44.716458949425046,1.0,evaluated
dim_diffuse_6c_136f,gaussian_dimensionality_diffuse,dimensional_gaussian,N324,5,136,5,113,22.6,14.092108540796232,33.10789145920377,4,1,35.57210082021282,1.074429667743882,32.743962523262134,0.95,80,0.9890077887808084,1.0863712904307627,True,1.2187506664099135,1.1415937728845842,1.123408817818541,0.5588744903754811,0.8,33.921227187176385,44.46512602526602,1.0,evaluated
dim_diffuse_6c_136f,gaussian_dimensionality_diffuse,dimensional_gaussian,N325,9,136,9,134,14.88888888888889,8.171664287028738,23.606113490749035,8,1,24.08589462608022,1.020324444153808,23.907901771073945,0.95,80,1.0127843272651882,1.0074449383601545,True,1.1024908820030679,1.119185054580084,1.0867681763736707,0.26522335429040356,0.8888888888888888,18.052456586206493,27.096631454340248,1.0,evaluated
dim_diffuse_6c_136f,gaussian_dimensionality_diffuse,dimensional_gaussian,N326,25,136,25,136,5.44,1.77523848412376,11.104761515876241,24,1,11.278149259706666,1.0156138196738882,11.469727264831292,0.95,80,1.0328656989556477,0.9832970740540583,False,0.9624506011632084,1.1461913300723225,1.1046829083287792,0.11276709706495291,0.96,5.117792979339407,11.748072145527777,1.0,evaluated
dim_diffuse_6c_136f,gaussian_dimensionality_diffuse,dimensional_gaussian,N327,6,136,6,122,20.333333333333332,12.314833827687545,30.35183283897912,5,1,34.17483140428225,1.1259561024068858,30.177231023335768,0.95,80,0.9942474045449038,1.1324707484876653,True,1.1394457735994146,1.1831631558950237,1.1718628993202134,0.3472427534959417,0.8333333333333334,27.346032238583874,41.0097976851387,1.0,evaluated
dim_diffuse_6c_136f,gaussian_dimensionality_diffuse,dimensional_gaussian,N328,5,136,5,116,23.2,14.566724336966166,33.83327566303384,4,1,40.23608901014508,1.1892460372705485,34.22707203423601,0.95,80,1.011639321451586,1.1755632783867251,True,1.1600065567624132,1.2178201058427585,1.221359632106217,0.4898639866606428,0.8,33.156236631971865,50.295111262681345,1.0,evaluated
dim_diffuse_6c_136f,gaussian_dimensionality_diffuse,dimensional_gaussian,N329,9,136,9,130,14.444444444444445,7.843274943783526,23.045613945105362,8,1,23.499747754119,1.019705867246383,23.44277846647547,0.95,80,1.0172338442497628,1.0024301423026711,True,1.1304926245231397,1.1018640855582298,1.0784937227848888,0.25123693571416816,0.8888888888888888,17.94569076199227,26.437216223383874,1.0,evaluated
dim_diffuse_6c_136f,gaussian_dimensionality_diffuse,dimensional_gaussian,N330,6,136,6,122,20.333333333333332,12.314833827687545,30.35183283897912,5,1,32.91208696052367,1.0843525376252259,30.177231023335768,0.95,80,0.9942474045449038,1.0906264705026472,True,1.1315280502240432,1.1652376372435418,1.1408596685736843,0.4065857832562469,0.8333333333333334,27.156011507720013,39.494504352628404,1.0,evaluated
dim_diffuse_6c_136f,gaussian_dimensionality_diffuse,dimensional_gaussian,N331,5,136,5,115,23.0,14.408336953374558,33.591663046625435,4,1,35.0660748283467,1.043892193717077,33.28152777306147,0.95,80,0.9907674927218252,1.0536197456875662,True,1.2607492545149235,1.1455465921413313,1.1087496808916422,0.5076439337889502,0.8,35.72055180715781,43.832593535433375,1.0,evaluated
dim_diffuse_6c_136f,gaussian_dimensionality_diffuse,dimensional_gaussian,N332,8,136,8,129,16.125,9.093810797895493,25.156189202104503,7,1,26.70584682299444,1.0616014456100646,25.033848056485528,0.95,80,0.9951367377373382,1.0667895228386892,True,1.0825678753185295,1.1145965788166137,1.1064023249250696,0.24331641091229667,0.875,19.537008172559894,30.520967797707932,1.0,evaluated
dim_diffuse_6c_136f,gaussian_dimensionality_diffuse,dimensional_gaussian,N333,27,136,27,136,5.037037037037037,1.5483681755427803,10.525705898531294,26,1,10.849764960029917,1.0307873946529174,10.654125601472554,0.95,80,1.0122005786765502,1.0183627794410761,True,0.990339018701998,1.1195537638329989,1.075939285050548,0.1011696111865501,0.9629629629629629,4.835300283128622,11.267063612338761,1.0,evaluated
dim_diffuse_6c_136f,gaussian_dimensionality_diffuse,dimensional_gaussian,N334,34,136,34,136,4.0,1.0,9.0,33,0,8.77508473167567,0.9750094146306301,9.015540155455287,0.95,80,1.0017266839394763,0.9733287834524127,False,1.0030102460150152,1.0270150725989207,1.006061231599867,0.060453470912498086,0.9705882352941176,3.7864189444734513,9.040996390211298,1.0,evaluated
dim_diffuse_6c_136f,gaussian_dimensionality_diffuse,dimensional_gaussian,N335,7,136,7,122,17.428571428571427,10.079063316455736,26.778079540687116,6,1,29.87002815145518,1.1154656593677712,27.61565330027177,0.95,80,1.0312783356368789,1.0816339496542429,True,1.1261150466636063,1.143663432011646,1.1487619426771063,0.28091912480629666,0.8571428571428571,22.458989355348134,34.84836617669771,1.0,evaluated
dim_diffuse_6c_136f,gaussian_dimensionality_diffuse,dimensional_gaussian,N336,6,136,6,125,20.833333333333332,12.704624041580564,30.962042625086102,5,1,32.99464190791243,1.0656481003995348,31.74120596868275,0.95,80,1.025165114363784,1.0394892349227807,True,1.207449768205894,1.139830101272543,1.118460704664807,0.3704943364876334,0.8333333333333334,29.702575521101334,39.59357028949491,1.0,evaluated
dim_diffuse_6c_136f,gaussian_dimensionality_diffuse,dimensional_gaussian,N337,31,136,31,136,4.387096774193548,1.1980172694844062,9.576176278902691,30,1,9.637909403686837,1.0064465317874474,9.72177186932687,0.95,80,1.015203938000279,0.9913737468059061,False,0.9517371302979275,1.1044840398155567,1.0668361252132665,0.09342316387614735,0.967741935483871,3.984367267810721,9.959173050476398,1.0,evaluated
dim_diffuse_6c_136f,gaussian_dimensionality_diffuse,dimensional_gaussian,N338,13,136,13,136,10.461538461538462,4.9926781410373415,17.930398782039575,12,1,18.785381003923014,1.0476833913331505,17.963865053040788,0.95,80,1.0018664543610003,1.0457315810632393,True,1.0631830382177514,1.0167060376026356,1.0483035159231795,0.153067725924587,0.9230769230769231,11.664370527829531,20.350829420916597,1.0,evaluated
dim_diffuse_6c_136f,gaussian_dimensionality_diffuse,dimensional_gaussian,N339,39,136,39,136,3.4871794871794872,0.752381239788077,8.221977734570897,38,0,7.844880503062572,0.9541354594135244,8.312098033750429,0.95,80,1.010960902849518,0.9437906616607783,False,1.00297490519114,1.0020915126820942,1.037872614003559,0.05414948343964254,0.9743589743589743,3.2433160419056266,8.051324726827376,1.0,evaluated
dim_diffuse_6c_136f,gaussian_dimensionality_diffuse,dimensional_gaussian,N340,38,136,38,136,3.5789473684210527,0.7953261567133836,8.362568580128722,37,1,8.991710081207955,1.0752330453318149,8.352772238134225,0.95,80,0.9988285486808712,1.0764941057720558,True,0.9889815765159292,1.1057594615716504,1.0625605936592566,0.0816492791854454,0.9736842105263158,3.2935783974200215,9.234729272591954,1.0,evaluated
dim_diffuse_6c_136f,gaussian_dimensionality_diffuse,dimensional_gaussian,N341,11,136,11,136,12.363636363636363,6.331243779704104,20.396028947568624,10,0,19.693332033828835,0.9655473663257594,21.05000799111333,0.95,80,1.0320640378196102,0.9355498602253624,False,1.1302449130340626,1.0514921089683948,1.0263822654806083,0.21846656049746283,0.9090909090909091,14.9558988409393,21.66266523721172,1.0,evaluated
dim_diffuse_6c_136f,gaussian_dimensionality_diffuse,dimensional_gaussian,N342,19,136,19,136,7.157894736842105,2.8070463043625957,13.508743169321614,18,1,13.634694904630642,1.0093237197369378,14.198370365330627,0.95,80,1.0510504335869792,0.9602999889285633,False,1.023121349423231,1.0422551853254651,1.0030946631701103,0.11014570315741101,0.9473684210526315,7.368720551730543,14.3921779548879,1.0,evaluated
dim_diffuse_6c_136f,gaussian_dimensionality_diffuse,dimensional_gaussian,N343,12,136,12,135,11.25,5.5417960675006315,18.95820393249937,11,1,20.24821342793193,1.0680449213451673,19.17670120703111,0.95,80,1.0115252096300735,1.0558757321883887,True,1.0753973138276611,1.0548486756009838,1.085404689469469,0.17738661230906638,0.9166666666666666,12.80595530649018,22.08896010319847,1.0,evaluated
dim_diffuse_6c_136f,gaussian_dimensionality_diffuse,dimensional_gaussian,N344,45,136,45,136,3.022222222222222,0.5453142727808097,7.499130171663636,44,1,7.985394032818112,1.064842701756516,7.600668863358221,0.95,80,1.0135400625632904,1.0506172780812224,True,1.0037687802401454,1.0225792040814667,1.0227920081846789,0.044248591442466845,0.9777777777777777,2.756683607444454,8.166880260836706,1.0,evaluated
dim_diffuse_6c_136f,gaussian_dimensionality_diffuse,dimensional_gaussian,N345,10,136,10,136,13.6,7.2243644341656905,21.97563556583431,9,1,22.16963580872057,1.008827969607754,21.94467572145386,0.95,80,0.9985911741079023,1.010251237708962,True,0.9785156671077306,1.1448026106905935,1.0933433127430643,0.2708854929857375,0.9,14.423245811020724,24.63292867635619,1.0,evaluated
dim_diffuse_6c_136f,gaussian_dimensionality_diffuse,dimensional_gaussian,N346,17,136,17,136,8.0,3.3431457505076203,14.656854249492381,16,1,16.485635594538344,1.1247731139244495,14.827026068538991,0.95,80,1.0116103917082004,1.1118639380771513,True,1.0132698320182703,1.1102515754756284,1.1392952086535806,0.1209093197916028,0.9411764705882353,8.252557575737017,17.51598781919699,1.0,evaluated
dim_diffuse_6c_136f,gaussian_dimensionality_diffuse,dimensional_gaussian,N347,43,136,43,136,3.1627906976744184,0.6059433871060166,7.719638008242821,42,1,9.4961024686921,1.2301227672272221,7.800616353550534,0.95,80,1.0104899148407278,1.2173528396086095,True,0.9459574041139265,1.066239727944118,1.0239514840366983,0.057699637699226924,0.9767441860465116,2.736970565735052,9.722200146518103,1.0,evaluated
dim_diffuse_6c_136f,gaussian_dimensionality_diffuse,dimensional_gaussian,N348,12,136,12,135,11.25,5.5417960675006315,18.95820393249937,11,1,20.37991483401825,1.0749918561157417,19.17670120703111,0.95,80,1.0115252096300735,1.0627435143300865,True,1.1171980234726482,1.0988290779017165,1.109905565073287,0.16731132427874934,0.9166666666666666,13.303722980456177,22.232634364383546,1.0,evaluated
dim_diffuse_6c_136f,gaussian_dimensionality_diffuse,dimensional_gaussian,N349,64,136,64,136,2.125,0.20952405257734982,6.04047594742265,63,2,6.881461365505972,1.1392250255449081,6.15294891683963,0.95,80,1.0186198853196278,1.11840053582641,True,1.0004352560255216,0.9954866715277099,1.0207350790405347,0.033906189510483076,0.984375,1.815480968714941,6.990690910990193,1.0,evaluated
dim_diffuse_6c_136f,gaussian_dimensionality_diffuse,dimensional_gaussian,N350,17,136,17,136,8.0,3.3431457505076203,14.656854249492381,16,0,14.525926596980696,0.9910671382628902,14.827026068538991,0.95,80,1.0116103917082004,0.9796925243021466,False,1.0197168542588482,1.090950393351157,1.0681332326839268,0.13022537663035955,0.9411764705882353,8.305065230214849,15.43379700929199,1.0,evaluated
dim_diffuse_6c_136f,gaussian_dimensionality_diffuse,dimensional_gaussian,N351,30,136,30,136,4.533333333333333,1.275008153954317,9.79165851271235,29,1,10.858462478539142,1.108950282982375,9.814708208112767,0.95,80,1.00235401340544,1.1063459298324951,True,1.0048115833627613,1.010033871033496,1.0970560144040848,0.06833652984370109,0.9666666666666667,4.36333081257046,11.232892219178423,1.0,evaluated
dim_diffuse_6c_136f,gaussian_dimensionality_diffuse,dimensional_gaussian,N352,10,136,10,135,13.5,7.151530771650466,21.848469228349536,9,1,23.952969702855288,1.0963225593752377,22.05143404790296,0.95,80,1.0092896585766322,1.0862318364792771,True,1.0488624925527998,1.0910630712266034,1.1159805616799907,0.2140593316452637,0.9,15.343605801854869,26.61441078095032,1.0,evaluated
dim_diffuse_6c_136f,gaussian_dimensionality_diffuse,dimensional_gaussian,N353,73,136,73,136,1.8630136986301369,0.13316850255755602,5.592858894702719,72,2,7.201808354513346,1.2876792513636532,5.697889542386485,0.95,80,1.0187794202680933,1.2639431320911436,True,0.9686794234256343,0.9819461978066749,1.0102901690298727,0.032262728142038344,0.9863013698630136,1.4962474914504509,7.301833470548255,1.0,evaluated
dim_diffuse_6c_136f,gaussian_dimensionality_diffuse,dimensional_gaussian,N354,27,136,27,136,5.037037037037037,1.5483681755427803,10.525705898531294,26,0,10.382197786875414,0.9863659394401373,10.654125601472554,0.95,80,1.0122005786765502,0.9744767590726023,False,1.0057993961372522,1.0235081599083484,0.9997991483524761,0.07875605224170923,0.9629629629629629,4.910785107999947,10.781513086370623,1.0,evaluated
dim_diffuse_6c_136f,gaussian_dimensionality_diffuse,dimensional_gaussian,N355,79,136,79,136,1.7215189873417722,0.09738561623292379,5.34565235845062,78,2,6.794722146470065,1.2710744528174747,5.396020022909524,0.95,80,1.0094221735873417,1.2592099580101934,True,0.9591301828261986,0.9970266695371316,1.0084248112727938,0.03486529311575348,0.9873417721518988,1.3418910669533348,6.881833968860707,1.0,evaluated
dim_diffuse_6c_136f,gaussian_dimensionality_diffuse,dimensional_gaussian,N356,37,136,37,136,3.675675675675676,0.8412653295203893,8.510086021830961,36,0,8.480891800676767,0.9965694563980549,8.79578827610663,0.95,80,1.0335721934587683,0.9641991751569026,False,1.026940124340185,1.0318709881819506,1.0331114200516758,0.059566364921303294,0.972972972972973,3.5246738138105793,8.716472128473344,1.0,evaluated
dim_diffuse_6c_136f,gaussian_dimensionality_diffuse,dimensional_gaussian,N357,101,136,101,136,1.3465346534653466,0.02572905758675459,4.667340249343939,100,2,6.438203600007538,1.3794159534249768,4.765983102845134,0.95,80,1.0211347037566119,1.3508658048250621,True,0.9998921499966682,0.9760357801871047,0.9971830454528648,0.03523269046821803,0.9900990099009901,1.0139096257048095,6.5025856360076135,1.0,evaluated
dim_diffuse_6c_136f,gaussian_dimensionality_diffuse,dimensional_gaussian,N358,180,136,180,136,0.7555555555555555,0.017101580834849223,3.4940095302762626,136,2,8.515281241110838,2.4371087621039074,3.5607566586860355,0.95,80,1.0191033046222102,2.3914246485613777,True,0.9228434310158083,0.9781516925289272,0.949808778383377,0.034246748034448826,0.9944444444444445,0.6876734834006719,8.562852644692462,1.0,evaluated
gauss_null_large_continuous,continuous_gaussian_examples,blobs_continuous,N200,2,80,2,80,40.0,28.350889359326487,53.64911064067352,1,0,0.499999999999987,0.009319818987286569,51.08118253786238,0.95,80,0.9521347498188667,0.009788340346846456,False,,,,,0.5,,0.999999999999974,1.0,insufficient_positive_spectrum
gauss_null_large_continuous,continuous_gaussian_examples,blobs_continuous,N201,2,80,2,80,40.0,28.350889359326487,53.64911064067352,1,0,0.4999999999999872,0.009319818987286572,51.08118253786238,0.95,80,0.9521347498188667,0.009788340346846459,False,,,,,0.5,,0.9999999999999744,1.0,insufficient_positive_spectrum
gauss_null_large_continuous,continuous_gaussian_examples,blobs_continuous,N202,2,80,2,80,40.0,28.350889359326487,53.64911064067352,1,0,0.49999999999998873,0.009319818987286602,51.08118253786238,0.95,80,0.9521347498188667,0.00978834034684649,False,,,,,0.5,,0.9999999999999775,1.0,insufficient_positive_spectrum
gauss_null_large_continuous,continuous_gaussian_examples,blobs_continuous,N203,2,80,2,80,40.0,28.350889359326487,53.64911064067352,1,0,0.4999999999999885,0.009319818987286597,51.08118253786238,0.95,80,0.9521347498188667,0.009788340346846485,False,,,,,0.5,,0.999999999999977,1.0,insufficient_positive_spectrum
gauss_null_large_continuous,continuous_gaussian_examples,blobs_continuous,N204,2,80,2,80,40.0,28.350889359326487,53.64911064067352,1,0,0.4999999999999887,0.0093198189872866,51.08118253786238,0.95,80,0.9521347498188667,0.009788340346846489,False,,,,,0.5,,0.9999999999999774,1.0,insufficient_positive_spectrum
gauss_null_large_continuous,continuous_gaussian_examples,blobs_continuous,N205,2,80,2,80,40.0,28.350889359326487,53.64911064067352,1,0,0.49999999999998873,0.009319818987286602,51.08118253786238,0.95,80,0.9521347498188667,0.00978834034684649,False,,,,,0.5,,0.9999999999999775,1.0,insufficient_positive_spectrum
gauss_null_large_continuous,continuous_gaussian_examples,blobs_continuous,N206,2,80,2,80,40.0,28.350889359326487,53.64911064067352,1,0,0.4999999999999889,0.009319818987286605,51.08118253786238,0.95,80,0.9521347498188667,0.009788340346846494,False,,,,,0.5,,0.9999999999999778,1.0,insufficient_positive_spectrum
gauss_null_large_continuous,continuous_gaussian_examples,blobs_continuous,N207,2,80,2,80,40.0,28.350889359326487,53.64911064067352,1,0,0.49999999999998906,0.009319818987286607,51.08118253786238,0.95,80,0.9521347498188667,0.009788340346846496,False,,,,,0.5,,0.9999999999999781,1.0,insufficient_positive_spectrum
gauss_null_large_continuous,continuous_gaussian_examples,blobs_continuous,N208,2,80,2,80,40.0,28.350889359326487,53.64911064067352,1,0,0.4999999999999891,0.009319818987286609,51.08118253786238,0.95,80,0.9521347498188667,0.009788340346846497,False,,,,,0.5,,0.9999999999999782,1.0,insufficient_positive_spectrum
gauss_null_large_continuous,continuous_gaussian_examples,blobs_continuous,N209,2,80,2,80,40.0,28.350889359326487,53.64911064067352,1,0,0.499999999999989,0.009319818987286607,51.08118253786238,0.95,80,0.9521347498188667,0.009788340346846496,False,,,,,0.5,,0.999999999999978,1.0,insufficient_positive_spectrum
gauss_null_large_continuous,continuous_gaussian_examples,blobs_continuous,N210,2,80,2,80,40.0,28.350889359326487,53.64911064067352,1,0,0.4999999999999893,0.009319818987286612,51.08118253786238,0.95,80,0.9521347498188667,0.0097883403468465,False,,,,,0.5,,0.9999999999999786,1.0,insufficient_positive_spectrum
gauss_null_large_continuous,continuous_gaussian_examples,blobs_continuous,N211,2,80,2,80,40.0,28.350889359326487,53.64911064067352,1,0,0.4999999999999894,0.009319818987286614,51.08118253786238,0.95,80,0.9521347498188667,0.009788340346846502,False,,,,,0.5,,0.9999999999999788,1.0,insufficient_positive_spectrum
gauss_null_large_continuous,continuous_gaussian_examples,blobs_continuous,N212,2,80,2,80,40.0,28.350889359326487,53.64911064067352,1,0,0.4999999999999895,0.009319818987286616,51.08118253786238,0.95,80,0.9521347498188667,0.009788340346846506,False,,,,,0.5,,0.999999999999979,1.0,insufficient_positive_spectrum
gauss_null_large_continuous,continuous_gaussian_examples,blobs_continuous,N213,2,80,2,80,40.0,28.350889359326487,53.64911064067352,1,0,0.4999999999999896,0.009319818987286618,51.08118253786238,0.95,80,0.9521347498188667,0.009788340346846508,False,,,,,0.5,,0.9999999999999792,1.0,insufficient_positive_spectrum
gauss_null_large_continuous,continuous_gaussian_examples,blobs_continuous,N214,2,80,2,80,40.0,28.350889359326487,53.64911064067352,1,0,0.49999999999998956,0.009319818987286618,51.08118253786238,0.95,80,0.9521347498188667,0.009788340346846506,False,,,,,0.5,,0.9999999999999791,1.0,insufficient_positive_spectrum
gauss_null_large_continuous,continuous_gaussian_examples,blobs_continuous,N215,2,80,2,80,40.0,28.350889359326487,53.64911064067352,1,0,0.49999999999998973,0.009319818987286621,51.08118253786238,0.95,80,0.9521347498188667,0.00978834034684651,False,,,,,0.5,,0.9999999999999795,1.0,insufficient_positive_spectrum
gauss_null_large_continuous,continuous_gaussian_examples,blobs_continuous,N216,2,80,2,80,40.0,28.350889359326487,53.64911064067352,1,0,0.4999999999999898,0.009319818987286621,51.08118253786238,0.95,80,0.9521347498188667,0.009788340346846511,False,,,,,0.5,,0.9999999999999796,1.0,insufficient_positive_spectrum
gauss_null_large_continuous,continuous_gaussian_examples,blobs_continuous,N217,2,80,2,80,40.0,28.350889359326487,53.64911064067352,1,0,0.4999999999999898,0.009319818987286621,51.08118253786238,0.95,80,0.9521347498188667,0.009788340346846511,False,,,,,0.5,,0.9999999999999796,1.0,insufficient_positive_spectrum
gauss_null_large_continuous,continuous_gaussian_examples,blobs_continuous,N218,2,80,2,80,40.0,28.350889359326487,53.64911064067352,1,0,0.49999999999998995,0.009319818987286625,51.08118253786238,0.95,80,0.9521347498188667,0.009788340346846515,False,,,,,0.5,,0.9999999999999799,1.0,insufficient_positive_spectrum
gauss_null_large_continuous,continuous_gaussian_examples,blobs_continuous,N219,2,80,2,80,40.0,28.350889359326487,53.64911064067352,1,0,0.49999999999999006,0.009319818987286626,51.08118253786238,0.95,80,0.9521347498188667,0.009788340346846516,False,,,,,0.5,,0.9999999999999801,1.0,insufficient_positive_spectrum
gauss_null_large_continuous,continuous_gaussian_examples,blobs_continuous,N220,2,80,2,80,40.0,28.350889359326487,53.64911064067352,1,0,0.49999999999998995,0.009319818987286625,51.08118253786238,0.95,80,0.9521347498188667,0.009788340346846515,False,,,,,0.5,,0.9999999999999799,1.0,insufficient_positive_spectrum
gauss_null_large_continuous,continuous_gaussian_examples,blobs_continuous,N221,3,80,3,80,26.666666666666668,17.33871107678022,37.99462225655311,2,0,0.6666666666666419,0.01754634279991187,39.34437788343076,0.95,80,1.035524912387959,0.016944394664006053,False,,,,,0.6666666666666666,,0.9999999999999628,1.0,insufficient_positive_spectrum
gauss_null_large_continuous,continuous_gaussian_examples,blobs_continuous,N222,2,80,2,80,40.0,28.350889359326487,53.64911064067352,1,0,0.49999999999999,0.009319818987286626,51.08118253786238,0.95,80,0.9521347498188667,0.009788340346846515,False,,,,,0.5,,0.99999999999998,1.0,insufficient_positive_spectrum
gauss_null_large_continuous,continuous_gaussian_examples,blobs_continuous,N223,3,80,3,80,26.666666666666668,17.33871107678022,37.99462225655311,2,0,0.6666666666666419,0.01754634279991187,39.34437788343076,0.95,80,1.035524912387959,0.016944394664006053,False,,,,,0.6666666666666666,,0.9999999999999628,1.0,insufficient_positive_spectrum
gauss_null_large_continuous,continuous_gaussian_examples,blobs_continuous,N224,2,80,2,80,40.0,28.350889359326487,53.64911064067352,1,0,0.49999999999999023,0.00931981898728663,51.08118253786238,0.95,80,0.9521347498188667,0.00978834034684652,False,,,,,0.5,,0.9999999999999805,1.0,insufficient_positive_spectrum
gauss_null_large_continuous,continuous_gaussian_examples,blobs_continuous,N225,2,80,2,80,40.0,28.350889359326487,53.64911064067352,1,0,0.4999999999999901,0.009319818987286628,51.08118253786238,0.95,80,0.9521347498188667,0.009788340346846516,False,,,,,0.5,,0.9999999999999802,1.0,insufficient_positive_spectrum
gauss_null_large_continuous,continuous_gaussian_examples,blobs_continuous,N226,2,80,2,80,40.0,28.350889359326487,53.64911064067352,1,0,0.4999999999999901,0.009319818987286628,51.08118253786238,0.95,80,0.9521347498188667,0.009788340346846516,False,,,,,0.5,,0.9999999999999802,1.0,insufficient_positive_spectrum
gauss_null_large_continuous,continuous_gaussian_examples,blobs_continuous,N227,2,80,2,80,40.0,28.350889359326487,53.64911064067352,1,0,0.4999999999999902,0.009319818987286628,51.08118253786238,0.95,80,0.9521347498188667,0.009788340346846518,False,,,,,0.5,,0.9999999999999803,1.0,insufficient_positive_spectrum
gauss_null_large_continuous,continuous_gaussian_examples,blobs_continuous,N228,2,80,2,80,40.0,28.350889359326487,53.64911064067352,1,0,0.49999999999999023,0.00931981898728663,51.08118253786238,0.95,80,0.9521347498188667,0.00978834034684652,False,,,,,0.5,,0.9999999999999805,1.0,insufficient_positive_spectrum
gauss_null_large_continuous,continuous_gaussian_examples,blobs_continuous,N229,2,80,2,80,40.0,28.350889359326487,53.64911064067352,1,0,0.49999999999999023,0.00931981898728663,51.08118253786238,0.95,80,0.9521347498188667,0.00978834034684652,False,,,,,0.5,,0.9999999999999805,1.0,insufficient_positive_spectrum
gauss_null_large_continuous,continuous_gaussian_examples,blobs_continuous,N230,2,80,2,80,40.0,28.350889359326487,53.64911064067352,1,0,0.4999999999999903,0.009319818987286631,51.08118253786238,0.95,80,0.9521347498188667,0.00978834034684652,False,,,,,0.5,,0.9999999999999806,1.0,insufficient_positive_spectrum
gauss_null_large_continuous,continuous_gaussian_examples,blobs_continuous,N231,2,80,2,80,40.0,28.350889359326487,53.64911064067352,1,0,0.4999999999999904,0.009319818987286633,51.08118253786238,0.95,80,0.9521347498188667,0.009788340346846523,False,,,,,0.5,,0.9999999999999808,1.0,insufficient_positive_spectrum
gauss_null_large_continuous,continuous_gaussian_examples,blobs_continuous,N232,2,80,2,80,40.0,28.350889359326487,53.64911064067352,1,0,0.4999999999999904,0.009319818987286633,51.08118253786238,0.95,80,0.9521347498188667,0.009788340346846523,False,,,,,0.5,,0.9999999999999808,1.0,insufficient_positive_spectrum
gauss_null_large_continuous,continuous_gaussian_examples,blobs_continuous,N233,2,80,2,80,40.0,28.350889359326487,53.64911064067352,1,0,0.4999999999999902,0.009319818987286628,51.08118253786238,0.95,80,0.9521347498188667,0.009788340346846518,False,,,,,0.5,,0.9999999999999803,1.0,insufficient_positive_spectrum
gauss_null_large_continuous,continuous_gaussian_examples,blobs_continuous,N234,3,80,3,80,26.666666666666668,17.33871107678022,37.99462225655311,2,0,0.666666666666644,0.017546342799911924,39.34437788343076,0.95,80,1.035524912387959,0.016944394664006105,False,,,,,0.6666666666666666,,0.999999999999966,1.0,insufficient_positive_spectrum
gauss_null_large_continuous,continuous_gaussian_examples,blobs_continuous,N235,3,80,3,80,26.666666666666668,17.33871107678022,37.99462225655311,2,0,0.6666666666666423,0.01754634279991188,39.34437788343076,0.95,80,1.035524912387959,0.016944394664006063,False,,,,,0.6666666666666666,,0.9999999999999635,1.0,insufficient_positive_spectrum
gauss_null_large_continuous,continuous_gaussian_examples,blobs_continuous,N236,3,80,3,80,26.666666666666668,17.33871107678022,37.99462225655311,2,0,0.6666666666666426,0.01754634279991189,39.34437788343076,0.95,80,1.035524912387959,0.01694439466400607,False,,,,,0.6666666666666666,,0.999999999999964,1.0,insufficient_positive_spectrum
gauss_null_large_continuous,continuous_gaussian_examples,blobs_continuous,N237,2,80,2,80,40.0,28.350889359326487,53.64911064067352,1,0,0.49999999999999073,0.009319818987286638,51.08118253786238,0.95,80,0.9521347498188667,0.009788340346846528,False,,,,,0.5,,0.9999999999999815,1.0,insufficient_positive_spectrum
gauss_null_large_continuous,continuous_gaussian_examples,blobs_continuous,N238,2,80,2,80,40.0,28.350889359326487,53.64911064067352,1,0,0.49999999999999045,0.009319818987286633,51.08118253786238,0.95,80,0.9521347498188667,0.009788340346846523,False,,,,,0.5,,0.9999999999999809,1.0,insufficient_positive_spectrum
gauss_null_large_continuous,continuous_gaussian_examples,blobs_continuous,N239,2,80,2,80,40.0,28.350889359326487,53.64911064067352,1,0,0.4999999999999906,0.009319818987286637,51.08118253786238,0.95,80,0.9521347498188667,0.009788340346846527,False,,,,,0.5,,0.9999999999999812,1.0,insufficient_positive_spectrum
gauss_null_large_continuous,continuous_gaussian_examples,blobs_continuous,N240,4,80,4,80,20.0,12.055728090000843,29.944271909999163,3,0,0.7499999999999684,0.025046526502770772,29.485606770096787,0.95,80,0.9846827085567168,0.02543613926102381,False,,,,,0.75,,0.9999999999999578,1.0,insufficient_positive_spectrum
gauss_null_large_continuous,continuous_gaussian_examples,blobs_continuous,N241,2,80,2,80,40.0,28.350889359326487,53.64911064067352,1,0,0.4999999999999906,0.009319818987286637,51.08118253786238,0.95,80,0.9521347498188667,0.009788340346846527,False,,,,,0.5,,0.9999999999999812,1.0,insufficient_positive_spectrum
gauss_null_large_continuous,continuous_gaussian_examples,blobs_continuous,N242,3,80,3,80,26.666666666666668,17.33871107678022,37.99462225655311,2,0,0.6666666666666453,0.01754634279991196,39.34437788343076,0.95,80,1.035524912387959,0.01694439466400614,False,,,,,0.6666666666666666,,0.999999999999968,1.0,insufficient_positive_spectrum
gauss_null_large_continuous,continuous_gaussian_examples,blobs_continuous,N243,2,80,2,80,40.0,28.350889359326487,53.64911064067352,1,0,0.4999999999999908,0.00931981898728664,51.08118253786238,0.95,80,0.9521347498188667,0.00978834034684653,False,,,,,0.5,,0.9999999999999816,1.0,insufficient_positive_spectrum
gauss_null_large_continuous,continuous_gaussian_examples,blobs_continuous,N244,2,80,2,80,40.0,28.350889359326487,53.64911064067352,1,0,0.4999999999999909,0.009319818987286642,51.08118253786238,0.95,80,0.9521347498188667,0.009788340346846532,False,,,,,0.5,,0.9999999999999818,1.0,insufficient_positive_spectrum
gauss_null_large_continuous,continuous_gaussian_examples,blobs_continuous,N245,3,80,3,80,26.666666666666668,17.33871107678022,37.99462225655311,2,0,0.6666666666666423,0.01754634279991188,39.34437788343076,0.95,80,1.035524912387959,0.016944394664006063,False,,,,,0.6666666666666666,,0.9999999999999635,1.0,insufficient_positive_spectrum
gauss_null_large_continuous,continuous_gaussian_examples,blobs_continuous,N246,3,80,3,80,26.666666666666668,17.33871107678022,37.99462225655311,2,0,0.6666666666666446,0.01754634279991194,39.34437788343076,0.95,80,1.035524912387959,0.016944394664006122,False,,,,,0.6666666666666666,,0.999999999999967,1.0,insufficient_positive_spectrum
gauss_null_large_continuous,continuous_gaussian_examples,blobs_continuous,N247,2,80,2,80,40.0,28.350889359326487,53.64911064067352,1,0,0.4999999999999908,0.00931981898728664,51.08118253786238,0.95,80,0.9521347498188667,0.00978834034684653,False,,,,,0.5,,0.9999999999999816,1.0,insufficient_positive_spectrum
gauss_null_large_continuous,continuous_gaussian_examples,blobs_continuous,N248,3,80,3,80,26.666666666666668,17.33871107678022,37.99462225655311,2,0,0.6666666666666438,0.017546342799911917,39.34437788343076,0.95,80,1.035524912387959,0.016944394664006098,False,,,,,0.6666666666666666,,0.9999999999999657,1.0,insufficient_positive_spectrum
gauss_null_large_continuous,continuous_gaussian_examples,blobs_continuous,N249,2,80,2,80,40.0,28.350889359326487,53.64911064067352,1,0,0.49999999999999084,0.009319818987286642,51.08118253786238,0.95,80,0.9521347498188667,0.009788340346846532,False,,,,,0.5,,0.9999999999999817,1.0,insufficient_positive_spectrum
gauss_null_large_continuous,continuous_gaussian_examples,blobs_continuous,N250,6,80,6,80,13.333333333333334,7.03036589993112,21.636300766735555,5,0,0.8333333333332769,0.03851551807850971,21.71229345496735,0.95,80,1.0035122773089118,0.03838071436634099,False,0.06410626683719985,0.04474176712915177,0.04223691245071863,1.0,0.8333333333333334,0.9999999999999046,0.9999999999999322,1.0,evaluated
gauss_null_large_continuous,continuous_gaussian_examples,blobs_continuous,N251,2,80,2,80,40.0,28.350889359326487,53.64911064067352,1,0,0.499999999999991,0.009319818987286644,51.08118253786238,0.95,80,0.9521347498188667,0.009788340346846534,False,,,,,0.5,,0.999999999999982,1.0,insufficient_positive_spectrum
gauss_null_large_continuous,continuous_gaussian_examples,blobs_continuous,N252,2,80,2,80,40.0,28.350889359326487,53.64911064067352,1,0,0.49999999999999106,0.009319818987286645,51.08118253786238,0.95,80,0.9521347498188667,0.009788340346846535,False,,,,,0.5,,0.9999999999999821,1.0,insufficient_positive_spectrum
gauss_null_large_continuous,continuous_gaussian_examples,blobs_continuous,N253,2,80,2,80,40.0,28.350889359326487,53.64911064067352,1,0,0.4999999999999911,0.009319818987286645,51.08118253786238,0.95,80,0.9521347498188667,0.009788340346846537,False,,,,,0.5,,0.9999999999999822,1.0,insufficient_positive_spectrum
gauss_null_large_continuous,continuous_gaussian_examples,blobs_continuous,N254,4,80,4,80,20.0,12.055728090000843,29.944271909999163,3,0,0.7499999999999621,0.025046526502770564,29.485606770096787,0.95,80,0.9846827085567168,0.0254361392610236,False,,,,,0.75,,0.9999999999999495,1.0,insufficient_positive_spectrum
gauss_null_large_continuous,continuous_gaussian_examples,blobs_continuous,N255,2,80,2,80,40.0,28.350889359326487,53.64911064067352,1,0,0.49999999999999106,0.009319818987286645,51.08118253786238,0.95,80,0.9521347498188667,0.009788340346846535,False,,,,,0.5,,0.9999999999999821,1.0,insufficient_positive_spectrum
gauss_null_large_continuous,continuous_gaussian_examples,blobs_continuous,N256,4,80,4,80,20.0,12.055728090000843,29.944271909999163,3,0,0.749999999999963,0.025046526502770592,29.485606770096787,0.95,80,0.9846827085567168,0.02543613926102363,False,,,,,0.75,,0.9999999999999507,1.0,insufficient_positive_spectrum
gauss_null_large_continuous,continuous_gaussian_examples,blobs_continuous,N257,3,80,3,80,26.666666666666668,17.33871107678022,37.99462225655311,2,0,0.6666666666666441,0.017546342799911928,39.34437788343076,0.95,80,1.035524912387959,0.01694439466400611,False,,,,,0.6666666666666666,,0.9999999999999661,1.0,insufficient_positive_spectrum
gauss_null_large_continuous,continuous_gaussian_examples,blobs_continuous,N258,3,80,3,80,26.666666666666668,17.33871107678022,37.99462225655311,2,0,0.6666666666666443,0.017546342799911935,39.34437788343076,0.95,80,1.035524912387959,0.016944394664006112,False,,,,,0.6666666666666666,,0.9999999999999665,1.0,insufficient_positive_spectrum
gauss_null_large_continuous,continuous_gaussian_examples,blobs_continuous,N259,2,80,2,80,40.0,28.350889359326487,53.64911064067352,1,0,0.49999999999999106,0.009319818987286645,51.08118253786238,0.95,80,0.9521347498188667,0.009788340346846535,False,,,,,0.5,,0.9999999999999821,1.0,insufficient_positive_spectrum
gauss_null_large_continuous,continuous_gaussian_examples,blobs_continuous,N260,2,80,2,80,40.0,28.350889359326487,53.64911064067352,1,0,0.4999999999999911,0.009319818987286645,51.08118253786238,0.95,80,0.9521347498188667,0.009788340346846537,False,,,,,0.5,,0.9999999999999822,1.0,insufficient_positive_spectrum
gauss_null_large_continuous,continuous_gaussian_examples,blobs_continuous,N261,3,80,3,80,26.666666666666668,17.33871107678022,37.99462225655311,2,0,0.6666666666666435,0.017546342799911914,39.34437788343076,0.95,80,1.035524912387959,0.016944394664006095,False,,,,,0.6666666666666666,,0.9999999999999654,1.0,insufficient_positive_spectrum
gauss_null_large_continuous,continuous_gaussian_examples,blobs_continuous,N262,5,80,5,80,16.0,9.0,25.0,4,0,0.7999999999999516,0.031999999999998065,24.718881816405023,0.95,80,0.9887552726562009,0.03236392349548031,False,0.051065859837969345,0.036743106112857804,0.034844088521545795,1.0,0.8,0.9999999999999293,0.9999999999999395,1.0,evaluated
gauss_null_large_continuous,continuous_gaussian_examples,blobs_continuous,N263,2,80,2,80,40.0,28.350889359326487,53.64911064067352,1,0,0.49999999999999106,0.009319818987286645,51.08118253786238,0.95,80,0.9521347498188667,0.009788340346846535,False,,,,,0.5,,0.9999999999999821,1.0,insufficient_positive_spectrum
gauss_null_large_continuous,continuous_gaussian_examples,blobs_continuous,N264,3,80,3,80,26.666666666666668,17.33871107678022,37.99462225655311,2,0,0.6666666666666434,0.01754634279991191,39.34437788343076,0.95,80,1.035524912387959,0.01694439466400609,False,,,,,0.6666666666666666,,0.9999999999999651,1.0,insufficient_positive_spectrum
gauss_null_large_continuous,continuous_gaussian_examples,blobs_continuous,N265,2,80,2,80,40.0,28.350889359326487,53.64911064067352,1,0,0.49999999999999134,0.00931981898728665,51.08118253786238,0.95,80,0.9521347498188667,0.00978834034684654,False,,,,,0.5,,0.9999999999999827,1.0,insufficient_positive_spectrum
gauss_null_large_continuous,continuous_gaussian_examples,blobs_continuous,N266,2,80,2,80,40.0,28.350889359326487,53.64911064067352,1,0,0.4999999999999913,0.009319818987286649,51.08118253786238,0.95,80,0.9521347498188667,0.00978834034684654,False,,,,,0.5,,0.9999999999999826,1.0,insufficient_positive_spectrum
gauss_null_large_continuous,continuous_gaussian_examples,blobs_continuous,N267,2,80,2,80,40.0,28.350889359326487,53.64911064067352,1,0,0.49999999999999123,0.009319818987286649,51.08118253786238,0.95,80,0.9521347498188667,0.009788340346846539,False,,,,,0.5,,0.9999999999999825,1.0,insufficient_positive_spectrum
gauss_null_large_continuous,continuous_gaussian_examples,blobs_continuous,N268,2,80,2,80,40.0,28.350889359326487,53.64911064067352,1,0,0.49999999999999123,0.009319818987286649,51.08118253786238,0.95,80,0.9521347498188667,0.009788340346846539,False,,,,,0.5,,0.9999999999999825,1.0,insufficient_positive_spectrum
gauss_null_large_continuous,continuous_gaussian_examples,blobs_continuous,N269,3,80,3,80,26.666666666666668,17.33871107678022,37.99462225655311,2,0,0.6666666666666453,0.01754634279991196,39.34437788343076,0.95,80,1.035524912387959,0.01694439466400614,False,,,,,0.6666666666666666,,0.999999999999968,1.0,insufficient_positive_spectrum
gauss_null_large_continuous,continuous_gaussian_examples,blobs_continuous,N270,3,80,3,80,26.666666666666668,17.33871107678022,37.99462225655311,2,0,0.6666666666666463,0.017546342799911987,39.34437788343076,0.95,80,1.035524912387959,0.016944394664006164,False,,,,,0.6666666666666666,,0.9999999999999695,1.0,insufficient_positive_spectrum
gauss_null_large_continuous,continuous_gaussian_examples,blobs_continuous,N271,2,80,2,80,40.0,28.350889359326487,53.64911064067352,1,0,0.4999999999999913,0.009319818987286649,51.08118253786238,0.95,80,0.9521347498188667,0.00978834034684654,False,,,,,0.5,,0.9999999999999826,1.0,insufficient_positive_spectrum
gauss_null_large_continuous,continuous_gaussian_examples,blobs_continuous,N272,2,80,2,80,40.0,28.350889359326487,53.64911064067352,1,0,0.4999999999999914,0.00931981898728665,51.08118253786238,0.95,80,0.9521347498188667,0.009788340346846542,False,,,,,0.5,,0.9999999999999828,1.0,insufficient_positive_spectrum
gauss_null_large_continuous,continuous_gaussian_examples,blobs_continuous,N273,3,80,3,80,26.666666666666668,17.33871107678022,37.99462225655311,2,0,0.6666666666666449,0.01754634279991195,39.34437788343076,0.95,80,1.035524912387959,0.01694439466400613,False,,,,,0.6666666666666666,,0.9999999999999674,1.0,insufficient_positive_spectrum
gauss_null_large_continuous,continuous_gaussian_examples,blobs_continuous,N274,4,80,4,80,20.0,12.055728090000843,29.944271909999163,3,0,0.7499999999999675,0.02504652650277074,29.485606770096787,0.95,80,0.9846827085567168,0.02543613926102378,False,,,,,0.75,,0.9999999999999566,1.0,insufficient_positive_spectrum
gauss_null_large_continuous,continuous_gaussian_examples,blobs_continuous,N275,3,80,3,80,26.666666666666668,17.33871107678022,37.99462225655311,2,0,0.6666666666666459,0.017546342799911973,39.34437788343076,0.95,80,1.035524912387959,0.016944394664006154,False,,,,,0.6666666666666666,,0.9999999999999688,1.0,insufficient_positive_spectrum
gauss_null_large_continuous,continuous_gaussian_examples,blobs_continuous,N276,4,80,4,80,20.0,12.055728090000843,29.944271909999163,3,0,0.7499999999999639,0.025046526502770623,29.485606770096787,0.95,80,0.9846827085567168,0.02543613926102366,False,,,,,0.75,,0.9999999999999519,1.0,insufficient_positive_spectrum
gauss_null_large_continuous,continuous_gaussian_examples,blobs_continuous,N277,7,80,7,80,11.428571428571429,5.667337390743296,19.18980546639956,6,0,0.8571428571427879,0.044666573543103626,18.420348813085987,0.95,80,0.9599028424409589,0.04653239012140018,False,0.07725934537290023,0.05243501590220829,0.04929611238782263,1.0,0.8571428571428571,0.9999999999998993,0.9999999999999193,1.0,evaluated
gauss_null_large_continuous,continuous_gaussian_examples,blobs_continuous,N278,5,80,5,80,16.0,9.0,25.0,4,0,0.7999999999999579,0.031999999999998315,24.718881816405023,0.95,80,0.9887552726562009,0.03236392349548057,False,0.051065859837969164,0.03674310611285792,0.03484408852154598,1.0,0.8,0.9999999999999256,0.9999999999999473,1.0,evaluated
gauss_null_large_continuous,continuous_gaussian_examples,blobs_continuous,N279,3,80,3,80,26.666666666666668,17.33871107678022,37.99462225655311,2,0,0.6666666666666446,0.01754634279991194,39.34437788343076,0.95,80,1.035524912387959,0.016944394664006122,False,,,,,0.6666666666666666,,0.999999999999967,1.0,insufficient_positive_spectrum
gauss_null_large_continuous,continuous_gaussian_examples,blobs_continuous,N280,2,80,2,80,40.0,28.350889359326487,53.64911064067352,1,0,0.49999999999999145,0.009319818987286652,51.08118253786238,0.95,80,0.9521347498188667,0.009788340346846542,False,,,,,0.5,,0.9999999999999829,1.0,insufficient_positive_spectrum
gauss_null_large_continuous,continuous_gaussian_examples,blobs_continuous,N281,3,80,3,80,26.666666666666668,17.33871107678022,37.99462225655311,2,0,0.666666666666646,0.017546342799911976,39.34437788343076,0.95,80,1.035524912387959,0.016944394664006157,False,,,,,0.6666666666666666,,0.999999999999969,1.0,insufficient_positive_spectrum
gauss_null_large_continuous,continuous_gaussian_examples,blobs_continuous,N282,4,80,4,80,20.0,12.055728090000843,29.944271909999163,3,0,0.749999999999967,0.025046526502770727,29.485606770096787,0.95,80,0.9846827085567168,0.025436139261023765,False,,,,,0.75,,0.999999999999956,1.0,insufficient_positive_spectrum
gauss_null_large_continuous,continuous_gaussian_examples,blobs_continuous,N283,3,80,3,80,26.666666666666668,17.33871107678022,37.99462225655311,2,0,0.6666666666666468,0.017546342799911997,39.34437788343076,0.95,80,1.035524912387959,0.016944394664006174,False,,,,,0.6666666666666666,,0.9999999999999701,1.0,insufficient_positive_spectrum
gauss_null_large_continuous,continuous_gaussian_examples,blobs_continuous,N284,2,80,2,80,40.0,28.350889359326487,53.64911064067352,1,0,0.49999999999999173,0.009319818987286657,51.08118253786238,0.95,80,0.9521347498188667,0.00978834034684655,False,,,,,0.5,,0.9999999999999835,1.0,insufficient_positive_spectrum
gauss_null_large_continuous,continuous_gaussian_examples,blobs_continuous,N285,3,80,3,80,26.666666666666668,17.33871107678022,37.99462225655311,2,0,0.666666666666646,0.017546342799911976,39.34437788343076,0.95,80,1.035524912387959,0.016944394664006157,False,,,,,0.6666666666666666,,0.999999999999969,1.0,insufficient_positive_spectrum
gauss_null_large_continuous,continuous_gaussian_examples,blobs_continuous,N286,4,80,4,80,20.0,12.055728090000843,29.944271909999163,3,0,0.7499999999999654,0.025046526502770672,29.485606770096787,0.95,80,0.9846827085567168,0.02543613926102371,False,,,,,0.75,,0.9999999999999538,1.0,insufficient_positive_spectrum
gauss_null_large_continuous,continuous_gaussian_examples,blobs_continuous,N287,6,80,6,80,13.333333333333334,7.03036589993112,21.636300766735555,5,0,0.8333333333332806,0.038515518078509885,21.71229345496735,0.95,80,1.0035122773089118,0.03838071436634116,False,0.06410626683720029,0.04474176712915187,0.042236912450718776,1.0,0.8333333333333334,0.9999999999999115,0.9999999999999367,1.0,evaluated
gauss_null_large_continuous,continuous_gaussian_examples,blobs_continuous,N288,2,80,2,80,40.0,28.350889359326487,53.64911064067352,1,0,0.49999999999999195,0.009319818987286661,51.08118253786238,0.95,80,0.9521347498188667,0.009788340346846553,False,,,,,0.5,,0.9999999999999839,1.0,insufficient_positive_spectrum
gauss_null_large_continuous,continuous_gaussian_examples,blobs_continuous,N289,2,80,2,80,40.0,28.350889359326487,53.64911064067352,1,0,0.4999999999999919,0.009319818987286661,51.08118253786238,0.95,80,0.9521347498188667,0.009788340346846551,False,,,,,0.5,,0.9999999999999838,1.0,insufficient_positive_spectrum
gauss_null_large_continuous,continuous_gaussian_examples,blobs_continuous,N290,2,80,2,80,40.0,28.350889359326487,53.64911064067352,1,0,0.4999999999999918,0.00931981898728666,51.08118253786238,0.95,80,0.9521347498188667,0.00978834034684655,False,,,,,0.5,,0.9999999999999836,1.0,insufficient_positive_spectrum
gauss_null_large_continuous,continuous_gaussian_examples,blobs_continuous,N291,2,80,2,80,40.0,28.350889359326487,53.64911064067352,1,0,0.499999999999992,0.009319818987286663,51.08118253786238,0.95,80,0.9521347498188667,0.009788340346846554,False,,,,,0.5,,0.999999999999984,1.0,insufficient_positive_spectrum
gauss_null_large_continuous,continuous_gaussian_examples,blobs_continuous,N292,4,80,4,80,20.0,12.055728090000843,29.944271909999163,3,0,0.7499999999999681,0.025046526502770762,29.485606770096787,0.95,80,0.9846827085567168,0.025436139261023803,False,,,,,0.75,,0.9999999999999575,1.0,insufficient_positive_spectrum
gauss_null_large_continuous,continuous_gaussian_examples,blobs_continuous,N293,5,80,5,80,16.0,9.0,25.0,4,0,0.799999999999961,0.03199999999999844,24.718881816405023,0.95,80,0.9887552726562009,0.032363923495480694,False,0.05106585983796932,0.036743106112858075,0.03484408852154613,1.0,0.8,0.9999999999999287,0.9999999999999512,1.0,evaluated
gauss_null_large_continuous,continuous_gaussian_examples,blobs_continuous,N294,6,80,6,80,13.333333333333334,7.03036589993112,21.636300766735555,5,0,0.8333333333332835,0.03851551807851002,21.71229345496735,0.95,80,1.0035122773089118,0.038380714366341294,False,0.0641062668372005,0.044741767129151934,0.04223691245071887,1.0,0.8333333333333334,0.9999999999999148,0.9999999999999402,1.0,evaluated
gauss_null_large_continuous,continuous_gaussian_examples,blobs_continuous,N295,2,80,2,80,40.0,28.350889359326487,53.64911064067352,1,0,0.4999999999999919,0.009319818987286661,51.08118253786238,0.95,80,0.9521347498188667,0.009788340346846551,False,,,,,0.5,,0.9999999999999838,1.0,insufficient_positive_spectrum
gauss_null_large_continuous,continuous_gaussian_examples,blobs_continuous,N296,10,80,10,80,8.0,3.3431457505076203,14.656854249492381,9,0,0.8999999999999164,0.061404717866460776,14.7386573423625,0.95,80,1.0055812175981043,0.061063906914580114,False,0.11741078665310403,0.07404335894691438,0.06887956494511815,1.0,0.9,0.9999999999998403,0.9999999999999071,1.0,evaluated
gauss_null_large_continuous,continuous_gaussian_examples,blobs_continuous,N297,11,80,11,80,7.2727272727272725,2.8791283730213353,13.666326172433209,10,0,0.9090909090908259,0.06652050431260617,13.574524433937777,0.95,80,0.9932826322643602,0.06697036890795234,False,0.1310308924781245,0.08083975395579593,0.07497036845213347,1.0,0.9090909090909091,0.9999999999998332,0.9999999999999085,1.0,evaluated
gauss_null_large_continuous,continuous_gaussian_examples,blobs_continuous,N298,7,80,7,80,11.428571428571429,5.667337390743296,19.18980546639956,6,0,0.8571428571427979,0.04466657354310415,18.420348813085987,0.95,80,0.9599028424409589,0.04653239012140072,False,0.07725934537290002,0.05243501590220842,0.04929611238782298,1.0,0.8571428571428571,0.9999999999998966,0.9999999999999309,1.0,evaluated
gauss_null_large_continuous,continuous_gaussian_examples,blobs_continuous,N299,7,80,7,80,11.428571428571429,5.667337390743296,19.18980546639956,6,0,0.8571428571427989,0.0446665735431042,18.420348813085987,0.95,80,0.9599028424409589,0.04653239012140078,False,0.07725934537289986,0.05243501590220908,0.04929611238782332,1.0,0.8571428571428571,0.9999999999998945,0.9999999999999322,1.0,evaluated
gauss_null_large_continuous,continuous_gaussian_examples,blobs_continuous,N300,4,80,4,80,20.0,12.055728090000843,29.944271909999163,3,0,0.7499999999999684,0.025046526502770772,29.485606770096787,0.95,80,0.9846827085567168,0.02543613926102381,False,,,,,0.75,,0.9999999999999578,1.0,insufficient_positive_spectrum
gauss_null_large_continuous,continuous_gaussian_examples,blobs_continuous,N301,3,80,3,80,26.666666666666668,17.33871107678022,37.99462225655311,2,0,0.6666666666666471,0.017546342799912008,39.34437788343076,0.95,80,1.035524912387959,0.016944394664006185,False,,,,,0.6666666666666666,,0.9999999999999707,1.0,insufficient_positive_spectrum
gauss_null_large_continuous,continuous_gaussian_examples,blobs_continuous,N302,2,80,2,80,40.0,28.350889359326487,53.64911064067352,1,0,0.499999999999992,0.009319818987286663,51.08118253786238,0.95,80,0.9521347498188667,0.009788340346846554,False,,,,,0.5,,0.999999999999984,1.0,insufficient_positive_spectrum
gauss_null_large_continuous,continuous_gaussian_examples,blobs_continuous,N303,4,80,4,80,20.0,12.055728090000843,29.944271909999163,3,0,0.7499999999999701,0.02504652650277083,29.485606770096787,0.95,80,0.9846827085567168,0.025436139261023873,False,,,,,0.75,,0.9999999999999601,1.0,insufficient_positive_spectrum
gauss_null_large_continuous,continuous_gaussian_examples,blobs_continuous,N304,4,80,4,80,20.0,12.055728090000843,29.944271909999163,3,0,0.749999999999967,0.025046526502770727,29.485606770096787,0.95,80,0.9846827085567168,0.025436139261023765,False,,,,,0.75,,0.999999999999956,1.0,insufficient_positive_spectrum
gauss_null_large_continuous,continuous_gaussian_examples,blobs_continuous,N305,7,80,7,80,11.428571428571429,5.667337390743296,19.18980546639956,6,0,0.8571428571427971,0.04466657354310411,18.420348813085987,0.95,80,0.9599028424409589,0.04653239012140068,False,0.07725934537289982,0.05243501590220892,0.04929611238782319,1.0,0.8571428571428571,0.9999999999998939,0.9999999999999301,1.0,evaluated
gauss_null_large_continuous,continuous_gaussian_examples,blobs_continuous,N306,2,80,2,80,40.0,28.350889359326487,53.64911064067352,1,0,0.49999999999999223,0.009319818987286666,51.08118253786238,0.95,80,0.9521347498188667,0.009788340346846558,False,,,,,0.5,,0.9999999999999845,1.0,insufficient_positive_spectrum
gauss_null_large_continuous,continuous_gaussian_examples,blobs_continuous,N307,2,80,2,80,40.0,28.350889359326487,53.64911064067352,1,0,0.4999999999999923,0.009319818987286668,51.08118253786238,0.95,80,0.9521347498188667,0.00978834034684656,False,,,,,0.5,,0.9999999999999846,1.0,insufficient_positive_spectrum
gauss_null_large_continuous,continuous_gaussian_examples,blobs_continuous,N308,4,80,4,80,20.0,12.055728090000843,29.944271909999163,3,0,0.7499999999999685,0.025046526502770776,29.485606770096787,0.95,80,0.9846827085567168,0.025436139261023814,False,,,,,0.75,,0.9999999999999579,1.0,insufficient_positive_spectrum
gauss_null_large_continuous,continuous_gaussian_examples,blobs_continuous,N309,3,80,3,80,26.666666666666668,17.33871107678022,37.99462225655311,2,0,0.6666666666666479,0.01754634279991203,39.34437788343076,0.95,80,1.035524912387959,0.016944394664006206,False,,,,,0.6666666666666666,,0.9999999999999718,1.0,insufficient_positive_spectrum
gauss_null_large_continuous,continuous_gaussian_examples,blobs_continuous,N310,2,80,2,80,40.0,28.350889359326487,53.64911064067352,1,0,0.4999999999999923,0.009319818987286668,51.08118253786238,0.95,80,0.9521347498188667,0.00978834034684656,False,,,,,0.5,,0.9999999999999846,1.0,insufficient_positive_spectrum
gauss_null_large_continuous,continuous_gaussian_examples,blobs_continuous,N311,3,80,3,80,26.666666666666668,17.33871107678022,37.99462225655311,2,0,0.6666666666666478,0.017546342799912025,39.34437788343076,0.95,80,1.035524912387959,0.016944394664006202,False,,,,,0.6666666666666666,,0.9999999999999717,1.0,insufficient_positive_spectrum
gauss_null_large_continuous,continuous_gaussian_examples,blobs_continuous,N312,7,80,7,80,11.428571428571429,5.667337390743296,19.18980546639956,6,0,0.8571428571428055,0.04466657354310454,18.420348813085987,0.95,80,0.9599028424409589,0.04653239012140113,False,0.07725934537289965,0.05243501590220883,0.04929611238782339,1.0,0.8571428571428571,0.9999999999998919,0.9999999999999397,1.0,evaluated
gauss_null_large_continuous,continuous_gaussian_examples,blobs_continuous,N313,2,80,2,80,40.0,28.350889359326487,53.64911064067352,1,0,0.49999999999999245,0.009319818987286671,51.08118253786238,0.95,80,0.9521347498188667,0.009788340346846563,False,,,,,0.5,,0.9999999999999849,1.0,insufficient_positive_spectrum
gauss_null_large_continuous,continuous_gaussian_examples,blobs_continuous,N314,7,80,7,80,11.428571428571429,5.667337390743296,19.18980546639956,6,0,0.8571428571427953,0.044666573543104014,18.420348813085987,0.95,80,0.9599028424409589,0.04653239012140058,False,0.07725934537290004,0.0524350159022088,0.04929611238782308,1.0,0.8571428571428571,0.9999999999998969,0.9999999999999278,1.0,evaluated
gauss_null_large_continuous,continuous_gaussian_examples,blobs_continuous,N315,2,80,2,80,40.0,28.350889359326487,53.64911064067352,1,0,0.4999999999999924,0.00931981898728667,51.08118253786238,0.95,80,0.9521347498188667,0.009788340346846561,False,,,,,0.5,,0.9999999999999848,1.0,insufficient_positive_spectrum
gauss_null_large_continuous,continuous_gaussian_examples,blobs_continuous,N316,9,80,9,80,8.88888888888889,3.9260409488894497,15.851736828888328,8,0,0.8888888888888119,0.056075173243407245,15.219037943634454,0.95,80,0.9600864629482848,0.058406378391388424,False,0.10390995523835074,0.06705792890560087,0.06258609511174261,1.0,0.8888888888888888,0.9999999999998668,0.9999999999999134,1.0,evaluated
gauss_null_large_continuous,continuous_gaussian_examples,blobs_continuous,N317,5,80,5,80,16.0,9.0,25.0,4,0,0.7999999999999611,0.031999999999998446,24.718881816405023,0.95,80,0.9887552726562009,0.032363923495480694,False,0.05106585983796945,0.036743106112858095,0.03484408852154614,1.0,0.8,0.9999999999999312,0.9999999999999513,1.0,evaluated
gauss_null_large_continuous,continuous_gaussian_examples,blobs_continuous,N318,11,80,11,80,7.2727272727272725,2.8791283730213353,13.666326172433209,10,0,0.9090909090908225,0.06652050431260592,13.574524433937777,0.95,80,0.9932826322643602,0.06697036890795209,False,0.13103089247812513,0.08083975395579682,0.07497036845213373,1.0,0.9090909090909091,0.9999999999998384,0.9999999999999047,1.0,evaluated
gauss_null_large_continuous,continuous_gaussian_examples,blobs_continuous,N319,11,80,11,80,7.2727272727272725,2.8791283730213353,13.666326172433209,10,0,0.9090909090908285,0.06652050431260637,13.574524433937777,0.95,80,0.9932826322643602,0.06697036890795253,False,0.1310308924781224,0.08083975395579725,0.07497036845213419,1.0,0.9090909090909091,0.9999999999998174,0.9999999999999113,1.0,evaluated
gauss_null_large_continuous,continuous_gaussian_examples,blobs_continuous,N320,5,80,5,80,16.0,9.0,25.0,4,0,0.799999999999959,0.031999999999998356,24.718881816405023,0.95,80,0.9887552726562009,0.03236392349548061,False,0.05106585983796948,0.03674310611285813,0.03484408852154611,1.0,0.8,0.9999999999999317,0.9999999999999487,1.0,evaluated
gauss_null_large_continuous,continuous_gaussian_examples,blobs_continuous,N321,5,80,5,80,16.0,9.0,25.0,4,0,0.7999999999999619,0.031999999999998474,24.718881816405023,0.95,80,0.9887552726562009,0.03236392349548073,False,0.051065859837969386,0.03674310611285812,0.03484408852154617,1.0,0.8,0.99999999999993,0.9999999999999523,1.0,evaluated
gauss_null_large_continuous,continuous_gaussian_examples,blobs_continuous,N322,6,80,6,80,13.333333333333334,7.03036589993112,21.636300766735555,5,0,0.8333333333332875,0.038515518078510204,21.71229345496735,0.95,80,1.0035122773089118,0.03838071436634148,False,0.06410626683720035,0.044741767129152156,0.04223691245071908,1.0,0.8333333333333334,0.9999999999999125,0.9999999999999449,1.0,evaluated
gauss_null_large_continuous,continuous_gaussian_examples,blobs_continuous,N323,5,80,5,80,16.0,9.0,25.0,4,0,0.799999999999965,0.0319999999999986,24.718881816405023,0.95,80,0.9887552726562009,0.032363923495480854,False,0.05106585983796942,0.03674310611285825,0.034844088521546294,1.0,0.8,0.9999999999999306,0.9999999999999561,1.0,evaluated
gauss_null_large_continuous,continuous_gaussian_examples,blobs_continuous,N324,15,80,15,80,5.333333333333333,1.714531179816327,10.952135486850338,14,0,0.9333333333332284,0.085219301245299,10.880905175293435,0.95,80,0.993496217094609,0.08577717738524988,False,0.18673930465462732,0.10643326441927765,0.09763851426575239,1.0,0.9333333333333333,0.999999999999759,0.9999999999998876,1.0,evaluated
gauss_null_large_continuous,continuous_gaussian_examples,blobs_continuous,N325,4,80,4,80,20.0,12.055728090000843,29.944271909999163,3,0,0.749999999999973,0.025046526502770925,29.485606770096787,0.95,80,0.9846827085567168,0.02543613926102397,False,,,,,0.75,,0.999999999999964,1.0,insufficient_positive_spectrum
gauss_null_large_continuous,continuous_gaussian_examples,blobs_continuous,N326,11,80,11,80,7.2727272727272725,2.8791283730213353,13.666326172433209,10,0,0.9090909090908256,0.06652050431260616,13.574524433937777,0.95,80,0.9932826322643602,0.06697036890795233,False,0.13103089247812405,0.0808397539557974,0.07497036845213413,1.0,0.9090909090909091,0.9999999999998299,0.9999999999999082,1.0,evaluated
gauss_null_large_continuous,continuous_gaussian_examples,blobs_continuous,N327,2,80,2,80,40.0,28.350889359326487,53.64911064067352,1,0,0.4999999999999927,0.009319818987286675,51.08118253786238,0.95,80,0.9521347498188667,0.009788340346846567,False,,,,,0.5,,0.9999999999999853,1.0,insufficient_positive_spectrum
gauss_null_large_continuous,continuous_gaussian_examples,blobs_continuous,N328,10,80,10,80,8.0,3.3431457505076203,14.656854249492381,9,0,0.8999999999999282,0.06140471786646158,14.7386573423625,0.95,80,1.0055812175981043,0.06106390691458091,False,0.11741078665310567,0.07404335894691505,0.06887956494511892,1.0,0.9,0.9999999999998543,0.9999999999999202,1.0,evaluated
gauss_null_large_continuous,continuous_gaussian_examples,blobs_continuous,N329,2,80,2,80,40.0,28.350889359326487,53.64911064067352,1,0,0.49999999999999256,0.009319818987286673,51.08118253786238,0.95,80,0.9521347498188667,0.009788340346846565,False,,,,,0.5,,0.9999999999999851,1.0,insufficient_positive_spectrum
gauss_null_large_continuous,continuous_gaussian_examples,blobs_continuous,N330,3,80,3,80,26.666666666666668,17.33871107678022,37.99462225655311,2,0,0.666666666666649,0.017546342799912056,39.34437788343076,0.95,80,1.035524912387959,0.016944394664006233,False,,,,,0.6666666666666666,,0.9999999999999735,1.0,insufficient_positive_spectrum
gauss_null_large_continuous,continuous_gaussian_examples,blobs_continuous,N331,5,80,5,80,16.0,9.0,25.0,4,0,0.7999999999999615,0.03199999999999846,24.718881816405023,0.95,80,0.9887552726562009,0.032363923495480715,False,0.051065859837969844,0.03674310611285824,0.03484408852154622,1.0,0.8,0.9999999999999389,0.9999999999999518,1.0,evaluated
gauss_null_large_continuous,continuous_gaussian_examples,blobs_continuous,N332,3,80,3,80,26.666666666666668,17.33871107678022,37.99462225655311,2,0,0.6666666666666482,0.017546342799912035,39.34437788343076,0.95,80,1.035524912387959,0.016944394664006213,False,,,,,0.6666666666666666,,0.9999999999999724,1.0,insufficient_positive_spectrum
gauss_null_large_continuous,continuous_gaussian_examples,blobs_continuous,N333,17,80,17,80,4.705882352941177,1.367273196568053,10.0444915093143,16,0,0.9411764705881245,0.09370075824299991,10.193758943446563,0.95,80,1.0148606262441306,0.09232869600013396,False,0.21535602043196403,0.11842968170909413,0.10812674522611622,1.0,0.9411764705882353,0.9999999999997281,0.9999999999998823,1.0,evaluated
gauss_null_large_continuous,continuous_gaussian_examples,blobs_continuous,N334,17,80,17,80,4.705882352941177,1.367273196568053,10.0444915093143,16,0,0.9411764705881155,0.09370075824299902,10.193758943446563,0.95,80,1.0148606262441306,0.09232869600013309,False,0.2153560204319637,0.11842968170909426,0.10812674522611639,1.0,0.9411764705882353,0.9999999999997266,0.9999999999998728,1.0,evaluated
gauss_null_large_continuous,continuous_gaussian_examples,blobs_continuous,N335,2,80,2,80,40.0,28.350889359326487,53.64911064067352,1,0,0.4999999999999927,0.009319818987286675,51.08118253786238,0.95,80,0.9521347498188667,0.009788340346846567,False,,,,,0.5,,0.9999999999999853,1.0,insufficient_positive_spectrum
gauss_null_large_continuous,continuous_gaussian_examples,blobs_continuous,N336,3,80,3,80,26.666666666666668,17.33871107678022,37.99462225655311,2,0,0.6666666666666495,0.01754634279991207,39.34437788343076,0.95,80,1.035524912387959,0.016944394664006247,False,,,,,0.6666666666666666,,0.9999999999999744,1.0,insufficient_positive_spectrum
gauss_null_large_continuous,continuous_gaussian_examples,blobs_continuous,N337,7,80,7,80,11.428571428571429,5.667337390743296,19.18980546639956,6,0,0.8571428571428034,0.04466657354310443,18.420348813085987,0.95,80,0.9599028424409589,0.04653239012140102,False,0.07725934537290009,0.05243501590220909,0.04929611238782344,1.0,0.8571428571428571,0.9999999999998975,0.9999999999999373,1.0,evaluated
gauss_null_large_continuous,continuous_gaussian_examples,blobs_continuous,N338,3,80,3,80,26.666666666666668,17.33871107678022,37.99462225655311,2,0,0.6666666666666482,0.017546342799912035,39.34437788343076,0.95,80,1.035524912387959,0.016944394664006213,False,,,,,0.6666666666666666,,0.9999999999999724,1.0,insufficient_positive_spectrum
gauss_null_large_continuous,continuous_gaussian_examples,blobs_continuous,N339,8,80,8,80,10.0,4.675444679663242,17.324555320336763,7,0,0.8749999999999345,0.05050634684821023,16.81801569157799,0.95,80,0.9707617529343359,0.05202754094456642,False,0.09052669687899756,0.05986337238086132,0.056067503350188015,1.0,0.875,0.9999999999998793,0.9999999999999252,1.0,evaluated
gauss_null_large_continuous,continuous_gaussian_examples,blobs_continuous,N340,27,80,27,80,2.962962962962963,0.5203110996674811,7.405614826258443,26,0,0.9629629629628043,0.13003146741420854,7.411051518543047,0.95,80,1.0007341311170177,0.12993607729664183,False,0.3667082016283989,0.17258323029359635,0.15448911675857446,0.895106857787722,0.9629629629629629,0.999999999999563,0.9999999999998352,1.0,evaluated
gauss_null_large_continuous,continuous_gaussian_examples,blobs_continuous,N341,3,80,3,80,26.666666666666668,17.33871107678022,37.99462225655311,2,0,0.6666666666666493,0.017546342799912067,39.34437788343076,0.95,80,1.035524912387959,0.01694439466400624,False,,,,,0.6666666666666666,,0.999999999999974,1.0,insufficient_positive_spectrum
gauss_null_large_continuous,continuous_gaussian_examples,blobs_continuous,N342,14,80,14,80,5.714285714285714,1.9333712769481393,11.495200151623289,13,0,0.9285714285713315,0.0807790570258321,11.668122660363148,0.95,80,1.0150430185172061,0.07958190495594529,False,0.17262438675574426,0.10024929197943054,0.09219871513866033,1.0,0.9285714285714286,0.9999999999997721,0.9999999999998954,1.0,evaluated
gauss_null_large_continuous,continuous_gaussian_examples,blobs_continuous,N343,28,80,28,80,2.857142857142857,0.4765258382287908,7.237759876056923,27,0,0.9642857142855654,0.1332298571379106,7.357482903045899,0.95,80,1.0165414477737829,0.13106190350593463,False,0.38265388793348143,0.17756949861636734,0.1586820620764724,0.8765649582002084,0.9642857142857143,0.9999999999994889,0.9999999999998456,1.0,evaluated
gauss_null_large_continuous,continuous_gaussian_examples,blobs_continuous,N344,41,80,41,80,1.951219512195122,0.15749832911680908,5.744940695273435,40,0,0.9756097560973578,0.16982068359731306,5.835681282506733,0.95,80,1.0157948692678331,0.1671800958393468,False,0.6052165659439437,0.23725213425633557,0.20795347186079002,0.677216447658118,0.975609756097561,0.9999999999992965,0.9999999999997917,1.0,evaluated
gauss_null_large_continuous,continuous_gaussian_examples,blobs_continuous,N345,3,80,3,80,26.666666666666668,17.33871107678022,37.99462225655311,2,0,0.6666666666666492,0.017546342799912063,39.34437788343076,0.95,80,1.035524912387959,0.016944394664006237,False,,,,,0.6666666666666666,,0.9999999999999738,1.0,insufficient_positive_spectrum
gauss_null_large_continuous,continuous_gaussian_examples,blobs_continuous,N346,11,80,11,80,7.2727272727272725,2.8791283730213353,13.666326172433209,10,0,0.9090909090908227,0.06652050431260594,13.574524433937777,0.95,80,0.9932826322643602,0.0669703689079521,False,0.13103089247812527,0.08083975395579689,0.07497036845213378,1.0,0.9090909090909091,0.9999999999998391,0.999999999999905,1.0,evaluated
gauss_null_large_continuous,continuous_gaussian_examples,blobs_continuous,N347,7,80,7,80,11.428571428571429,5.667337390743296,19.18980546639956,6,0,0.8571428571428051,0.04466657354310453,18.420348813085987,0.95,80,0.9599028424409589,0.04653239012140112,False,0.07725934537290065,0.05243501590220923,0.04929611238782357,1.0,0.8571428571428571,0.9999999999999046,0.9999999999999394,1.0,evaluated
gauss_null_large_continuous,continuous_gaussian_examples,blobs_continuous,N348,16,80,16,80,5.0,1.5278640450004208,10.47213595499958,15,0,0.9374999999998966,0.08952328388673353,10.761191736486163,0.95,80,1.027602370970803,0.08711860386440966,False,0.2009825411468939,0.11249070177017528,0.10294490153776013,1.0,0.9375,0.9999999999997332,0.9999999999998898,1.0,evaluated
gauss_null_large_continuous,continuous_gaussian_examples,blobs_continuous,N349,69,80,69,80,1.1594202898550725,0.005892681622410435,4.312947898087734,68,0,0.9855072463765735,0.22849968737473633,4.417459574701049,0.95,80,1.024232074924822,0.22309366496993183,False,1.2092154575001877,0.3439967044480262,0.2921912265609489,0.5527384236703506,0.9855072463768116,0.9999999999986239,0.9999999999997583,1.0,evaluated
gauss_null_large_continuous,continuous_gaussian_examples,blobs_continuous,N350,5,80,5,80,16.0,9.0,25.0,4,0,0.7999999999999636,0.031999999999998543,24.718881816405023,0.95,80,0.9887552726562009,0.0323639234954808,False,0.051065859837970004,0.03674310611285834,0.03484408852154631,1.0,0.8,0.9999999999999422,0.9999999999999545,1.0,evaluated
gauss_null_large_continuous,continuous_gaussian_examples,blobs_continuous,N351,77,80,77,80,1.0389610389610389,0.00037227321053677834,4.07754980471154,76,0,0.9870129870127305,0.24206031422896504,4.132300419380826,0.95,80,1.0134273319251728,0.2388531536534854,False,1.4205992846502236,0.37066091170005083,0.3125539834102052,0.5917763540324887,0.987012987012987,0.9999999999982888,0.9999999999997402,1.0,evaluated
gauss_null_large_continuous,continuous_gaussian_examples,blobs_continuous,N352,88,80,88,80,0.9090909090909091,0.0021657305997244566,3.816016087582094,80,0,0.9886363636360795,0.25907552299196407,3.9594442783267683,0.95,80,1.0375858454086218,0.2496906874148182,False,1.440404564157871,0.393257125178342,0.33285691125572964,0.6001772129658277,0.9886363636363636,0.9999999999983405,0.9999999999997127,1.0,evaluated
gauss_null_large_continuous,continuous_gaussian_examples,blobs_continuous,N353,6,80,6,80,13.333333333333334,7.03036589993112,21.636300766735555,5,0,0.8333333333332924,0.03851551807851043,21.71229345496735,0.95,80,1.0035122773089118,0.0383807143663417,False,0.06410626683720112,0.04474176712915255,0.042236912450719394,1.0,0.8333333333333334,0.9999999999999246,0.9999999999999508,1.0,evaluated
gauss_null_large_continuous,continuous_gaussian_examples,blobs_continuous,N354,3,80,3,80,26.666666666666668,17.33871107678022,37.99462225655311,2,0,0.6666666666666493,0.017546342799912067,39.34437788343076,0.95,80,1.035524912387959,0.01694439466400624,False,,,,,0.6666666666666666,,0.999999999999974,1.0,insufficient_positive_spectrum
gauss_null_large_continuous,continuous_gaussian_examples,blobs_continuous,N355,104,80,104,80,0.7692307692307693,0.015114730616710804,3.5233468078448276,80,0,0.9903846153842986,0.2810920041079068,3.5926605846403183,0.95,80,1.0196727090961246,0.2756688509954111,False,1.3453093397356037,0.4158154874799009,0.35583875173275675,0.5918041944914102,0.9903846153846154,0.9999999999984767,0.99999999999968,1.0,evaluated
gauss_null_large_continuous,continuous_gaussian_examples,blobs_continuous,N356,2,80,2,80,40.0,28.350889359326487,53.64911064067352,1,0,0.49999999999999334,0.009319818987286687,51.08118253786238,0.95,80,0.9521347498188667,0.00978834034684658,False,,,,,0.5,,0.9999999999999867,1.0,insufficient_positive_spectrum
gauss_null_large_continuous,continuous_gaussian_examples,blobs_continuous,N357,3,80,3,80,26.666666666666668,17.33871107678022,37.99462225655311,2,0,0.6666666666666498,0.017546342799912077,39.34437788343076,0.95,80,1.035524912387959,0.01694439466400625,False,,,,,0.6666666666666666,,0.9999999999999747,1.0,insufficient_positive_spectrum
gauss_null_large_continuous,continuous_gaussian_examples,blobs_continuous,N358,4,80,4,80,20.0,12.055728090000843,29.944271909999163,3,0,0.7499999999999764,0.025046526502771036,29.485606770096787,0.95,80,0.9846827085567168,0.02543613926102408,False,,,,,0.75,,0.9999999999999685,1.0,insufficient_positive_spectrum
gauss_null_large_continuous,continuous_gaussian_examples,blobs_continuous,N359,109,80,109,80,0.7339449541284404,0.020533206615962987,3.447356701640918,80,0,0.9908256880730641,0.28741606216770027,3.537089658478602,0.95,80,1.0260294958148577,0.2801245610774947,False,1.3234262251523492,0.42219998675089515,0.3623758912640748,0.5895707557384869,0.9908256880733946,0.9999999999984953,0.9999999999996665,1.0,evaluated
gauss_null_large_continuous,continuous_gaussian_examples,blobs_continuous,N360,116,80,116,80,0.6896551724137931,0.02874557533899373,3.3505647694885927,80,0,0.9913793103444996,0.2958842399861492,3.426658364298133,0.95,80,1.0227106771677645,0.28931372928026317,False,1.297082126506268,0.43069000929011675,0.3710887570943352,0.5866996697931481,0.9913793103448276,0.9999999999985081,0.999999999999669,1.0,evaluated
gauss_null_large_continuous,continuous_gaussian_examples,blobs_continuous,N361,8,80,8,80,10.0,4.675444679663242,17.324555320336763,7,0,0.874999999999939,0.050506346848210495,16.81801569157799,0.95,80,0.9707617529343359,0.05202754094456669,False,0.09052669687899903,0.0598633723808614,0.0560675033501882,1.0,0.875,0.9999999999998955,0.9999999999999304,1.0,evaluated
gauss_null_large_continuous,continuous_gaussian_examples,blobs_continuous,N362,8,80,8,80,10.0,4.675444679663242,17.324555320336763,7,0,0.8749999999999399,0.050506346848210544,16.81801569157799,0.95,80,0.9707617529343359,0.05202754094456675,False,0.09052669687899885,0.05986337238086167,0.05606750335018835,1.0,0.875,0.9999999999998936,0.9999999999999314,1.0,evaluated
gauss_null_large_continuous,continuous_gaussian_examples,blobs_continuous,N363,120,80,120,80,0.6666666666666666,0.0336735048112146,3.2996598285221186,80,0,0.9916666666663313,0.30053603043998867,3.3633967242859417,0.95,80,1.0193162019953947,0.294840825498177,False,1.2838757382755304,0.435325800581578,0.3758556925800201,0.5851777765549258,0.9916666666666667,0.9999999999985174,0.9999999999996618,1.0,evaluated
gauss_null_large_continuous,continuous_gaussian_examples,blobs_continuous,N364,7,80,7,80,11.428571428571429,5.667337390743296,19.18980546639956,6,0,0.8571428571428079,0.04466657354310467,18.420348813085987,0.95,80,0.9599028424409589,0.046532390121401264,False,0.07725934537290105,0.0524350159022094,0.04929611238782373,1.0,0.8571428571428571,0.99999999999991,0.9999999999999426,1.0,evaluated
gauss_null_large_continuous,continuous_gaussian_examples,blobs_continuous,N365,2,80,2,80,40.0,28.350889359326487,53.64911064067352,1,0,0.49999999999999345,0.00931981898728669,51.08118253786238,0.95,80,0.9521347498188667,0.009788340346846582,False,,,,,0.5,,0.9999999999999869,1.0,insufficient_positive_spectrum
gauss_null_large_continuous,continuous_gaussian_examples,blobs_continuous,N366,2,80,2,80,40.0,28.350889359326487,53.64911064067352,1,0,0.4999999999999935,0.00931981898728669,51.08118253786238,0.95,80,0.9521347498188667,0.009788340346846584,False,,,,,0.5,,0.999999999999987,1.0,insufficient_positive_spectrum
gauss_null_large_continuous,continuous_gaussian_examples,blobs_continuous,N367,8,80,8,80,10.0,4.675444679663242,17.324555320336763,7,0,0.8749999999999475,0.05050634684821098,16.81801569157799,0.95,80,0.9707617529343359,0.0520275409445672,False,0.09052669687899932,0.05986337238086172,0.05606750335018862,1.0,0.875,0.9999999999998989,0.9999999999999399,1.0,evaluated
gauss_null_large_continuous,continuous_gaussian_examples,blobs_continuous,N368,2,80,2,80,40.0,28.350889359326487,53.64911064067352,1,0,0.4999999999999936,0.009319818987286692,51.08118253786238,0.95,80,0.9521347498188667,0.009788340346846586,False,,,,,0.5,,0.9999999999999872,1.0,insufficient_positive_spectrum
gauss_null_large_continuous,continuous_gaussian_examples,blobs_continuous,N369,124,80,124,80,0.6451612903225806,0.03872263251758294,3.2515999481275784,80,0,0.9919354838706244,0.3050607392344888,3.2768748480354257,0.95,80,1.0077730656633828,0.30270777184710496,False,1.2717974350661827,0.4398163293477783,0.38047958484851424,0.5837332146467717,0.9919354838709677,0.9999999999985717,0.9999999999996538,1.0,evaluated
gauss_null_large_continuous,continuous_gaussian_examples,blobs_continuous,N370,5,80,5,80,16.0,9.0,25.0,4,0,0.7999999999999668,0.031999999999998675,24.718881816405023,0.95,80,0.9887552726562009,0.03236392349548093,False,0.05106585983797014,0.036743106112858484,0.03484408852154645,1.0,0.8,0.9999999999999448,0.9999999999999585,1.0,evaluated
gauss_null_large_continuous,continuous_gaussian_examples,blobs_continuous,N371,3,80,3,80,26.666666666666668,17.33871107678022,37.99462225655311,2,0,0.666666666666651,0.01754634279991211,39.34437788343076,0.95,80,1.035524912387959,0.016944394664006282,False,,,,,0.6666666666666666,,0.9999999999999765,1.0,insufficient_positive_spectrum
gauss_null_large_continuous,continuous_gaussian_examples,blobs_continuous,N372,9,80,9,80,8.88888888888889,3.9260409488894497,15.851736828888328,8,0,0.8888888888888216,0.05607517324340785,15.219037943634454,0.95,80,0.9600864629482848,0.058406378391389055,False,0.1039099552383522,0.06705792890560154,0.06258609511174326,1.0,0.8888888888888888,0.9999999999998809,0.9999999999999243,1.0,evaluated
gauss_null_large_continuous,continuous_gaussian_examples,blobs_continuous,N373,132,80,132,80,0.6060606060606061,0.04906271773756011,3.1630584943836526,80,0,0.9924242424239014,0.3137546283718927,3.2160445804828934,0.95,80,1.0167515353235874,0.30858534998133874,False,1.250491406193797,0.44839408234721756,0.3893293232579591,0.5810515963887681,0.9924242424242424,0.999999999998609,0.9999999999996564,1.0,evaluated
gauss_null_large_continuous,continuous_gaussian_examples,blobs_continuous,N374,139,80,139,80,0.5755395683453237,0.05825308472356057,3.0928260519670876,80,0,0.9928057553953524,0.32100277827261314,3.164858618955817,0.95,80,1.0232902095942045,0.3136967160077783,False,1.2344203044790227,0.4554958446651205,0.39667329964776127,0.5789050712681122,0.9928057553956835,0.9999999999986305,0.9999999999996665,1.0,evaluated
gauss_null_large_continuous,continuous_gaussian_examples,blobs_continuous,N375,147,80,147,80,0.54421768707483,0.06879545994819491,3.0196399142014645,80,0,0.9931972789112188,0.3289124886183216,3.099227272188901,0.95,80,1.0263565723890238,0.3204661006386118,False,1.218412117925419,0.463195707076713,0.404653126793438,0.5766491203790634,0.9931972789115646,0.9999999999986745,0.9999999999996518,1.0,evaluated
gauss_null_large_continuous,continuous_gaussian_examples,blobs_continuous,N376,3,80,3,80,26.666666666666668,17.33871107678022,37.99462225655311,2,0,0.6666666666666503,0.01754634279991209,39.34437788343076,0.95,80,1.035524912387959,0.016944394664006265,False,,,,,0.6666666666666666,,0.9999999999999755,1.0,insufficient_positive_spectrum
gauss_null_large_continuous,continuous_gaussian_examples,blobs_continuous,N377,4,80,4,80,20.0,12.055728090000843,29.944271909999163,3,0,0.749999999999975,0.025046526502770994,29.485606770096787,0.95,80,0.9846827085567168,0.025436139261024036,False,,,,,0.75,,0.9999999999999667,1.0,insufficient_positive_spectrum
gauss_null_large_continuous,continuous_gaussian_examples,blobs_continuous,N378,4,80,4,80,20.0,12.055728090000843,29.944271909999163,3,0,0.7499999999999761,0.02504652650277103,29.485606770096787,0.95,80,0.9846827085567168,0.025436139261024074,False,,,,,0.75,,0.9999999999999681,1.0,insufficient_positive_spectrum
gauss_null_large_continuous,continuous_gaussian_examples,blobs_continuous,N379,156,80,156,80,0.5128205128205128,0.08059076474164707,2.9450502608993787,80,0,0.9935897435893912,0.33737615849244024,2.9868911679261005,0.95,80,1.014207196251362,0.33265013277309136,False,1.2028354523181448,0.47137837030294133,0.4131529867872253,0.5743288366509681,0.9935897435897436,0.9999999999986585,0.9999999999996454,1.0,evaluated
gauss_null_large_continuous,continuous_gaussian_examples,blobs_continuous,N380,159,80,159,80,0.5031446540880503,0.08449084982423302,2.9217984583518675,80,0,0.9937106918235556,0.3401024081531241,2.936870537345825,0.95,80,1.0051584937184406,0.33835699571613204,False,1.1981265823503864,0.474001919809041,0.41588251756818745,0.5736010264393313,0.9937106918238994,0.9999999999986723,0.999999999999654,1.0,evaluated
gauss_null_large_continuous,continuous_gaussian_examples,blobs_continuous,N381,164,80,164,80,0.4878048780487805,0.0909442865096241,2.884665469587937,80,0,0.9939024390240393,0.3445468632333351,2.9801664536758934,0.95,80,1.0331064329970985,0.33350567979117673,False,1.1907472122433858,0.47826642745827186,0.420323701606129,0.5724341350772135,0.9939024390243902,0.9999999999986806,0.999999999999647,1.0,evaluated
gauss_null_large_continuous,continuous_gaussian_examples,blobs_continuous,N382,166,80,166,80,0.4819277108433735,0.09350744184212689,2.8703479798446203,80,0,0.9939759036141073,0.34629108059152947,2.9245266102691327,0.95,80,1.018875282998769,0.3398758281507432,False,1.1879474355461346,0.47993582163156656,0.4220637462948807,0.5719826855718384,0.9939759036144579,0.999999999998689,0.9999999999996473,1.0,evaluated
gauss_null_large_continuous,continuous_gaussian_examples,blobs_continuous,N383,170,80,170,80,0.47058823529411764,0.09859955415404692,2.8425769164341883,80,0,0.9941176470584764,0.349724097635158,2.893684808187106,0.95,80,1.0179794226349481,0.34354731525901444,False,1.18258789614142,0.4832147166856122,0.42548383106773674,0.5711045518438066,0.9941176470588236,0.9999999999986998,0.9999999999996507,1.0,evaluated
gauss_null_large_continuous,continuous_gaussian_examples,blobs_continuous,N384,173,80,173,80,0.4624277456647399,0.10238694382864806,2.822468547500832,80,0,0.9942196531788398,0.352251809522971,2.872355692726552,0.95,80,1.0176750048357113,0.346133891320085,False,1.1787649839389482,0.4856231820198488,0.4279980546792105,0.5704666505660765,0.9942196531791907,0.9999999999987542,0.9999999999996471,1.0,evaluated
gauss_null_large_continuous,continuous_gaussian_examples,blobs_continuous,N385,176,80,176,80,0.45454545454545453,0.1061457296189704,2.802945179471938,80,0,0.9943181818178293,0.354740502632718,2.8333888627416015,0.95,80,1.0108613195479617,0.35092895115558614,False,1.1750991707106024,0.48798973270187296,0.4304702080695914,0.5698456245882333,0.9943181818181818,0.9999999999987685,0.9999999999996455,1.0,evaluated
gauss_null_large_continuous,continuous_gaussian_examples,blobs_continuous,N386,4,80,4,80,20.0,12.055728090000843,29.944271909999163,3,0,0.7499999999999787,0.025046526502771116,29.485606770096787,0.95,80,0.9846827085567168,0.02543613926102416,False,,,,,0.75,,0.9999999999999716,1.0,insufficient_positive_spectrum
gauss_null_large_continuous,continuous_gaussian_examples,blobs_continuous,N387,180,80,180,80,0.4444444444444444,0.11111111111111113,2.7777777777777772,80,0,0.9944444444440895,0.3579999999998723,2.8210935039638554,0.95,80,1.015593661426988,0.3525031846859446,False,1.1704394560626332,0.4910822073175341,0.43370319146222436,0.5690425804034392,0.9944444444444445,0.9999999999987738,0.9999999999996431,1.0,evaluated
gauss_null_large_continuous,continuous_gaussian_examples,blobs_continuous,N388,182,80,182,80,0.43956043956043955,0.1135733512968478,2.765547527824031,80,0,0.994505494505136,0.359605280509363,2.796688392151045,0.95,80,1.011260288971246,0.355601109260593,False,1.1682015362968778,0.4926023125101785,0.4352934064761364,0.5686513136960276,0.9945054945054945,0.9999999999987649,0.9999999999996395,1.0,evaluated
gauss_null_large_continuous,continuous_gaussian_examples,blobs_continuous,N389,184,80,184,80,0.43478260869565216,0.11602166190407819,2.7535435554872265,80,0,0.9945652173909415,0.36119465603112927,2.852163115526098,0.95,80,1.035815507563824,0.34870558839250965,False,1.1660217188098911,0.4941054708304269,0.43686656789144157,0.5682666234493057,0.9945652173913043,0.9999999999987705,0.9999999999996352,1.0,evaluated
gauss_null_large_continuous,continuous_gaussian_examples,blobs_continuous,N390,188,80,188,80,0.425531914893617,0.12087576878673262,2.7301880610005016,80,0,0.9946808510634638,0.3643268627799047,2.792968764710442,0.95,80,1.0229950107125345,0.3561374776658436,False,1.1618275669339981,0.4970623113341946,0.4399630638110686,0.5675162696697953,0.9946808510638298,0.9999999999987873,0.9999999999996321,1.0,evaluated
gauss_null_large_continuous,continuous_gaussian_examples,blobs_continuous,N391,190,80,190,80,0.42105263157894735,0.12328126253284705,2.7188240006250477,80,0,0.9947368421048954,0.3658702593018927,2.758779793893414,0.95,80,1.0146959837264864,0.3605713092095118,False,1.1598090742240803,0.49851665235858994,0.4414870420815088,0.5671502537543983,0.9947368421052631,0.9999999999987856,0.9999999999996303,1.0,evaluated
gauss_null_large_continuous,continuous_gaussian_examples,blobs_continuous,N392,193,80,193,80,0.41450777202072536,0.1268622120614245,2.7021533319800257,80,0,0.9948186528493687,0.3681577359344027,2.7102740133121164,0.95,80,1.0030052629641635,0.3670546402183302,False,1.1568741640818367,0.5006689407413706,0.44374354353327905,0.5666122277753264,0.9948186528497409,0.9999999999987813,0.9999999999996259,1.0,evaluated
gauss_null_large_continuous,continuous_gaussian_examples,blobs_continuous,N393,195,80,195,80,0.41025641025641024,0.1292311798157132,2.691281640697108,80,0,0.9948717948714249,0.3696646905426549,2.7221867629928163,0.95,80,1.0114834218122573,0.36546786884587107,False,1.1549768096339783,0.5020847648931077,0.4452286612538351,0.5662606501098625,0.9948717948717949,0.9999999999987914,0.9999999999996281,1.0,evaluated
gauss_null_large_continuous,continuous_gaussian_examples,blobs_continuous,N394,196,80,196,80,0.40816326530612246,0.1304101353062426,2.6859163953060023,80,0,0.9948979591833018,0.3704128545929497,2.6826819514413076,0.95,80,0.9987957764171859,0.37085945229130846,False,1.1540452651356665,0.502787075535131,0.4459655650741232,0.566086939541296,0.9948979591836735,0.9999999999987962,0.9999999999996264,1.0,evaluated
gauss_null_large_continuous,continuous_gaussian_examples,blobs_continuous,N395,197,80,197,80,0.40609137055837563,0.1315853948040434,2.6805973463127075,80,0,0.994923857867652,0.3711575180197124,2.737572827719309,0.95,80,1.0212547705029158,0.3634328364869584,False,1.1531248652727109,0.5034857026846208,0.4466987464425077,0.565914584651919,0.9949238578680203,0.9999999999988137,0.9999999999996299,1.0,evaluated
gauss_null_large_continuous,continuous_gaussian_examples,blobs_continuous,N396,198,80,198,80,0.40404040404040403,0.13275695171294766,2.6753238563678603,80,0,0.9949494949491264,0.37189871147036174,2.706021643651988,0.95,80,1.0114744191478202,0.36767979934054196,False,1.1522154191318599,0.5041806753936448,0.4474282401868876,0.5657435724034156,0.9949494949494949,0.9999999999988285,0.9999999999996296,1.0,evaluated
gauss_null_large_continuous,continuous_gaussian_examples,blobs_continuous,N397,199,80,199,80,0.4020100502512563,0.13392480035477353,2.670095300147739,80,0,0.9949748743714902,0.37263646519149984,2.741971993604969,0.95,80,1.0269191490855225,0.3628683577702634,False,1.151316717951899,0.5048720332838388,0.44815407720282785,0.5655738883347766,0.9949748743718593,0.9999999999988413,0.9999999999996291,1.0,evaluated
gauss_null_large_continuous,continuous_gaussian_examples,blobs_continuous,N398,200,80,200,80,0.4,0.13508893593264826,2.6649110640673523,80,0,0.9949999999996296,0.37337080903593045,2.7075445273225975,0.95,80,1.0159980810729854,0.367491647859824,False,1.1504285958295921,0.5055598112840508,0.4488762920410362,0.5654055080043872,0.995,0.999999999998843,0.9999999999996277,1.0,evaluated
dim_diffuse_6c_136f_continuous,continuous_dimensional_gaussian_examples,dimensional_gaussian_continuous,N180,2,136,2,136,68.0,52.50757749752936,85.49242250247065,1,0,0.49999999999999434,0.005848471541270746,79.14479890109581,0.95,80,0.9257522080253207,0.006317534530914975,False,,,,,0.5,,0.9999999999999887,1.0,insufficient_positive_spectrum
dim_diffuse_6c_136f_continuous,continuous_dimensional_gaussian_examples,dimensional_gaussian_continuous,N181,2,136,2,136,68.0,52.50757749752936,85.49242250247065,1,0,0.49999999999999406,0.0058484715412707436,79.14479890109581,0.95,80,0.9257522080253207,0.006317534530914971,False,,,,,0.5,,0.9999999999999881,1.0,insufficient_positive_spectrum
dim_diffuse_6c_136f_continuous,continuous_dimensional_gaussian_examples,dimensional_gaussian_continuous,N182,2,136,2,136,68.0,52.50757749752936,85.49242250247065,1,0,0.4999999999999945,0.005848471541270748,79.14479890109581,0.95,80,0.9257522080253207,0.0063175345309149766,False,,,,,0.5,,0.999999999999989,1.0,insufficient_positive_spectrum
dim_diffuse_6c_136f_continuous,continuous_dimensional_gaussian_examples,dimensional_gaussian_continuous,N183,2,136,2,136,68.0,52.50757749752936,85.49242250247065,1,0,0.49999999999999445,0.005848471541270748,79.14479890109581,0.95,80,0.9257522080253207,0.0063175345309149766,False,,,,,0.5,,0.9999999999999889,1.0,insufficient_positive_spectrum
dim_diffuse_6c_136f_continuous,continuous_dimensional_gaussian_examples,dimensional_gaussian_continuous,N184,2,136,2,136,68.0,52.50757749752936,85.49242250247065,1,0,0.4999999999999946,0.00584847154127075,79.14479890109581,0.95,80,0.9257522080253207,0.006317534530914978,False,,,,,0.5,,0.9999999999999892,1.0,insufficient_positive_spectrum
dim_diffuse_6c_136f_continuous,continuous_dimensional_gaussian_examples,dimensional_gaussian_continuous,N185,2,136,2,136,68.0,52.50757749752936,85.49242250247065,1,0,0.4999999999999944,0.005848471541270747,79.14479890109581,0.95,80,0.9257522080253207,0.006317534530914976,False,,,,,0.5,,0.9999999999999888,1.0,insufficient_positive_spectrum
dim_diffuse_6c_136f_continuous,continuous_dimensional_gaussian_examples,dimensional_gaussian_continuous,N186,2,136,2,136,68.0,52.50757749752936,85.49242250247065,1,0,0.49999999999999445,0.005848471541270748,79.14479890109581,0.95,80,0.9257522080253207,0.0063175345309149766,False,,,,,0.5,,0.9999999999999889,1.0,insufficient_positive_spectrum
dim_diffuse_6c_136f_continuous,continuous_dimensional_gaussian_examples,dimensional_gaussian_continuous,N187,2,136,2,136,68.0,52.50757749752936,85.49242250247065,1,0,0.49999999999999467,0.0058484715412707505,79.14479890109581,0.95,80,0.9257522080253207,0.006317534530914979,False,,,,,0.5,,0.9999999999999893,1.0,insufficient_positive_spectrum
dim_diffuse_6c_136f_continuous,continuous_dimensional_gaussian_examples,dimensional_gaussian_continuous,N188,2,136,2,136,68.0,52.50757749752936,85.49242250247065,1,0,0.4999999999999947,0.0058484715412707505,79.14479890109581,0.95,80,0.9257522080253207,0.00631753453091498,False,,,,,0.5,,0.9999999999999895,1.0,insufficient_positive_spectrum
dim_diffuse_6c_136f_continuous,continuous_dimensional_gaussian_examples,dimensional_gaussian_continuous,N189,2,136,2,136,68.0,52.50757749752936,85.49242250247065,1,0,0.49999999999999456,0.005848471541270749,79.14479890109581,0.95,80,0.9257522080253207,0.006317534530914977,False,,,,,0.5,,0.9999999999999891,1.0,insufficient_positive_spectrum
dim_diffuse_6c_136f_continuous,continuous_dimensional_gaussian_examples,dimensional_gaussian_continuous,N190,2,136,2,136,68.0,52.50757749752936,85.49242250247065,1,0,0.49999999999999484,0.005848471541270752,79.14479890109581,0.95,80,0.9257522080253207,0.006317534530914981,False,,,,,0.5,,0.9999999999999897,1.0,insufficient_positive_spectrum
dim_diffuse_6c_136f_continuous,continuous_dimensional_gaussian_examples,dimensional_gaussian_continuous,N191,2,136,2,136,68.0,52.50757749752936,85.49242250247065,1,0,0.4999999999999946,0.00584847154127075,79.14479890109581,0.95,80,0.9257522080253207,0.006317534530914978,False,,,,,0.5,,0.9999999999999892,1.0,insufficient_positive_spectrum
dim_diffuse_6c_136f_continuous,continuous_dimensional_gaussian_examples,dimensional_gaussian_continuous,N192,2,136,2,136,68.0,52.50757749752936,85.49242250247065,1,0,0.49999999999999495,0.005848471541270753,79.14479890109581,0.95,80,0.9257522080253207,0.006317534530914983,False,,,,,0.5,,0.9999999999999899,1.0,insufficient_positive_spectrum
dim_diffuse_6c_136f_continuous,continuous_dimensional_gaussian_examples,dimensional_gaussian_continuous,N193,2,136,2,136,68.0,52.50757749752936,85.49242250247065,1,0,0.49999999999999495,0.005848471541270753,79.14479890109581,0.95,80,0.9257522080253207,0.006317534530914983,False,,,,,0.5,,0.9999999999999899,1.0,insufficient_positive_spectrum
dim_diffuse_6c_136f_continuous,continuous_dimensional_gaussian_examples,dimensional_gaussian_continuous,N194,2,136,2,136,68.0,52.50757749752936,85.49242250247065,1,0,0.4999999999999949,0.005848471541270753,79.14479890109581,0.95,80,0.9257522080253207,0.006317534530914982,False,,,,,0.5,,0.9999999999999898,1.0,insufficient_positive_spectrum
dim_diffuse_6c_136f_continuous,continuous_dimensional_gaussian_examples,dimensional_gaussian_continuous,N195,2,136,2,136,68.0,52.50757749752936,85.49242250247065,1,0,0.49999999999999495,0.005848471541270753,79.14479890109581,0.95,80,0.9257522080253207,0.006317534530914983,False,,,,,0.5,,0.9999999999999899,1.0,insufficient_positive_spectrum
dim_diffuse_6c_136f_continuous,continuous_dimensional_gaussian_examples,dimensional_gaussian_continuous,N196,2,136,2,136,68.0,52.50757749752936,85.49242250247065,1,0,0.4999999999999949,0.005848471541270753,79.14479890109581,0.95,80,0.9257522080253207,0.006317534530914982,False,,,,,0.5,,0.9999999999999898,1.0,insufficient_positive_spectrum
dim_diffuse_6c_136f_continuous,continuous_dimensional_gaussian_examples,dimensional_gaussian_continuous,N197,2,136,2,136,68.0,52.50757749752936,85.49242250247065,1,0,0.49999999999999495,0.005848471541270753,79.14479890109581,0.95,80,0.9257522080253207,0.006317534530914983,False,,,,,0.5,,0.9999999999999899,1.0,insufficient_positive_spectrum
dim_diffuse_6c_136f_continuous,continuous_dimensional_gaussian_examples,dimensional_gaussian_continuous,N198,2,136,2,136,68.0,52.50757749752936,85.49242250247065,1,0,0.4999999999999951,0.005848471541270756,79.14479890109581,0.95,80,0.9257522080253207,0.006317534530914984,False,,,,,0.5,,0.9999999999999902,1.0,insufficient_positive_spectrum
dim_diffuse_6c_136f_continuous,continuous_dimensional_gaussian_examples,dimensional_gaussian_continuous,N199,3,136,3,136,45.333333333333336,32.867326748850566,59.79933991781611,2,0,0.6666666666666535,0.011148395075645851,57.69527356313834,0.95,80,0.9648145555190166,0.011554961533150413,False,,,,,0.6666666666666666,,0.9999999999999803,1.0,insufficient_positive_spectrum
dim_diffuse_6c_136f_continuous,continuous_dimensional_gaussian_examples,dimensional_gaussian_continuous,N200,2,136,2,136,68.0,52.50757749752936,85.49242250247065,1,0,0.49999999999999506,0.005848471541270755,79.14479890109581,0.95,80,0.9257522080253207,0.0063175345309149835,False,,,,,0.5,,0.9999999999999901,1.0,insufficient_positive_spectrum
dim_diffuse_6c_136f_continuous,continuous_dimensional_gaussian_examples,dimensional_gaussian_continuous,N201,2,136,2,136,68.0,52.50757749752936,85.49242250247065,1,0,0.49999999999999517,0.005848471541270756,79.14479890109581,0.95,80,0.9257522080253207,0.006317534530914985,False,,,,,0.5,,0.9999999999999903,1.0,insufficient_positive_spectrum
dim_diffuse_6c_136f_continuous,continuous_dimensional_gaussian_examples,dimensional_gaussian_continuous,N202,2,136,2,136,68.0,52.50757749752936,85.49242250247065,1,0,0.4999999999999951,0.005848471541270756,79.14479890109581,0.95,80,0.9257522080253207,0.006317534530914984,False,,,,,0.5,,0.9999999999999902,1.0,insufficient_positive_spectrum
dim_diffuse_6c_136f_continuous,continuous_dimensional_gaussian_examples,dimensional_gaussian_continuous,N203,3,136,3,136,45.333333333333336,32.867326748850566,59.79933991781611,2,0,0.6666666666666535,0.011148395075645851,57.69527356313834,0.95,80,0.9648145555190166,0.011554961533150413,False,,,,,0.6666666666666666,,0.9999999999999803,1.0,insufficient_positive_spectrum
dim_diffuse_6c_136f_continuous,continuous_dimensional_gaussian_examples,dimensional_gaussian_continuous,N204,2,136,2,136,68.0,52.50757749752936,85.49242250247065,1,0,0.4999999999999951,0.005848471541270756,79.14479890109581,0.95,80,0.9257522080253207,0.006317534530914984,False,,,,,0.5,,0.9999999999999902,1.0,insufficient_positive_spectrum
dim_diffuse_6c_136f_continuous,continuous_dimensional_gaussian_examples,dimensional_gaussian_continuous,N205,2,136,2,136,68.0,52.50757749752936,85.49242250247065,1,0,0.4999999999999952,0.0058484715412707566,79.14479890109581,0.95,80,0.9257522080253207,0.006317534530914986,False,,,,,0.5,,0.9999999999999905,1.0,insufficient_positive_spectrum
dim_diffuse_6c_136f_continuous,continuous_dimensional_gaussian_examples,dimensional_gaussian_continuous,N206,2,136,2,136,68.0,52.50757749752936,85.49242250247065,1,0,0.49999999999999506,0.005848471541270755,79.14479890109581,0.95,80,0.9257522080253207,0.0063175345309149835,False,,,,,0.5,,0.9999999999999901,1.0,insufficient_positive_spectrum
dim_diffuse_6c_136f_continuous,continuous_dimensional_gaussian_examples,dimensional_gaussian_continuous,N207,2,136,2,136,68.0,52.50757749752936,85.49242250247065,1,0,0.49999999999999506,0.005848471541270755,79.14479890109581,0.95,80,0.9257522080253207,0.0063175345309149835,False,,,,,0.5,,0.9999999999999901,1.0,insufficient_positive_spectrum
dim_diffuse_6c_136f_continuous,continuous_dimensional_gaussian_examples,dimensional_gaussian_continuous,N208,2,136,2,136,68.0,52.50757749752936,85.49242250247065,1,0,0.4999999999999952,0.0058484715412707566,79.14479890109581,0.95,80,0.9257522080253207,0.006317534530914986,False,,,,,0.5,,0.9999999999999905,1.0,insufficient_positive_spectrum
dim_diffuse_6c_136f_continuous,continuous_dimensional_gaussian_examples,dimensional_gaussian_continuous,N209,2,136,2,136,68.0,52.50757749752936,85.49242250247065,1,0,0.4999999999999951,0.005848471541270756,79.14479890109581,0.95,80,0.9257522080253207,0.006317534530914984,False,,,,,0.5,,0.9999999999999902,1.0,insufficient_positive_spectrum
dim_diffuse_6c_136f_continuous,continuous_dimensional_gaussian_examples,dimensional_gaussian_continuous,N210,2,136,2,136,68.0,52.50757749752936,85.49242250247065,1,0,0.4999999999999953,0.005848471541270757,79.14479890109581,0.95,80,0.9257522080253207,0.006317534530914987,False,,,,,0.5,,0.9999999999999906,1.0,insufficient_positive_spectrum
dim_diffuse_6c_136f_continuous,continuous_dimensional_gaussian_examples,dimensional_gaussian_continuous,N211,3,136,3,136,45.333333333333336,32.867326748850566,59.79933991781611,2,0,0.6666666666666538,0.011148395075645854,57.69527356313834,0.95,80,0.9648145555190166,0.011554961533150417,False,,,,,0.6666666666666666,,0.9999999999999807,1.0,insufficient_positive_spectrum
dim_diffuse_6c_136f_continuous,continuous_dimensional_gaussian_examples,dimensional_gaussian_continuous,N212,2,136,2,136,68.0,52.50757749752936,85.49242250247065,1,0,0.4999999999999952,0.0058484715412707566,79.14479890109581,0.95,80,0.9257522080253207,0.006317534530914986,False,,,,,0.5,,0.9999999999999905,1.0,insufficient_positive_spectrum
dim_diffuse_6c_136f_continuous,continuous_dimensional_gaussian_examples,dimensional_gaussian_continuous,N213,2,136,2,136,68.0,52.50757749752936,85.49242250247065,1,0,0.49999999999999517,0.005848471541270756,79.14479890109581,0.95,80,0.9257522080253207,0.006317534530914985,False,,,,,0.5,,0.9999999999999903,1.0,insufficient_positive_spectrum
dim_diffuse_6c_136f_continuous,continuous_dimensional_gaussian_examples,dimensional_gaussian_continuous,N214,3,136,3,136,45.333333333333336,32.867326748850566,59.79933991781611,2,0,0.6666666666666544,0.011148395075645866,57.69527356313834,0.95,80,0.9648145555190166,0.011554961533150429,False,,,,,0.6666666666666666,,0.9999999999999817,1.0,insufficient_positive_spectrum
dim_diffuse_6c_136f_continuous,continuous_dimensional_gaussian_examples,dimensional_gaussian_continuous,N215,3,136,3,136,45.333333333333336,32.867326748850566,59.79933991781611,2,0,0.6666666666666542,0.011148395075645863,57.69527356313834,0.95,80,0.9648145555190166,0.011554961533150424,False,,,,,0.6666666666666666,,0.9999999999999813,1.0,insufficient_positive_spectrum
dim_diffuse_6c_136f_continuous,continuous_dimensional_gaussian_examples,dimensional_gaussian_continuous,N216,2,136,2,136,68.0,52.50757749752936,85.49242250247065,1,0,0.49999999999999534,0.005848471541270758,79.14479890109581,0.95,80,0.9257522080253207,0.006317534530914988,False,,,,,0.5,,0.9999999999999907,1.0,insufficient_positive_spectrum
dim_diffuse_6c_136f_continuous,continuous_dimensional_gaussian_examples,dimensional_gaussian_continuous,N217,2,136,2,136,68.0,52.50757749752936,85.49242250247065,1,0,0.4999999999999953,0.005848471541270757,79.14479890109581,0.95,80,0.9257522080253207,0.006317534530914987,False,,,,,0.5,,0.9999999999999906,1.0,insufficient_positive_spectrum
dim_diffuse_6c_136f_continuous,continuous_dimensional_gaussian_examples,dimensional_gaussian_continuous,N218,3,136,3,136,45.333333333333336,32.867326748850566,59.79933991781611,2,0,0.6666666666666543,0.011148395075645865,57.69527356313834,0.95,80,0.9648145555190166,0.011554961533150427,False,,,,,0.6666666666666666,,0.9999999999999815,1.0,insufficient_positive_spectrum
dim_diffuse_6c_136f_continuous,continuous_dimensional_gaussian_examples,dimensional_gaussian_continuous,N219,2,136,2,136,68.0,52.50757749752936,85.49242250247065,1,0,0.49999999999999534,0.005848471541270758,79.14479890109581,0.95,80,0.9257522080253207,0.006317534530914988,False,,,,,0.5,,0.9999999999999907,1.0,insufficient_positive_spectrum
dim_diffuse_6c_136f_continuous,continuous_dimensional_gaussian_examples,dimensional_gaussian_continuous,N220,3,136,3,136,45.333333333333336,32.867326748850566,59.79933991781611,2,0,0.6666666666666542,0.011148395075645863,57.69527356313834,0.95,80,0.9648145555190166,0.011554961533150424,False,,,,,0.6666666666666666,,0.9999999999999813,1.0,insufficient_positive_spectrum
dim_diffuse_6c_136f_continuous,continuous_dimensional_gaussian_examples,dimensional_gaussian_continuous,N221,4,136,4,136,34.0,23.338096210309402,46.661903789690605,3,0,0.7499999999999809,0.016073069015364188,47.557879393526214,0.95,80,1.019201436955377,0.015770257411899535,False,,,,,0.75,,0.9999999999999746,1.0,insufficient_positive_spectrum
dim_diffuse_6c_136f_continuous,continuous_dimensional_gaussian_examples,dimensional_gaussian_continuous,N222,2,136,2,136,68.0,52.50757749752936,85.49242250247065,1,0,0.4999999999999955,0.00584847154127076,79.14479890109581,0.95,80,0.9257522080253207,0.00631753453091499,False,,,,,0.5,,0.999999999999991,1.0,insufficient_positive_spectrum
dim_diffuse_6c_136f_continuous,continuous_dimensional_gaussian_examples,dimensional_gaussian_continuous,N223,2,136,2,136,68.0,52.50757749752936,85.49242250247065,1,0,0.49999999999999545,0.005848471541270759,79.14479890109581,0.95,80,0.9257522080253207,0.006317534530914989,False,,,,,0.5,,0.9999999999999909,1.0,insufficient_positive_spectrum
dim_diffuse_6c_136f_continuous,continuous_dimensional_gaussian_examples,dimensional_gaussian_continuous,N224,2,136,2,136,68.0,52.50757749752936,85.49242250247065,1,0,0.49999999999999534,0.005848471541270758,79.14479890109581,0.95,80,0.9257522080253207,0.006317534530914988,False,,,,,0.5,,0.9999999999999907,1.0,insufficient_positive_spectrum
dim_diffuse_6c_136f_continuous,continuous_dimensional_gaussian_examples,dimensional_gaussian_continuous,N225,5,136,5,136,27.2,17.76927615167576,38.63072384832424,4,0,0.7999999999999735,0.020708905252229095,38.41408036690132,0.95,80,0.9943919383371245,0.020825697045432242,False,0.029777076056846846,0.023089814700487606,0.022148073654729056,1.0,0.8,0.9999999999999606,0.9999999999999668,1.0,evaluated
dim_diffuse_6c_136f_continuous,continuous_dimensional_gaussian_examples,dimensional_gaussian_continuous,N226,4,136,4,136,34.0,23.338096210309402,46.661903789690605,3,0,0.7499999999999793,0.016073069015364157,47.557879393526214,0.95,80,1.019201436955377,0.0157702574118995,False,,,,,0.75,,0.9999999999999725,1.0,insufficient_positive_spectrum
dim_diffuse_6c_136f_continuous,continuous_dimensional_gaussian_examples,dimensional_gaussian_continuous,N227,2,136,2,136,68.0,52.50757749752936,85.49242250247065,1,0,0.49999999999999556,0.005848471541270761,79.14479890109581,0.95,80,0.9257522080253207,0.0063175345309149904,False,,,,,0.5,,0.9999999999999911,1.0,insufficient_positive_spectrum
dim_diffuse_6c_136f_continuous,continuous_dimensional_gaussian_examples,dimensional_gaussian_continuous,N228,3,136,3,136,45.333333333333336,32.867326748850566,59.79933991781611,2,0,0.6666666666666546,0.01114839507564587,57.69527356313834,0.95,80,0.9648145555190166,0.011554961533150433,False,,,,,0.6666666666666666,,0.999999999999982,1.0,insufficient_positive_spectrum
dim_diffuse_6c_136f_continuous,continuous_dimensional_gaussian_examples,dimensional_gaussian_continuous,N229,3,136,3,136,45.333333333333336,32.867326748850566,59.79933991781611,2,0,0.666666666666655,0.011148395075645875,57.69527356313834,0.95,80,0.9648145555190166,0.011554961533150438,False,,,,,0.6666666666666666,,0.9999999999999825,1.0,insufficient_positive_spectrum
dim_diffuse_6c_136f_continuous,continuous_dimensional_gaussian_examples,dimensional_gaussian_continuous,N230,2,136,2,136,68.0,52.50757749752936,85.49242250247065,1,0,0.4999999999999956,0.005848471541270761,79.14479890109581,0.95,80,0.9257522080253207,0.006317534530914991,False,,,,,0.5,,0.9999999999999912,1.0,insufficient_positive_spectrum
dim_diffuse_6c_136f_continuous,continuous_dimensional_gaussian_examples,dimensional_gaussian_continuous,N231,3,136,3,136,45.333333333333336,32.867326748850566,59.79933991781611,2,0,0.6666666666666548,0.011148395075645872,57.69527356313834,0.95,80,0.9648145555190166,0.011554961533150434,False,,,,,0.6666666666666666,,0.9999999999999821,1.0,insufficient_positive_spectrum
dim_diffuse_6c_136f_continuous,continuous_dimensional_gaussian_examples,dimensional_gaussian_continuous,N232,2,136,2,136,68.0,52.50757749752936,85.49242250247065,1,0,0.49999999999999534,0.005848471541270758,79.14479890109581,0.95,80,0.9257522080253207,0.006317534530914988,False,,,,,0.5,,0.9999999999999907,1.0,insufficient_positive_spectrum
dim_diffuse_6c_136f_continuous,continuous_dimensional_gaussian_examples,dimensional_gaussian_continuous,N233,4,136,4,136,34.0,23.338096210309402,46.661903789690605,3,0,0.7499999999999819,0.016073069015364212,47.557879393526214,0.95,80,1.019201436955377,0.015770257411899555,False,,,,,0.75,,0.9999999999999759,1.0,insufficient_positive_spectrum
dim_diffuse_6c_136f_continuous,continuous_dimensional_gaussian_examples,dimensional_gaussian_continuous,N234,2,136,2,136,68.0,52.50757749752936,85.49242250247065,1,0,0.4999999999999955,0.00584847154127076,79.14479890109581,0.95,80,0.9257522080253207,0.00631753453091499,False,,,,,0.5,,0.999999999999991,1.0,insufficient_positive_spectrum
dim_diffuse_6c_136f_continuous,continuous_dimensional_gaussian_examples,dimensional_gaussian_continuous,N235,3,136,3,136,45.333333333333336,32.867326748850566,59.79933991781611,2,0,0.6666666666666551,0.011148395075645877,57.69527356313834,0.95,80,0.9648145555190166,0.01155496153315044,False,,,,,0.6666666666666666,,0.9999999999999827,1.0,insufficient_positive_spectrum
dim_diffuse_6c_136f_continuous,continuous_dimensional_gaussian_examples,dimensional_gaussian_continuous,N236,5,136,5,136,27.2,17.76927615167576,38.63072384832424,4,0,0.7999999999999737,0.0207089052522291,38.41408036690132,0.95,80,0.9943919383371245,0.02082569704543225,False,0.029777076056846846,0.02308981470048763,0.022148073654729067,1.0,0.8,0.9999999999999606,0.9999999999999671,1.0,evaluated
dim_diffuse_6c_136f_continuous,continuous_dimensional_gaussian_examples,dimensional_gaussian_continuous,N237,2,136,2,136,68.0,52.50757749752936,85.49242250247065,1,0,0.4999999999999957,0.005848471541270763,79.14479890109581,0.95,80,0.9257522080253207,0.006317534530914992,False,,,,,0.5,,0.9999999999999915,1.0,insufficient_positive_spectrum
dim_diffuse_6c_136f_continuous,continuous_dimensional_gaussian_examples,dimensional_gaussian_continuous,N238,2,136,2,136,68.0,52.50757749752936,85.49242250247065,1,0,0.4999999999999955,0.00584847154127076,79.14479890109581,0.95,80,0.9257522080253207,0.00631753453091499,False,,,,,0.5,,0.999999999999991,1.0,insufficient_positive_spectrum
dim_diffuse_6c_136f_continuous,continuous_dimensional_gaussian_examples,dimensional_gaussian_continuous,N239,2,136,2,136,68.0,52.50757749752936,85.49242250247065,1,0,0.4999999999999957,0.005848471541270763,79.14479890109581,0.95,80,0.9257522080253207,0.006317534530914992,False,,,,,0.5,,0.9999999999999915,1.0,insufficient_positive_spectrum
dim_diffuse_6c_136f_continuous,continuous_dimensional_gaussian_examples,dimensional_gaussian_continuous,N240,2,136,2,136,68.0,52.50757749752936,85.49242250247065,1,0,0.4999999999999957,0.005848471541270763,79.14479890109581,0.95,80,0.9257522080253207,0.006317534530914992,False,,,,,0.5,,0.9999999999999915,1.0,insufficient_positive_spectrum
dim_diffuse_6c_136f_continuous,continuous_dimensional_gaussian_examples,dimensional_gaussian_continuous,N241,6,136,6,136,22.666666666666668,14.1447620952762,33.188571238057136,5,0,0.8333333333333022,0.02510904513954261,33.340203400193715,0.95,80,1.0045688065644327,0.024994848511585874,False,0.03731416143217647,0.028259930835471406,0.02700878745552219,1.0,0.8333333333333334,0.9999999999999531,0.9999999999999626,1.0,evaluated
dim_diffuse_6c_136f_continuous,continuous_dimensional_gaussian_examples,dimensional_gaussian_continuous,N242,4,136,4,136,34.0,23.338096210309402,46.661903789690605,3,0,0.7499999999999825,0.016073069015364223,47.557879393526214,0.95,80,1.019201436955377,0.015770257411899566,False,,,,,0.75,,0.9999999999999766,1.0,insufficient_positive_spectrum
dim_diffuse_6c_136f_continuous,continuous_dimensional_gaussian_examples,dimensional_gaussian_continuous,N243,3,136,3,136,45.333333333333336,32.867326748850566,59.79933991781611,2,0,0.6666666666666553,0.01114839507564588,57.69527356313834,0.95,80,0.9648145555190166,0.011554961533150445,False,,,,,0.6666666666666666,,0.999999999999983,1.0,insufficient_positive_spectrum
dim_diffuse_6c_136f_continuous,continuous_dimensional_gaussian_examples,dimensional_gaussian_continuous,N244,4,136,4,136,34.0,23.338096210309402,46.661903789690605,3,0,0.7499999999999822,0.01607306901536422,47.557879393526214,0.95,80,1.019201436955377,0.015770257411899562,False,,,,,0.75,,0.9999999999999764,1.0,insufficient_positive_spectrum
dim_diffuse_6c_136f_continuous,continuous_dimensional_gaussian_examples,dimensional_gaussian_continuous,N245,2,136,2,136,68.0,52.50757749752936,85.49242250247065,1,0,0.4999999999999956,0.005848471541270761,79.14479890109581,0.95,80,0.9257522080253207,0.006317534530914991,False,,,,,0.5,,0.9999999999999912,1.0,insufficient_positive_spectrum
dim_diffuse_6c_136f_continuous,continuous_dimensional_gaussian_examples,dimensional_gaussian_continuous,N246,8,136,8,136,17.0,9.753788748764679,26.246211251235323,7,0,0.8749999999999591,0.03333814513737771,26.026531110091078,0.95,80,0.9916300246522665,0.033619539857184494,False,0.05250184384525289,0.03813878457355631,0.036219659855930474,1.0,0.875,0.9999999999999323,0.9999999999999533,1.0,evaluated
dim_diffuse_6c_136f_continuous,continuous_dimensional_gaussian_examples,dimensional_gaussian_continuous,N247,2,136,2,136,68.0,52.50757749752936,85.49242250247065,1,0,0.4999999999999957,0.005848471541270763,79.14479890109581,0.95,80,0.9257522080253207,0.006317534530914992,False,,,,,0.5,,0.9999999999999915,1.0,insufficient_positive_spectrum
dim_diffuse_6c_136f_continuous,continuous_dimensional_gaussian_examples,dimensional_gaussian_continuous,N248,9,136,9,136,15.11111111111111,8.33650858465071,23.88571363757151,8,0,0.888888888888841,0.03721424875037627,23.911685909417503,0.95,80,1.0010873559082254,0.037173827569337396,False,0.060153064045025774,0.04288247688455506,0.040609722823491304,1.0,0.8888888888888888,0.9999999999999263,0.9999999999999462,1.0,evaluated
dim_diffuse_6c_136f_continuous,continuous_dimensional_gaussian_examples,dimensional_gaussian_continuous,N249,4,136,4,136,34.0,23.338096210309402,46.661903789690605,3,0,0.7499999999999829,0.016073069015364233,47.557879393526214,0.95,80,1.019201436955377,0.015770257411899576,False,,,,,0.75,,0.9999999999999772,1.0,insufficient_positive_spectrum
dim_diffuse_6c_136f_continuous,continuous_dimensional_gaussian_examples,dimensional_gaussian_continuous,N250,2,136,2,136,68.0,52.50757749752936,85.49242250247065,1,0,0.49999999999999595,0.005848471541270765,79.14479890109581,0.95,80,0.9257522080253207,0.006317534530914995,False,,,,,0.5,,0.9999999999999919,1.0,insufficient_positive_spectrum
dim_diffuse_6c_136f_continuous,continuous_dimensional_gaussian_examples,dimensional_gaussian_continuous,N251,3,136,3,136,45.333333333333336,32.867326748850566,59.79933991781611,2,0,0.666666666666656,0.011148395075645893,57.69527356313834,0.95,80,0.9648145555190166,0.011554961533150455,False,,,,,0.6666666666666666,,0.999999999999984,1.0,insufficient_positive_spectrum
dim_diffuse_6c_136f_continuous,continuous_dimensional_gaussian_examples,dimensional_gaussian_continuous,N252,4,136,4,136,34.0,23.338096210309402,46.661903789690605,3,0,0.7499999999999832,0.01607306901536424,47.557879393526214,0.95,80,1.019201436955377,0.015770257411899583,False,,,,,0.75,,0.9999999999999777,1.0,insufficient_positive_spectrum
dim_diffuse_6c_136f_continuous,continuous_dimensional_gaussian_examples,dimensional_gaussian_continuous,N253,2,136,2,136,68.0,52.50757749752936,85.49242250247065,1,0,0.49999999999999567,0.005848471541270762,79.14479890109581,0.95,80,0.9257522080253207,0.006317534530914991,False,,,,,0.5,,0.9999999999999913,1.0,insufficient_positive_spectrum
dim_diffuse_6c_136f_continuous,continuous_dimensional_gaussian_examples,dimensional_gaussian_continuous,N254,2,136,2,136,68.0,52.50757749752936,85.49242250247065,1,0,0.49999999999999584,0.0058484715412707635,79.14479890109581,0.95,80,0.9257522080253207,0.006317534530914994,False,,,,,0.5,,0.9999999999999917,1.0,insufficient_positive_spectrum
dim_diffuse_6c_136f_continuous,continuous_dimensional_gaussian_examples,dimensional_gaussian_continuous,N255,2,136,2,136,68.0,52.50757749752936,85.49242250247065,1,0,0.49999999999999567,0.005848471541270762,79.14479890109581,0.95,80,0.9257522080253207,0.006317534530914991,False,,,,,0.5,,0.9999999999999913,1.0,insufficient_positive_spectrum
dim_diffuse_6c_136f_continuous,continuous_dimensional_gaussian_examples,dimensional_gaussian_continuous,N256,4,136,4,136,34.0,23.338096210309402,46.661903789690605,3,0,0.7499999999999817,0.016073069015364205,47.557879393526214,0.95,80,1.019201436955377,0.015770257411899552,False,,,,,0.75,,0.9999999999999756,1.0,insufficient_positive_spectrum
dim_diffuse_6c_136f_continuous,continuous_dimensional_gaussian_examples,dimensional_gaussian_continuous,N257,3,136,3,136,45.333333333333336,32.867326748850566,59.79933991781611,2,0,0.6666666666666553,0.01114839507564588,57.69527356313834,0.95,80,0.9648145555190166,0.011554961533150445,False,,,,,0.6666666666666666,,0.999999999999983,1.0,insufficient_positive_spectrum
dim_diffuse_6c_136f_continuous,continuous_dimensional_gaussian_examples,dimensional_gaussian_continuous,N258,4,136,4,136,34.0,23.338096210309402,46.661903789690605,3,0,0.7499999999999829,0.016073069015364233,47.557879393526214,0.95,80,1.019201436955377,0.015770257411899576,False,,,,,0.75,,0.9999999999999772,1.0,insufficient_positive_spectrum
dim_diffuse_6c_136f_continuous,continuous_dimensional_gaussian_examples,dimensional_gaussian_continuous,N259,4,136,4,136,34.0,23.338096210309402,46.661903789690605,3,0,0.7499999999999827,0.016073069015364226,47.557879393526214,0.95,80,1.019201436955377,0.015770257411899573,False,,,,,0.75,,0.9999999999999769,1.0,insufficient_positive_spectrum
dim_diffuse_6c_136f_continuous,continuous_dimensional_gaussian_examples,dimensional_gaussian_continuous,N260,3,136,3,136,45.333333333333336,32.867326748850566,59.79933991781611,2,0,0.6666666666666554,0.011148395075645882,57.69527356313834,0.95,80,0.9648145555190166,0.011554961533150446,False,,,,,0.6666666666666666,,0.9999999999999831,1.0,insufficient_positive_spectrum
dim_diffuse_6c_136f_continuous,continuous_dimensional_gaussian_examples,dimensional_gaussian_continuous,N261,2,136,2,136,68.0,52.50757749752936,85.49242250247065,1,0,0.49999999999999567,0.005848471541270762,79.14479890109581,0.95,80,0.9257522080253207,0.006317534530914991,False,,,,,0.5,,0.9999999999999913,1.0,insufficient_positive_spectrum
dim_diffuse_6c_136f_continuous,continuous_dimensional_gaussian_examples,dimensional_gaussian_continuous,N262,3,136,3,136,45.333333333333336,32.867326748850566,59.79933991781611,2,0,0.6666666666666555,0.011148395075645884,57.69527356313834,0.95,80,0.9648145555190166,0.011554961533150448,False,,,,,0.6666666666666666,,0.9999999999999833,1.0,insufficient_positive_spectrum
dim_diffuse_6c_136f_continuous,continuous_dimensional_gaussian_examples,dimensional_gaussian_continuous,N263,3,136,3,136,45.333333333333336,32.867326748850566,59.79933991781611,2,0,0.6666666666666555,0.011148395075645884,57.69527356313834,0.95,80,0.9648145555190166,0.011554961533150448,False,,,,,0.6666666666666666,,0.9999999999999833,1.0,insufficient_positive_spectrum
dim_diffuse_6c_136f_continuous,continuous_dimensional_gaussian_examples,dimensional_gaussian_continuous,N264,4,136,4,136,34.0,23.338096210309402,46.661903789690605,3,0,0.7499999999999811,0.016073069015364195,47.557879393526214,0.95,80,1.019201436955377,0.015770257411899538,False,,,,,0.75,,0.9999999999999748,1.0,insufficient_positive_spectrum
dim_diffuse_6c_136f_continuous,continuous_dimensional_gaussian_examples,dimensional_gaussian_continuous,N265,4,136,4,136,34.0,23.338096210309402,46.661903789690605,3,0,0.7499999999999818,0.01607306901536421,47.557879393526214,0.95,80,1.019201436955377,0.015770257411899552,False,,,,,0.75,,0.9999999999999757,1.0,insufficient_positive_spectrum
dim_diffuse_6c_136f_continuous,continuous_dimensional_gaussian_examples,dimensional_gaussian_continuous,N266,2,136,2,136,68.0,52.50757749752936,85.49242250247065,1,0,0.49999999999999584,0.0058484715412707635,79.14479890109581,0.95,80,0.9257522080253207,0.006317534530914994,False,,,,,0.5,,0.9999999999999917,1.0,insufficient_positive_spectrum
dim_diffuse_6c_136f_continuous,continuous_dimensional_gaussian_examples,dimensional_gaussian_continuous,N267,4,136,4,136,34.0,23.338096210309402,46.661903789690605,3,0,0.7499999999999825,0.016073069015364223,47.557879393526214,0.95,80,1.019201436955377,0.015770257411899566,False,,,,,0.75,,0.9999999999999766,1.0,insufficient_positive_spectrum
dim_diffuse_6c_136f_continuous,continuous_dimensional_gaussian_examples,dimensional_gaussian_continuous,N268,3,136,3,136,45.333333333333336,32.867326748850566,59.79933991781611,2,0,0.6666666666666559,0.01114839507564589,57.69527356313834,0.95,80,0.9648145555190166,0.011554961533150453,False,,,,,0.6666666666666666,,0.9999999999999838,1.0,insufficient_positive_spectrum
dim_diffuse_6c_136f_continuous,continuous_dimensional_gaussian_examples,dimensional_gaussian_continuous,N269,2,136,2,136,68.0,52.50757749752936,85.49242250247065,1,0,0.4999999999999958,0.0058484715412707635,79.14479890109581,0.95,80,0.9257522080253207,0.006317534530914993,False,,,,,0.5,,0.9999999999999916,1.0,insufficient_positive_spectrum
dim_diffuse_6c_136f_continuous,continuous_dimensional_gaussian_examples,dimensional_gaussian_continuous,N270,2,136,2,136,68.0,52.50757749752936,85.49242250247065,1,0,0.49999999999999584,0.0058484715412707635,79.14479890109581,0.95,80,0.9257522080253207,0.006317534530914994,False,,,,,0.5,,0.9999999999999917,1.0,insufficient_positive_spectrum
dim_diffuse_6c_136f_continuous,continuous_dimensional_gaussian_examples,dimensional_gaussian_continuous,N271,6,136,6,136,22.666666666666668,14.1447620952762,33.188571238057136,5,0,0.8333333333333027,0.025109045139542627,33.340203400193715,0.95,80,1.0045688065644327,0.024994848511585892,False,0.03731416143217644,0.028259930835471386,0.027008787455522185,1.0,0.8333333333333334,0.9999999999999523,0.9999999999999633,1.0,evaluated
dim_diffuse_6c_136f_continuous,continuous_dimensional_gaussian_examples,dimensional_gaussian_continuous,N272,2,136,2,136,68.0,52.50757749752936,85.49242250247065,1,0,0.49999999999999595,0.005848471541270765,79.14479890109581,0.95,80,0.9257522080253207,0.006317534530914995,False,,,,,0.5,,0.9999999999999919,1.0,insufficient_positive_spectrum
dim_diffuse_6c_136f_continuous,continuous_dimensional_gaussian_examples,dimensional_gaussian_continuous,N273,2,136,2,136,68.0,52.50757749752936,85.49242250247065,1,0,0.49999999999999595,0.005848471541270765,79.14479890109581,0.95,80,0.9257522080253207,0.006317534530914995,False,,,,,0.5,,0.9999999999999919,1.0,insufficient_positive_spectrum
dim_diffuse_6c_136f_continuous,continuous_dimensional_gaussian_examples,dimensional_gaussian_continuous,N274,6,136,6,136,22.666666666666668,14.1447620952762,33.188571238057136,5,0,0.8333333333333045,0.02510904513954268,33.340203400193715,0.95,80,1.0045688065644327,0.024994848511585944,False,0.037314161432176515,0.0282599308354715,0.027008787455522272,1.0,0.8333333333333334,0.9999999999999545,0.9999999999999654,1.0,evaluated
dim_diffuse_6c_136f_continuous,continuous_dimensional_gaussian_examples,dimensional_gaussian_continuous,N275,2,136,2,136,68.0,52.50757749752936,85.49242250247065,1,0,0.4999999999999961,0.005848471541270767,79.14479890109581,0.95,80,0.9257522080253207,0.006317534530914997,False,,,,,0.5,,0.9999999999999922,1.0,insufficient_positive_spectrum
dim_diffuse_6c_136f_continuous,continuous_dimensional_gaussian_examples,dimensional_gaussian_continuous,N276,2,136,2,136,68.0,52.50757749752936,85.49242250247065,1,0,0.49999999999999595,0.005848471541270765,79.14479890109581,0.95,80,0.9257522080253207,0.006317534530914995,False,,,,,0.5,,0.9999999999999919,1.0,insufficient_positive_spectrum
dim_diffuse_6c_136f_continuous,continuous_dimensional_gaussian_examples,dimensional_gaussian_continuous,N277,6,136,6,136,22.666666666666668,14.1447620952762,33.188571238057136,5,0,0.8333333333333033,0.02510904513954264,33.340203400193715,0.95,80,1.0045688065644327,0.024994848511585906,False,0.03731416143217635,0.02825993083547148,0.02700878745552224,1.0,0.8333333333333334,0.9999999999999499,0.9999999999999639,1.0,evaluated
dim_diffuse_6c_136f_continuous,continuous_dimensional_gaussian_examples,dimensional_gaussian_continuous,N278,4,136,4,136,34.0,23.338096210309402,46.661903789690605,3,0,0.7499999999999817,0.016073069015364205,47.557879393526214,0.95,80,1.019201436955377,0.015770257411899552,False,,,,,0.75,,0.9999999999999756,1.0,insufficient_positive_spectrum
dim_diffuse_6c_136f_continuous,continuous_dimensional_gaussian_examples,dimensional_gaussian_continuous,N279,3,136,3,136,45.333333333333336,32.867326748850566,59.79933991781611,2,0,0.6666666666666555,0.011148395075645884,57.69527356313834,0.95,80,0.9648145555190166,0.011554961533150448,False,,,,,0.6666666666666666,,0.9999999999999833,1.0,insufficient_positive_spectrum
dim_diffuse_6c_136f_continuous,continuous_dimensional_gaussian_examples,dimensional_gaussian_continuous,N280,8,136,8,136,17.0,9.753788748764679,26.246211251235323,7,0,0.8749999999999607,0.033338145137377775,26.026531110091078,0.95,80,0.9916300246522665,0.03361953985718455,False,0.05250184384525307,0.03813878457355644,0.036219659855930564,1.0,0.875,0.9999999999999357,0.999999999999955,1.0,evaluated
dim_diffuse_6c_136f_continuous,continuous_dimensional_gaussian_examples,dimensional_gaussian_continuous,N281,8,136,8,136,17.0,9.753788748764679,26.246211251235323,7,0,0.8749999999999571,0.03333814513737764,26.026531110091078,0.95,80,0.9916300246522665,0.03361953985718442,False,0.05250184384525317,0.038138784573556406,0.036219659855930474,1.0,0.875,0.9999999999999377,0.999999999999951,1.0,evaluated
dim_diffuse_6c_136f_continuous,continuous_dimensional_gaussian_examples,dimensional_gaussian_continuous,N282,2,136,2,136,68.0,52.50757749752936,85.49242250247065,1,0,0.49999999999999595,0.005848471541270765,79.14479890109581,0.95,80,0.9257522080253207,0.006317534530914995,False,,,,,0.5,,0.9999999999999919,1.0,insufficient_positive_spectrum
dim_diffuse_6c_136f_continuous,continuous_dimensional_gaussian_examples,dimensional_gaussian_continuous,N283,2,136,2,136,68.0,52.50757749752936,85.49242250247065,1,0,0.49999999999999567,0.005848471541270762,79.14479890109581,0.95,80,0.9257522080253207,0.006317534530914991,False,,,,,0.5,,0.9999999999999913,1.0,insufficient_positive_spectrum
dim_diffuse_6c_136f_continuous,continuous_dimensional_gaussian_examples,dimensional_gaussian_continuous,N284,11,136,11,136,12.363636363636363,6.331243779704104,20.396028947568624,10,0,0.90909090909086,0.04457195620911448,21.05000799111333,0.95,80,1.0320640378196102,0.04318720018893344,False,0.07557184794136843,0.05204023870237014,0.04902940103255807,1.0,0.9090909090909091,0.9999999999999031,0.999999999999946,1.0,evaluated
dim_diffuse_6c_136f_continuous,continuous_dimensional_gaussian_examples,dimensional_gaussian_continuous,N285,5,136,5,136,27.2,17.76927615167576,38.63072384832424,4,0,0.7999999999999782,0.020708905252229213,38.41408036690132,0.95,80,0.9943919383371245,0.020825697045432363,False,0.029777076056846874,0.023089814700487703,0.022148073654729167,1.0,0.8,0.9999999999999616,0.9999999999999727,1.0,evaluated
dim_diffuse_6c_136f_continuous,continuous_dimensional_gaussian_examples,dimensional_gaussian_continuous,N286,2,136,2,136,68.0,52.50757749752936,85.49242250247065,1,0,0.49999999999999584,0.0058484715412707635,79.14479890109581,0.95,80,0.9257522080253207,0.006317534530914994,False,,,,,0.5,,0.9999999999999917,1.0,insufficient_positive_spectrum
dim_diffuse_6c_136f_continuous,continuous_dimensional_gaussian_examples,dimensional_gaussian_continuous,N287,11,136,11,136,12.363636363636363,6.331243779704104,20.396028947568624,10,0,0.9090909090908534,0.04457195620911416,21.05000799111333,0.95,80,1.0320640378196102,0.04318720018893313,False,0.0755718479413689,0.05204023870236996,0.04902940103255782,1.0,0.9090909090909091,0.9999999999999093,0.9999999999999388,1.0,evaluated
dim_diffuse_6c_136f_continuous,continuous_dimensional_gaussian_examples,dimensional_gaussian_continuous,N288,6,136,6,136,22.666666666666668,14.1447620952762,33.188571238057136,5,0,0.833333333333307,0.025109045139542752,33.340203400193715,0.95,80,1.0045688065644327,0.024994848511586017,False,0.037314161432176564,0.028259930835471556,0.027008787455522338,1.0,0.8333333333333334,0.9999999999999556,0.9999999999999682,1.0,evaluated
dim_diffuse_6c_136f_continuous,continuous_dimensional_gaussian_examples,dimensional_gaussian_continuous,N289,3,136,3,136,45.333333333333336,32.867326748850566,59.79933991781611,2,0,0.6666666666666556,0.011148395075645887,57.69527356313834,0.95,80,0.9648145555190166,0.01155496153315045,False,,,,,0.6666666666666666,,0.9999999999999835,1.0,insufficient_positive_spectrum
dim_diffuse_6c_136f_continuous,continuous_dimensional_gaussian_examples,dimensional_gaussian_continuous,N290,3,136,3,136,45.333333333333336,32.867326748850566,59.79933991781611,2,0,0.666666666666656,0.011148395075645893,57.69527356313834,0.95,80,0.9648145555190166,0.011554961533150455,False,,,,,0.6666666666666666,,0.999999999999984,1.0,insufficient_positive_spectrum
dim_diffuse_6c_136f_continuous,continuous_dimensional_gaussian_examples,dimensional_gaussian_continuous,N291,10,136,10,136,13.6,7.2243644341656905,21.97563556583431,9,0,0.8999999999999478,0.04095444690569882,21.94467572145386,0.95,80,0.9985911741079023,0.041012225991568306,False,0.06784295850799188,0.04751295975317016,0.04487585681984103,1.0,0.9,0.9999999999999142,0.999999999999942,1.0,evaluated
dim_diffuse_6c_136f_continuous,continuous_dimensional_gaussian_examples,dimensional_gaussian_continuous,N292,15,136,15,136,9.066666666666666,4.044485444994018,16.088847888339316,14,0,0.9333333333332705,0.0580111975581372,15.942166550942646,0.95,80,0.9908830428123458,0.05854494935495975,False,0.10688390354217445,0.06926750818364223,0.06468718443789892,1.0,0.9333333333333333,0.9999999999998578,0.9999999999999327,1.0,evaluated
dim_diffuse_6c_136f_continuous,continuous_dimensional_gaussian_examples,dimensional_gaussian_continuous,N293,8,136,8,136,17.0,9.753788748764679,26.246211251235323,7,0,0.874999999999963,0.033338145137377866,26.026531110091078,0.95,80,0.9916300246522665,0.03361953985718464,False,0.05250184384525302,0.038138784573556496,0.03621965985593064,1.0,0.875,0.9999999999999348,0.9999999999999577,1.0,evaluated
dim_diffuse_6c_136f_continuous,continuous_dimensional_gaussian_examples,dimensional_gaussian_continuous,N294,9,136,9,136,15.11111111111111,8.33650858465071,23.88571363757151,8,0,0.8888888888888435,0.03721424875037638,23.911685909417503,0.95,80,1.0010873559082254,0.03717382756933751,False,0.060153064045025725,0.042882476884555085,0.04060972282349137,1.0,0.8888888888888888,0.9999999999999255,0.999999999999949,1.0,evaluated
dim_diffuse_6c_136f_continuous,continuous_dimensional_gaussian_examples,dimensional_gaussian_continuous,N295,7,136,7,136,19.428571428571427,11.61300078826199,29.24414206888086,6,0,0.8571428571428231,0.029309899231235167,30.14925423557031,0.95,80,1.0309502041317395,0.02842998538025394,False,0.04488898074152083,0.03326968570090722,0.031691807519270435,1.0,0.8571428571428571,0.9999999999999485,0.9999999999999604,1.0,evaluated
dim_diffuse_6c_136f_continuous,continuous_dimensional_gaussian_examples,dimensional_gaussian_continuous,N296,15,136,15,136,9.066666666666666,4.044485444994018,16.088847888339316,14,0,0.9333333333332652,0.058011197558136864,15.942166550942646,0.95,80,0.9908830428123458,0.05854494935495941,False,0.10688390354217575,0.06926750818364177,0.06468718443789842,1.0,0.9333333333333333,0.9999999999998699,0.999999999999927,1.0,evaluated
dim_diffuse_6c_136f_continuous,continuous_dimensional_gaussian_examples,dimensional_gaussian_continuous,N297,18,136,18,136,7.555555555555555,3.0580813880653417,14.05302972304577,17,0,0.9444444444443697,0.06720575299827064,14.22580550161944,0.95,80,1.0122945572576663,0.06638952320393075,False,0.1307936801993692,0.08141539396790703,0.07559854912616737,1.0,0.9444444444444444,0.9999999999998296,0.9999999999999208,1.0,evaluated
dim_diffuse_6c_136f_continuous,continuous_dimensional_gaussian_examples,dimensional_gaussian_continuous,N298,10,136,10,136,13.6,7.2243644341656905,21.97563556583431,9,0,0.8999999999999496,0.040954446905698896,21.94467572145386,0.95,80,0.9985911741079023,0.04101222599156838,False,0.06784295850799212,0.04751295975316996,0.04487585681984098,1.0,0.9,0.9999999999999176,0.999999999999944,1.0,evaluated
dim_diffuse_6c_136f_continuous,continuous_dimensional_gaussian_examples,dimensional_gaussian_continuous,N299,7,136,7,136,19.428571428571427,11.61300078826199,29.24414206888086,6,0,0.857142857142827,0.029309899231235302,30.14925423557031,0.95,80,1.0309502041317395,0.02842998538025407,False,0.04488898074152073,0.033269685700907256,0.031691807519270525,1.0,0.8571428571428571,0.9999999999999462,0.9999999999999649,1.0,evaluated
dim_diffuse_6c_136f_continuous,continuous_dimensional_gaussian_examples,dimensional_gaussian_continuous,N300,2,136,2,136,68.0,52.50757749752936,85.49242250247065,1,0,0.49999999999999617,0.005848471541270768,79.14479890109581,0.95,80,0.9257522080253207,0.006317534530914998,False,,,,,0.5,,0.9999999999999923,1.0,insufficient_positive_spectrum
dim_diffuse_6c_136f_continuous,continuous_dimensional_gaussian_examples,dimensional_gaussian_continuous,N301,2,136,2,136,68.0,52.50757749752936,85.49242250247065,1,0,0.4999999999999961,0.005848471541270767,79.14479890109581,0.95,80,0.9257522080253207,0.006317534530914997,False,,,,,0.5,,0.9999999999999922,1.0,insufficient_positive_spectrum
dim_diffuse_6c_136f_continuous,continuous_dimensional_gaussian_examples,dimensional_gaussian_continuous,N302,17,136,17,136,8.0,3.3431457505076203,14.656854249492381,16,0,0.9411764705881583,0.06421408404335839,14.827026068538991,0.95,80,1.0116103917082004,0.06347709016207988,False,0.12278252199017742,0.07743096360461772,0.07203091758966698,1.0,0.9411764705882353,0.9999999999998669,0.9999999999999183,1.0,evaluated
dim_diffuse_6c_136f_continuous,continuous_dimensional_gaussian_examples,dimensional_gaussian_continuous,N303,12,136,12,136,11.333333333333334,5.600330041091949,19.066336625574717,11,0,0.9166666666666083,0.048077755295531356,19.077858637510662,0.95,80,1.0006043117858567,0.04804871888841178,False,0.08334005700493026,0.05647268612383513,0.05307981864872618,1.0,0.9166666666666666,0.9999999999999022,0.9999999999999364,1.0,evaluated
dim_diffuse_6c_136f_continuous,continuous_dimensional_gaussian_examples,dimensional_gaussian_continuous,N304,2,136,2,136,68.0,52.50757749752936,85.49242250247065,1,0,0.49999999999999617,0.005848471541270768,79.14479890109581,0.95,80,0.9257522080253207,0.006317534530914998,False,,,,,0.5,,0.9999999999999923,1.0,insufficient_positive_spectrum
dim_diffuse_6c_136f_continuous,continuous_dimensional_gaussian_examples,dimensional_gaussian_continuous,N305,3,136,3,136,45.333333333333336,32.867326748850566,59.79933991781611,2,0,0.6666666666666562,0.011148395075645896,57.69527356313834,0.95,80,0.9648145555190166,0.011554961533150459,False,,,,,0.6666666666666666,,0.9999999999999843,1.0,insufficient_positive_spectrum
dim_diffuse_6c_136f_continuous,continuous_dimensional_gaussian_examples,dimensional_gaussian_continuous,N306,12,136,12,136,11.333333333333334,5.600330041091949,19.066336625574717,11,0,0.9166666666666188,0.048077755295531904,19.077858637510662,0.95,80,1.0006043117858567,0.04804871888841233,False,0.08334005700493029,0.056472686123835124,0.05307981864872648,1.0,0.9166666666666666,0.9999999999999025,0.9999999999999478,1.0,evaluated
dim_diffuse_6c_136f_continuous,continuous_dimensional_gaussian_examples,dimensional_gaussian_continuous,N307,32,136,32,136,4.25,1.1268943743823394,9.373105625617661,31,0,0.9687499999998946,0.1033542177687832,9.47574805349919,0.95,80,1.010950738419185,0.1022346726116421,False,0.2474968924544388,0.13195736497515512,0.11999003714113003,1.0,0.96875,0.9999999999997172,0.9999999999998912,1.0,evaluated
dim_diffuse_6c_136f_continuous,continuous_dimensional_gaussian_examples,dimensional_gaussian_continuous,N308,4,136,4,136,34.0,23.338096210309402,46.661903789690605,3,0,0.749999999999984,0.016073069015364257,47.557879393526214,0.95,80,1.019201436955377,0.0157702574118996,False,,,,,0.75,,0.9999999999999787,1.0,insufficient_positive_spectrum
dim_diffuse_6c_136f_continuous,continuous_dimensional_gaussian_examples,dimensional_gaussian_continuous,N309,5,136,5,136,27.2,17.76927615167576,38.63072384832424,4,0,0.7999999999999787,0.02070890525222923,38.41408036690132,0.95,80,0.9943919383371245,0.02082569704543238,False,0.029777076056846978,0.023089814700487758,0.0221480736547292,1.0,0.8,0.999999999999965,0.9999999999999734,1.0,evaluated
dim_diffuse_6c_136f_continuous,continuous_dimensional_gaussian_examples,dimensional_gaussian_continuous,N310,24,136,24,136,5.666666666666667,1.9057143809714334,11.4276189523619,23,0,0.958333333333243,0.08386115579529113,11.610693974352419,0.95,80,1.0160203995909995,0.08253885042962676,False,0.17974898873419118,0.10415356419309958,0.09576037810041485,1.0,0.9583333333333334,0.9999999999997959,0.9999999999999057,1.0,evaluated
dim_diffuse_6c_136f_continuous,continuous_dimensional_gaussian_examples,dimensional_gaussian_continuous,N311,2,136,2,136,68.0,52.50757749752936,85.49242250247065,1,0,0.49999999999999634,0.00584847154127077,79.14479890109581,0.95,80,0.9257522080253207,0.006317534530915,False,,,,,0.5,,0.9999999999999927,1.0,insufficient_positive_spectrum
dim_diffuse_6c_136f_continuous,continuous_dimensional_gaussian_examples,dimensional_gaussian_continuous,N312,5,136,5,136,27.2,17.76927615167576,38.63072384832424,4,0,0.7999999999999792,0.02070890525222924,38.41408036690132,0.95,80,0.9943919383371245,0.02082569704543239,False,0.02977707605684702,0.02308981470048778,0.022148073654729216,1.0,0.8,0.9999999999999665,0.9999999999999739,1.0,evaluated
dim_diffuse_6c_136f_continuous,continuous_dimensional_gaussian_examples,dimensional_gaussian_continuous,N313,14,136,14,136,9.714285714285714,4.480735934493877,16.947835494077548,13,0,0.9285714285713644,0.05478997178700817,17.665849766018628,0.95,80,1.042366134140964,0.05256307739905781,False,0.09899575050241162,0.06508057936408333,0.060902258748069614,1.0,0.9285714285714286,0.999999999999888,0.9999999999999309,1.0,evaluated
dim_diffuse_6c_136f_continuous,continuous_dimensional_gaussian_examples,dimensional_gaussian_continuous,N314,4,136,4,136,34.0,23.338096210309402,46.661903789690605,3,0,0.749999999999985,0.016073069015364278,47.557879393526214,0.95,80,1.019201436955377,0.01577025741189962,False,,,,,0.75,,0.99999999999998,1.0,insufficient_positive_spectrum
dim_diffuse_6c_136f_continuous,continuous_dimensional_gaussian_examples,dimensional_gaussian_continuous,N315,28,136,28,136,4.857142857142857,1.4493575369881389,10.264928177297573,27,0,0.9642857142856145,0.09393984036033265,10.52377950007037,0.95,80,1.0252170612693896,0.09162922068817259,False,0.2132591286876757,0.11836863003941242,0.10820370999336634,1.0,0.9642857142857143,0.9999999999997525,0.9999999999998965,1.0,evaluated
dim_diffuse_6c_136f_continuous,continuous_dimensional_gaussian_examples,dimensional_gaussian_continuous,N316,8,136,8,136,17.0,9.753788748764679,26.246211251235323,7,0,0.8749999999999608,0.033338145137377775,26.026531110091078,0.95,80,0.9916300246522665,0.033619539857184556,False,0.052501843845253436,0.03813878457355645,0.03621965985593057,1.0,0.875,0.9999999999999426,0.9999999999999553,1.0,evaluated
dim_diffuse_6c_136f_continuous,continuous_dimensional_gaussian_examples,dimensional_gaussian_continuous,N317,9,136,9,136,15.11111111111111,8.33650858465071,23.88571363757151,8,0,0.888888888888847,0.03721424875037652,23.911685909417503,0.95,80,1.0010873559082254,0.037173827569337646,False,0.060153064045026065,0.042882476884555334,0.04060972282349157,1.0,0.8888888888888888,0.9999999999999312,0.9999999999999529,1.0,evaluated
dim_diffuse_6c_136f_continuous,continuous_dimensional_gaussian_examples,dimensional_gaussian_continuous,N318,7,136,7,136,19.428571428571427,11.61300078826199,29.24414206888086,6,0,0.8571428571428252,0.02930989923123524,30.14925423557031,0.95,80,1.0309502041317395,0.02842998538025401,False,0.0448889807415209,0.03326968570090721,0.03169180751927047,1.0,0.8571428571428571,0.9999999999999498,0.9999999999999628,1.0,evaluated
dim_diffuse_6c_136f_continuous,continuous_dimensional_gaussian_examples,dimensional_gaussian_continuous,N319,15,136,15,136,9.066666666666666,4.044485444994018,16.088847888339316,14,0,0.9333333333332737,0.0580111975581374,15.942166550942646,0.95,80,0.9908830428123458,0.05854494935495995,False,0.10688390354217646,0.06926750818364252,0.06468718443789917,1.0,0.9333333333333333,0.9999999999998765,0.9999999999999362,1.0,evaluated
dim_diffuse_6c_136f_continuous,continuous_dimensional_gaussian_examples,dimensional_gaussian_continuous,N320,36,136,36,136,3.7777777777777777,0.8904765145475774,8.665079041007978,35,0,0.9722222222221115,0.11220004083298199,8.837325427617907,0.95,80,1.0198782245141405,0.1100131742556156,False,0.28248856719170967,0.14500049910339546,0.13120741494098814,0.9926624502027787,0.9722222222222222,0.9999999999996798,0.9999999999998862,1.0,evaluated
dim_diffuse_6c_136f_continuous,continuous_dimensional_gaussian_examples,dimensional_gaussian_continuous,N321,7,136,7,136,19.428571428571427,11.61300078826199,29.24414206888086,6,0,0.8571428571428247,0.029309899231235222,30.14925423557031,0.95,80,1.0309502041317395,0.028429985380253993,False,0.04488898074152094,0.03326968570090728,0.03169180751927049,1.0,0.8571428571428571,0.9999999999999506,0.9999999999999621,1.0,evaluated
dim_diffuse_6c_136f_continuous,continuous_dimensional_gaussian_examples,dimensional_gaussian_continuous,N322,16,136,16,136,8.5,3.6690481051547,15.3309518948453,15,0,0.9374999999999264,0.06115080175257352,15.5004083641111,0.95,80,1.0110532255549491,0.06048227749731864,False,0.11481271255214316,0.07338291164838062,0.0683951824929243,1.0,0.9375,0.9999999999998718,0.9999999999999215,1.0,evaluated
dim_diffuse_6c_136f_continuous,continuous_dimensional_gaussian_examples,dimensional_gaussian_continuous,N323,51,136,51,136,2.6666666666666665,0.40068034295576255,6.932652990377571,50,0,0.9803921568626219,0.14141659163142783,6.979348454728272,0.95,80,1.0067355836813863,0.1404704412198304,False,0.4209111985269383,0.19000967421454712,0.16924015055606786,0.8364060538668516,0.9803921568627451,0.9999999999995172,0.9999999999998744,1.0,evaluated
dim_diffuse_6c_136f_continuous,continuous_dimensional_gaussian_examples,dimensional_gaussian_continuous,N324,18,136,18,136,7.555555555555555,3.0580813880653417,14.05302972304577,17,0,0.9444444444443645,0.06720575299827028,14.22580550161944,0.95,80,1.0122945572576663,0.06638952320393039,False,0.13079368019937235,0.08141539396790717,0.07559854912616727,1.0,0.9444444444444444,0.9999999999998535,0.9999999999999154,1.0,evaluated
dim_diffuse_6c_136f_continuous,continuous_dimensional_gaussian_examples,dimensional_gaussian_continuous,N325,5,136,5,136,27.2,17.76927615167576,38.63072384832424,4,0,0.7999999999999796,0.02070890525222925,38.41408036690132,0.95,80,0.9943919383371245,0.0208256970454324,False,0.02977707605684697,0.02308981470048776,0.022148073654729213,1.0,0.8,0.9999999999999648,0.9999999999999745,1.0,evaluated
dim_diffuse_6c_136f_continuous,continuous_dimensional_gaussian_examples,dimensional_gaussian_continuous,N326,79,136,79,136,1.7215189873417722,0.09738561623292379,5.34565235845062,78,0,0.9873417721517731,0.18469995913425682,5.396020022909524,0.95,80,1.0094221735873417,0.18297592817667127,False,0.7147600922652039,0.2624169252753712,0.22840802309183234,0.6129910439859754,0.9873417721518988,0.9999999999991867,0.9999999999998727,1.0,evaluated
dim_diffuse_6c_136f_continuous,continuous_dimensional_gaussian_examples,dimensional_gaussian_continuous,N327,12,136,12,136,11.333333333333334,5.600330041091949,19.066336625574717,11,0,0.9166666666666153,0.048077755295531724,19.077858637510662,0.95,80,1.0006043117858567,0.04804871888841215,False,0.08334005700493102,0.05647268612383501,0.05307981864872633,1.0,0.9166666666666666,0.9999999999999112,0.999999999999944,1.0,evaluated
dim_diffuse_6c_136f_continuous,continuous_dimensional_gaussian_examples,dimensional_gaussian_continuous,N328,3,136,3,136,45.333333333333336,32.867326748850566,59.79933991781611,2,0,0.6666666666666569,0.011148395075645906,57.69527356313834,0.95,80,0.9648145555190166,0.01155496153315047,False,,,,,0.6666666666666666,,0.9999999999999853,1.0,insufficient_positive_spectrum
dim_diffuse_6c_136f_continuous,continuous_dimensional_gaussian_examples,dimensional_gaussian_continuous,N329,2,136,2,136,68.0,52.50757749752936,85.49242250247065,1,0,0.4999999999999964,0.0058484715412707704,79.14479890109581,0.95,80,0.9257522080253207,0.006317534530915001,False,,,,,0.5,,0.9999999999999928,1.0,insufficient_positive_spectrum
dim_diffuse_6c_136f_continuous,continuous_dimensional_gaussian_examples,dimensional_gaussian_continuous,N330,5,136,5,136,27.2,17.76927615167576,38.63072384832424,4,0,0.7999999999999796,0.02070890525222925,38.41408036690132,0.95,80,0.9943919383371245,0.0208256970454324,False,0.029777076056847068,0.023089814700487783,0.022148073654729223,1.0,0.8,0.9999999999999681,0.9999999999999745,1.0,evaluated
dim_diffuse_6c_136f_continuous,continuous_dimensional_gaussian_examples,dimensional_gaussian_continuous,N331,13,136,13,136,10.461538461538462,4.9926781410373415,17.930398782039575,12,0,0.9230769230768676,0.051481115077122004,17.963865053040788,0.95,80,1.0018664543610003,0.051385206933549976,False,0.09114791369847575,0.06081742101840742,0.05703513717152772,1.0,0.9230769230769231,0.9999999999999047,0.9999999999999398,1.0,evaluated
dim_diffuse_6c_136f_continuous,continuous_dimensional_gaussian_examples,dimensional_gaussian_continuous,N332,26,136,26,136,5.230769230769231,1.6565942315943065,10.804944229944157,25,0,0.9615384615383816,0.08899059921786853,10.905877313972152,0.95,80,1.0093413794537018,0.0881669978357907,False,0.19641469834513375,0.11134528619026582,0.10207062465790215,1.0,0.9615384615384616,0.9999999999997838,0.9999999999999168,1.0,evaluated
dim_diffuse_6c_136f_continuous,continuous_dimensional_gaussian_examples,dimensional_gaussian_continuous,N333,9,136,9,136,15.11111111111111,8.33650858465071,23.88571363757151,8,0,0.8888888888888488,0.0372142487503766,23.911685909417503,0.95,80,1.0010873559082254,0.03717382756933772,False,0.060153064045026294,0.04288247688455538,0.04060972282349164,1.0,0.8888888888888888,0.999999999999935,0.9999999999999549,1.0,evaluated
dim_diffuse_6c_136f_continuous,continuous_dimensional_gaussian_examples,dimensional_gaussian_continuous,N334,2,136,2,136,68.0,52.50757749752936,85.49242250247065,1,0,0.4999999999999964,0.0058484715412707704,79.14479890109581,0.95,80,0.9257522080253207,0.006317534530915001,False,,,,,0.5,,0.9999999999999928,1.0,insufficient_positive_spectrum
dim_diffuse_6c_136f_continuous,continuous_dimensional_gaussian_examples,dimensional_gaussian_continuous,N335,2,136,2,136,68.0,52.50757749752936,85.49242250247065,1,0,0.4999999999999967,0.005848471541270774,79.14479890109581,0.95,80,0.9257522080253207,0.006317534530915005,False,,,,,0.5,,0.9999999999999934,1.0,insufficient_positive_spectrum
dim_diffuse_6c_136f_continuous,continuous_dimensional_gaussian_examples,dimensional_gaussian_continuous,N336,27,136,27,136,5.037037037037037,1.5483681755427803,10.525705898531294,26,0,0.9629629629628803,0.09148678219265537,10.654125601472554,0.95,80,1.0122005786765502,0.09038404454606626,False,0.20481437774552994,0.11487720522044056,0.10515843511137238,1.0,0.9629629629629629,0.9999999999997732,0.9999999999999142,1.0,evaluated
dim_diffuse_6c_136f_continuous,continuous_dimensional_gaussian_examples,dimensional_gaussian_continuous,N337,83,136,83,136,1.6385542168674698,0.07843373777476134,5.198674695960177,82,0,0.9879518072287874,0.19003916671233767,5.2937506157474425,0.95,80,1.0182884918460369,0.18662605758002734,False,0.7611463330458528,0.27185275682832205,0.23594732070495258,0.589910040367553,0.9879518072289156,0.9999999999991396,0.9999999999998702,1.0,evaluated
dim_diffuse_6c_136f_continuous,continuous_dimensional_gaussian_examples,dimensional_gaussian_continuous,N338,29,136,29,136,4.689655172413793,1.3585328363841151,10.020777508443471,28,0,0.9655172413792213,0.09635152966580487,9.913616366341051,0.95,80,0.9893061050390425,0.09739304061203828,False,0.22174935044279603,0.12182102786041885,0.11120805462390054,1.0,0.9655172413793104,0.999999999999758,0.9999999999999077,1.0,evaluated
dim_diffuse_6c_136f_continuous,continuous_dimensional_gaussian_examples,dimensional_gaussian_continuous,N339,2,136,2,136,68.0,52.50757749752936,85.49242250247065,1,0,0.49999999999999656,0.005848471541270772,79.14479890109581,0.95,80,0.9257522080253207,0.006317534530915003,False,,,,,0.5,,0.9999999999999931,1.0,insufficient_positive_spectrum
dim_diffuse_6c_136f_continuous,continuous_dimensional_gaussian_examples,dimensional_gaussian_continuous,N340,6,136,6,136,22.666666666666668,14.1447620952762,33.188571238057136,5,0,0.8333333333333081,0.025109045139542787,33.340203400193715,0.95,80,1.0045688065644327,0.02499484851158605,False,0.037314161432176814,0.028259930835471625,0.02700878745552239,1.0,0.8333333333333334,0.9999999999999625,0.9999999999999696,1.0,evaluated
dim_diffuse_6c_136f_continuous,continuous_dimensional_gaussian_examples,dimensional_gaussian_continuous,N341,12,136,12,136,11.333333333333334,5.600330041091949,19.066336625574717,11,0,0.9166666666666216,0.04807775529553205,19.077858637510662,0.95,80,1.0006043117858567,0.04804871888841247,False,0.08334005700493095,0.05647268612383525,0.053079818648726615,1.0,0.9166666666666666,0.9999999999999105,0.9999999999999508,1.0,evaluated
dim_diffuse_6c_136f_continuous,continuous_dimensional_gaussian_examples,dimensional_gaussian_continuous,N342,7,136,7,136,19.428571428571427,11.61300078826199,29.24414206888086,6,0,0.8571428571428277,0.029309899231235323,30.14925423557031,0.95,80,1.0309502041317395,0.02842998538025409,False,0.044888980741521,0.03326968570090735,0.03169180751927059,1.0,0.8571428571428571,0.999999999999952,0.9999999999999657,1.0,evaluated
dim_diffuse_6c_136f_continuous,continuous_dimensional_gaussian_examples,dimensional_gaussian_continuous,N343,34,136,34,136,4.0,1.0,9.0,33,0,0.9705882352940138,0.10784313725489042,9.015540155455287,0.95,80,1.0017266839394763,0.10765724721515578,False,0.2648967958177715,0.138542819925017,0.1256651589522414,1.0,0.9705882352941176,0.9999999999997113,0.9999999999998931,1.0,evaluated
dim_diffuse_6c_136f_continuous,continuous_dimensional_gaussian_examples,dimensional_gaussian_continuous,N344,85,136,85,136,1.6,0.07017787186529655,5.1298221281347045,84,0,0.9882352941175183,0.19264513845373005,5.172941846293569,0.95,80,1.0084056945995015,0.1910393202710354,False,0.7848040785378412,0.2765003836513157,0.23964681956928988,0.5789935849316605,0.9882352941176471,0.9999999999991291,0.9999999999998697,1.0,evaluated
dim_diffuse_6c_136f_continuous,continuous_dimensional_gaussian_examples,dimensional_gaussian_continuous,N345,11,136,11,136,12.363636363636363,6.331243779704104,20.396028947568624,10,0,0.9090909090908621,0.04457195620911458,21.05000799111333,0.95,80,1.0320640378196102,0.04318720018893354,False,0.07557184794136976,0.05204023870237038,0.04902940103255824,1.0,0.9090909090909091,0.9999999999999207,0.9999999999999484,1.0,evaluated
dim_diffuse_6c_136f_continuous,continuous_dimensional_gaussian_examples,dimensional_gaussian_continuous,N346,20,136,20,136,6.8,2.584638075837881,13.01536192416212,19,0,0.9499999999999306,0.07299067098828203,13.225480220961384,0.95,80,1.0161438689160993,0.07183104009291492,False,0.14694145639473968,0.0892064841199364,0.08254407013291971,1.0,0.95,0.9999999999998416,0.999999999999927,1.0,evaluated
dim_diffuse_6c_136f_continuous,continuous_dimensional_gaussian_examples,dimensional_gaussian_continuous,N347,8,136,8,136,17.0,9.753788748764679,26.246211251235323,7,0,0.8749999999999659,0.03333814513737797,26.026531110091078,0.95,80,0.9916300246522665,0.03361953985718475,False,0.05250184384525376,0.03813878457355674,0.036219659855930814,1.0,0.875,0.9999999999999488,0.999999999999961,1.0,evaluated
dim_diffuse_6c_136f_continuous,continuous_dimensional_gaussian_examples,dimensional_gaussian_continuous,N348,119,136,119,136,1.1428571428571428,0.004767207557747786,4.280947078156538,118,0,0.9915966386553399,0.23163020251171645,4.330274391826526,0.95,80,1.011522523584017,0.22899164092857419,False,1.2422054891585588,0.34949408382948316,0.2965758747120724,0.5598048737749977,0.9915966386554622,0.9999999999986475,0.9999999999998767,1.0,evaluated
dim_diffuse_6c_136f_continuous,continuous_dimensional_gaussian_examples,dimensional_gaussian_continuous,N349,12,136,12,136,11.333333333333334,5.600330041091949,19.066336625574717,11,0,0.9166666666666148,0.048077755295531696,19.077858637510662,0.95,80,1.0006043117858567,0.04804871888841212,False,0.08334005700493141,0.0564726861238352,0.0530798186487264,1.0,0.9166666666666666,0.999999999999916,0.9999999999999435,1.0,evaluated
dim_diffuse_6c_136f_continuous,continuous_dimensional_gaussian_examples,dimensional_gaussian_continuous,N350,20,136,20,136,6.8,2.584638075837881,13.01536192416212,19,0,0.9499999999999389,0.07299067098828267,13.225480220961384,0.95,80,1.0161438689160993,0.07183104009291556,False,0.14694145639474124,0.08920648411993683,0.0825440701329203,1.0,0.95,0.999999999999852,0.9999999999999357,1.0,evaluated
dim_diffuse_6c_136f_continuous,continuous_dimensional_gaussian_examples,dimensional_gaussian_continuous,N351,121,136,121,136,1.1239669421487604,0.0036207985686510648,4.244313085728869,120,0,0.9917355371899588,0.23366220096358645,4.338346995130482,0.95,80,1.0221552716546272,0.22859755992388778,False,1.2728098951804956,0.3534822302380573,0.29962528201788113,0.5659067289850557,0.9917355371900827,0.9999999999986289,0.9999999999998751,1.0,evaluated
dim_diffuse_6c_136f_continuous,continuous_dimensional_gaussian_examples,dimensional_gaussian_continuous,N352,32,136,32,136,4.25,1.1268943743823394,9.373105625617661,31,0,0.9687499999999201,0.10335421776878591,9.47574805349919,0.95,80,1.010950738419185,0.10223467261164479,False,0.24749689245444192,0.13195736497515684,0.11999003714113152,1.0,0.96875,0.99999999999973,0.9999999999999175,1.0,evaluated
dim_diffuse_6c_136f_continuous,continuous_dimensional_gaussian_examples,dimensional_gaussian_continuous,N353,123,136,123,136,1.1056910569105691,0.002654150995155454,4.208727962825982,122,0,0.991869918699062,0.23566976232720527,4.267441063860343,0.95,80,1.0139503198004123,0.23242732678815556,False,1.3038398930396438,0.3574388201846299,0.30264510683603674,0.5718299132844145,0.991869918699187,0.9999999999985946,0.9999999999998741,1.0,evaluated
dim_diffuse_6c_136f_continuous,continuous_dimensional_gaussian_examples,dimensional_gaussian_continuous,N354,125,136,125,136,1.088,0.0018552303351524228,4.174144769664849,124,0,0.991999999999873,0.23765347268478249,4.2126109882043,0.95,80,1.0092153532428967,0.2354834098798974,False,1.3352555765702319,0.36136231369212946,0.3056349352434364,0.5775742259492056,0.992,0.9999999999985665,0.999999999999872,1.0,evaluated
dim_diffuse_6c_136f_continuous,continuous_dimensional_gaussian_examples,dimensional_gaussian_continuous,N355,157,136,157,136,0.8662420382165605,0.004799545721495,3.7276845307116258,136,0,0.993630573248306,0.2665543623828648,3.7562112855440235,0.95,80,1.0076526740922875,0.26453000050139497,False,1.4162372649310893,0.40155749660817386,0.3409850947608273,0.5990659126378958,0.9936305732484076,0.999999999998469,0.9999999999998976,1.0,evaluated
dim_diffuse_6c_136f_continuous,continuous_dimensional_gaussian_examples,dimensional_gaussian_continuous,N356,159,136,159,136,0.8553459119496856,0.005647653368372456,3.705044170530998,136,0,0.9937106918237983,0.2682048164843827,3.8012842469834807,0.95,80,1.0259754194613797,0.2614144660748167,False,1.4085396906583592,0.403247751499557,0.3427088136970153,0.5984148110629284,0.9937106918238994,0.9999999999985002,0.9999999999998983,1.0,evaluated
dim_diffuse_6c_136f_continuous,continuous_dimensional_gaussian_examples,dimensional_gaussian_continuous,N357,160,136,160,136,0.85,0.006091108541422535,3.6939088914585776,136,0,0.9937499999998981,0.2690239605794678,3.7870304426547765,0.95,80,1.0252094878169637,0.26240876989181566,False,1.404793635722319,0.40408543652981527,0.3435635200821962,0.5980934239647868,0.99375,0.9999999999985042,0.9999999999998974,1.0,evaluated
dim_diffuse_6c_136f_continuous,continuous_dimensional_gaussian_examples,dimensional_gaussian_continuous,N358,180,136,180,136,0.7555555555555555,0.017101580834849223,3.4940095302762626,136,0,0.9944444444443628,0.2846141190592959,3.5607566586860355,0.95,80,1.0191033046222102,0.2792789678616582,False,1.3419790835191552,0.41989419620618007,0.3597389418923415,0.5922334113571964,0.9944444444444445,0.9999999999985375,0.9999999999999178,1.0,evaluated
