Test_Case,True_Clusters,Found_Clusters,ARI,NMI,Purity,Samples,Features,Noise
Simple_3_Clusters,3,3,0.011851851851851851,0.08128900261661753,0.08128900261661753,30,30,1.0
Moderate_4_Clusters,4,4,-0.025555555555555557,0.05633692737199543,0.05633692737199543,40,40,1.5
Complex_5_Clusters,5,5,0.014555555555555556,0.14551572916301336,0.14551572916301336,50,50,2.0
