schema_version,run_id,mode,source_family,feature_representation,case_id,replicate,tree_seed,data_seed,edge_alpha,sibling_alpha,n_samples,n_features,true_null,status,failure_reason,found_clusters,false_split,max_depth_opened,n_edge_tested,n_edge_rejected,n_sibling_tested,n_sibling_rejected,n_calibration_support_failures
selected_edge_type1_geometry/v1,selected_edge_type1_geometry__binary__fixed_tree-selected_tree__20260604T155732Z,fixed_tree,binary_template,binary,binary_2clusters,0,20260621,20260704,0.0001,0.01,50,60,True,ok,,1,False,0,2,0,0,0,0
selected_edge_type1_geometry/v1,selected_edge_type1_geometry__binary__fixed_tree-selected_tree__20260604T155732Z,selected_tree,binary_template,binary,binary_2clusters,0,20260621,20260704,0.0001,0.01,50,60,True,decomposition_error,"Cannot fit sibling inflation model: no strict-null or stopped-edge empirical-null calibration records with positive weight. Found 49 selected non-null positive-weight record(s), which are not valid empirical-null calibration support.",0,False,8,98,98,0,0,1
selected_edge_type1_geometry/v1,selected_edge_type1_geometry__binary__fixed_tree-selected_tree__20260604T155732Z,fixed_tree,binary_template,binary,binary_2clusters,0,20260621,20261604,0.001,0.01,50,60,True,ok,,1,False,0,2,0,0,0,0
selected_edge_type1_geometry/v1,selected_edge_type1_geometry__binary__fixed_tree-selected_tree__20260604T155732Z,selected_tree,binary_template,binary,binary_2clusters,0,20260621,20261604,0.001,0.01,50,60,True,decomposition_error,"Cannot fit sibling inflation model: no strict-null or stopped-edge empirical-null calibration records with positive weight. Found 49 selected non-null positive-weight record(s), which are not valid empirical-null calibration support.",0,False,9,98,98,0,0,1
selected_edge_type1_geometry/v1,selected_edge_type1_geometry__binary__fixed_tree-selected_tree__20260604T155732Z,fixed_tree,binary_template,binary,binary_2clusters,4,20264289,20264740,0.0001,0.01,50,60,True,ok,,1,False,0,2,0,0,0,0
selected_edge_type1_geometry/v1,selected_edge_type1_geometry__binary__fixed_tree-selected_tree__20260604T155732Z,selected_tree,binary_template,binary,binary_2clusters,4,20264289,20264740,0.0001,0.01,50,60,True,decomposition_error,"Cannot fit sibling inflation model: no strict-null or stopped-edge empirical-null calibration records with positive weight. Found 49 selected non-null positive-weight record(s), which are not valid empirical-null calibration support.",0,False,7,98,98,0,0,1
selected_edge_type1_geometry/v1,selected_edge_type1_geometry__binary__fixed_tree-selected_tree__20260604T155732Z,fixed_tree,binary_template,binary,binary_2clusters,4,20264289,20265640,0.001,0.01,50,60,True,ok,,1,False,0,2,0,0,0,0
selected_edge_type1_geometry/v1,selected_edge_type1_geometry__binary__fixed_tree-selected_tree__20260604T155732Z,selected_tree,binary_template,binary,binary_2clusters,4,20264289,20265640,0.001,0.01,50,60,True,decomposition_error,"Cannot fit sibling inflation model: no strict-null or stopped-edge empirical-null calibration records with positive weight. Found 49 selected non-null positive-weight record(s), which are not valid empirical-null calibration support.",0,False,8,98,98,0,0,1
selected_edge_type1_geometry/v1,selected_edge_type1_geometry__binary__fixed_tree-selected_tree__20260604T155732Z,fixed_tree,binary_template,binary,binary_2clusters,8,20267957,20268776,0.0001,0.01,50,60,True,ok,,1,False,0,2,0,0,0,0
selected_edge_type1_geometry/v1,selected_edge_type1_geometry__binary__fixed_tree-selected_tree__20260604T155732Z,selected_tree,binary_template,binary,binary_2clusters,8,20267957,20268776,0.0001,0.01,50,60,True,decomposition_error,"Cannot fit sibling inflation model: no strict-null or stopped-edge empirical-null calibration records with positive weight. Found 49 selected non-null positive-weight record(s), which are not valid empirical-null calibration support.",0,False,8,98,98,0,0,1
selected_edge_type1_geometry/v1,selected_edge_type1_geometry__binary__fixed_tree-selected_tree__20260604T155732Z,fixed_tree,binary_template,binary,binary_2clusters,8,20267957,20269676,0.001,0.01,50,60,True,ok,,1,False,0,2,0,0,0,0
selected_edge_type1_geometry/v1,selected_edge_type1_geometry__binary__fixed_tree-selected_tree__20260604T155732Z,selected_tree,binary_template,binary,binary_2clusters,8,20267957,20269676,0.001,0.01,50,60,True,decomposition_error,"Cannot fit sibling inflation model: no strict-null or stopped-edge empirical-null calibration records with positive weight. Found 49 selected non-null positive-weight record(s), which are not valid empirical-null calibration support.",0,False,9,98,98,0,0,1
selected_edge_type1_geometry/v1,selected_edge_type1_geometry__binary__fixed_tree-selected_tree__20260604T155732Z,fixed_tree,binary_template,binary,binary_2clusters,12,20271625,20272812,0.0001,0.01,50,60,True,ok,,1,False,0,2,0,0,0,0
selected_edge_type1_geometry/v1,selected_edge_type1_geometry__binary__fixed_tree-selected_tree__20260604T155732Z,selected_tree,binary_template,binary,binary_2clusters,12,20271625,20272812,0.0001,0.01,50,60,True,decomposition_error,"Cannot fit sibling inflation model: no strict-null or stopped-edge empirical-null calibration records with positive weight. Found 49 selected non-null positive-weight record(s), which are not valid empirical-null calibration support.",0,False,8,98,98,0,0,1
selected_edge_type1_geometry/v1,selected_edge_type1_geometry__binary__fixed_tree-selected_tree__20260604T155732Z,fixed_tree,binary_template,binary,binary_2clusters,12,20271625,20273712,0.001,0.01,50,60,True,ok,,1,False,0,2,0,0,0,0
selected_edge_type1_geometry/v1,selected_edge_type1_geometry__binary__fixed_tree-selected_tree__20260604T155732Z,selected_tree,binary_template,binary,binary_2clusters,12,20271625,20273712,0.001,0.01,50,60,True,decomposition_error,"Cannot fit sibling inflation model: no strict-null or stopped-edge empirical-null calibration records with positive weight. Found 49 selected non-null positive-weight record(s), which are not valid empirical-null calibration support.",0,False,8,98,98,0,0,1
selected_edge_type1_geometry/v1,selected_edge_type1_geometry__binary__fixed_tree-selected_tree__20260604T155732Z,fixed_tree,binary_template,binary,binary_2clusters,16,20275293,20276848,0.0001,0.01,50,60,True,ok,,1,False,1,6,2,1,0,0
selected_edge_type1_geometry/v1,selected_edge_type1_geometry__binary__fixed_tree-selected_tree__20260604T155732Z,selected_tree,binary_template,binary,binary_2clusters,16,20275293,20276848,0.0001,0.01,50,60,True,decomposition_error,"Cannot fit sibling inflation model: no strict-null or stopped-edge empirical-null calibration records with positive weight. Found 49 selected non-null positive-weight record(s), which are not valid empirical-null calibration support.",0,False,9,98,98,0,0,1
selected_edge_type1_geometry/v1,selected_edge_type1_geometry__binary__fixed_tree-selected_tree__20260604T155732Z,fixed_tree,binary_template,binary,binary_2clusters,16,20275293,20277748,0.001,0.01,50,60,True,ok,,1,False,0,2,0,0,0,0
selected_edge_type1_geometry/v1,selected_edge_type1_geometry__binary__fixed_tree-selected_tree__20260604T155732Z,selected_tree,binary_template,binary,binary_2clusters,16,20275293,20277748,0.001,0.01,50,60,True,decomposition_error,"Cannot fit sibling inflation model: no strict-null or stopped-edge empirical-null calibration records with positive weight. Found 49 selected non-null positive-weight record(s), which are not valid empirical-null calibration support.",0,False,7,98,98,0,0,1
selected_edge_type1_geometry/v1,selected_edge_type1_geometry__binary__fixed_tree-selected_tree__20260604T155732Z,fixed_tree,binary_template,binary,binary_2clusters,20,20278961,20280884,0.0001,0.01,50,60,True,ok,,1,False,0,2,0,0,0,0
selected_edge_type1_geometry/v1,selected_edge_type1_geometry__binary__fixed_tree-selected_tree__20260604T155732Z,selected_tree,binary_template,binary,binary_2clusters,20,20278961,20280884,0.0001,0.01,50,60,True,decomposition_error,"Cannot fit sibling inflation model: no strict-null or stopped-edge empirical-null calibration records with positive weight. Found 49 selected non-null positive-weight record(s), which are not valid empirical-null calibration support.",0,False,8,98,98,0,0,1
selected_edge_type1_geometry/v1,selected_edge_type1_geometry__binary__fixed_tree-selected_tree__20260604T155732Z,fixed_tree,binary_template,binary,binary_2clusters,20,20278961,20281784,0.001,0.01,50,60,True,ok,,1,False,0,2,0,0,0,0
selected_edge_type1_geometry/v1,selected_edge_type1_geometry__binary__fixed_tree-selected_tree__20260604T155732Z,selected_tree,binary_template,binary,binary_2clusters,20,20278961,20281784,0.001,0.01,50,60,True,ok,,1,False,8,58,56,28,0,0
selected_edge_type1_geometry/v1,selected_edge_type1_geometry__binary__fixed_tree-selected_tree__20260604T155732Z,fixed_tree,binary_template,binary,binary_2clusters,24,20282629,20284920,0.0001,0.01,50,60,True,ok,,1,False,3,8,6,3,0,0
selected_edge_type1_geometry/v1,selected_edge_type1_geometry__binary__fixed_tree-selected_tree__20260604T155732Z,selected_tree,binary_template,binary,binary_2clusters,24,20282629,20284920,0.0001,0.01,50,60,True,decomposition_error,"Cannot fit sibling inflation model: no strict-null or stopped-edge empirical-null calibration records with positive weight. Found 49 selected non-null positive-weight record(s), which are not valid empirical-null calibration support.",0,False,9,98,98,0,0,1
selected_edge_type1_geometry/v1,selected_edge_type1_geometry__binary__fixed_tree-selected_tree__20260604T155732Z,fixed_tree,binary_template,binary,binary_2clusters,24,20282629,20285820,0.001,0.01,50,60,True,ok,,1,False,0,2,0,0,0,0
selected_edge_type1_geometry/v1,selected_edge_type1_geometry__binary__fixed_tree-selected_tree__20260604T155732Z,selected_tree,binary_template,binary,binary_2clusters,24,20282629,20285820,0.001,0.01,50,60,True,decomposition_error,"Cannot fit sibling inflation model: no strict-null or stopped-edge empirical-null calibration records with positive weight. Found 49 selected non-null positive-weight record(s), which are not valid empirical-null calibration support.",0,False,9,98,98,0,0,1
selected_edge_type1_geometry/v1,selected_edge_type1_geometry__binary__fixed_tree-selected_tree__20260604T155732Z,fixed_tree,binary_template,binary,binary_2clusters,28,20286297,20288956,0.0001,0.01,50,60,True,ok,,1,False,0,2,0,0,0,0
selected_edge_type1_geometry/v1,selected_edge_type1_geometry__binary__fixed_tree-selected_tree__20260604T155732Z,selected_tree,binary_template,binary,binary_2clusters,28,20286297,20288956,0.0001,0.01,50,60,True,decomposition_error,"Cannot fit sibling inflation model: no strict-null or stopped-edge empirical-null calibration records with positive weight. Found 49 selected non-null positive-weight record(s), which are not valid empirical-null calibration support.",0,False,8,98,98,0,0,1
selected_edge_type1_geometry/v1,selected_edge_type1_geometry__binary__fixed_tree-selected_tree__20260604T155732Z,fixed_tree,binary_template,binary,binary_2clusters,28,20286297,20289856,0.001,0.01,50,60,True,ok,,1,False,0,2,0,0,0,0
selected_edge_type1_geometry/v1,selected_edge_type1_geometry__binary__fixed_tree-selected_tree__20260604T155732Z,selected_tree,binary_template,binary,binary_2clusters,28,20286297,20289856,0.001,0.01,50,60,True,decomposition_error,"Cannot fit sibling inflation model: no strict-null or stopped-edge empirical-null calibration records with positive weight. Found 49 selected non-null positive-weight record(s), which are not valid empirical-null calibration support.",0,False,10,98,98,0,0,1
selected_edge_type1_geometry/v1,selected_edge_type1_geometry__binary__fixed_tree-selected_tree__20260604T155732Z,fixed_tree,binary_template,binary,binary_2clusters,32,20289965,20292992,0.0001,0.01,50,60,True,ok,,1,False,0,2,0,0,0,0
selected_edge_type1_geometry/v1,selected_edge_type1_geometry__binary__fixed_tree-selected_tree__20260604T155732Z,selected_tree,binary_template,binary,binary_2clusters,32,20289965,20292992,0.0001,0.01,50,60,True,decomposition_error,"Cannot fit sibling inflation model: no strict-null or stopped-edge empirical-null calibration records with positive weight. Found 49 selected non-null positive-weight record(s), which are not valid empirical-null calibration support.",0,False,9,98,98,0,0,1
selected_edge_type1_geometry/v1,selected_edge_type1_geometry__binary__fixed_tree-selected_tree__20260604T155732Z,fixed_tree,binary_template,binary,binary_2clusters,32,20289965,20293892,0.001,0.01,50,60,True,ok,,1,False,0,2,0,0,0,0
selected_edge_type1_geometry/v1,selected_edge_type1_geometry__binary__fixed_tree-selected_tree__20260604T155732Z,selected_tree,binary_template,binary,binary_2clusters,32,20289965,20293892,0.001,0.01,50,60,True,ok,,1,False,7,38,36,18,0,0
selected_edge_type1_geometry/v1,selected_edge_type1_geometry__binary__fixed_tree-selected_tree__20260604T155732Z,fixed_tree,binary_template,binary,binary_2clusters,36,20293633,20297028,0.0001,0.01,50,60,True,ok,,1,False,0,2,0,0,0,0
selected_edge_type1_geometry/v1,selected_edge_type1_geometry__binary__fixed_tree-selected_tree__20260604T155732Z,selected_tree,binary_template,binary,binary_2clusters,36,20293633,20297028,0.0001,0.01,50,60,True,decomposition_error,"Cannot fit sibling inflation model: no strict-null or stopped-edge empirical-null calibration records with positive weight. Found 49 selected non-null positive-weight record(s), which are not valid empirical-null calibration support.",0,False,8,98,98,0,0,1
selected_edge_type1_geometry/v1,selected_edge_type1_geometry__binary__fixed_tree-selected_tree__20260604T155732Z,fixed_tree,binary_template,binary,binary_2clusters,36,20293633,20297928,0.001,0.01,50,60,True,ok,,1,False,0,2,0,0,0,0
selected_edge_type1_geometry/v1,selected_edge_type1_geometry__binary__fixed_tree-selected_tree__20260604T155732Z,selected_tree,binary_template,binary,binary_2clusters,36,20293633,20297928,0.001,0.01,50,60,True,decomposition_error,"Cannot fit sibling inflation model: no strict-null or stopped-edge empirical-null calibration records with positive weight. Found 49 selected non-null positive-weight record(s), which are not valid empirical-null calibration support.",0,False,8,98,98,0,0,1
selected_edge_type1_geometry/v1,selected_edge_type1_geometry__binary__fixed_tree-selected_tree__20260604T155732Z,fixed_tree,binary_template,binary,binary_low_noise_4c,0,20260621,20260704,0.0001,0.01,80,100,True,ok,,1,False,0,2,0,0,0,0
selected_edge_type1_geometry/v1,selected_edge_type1_geometry__binary__fixed_tree-selected_tree__20260604T155732Z,selected_tree,binary_template,binary,binary_low_noise_4c,0,20260621,20260704,0.0001,0.01,80,100,True,decomposition_error,"Cannot fit sibling inflation model: no strict-null or stopped-edge empirical-null calibration records with positive weight. Found 79 selected non-null positive-weight record(s), which are not valid empirical-null calibration support.",0,False,9,158,158,0,0,1
selected_edge_type1_geometry/v1,selected_edge_type1_geometry__binary__fixed_tree-selected_tree__20260604T155732Z,fixed_tree,binary_template,binary,binary_low_noise_4c,0,20260621,20261604,0.001,0.01,80,100,True,ok,,1,False,0,2,0,0,0,0
selected_edge_type1_geometry/v1,selected_edge_type1_geometry__binary__fixed_tree-selected_tree__20260604T155732Z,selected_tree,binary_template,binary,binary_low_noise_4c,0,20260621,20261604,0.001,0.01,80,100,True,decomposition_error,"Cannot fit sibling inflation model: no strict-null or stopped-edge empirical-null calibration records with positive weight. Found 79 selected non-null positive-weight record(s), which are not valid empirical-null calibration support.",0,False,10,158,158,0,0,1
selected_edge_type1_geometry/v1,selected_edge_type1_geometry__binary__fixed_tree-selected_tree__20260604T155732Z,fixed_tree,binary_template,binary,binary_low_noise_4c,4,20264289,20264740,0.0001,0.01,80,100,True,ok,,1,False,0,2,0,0,0,0
selected_edge_type1_geometry/v1,selected_edge_type1_geometry__binary__fixed_tree-selected_tree__20260604T155732Z,selected_tree,binary_template,binary,binary_low_noise_4c,4,20264289,20264740,0.0001,0.01,80,100,True,ok,,1,False,6,40,38,19,0,0
selected_edge_type1_geometry/v1,selected_edge_type1_geometry__binary__fixed_tree-selected_tree__20260604T155732Z,fixed_tree,binary_template,binary,binary_low_noise_4c,4,20264289,20265640,0.001,0.01,80,100,True,ok,,1,False,1,6,2,1,0,0
selected_edge_type1_geometry/v1,selected_edge_type1_geometry__binary__fixed_tree-selected_tree__20260604T155732Z,selected_tree,binary_template,binary,binary_low_noise_4c,4,20264289,20265640,0.001,0.01,80,100,True,decomposition_error,"Cannot fit sibling inflation model: no strict-null or stopped-edge empirical-null calibration records with positive weight. Found 79 selected non-null positive-weight record(s), which are not valid empirical-null calibration support.",0,False,9,158,158,0,0,1
selected_edge_type1_geometry/v1,selected_edge_type1_geometry__binary__fixed_tree-selected_tree__20260604T155732Z,fixed_tree,binary_template,binary,binary_low_noise_4c,8,20267957,20268776,0.0001,0.01,80,100,True,ok,,1,False,0,2,0,0,0,0
selected_edge_type1_geometry/v1,selected_edge_type1_geometry__binary__fixed_tree-selected_tree__20260604T155732Z,selected_tree,binary_template,binary,binary_low_noise_4c,8,20267957,20268776,0.0001,0.01,80,100,True,decomposition_error,"Cannot fit sibling inflation model: no strict-null or stopped-edge empirical-null calibration records with positive weight. Found 79 selected non-null positive-weight record(s), which are not valid empirical-null calibration support.",0,False,10,158,158,0,0,1
selected_edge_type1_geometry/v1,selected_edge_type1_geometry__binary__fixed_tree-selected_tree__20260604T155732Z,fixed_tree,binary_template,binary,binary_low_noise_4c,8,20267957,20269676,0.001,0.01,80,100,True,ok,,1,False,7,44,40,20,0,0
selected_edge_type1_geometry/v1,selected_edge_type1_geometry__binary__fixed_tree-selected_tree__20260604T155732Z,selected_tree,binary_template,binary,binary_low_noise_4c,8,20267957,20269676,0.001,0.01,80,100,True,decomposition_error,"Cannot fit sibling inflation model: no strict-null or stopped-edge empirical-null calibration records with positive weight. Found 79 selected non-null positive-weight record(s), which are not valid empirical-null calibration support.",0,False,10,158,158,0,0,1
selected_edge_type1_geometry/v1,selected_edge_type1_geometry__binary__fixed_tree-selected_tree__20260604T155732Z,fixed_tree,binary_template,binary,binary_low_noise_4c,12,20271625,20272812,0.0001,0.01,80,100,True,ok,,1,False,0,2,0,0,0,0
selected_edge_type1_geometry/v1,selected_edge_type1_geometry__binary__fixed_tree-selected_tree__20260604T155732Z,selected_tree,binary_template,binary,binary_low_noise_4c,12,20271625,20272812,0.0001,0.01,80,100,True,decomposition_error,"Cannot fit sibling inflation model: no strict-null or stopped-edge empirical-null calibration records with positive weight. Found 79 selected non-null positive-weight record(s), which are not valid empirical-null calibration support.",0,False,9,158,158,0,0,1
selected_edge_type1_geometry/v1,selected_edge_type1_geometry__binary__fixed_tree-selected_tree__20260604T155732Z,fixed_tree,binary_template,binary,binary_low_noise_4c,12,20271625,20273712,0.001,0.01,80,100,True,ok,,1,False,0,2,0,0,0,0
selected_edge_type1_geometry/v1,selected_edge_type1_geometry__binary__fixed_tree-selected_tree__20260604T155732Z,selected_tree,binary_template,binary,binary_low_noise_4c,12,20271625,20273712,0.001,0.01,80,100,True,decomposition_error,"Cannot fit sibling inflation model: no strict-null or stopped-edge empirical-null calibration records with positive weight. Found 79 selected non-null positive-weight record(s), which are not valid empirical-null calibration support.",0,False,8,158,158,0,0,1
selected_edge_type1_geometry/v1,selected_edge_type1_geometry__binary__fixed_tree-selected_tree__20260604T155732Z,fixed_tree,binary_template,binary,binary_low_noise_4c,16,20275293,20276848,0.0001,0.01,80,100,True,ok,,1,False,0,2,0,0,0,0
selected_edge_type1_geometry/v1,selected_edge_type1_geometry__binary__fixed_tree-selected_tree__20260604T155732Z,selected_tree,binary_template,binary,binary_low_noise_4c,16,20275293,20276848,0.0001,0.01,80,100,True,decomposition_error,"Cannot fit sibling inflation model: no strict-null or stopped-edge empirical-null calibration records with positive weight. Found 79 selected non-null positive-weight record(s), which are not valid empirical-null calibration support.",0,False,9,158,158,0,0,1
selected_edge_type1_geometry/v1,selected_edge_type1_geometry__binary__fixed_tree-selected_tree__20260604T155732Z,fixed_tree,binary_template,binary,binary_low_noise_4c,16,20275293,20277748,0.001,0.01,80,100,True,ok,,1,False,0,2,0,0,0,0
selected_edge_type1_geometry/v1,selected_edge_type1_geometry__binary__fixed_tree-selected_tree__20260604T155732Z,selected_tree,binary_template,binary,binary_low_noise_4c,16,20275293,20277748,0.001,0.01,80,100,True,ok,,1,False,0,2,0,0,0,0
selected_edge_type1_geometry/v1,selected_edge_type1_geometry__binary__fixed_tree-selected_tree__20260604T155732Z,fixed_tree,binary_template,binary,binary_low_noise_4c,20,20278961,20280884,0.0001,0.01,80,100,True,ok,,1,False,0,2,0,0,0,0
selected_edge_type1_geometry/v1,selected_edge_type1_geometry__binary__fixed_tree-selected_tree__20260604T155732Z,selected_tree,binary_template,binary,binary_low_noise_4c,20,20278961,20280884,0.0001,0.01,80,100,True,ok,,1,False,0,2,0,0,0,0
selected_edge_type1_geometry/v1,selected_edge_type1_geometry__binary__fixed_tree-selected_tree__20260604T155732Z,fixed_tree,binary_template,binary,binary_low_noise_4c,20,20278961,20281784,0.001,0.01,80,100,True,ok,,1,False,0,2,0,0,0,0
selected_edge_type1_geometry/v1,selected_edge_type1_geometry__binary__fixed_tree-selected_tree__20260604T155732Z,selected_tree,binary_template,binary,binary_low_noise_4c,20,20278961,20281784,0.001,0.01,80,100,True,ok,,1,False,0,2,0,0,0,0
selected_edge_type1_geometry/v1,selected_edge_type1_geometry__binary__fixed_tree-selected_tree__20260604T155732Z,fixed_tree,binary_template,binary,binary_low_noise_4c,24,20282629,20284920,0.0001,0.01,80,100,True,ok,,1,False,0,2,0,0,0,0
selected_edge_type1_geometry/v1,selected_edge_type1_geometry__binary__fixed_tree-selected_tree__20260604T155732Z,selected_tree,binary_template,binary,binary_low_noise_4c,24,20282629,20284920,0.0001,0.01,80,100,True,ok,,1,False,9,90,88,44,0,0
selected_edge_type1_geometry/v1,selected_edge_type1_geometry__binary__fixed_tree-selected_tree__20260604T155732Z,fixed_tree,binary_template,binary,binary_low_noise_4c,24,20282629,20285820,0.001,0.01,80,100,True,ok,,1,False,0,2,0,0,0,0
selected_edge_type1_geometry/v1,selected_edge_type1_geometry__binary__fixed_tree-selected_tree__20260604T155732Z,selected_tree,binary_template,binary,binary_low_noise_4c,24,20282629,20285820,0.001,0.01,80,100,True,decomposition_error,"Cannot fit sibling inflation model: no strict-null or stopped-edge empirical-null calibration records with positive weight. Found 79 selected non-null positive-weight record(s), which are not valid empirical-null calibration support.",0,False,9,158,158,0,0,1
selected_edge_type1_geometry/v1,selected_edge_type1_geometry__binary__fixed_tree-selected_tree__20260604T155732Z,fixed_tree,binary_template,binary,binary_low_noise_4c,28,20286297,20288956,0.0001,0.01,80,100,True,ok,,1,False,0,2,0,0,0,0
selected_edge_type1_geometry/v1,selected_edge_type1_geometry__binary__fixed_tree-selected_tree__20260604T155732Z,selected_tree,binary_template,binary,binary_low_noise_4c,28,20286297,20288956,0.0001,0.01,80,100,True,ok,,1,False,0,2,0,0,0,0
selected_edge_type1_geometry/v1,selected_edge_type1_geometry__binary__fixed_tree-selected_tree__20260604T155732Z,fixed_tree,binary_template,binary,binary_low_noise_4c,28,20286297,20289856,0.001,0.01,80,100,True,ok,,1,False,0,2,0,0,0,0
selected_edge_type1_geometry/v1,selected_edge_type1_geometry__binary__fixed_tree-selected_tree__20260604T155732Z,selected_tree,binary_template,binary,binary_low_noise_4c,28,20286297,20289856,0.001,0.01,80,100,True,decomposition_error,"Cannot fit sibling inflation model: no strict-null or stopped-edge empirical-null calibration records with positive weight. Found 79 selected non-null positive-weight record(s), which are not valid empirical-null calibration support.",0,False,10,158,158,0,0,1
selected_edge_type1_geometry/v1,selected_edge_type1_geometry__binary__fixed_tree-selected_tree__20260604T155732Z,fixed_tree,binary_template,binary,binary_low_noise_4c,32,20289965,20292992,0.0001,0.01,80,100,True,ok,,1,False,0,2,0,0,0,0
selected_edge_type1_geometry/v1,selected_edge_type1_geometry__binary__fixed_tree-selected_tree__20260604T155732Z,selected_tree,binary_template,binary,binary_low_noise_4c,32,20289965,20292992,0.0001,0.01,80,100,True,decomposition_error,"Cannot fit sibling inflation model: no strict-null or stopped-edge empirical-null calibration records with positive weight. Found 79 selected non-null positive-weight record(s), which are not valid empirical-null calibration support.",0,False,10,158,158,0,0,1
selected_edge_type1_geometry/v1,selected_edge_type1_geometry__binary__fixed_tree-selected_tree__20260604T155732Z,fixed_tree,binary_template,binary,binary_low_noise_4c,32,20289965,20293892,0.001,0.01,80,100,True,ok,,1,False,8,50,40,20,0,0
selected_edge_type1_geometry/v1,selected_edge_type1_geometry__binary__fixed_tree-selected_tree__20260604T155732Z,selected_tree,binary_template,binary,binary_low_noise_4c,32,20289965,20293892,0.001,0.01,80,100,True,decomposition_error,"Cannot fit sibling inflation model: no strict-null or stopped-edge empirical-null calibration records with positive weight. Found 79 selected non-null positive-weight record(s), which are not valid empirical-null calibration support.",0,False,9,158,158,0,0,1
selected_edge_type1_geometry/v1,selected_edge_type1_geometry__binary__fixed_tree-selected_tree__20260604T155732Z,fixed_tree,binary_template,binary,binary_low_noise_4c,36,20293633,20297028,0.0001,0.01,80,100,True,ok,,1,False,0,2,0,0,0,0
selected_edge_type1_geometry/v1,selected_edge_type1_geometry__binary__fixed_tree-selected_tree__20260604T155732Z,selected_tree,binary_template,binary,binary_low_noise_4c,36,20293633,20297028,0.0001,0.01,80,100,True,decomposition_error,"Cannot fit sibling inflation model: no strict-null or stopped-edge empirical-null calibration records with positive weight. Found 79 selected non-null positive-weight record(s), which are not valid empirical-null calibration support.",0,False,8,158,158,0,0,1
selected_edge_type1_geometry/v1,selected_edge_type1_geometry__binary__fixed_tree-selected_tree__20260604T155732Z,fixed_tree,binary_template,binary,binary_low_noise_4c,36,20293633,20297928,0.001,0.01,80,100,True,ok,,1,False,0,2,0,0,0,0
selected_edge_type1_geometry/v1,selected_edge_type1_geometry__binary__fixed_tree-selected_tree__20260604T155732Z,selected_tree,binary_template,binary,binary_low_noise_4c,36,20293633,20297928,0.001,0.01,80,100,True,ok,,1,False,7,102,100,50,0,0
selected_edge_type1_geometry/v1,selected_edge_type1_geometry__binary__fixed_tree-selected_tree__20260604T155728Z,fixed_tree,binary_template,binary,binary_2clusters,1,20261538,20261713,0.0001,0.01,50,60,True,ok,,1,False,0,2,0,0,0,0
selected_edge_type1_geometry/v1,selected_edge_type1_geometry__binary__fixed_tree-selected_tree__20260604T155728Z,selected_tree,binary_template,binary,binary_2clusters,1,20261538,20261713,0.0001,0.01,50,60,True,decomposition_error,"Cannot fit sibling inflation model: no strict-null or stopped-edge empirical-null calibration records with positive weight. Found 49 selected non-null positive-weight record(s), which are not valid empirical-null calibration support.",0,False,7,98,98,0,0,1
selected_edge_type1_geometry/v1,selected_edge_type1_geometry__binary__fixed_tree-selected_tree__20260604T155728Z,fixed_tree,binary_template,binary,binary_2clusters,1,20261538,20262613,0.001,0.01,50,60,True,ok,,1,False,0,2,0,0,0,0
selected_edge_type1_geometry/v1,selected_edge_type1_geometry__binary__fixed_tree-selected_tree__20260604T155728Z,selected_tree,binary_template,binary,binary_2clusters,1,20261538,20262613,0.001,0.01,50,60,True,decomposition_error,"Cannot fit sibling inflation model: no strict-null or stopped-edge empirical-null calibration records with positive weight. Found 49 selected non-null positive-weight record(s), which are not valid empirical-null calibration support.",0,False,7,98,98,0,0,1
selected_edge_type1_geometry/v1,selected_edge_type1_geometry__binary__fixed_tree-selected_tree__20260604T155728Z,fixed_tree,binary_template,binary,binary_2clusters,5,20265206,20265749,0.0001,0.01,50,60,True,ok,,1,False,0,2,0,0,0,0
selected_edge_type1_geometry/v1,selected_edge_type1_geometry__binary__fixed_tree-selected_tree__20260604T155728Z,selected_tree,binary_template,binary,binary_2clusters,5,20265206,20265749,0.0001,0.01,50,60,True,decomposition_error,"Cannot fit sibling inflation model: no strict-null or stopped-edge empirical-null calibration records with positive weight. Found 49 selected non-null positive-weight record(s), which are not valid empirical-null calibration support.",0,False,8,98,98,0,0,1
selected_edge_type1_geometry/v1,selected_edge_type1_geometry__binary__fixed_tree-selected_tree__20260604T155728Z,fixed_tree,binary_template,binary,binary_2clusters,5,20265206,20266649,0.001,0.01,50,60,True,ok,,1,False,0,2,0,0,0,0
selected_edge_type1_geometry/v1,selected_edge_type1_geometry__binary__fixed_tree-selected_tree__20260604T155728Z,selected_tree,binary_template,binary,binary_2clusters,5,20265206,20266649,0.001,0.01,50,60,True,decomposition_error,"Cannot fit sibling inflation model: no strict-null or stopped-edge empirical-null calibration records with positive weight. Found 49 selected non-null positive-weight record(s), which are not valid empirical-null calibration support.",0,False,9,98,98,0,0,1
selected_edge_type1_geometry/v1,selected_edge_type1_geometry__binary__fixed_tree-selected_tree__20260604T155728Z,fixed_tree,binary_template,binary,binary_2clusters,9,20268874,20269785,0.0001,0.01,50,60,True,ok,,1,False,0,2,0,0,0,0
selected_edge_type1_geometry/v1,selected_edge_type1_geometry__binary__fixed_tree-selected_tree__20260604T155728Z,selected_tree,binary_template,binary,binary_2clusters,9,20268874,20269785,0.0001,0.01,50,60,True,decomposition_error,"Cannot fit sibling inflation model: no strict-null or stopped-edge empirical-null calibration records with positive weight. Found 49 selected non-null positive-weight record(s), which are not valid empirical-null calibration support.",0,False,9,98,98,0,0,1
selected_edge_type1_geometry/v1,selected_edge_type1_geometry__binary__fixed_tree-selected_tree__20260604T155728Z,fixed_tree,binary_template,binary,binary_2clusters,9,20268874,20270685,0.001,0.01,50,60,True,ok,,1,False,0,2,0,0,0,0
selected_edge_type1_geometry/v1,selected_edge_type1_geometry__binary__fixed_tree-selected_tree__20260604T155728Z,selected_tree,binary_template,binary,binary_2clusters,9,20268874,20270685,0.001,0.01,50,60,True,decomposition_error,"Cannot fit sibling inflation model: no strict-null or stopped-edge empirical-null calibration records with positive weight. Found 49 selected non-null positive-weight record(s), which are not valid empirical-null calibration support.",0,False,8,98,98,0,0,1
selected_edge_type1_geometry/v1,selected_edge_type1_geometry__binary__fixed_tree-selected_tree__20260604T155728Z,fixed_tree,binary_template,binary,binary_2clusters,13,20272542,20273821,0.0001,0.01,50,60,True,ok,,1,False,1,6,2,1,0,0
selected_edge_type1_geometry/v1,selected_edge_type1_geometry__binary__fixed_tree-selected_tree__20260604T155728Z,selected_tree,binary_template,binary,binary_2clusters,13,20272542,20273821,0.0001,0.01,50,60,True,ok,,1,False,0,2,0,0,0,0
selected_edge_type1_geometry/v1,selected_edge_type1_geometry__binary__fixed_tree-selected_tree__20260604T155728Z,fixed_tree,binary_template,binary,binary_2clusters,13,20272542,20274721,0.001,0.01,50,60,True,ok,,1,False,0,2,0,0,0,0
selected_edge_type1_geometry/v1,selected_edge_type1_geometry__binary__fixed_tree-selected_tree__20260604T155728Z,selected_tree,binary_template,binary,binary_2clusters,13,20272542,20274721,0.001,0.01,50,60,True,ok,,1,False,9,78,76,38,0,0
selected_edge_type1_geometry/v1,selected_edge_type1_geometry__binary__fixed_tree-selected_tree__20260604T155728Z,fixed_tree,binary_template,binary,binary_2clusters,17,20276210,20277857,0.0001,0.01,50,60,True,ok,,1,False,0,2,0,0,0,0
selected_edge_type1_geometry/v1,selected_edge_type1_geometry__binary__fixed_tree-selected_tree__20260604T155728Z,selected_tree,binary_template,binary,binary_2clusters,17,20276210,20277857,0.0001,0.01,50,60,True,decomposition_error,"Cannot fit sibling inflation model: no strict-null or stopped-edge empirical-null calibration records with positive weight. Found 49 selected non-null positive-weight record(s), which are not valid empirical-null calibration support.",0,False,11,98,98,0,0,1
selected_edge_type1_geometry/v1,selected_edge_type1_geometry__binary__fixed_tree-selected_tree__20260604T155728Z,fixed_tree,binary_template,binary,binary_2clusters,17,20276210,20278757,0.001,0.01,50,60,True,ok,,1,False,0,2,0,0,0,0
selected_edge_type1_geometry/v1,selected_edge_type1_geometry__binary__fixed_tree-selected_tree__20260604T155728Z,selected_tree,binary_template,binary,binary_2clusters,17,20276210,20278757,0.001,0.01,50,60,True,decomposition_error,"Cannot fit sibling inflation model: no strict-null or stopped-edge empirical-null calibration records with positive weight. Found 49 selected non-null positive-weight record(s), which are not valid empirical-null calibration support.",0,False,8,98,98,0,0,1
selected_edge_type1_geometry/v1,selected_edge_type1_geometry__binary__fixed_tree-selected_tree__20260604T155728Z,fixed_tree,binary_template,binary,binary_2clusters,21,20279878,20281893,0.0001,0.01,50,60,True,ok,,1,False,0,2,0,0,0,0
selected_edge_type1_geometry/v1,selected_edge_type1_geometry__binary__fixed_tree-selected_tree__20260604T155728Z,selected_tree,binary_template,binary,binary_2clusters,21,20279878,20281893,0.0001,0.01,50,60,True,decomposition_error,"Cannot fit sibling inflation model: no strict-null or stopped-edge empirical-null calibration records with positive weight. Found 49 selected non-null positive-weight record(s), which are not valid empirical-null calibration support.",0,False,9,98,98,0,0,1
selected_edge_type1_geometry/v1,selected_edge_type1_geometry__binary__fixed_tree-selected_tree__20260604T155728Z,fixed_tree,binary_template,binary,binary_2clusters,21,20279878,20282793,0.001,0.01,50,60,True,ok,,1,False,0,2,0,0,0,0
selected_edge_type1_geometry/v1,selected_edge_type1_geometry__binary__fixed_tree-selected_tree__20260604T155728Z,selected_tree,binary_template,binary,binary_2clusters,21,20279878,20282793,0.001,0.01,50,60,True,decomposition_error,"Cannot fit sibling inflation model: no strict-null or stopped-edge empirical-null calibration records with positive weight. Found 49 selected non-null positive-weight record(s), which are not valid empirical-null calibration support.",0,False,9,98,98,0,0,1
selected_edge_type1_geometry/v1,selected_edge_type1_geometry__binary__fixed_tree-selected_tree__20260604T155728Z,fixed_tree,binary_template,binary,binary_2clusters,25,20283546,20285929,0.0001,0.01,50,60,True,ok,,1,False,0,2,0,0,0,0
selected_edge_type1_geometry/v1,selected_edge_type1_geometry__binary__fixed_tree-selected_tree__20260604T155728Z,selected_tree,binary_template,binary,binary_2clusters,25,20283546,20285929,0.0001,0.01,50,60,True,ok,,1,False,0,2,0,0,0,0
selected_edge_type1_geometry/v1,selected_edge_type1_geometry__binary__fixed_tree-selected_tree__20260604T155728Z,fixed_tree,binary_template,binary,binary_2clusters,25,20283546,20286829,0.001,0.01,50,60,True,ok,,1,False,0,2,0,0,0,0
selected_edge_type1_geometry/v1,selected_edge_type1_geometry__binary__fixed_tree-selected_tree__20260604T155728Z,selected_tree,binary_template,binary,binary_2clusters,25,20283546,20286829,0.001,0.01,50,60,True,decomposition_error,"Cannot fit sibling inflation model: no strict-null or stopped-edge empirical-null calibration records with positive weight. Found 49 selected non-null positive-weight record(s), which are not valid empirical-null calibration support.",0,False,8,98,98,0,0,1
selected_edge_type1_geometry/v1,selected_edge_type1_geometry__binary__fixed_tree-selected_tree__20260604T155728Z,fixed_tree,binary_template,binary,binary_2clusters,29,20287214,20289965,0.0001,0.01,50,60,True,ok,,1,False,0,2,0,0,0,0
selected_edge_type1_geometry/v1,selected_edge_type1_geometry__binary__fixed_tree-selected_tree__20260604T155728Z,selected_tree,binary_template,binary,binary_2clusters,29,20287214,20289965,0.0001,0.01,50,60,True,decomposition_error,"Cannot fit sibling inflation model: no strict-null or stopped-edge empirical-null calibration records with positive weight. Found 49 selected non-null positive-weight record(s), which are not valid empirical-null calibration support.",0,False,8,98,98,0,0,1
selected_edge_type1_geometry/v1,selected_edge_type1_geometry__binary__fixed_tree-selected_tree__20260604T155728Z,fixed_tree,binary_template,binary,binary_2clusters,29,20287214,20290865,0.001,0.01,50,60,True,ok,,1,False,1,6,2,1,0,0
selected_edge_type1_geometry/v1,selected_edge_type1_geometry__binary__fixed_tree-selected_tree__20260604T155728Z,selected_tree,binary_template,binary,binary_2clusters,29,20287214,20290865,0.001,0.01,50,60,True,decomposition_error,"Cannot fit sibling inflation model: no strict-null or stopped-edge empirical-null calibration records with positive weight. Found 49 selected non-null positive-weight record(s), which are not valid empirical-null calibration support.",0,False,8,98,98,0,0,1
selected_edge_type1_geometry/v1,selected_edge_type1_geometry__binary__fixed_tree-selected_tree__20260604T155728Z,fixed_tree,binary_template,binary,binary_2clusters,33,20290882,20294001,0.0001,0.01,50,60,True,ok,,1,False,0,2,0,0,0,0
selected_edge_type1_geometry/v1,selected_edge_type1_geometry__binary__fixed_tree-selected_tree__20260604T155728Z,selected_tree,binary_template,binary,binary_2clusters,33,20290882,20294001,0.0001,0.01,50,60,True,decomposition_error,"Cannot fit sibling inflation model: no strict-null or stopped-edge empirical-null calibration records with positive weight. Found 49 selected non-null positive-weight record(s), which are not valid empirical-null calibration support.",0,False,9,98,98,0,0,1
selected_edge_type1_geometry/v1,selected_edge_type1_geometry__binary__fixed_tree-selected_tree__20260604T155728Z,fixed_tree,binary_template,binary,binary_2clusters,33,20290882,20294901,0.001,0.01,50,60,True,ok,,1,False,1,6,2,1,0,0
selected_edge_type1_geometry/v1,selected_edge_type1_geometry__binary__fixed_tree-selected_tree__20260604T155728Z,selected_tree,binary_template,binary,binary_2clusters,33,20290882,20294901,0.001,0.01,50,60,True,decomposition_error,"Cannot fit sibling inflation model: no strict-null or stopped-edge empirical-null calibration records with positive weight. Found 49 selected non-null positive-weight record(s), which are not valid empirical-null calibration support.",0,False,8,98,98,0,0,1
selected_edge_type1_geometry/v1,selected_edge_type1_geometry__binary__fixed_tree-selected_tree__20260604T155728Z,fixed_tree,binary_template,binary,binary_2clusters,37,20294550,20298037,0.0001,0.01,50,60,True,ok,,1,False,5,32,24,12,0,0
selected_edge_type1_geometry/v1,selected_edge_type1_geometry__binary__fixed_tree-selected_tree__20260604T155728Z,selected_tree,binary_template,binary,binary_2clusters,37,20294550,20298037,0.0001,0.01,50,60,True,decomposition_error,"Cannot fit sibling inflation model: no strict-null or stopped-edge empirical-null calibration records with positive weight. Found 49 selected non-null positive-weight record(s), which are not valid empirical-null calibration support.",0,False,8,98,98,0,0,1
selected_edge_type1_geometry/v1,selected_edge_type1_geometry__binary__fixed_tree-selected_tree__20260604T155728Z,fixed_tree,binary_template,binary,binary_2clusters,37,20294550,20298937,0.001,0.01,50,60,True,ok,,1,False,0,2,0,0,0,0
selected_edge_type1_geometry/v1,selected_edge_type1_geometry__binary__fixed_tree-selected_tree__20260604T155728Z,selected_tree,binary_template,binary,binary_2clusters,37,20294550,20298937,0.001,0.01,50,60,True,ok,,1,False,8,48,46,23,0,0
selected_edge_type1_geometry/v1,selected_edge_type1_geometry__binary__fixed_tree-selected_tree__20260604T155728Z,fixed_tree,binary_template,binary,binary_low_noise_4c,1,20261538,20261713,0.0001,0.01,80,100,True,ok,,1,False,0,2,0,0,0,0
selected_edge_type1_geometry/v1,selected_edge_type1_geometry__binary__fixed_tree-selected_tree__20260604T155728Z,selected_tree,binary_template,binary,binary_low_noise_4c,1,20261538,20261713,0.0001,0.01,80,100,True,decomposition_error,"Cannot fit sibling inflation model: no strict-null or stopped-edge empirical-null calibration records with positive weight. Found 79 selected non-null positive-weight record(s), which are not valid empirical-null calibration support.",0,False,8,158,158,0,0,1
selected_edge_type1_geometry/v1,selected_edge_type1_geometry__binary__fixed_tree-selected_tree__20260604T155728Z,fixed_tree,binary_template,binary,binary_low_noise_4c,1,20261538,20262613,0.001,0.01,80,100,True,ok,,1,False,0,2,0,0,0,0
selected_edge_type1_geometry/v1,selected_edge_type1_geometry__binary__fixed_tree-selected_tree__20260604T155728Z,selected_tree,binary_template,binary,binary_low_noise_4c,1,20261538,20262613,0.001,0.01,80,100,True,decomposition_error,"Cannot fit sibling inflation model: no strict-null or stopped-edge empirical-null calibration records with positive weight. Found 79 selected non-null positive-weight record(s), which are not valid empirical-null calibration support.",0,False,10,158,158,0,0,1
selected_edge_type1_geometry/v1,selected_edge_type1_geometry__binary__fixed_tree-selected_tree__20260604T155728Z,fixed_tree,binary_template,binary,binary_low_noise_4c,5,20265206,20265749,0.0001,0.01,80,100,True,ok,,1,False,0,2,0,0,0,0
selected_edge_type1_geometry/v1,selected_edge_type1_geometry__binary__fixed_tree-selected_tree__20260604T155728Z,selected_tree,binary_template,binary,binary_low_noise_4c,5,20265206,20265749,0.0001,0.01,80,100,True,decomposition_error,"Cannot fit sibling inflation model: no strict-null or stopped-edge empirical-null calibration records with positive weight. Found 79 selected non-null positive-weight record(s), which are not valid empirical-null calibration support.",0,False,8,158,158,0,0,1
selected_edge_type1_geometry/v1,selected_edge_type1_geometry__binary__fixed_tree-selected_tree__20260604T155728Z,fixed_tree,binary_template,binary,binary_low_noise_4c,5,20265206,20266649,0.001,0.01,80,100,True,ok,,1,False,0,2,0,0,0,0
selected_edge_type1_geometry/v1,selected_edge_type1_geometry__binary__fixed_tree-selected_tree__20260604T155728Z,selected_tree,binary_template,binary,binary_low_noise_4c,5,20265206,20266649,0.001,0.01,80,100,True,decomposition_error,"Cannot fit sibling inflation model: no strict-null or stopped-edge empirical-null calibration records with positive weight. Found 79 selected non-null positive-weight record(s), which are not valid empirical-null calibration support.",0,False,12,158,158,0,0,1
selected_edge_type1_geometry/v1,selected_edge_type1_geometry__binary__fixed_tree-selected_tree__20260604T155728Z,fixed_tree,binary_template,binary,binary_low_noise_4c,9,20268874,20269785,0.0001,0.01,80,100,True,ok,,1,False,1,6,2,1,0,0
selected_edge_type1_geometry/v1,selected_edge_type1_geometry__binary__fixed_tree-selected_tree__20260604T155728Z,selected_tree,binary_template,binary,binary_low_noise_4c,9,20268874,20269785,0.0001,0.01,80,100,True,decomposition_error,"Cannot fit sibling inflation model: no strict-null or stopped-edge empirical-null calibration records with positive weight. Found 79 selected non-null positive-weight record(s), which are not valid empirical-null calibration support.",0,False,9,158,158,0,0,1
selected_edge_type1_geometry/v1,selected_edge_type1_geometry__binary__fixed_tree-selected_tree__20260604T155728Z,fixed_tree,binary_template,binary,binary_low_noise_4c,9,20268874,20270685,0.001,0.01,80,100,True,ok,,1,False,1,6,2,1,0,0
selected_edge_type1_geometry/v1,selected_edge_type1_geometry__binary__fixed_tree-selected_tree__20260604T155728Z,selected_tree,binary_template,binary,binary_low_noise_4c,9,20268874,20270685,0.001,0.01,80,100,True,decomposition_error,"Cannot fit sibling inflation model: no strict-null or stopped-edge empirical-null calibration records with positive weight. Found 79 selected non-null positive-weight record(s), which are not valid empirical-null calibration support.",0,False,10,158,158,0,0,1
selected_edge_type1_geometry/v1,selected_edge_type1_geometry__binary__fixed_tree-selected_tree__20260604T155728Z,fixed_tree,binary_template,binary,binary_low_noise_4c,13,20272542,20273821,0.0001,0.01,80,100,True,ok,,1,False,0,2,0,0,0,0
selected_edge_type1_geometry/v1,selected_edge_type1_geometry__binary__fixed_tree-selected_tree__20260604T155728Z,selected_tree,binary_template,binary,binary_low_noise_4c,13,20272542,20273821,0.0001,0.01,80,100,True,decomposition_error,"Cannot fit sibling inflation model: no strict-null or stopped-edge empirical-null calibration records with positive weight. Found 79 selected non-null positive-weight record(s), which are not valid empirical-null calibration support.",0,False,9,158,158,0,0,1
selected_edge_type1_geometry/v1,selected_edge_type1_geometry__binary__fixed_tree-selected_tree__20260604T155728Z,fixed_tree,binary_template,binary,binary_low_noise_4c,13,20272542,20274721,0.001,0.01,80,100,True,ok,,1,False,0,2,0,0,0,0
selected_edge_type1_geometry/v1,selected_edge_type1_geometry__binary__fixed_tree-selected_tree__20260604T155728Z,selected_tree,binary_template,binary,binary_low_noise_4c,13,20272542,20274721,0.001,0.01,80,100,True,ok,,1,False,0,2,0,0,0,0
selected_edge_type1_geometry/v1,selected_edge_type1_geometry__binary__fixed_tree-selected_tree__20260604T155728Z,fixed_tree,binary_template,binary,binary_low_noise_4c,17,20276210,20277857,0.0001,0.01,80,100,True,ok,,1,False,0,2,0,0,0,0
selected_edge_type1_geometry/v1,selected_edge_type1_geometry__binary__fixed_tree-selected_tree__20260604T155728Z,selected_tree,binary_template,binary,binary_low_noise_4c,17,20276210,20277857,0.0001,0.01,80,100,True,decomposition_error,"Cannot fit sibling inflation model: no strict-null or stopped-edge empirical-null calibration records with positive weight. Found 79 selected non-null positive-weight record(s), which are not valid empirical-null calibration support.",0,False,10,158,158,0,0,1
selected_edge_type1_geometry/v1,selected_edge_type1_geometry__binary__fixed_tree-selected_tree__20260604T155728Z,fixed_tree,binary_template,binary,binary_low_noise_4c,17,20276210,20278757,0.001,0.01,80,100,True,ok,,1,False,0,2,0,0,0,0
selected_edge_type1_geometry/v1,selected_edge_type1_geometry__binary__fixed_tree-selected_tree__20260604T155728Z,selected_tree,binary_template,binary,binary_low_noise_4c,17,20276210,20278757,0.001,0.01,80,100,True,decomposition_error,"Cannot fit sibling inflation model: no strict-null or stopped-edge empirical-null calibration records with positive weight. Found 79 selected non-null positive-weight record(s), which are not valid empirical-null calibration support.",0,False,10,158,158,0,0,1
selected_edge_type1_geometry/v1,selected_edge_type1_geometry__binary__fixed_tree-selected_tree__20260604T155728Z,fixed_tree,binary_template,binary,binary_low_noise_4c,21,20279878,20281893,0.0001,0.01,80,100,True,ok,,1,False,0,2,0,0,0,0
selected_edge_type1_geometry/v1,selected_edge_type1_geometry__binary__fixed_tree-selected_tree__20260604T155728Z,selected_tree,binary_template,binary,binary_low_noise_4c,21,20279878,20281893,0.0001,0.01,80,100,True,decomposition_error,"Cannot fit sibling inflation model: no strict-null or stopped-edge empirical-null calibration records with positive weight. Found 79 selected non-null positive-weight record(s), which are not valid empirical-null calibration support.",0,False,9,158,158,0,0,1
selected_edge_type1_geometry/v1,selected_edge_type1_geometry__binary__fixed_tree-selected_tree__20260604T155728Z,fixed_tree,binary_template,binary,binary_low_noise_4c,21,20279878,20282793,0.001,0.01,80,100,True,ok,,1,False,0,2,0,0,0,0
selected_edge_type1_geometry/v1,selected_edge_type1_geometry__binary__fixed_tree-selected_tree__20260604T155728Z,selected_tree,binary_template,binary,binary_low_noise_4c,21,20279878,20282793,0.001,0.01,80,100,True,decomposition_error,"Cannot fit sibling inflation model: no strict-null or stopped-edge empirical-null calibration records with positive weight. Found 79 selected non-null positive-weight record(s), which are not valid empirical-null calibration support.",0,False,9,158,158,0,0,1
selected_edge_type1_geometry/v1,selected_edge_type1_geometry__binary__fixed_tree-selected_tree__20260604T155728Z,fixed_tree,binary_template,binary,binary_low_noise_4c,25,20283546,20285929,0.0001,0.01,80,100,True,ok,,1,False,0,2,0,0,0,0
selected_edge_type1_geometry/v1,selected_edge_type1_geometry__binary__fixed_tree-selected_tree__20260604T155728Z,selected_tree,binary_template,binary,binary_low_noise_4c,25,20283546,20285929,0.0001,0.01,80,100,True,ok,,1,False,0,2,0,0,0,0
selected_edge_type1_geometry/v1,selected_edge_type1_geometry__binary__fixed_tree-selected_tree__20260604T155728Z,fixed_tree,binary_template,binary,binary_low_noise_4c,25,20283546,20286829,0.001,0.01,80,100,True,ok,,1,False,0,2,0,0,0,0
selected_edge_type1_geometry/v1,selected_edge_type1_geometry__binary__fixed_tree-selected_tree__20260604T155728Z,selected_tree,binary_template,binary,binary_low_noise_4c,25,20283546,20286829,0.001,0.01,80,100,True,decomposition_error,"Cannot fit sibling inflation model: no strict-null or stopped-edge empirical-null calibration records with positive weight. Found 79 selected non-null positive-weight record(s), which are not valid empirical-null calibration support.",0,False,9,158,158,0,0,1
selected_edge_type1_geometry/v1,selected_edge_type1_geometry__binary__fixed_tree-selected_tree__20260604T155728Z,fixed_tree,binary_template,binary,binary_low_noise_4c,29,20287214,20289965,0.0001,0.01,80,100,True,ok,,1,False,6,24,16,8,0,0
selected_edge_type1_geometry/v1,selected_edge_type1_geometry__binary__fixed_tree-selected_tree__20260604T155728Z,selected_tree,binary_template,binary,binary_low_noise_4c,29,20287214,20289965,0.0001,0.01,80,100,True,decomposition_error,"Cannot fit sibling inflation model: no strict-null or stopped-edge empirical-null calibration records with positive weight. Found 79 selected non-null positive-weight record(s), which are not valid empirical-null calibration support.",0,False,8,158,158,0,0,1
selected_edge_type1_geometry/v1,selected_edge_type1_geometry__binary__fixed_tree-selected_tree__20260604T155728Z,fixed_tree,binary_template,binary,binary_low_noise_4c,29,20287214,20290865,0.001,0.01,80,100,True,ok,,1,False,8,36,28,14,0,0
selected_edge_type1_geometry/v1,selected_edge_type1_geometry__binary__fixed_tree-selected_tree__20260604T155728Z,selected_tree,binary_template,binary,binary_low_noise_4c,29,20287214,20290865,0.001,0.01,80,100,True,decomposition_error,"Cannot fit sibling inflation model: no strict-null or stopped-edge empirical-null calibration records with positive weight. Found 79 selected non-null positive-weight record(s), which are not valid empirical-null calibration support.",0,False,10,158,158,0,0,1
selected_edge_type1_geometry/v1,selected_edge_type1_geometry__binary__fixed_tree-selected_tree__20260604T155728Z,fixed_tree,binary_template,binary,binary_low_noise_4c,33,20290882,20294001,0.0001,0.01,80,100,True,ok,,1,False,0,2,0,0,0,0
selected_edge_type1_geometry/v1,selected_edge_type1_geometry__binary__fixed_tree-selected_tree__20260604T155728Z,selected_tree,binary_template,binary,binary_low_noise_4c,33,20290882,20294001,0.0001,0.01,80,100,True,decomposition_error,"Cannot fit sibling inflation model: no strict-null or stopped-edge empirical-null calibration records with positive weight. Found 79 selected non-null positive-weight record(s), which are not valid empirical-null calibration support.",0,False,9,158,158,0,0,1
selected_edge_type1_geometry/v1,selected_edge_type1_geometry__binary__fixed_tree-selected_tree__20260604T155728Z,fixed_tree,binary_template,binary,binary_low_noise_4c,33,20290882,20294901,0.001,0.01,80,100,True,ok,,1,False,0,2,0,0,0,0
selected_edge_type1_geometry/v1,selected_edge_type1_geometry__binary__fixed_tree-selected_tree__20260604T155728Z,selected_tree,binary_template,binary,binary_low_noise_4c,33,20290882,20294901,0.001,0.01,80,100,True,decomposition_error,"Cannot fit sibling inflation model: no strict-null or stopped-edge empirical-null calibration records with positive weight. Found 79 selected non-null positive-weight record(s), which are not valid empirical-null calibration support.",0,False,9,158,158,0,0,1
selected_edge_type1_geometry/v1,selected_edge_type1_geometry__binary__fixed_tree-selected_tree__20260604T155728Z,fixed_tree,binary_template,binary,binary_low_noise_4c,37,20294550,20298037,0.0001,0.01,80,100,True,ok,,1,False,0,2,0,0,0,0
selected_edge_type1_geometry/v1,selected_edge_type1_geometry__binary__fixed_tree-selected_tree__20260604T155728Z,selected_tree,binary_template,binary,binary_low_noise_4c,37,20294550,20298037,0.0001,0.01,80,100,True,decomposition_error,"Cannot fit sibling inflation model: no strict-null or stopped-edge empirical-null calibration records with positive weight. Found 79 selected non-null positive-weight record(s), which are not valid empirical-null calibration support.",0,False,9,158,158,0,0,1
selected_edge_type1_geometry/v1,selected_edge_type1_geometry__binary__fixed_tree-selected_tree__20260604T155728Z,fixed_tree,binary_template,binary,binary_low_noise_4c,37,20294550,20298937,0.001,0.01,80,100,True,ok,,1,False,0,2,0,0,0,0
selected_edge_type1_geometry/v1,selected_edge_type1_geometry__binary__fixed_tree-selected_tree__20260604T155728Z,selected_tree,binary_template,binary,binary_low_noise_4c,37,20294550,20298937,0.001,0.01,80,100,True,decomposition_error,"Cannot fit sibling inflation model: no strict-null or stopped-edge empirical-null calibration records with positive weight. Found 79 selected non-null positive-weight record(s), which are not valid empirical-null calibration support.",0,False,9,158,158,0,0,1
selected_edge_type1_geometry/v1,selected_edge_type1_geometry__binary__fixed_tree-selected_tree__20260604T155734Z,fixed_tree,binary_template,binary,binary_2clusters,2,20262455,20262722,0.0001,0.01,50,60,True,ok,,1,False,0,2,0,0,0,0
selected_edge_type1_geometry/v1,selected_edge_type1_geometry__binary__fixed_tree-selected_tree__20260604T155734Z,selected_tree,binary_template,binary,binary_2clusters,2,20262455,20262722,0.0001,0.01,50,60,True,decomposition_error,"Cannot fit sibling inflation model: no strict-null or stopped-edge empirical-null calibration records with positive weight. Found 49 selected non-null positive-weight record(s), which are not valid empirical-null calibration support.",0,False,8,98,98,0,0,1
selected_edge_type1_geometry/v1,selected_edge_type1_geometry__binary__fixed_tree-selected_tree__20260604T155734Z,fixed_tree,binary_template,binary,binary_2clusters,2,20262455,20263622,0.001,0.01,50,60,True,ok,,1,False,0,2,0,0,0,0
selected_edge_type1_geometry/v1,selected_edge_type1_geometry__binary__fixed_tree-selected_tree__20260604T155734Z,selected_tree,binary_template,binary,binary_2clusters,2,20262455,20263622,0.001,0.01,50,60,True,decomposition_error,"Cannot fit sibling inflation model: no strict-null or stopped-edge empirical-null calibration records with positive weight. Found 49 selected non-null positive-weight record(s), which are not valid empirical-null calibration support.",0,False,8,98,98,0,0,1
selected_edge_type1_geometry/v1,selected_edge_type1_geometry__binary__fixed_tree-selected_tree__20260604T155734Z,fixed_tree,binary_template,binary,binary_2clusters,6,20266123,20266758,0.0001,0.01,50,60,True,ok,,1,False,0,2,0,0,0,0
selected_edge_type1_geometry/v1,selected_edge_type1_geometry__binary__fixed_tree-selected_tree__20260604T155734Z,selected_tree,binary_template,binary,binary_2clusters,6,20266123,20266758,0.0001,0.01,50,60,True,decomposition_error,"Cannot fit sibling inflation model: no strict-null or stopped-edge empirical-null calibration records with positive weight. Found 49 selected non-null positive-weight record(s), which are not valid empirical-null calibration support.",0,False,8,98,98,0,0,1
selected_edge_type1_geometry/v1,selected_edge_type1_geometry__binary__fixed_tree-selected_tree__20260604T155734Z,fixed_tree,binary_template,binary,binary_2clusters,6,20266123,20267658,0.001,0.01,50,60,True,ok,,1,False,0,2,0,0,0,0
selected_edge_type1_geometry/v1,selected_edge_type1_geometry__binary__fixed_tree-selected_tree__20260604T155734Z,selected_tree,binary_template,binary,binary_2clusters,6,20266123,20267658,0.001,0.01,50,60,True,decomposition_error,"Cannot fit sibling inflation model: no strict-null or stopped-edge empirical-null calibration records with positive weight. Found 49 selected non-null positive-weight record(s), which are not valid empirical-null calibration support.",0,False,8,98,98,0,0,1
selected_edge_type1_geometry/v1,selected_edge_type1_geometry__binary__fixed_tree-selected_tree__20260604T155734Z,fixed_tree,binary_template,binary,binary_2clusters,10,20269791,20270794,0.0001,0.01,50,60,True,ok,,1,False,0,2,0,0,0,0
selected_edge_type1_geometry/v1,selected_edge_type1_geometry__binary__fixed_tree-selected_tree__20260604T155734Z,selected_tree,binary_template,binary,binary_2clusters,10,20269791,20270794,0.0001,0.01,50,60,True,decomposition_error,"Cannot fit sibling inflation model: no strict-null or stopped-edge empirical-null calibration records with positive weight. Found 49 selected non-null positive-weight record(s), which are not valid empirical-null calibration support.",0,False,8,98,98,0,0,1
selected_edge_type1_geometry/v1,selected_edge_type1_geometry__binary__fixed_tree-selected_tree__20260604T155734Z,fixed_tree,binary_template,binary,binary_2clusters,10,20269791,20271694,0.001,0.01,50,60,True,ok,,1,False,0,2,0,0,0,0
selected_edge_type1_geometry/v1,selected_edge_type1_geometry__binary__fixed_tree-selected_tree__20260604T155734Z,selected_tree,binary_template,binary,binary_2clusters,10,20269791,20271694,0.001,0.01,50,60,True,ok,,1,False,0,2,0,0,0,0
selected_edge_type1_geometry/v1,selected_edge_type1_geometry__binary__fixed_tree-selected_tree__20260604T155734Z,fixed_tree,binary_template,binary,binary_2clusters,14,20273459,20274830,0.0001,0.01,50,60,True,ok,,1,False,0,2,0,0,0,0
selected_edge_type1_geometry/v1,selected_edge_type1_geometry__binary__fixed_tree-selected_tree__20260604T155734Z,selected_tree,binary_template,binary,binary_2clusters,14,20273459,20274830,0.0001,0.01,50,60,True,decomposition_error,"Cannot fit sibling inflation model: no strict-null or stopped-edge empirical-null calibration records with positive weight. Found 49 selected non-null positive-weight record(s), which are not valid empirical-null calibration support.",0,False,8,98,98,0,0,1
selected_edge_type1_geometry/v1,selected_edge_type1_geometry__binary__fixed_tree-selected_tree__20260604T155734Z,fixed_tree,binary_template,binary,binary_2clusters,14,20273459,20275730,0.001,0.01,50,60,True,ok,,1,False,0,2,0,0,0,0
selected_edge_type1_geometry/v1,selected_edge_type1_geometry__binary__fixed_tree-selected_tree__20260604T155734Z,selected_tree,binary_template,binary,binary_2clusters,14,20273459,20275730,0.001,0.01,50,60,True,decomposition_error,"Cannot fit sibling inflation model: no strict-null or stopped-edge empirical-null calibration records with positive weight. Found 49 selected non-null positive-weight record(s), which are not valid empirical-null calibration support.",0,False,9,98,98,0,0,1
selected_edge_type1_geometry/v1,selected_edge_type1_geometry__binary__fixed_tree-selected_tree__20260604T155734Z,fixed_tree,binary_template,binary,binary_2clusters,18,20277127,20278866,0.0001,0.01,50,60,True,ok,,1,False,0,2,0,0,0,0
selected_edge_type1_geometry/v1,selected_edge_type1_geometry__binary__fixed_tree-selected_tree__20260604T155734Z,selected_tree,binary_template,binary,binary_2clusters,18,20277127,20278866,0.0001,0.01,50,60,True,decomposition_error,"Cannot fit sibling inflation model: no strict-null or stopped-edge empirical-null calibration records with positive weight. Found 49 selected non-null positive-weight record(s), which are not valid empirical-null calibration support.",0,False,9,98,98,0,0,1
selected_edge_type1_geometry/v1,selected_edge_type1_geometry__binary__fixed_tree-selected_tree__20260604T155734Z,fixed_tree,binary_template,binary,binary_2clusters,18,20277127,20279766,0.001,0.01,50,60,True,ok,,1,False,0,2,0,0,0,0
selected_edge_type1_geometry/v1,selected_edge_type1_geometry__binary__fixed_tree-selected_tree__20260604T155734Z,selected_tree,binary_template,binary,binary_2clusters,18,20277127,20279766,0.001,0.01,50,60,True,decomposition_error,"Cannot fit sibling inflation model: no strict-null or stopped-edge empirical-null calibration records with positive weight. Found 49 selected non-null positive-weight record(s), which are not valid empirical-null calibration support.",0,False,9,98,98,0,0,1
selected_edge_type1_geometry/v1,selected_edge_type1_geometry__binary__fixed_tree-selected_tree__20260604T155734Z,fixed_tree,binary_template,binary,binary_2clusters,22,20280795,20282902,0.0001,0.01,50,60,True,ok,,1,False,0,2,0,0,0,0
selected_edge_type1_geometry/v1,selected_edge_type1_geometry__binary__fixed_tree-selected_tree__20260604T155734Z,selected_tree,binary_template,binary,binary_2clusters,22,20280795,20282902,0.0001,0.01,50,60,True,decomposition_error,"Cannot fit sibling inflation model: no strict-null or stopped-edge empirical-null calibration records with positive weight. Found 49 selected non-null positive-weight record(s), which are not valid empirical-null calibration support.",0,False,8,98,98,0,0,1
selected_edge_type1_geometry/v1,selected_edge_type1_geometry__binary__fixed_tree-selected_tree__20260604T155734Z,fixed_tree,binary_template,binary,binary_2clusters,22,20280795,20283802,0.001,0.01,50,60,True,ok,,1,False,0,2,0,0,0,0
selected_edge_type1_geometry/v1,selected_edge_type1_geometry__binary__fixed_tree-selected_tree__20260604T155734Z,selected_tree,binary_template,binary,binary_2clusters,22,20280795,20283802,0.001,0.01,50,60,True,decomposition_error,"Cannot fit sibling inflation model: no strict-null or stopped-edge empirical-null calibration records with positive weight. Found 49 selected non-null positive-weight record(s), which are not valid empirical-null calibration support.",0,False,7,98,98,0,0,1
selected_edge_type1_geometry/v1,selected_edge_type1_geometry__binary__fixed_tree-selected_tree__20260604T155734Z,fixed_tree,binary_template,binary,binary_2clusters,26,20284463,20286938,0.0001,0.01,50,60,True,ok,,1,False,0,2,0,0,0,0
selected_edge_type1_geometry/v1,selected_edge_type1_geometry__binary__fixed_tree-selected_tree__20260604T155734Z,selected_tree,binary_template,binary,binary_2clusters,26,20284463,20286938,0.0001,0.01,50,60,True,decomposition_error,"Cannot fit sibling inflation model: no strict-null or stopped-edge empirical-null calibration records with positive weight. Found 49 selected non-null positive-weight record(s), which are not valid empirical-null calibration support.",0,False,9,98,98,0,0,1
selected_edge_type1_geometry/v1,selected_edge_type1_geometry__binary__fixed_tree-selected_tree__20260604T155734Z,fixed_tree,binary_template,binary,binary_2clusters,26,20284463,20287838,0.001,0.01,50,60,True,ok,,1,False,1,6,2,1,0,0
selected_edge_type1_geometry/v1,selected_edge_type1_geometry__binary__fixed_tree-selected_tree__20260604T155734Z,selected_tree,binary_template,binary,binary_2clusters,26,20284463,20287838,0.001,0.01,50,60,True,decomposition_error,"Cannot fit sibling inflation model: no strict-null or stopped-edge empirical-null calibration records with positive weight. Found 49 selected non-null positive-weight record(s), which are not valid empirical-null calibration support.",0,False,8,98,98,0,0,1
selected_edge_type1_geometry/v1,selected_edge_type1_geometry__binary__fixed_tree-selected_tree__20260604T155734Z,fixed_tree,binary_template,binary,binary_2clusters,30,20288131,20290974,0.0001,0.01,50,60,True,ok,,1,False,0,2,0,0,0,0
selected_edge_type1_geometry/v1,selected_edge_type1_geometry__binary__fixed_tree-selected_tree__20260604T155734Z,selected_tree,binary_template,binary,binary_2clusters,30,20288131,20290974,0.0001,0.01,50,60,True,decomposition_error,"Cannot fit sibling inflation model: no strict-null or stopped-edge empirical-null calibration records with positive weight. Found 49 selected non-null positive-weight record(s), which are not valid empirical-null calibration support.",0,False,8,98,98,0,0,1
selected_edge_type1_geometry/v1,selected_edge_type1_geometry__binary__fixed_tree-selected_tree__20260604T155734Z,fixed_tree,binary_template,binary,binary_2clusters,30,20288131,20291874,0.001,0.01,50,60,True,ok,,1,False,0,2,0,0,0,0
selected_edge_type1_geometry/v1,selected_edge_type1_geometry__binary__fixed_tree-selected_tree__20260604T155734Z,selected_tree,binary_template,binary,binary_2clusters,30,20288131,20291874,0.001,0.01,50,60,True,decomposition_error,"Cannot fit sibling inflation model: no strict-null or stopped-edge empirical-null calibration records with positive weight. Found 49 selected non-null positive-weight record(s), which are not valid empirical-null calibration support.",0,False,10,98,98,0,0,1
selected_edge_type1_geometry/v1,selected_edge_type1_geometry__binary__fixed_tree-selected_tree__20260604T155734Z,fixed_tree,binary_template,binary,binary_2clusters,34,20291799,20295010,0.0001,0.01,50,60,True,ok,,1,False,0,2,0,0,0,0
selected_edge_type1_geometry/v1,selected_edge_type1_geometry__binary__fixed_tree-selected_tree__20260604T155734Z,selected_tree,binary_template,binary,binary_2clusters,34,20291799,20295010,0.0001,0.01,50,60,True,decomposition_error,"Cannot fit sibling inflation model: no strict-null or stopped-edge empirical-null calibration records with positive weight. Found 49 selected non-null positive-weight record(s), which are not valid empirical-null calibration support.",0,False,8,98,98,0,0,1
selected_edge_type1_geometry/v1,selected_edge_type1_geometry__binary__fixed_tree-selected_tree__20260604T155734Z,fixed_tree,binary_template,binary,binary_2clusters,34,20291799,20295910,0.001,0.01,50,60,True,ok,,1,False,0,2,0,0,0,0
selected_edge_type1_geometry/v1,selected_edge_type1_geometry__binary__fixed_tree-selected_tree__20260604T155734Z,selected_tree,binary_template,binary,binary_2clusters,34,20291799,20295910,0.001,0.01,50,60,True,decomposition_error,"Cannot fit sibling inflation model: no strict-null or stopped-edge empirical-null calibration records with positive weight. Found 49 selected non-null positive-weight record(s), which are not valid empirical-null calibration support.",0,False,8,98,98,0,0,1
selected_edge_type1_geometry/v1,selected_edge_type1_geometry__binary__fixed_tree-selected_tree__20260604T155734Z,fixed_tree,binary_template,binary,binary_2clusters,38,20295467,20299046,0.0001,0.01,50,60,True,ok,,1,False,0,2,0,0,0,0
selected_edge_type1_geometry/v1,selected_edge_type1_geometry__binary__fixed_tree-selected_tree__20260604T155734Z,selected_tree,binary_template,binary,binary_2clusters,38,20295467,20299046,0.0001,0.01,50,60,True,decomposition_error,"Cannot fit sibling inflation model: no strict-null or stopped-edge empirical-null calibration records with positive weight. Found 49 selected non-null positive-weight record(s), which are not valid empirical-null calibration support.",0,False,10,98,98,0,0,1
selected_edge_type1_geometry/v1,selected_edge_type1_geometry__binary__fixed_tree-selected_tree__20260604T155734Z,fixed_tree,binary_template,binary,binary_2clusters,38,20295467,20299946,0.001,0.01,50,60,True,ok,,1,False,0,2,0,0,0,0
selected_edge_type1_geometry/v1,selected_edge_type1_geometry__binary__fixed_tree-selected_tree__20260604T155734Z,selected_tree,binary_template,binary,binary_2clusters,38,20295467,20299946,0.001,0.01,50,60,True,decomposition_error,"Cannot fit sibling inflation model: no strict-null or stopped-edge empirical-null calibration records with positive weight. Found 49 selected non-null positive-weight record(s), which are not valid empirical-null calibration support.",0,False,8,98,98,0,0,1
selected_edge_type1_geometry/v1,selected_edge_type1_geometry__binary__fixed_tree-selected_tree__20260604T155734Z,fixed_tree,binary_template,binary,binary_low_noise_4c,2,20262455,20262722,0.0001,0.01,80,100,True,ok,,1,False,1,6,2,1,0,0
selected_edge_type1_geometry/v1,selected_edge_type1_geometry__binary__fixed_tree-selected_tree__20260604T155734Z,selected_tree,binary_template,binary,binary_low_noise_4c,2,20262455,20262722,0.0001,0.01,80,100,True,decomposition_error,"Cannot fit sibling inflation model: no strict-null or stopped-edge empirical-null calibration records with positive weight. Found 79 selected non-null positive-weight record(s), which are not valid empirical-null calibration support.",0,False,9,158,158,0,0,1
selected_edge_type1_geometry/v1,selected_edge_type1_geometry__binary__fixed_tree-selected_tree__20260604T155734Z,fixed_tree,binary_template,binary,binary_low_noise_4c,2,20262455,20263622,0.001,0.01,80,100,True,ok,,1,False,0,2,0,0,0,0
selected_edge_type1_geometry/v1,selected_edge_type1_geometry__binary__fixed_tree-selected_tree__20260604T155734Z,selected_tree,binary_template,binary,binary_low_noise_4c,2,20262455,20263622,0.001,0.01,80,100,True,ok,,1,False,0,2,0,0,0,0
selected_edge_type1_geometry/v1,selected_edge_type1_geometry__binary__fixed_tree-selected_tree__20260604T155734Z,fixed_tree,binary_template,binary,binary_low_noise_4c,6,20266123,20266758,0.0001,0.01,80,100,True,ok,,1,False,1,6,2,1,0,0
selected_edge_type1_geometry/v1,selected_edge_type1_geometry__binary__fixed_tree-selected_tree__20260604T155734Z,selected_tree,binary_template,binary,binary_low_noise_4c,6,20266123,20266758,0.0001,0.01,80,100,True,decomposition_error,"Cannot fit sibling inflation model: no strict-null or stopped-edge empirical-null calibration records with positive weight. Found 79 selected non-null positive-weight record(s), which are not valid empirical-null calibration support.",0,False,10,158,158,0,0,1
selected_edge_type1_geometry/v1,selected_edge_type1_geometry__binary__fixed_tree-selected_tree__20260604T155734Z,fixed_tree,binary_template,binary,binary_low_noise_4c,6,20266123,20267658,0.001,0.01,80,100,True,ok,,1,False,0,2,0,0,0,0
selected_edge_type1_geometry/v1,selected_edge_type1_geometry__binary__fixed_tree-selected_tree__20260604T155734Z,selected_tree,binary_template,binary,binary_low_noise_4c,6,20266123,20267658,0.001,0.01,80,100,True,decomposition_error,"Cannot fit sibling inflation model: no strict-null or stopped-edge empirical-null calibration records with positive weight. Found 79 selected non-null positive-weight record(s), which are not valid empirical-null calibration support.",0,False,8,158,158,0,0,1
selected_edge_type1_geometry/v1,selected_edge_type1_geometry__binary__fixed_tree-selected_tree__20260604T155734Z,fixed_tree,binary_template,binary,binary_low_noise_4c,10,20269791,20270794,0.0001,0.01,80,100,True,ok,,1,False,0,2,0,0,0,0
selected_edge_type1_geometry/v1,selected_edge_type1_geometry__binary__fixed_tree-selected_tree__20260604T155734Z,selected_tree,binary_template,binary,binary_low_noise_4c,10,20269791,20270794,0.0001,0.01,80,100,True,decomposition_error,"Cannot fit sibling inflation model: no strict-null or stopped-edge empirical-null calibration records with positive weight. Found 79 selected non-null positive-weight record(s), which are not valid empirical-null calibration support.",0,False,9,158,158,0,0,1
selected_edge_type1_geometry/v1,selected_edge_type1_geometry__binary__fixed_tree-selected_tree__20260604T155734Z,fixed_tree,binary_template,binary,binary_low_noise_4c,10,20269791,20271694,0.001,0.01,80,100,True,ok,,1,False,0,2,0,0,0,0
selected_edge_type1_geometry/v1,selected_edge_type1_geometry__binary__fixed_tree-selected_tree__20260604T155734Z,selected_tree,binary_template,binary,binary_low_noise_4c,10,20269791,20271694,0.001,0.01,80,100,True,decomposition_error,"Cannot fit sibling inflation model: no strict-null or stopped-edge empirical-null calibration records with positive weight. Found 79 selected non-null positive-weight record(s), which are not valid empirical-null calibration support.",0,False,9,158,158,0,0,1
selected_edge_type1_geometry/v1,selected_edge_type1_geometry__binary__fixed_tree-selected_tree__20260604T155734Z,fixed_tree,binary_template,binary,binary_low_noise_4c,14,20273459,20274830,0.0001,0.01,80,100,True,ok,,1,False,0,2,0,0,0,0
selected_edge_type1_geometry/v1,selected_edge_type1_geometry__binary__fixed_tree-selected_tree__20260604T155734Z,selected_tree,binary_template,binary,binary_low_noise_4c,14,20273459,20274830,0.0001,0.01,80,100,True,decomposition_error,"Cannot fit sibling inflation model: no strict-null or stopped-edge empirical-null calibration records with positive weight. Found 79 selected non-null positive-weight record(s), which are not valid empirical-null calibration support.",0,False,9,158,158,0,0,1
selected_edge_type1_geometry/v1,selected_edge_type1_geometry__binary__fixed_tree-selected_tree__20260604T155734Z,fixed_tree,binary_template,binary,binary_low_noise_4c,14,20273459,20275730,0.001,0.01,80,100,True,ok,,1,False,0,2,0,0,0,0
selected_edge_type1_geometry/v1,selected_edge_type1_geometry__binary__fixed_tree-selected_tree__20260604T155734Z,selected_tree,binary_template,binary,binary_low_noise_4c,14,20273459,20275730,0.001,0.01,80,100,True,decomposition_error,"Cannot fit sibling inflation model: no strict-null or stopped-edge empirical-null calibration records with positive weight. Found 79 selected non-null positive-weight record(s), which are not valid empirical-null calibration support.",0,False,10,158,158,0,0,1
selected_edge_type1_geometry/v1,selected_edge_type1_geometry__binary__fixed_tree-selected_tree__20260604T155734Z,fixed_tree,binary_template,binary,binary_low_noise_4c,18,20277127,20278866,0.0001,0.01,80,100,True,ok,,1,False,0,2,0,0,0,0
selected_edge_type1_geometry/v1,selected_edge_type1_geometry__binary__fixed_tree-selected_tree__20260604T155734Z,selected_tree,binary_template,binary,binary_low_noise_4c,18,20277127,20278866,0.0001,0.01,80,100,True,decomposition_error,"Cannot fit sibling inflation model: no strict-null or stopped-edge empirical-null calibration records with positive weight. Found 79 selected non-null positive-weight record(s), which are not valid empirical-null calibration support.",0,False,9,158,158,0,0,1
selected_edge_type1_geometry/v1,selected_edge_type1_geometry__binary__fixed_tree-selected_tree__20260604T155734Z,fixed_tree,binary_template,binary,binary_low_noise_4c,18,20277127,20279766,0.001,0.01,80,100,True,ok,,1,False,0,2,0,0,0,0
selected_edge_type1_geometry/v1,selected_edge_type1_geometry__binary__fixed_tree-selected_tree__20260604T155734Z,selected_tree,binary_template,binary,binary_low_noise_4c,18,20277127,20279766,0.001,0.01,80,100,True,decomposition_error,"Cannot fit sibling inflation model: no strict-null or stopped-edge empirical-null calibration records with positive weight. Found 79 selected non-null positive-weight record(s), which are not valid empirical-null calibration support.",0,False,11,158,158,0,0,1
selected_edge_type1_geometry/v1,selected_edge_type1_geometry__binary__fixed_tree-selected_tree__20260604T155734Z,fixed_tree,binary_template,binary,binary_low_noise_4c,22,20280795,20282902,0.0001,0.01,80,100,True,ok,,1,False,0,2,0,0,0,0
selected_edge_type1_geometry/v1,selected_edge_type1_geometry__binary__fixed_tree-selected_tree__20260604T155734Z,selected_tree,binary_template,binary,binary_low_noise_4c,22,20280795,20282902,0.0001,0.01,80,100,True,decomposition_error,"Cannot fit sibling inflation model: no strict-null or stopped-edge empirical-null calibration records with positive weight. Found 79 selected non-null positive-weight record(s), which are not valid empirical-null calibration support.",0,False,8,158,158,0,0,1
selected_edge_type1_geometry/v1,selected_edge_type1_geometry__binary__fixed_tree-selected_tree__20260604T155734Z,fixed_tree,binary_template,binary,binary_low_noise_4c,22,20280795,20283802,0.001,0.01,80,100,True,ok,,1,False,0,2,0,0,0,0
selected_edge_type1_geometry/v1,selected_edge_type1_geometry__binary__fixed_tree-selected_tree__20260604T155734Z,selected_tree,binary_template,binary,binary_low_noise_4c,22,20280795,20283802,0.001,0.01,80,100,True,ok,,1,False,7,28,26,13,0,0
selected_edge_type1_geometry/v1,selected_edge_type1_geometry__binary__fixed_tree-selected_tree__20260604T155734Z,fixed_tree,binary_template,binary,binary_low_noise_4c,26,20284463,20286938,0.0001,0.01,80,100,True,ok,,1,False,0,2,0,0,0,0
selected_edge_type1_geometry/v1,selected_edge_type1_geometry__binary__fixed_tree-selected_tree__20260604T155734Z,selected_tree,binary_template,binary,binary_low_noise_4c,26,20284463,20286938,0.0001,0.01,80,100,True,ok,,1,False,8,106,104,52,0,0
selected_edge_type1_geometry/v1,selected_edge_type1_geometry__binary__fixed_tree-selected_tree__20260604T155734Z,fixed_tree,binary_template,binary,binary_low_noise_4c,26,20284463,20287838,0.001,0.01,80,100,True,ok,,1,False,3,14,10,5,0,0
selected_edge_type1_geometry/v1,selected_edge_type1_geometry__binary__fixed_tree-selected_tree__20260604T155734Z,selected_tree,binary_template,binary,binary_low_noise_4c,26,20284463,20287838,0.001,0.01,80,100,True,decomposition_error,"Cannot fit sibling inflation model: no strict-null or stopped-edge empirical-null calibration records with positive weight. Found 79 selected non-null positive-weight record(s), which are not valid empirical-null calibration support.",0,False,9,158,158,0,0,1
selected_edge_type1_geometry/v1,selected_edge_type1_geometry__binary__fixed_tree-selected_tree__20260604T155734Z,fixed_tree,binary_template,binary,binary_low_noise_4c,30,20288131,20290974,0.0001,0.01,80,100,True,ok,,1,False,0,2,0,0,0,0
selected_edge_type1_geometry/v1,selected_edge_type1_geometry__binary__fixed_tree-selected_tree__20260604T155734Z,selected_tree,binary_template,binary,binary_low_noise_4c,30,20288131,20290974,0.0001,0.01,80,100,True,decomposition_error,"Cannot fit sibling inflation model: no strict-null or stopped-edge empirical-null calibration records with positive weight. Found 79 selected non-null positive-weight record(s), which are not valid empirical-null calibration support.",0,False,9,158,158,0,0,1
selected_edge_type1_geometry/v1,selected_edge_type1_geometry__binary__fixed_tree-selected_tree__20260604T155734Z,fixed_tree,binary_template,binary,binary_low_noise_4c,30,20288131,20291874,0.001,0.01,80,100,True,ok,,1,False,1,6,2,1,0,0
selected_edge_type1_geometry/v1,selected_edge_type1_geometry__binary__fixed_tree-selected_tree__20260604T155734Z,selected_tree,binary_template,binary,binary_low_noise_4c,30,20288131,20291874,0.001,0.01,80,100,True,ok,,1,False,9,104,102,51,0,0
selected_edge_type1_geometry/v1,selected_edge_type1_geometry__binary__fixed_tree-selected_tree__20260604T155734Z,fixed_tree,binary_template,binary,binary_low_noise_4c,34,20291799,20295010,0.0001,0.01,80,100,True,ok,,1,False,1,6,2,1,0,0
selected_edge_type1_geometry/v1,selected_edge_type1_geometry__binary__fixed_tree-selected_tree__20260604T155734Z,selected_tree,binary_template,binary,binary_low_noise_4c,34,20291799,20295010,0.0001,0.01,80,100,True,decomposition_error,"Cannot fit sibling inflation model: no strict-null or stopped-edge empirical-null calibration records with positive weight. Found 79 selected non-null positive-weight record(s), which are not valid empirical-null calibration support.",0,False,11,158,158,0,0,1
selected_edge_type1_geometry/v1,selected_edge_type1_geometry__binary__fixed_tree-selected_tree__20260604T155734Z,fixed_tree,binary_template,binary,binary_low_noise_4c,34,20291799,20295910,0.001,0.01,80,100,True,ok,,1,False,0,2,0,0,0,0
selected_edge_type1_geometry/v1,selected_edge_type1_geometry__binary__fixed_tree-selected_tree__20260604T155734Z,selected_tree,binary_template,binary,binary_low_noise_4c,34,20291799,20295910,0.001,0.01,80,100,True,decomposition_error,"Cannot fit sibling inflation model: no strict-null or stopped-edge empirical-null calibration records with positive weight. Found 79 selected non-null positive-weight record(s), which are not valid empirical-null calibration support.",0,False,8,158,158,0,0,1
selected_edge_type1_geometry/v1,selected_edge_type1_geometry__binary__fixed_tree-selected_tree__20260604T155734Z,fixed_tree,binary_template,binary,binary_low_noise_4c,38,20295467,20299046,0.0001,0.01,80,100,True,ok,,1,False,0,2,0,0,0,0
selected_edge_type1_geometry/v1,selected_edge_type1_geometry__binary__fixed_tree-selected_tree__20260604T155734Z,selected_tree,binary_template,binary,binary_low_noise_4c,38,20295467,20299046,0.0001,0.01,80,100,True,decomposition_error,"Cannot fit sibling inflation model: no strict-null or stopped-edge empirical-null calibration records with positive weight. Found 79 selected non-null positive-weight record(s), which are not valid empirical-null calibration support.",0,False,10,158,158,0,0,1
selected_edge_type1_geometry/v1,selected_edge_type1_geometry__binary__fixed_tree-selected_tree__20260604T155734Z,fixed_tree,binary_template,binary,binary_low_noise_4c,38,20295467,20299946,0.001,0.01,80,100,True,ok,,1,False,0,2,0,0,0,0
selected_edge_type1_geometry/v1,selected_edge_type1_geometry__binary__fixed_tree-selected_tree__20260604T155734Z,selected_tree,binary_template,binary,binary_low_noise_4c,38,20295467,20299946,0.001,0.01,80,100,True,decomposition_error,"Cannot fit sibling inflation model: no strict-null or stopped-edge empirical-null calibration records with positive weight. Found 79 selected non-null positive-weight record(s), which are not valid empirical-null calibration support.",0,False,9,158,158,0,0,1
selected_edge_type1_geometry/v1,selected_edge_type1_geometry__binary__fixed_tree-selected_tree__20260604T155730Z,fixed_tree,binary_template,binary,binary_2clusters,3,20263372,20263731,0.0001,0.01,50,60,True,ok,,1,False,0,2,0,0,0,0
selected_edge_type1_geometry/v1,selected_edge_type1_geometry__binary__fixed_tree-selected_tree__20260604T155730Z,selected_tree,binary_template,binary,binary_2clusters,3,20263372,20263731,0.0001,0.01,50,60,True,decomposition_error,"Cannot fit sibling inflation model: no strict-null or stopped-edge empirical-null calibration records with positive weight. Found 49 selected non-null positive-weight record(s), which are not valid empirical-null calibration support.",0,False,9,98,98,0,0,1
selected_edge_type1_geometry/v1,selected_edge_type1_geometry__binary__fixed_tree-selected_tree__20260604T155730Z,fixed_tree,binary_template,binary,binary_2clusters,3,20263372,20264631,0.001,0.01,50,60,True,ok,,1,False,0,2,0,0,0,0
selected_edge_type1_geometry/v1,selected_edge_type1_geometry__binary__fixed_tree-selected_tree__20260604T155730Z,selected_tree,binary_template,binary,binary_2clusters,3,20263372,20264631,0.001,0.01,50,60,True,decomposition_error,"Cannot fit sibling inflation model: no strict-null or stopped-edge empirical-null calibration records with positive weight. Found 49 selected non-null positive-weight record(s), which are not valid empirical-null calibration support.",0,False,9,98,98,0,0,1
selected_edge_type1_geometry/v1,selected_edge_type1_geometry__binary__fixed_tree-selected_tree__20260604T155730Z,fixed_tree,binary_template,binary,binary_2clusters,7,20267040,20267767,0.0001,0.01,50,60,True,ok,,1,False,1,4,2,1,0,0
selected_edge_type1_geometry/v1,selected_edge_type1_geometry__binary__fixed_tree-selected_tree__20260604T155730Z,selected_tree,binary_template,binary,binary_2clusters,7,20267040,20267767,0.0001,0.01,50,60,True,decomposition_error,"Cannot fit sibling inflation model: no strict-null or stopped-edge empirical-null calibration records with positive weight. Found 49 selected non-null positive-weight record(s), which are not valid empirical-null calibration support.",0,False,8,98,98,0,0,1
selected_edge_type1_geometry/v1,selected_edge_type1_geometry__binary__fixed_tree-selected_tree__20260604T155730Z,fixed_tree,binary_template,binary,binary_2clusters,7,20267040,20268667,0.001,0.01,50,60,True,ok,,1,False,0,2,0,0,0,0
selected_edge_type1_geometry/v1,selected_edge_type1_geometry__binary__fixed_tree-selected_tree__20260604T155730Z,selected_tree,binary_template,binary,binary_2clusters,7,20267040,20268667,0.001,0.01,50,60,True,decomposition_error,"Cannot fit sibling inflation model: no strict-null or stopped-edge empirical-null calibration records with positive weight. Found 49 selected non-null positive-weight record(s), which are not valid empirical-null calibration support.",0,False,9,98,98,0,0,1
selected_edge_type1_geometry/v1,selected_edge_type1_geometry__binary__fixed_tree-selected_tree__20260604T155730Z,fixed_tree,binary_template,binary,binary_2clusters,11,20270708,20271803,0.0001,0.01,50,60,True,ok,,1,False,5,22,20,10,0,0
selected_edge_type1_geometry/v1,selected_edge_type1_geometry__binary__fixed_tree-selected_tree__20260604T155730Z,selected_tree,binary_template,binary,binary_2clusters,11,20270708,20271803,0.0001,0.01,50,60,True,decomposition_error,"Cannot fit sibling inflation model: no strict-null or stopped-edge empirical-null calibration records with positive weight. Found 49 selected non-null positive-weight record(s), which are not valid empirical-null calibration support.",0,False,9,98,98,0,0,1
selected_edge_type1_geometry/v1,selected_edge_type1_geometry__binary__fixed_tree-selected_tree__20260604T155730Z,fixed_tree,binary_template,binary,binary_2clusters,11,20270708,20272703,0.001,0.01,50,60,True,ok,,1,False,0,2,0,0,0,0
selected_edge_type1_geometry/v1,selected_edge_type1_geometry__binary__fixed_tree-selected_tree__20260604T155730Z,selected_tree,binary_template,binary,binary_2clusters,11,20270708,20272703,0.001,0.01,50,60,True,ok,,1,False,4,12,10,5,0,0
selected_edge_type1_geometry/v1,selected_edge_type1_geometry__binary__fixed_tree-selected_tree__20260604T155730Z,fixed_tree,binary_template,binary,binary_2clusters,15,20274376,20275839,0.0001,0.01,50,60,True,ok,,1,False,0,2,0,0,0,0
selected_edge_type1_geometry/v1,selected_edge_type1_geometry__binary__fixed_tree-selected_tree__20260604T155730Z,selected_tree,binary_template,binary,binary_2clusters,15,20274376,20275839,0.0001,0.01,50,60,True,decomposition_error,"Cannot fit sibling inflation model: no strict-null or stopped-edge empirical-null calibration records with positive weight. Found 49 selected non-null positive-weight record(s), which are not valid empirical-null calibration support.",0,False,9,98,98,0,0,1
selected_edge_type1_geometry/v1,selected_edge_type1_geometry__binary__fixed_tree-selected_tree__20260604T155730Z,fixed_tree,binary_template,binary,binary_2clusters,15,20274376,20276739,0.001,0.01,50,60,True,ok,,1,False,0,2,0,0,0,0
selected_edge_type1_geometry/v1,selected_edge_type1_geometry__binary__fixed_tree-selected_tree__20260604T155730Z,selected_tree,binary_template,binary,binary_2clusters,15,20274376,20276739,0.001,0.01,50,60,True,decomposition_error,"Cannot fit sibling inflation model: no strict-null or stopped-edge empirical-null calibration records with positive weight. Found 49 selected non-null positive-weight record(s), which are not valid empirical-null calibration support.",0,False,9,98,98,0,0,1
selected_edge_type1_geometry/v1,selected_edge_type1_geometry__binary__fixed_tree-selected_tree__20260604T155730Z,fixed_tree,binary_template,binary,binary_2clusters,19,20278044,20279875,0.0001,0.01,50,60,True,ok,,1,False,0,2,0,0,0,0
selected_edge_type1_geometry/v1,selected_edge_type1_geometry__binary__fixed_tree-selected_tree__20260604T155730Z,selected_tree,binary_template,binary,binary_2clusters,19,20278044,20279875,0.0001,0.01,50,60,True,decomposition_error,"Cannot fit sibling inflation model: no strict-null or stopped-edge empirical-null calibration records with positive weight. Found 49 selected non-null positive-weight record(s), which are not valid empirical-null calibration support.",0,False,8,98,98,0,0,1
selected_edge_type1_geometry/v1,selected_edge_type1_geometry__binary__fixed_tree-selected_tree__20260604T155730Z,fixed_tree,binary_template,binary,binary_2clusters,19,20278044,20280775,0.001,0.01,50,60,True,ok,,1,False,0,2,0,0,0,0
selected_edge_type1_geometry/v1,selected_edge_type1_geometry__binary__fixed_tree-selected_tree__20260604T155730Z,selected_tree,binary_template,binary,binary_2clusters,19,20278044,20280775,0.001,0.01,50,60,True,decomposition_error,"Cannot fit sibling inflation model: no strict-null or stopped-edge empirical-null calibration records with positive weight. Found 49 selected non-null positive-weight record(s), which are not valid empirical-null calibration support.",0,False,8,98,98,0,0,1
selected_edge_type1_geometry/v1,selected_edge_type1_geometry__binary__fixed_tree-selected_tree__20260604T155730Z,fixed_tree,binary_template,binary,binary_2clusters,23,20281712,20283911,0.0001,0.01,50,60,True,ok,,1,False,0,2,0,0,0,0
selected_edge_type1_geometry/v1,selected_edge_type1_geometry__binary__fixed_tree-selected_tree__20260604T155730Z,selected_tree,binary_template,binary,binary_2clusters,23,20281712,20283911,0.0001,0.01,50,60,True,ok,,1,False,4,12,10,5,0,0
selected_edge_type1_geometry/v1,selected_edge_type1_geometry__binary__fixed_tree-selected_tree__20260604T155730Z,fixed_tree,binary_template,binary,binary_2clusters,23,20281712,20284811,0.001,0.01,50,60,True,ok,,1,False,0,2,0,0,0,0
selected_edge_type1_geometry/v1,selected_edge_type1_geometry__binary__fixed_tree-selected_tree__20260604T155730Z,selected_tree,binary_template,binary,binary_2clusters,23,20281712,20284811,0.001,0.01,50,60,True,decomposition_error,"Cannot fit sibling inflation model: no strict-null or stopped-edge empirical-null calibration records with positive weight. Found 49 selected non-null positive-weight record(s), which are not valid empirical-null calibration support.",0,False,8,98,98,0,0,1
selected_edge_type1_geometry/v1,selected_edge_type1_geometry__binary__fixed_tree-selected_tree__20260604T155730Z,fixed_tree,binary_template,binary,binary_2clusters,27,20285380,20287947,0.0001,0.01,50,60,True,ok,,1,False,0,2,0,0,0,0
selected_edge_type1_geometry/v1,selected_edge_type1_geometry__binary__fixed_tree-selected_tree__20260604T155730Z,selected_tree,binary_template,binary,binary_2clusters,27,20285380,20287947,0.0001,0.01,50,60,True,decomposition_error,"Cannot fit sibling inflation model: no strict-null or stopped-edge empirical-null calibration records with positive weight. Found 49 selected non-null positive-weight record(s), which are not valid empirical-null calibration support.",0,False,8,98,98,0,0,1
selected_edge_type1_geometry/v1,selected_edge_type1_geometry__binary__fixed_tree-selected_tree__20260604T155730Z,fixed_tree,binary_template,binary,binary_2clusters,27,20285380,20288847,0.001,0.01,50,60,True,ok,,1,False,0,2,0,0,0,0
selected_edge_type1_geometry/v1,selected_edge_type1_geometry__binary__fixed_tree-selected_tree__20260604T155730Z,selected_tree,binary_template,binary,binary_2clusters,27,20285380,20288847,0.001,0.01,50,60,True,decomposition_error,"Cannot fit sibling inflation model: no strict-null or stopped-edge empirical-null calibration records with positive weight. Found 49 selected non-null positive-weight record(s), which are not valid empirical-null calibration support.",0,False,9,98,98,0,0,1
selected_edge_type1_geometry/v1,selected_edge_type1_geometry__binary__fixed_tree-selected_tree__20260604T155730Z,fixed_tree,binary_template,binary,binary_2clusters,31,20289048,20291983,0.0001,0.01,50,60,True,ok,,1,False,0,2,0,0,0,0
selected_edge_type1_geometry/v1,selected_edge_type1_geometry__binary__fixed_tree-selected_tree__20260604T155730Z,selected_tree,binary_template,binary,binary_2clusters,31,20289048,20291983,0.0001,0.01,50,60,True,ok,,1,False,0,2,0,0,0,0
selected_edge_type1_geometry/v1,selected_edge_type1_geometry__binary__fixed_tree-selected_tree__20260604T155730Z,fixed_tree,binary_template,binary,binary_2clusters,31,20289048,20292883,0.001,0.01,50,60,True,ok,,1,False,0,2,0,0,0,0
selected_edge_type1_geometry/v1,selected_edge_type1_geometry__binary__fixed_tree-selected_tree__20260604T155730Z,selected_tree,binary_template,binary,binary_2clusters,31,20289048,20292883,0.001,0.01,50,60,True,decomposition_error,"Cannot fit sibling inflation model: no strict-null or stopped-edge empirical-null calibration records with positive weight. Found 49 selected non-null positive-weight record(s), which are not valid empirical-null calibration support.",0,False,9,98,98,0,0,1
selected_edge_type1_geometry/v1,selected_edge_type1_geometry__binary__fixed_tree-selected_tree__20260604T155730Z,fixed_tree,binary_template,binary,binary_2clusters,35,20292716,20296019,0.0001,0.01,50,60,True,ok,,1,False,1,6,2,1,0,0
selected_edge_type1_geometry/v1,selected_edge_type1_geometry__binary__fixed_tree-selected_tree__20260604T155730Z,selected_tree,binary_template,binary,binary_2clusters,35,20292716,20296019,0.0001,0.01,50,60,True,decomposition_error,"Cannot fit sibling inflation model: no strict-null or stopped-edge empirical-null calibration records with positive weight. Found 49 selected non-null positive-weight record(s), which are not valid empirical-null calibration support.",0,False,10,98,98,0,0,1
selected_edge_type1_geometry/v1,selected_edge_type1_geometry__binary__fixed_tree-selected_tree__20260604T155730Z,fixed_tree,binary_template,binary,binary_2clusters,35,20292716,20296919,0.001,0.01,50,60,True,ok,,1,False,0,2,0,0,0,0
selected_edge_type1_geometry/v1,selected_edge_type1_geometry__binary__fixed_tree-selected_tree__20260604T155730Z,selected_tree,binary_template,binary,binary_2clusters,35,20292716,20296919,0.001,0.01,50,60,True,decomposition_error,"Cannot fit sibling inflation model: no strict-null or stopped-edge empirical-null calibration records with positive weight. Found 49 selected non-null positive-weight record(s), which are not valid empirical-null calibration support.",0,False,7,98,98,0,0,1
selected_edge_type1_geometry/v1,selected_edge_type1_geometry__binary__fixed_tree-selected_tree__20260604T155730Z,fixed_tree,binary_template,binary,binary_2clusters,39,20296384,20300055,0.0001,0.01,50,60,True,ok,,1,False,0,2,0,0,0,0
selected_edge_type1_geometry/v1,selected_edge_type1_geometry__binary__fixed_tree-selected_tree__20260604T155730Z,selected_tree,binary_template,binary,binary_2clusters,39,20296384,20300055,0.0001,0.01,50,60,True,decomposition_error,"Cannot fit sibling inflation model: no strict-null or stopped-edge empirical-null calibration records with positive weight. Found 49 selected non-null positive-weight record(s), which are not valid empirical-null calibration support.",0,False,10,98,98,0,0,1
selected_edge_type1_geometry/v1,selected_edge_type1_geometry__binary__fixed_tree-selected_tree__20260604T155730Z,fixed_tree,binary_template,binary,binary_2clusters,39,20296384,20300955,0.001,0.01,50,60,True,ok,,1,False,4,18,10,5,0,0
selected_edge_type1_geometry/v1,selected_edge_type1_geometry__binary__fixed_tree-selected_tree__20260604T155730Z,selected_tree,binary_template,binary,binary_2clusters,39,20296384,20300955,0.001,0.01,50,60,True,decomposition_error,"Cannot fit sibling inflation model: no strict-null or stopped-edge empirical-null calibration records with positive weight. Found 49 selected non-null positive-weight record(s), which are not valid empirical-null calibration support.",0,False,9,98,98,0,0,1
selected_edge_type1_geometry/v1,selected_edge_type1_geometry__binary__fixed_tree-selected_tree__20260604T155730Z,fixed_tree,binary_template,binary,binary_low_noise_4c,3,20263372,20263731,0.0001,0.01,80,100,True,ok,,1,False,0,2,0,0,0,0
selected_edge_type1_geometry/v1,selected_edge_type1_geometry__binary__fixed_tree-selected_tree__20260604T155730Z,selected_tree,binary_template,binary,binary_low_noise_4c,3,20263372,20263731,0.0001,0.01,80,100,True,decomposition_error,"Cannot fit sibling inflation model: no strict-null or stopped-edge empirical-null calibration records with positive weight. Found 79 selected non-null positive-weight record(s), which are not valid empirical-null calibration support.",0,False,9,158,158,0,0,1
selected_edge_type1_geometry/v1,selected_edge_type1_geometry__binary__fixed_tree-selected_tree__20260604T155730Z,fixed_tree,binary_template,binary,binary_low_noise_4c,3,20263372,20264631,0.001,0.01,80,100,True,ok,,1,False,0,2,0,0,0,0
selected_edge_type1_geometry/v1,selected_edge_type1_geometry__binary__fixed_tree-selected_tree__20260604T155730Z,selected_tree,binary_template,binary,binary_low_noise_4c,3,20263372,20264631,0.001,0.01,80,100,True,decomposition_error,"Cannot fit sibling inflation model: no strict-null or stopped-edge empirical-null calibration records with positive weight. Found 79 selected non-null positive-weight record(s), which are not valid empirical-null calibration support.",0,False,9,158,158,0,0,1
selected_edge_type1_geometry/v1,selected_edge_type1_geometry__binary__fixed_tree-selected_tree__20260604T155730Z,fixed_tree,binary_template,binary,binary_low_noise_4c,7,20267040,20267767,0.0001,0.01,80,100,True,ok,,1,False,0,2,0,0,0,0
selected_edge_type1_geometry/v1,selected_edge_type1_geometry__binary__fixed_tree-selected_tree__20260604T155730Z,selected_tree,binary_template,binary,binary_low_noise_4c,7,20267040,20267767,0.0001,0.01,80,100,True,decomposition_error,"Cannot fit sibling inflation model: no strict-null or stopped-edge empirical-null calibration records with positive weight. Found 79 selected non-null positive-weight record(s), which are not valid empirical-null calibration support.",0,False,9,158,158,0,0,1
selected_edge_type1_geometry/v1,selected_edge_type1_geometry__binary__fixed_tree-selected_tree__20260604T155730Z,fixed_tree,binary_template,binary,binary_low_noise_4c,7,20267040,20268667,0.001,0.01,80,100,True,ok,,1,False,0,2,0,0,0,0
selected_edge_type1_geometry/v1,selected_edge_type1_geometry__binary__fixed_tree-selected_tree__20260604T155730Z,selected_tree,binary_template,binary,binary_low_noise_4c,7,20267040,20268667,0.001,0.01,80,100,True,decomposition_error,"Cannot fit sibling inflation model: no strict-null or stopped-edge empirical-null calibration records with positive weight. Found 79 selected non-null positive-weight record(s), which are not valid empirical-null calibration support.",0,False,9,158,158,0,0,1
selected_edge_type1_geometry/v1,selected_edge_type1_geometry__binary__fixed_tree-selected_tree__20260604T155730Z,fixed_tree,binary_template,binary,binary_low_noise_4c,11,20270708,20271803,0.0001,0.01,80,100,True,ok,,1,False,0,2,0,0,0,0
selected_edge_type1_geometry/v1,selected_edge_type1_geometry__binary__fixed_tree-selected_tree__20260604T155730Z,selected_tree,binary_template,binary,binary_low_noise_4c,11,20270708,20271803,0.0001,0.01,80,100,True,ok,,1,False,9,70,68,34,0,0
selected_edge_type1_geometry/v1,selected_edge_type1_geometry__binary__fixed_tree-selected_tree__20260604T155730Z,fixed_tree,binary_template,binary,binary_low_noise_4c,11,20270708,20272703,0.001,0.01,80,100,True,ok,,1,False,0,2,0,0,0,0
selected_edge_type1_geometry/v1,selected_edge_type1_geometry__binary__fixed_tree-selected_tree__20260604T155730Z,selected_tree,binary_template,binary,binary_low_noise_4c,11,20270708,20272703,0.001,0.01,80,100,True,decomposition_error,"Cannot fit sibling inflation model: no strict-null or stopped-edge empirical-null calibration records with positive weight. Found 79 selected non-null positive-weight record(s), which are not valid empirical-null calibration support.",0,False,11,158,158,0,0,1
selected_edge_type1_geometry/v1,selected_edge_type1_geometry__binary__fixed_tree-selected_tree__20260604T155730Z,fixed_tree,binary_template,binary,binary_low_noise_4c,15,20274376,20275839,0.0001,0.01,80,100,True,ok,,1,False,0,2,0,0,0,0
selected_edge_type1_geometry/v1,selected_edge_type1_geometry__binary__fixed_tree-selected_tree__20260604T155730Z,selected_tree,binary_template,binary,binary_low_noise_4c,15,20274376,20275839,0.0001,0.01,80,100,True,decomposition_error,"Cannot fit sibling inflation model: no strict-null or stopped-edge empirical-null calibration records with positive weight. Found 79 selected non-null positive-weight record(s), which are not valid empirical-null calibration support.",0,False,10,158,158,0,0,1
selected_edge_type1_geometry/v1,selected_edge_type1_geometry__binary__fixed_tree-selected_tree__20260604T155730Z,fixed_tree,binary_template,binary,binary_low_noise_4c,15,20274376,20276739,0.001,0.01,80,100,True,ok,,1,False,0,2,0,0,0,0
selected_edge_type1_geometry/v1,selected_edge_type1_geometry__binary__fixed_tree-selected_tree__20260604T155730Z,selected_tree,binary_template,binary,binary_low_noise_4c,15,20274376,20276739,0.001,0.01,80,100,True,decomposition_error,"Cannot fit sibling inflation model: no strict-null or stopped-edge empirical-null calibration records with positive weight. Found 79 selected non-null positive-weight record(s), which are not valid empirical-null calibration support.",0,False,10,158,158,0,0,1
selected_edge_type1_geometry/v1,selected_edge_type1_geometry__binary__fixed_tree-selected_tree__20260604T155730Z,fixed_tree,binary_template,binary,binary_low_noise_4c,19,20278044,20279875,0.0001,0.01,80,100,True,ok,,1,False,0,2,0,0,0,0
selected_edge_type1_geometry/v1,selected_edge_type1_geometry__binary__fixed_tree-selected_tree__20260604T155730Z,selected_tree,binary_template,binary,binary_low_noise_4c,19,20278044,20279875,0.0001,0.01,80,100,True,ok,,1,False,6,36,34,17,0,0
selected_edge_type1_geometry/v1,selected_edge_type1_geometry__binary__fixed_tree-selected_tree__20260604T155730Z,fixed_tree,binary_template,binary,binary_low_noise_4c,19,20278044,20280775,0.001,0.01,80,100,True,ok,,1,False,0,2,0,0,0,0
selected_edge_type1_geometry/v1,selected_edge_type1_geometry__binary__fixed_tree-selected_tree__20260604T155730Z,selected_tree,binary_template,binary,binary_low_noise_4c,19,20278044,20280775,0.001,0.01,80,100,True,decomposition_error,"Cannot fit sibling inflation model: no strict-null or stopped-edge empirical-null calibration records with positive weight. Found 79 selected non-null positive-weight record(s), which are not valid empirical-null calibration support.",0,False,10,158,158,0,0,1
selected_edge_type1_geometry/v1,selected_edge_type1_geometry__binary__fixed_tree-selected_tree__20260604T155730Z,fixed_tree,binary_template,binary,binary_low_noise_4c,23,20281712,20283911,0.0001,0.01,80,100,True,ok,,1,False,4,14,10,5,0,0
selected_edge_type1_geometry/v1,selected_edge_type1_geometry__binary__fixed_tree-selected_tree__20260604T155730Z,selected_tree,binary_template,binary,binary_low_noise_4c,23,20281712,20283911,0.0001,0.01,80,100,True,ok,,1,False,0,2,0,0,0,0
selected_edge_type1_geometry/v1,selected_edge_type1_geometry__binary__fixed_tree-selected_tree__20260604T155730Z,fixed_tree,binary_template,binary,binary_low_noise_4c,23,20281712,20284811,0.001,0.01,80,100,True,ok,,1,False,0,2,0,0,0,0
selected_edge_type1_geometry/v1,selected_edge_type1_geometry__binary__fixed_tree-selected_tree__20260604T155730Z,selected_tree,binary_template,binary,binary_low_noise_4c,23,20281712,20284811,0.001,0.01,80,100,True,decomposition_error,"Cannot fit sibling inflation model: no strict-null or stopped-edge empirical-null calibration records with positive weight. Found 79 selected non-null positive-weight record(s), which are not valid empirical-null calibration support.",0,False,9,158,158,0,0,1
selected_edge_type1_geometry/v1,selected_edge_type1_geometry__binary__fixed_tree-selected_tree__20260604T155730Z,fixed_tree,binary_template,binary,binary_low_noise_4c,27,20285380,20287947,0.0001,0.01,80,100,True,ok,,1,False,0,2,0,0,0,0
selected_edge_type1_geometry/v1,selected_edge_type1_geometry__binary__fixed_tree-selected_tree__20260604T155730Z,selected_tree,binary_template,binary,binary_low_noise_4c,27,20285380,20287947,0.0001,0.01,80,100,True,decomposition_error,"Cannot fit sibling inflation model: no strict-null or stopped-edge empirical-null calibration records with positive weight. Found 79 selected non-null positive-weight record(s), which are not valid empirical-null calibration support.",0,False,10,158,158,0,0,1
selected_edge_type1_geometry/v1,selected_edge_type1_geometry__binary__fixed_tree-selected_tree__20260604T155730Z,fixed_tree,binary_template,binary,binary_low_noise_4c,27,20285380,20288847,0.001,0.01,80,100,True,ok,,1,False,0,2,0,0,0,0
selected_edge_type1_geometry/v1,selected_edge_type1_geometry__binary__fixed_tree-selected_tree__20260604T155730Z,selected_tree,binary_template,binary,binary_low_noise_4c,27,20285380,20288847,0.001,0.01,80,100,True,ok,,1,False,0,2,0,0,0,0
selected_edge_type1_geometry/v1,selected_edge_type1_geometry__binary__fixed_tree-selected_tree__20260604T155730Z,fixed_tree,binary_template,binary,binary_low_noise_4c,31,20289048,20291983,0.0001,0.01,80,100,True,ok,,1,False,0,2,0,0,0,0
selected_edge_type1_geometry/v1,selected_edge_type1_geometry__binary__fixed_tree-selected_tree__20260604T155730Z,selected_tree,binary_template,binary,binary_low_noise_4c,31,20289048,20291983,0.0001,0.01,80,100,True,ok,,1,False,0,2,0,0,0,0
selected_edge_type1_geometry/v1,selected_edge_type1_geometry__binary__fixed_tree-selected_tree__20260604T155730Z,fixed_tree,binary_template,binary,binary_low_noise_4c,31,20289048,20292883,0.001,0.01,80,100,True,ok,,1,False,0,2,0,0,0,0
selected_edge_type1_geometry/v1,selected_edge_type1_geometry__binary__fixed_tree-selected_tree__20260604T155730Z,selected_tree,binary_template,binary,binary_low_noise_4c,31,20289048,20292883,0.001,0.01,80,100,True,ok,,1,False,8,106,104,52,0,0
selected_edge_type1_geometry/v1,selected_edge_type1_geometry__binary__fixed_tree-selected_tree__20260604T155730Z,fixed_tree,binary_template,binary,binary_low_noise_4c,35,20292716,20296019,0.0001,0.01,80,100,True,ok,,1,False,0,2,0,0,0,0
selected_edge_type1_geometry/v1,selected_edge_type1_geometry__binary__fixed_tree-selected_tree__20260604T155730Z,selected_tree,binary_template,binary,binary_low_noise_4c,35,20292716,20296019,0.0001,0.01,80,100,True,decomposition_error,"Cannot fit sibling inflation model: no strict-null or stopped-edge empirical-null calibration records with positive weight. Found 79 selected non-null positive-weight record(s), which are not valid empirical-null calibration support.",0,False,9,158,158,0,0,1
selected_edge_type1_geometry/v1,selected_edge_type1_geometry__binary__fixed_tree-selected_tree__20260604T155730Z,fixed_tree,binary_template,binary,binary_low_noise_4c,35,20292716,20296919,0.001,0.01,80,100,True,ok,,1,False,0,2,0,0,0,0
selected_edge_type1_geometry/v1,selected_edge_type1_geometry__binary__fixed_tree-selected_tree__20260604T155730Z,selected_tree,binary_template,binary,binary_low_noise_4c,35,20292716,20296919,0.001,0.01,80,100,True,decomposition_error,"Cannot fit sibling inflation model: no strict-null or stopped-edge empirical-null calibration records with positive weight. Found 79 selected non-null positive-weight record(s), which are not valid empirical-null calibration support.",0,False,9,158,158,0,0,1
selected_edge_type1_geometry/v1,selected_edge_type1_geometry__binary__fixed_tree-selected_tree__20260604T155730Z,fixed_tree,binary_template,binary,binary_low_noise_4c,39,20296384,20300055,0.0001,0.01,80,100,True,ok,,1,False,0,2,0,0,0,0
selected_edge_type1_geometry/v1,selected_edge_type1_geometry__binary__fixed_tree-selected_tree__20260604T155730Z,selected_tree,binary_template,binary,binary_low_noise_4c,39,20296384,20300055,0.0001,0.01,80,100,True,decomposition_error,"Cannot fit sibling inflation model: no strict-null or stopped-edge empirical-null calibration records with positive weight. Found 79 selected non-null positive-weight record(s), which are not valid empirical-null calibration support.",0,False,10,158,158,0,0,1
selected_edge_type1_geometry/v1,selected_edge_type1_geometry__binary__fixed_tree-selected_tree__20260604T155730Z,fixed_tree,binary_template,binary,binary_low_noise_4c,39,20296384,20300955,0.001,0.01,80,100,True,ok,,1,False,1,6,2,1,0,0
selected_edge_type1_geometry/v1,selected_edge_type1_geometry__binary__fixed_tree-selected_tree__20260604T155730Z,selected_tree,binary_template,binary,binary_low_noise_4c,39,20296384,20300955,0.001,0.01,80,100,True,decomposition_error,"Cannot fit sibling inflation model: no strict-null or stopped-edge empirical-null calibration records with positive weight. Found 79 selected non-null positive-weight record(s), which are not valid empirical-null calibration support.",0,False,9,158,158,0,0,1
