node_id,node_label,leaf_count,is_leaf,Child_Parent_Divergence_P_Value,Child_Parent_Divergence_P_Value_BH,Child_Parent_Divergence_Significant,Child_Parent_Divergence_df,Child_Parent_Divergence_Invalid,Child_Parent_Divergence_Tested,Child_Parent_Divergence_Ancestor_Blocked,Sibling_Divergence_Skipped,Sibling_Test_Statistic,Sibling_Degrees_of_Freedom,Sibling_Divergence_P_Value,Sibling_Divergence_P_Value_Corrected,Sibling_Divergence_Invalid,Sibling_BH_Different,Sibling_BH_Same,Sibling_Test_Method,parent_node,parent_label,branch_length
L0,L1,1,True,1.7519344905178455e-23,1.7519344905178455e-23,True,2.0,False,True,False,True,,,,,False,False,False,nan,N582,N582,0.336667
L1,L2,1,True,1.0530617357554672e-20,,False,2.0,False,False,True,True,,,,,False,False,False,nan,N449,N449,0.306667
L2,L3,1,True,5.242885663364359e-22,,False,2.0,False,False,True,True,,,,,False,False,False,nan,N535,N535,0.326667
L3,L4,1,True,2.862518580549076e-20,2.862518580549076e-20,True,2.0,False,True,False,True,,,,,False,False,False,nan,N432,N432,0.3
L4,L5,1,True,2.862518580549076e-20,,False,2.0,False,False,True,True,,,,,False,False,False,nan,N431,N431,0.3
L5,L6,1,True,4.882427881964935e-24,,False,2.0,False,False,True,True,,,,,False,False,False,nan,N583,N583,0.336667
L6,L7,1,True,2.862518580549076e-20,,False,2.0,False,False,True,True,,,,,False,False,False,nan,N431,N431,0.3
L7,L8,1,True,5.242885663364359e-22,,False,2.0,False,False,True,True,,,,,False,False,False,nan,N538,N538,0.326667
L8,L9,1,True,7.781132241134238e-20,7.781132241134238e-20,True,2.0,False,True,False,True,,,,,False,False,False,nan,N422,N422,0.293333
L9,L10,1,True,4.614790153551326e-23,4.614790153551392e-23,True,2.0,False,True,False,True,,,,,False,False,False,nan,N506,N506,0.32
L10,L11,1,True,1.4251640827408392e-21,1.4251640827408392e-21,True,2.0,False,True,False,True,,,,,False,False,False,nan,N508,N508,0.32
L11,L12,1,True,2.862518580549076e-20,2.862518580549076e-20,True,2.0,False,True,False,True,,,,,False,False,False,nan,N432,N432,0.3
L12,L13,1,True,5.242885663364359e-22,,False,2.0,False,False,True,True,,,,,False,False,False,nan,N539,N539,0.326667
L13,L14,1,True,2.115131037591095e-19,,False,2.0,False,False,True,True,,,,,False,False,False,nan,N414,N414,0.286667
L14,L15,1,True,1.4251640827408392e-21,1.4251640827408392e-21,True,2.0,False,True,False,True,,,,,False,False,False,nan,N508,N508,0.32
L15,L16,1,True,3.873997628686866e-21,,False,2.0,False,False,True,True,,,,,False,False,False,nan,N482,N482,0.313333
L16,L17,1,True,3.873997628686866e-21,3.873997628686866e-21,True,2.0,False,True,False,True,,,,,False,False,False,nan,N486,N486,0.313333
L17,L18,1,True,1.4251640827408392e-21,1.4251640827408392e-21,True,2.0,False,True,False,True,,,,,False,False,False,nan,N513,N513,0.32
L18,L19,1,True,1.4251640827408392e-21,1.4251640827408392e-21,True,2.0,False,True,False,True,,,,,False,False,False,nan,N509,N509,0.32
L19,L20,1,True,1.4251640827408392e-21,1.4251640827408392e-21,True,2.0,False,True,False,True,,,,,False,False,False,nan,N510,N510,0.32
L20,L21,1,True,5.242885663364359e-22,5.242885663364359e-22,True,2.0,False,True,False,True,,,,,False,False,False,nan,N543,N543,0.326667
L21,L22,1,True,5.524260136134086e-24,,False,2.0,False,False,True,True,,,,,False,False,False,nan,N613,N613,0.346667
L22,L23,1,True,2.4033285490700958e-24,2.4033285490700958e-24,True,2.0,False,True,False,True,,,,,False,False,False,nan,N607,N607,0.344444
L23,L24,1,True,1.0530617357554672e-20,1.0530617357554672e-20,True,2.0,False,True,False,True,,,,,False,False,False,nan,N454,N454,0.306667
L24,L25,1,True,5.242885663364359e-22,,False,2.0,False,False,True,True,,,,,False,False,False,nan,N539,N539,0.326667
L25,L26,1,True,1.4251640827408392e-21,,False,2.0,False,False,True,True,,,,,False,False,False,nan,N512,N512,0.32
L26,L27,1,True,5.242885663364359e-22,5.242885663364359e-22,True,2.0,False,True,False,True,,,,,False,False,False,nan,N536,N536,0.326667
L27,L28,1,True,1.0530617357554672e-20,,False,2.0,False,False,True,True,,,,,False,False,False,nan,N450,N450,0.306667
L28,L29,1,True,1.929547259299381e-23,,False,2.0,False,False,True,True,,,,,False,False,False,nan,N562,N562,0.333333
L29,L30,1,True,7.095474162283834e-23,,False,2.0,False,False,True,True,,,,,False,False,False,nan,N592,N592,0.34
L30,L31,1,True,1.0530617357554672e-20,,False,2.0,False,False,True,True,,,,,False,False,False,nan,N455,N455,0.306667
L31,L32,1,True,7.095474162283834e-23,7.095474162283834e-23,True,2.0,False,True,False,True,,,,,False,False,False,nan,N593,N593,0.34
L32,L33,1,True,1.7587922024245267e-25,1.7587922024245267e-25,True,2.0,False,True,False,True,,,,,False,False,False,nan,N736,N736,0.38
L33,L34,1,True,1.0530617357554672e-20,,False,2.0,False,False,True,True,,,,,False,False,False,nan,N451,N451,0.306667
L34,L35,1,True,3.873997628686866e-21,3.873997628686866e-21,True,2.0,False,True,False,True,,,,,False,False,False,nan,N484,N484,0.313333
L35,L36,1,True,1.7587922024245267e-25,1.7587922024245267e-25,True,2.0,False,True,False,True,,,,,False,False,False,nan,N736,N736,0.38
L36,L37,1,True,2.862518580549076e-20,2.862518580549076e-20,True,2.0,False,True,False,True,,,,,False,False,False,nan,N435,N435,0.3
L37,L38,1,True,2.862518580549076e-20,2.862518580549076e-20,True,2.0,False,True,False,True,,,,,False,False,False,nan,N433,N433,0.3
L38,L39,1,True,7.095474162283834e-23,7.095474162283834e-23,True,2.0,False,True,False,True,,,,,False,False,False,nan,N597,N597,0.34
L39,L40,1,True,7.781132241134238e-20,7.781132241134238e-20,True,2.0,False,True,False,True,,,,,False,False,False,nan,N420,N420,0.293333
L40,L41,1,True,7.781132241134238e-20,,False,2.0,False,False,True,True,,,,,False,False,False,nan,N421,N421,0.293333
L41,L42,1,True,1.0530617357554672e-20,1.0530617357554672e-20,True,2.0,False,True,False,True,,,,,False,False,False,nan,N456,N456,0.306667
L42,L43,1,True,2.862518580549076e-20,2.862518580549076e-20,True,2.0,False,True,False,True,,,,,False,False,False,nan,N435,N435,0.3
L43,L44,1,True,3.873997628686866e-21,3.873997628686866e-21,True,2.0,False,True,False,True,,,,,False,False,False,nan,N479,N479,0.313333
L44,L45,1,True,3.343108036694099e-24,,False,2.0,False,False,True,True,,,,,False,False,False,nan,N590,N590,0.34
L45,L46,1,True,9.602680054509118e-24,,False,2.0,False,False,True,True,,,,,False,False,False,nan,N640,N640,0.353333
L46,L47,1,True,2.862518580549076e-20,,False,2.0,False,False,True,True,,,,,False,False,False,nan,N434,N434,0.3
L47,L48,1,True,7.781132241134238e-20,7.781132241134238e-20,True,2.0,False,True,False,True,,,,,False,False,False,nan,N420,N420,0.293333
L48,L49,1,True,5.442942639024382e-25,5.442942639024382e-25,True,2.0,False,True,False,True,,,,,False,False,False,nan,N626,N626,0.35
L49,L50,1,True,5.242885663364359e-22,5.242885663364359e-22,True,2.0,False,True,False,True,,,,,False,False,False,nan,N544,N544,0.326667
L50,L51,1,True,7.781132241134238e-20,7.781132241134238e-20,True,2.0,False,True,False,True,,,,,False,False,False,nan,N422,N422,0.293333
L51,L52,1,True,2.862518580549076e-20,2.862518580549076e-20,True,2.0,False,True,False,True,,,,,False,False,False,nan,N433,N433,0.3
L52,L53,1,True,1.0530617357554672e-20,,False,2.0,False,False,True,True,,,,,False,False,False,nan,N448,N448,0.306667
L53,L54,1,True,2.115131037591095e-19,,False,2.0,False,False,True,True,,,,,False,False,False,nan,N414,N414,0.286667
L54,L55,1,True,5.242885663364359e-22,5.242885663364359e-22,True,2.0,False,True,False,True,,,,,False,False,False,nan,N543,N543,0.326667
L55,L56,1,True,4.614790153551058e-23,4.614790153551058e-23,True,2.0,False,True,False,True,,,,,False,False,False,nan,N507,N507,0.32
L56,L57,1,True,2.742129611757424e-25,,False,2.0,False,False,True,True,,,,,False,False,False,nan,N638,N638,0.353333
L57,L58,1,True,5.242885663364359e-22,5.242885663364359e-22,True,2.0,False,True,False,True,,,,,False,False,False,nan,N541,N541,0.326667
L58,L59,1,True,1.0530617357554672e-20,,False,2.0,False,False,True,True,,,,,False,False,False,nan,N451,N451,0.306667
L59,L60,1,True,7.095474162283834e-23,7.095474162283834e-23,True,2.0,False,True,False,True,,,,,False,False,False,nan,N593,N593,0.34
L60,L61,1,True,3.873997628686866e-21,,False,2.0,False,False,True,True,,,,,False,False,False,nan,N483,N483,0.313333
L61,L62,1,True,3.873997628686866e-21,3.873997628686866e-21,True,2.0,False,True,False,True,,,,,False,False,False,nan,N477,N477,0.313333
L62,L63,1,True,1.0530617357554672e-20,,False,2.0,False,False,True,True,,,,,False,False,False,nan,N448,N448,0.306667
L63,L64,1,True,5.749522264293611e-19,5.749522264293611e-19,True,2.0,False,True,False,True,,,,,False,False,False,nan,N404,N404,0.28
L64,L65,1,True,2.980470276995084e-22,,False,2.0,False,False,True,True,,,,,False,False,False,nan,N453,N453,0.306667
L65,L66,1,True,1.1223023429199024e-24,1.1223023429199187e-24,True,2.0,False,True,False,True,,,,,False,False,False,nan,N612,N612,0.346667
L66,L67,1,True,1.0530617357554672e-20,1.0530617357554672e-20,True,2.0,False,True,False,True,,,,,False,False,False,nan,N456,N456,0.306667
L67,L68,1,True,3.873997628686866e-21,3.873997628686866e-21,True,2.0,False,True,False,True,,,,,False,False,False,nan,N479,N479,0.313333
L68,L69,1,True,4.3836975962360497e-23,4.3836975962360497e-23,True,2.0,False,True,False,True,,,,,False,False,False,nan,N531,N531,0.323333
L69,L70,1,True,1.4251640827408392e-21,1.4251640827408392e-21,True,2.0,False,True,False,True,,,,,False,False,False,nan,N513,N513,0.32
L70,L71,1,True,3.873997628686866e-21,,False,2.0,False,False,True,True,,,,,False,False,False,nan,N483,N483,0.313333
L71,L72,1,True,1.0389608107453935e-23,1.0389608107453935e-23,True,2.0,False,True,False,True,,,,,False,False,False,nan,N556,N556,0.33
L72,L73,1,True,1.0530617357554672e-20,,False,2.0,False,False,True,True,,,,,False,False,False,nan,N449,N449,0.306667
L73,L74,1,True,5.242885663364359e-22,5.242885663364359e-22,True,2.0,False,True,False,True,,,,,False,False,False,nan,N541,N541,0.326667
L74,L75,1,True,5.242885663364359e-22,5.242885663364359e-22,True,2.0,False,True,False,True,,,,,False,False,False,nan,N536,N536,0.326667
L75,L76,1,True,1.0530617357554672e-20,1.0530617357554672e-20,True,2.0,False,True,False,True,,,,,False,False,False,nan,N454,N454,0.306667
L76,L77,1,True,1.0530617357554672e-20,,False,2.0,False,False,True,True,,,,,False,False,False,nan,N450,N450,0.306667
L77,L78,1,True,7.095474162283834e-23,7.095474162283834e-23,True,2.0,False,True,False,True,,,,,False,False,False,nan,N595,N595,0.34
L78,L79,1,True,1.4251640827408392e-21,1.4251640827408392e-21,True,2.0,False,True,False,True,,,,,False,False,False,nan,N511,N511,0.32
L79,L80,1,True,5.2023127209325486e-24,,False,2.0,False,False,True,True,,,,,False,False,False,nan,N575,N575,0.333333
L80,L81,1,True,5.242885663364359e-22,5.242885663364359e-22,True,2.0,False,True,False,True,,,,,False,False,False,nan,N544,N544,0.326667
L81,L82,1,True,3.167502205509866e-23,,False,2.0,False,False,True,True,,,,,False,False,False,nan,N529,N529,0.323333
L82,L83,1,True,1.0530617357554672e-20,,False,2.0,False,False,True,True,,,,,False,False,False,nan,N460,N460,0.306667
L83,L84,1,True,5.242885663364359e-22,,False,2.0,False,False,True,True,,,,,False,False,False,nan,N538,N538,0.326667
L84,L85,1,True,5.242885663364359e-22,,False,2.0,False,False,True,True,,,,,False,False,False,nan,N535,N535,0.326667
L85,L86,1,True,1.4251640827408392e-21,1.4251640827408392e-21,True,2.0,False,True,False,True,,,,,False,False,False,nan,N509,N509,0.32
L86,L87,1,True,1.0530617357554672e-20,,False,2.0,False,False,True,True,,,,,False,False,False,nan,N455,N455,0.306667
L87,L88,1,True,7.781132241134238e-20,,False,2.0,False,False,True,True,,,,,False,False,False,nan,N421,N421,0.293333
L88,L89,1,True,7.095474162283834e-23,,False,2.0,False,False,True,True,,,,,False,False,False,nan,N592,N592,0.34
L89,L90,1,True,2.296136009517173e-24,,False,2.0,False,False,True,True,,,,,False,False,False,nan,N603,N603,0.343333
L90,L91,1,True,5.241518081410238e-24,,False,2.0,False,False,True,True,,,,,False,False,False,nan,N563,N563,0.333333
L91,L92,1,True,1.4251640827408392e-21,1.4251640827408392e-21,True,2.0,False,True,False,True,,,,,False,False,False,nan,N510,N510,0.32
L92,L93,1,True,3.873997628686866e-21,3.873997628686866e-21,True,2.0,False,True,False,True,,,,,False,False,False,nan,N477,N477,0.313333
L93,L94,1,True,3.873997628686866e-21,,False,2.0,False,False,True,True,,,,,False,False,False,nan,N482,N482,0.313333
L94,L95,1,True,3.873997628686866e-21,3.873997628686866e-21,True,2.0,False,True,False,True,,,,,False,False,False,nan,N486,N486,0.313333
L95,L96,1,True,1.4251640827408392e-21,1.4251640827408392e-21,True,2.0,False,True,False,True,,,,,False,False,False,nan,N511,N511,0.32
L96,L97,1,True,2.862518580549076e-20,,False,2.0,False,False,True,True,,,,,False,False,False,nan,N434,N434,0.3
L97,L98,1,True,2.0641589236972438e-27,,False,2.0,False,False,True,True,,,,,False,False,False,nan,N668,N668,0.36
L98,L99,1,True,5.749522264293611e-19,5.749522264293611e-19,True,2.0,False,True,False,True,,,,,False,False,False,nan,N404,N404,0.28
L99,L100,1,True,3.873997628686866e-21,3.873997628686866e-21,True,2.0,False,True,False,True,,,,,False,False,False,nan,N484,N484,0.313333
L100,L101,1,True,5.749522264293611e-19,5.749522264293611e-19,True,2.0,False,True,False,True,,,,,False,False,False,nan,N411,N411,0.28
L101,L102,1,True,3.873997628686866e-21,3.873997628686866e-21,True,2.0,False,True,False,True,,,,,False,False,False,nan,N497,N497,0.313333
L102,L103,1,True,1.4251640827408392e-21,,False,2.0,False,False,True,True,,,,,False,False,False,nan,N526,N526,0.32
L103,L104,1,True,2.6102790696672786e-23,2.6102790696672786e-23,True,2.0,False,True,False,True,,,,,False,False,False,nan,N617,N617,0.346667
L104,L105,1,True,1.159282547240116e-25,1.159282547240116e-25,True,2.0,False,True,False,True,,,,,False,False,False,nan,N676,N676,0.363333
L105,L106,1,True,1.0530617357554672e-20,,False,2.0,False,False,True,True,,,,,False,False,False,nan,N475,N475,0.306667
L106,L107,1,True,5.689479733297894e-25,,False,2.0,False,False,True,True,,,,,False,False,False,nan,N534,N534,0.324444
L107,L108,1,True,9.602680054509118e-24,9.602680054509118e-24,True,2.0,False,True,False,True,,,,,False,False,False,nan,N643,N643,0.353333
L108,L109,1,True,1.9287498479642122e-22,1.9287498479642122e-22,True,2.0,False,True,False,True,,,,,False,False,False,nan,N567,N567,0.333333
L109,L110,1,True,5.749522264293611e-19,,False,2.0,False,False,True,True,,,,,False,False,False,nan,N410,N410,0.28
L110,L111,1,True,3.5372814674423906e-23,,False,2.0,False,False,True,True,,,,,False,False,False,nan,N476,N476,0.313333
L111,L112,1,True,1.9287498479642122e-22,1.9287498479642122e-22,True,2.0,False,True,False,True,,,,,False,False,False,nan,N571,N571,0.333333
L112,L113,1,True,1.5335097056673826e-24,1.5335097056673826e-24,True,2.0,False,True,False,True,,,,,False,False,False,nan,N657,N657,0.357778
L113,L114,1,True,1.0530617357554672e-20,,False,2.0,False,False,True,True,,,,,False,False,False,nan,N470,N470,0.306667
L114,L115,1,True,3.873997628686866e-21,3.873997628686866e-21,True,2.0,False,True,False,True,,,,,False,False,False,nan,N499,N499,0.313333
L115,L116,1,True,2.115131037591095e-19,,False,2.0,False,False,True,True,,,,,False,False,False,nan,N419,N419,0.286667
L116,L117,1,True,1.0530617357554672e-20,,False,2.0,False,False,True,True,,,,,False,False,False,nan,N468,N468,0.306667
L117,L118,1,True,2.134617727790169e-24,2.134617727790169e-24,True,2.0,False,True,False,True,,,,,False,False,False,nan,N615,N615,0.346667
L118,L119,1,True,7.781132241134238e-20,,False,2.0,False,False,True,True,,,,,False,False,False,nan,N430,N430,0.293333
L119,L120,1,True,1.4251640827408392e-21,1.4251640827408392e-21,True,2.0,False,True,False,True,,,,,False,False,False,nan,N520,N520,0.32
L120,L121,1,True,1.0530617357554672e-20,,False,2.0,False,False,True,True,,,,,False,False,False,nan,N470,N470,0.306667
L121,L122,1,True,1.4251640827408392e-21,,False,2.0,False,False,True,True,,,,,False,False,False,nan,N527,N527,0.32
L122,L123,1,True,1.5628821893349905e-18,,False,2.0,False,False,True,True,,,,,False,False,False,nan,N403,N403,0.273333
L123,L124,1,True,1.9287498479642122e-22,1.9287498479642122e-22,True,2.0,False,True,False,True,,,,,False,False,False,nan,N572,N572,0.333333
L124,L125,1,True,1.0530617357554672e-20,,False,2.0,False,False,True,True,,,,,False,False,False,nan,N475,N475,0.306667
L125,L126,1,True,5.242885663364359e-22,5.242885663364359e-22,True,2.0,False,True,False,True,,,,,False,False,False,nan,N553,N553,0.326667
L126,L127,1,True,7.781132241134238e-20,,False,2.0,False,False,True,True,,,,,False,False,False,nan,N427,N427,0.293333
L127,L128,1,True,1.0530617357554672e-20,,False,2.0,False,False,True,True,,,,,False,False,False,nan,N468,N468,0.306667
L128,L129,1,True,3.873997628686866e-21,3.873997628686866e-21,True,2.0,False,True,False,True,,,,,False,False,False,nan,N496,N496,0.313333
L129,L130,1,True,3.873997628686866e-21,3.873997628686866e-21,True,2.0,False,True,False,True,,,,,False,False,False,nan,N492,N492,0.313333
L130,L131,1,True,2.115131037591095e-19,,False,2.0,False,False,True,True,,,,,False,False,False,nan,N419,N419,0.286667
L131,L132,1,True,3.873997628686866e-21,3.873997628686866e-21,True,2.0,False,True,False,True,,,,,False,False,False,nan,N492,N492,0.313333
L132,L133,1,True,1.5628821893349905e-18,,False,2.0,False,False,True,True,,,,,False,False,False,nan,N402,N402,0.273333
L133,L134,1,True,5.749522264293611e-19,,False,2.0,False,False,True,True,,,,,False,False,False,nan,N412,N412,0.28
L134,L135,1,True,1.0530617357554672e-20,,False,2.0,False,False,True,True,,,,,False,False,False,nan,N469,N469,0.306667
L135,L136,1,True,1.3827476596138098e-22,,False,2.0,False,False,True,True,,,,,False,False,False,nan,N490,N490,0.313333
L136,L137,1,True,3.873997628686866e-21,,False,2.0,False,False,True,True,,,,,False,False,False,nan,N491,N491,0.313333
L137,L138,1,True,3.569413488046152e-24,,False,2.0,False,False,True,True,,,,,False,False,False,nan,N584,N584,0.336667
L138,L139,1,True,7.781132241134238e-20,,False,2.0,False,False,True,True,,,,,False,False,False,nan,N427,N427,0.293333
L139,L140,1,True,6.824588024348966e-23,,False,2.0,False,False,True,True,,,,,False,False,False,nan,N504,N504,0.316667
L140,L141,1,True,1.2716930482677077e-25,1.2716930482677077e-25,True,2.0,False,True,False,True,,,,,False,False,False,nan,N667,N667,0.36
L141,L142,1,True,5.864557365781837e-25,5.864557365781837e-25,True,2.0,False,True,False,True,,,,,False,False,False,nan,N619,N619,0.346667
L142,L143,1,True,2.862518580549076e-20,,False,2.0,False,False,True,True,,,,,False,False,False,nan,N439,N439,0.3
L143,L144,1,True,1.0530617357554672e-20,,False,2.0,False,False,True,True,,,,,False,False,False,nan,N469,N469,0.306667
L144,L145,1,True,1.8282753422489578e-23,,False,2.0,False,False,True,True,,,,,False,False,False,nan,N587,N587,0.336667
L145,L146,1,True,5.749522264293611e-19,5.749522264293611e-19,True,2.0,False,True,False,True,,,,,False,False,False,nan,N411,N411,0.28
L146,L147,1,True,1.9287498479642122e-22,1.9287498479642122e-22,True,2.0,False,True,False,True,,,,,False,False,False,nan,N571,N571,0.333333
L147,L148,1,True,1.0530617357554672e-20,1.0530617357554672e-20,True,2.0,False,True,False,True,,,,,False,False,False,nan,N471,N471,0.306667
L148,L149,1,True,1.9287498479642122e-22,1.9287498479642122e-22,True,2.0,False,True,False,True,,,,,False,False,False,nan,N567,N567,0.333333
L149,L150,1,True,3.059040281210822e-24,3.059040281210822e-24,True,2.0,False,True,False,True,,,,,False,False,False,nan,N604,N604,0.343333
L150,L151,1,True,5.749522264293611e-19,,False,2.0,False,False,True,True,,,,,False,False,False,nan,N410,N410,0.28
L151,L152,1,True,0.8238812425813946,0.8238812425813954,False,2.0,False,True,False,True,,,,,False,False,False,nan,N735,N735,0.379545
L152,L153,1,True,3.873997628686866e-21,3.873997628686866e-21,True,2.0,False,True,False,True,,,,,False,False,False,nan,N496,N496,0.313333
L153,L154,1,True,1.4251640827408392e-21,,False,2.0,False,False,True,True,,,,,False,False,False,nan,N526,N526,0.32
L154,L155,1,True,1.5628821893349905e-18,,False,2.0,False,False,True,True,,,,,False,False,False,nan,N403,N403,0.273333
L155,L156,1,True,2.862518580549076e-20,2.862518580549076e-20,True,2.0,False,True,False,True,,,,,False,False,False,nan,N444,N444,0.3
L156,L157,1,True,3.873997628686866e-21,3.873997628686866e-21,True,2.0,False,True,False,True,,,,,False,False,False,nan,N498,N498,0.313333
L157,L158,1,True,5.242885663364359e-22,5.242885663364359e-22,True,2.0,False,True,False,True,,,,,False,False,False,nan,N553,N553,0.326667
L158,L159,1,True,4.7510577435110594e-24,,False,2.0,False,False,True,True,,,,,False,False,False,nan,N588,N588,0.336667
L159,L160,1,True,2.115131037591095e-19,2.115131037591095e-19,True,2.0,False,True,False,True,,,,,False,False,False,nan,N418,N418,0.286667
L160,L161,1,True,3.873997628686866e-21,3.873997628686866e-21,True,2.0,False,True,False,True,,,,,False,False,False,nan,N499,N499,0.313333
L161,L162,1,True,5.242885663364359e-22,5.242885663364359e-22,True,2.0,False,True,False,True,,,,,False,False,False,nan,N554,N554,0.326667
L162,L163,1,True,1.9255847433010806e-23,1.9255847433010806e-23,True,2.0,False,True,False,True,,,,,False,False,False,nan,N577,N577,0.333333
L163,L164,1,True,2.296136009517207e-24,2.296136009517207e-24,True,2.0,False,True,False,True,,,,,False,False,False,nan,N605,N605,0.343333
L164,L165,1,True,3.873997628686866e-21,3.873997628686866e-21,True,2.0,False,True,False,True,,,,,False,False,False,nan,N497,N497,0.313333
L165,L166,1,True,0.0022025241331871935,0.0022025241331872073,True,2.0,False,True,False,True,,,,,False,False,False,nan,N723,N723,0.376667
L166,L167,1,True,1.4251640827408392e-21,1.4251640827408392e-21,True,2.0,False,True,False,True,,,,,False,False,False,nan,N528,N528,0.32
L167,L168,1,True,2.862518580549076e-20,,False,2.0,False,False,True,True,,,,,False,False,False,nan,N443,N443,0.3
L168,L169,1,True,2.115131037591095e-19,2.115131037591095e-19,True,2.0,False,True,False,True,,,,,False,False,False,nan,N418,N418,0.286667
L169,L170,1,True,1.9287498479642122e-22,1.9287498479642122e-22,True,2.0,False,True,False,True,,,,,False,False,False,nan,N572,N572,0.333333
L170,L171,1,True,7.095474162283834e-23,7.095474162283834e-23,True,2.0,False,True,False,True,,,,,False,False,False,nan,N597,N597,0.34
L171,L172,1,True,7.781132241134238e-20,,False,2.0,False,False,True,True,,,,,False,False,False,nan,N430,N430,0.293333
L172,L173,1,True,1.5628821893349905e-18,,False,2.0,False,False,True,True,,,,,False,False,False,nan,N402,N402,0.273333
L173,L174,1,True,2.0301074628458574e-23,,False,2.0,False,False,True,True,,,,,False,False,False,nan,N558,N558,0.33
L174,L175,1,True,1.122302342919878e-24,1.122302342919886e-24,True,2.0,False,True,False,True,,,,,False,False,False,nan,N618,N618,0.346667
L175,L176,1,True,1.4251640827408392e-21,1.4251640827408392e-21,True,2.0,False,True,False,True,,,,,False,False,False,nan,N519,N519,0.32
L176,L177,1,True,2.862518580549076e-20,2.862518580549076e-20,True,2.0,False,True,False,True,,,,,False,False,False,nan,N445,N445,0.3
L177,L178,1,True,2.6102790696672786e-23,2.6102790696672786e-23,True,2.0,False,True,False,True,,,,,False,False,False,nan,N617,N617,0.346667
L178,L179,1,True,2.862518580549076e-20,2.862518580549076e-20,True,2.0,False,True,False,True,,,,,False,False,False,nan,N445,N445,0.3
L179,L180,1,True,8.960835218275335e-26,,False,2.0,False,False,True,True,,,,,False,False,False,nan,N581,N581,0.335556
L180,L181,1,True,1.4251640827408392e-21,,False,2.0,False,False,True,True,,,,,False,False,False,nan,N527,N527,0.32
L181,L182,1,True,1.657907174856257e-24,1.657907174856257e-24,True,2.0,False,True,False,True,,,,,False,False,False,nan,N606,N606,0.343333
L182,L183,1,True,2.862518580549076e-20,,False,2.0,False,False,True,True,,,,,False,False,False,nan,N439,N439,0.3
L183,L184,1,True,2.862518580549076e-20,2.862518580549076e-20,True,2.0,False,True,False,True,,,,,False,False,False,nan,N444,N444,0.3
L184,L185,1,True,6.03072099019196e-22,,False,2.0,False,False,True,True,,,,,False,False,False,nan,N447,N447,0.303333
L185,L186,1,True,3.873997628686866e-21,3.873997628686866e-21,True,2.0,False,True,False,True,,,,,False,False,False,nan,N500,N500,0.313333
L186,L187,1,True,1.0530617357554672e-20,1.0530617357554672e-20,True,2.0,False,True,False,True,,,,,False,False,False,nan,N471,N471,0.306667
L187,L188,1,True,3.873997628686866e-21,3.873997628686866e-21,True,2.0,False,True,False,True,,,,,False,False,False,nan,N498,N498,0.313333
L188,L189,1,True,7.908900767494903e-22,,False,2.0,False,False,True,True,,,,,False,False,False,nan,N467,N467,0.306667
L189,L190,1,True,5.242885663364359e-22,5.242885663364359e-22,True,2.0,False,True,False,True,,,,,False,False,False,nan,N554,N554,0.326667
L190,L191,1,True,3.4836951247343017e-28,3.4836951247343017e-28,True,2.0,False,True,False,True,,,,,False,False,False,nan,N726,N726,0.377778
L191,L192,1,True,3.873997628686866e-21,3.873997628686866e-21,True,2.0,False,True,False,True,,,,,False,False,False,nan,N500,N500,0.313333
L192,L193,1,True,1.4251640827408392e-21,1.4251640827408392e-21,True,2.0,False,True,False,True,,,,,False,False,False,nan,N519,N519,0.32
L193,L194,1,True,1.790260714379063e-21,,False,2.0,False,False,True,True,,,,,False,False,False,nan,N630,N630,0.35
L194,L195,1,True,3.873997628686866e-21,,False,2.0,False,False,True,True,,,,,False,False,False,nan,N491,N491,0.313333
L195,L196,1,True,9.602680054509118e-24,9.602680054509118e-24,True,2.0,False,True,False,True,,,,,False,False,False,nan,N643,N643,0.353333
L196,L197,1,True,2.862518580549076e-20,,False,2.0,False,False,True,True,,,,,False,False,False,nan,N443,N443,0.3
L197,L198,1,True,5.749522264293611e-19,,False,2.0,False,False,True,True,,,,,False,False,False,nan,N412,N412,0.28
L198,L199,1,True,1.4251640827408392e-21,1.4251640827408392e-21,True,2.0,False,True,False,True,,,,,False,False,False,nan,N528,N528,0.32
L199,L200,1,True,1.4251640827408392e-21,1.4251640827408392e-21,True,2.0,False,True,False,True,,,,,False,False,False,nan,N520,N520,0.32
L200,L201,1,True,1.0530617357554672e-20,,False,2.0,False,False,True,True,,,,,False,False,False,nan,N474,N474,0.306667
L201,L202,1,True,1.0530617357554672e-20,,False,2.0,False,False,True,True,,,,,False,False,False,nan,N472,N472,0.306667
L202,L203,1,True,1.4251640827408392e-21,,False,2.0,False,False,True,True,,,,,False,False,False,nan,N517,N517,0.32
L203,L204,1,True,3.873997628686866e-21,,False,2.0,False,False,True,True,,,,,False,False,False,nan,N493,N493,0.313333
L204,L205,1,True,7.781132241134238e-20,,False,2.0,False,False,True,True,,,,,False,False,False,nan,N425,N425,0.293333
L205,L206,1,True,1.4752453889809695e-27,,False,2.0,False,False,True,True,,,,,False,False,False,nan,N765,N765,0.39
L206,L207,1,True,1.2995814250073307e-24,,False,2.0,False,False,True,True,,,,,False,False,False,nan,N686,N686,0.366667
L207,L208,1,True,2.582111029618382e-24,,False,2.0,False,False,True,True,,,,,False,False,False,nan,N586,N586,0.336667
L208,L209,1,True,7.781132241134238e-20,,False,2.0,False,False,True,True,,,,,False,False,False,nan,N426,N426,0.293333
L209,L210,1,True,7.095474162283834e-23,7.095474162283834e-23,True,2.0,False,True,False,True,,,,,False,False,False,nan,N598,N598,0.34
L210,L211,1,True,1.4251640827408392e-21,,False,2.0,False,False,True,True,,,,,False,False,False,nan,N521,N521,0.32
L211,L212,1,True,5.749522264293611e-19,,False,2.0,False,False,True,True,,,,,False,False,False,nan,N409,N409,0.28
L212,L213,1,True,2.3031840322637705e-28,,False,2.0,False,False,True,True,,,,,False,False,False,nan,N699,N699,0.37
L213,L214,1,True,5.242885663364359e-22,,False,2.0,False,False,True,True,,,,,False,False,False,nan,N550,N550,0.326667
L214,L215,1,True,1.4251640827408392e-21,,False,2.0,False,False,True,True,,,,,False,False,False,nan,N522,N522,0.32
L215,L216,1,True,3.873997628686866e-21,,False,2.0,False,False,True,True,,,,,False,False,False,nan,N495,N495,0.313333
L216,L217,1,True,1.9287498479642122e-22,,False,2.0,False,False,True,True,,,,,False,False,False,nan,N566,N566,0.333333
L217,L218,1,True,2.862518580549076e-20,,False,2.0,False,False,True,True,,,,,False,False,False,nan,N442,N442,0.3
L218,L219,1,True,5.242885663364359e-22,,False,2.0,False,False,True,True,,,,,False,False,False,nan,N551,N551,0.326667
L219,L220,1,True,2.0413378322289974e-29,,False,2.0,False,False,True,True,,,,,False,False,False,nan,N663,N663,0.36
L220,L221,1,True,7.781132241134238e-20,,False,2.0,False,False,True,True,,,,,False,False,False,nan,N425,N425,0.293333
L221,L222,1,True,1.0530617357554672e-20,,False,2.0,False,False,True,True,,,,,False,False,False,nan,N473,N473,0.306667
L222,L223,1,True,3.3594160556155723e-23,,False,2.0,False,False,True,True,,,,,False,False,False,nan,N525,N525,0.32
L223,L224,1,True,2.115131037591095e-19,,False,2.0,False,False,True,True,,,,,False,False,False,nan,N417,N417,0.286667
L224,L225,1,True,3.873997628686866e-21,,False,2.0,False,False,True,True,,,,,False,False,False,nan,N495,N495,0.313333
L225,L226,1,True,8.441353633043155e-28,,False,2.0,False,False,True,True,,,,,False,False,False,nan,N754,N754,0.386667
L226,L227,1,True,1.6516898706323874e-24,,False,2.0,False,False,True,True,,,,,False,False,False,nan,N601,N601,0.343333
L227,L228,1,True,1.9287498479642122e-22,,False,2.0,False,False,True,True,,,,,False,False,False,nan,N569,N569,0.333333
L228,L229,1,True,1.9287498479642122e-22,,False,2.0,False,False,True,True,,,,,False,False,False,nan,N566,N566,0.333333
L229,L230,1,True,7.781132241134238e-20,,False,2.0,False,False,True,True,,,,,False,False,False,nan,N424,N424,0.293333
L230,L231,1,True,2.862518580549076e-20,,False,2.0,False,False,True,True,,,,,False,False,False,nan,N442,N442,0.3
L231,L232,1,True,2.3802664086945198e-26,,False,2.0,False,False,True,True,,,,,False,False,False,nan,N775,N775,0.393333
L232,L233,1,True,5.2023127209324355e-24,,False,2.0,False,False,True,True,,,,,False,False,False,nan,N576,N576,0.333333
L233,L234,1,True,3.873997628686866e-21,,False,2.0,False,False,True,True,,,,,False,False,False,nan,N494,N494,0.313333
L234,L235,1,True,7.781132241134238e-20,,False,2.0,False,False,True,True,,,,,False,False,False,nan,N426,N426,0.293333
L235,L236,1,True,1.0530617357554672e-20,,False,2.0,False,False,True,True,,,,,False,False,False,nan,N466,N466,0.306667
L236,L237,1,True,2.42897117161479e-24,,False,2.0,False,False,True,True,,,,,False,False,False,nan,N589,N589,0.34
L237,L238,1,True,1.0530617357554672e-20,,False,2.0,False,False,True,True,,,,,False,False,False,nan,N465,N465,0.306667
L238,L239,1,True,1.2995814250073307e-24,,False,2.0,False,False,True,True,,,,,False,False,False,nan,N685,N685,0.366667
L239,L240,1,True,1.0530617357554672e-20,,False,2.0,False,False,True,True,,,,,False,False,False,nan,N462,N462,0.306667
L240,L241,1,True,3.3374366341585913e-25,,False,2.0,False,False,True,True,,,,,False,False,False,nan,N665,N665,0.36
L241,L242,1,True,2.6102790696672786e-23,,False,2.0,False,False,True,True,,,,,False,False,False,nan,N616,N616,0.346667
L242,L243,1,True,2.3802664086945198e-26,,False,2.0,False,False,True,True,,,,,False,False,False,nan,N775,N775,0.393333
L243,L244,1,True,1.0530617357554672e-20,,False,2.0,False,False,True,True,,,,,False,False,False,nan,N464,N464,0.306667
L244,L245,1,True,1.2024511728798479e-23,,False,2.0,False,False,True,True,,,,,False,False,False,nan,N533,N533,0.323333
L245,L246,1,True,2.862518580549076e-20,,False,2.0,False,False,True,True,,,,,False,False,False,nan,N441,N441,0.3
L246,L247,1,True,5.242885663364359e-22,,False,2.0,False,False,True,True,,,,,False,False,False,nan,N545,N545,0.326667
L247,L248,1,True,1.5547561111189216e-24,,False,2.0,False,False,True,True,,,,,False,False,False,nan,N620,N620,0.346667
L248,L249,1,True,1.3041835130486884e-29,,False,2.0,False,False,True,True,,,,,False,False,False,nan,N692,N692,0.368333
L249,L250,1,True,7.781132241134238e-20,,False,2.0,False,False,True,True,,,,,False,False,False,nan,N428,N428,0.293333
L250,L251,1,True,1.4656796426174445e-23,,False,2.0,False,False,True,True,,,,,False,False,False,nan,N557,N557,0.33
L251,L252,1,True,1.5628821893349905e-18,,False,2.0,False,False,True,True,,,,,False,False,False,nan,N401,N401,0.273333
L252,L253,1,True,9.435829497325352e-23,,False,2.0,False,False,True,True,,,,,False,False,False,nan,N505,N505,0.316667
L253,L254,1,True,1.0530617357554672e-20,,False,2.0,False,False,True,True,,,,,False,False,False,nan,N466,N466,0.306667
L254,L255,1,True,1.0530617357554672e-20,,False,2.0,False,False,True,True,,,,,False,False,False,nan,N463,N463,0.306667
L255,L256,1,True,5.242885663364359e-22,,False,2.0,False,False,True,True,,,,,False,False,False,nan,N551,N551,0.326667
L256,L257,1,True,1.0530617357554672e-20,,False,2.0,False,False,True,True,,,,,False,False,False,nan,N474,N474,0.306667
L257,L258,1,True,1.0530617357554672e-20,,False,2.0,False,False,True,True,,,,,False,False,False,nan,N463,N463,0.306667
L258,L259,1,True,1.9287498479642122e-22,,False,2.0,False,False,True,True,,,,,False,False,False,nan,N568,N568,0.333333
L259,L260,1,True,1.4251640827408392e-21,,False,2.0,False,False,True,True,,,,,False,False,False,nan,N524,N524,0.32
L260,L261,1,True,1.4251640827408392e-21,,False,2.0,False,False,True,True,,,,,False,False,False,nan,N524,N524,0.32
L261,L262,1,True,7.781132241134238e-20,,False,2.0,False,False,True,True,,,,,False,False,False,nan,N429,N429,0.293333
L262,L263,1,True,3.873997628686866e-21,,False,2.0,False,False,True,True,,,,,False,False,False,nan,N493,N493,0.313333
L263,L264,1,True,1.9287498479642122e-22,,False,2.0,False,False,True,True,,,,,False,False,False,nan,N569,N569,0.333333
L264,L265,1,True,3.873997628686866e-21,,False,2.0,False,False,True,True,,,,,False,False,False,nan,N494,N494,0.313333
L265,L266,1,True,1.4251640827408392e-21,,False,2.0,False,False,True,True,,,,,False,False,False,nan,N523,N523,0.32
L266,L267,1,True,1.969031771115987e-25,,False,2.0,False,False,True,True,,,,,False,False,False,nan,N641,N641,0.353333
L267,L268,1,True,2.115131037591095e-19,,False,2.0,False,False,True,True,,,,,False,False,False,nan,N417,N417,0.286667
L268,L269,1,True,1.4251640827408392e-21,,False,2.0,False,False,True,True,,,,,False,False,False,nan,N522,N522,0.32
L269,L270,1,True,4.8259652416406915e-24,,False,2.0,False,False,True,True,,,,,False,False,False,nan,N585,N585,0.336667
L270,L271,1,True,1.4251640827408392e-21,,False,2.0,False,False,True,True,,,,,False,False,False,nan,N518,N518,0.32
L271,L272,1,True,5.749522264293611e-19,,False,2.0,False,False,True,True,,,,,False,False,False,nan,N409,N409,0.28
L272,L273,1,True,1.4251640827408392e-21,,False,2.0,False,False,True,True,,,,,False,False,False,nan,N521,N521,0.32
L273,L274,1,True,1.0530617357554672e-20,,False,2.0,False,False,True,True,,,,,False,False,False,nan,N473,N473,0.306667
L274,L275,1,True,3.873997628686866e-21,,False,2.0,False,False,True,True,,,,,False,False,False,nan,N488,N488,0.313333
L275,L276,1,True,2.862518580549076e-20,,False,2.0,False,False,True,True,,,,,False,False,False,nan,N441,N441,0.3
L276,L277,1,True,5.242885663364359e-22,,False,2.0,False,False,True,True,,,,,False,False,False,nan,N545,N545,0.326667
L277,L278,1,True,5.242885663364359e-22,,False,2.0,False,False,True,True,,,,,False,False,False,nan,N552,N552,0.326667
L278,L279,1,True,3.483562046311471e-22,,False,2.0,False,False,True,True,,,,,False,False,False,nan,N489,N489,0.313333
L279,L280,1,True,3.6235849985977523e-26,,False,2.0,False,False,True,True,,,,,False,False,False,nan,N724,N724,0.376667
L280,L281,1,True,1.4251640827408392e-21,,False,2.0,False,False,True,True,,,,,False,False,False,nan,N523,N523,0.32
L281,L282,1,True,2.6102790696672786e-23,,False,2.0,False,False,True,True,,,,,False,False,False,nan,N616,N616,0.346667
L282,L283,1,True,5.242885663364359e-22,,False,2.0,False,False,True,True,,,,,False,False,False,nan,N552,N552,0.326667
L283,L284,1,True,7.781132241134238e-20,,False,2.0,False,False,True,True,,,,,False,False,False,nan,N424,N424,0.293333
L284,L285,1,True,1.0530617357554672e-20,,False,2.0,False,False,True,True,,,,,False,False,False,nan,N472,N472,0.306667
L285,L286,1,True,1.2995814250073307e-24,,False,2.0,False,False,True,True,,,,,False,False,False,nan,N685,N685,0.366667
L286,L287,1,True,1.0530617357554672e-20,,False,2.0,False,False,True,True,,,,,False,False,False,nan,N464,N464,0.306667
L287,L288,1,True,1.4251640827408392e-21,,False,2.0,False,False,True,True,,,,,False,False,False,nan,N518,N518,0.32
L288,L289,1,True,5.242885663364359e-22,,False,2.0,False,False,True,True,,,,,False,False,False,nan,N550,N550,0.326667
L289,L290,1,True,1.2995814250073307e-24,,False,2.0,False,False,True,True,,,,,False,False,False,nan,N686,N686,0.366667
L290,L291,1,True,7.781132241134238e-20,,False,2.0,False,False,True,True,,,,,False,False,False,nan,N429,N429,0.293333
L291,L292,1,True,1.5628821893349905e-18,,False,2.0,False,False,True,True,,,,,False,False,False,nan,N401,N401,0.273333
L292,L293,1,True,1.0530617357554672e-20,,False,2.0,False,False,True,True,,,,,False,False,False,nan,N465,N465,0.306667
L293,L294,1,True,7.781132241134238e-20,,False,2.0,False,False,True,True,,,,,False,False,False,nan,N428,N428,0.293333
L294,L295,1,True,1.0530617357554672e-20,,False,2.0,False,False,True,True,,,,,False,False,False,nan,N462,N462,0.306667
L295,L296,1,True,3.055867373843286e-27,3.055867373843286e-27,True,2.0,False,True,False,True,,,,,False,False,False,nan,N755,N755,0.386667
L296,L297,1,True,3.873997628686866e-21,,False,2.0,False,False,True,True,,,,,False,False,False,nan,N488,N488,0.313333
L297,L298,1,True,1.4251640827408392e-21,,False,2.0,False,False,True,True,,,,,False,False,False,nan,N517,N517,0.32
L298,L299,1,True,1.9476446114615048e-28,,False,2.0,False,False,True,True,,,,,False,False,False,nan,N664,N664,0.36
L299,L300,1,True,1.9287498479642122e-22,,False,2.0,False,False,True,True,,,,,False,False,False,nan,N568,N568,0.333333
L300,L301,1,True,5.242885663364359e-22,,False,2.0,False,False,True,True,,,,,False,False,False,nan,N546,N546,0.326667
L301,L302,1,True,5.409505729378734e-26,,False,2.0,False,False,True,True,,,,,False,False,False,nan,N600,N600,0.342222
L302,L303,1,True,1.0530617357554672e-20,,False,2.0,False,False,True,True,,,,,False,False,False,nan,N452,N452,0.306667
L303,L304,1,True,2.862518580549076e-20,,False,2.0,False,False,True,True,,,,,False,False,False,nan,N436,N436,0.3
L304,L305,1,True,7.095474162283834e-23,,False,2.0,False,False,True,True,,,,,False,False,False,nan,N596,N596,0.34
L305,L306,1,True,3.873997628686866e-21,,False,2.0,False,False,True,True,,,,,False,False,False,nan,N487,N487,0.313333
L306,L307,1,True,1.9287498479642122e-22,,False,2.0,False,False,True,True,,,,,False,False,False,nan,N561,N561,0.333333
L307,L308,1,True,3.873997628686866e-21,,False,2.0,False,False,True,True,,,,,False,False,False,nan,N485,N485,0.313333
L308,L309,1,True,5.749522264293611e-19,,False,2.0,False,False,True,True,,,,,False,False,False,nan,N407,N407,0.28
L309,L310,1,True,3.873997628686866e-21,,False,2.0,False,False,True,True,,,,,False,False,False,nan,N481,N481,0.313333
L310,L311,1,True,8.18615479667948e-24,,False,2.0,False,False,True,True,,,,,False,False,False,nan,N549,N549,0.326667
L311,L312,1,True,3.873997628686866e-21,,False,2.0,False,False,True,True,,,,,False,False,False,nan,N478,N478,0.313333
L312,L313,1,True,5.242885663364359e-22,,False,2.0,False,False,True,True,,,,,False,False,False,nan,N542,N542,0.326667
L313,L314,1,True,1.4251640827408392e-21,,False,2.0,False,False,True,True,,,,,False,False,False,nan,N515,N515,0.32
L314,L315,1,True,3.7676461857637997e-25,3.7676461857637997e-25,True,2.0,False,True,False,True,,,,,False,False,False,nan,N637,N637,0.353333
L315,L316,1,True,5.242885663364359e-22,,False,2.0,False,False,True,True,,,,,False,False,False,nan,N548,N548,0.326667
L316,L317,1,True,3.873997628686866e-21,,False,2.0,False,False,True,True,,,,,False,False,False,nan,N480,N480,0.313333
L317,L318,1,True,1.4251640827408392e-21,,False,2.0,False,False,True,True,,,,,False,False,False,nan,N514,N514,0.32
L318,L319,1,True,5.242885663364359e-22,,False,2.0,False,False,True,True,,,,,False,False,False,nan,N540,N540,0.326667
L319,L320,1,True,2.0875772561955756e-23,,False,2.0,False,False,True,True,,,,,False,False,False,nan,N625,N625,0.348889
L320,L321,1,True,3.5326285722017086e-24,,False,2.0,False,False,True,True,,,,,False,False,False,nan,N662,N662,0.36
L321,L322,1,True,7.095474162283834e-23,,False,2.0,False,False,True,True,,,,,False,False,False,nan,N596,N596,0.34
L322,L323,1,True,2.862518580549076e-20,2.862518580549076e-20,True,2.0,False,True,False,True,,,,,False,False,False,nan,N438,N438,0.3
L323,L324,1,True,1.4251640827408392e-21,,False,2.0,False,False,True,True,,,,,False,False,False,nan,N516,N516,0.32
L324,L325,1,True,5.242885663364359e-22,,False,2.0,False,False,True,True,,,,,False,False,False,nan,N542,N542,0.326667
L325,L326,1,True,5.242885663364359e-22,,False,2.0,False,False,True,True,,,,,False,False,False,nan,N546,N546,0.326667
L326,L327,1,True,2.115131037591095e-19,,False,2.0,False,False,True,True,,,,,False,False,False,nan,N416,N416,0.286667
L327,L328,1,True,1.2899472912010396e-22,,False,2.0,False,False,True,True,,,,,False,False,False,nan,N503,N503,0.316667
L328,L329,1,True,3.873997628686866e-21,,False,2.0,False,False,True,True,,,,,False,False,False,nan,N487,N487,0.313333
L329,L330,1,True,2.862518580549076e-20,,False,2.0,False,False,True,True,,,,,False,False,False,nan,N440,N440,0.3
L330,L331,1,True,1.0530617357554672e-20,,False,2.0,False,False,True,True,,,,,False,False,False,nan,N460,N460,0.306667
L331,L332,1,True,1.9287498479642122e-22,,False,2.0,False,False,True,True,,,,,False,False,False,nan,N570,N570,0.333333
L332,L333,1,True,1.9287498479642122e-22,1.9287498479642122e-22,True,2.0,False,True,False,True,,,,,False,False,False,nan,N565,N565,0.333333
L333,L334,1,True,2.115131037591095e-19,,False,2.0,False,False,True,True,,,,,False,False,False,nan,N415,N415,0.286667
L334,L335,1,True,7.095474162283834e-23,7.095474162283834e-23,True,2.0,False,True,False,True,,,,,False,False,False,nan,N595,N595,0.34
L335,L336,1,True,1.4251640827408392e-21,,False,2.0,False,False,True,True,,,,,False,False,False,nan,N516,N516,0.32
L336,L337,1,True,1.1548224173015503e-17,,False,2.0,False,False,True,True,,,,,False,False,False,nan,N400,N400,0.26
L337,L338,1,True,7.781132241134238e-20,,False,2.0,False,False,True,True,,,,,False,False,False,nan,N423,N423,0.293333
L338,L339,1,True,2.115131037591095e-19,,False,2.0,False,False,True,True,,,,,False,False,False,nan,N415,N415,0.286667
L339,L340,1,True,2.115131037591095e-19,,False,2.0,False,False,True,True,,,,,False,False,False,nan,N416,N416,0.286667
L340,L341,1,True,5.749522264293611e-19,,False,2.0,False,False,True,True,,,,,False,False,False,nan,N406,N406,0.28
L341,L342,1,True,5.749522264293611e-19,,False,2.0,False,False,True,True,,,,,False,False,False,nan,N406,N406,0.28
L342,L343,1,True,1.4251640827408392e-21,,False,2.0,False,False,True,True,,,,,False,False,False,nan,N514,N514,0.32
L343,L344,1,True,7.095474162283834e-23,7.095474162283834e-23,True,2.0,False,True,False,True,,,,,False,False,False,nan,N594,N594,0.34
L344,L345,1,True,5.2189517767381605e-25,,False,2.0,False,False,True,True,,,,,False,False,False,nan,N642,N642,0.353333
L345,L346,1,True,7.095474162283834e-23,7.095474162283834e-23,True,2.0,False,True,False,True,,,,,False,False,False,nan,N598,N598,0.34
L346,L347,1,True,3.873997628686866e-21,,False,2.0,False,False,True,True,,,,,False,False,False,nan,N481,N481,0.313333
L347,L348,1,True,1.0530617357554672e-20,,False,2.0,False,False,True,True,,,,,False,False,False,nan,N461,N461,0.306667
L348,L349,1,True,1.0530617357554672e-20,,False,2.0,False,False,True,True,,,,,False,False,False,nan,N458,N458,0.306667
L349,L350,1,True,1.9287498479642122e-22,,False,2.0,False,False,True,True,,,,,False,False,False,nan,N561,N561,0.333333
L350,L351,1,True,9.602680054509118e-24,,False,2.0,False,False,True,True,,,,,False,False,False,nan,N640,N640,0.353333
L351,L352,1,True,3.873997628686866e-21,,False,2.0,False,False,True,True,,,,,False,False,False,nan,N478,N478,0.313333
L352,L353,1,True,5.749522264293611e-19,,False,2.0,False,False,True,True,,,,,False,False,False,nan,N405,N405,0.28
L353,L354,1,True,1.1987934361895592e-25,,False,2.0,False,False,True,True,,,,,False,False,False,nan,N677,N677,0.363333
L354,L355,1,True,1.849202819840942e-25,,False,2.0,False,False,True,True,,,,,False,False,False,nan,N659,N659,0.358333
L355,L356,1,True,1.0530617357554672e-20,,False,2.0,False,False,True,True,,,,,False,False,False,nan,N457,N457,0.306667
L356,L357,1,True,1.976046844997569e-24,1.976046844997569e-24,True,2.0,False,True,False,True,,,,,False,False,False,nan,N627,N627,0.35
L357,L358,1,True,1.0530617357554672e-20,,False,2.0,False,False,True,True,,,,,False,False,False,nan,N461,N461,0.306667
L358,L359,1,True,1.9287498479642122e-22,,False,2.0,False,False,True,True,,,,,False,False,False,nan,N570,N570,0.333333
L359,L360,1,True,0.18886969169043075,,False,2.0,False,False,True,True,,,,,False,False,False,nan,N673,N673,0.360833
L360,L361,1,True,1.0530617357554672e-20,,False,2.0,False,False,True,True,,,,,False,False,False,nan,N457,N457,0.306667
L361,L362,1,True,5.749522264293611e-19,,False,2.0,False,False,True,True,,,,,False,False,False,nan,N407,N407,0.28
L362,L363,1,True,1.0530617357554672e-20,,False,2.0,False,False,True,True,,,,,False,False,False,nan,N458,N458,0.306667
L363,L364,1,True,5.242885663364359e-22,,False,2.0,False,False,True,True,,,,,False,False,False,nan,N548,N548,0.326667
L364,L365,1,True,1.264415653478929e-24,,False,2.0,False,False,True,True,,,,,False,False,False,nan,N591,N591,0.34
L365,L366,1,True,1.9287498479642122e-22,,False,2.0,False,False,True,True,,,,,False,False,False,nan,N564,N564,0.333333
L366,L367,1,True,1.0530617357554672e-20,,False,2.0,False,False,True,True,,,,,False,False,False,nan,N452,N452,0.306667
L367,L368,1,True,5.242885663364359e-22,,False,2.0,False,False,True,True,,,,,False,False,False,nan,N540,N540,0.326667
L368,L369,1,True,1.0530617357554672e-20,,False,2.0,False,False,True,True,,,,,False,False,False,nan,N459,N459,0.306667
L369,L370,1,True,1.9287498479642122e-22,,False,2.0,False,False,True,True,,,,,False,False,False,nan,N564,N564,0.333333
L370,L371,1,True,3.5326285722017086e-24,,False,2.0,False,False,True,True,,,,,False,False,False,nan,N662,N662,0.36
L371,L372,1,True,5.749522264293611e-19,,False,2.0,False,False,True,True,,,,,False,False,False,nan,N405,N405,0.28
L372,L373,1,True,3.130363757006833e-23,,False,2.0,False,False,True,True,,,,,False,False,False,nan,N530,N530,0.323333
L373,L374,1,True,1.0530617357554672e-20,,False,2.0,False,False,True,True,,,,,False,False,False,nan,N459,N459,0.306667
L374,L375,1,True,3.873997628686866e-21,,False,2.0,False,False,True,True,,,,,False,False,False,nan,N485,N485,0.313333
L375,L376,1,True,1.4251640827408392e-21,,False,2.0,False,False,True,True,,,,,False,False,False,nan,N512,N512,0.32
L376,L377,1,True,6.1340199159214854e-24,,False,2.0,False,False,True,True,,,,,False,False,False,nan,N602,N602,0.343333
L377,L378,1,True,3.201194098213625e-21,,False,2.0,False,False,True,True,,,,,False,False,False,nan,N446,N446,0.3
L378,L379,1,True,2.115131037591095e-19,,False,2.0,False,False,True,True,,,,,False,False,False,nan,N413,N413,0.286667
L379,L380,1,True,2.862518580549076e-20,,False,2.0,False,False,True,True,,,,,False,False,False,nan,N440,N440,0.3
L380,L381,1,True,1.9287498479642122e-22,1.9287498479642122e-22,True,2.0,False,True,False,True,,,,,False,False,False,nan,N565,N565,0.333333
L381,L382,1,True,5.565100224458797e-25,,False,2.0,False,False,True,True,,,,,False,False,False,nan,N629,N629,0.35
L382,L383,1,True,5.749522264293611e-19,,False,2.0,False,False,True,True,,,,,False,False,False,nan,N408,N408,0.28
L383,L384,1,True,2.862518580549076e-20,,False,2.0,False,False,True,True,,,,,False,False,False,nan,N436,N436,0.3
L384,L385,1,True,2.333204007063676e-25,,False,2.0,False,False,True,True,,,,,False,False,False,nan,N666,N666,0.36
L385,L386,1,True,7.781132241134238e-20,,False,2.0,False,False,True,True,,,,,False,False,False,nan,N423,N423,0.293333
L386,L387,1,True,1.4251640827408392e-21,,False,2.0,False,False,True,True,,,,,False,False,False,nan,N515,N515,0.32
L387,L388,1,True,2.862518580549076e-20,,False,2.0,False,False,True,True,,,,,False,False,False,nan,N437,N437,0.3
L388,L389,1,True,9.708843763483674e-28,,False,2.0,False,False,True,True,,,,,False,False,False,nan,N579,N579,0.335
L389,L390,1,True,2.115131037591095e-19,,False,2.0,False,False,True,True,,,,,False,False,False,nan,N413,N413,0.286667
L390,L391,1,True,7.235739702958068e-24,,False,2.0,False,False,True,True,,,,,False,False,False,nan,N573,N573,0.333333
L391,L392,1,True,2.862518580549076e-20,2.862518580549076e-20,True,2.0,False,True,False,True,,,,,False,False,False,nan,N438,N438,0.3
L392,L393,1,True,7.095474162283834e-23,7.095474162283834e-23,True,2.0,False,True,False,True,,,,,False,False,False,nan,N594,N594,0.34
L393,L394,1,True,1.1548224173015503e-17,,False,2.0,False,False,True,True,,,,,False,False,False,nan,N400,N400,0.26
L394,L395,1,True,5.998354974205699e-23,,False,2.0,False,False,True,True,,,,,False,False,False,nan,N532,N532,0.323333
L395,L396,1,True,1.4254818726028348e-25,1.4254818726028658e-25,True,2.0,False,True,False,True,,,,,False,False,False,nan,N639,N639,0.353333
L396,L397,1,True,5.749522264293611e-19,,False,2.0,False,False,True,True,,,,,False,False,False,nan,N408,N408,0.28
L397,L398,1,True,4.102487330407103e-27,,False,2.0,False,False,True,True,,,,,False,False,False,nan,N696,N696,0.368889
L398,L399,1,True,3.873997628686866e-21,,False,2.0,False,False,True,True,,,,,False,False,False,nan,N480,N480,0.313333
L399,L400,1,True,2.862518580549076e-20,,False,2.0,False,False,True,True,,,,,False,False,False,nan,N437,N437,0.3
N400,N400,2,False,3.2011940982135788e-21,,False,2.0,False,False,True,True,,,,,False,False,False,nan,N446,N446,0.04
N401,N401,2,False,3.4835620463114197e-22,,False,2.0,False,False,True,True,,,,,False,False,False,nan,N489,N489,0.04
N402,N402,2,False,7.908900767494903e-22,,False,2.0,False,False,True,True,,,,,False,False,False,nan,N467,N467,0.033333
N403,N403,2,False,3.911823536888255e-21,,False,2.0,False,False,True,True,,,,,False,False,False,nan,N501,N501,0.041667
N404,N404,2,False,1.7519344905178455e-23,1.7519344905178455e-23,True,2.0,False,True,False,False,0.061075,20.0,1.0,1.0,False,False,True,adjusted_regression,N582,N582,0.056667
N405,N405,2,False,5.5242601361342454e-24,,False,2.0,False,False,True,True,,,,,False,False,False,nan,N613,N613,0.066667
N406,N406,2,False,3.4883921036753425e-21,,False,2.0,False,False,True,True,,,,,False,False,False,nan,N502,N502,0.036667
N407,N407,2,False,6.136806783283836e-22,,False,2.0,False,False,True,True,,,,,False,False,False,nan,N574,N574,0.053333
N408,N408,2,False,3.4883921036753425e-21,,False,2.0,False,False,True,True,,,,,False,False,False,nan,N502,N502,0.036667
N409,N409,2,False,7.488970088934239e-22,,False,2.0,False,False,True,True,,,,,False,False,False,nan,N560,N560,0.051667
N410,N410,2,False,1.575835340680248e-22,,False,2.0,False,False,True,True,,,,,False,False,False,nan,N578,N578,0.054167
N411,N411,2,False,3.112193023436895e-22,3.112193023436895e-22,True,2.0,False,True,False,False,0.085043,20.0,1.0,1.0,False,False,True,adjusted_regression,N599,N599,0.061667
N412,N412,2,False,1.8282753422489578e-23,,False,2.0,False,False,True,True,,,,,False,False,False,nan,N587,N587,0.056667
N413,N413,2,False,5.998354974205741e-23,,False,2.0,False,False,True,True,,,,,False,False,False,nan,N532,N532,0.036667
N414,N414,2,False,1.929547259299381e-23,,False,2.0,False,False,True,True,,,,,False,False,False,nan,N562,N562,0.046667
N415,N415,2,False,6.134019915921352e-24,,False,2.0,False,False,True,True,,,,,False,False,False,nan,N602,N602,0.056667
N416,N416,2,False,1.2899472912010396e-22,,False,2.0,False,False,True,True,,,,,False,False,False,nan,N503,N503,0.03
N417,N417,2,False,9.644452555739041e-23,,False,2.0,False,False,True,True,,,,,False,False,False,nan,N633,N633,0.064444
N418,N418,2,False,1.9255847433010806e-23,1.9255847433010806e-23,True,2.0,False,True,False,False,0.06085,20.0,1.0,1.0,False,False,True,adjusted_regression,N577,N577,0.046667
N419,N419,2,False,6.03072099019196e-22,,False,2.0,False,False,True,True,,,,,False,False,False,nan,N447,N447,0.016667
N420,N420,2,False,4.3836975962360497e-23,4.3836975962360497e-23,True,2.0,False,True,False,False,0.083895,20.0,1.0,1.0,False,False,True,adjusted_regression,N531,N531,0.03
N421,N421,2,False,2.980470276995127e-22,,False,2.0,False,False,True,True,,,,,False,False,False,nan,N453,N453,0.013333
N422,N422,2,False,1.9760468449975548e-24,1.976046844997569e-24,True,2.0,False,True,False,False,0.06003,20.0,1.0,1.0,False,False,True,adjusted_regression,N627,N627,0.056667
N423,N423,2,False,1.561048058965676e-24,,False,2.0,False,False,True,True,,,,,False,False,False,nan,N737,N737,0.086667
N424,N424,2,False,9.435829497325352e-23,,False,2.0,False,False,True,True,,,,,False,False,False,nan,N505,N505,0.023333
N425,N425,2,False,7.488970088934239e-22,,False,2.0,False,False,True,True,,,,,False,False,False,nan,N560,N560,0.038333
N426,N426,2,False,1.3357650357563373e-21,,False,2.0,False,False,True,True,,,,,False,False,False,nan,N547,N547,0.033333
N427,N427,2,False,1.3827476596138098e-22,,False,2.0,False,False,True,True,,,,,False,False,False,nan,N490,N490,0.02
N428,N428,2,False,7.191359033899299e-23,,False,2.0,False,False,True,True,,,,,False,False,False,nan,N621,N621,0.055
N429,N429,2,False,1.2066788453404963e-22,,False,2.0,False,False,True,True,,,,,False,False,False,nan,N622,N622,0.055
N430,N430,2,False,2.0301074628459012e-23,,False,2.0,False,False,True,True,,,,,False,False,False,nan,N558,N558,0.036667
N431,N431,2,False,4.5850082653721924e-21,,False,2.0,False,False,True,True,,,,,False,False,False,nan,N537,N537,0.026667
N432,N432,2,False,4.614790153551392e-23,4.614790153551392e-23,True,2.0,False,True,False,False,0.044573,20.0,1.0,1.0,False,False,True,adjusted_regression,N506,N506,0.02
N433,N433,2,False,4.614790153551058e-23,4.614790153551058e-23,True,2.0,False,True,False,False,0.091225,20.0,1.0,1.0,False,False,True,adjusted_regression,N507,N507,0.02
N434,N434,2,False,3.167502205509912e-23,,False,2.0,False,False,True,True,,,,,False,False,False,nan,N529,N529,0.023333
N435,N435,2,False,1.7151392539564623e-25,1.7151392539565e-25,True,2.0,False,True,False,False,0.08735,20.0,1.0,1.0,False,False,True,adjusted_regression,N729,N729,0.078
N436,N436,2,False,6.136806783283836e-22,,False,2.0,False,False,True,True,,,,,False,False,False,nan,N574,N574,0.033333
N437,N437,2,False,3.130363757006833e-23,,False,2.0,False,False,True,True,,,,,False,False,False,nan,N530,N530,0.023333
N438,N438,2,False,2.595916463337188e-24,2.595916463337188e-24,True,2.0,False,True,False,False,0.090431,20.0,1.0,1.0,False,False,True,adjusted_regression,N687,N687,0.066667
N439,N439,2,False,6.824588024349064e-23,,False,2.0,False,False,True,True,,,,,False,False,False,nan,N504,N504,0.016667
N440,N440,2,False,5.501404609032523e-22,,False,2.0,False,False,True,True,,,,,False,False,False,nan,N614,N614,0.046667
N441,N441,2,False,4.540664397376591e-22,,False,2.0,False,False,True,True,,,,,False,False,False,nan,N555,N555,0.028333
N442,N442,2,False,1.465679642617455e-23,,False,2.0,False,False,True,True,,,,,False,False,False,nan,N557,N557,0.03
N443,N443,2,False,1.5715397954008144e-22,,False,2.0,False,False,True,True,,,,,False,False,False,nan,N623,N623,0.048333
N444,N444,2,False,2.134617727790169e-24,2.134617727790169e-24,True,2.0,False,True,False,False,0.063571,20.0,1.0,1.0,False,False,True,adjusted_regression,N615,N615,0.046667
N445,N445,2,False,3.059040281210822e-24,3.059040281210822e-24,True,2.0,False,True,False,False,0.089793,20.0,1.0,1.0,False,False,True,adjusted_regression,N604,N604,0.043333
N446,N446,3,False,1.0122005009272018e-23,,False,2.0,False,False,True,True,,,,,False,False,False,nan,N679,N679,0.065778
N447,N447,3,False,5.689479733297813e-25,,False,2.0,False,False,True,True,,,,,False,False,False,nan,N534,N534,0.021111
N448,N448,2,False,2.296136009517173e-24,,False,2.0,False,False,True,True,,,,,False,False,False,nan,N603,N603,0.036667
N449,N449,2,False,5.592477735431363e-22,,False,2.0,False,False,True,True,,,,,False,False,False,nan,N559,N559,0.024444
N450,N450,2,False,4.882427881964971e-24,,False,2.0,False,False,True,True,,,,,False,False,False,nan,N583,N583,0.03
N451,N451,2,False,3.241666993907666e-24,,False,2.0,False,False,True,True,,,,,False,False,False,nan,N611,N611,0.04
N452,N452,2,False,2.8942810990562296e-22,,False,2.0,False,False,True,True,,,,,False,False,False,nan,N580,N580,0.028333
N453,N453,3,False,4.585008265372158e-21,,False,2.0,False,False,True,True,,,,,False,False,False,nan,N537,N537,0.02
N454,N454,2,False,1.0389608107453935e-23,1.0389608107453935e-23,True,2.0,False,True,False,False,0.083439,20.0,1.0,1.0,False,False,True,adjusted_regression,N556,N556,0.023333
N455,N455,2,False,3.343108036694099e-24,,False,2.0,False,False,True,True,,,,,False,False,False,nan,N590,N590,0.033333
N456,N456,2,False,3.200317054321177e-23,3.200317054321177e-23,True,2.0,False,True,False,False,0.108023,20.0,1.0,1.0,False,False,True,adjusted_regression,N635,N635,0.044444
N457,N457,2,False,1.561048058965676e-24,,False,2.0,False,False,True,True,,,,,False,False,False,nan,N737,N737,0.073333
N458,N458,2,False,1.0219743074534125e-22,,False,2.0,False,False,True,True,,,,,False,False,False,nan,N645,N645,0.0475
N459,N459,2,False,7.235739702957963e-24,,False,2.0,False,False,True,True,,,,,False,False,False,nan,N573,N573,0.026667
N460,N460,2,False,4.8399645355240186e-23,,False,2.0,False,False,True,True,,,,,False,False,False,nan,N650,N650,0.048889
N461,N461,2,False,2.5130479652011477e-22,,False,2.0,False,False,True,True,,,,,False,False,False,nan,N675,N675,0.055556
N462,N462,2,False,1.5547561111189216e-24,,False,2.0,False,False,True,True,,,,,False,False,False,nan,N620,N620,0.04
N463,N463,2,False,1.3357650357563373e-21,,False,2.0,False,False,True,True,,,,,False,False,False,nan,N547,N547,0.02
N464,N464,2,False,3.3594160556155723e-23,,False,2.0,False,False,True,True,,,,,False,False,False,nan,N525,N525,0.013333
N465,N465,2,False,3.3374366341585913e-25,,False,2.0,False,False,True,True,,,,,False,False,False,nan,N665,N665,0.053333
N466,N466,2,False,4.039004170938036e-23,,False,2.0,False,False,True,True,,,,,False,False,False,nan,N714,N714,0.066667
N467,N467,3,False,3.5372814674423906e-23,,False,2.0,False,False,True,True,,,,,False,False,False,nan,N476,N476,0.006667
N468,N468,2,False,4.751057743511162e-24,,False,2.0,False,False,True,True,,,,,False,False,False,nan,N588,N588,0.03
N469,N469,2,False,3.911823536888255e-21,,False,2.0,False,False,True,True,,,,,False,False,False,nan,N501,N501,0.008333
N470,N470,2,False,1.5715397954008144e-22,,False,2.0,False,False,True,True,,,,,False,False,False,nan,N623,N623,0.041667
N471,N471,2,False,2.296136009517207e-24,2.296136009517207e-24,True,2.0,False,True,False,False,0.078586,20.0,1.0,1.0,False,False,True,adjusted_regression,N605,N605,0.036667
N472,N472,2,False,4.8259652416406915e-24,,False,2.0,False,False,True,True,,,,,False,False,False,nan,N585,N585,0.03
N473,N473,2,False,4.540664397376591e-22,,False,2.0,False,False,True,True,,,,,False,False,False,nan,N555,N555,0.021667
N474,N474,2,False,1.9586100958790082e-22,,False,2.0,False,False,True,True,,,,,False,False,False,nan,N718,N718,0.068
N475,N475,2,False,8.943111387205919e-20,,False,2.0,False,False,True,True,,,,,False,False,False,nan,N705,N705,0.064762
N476,N476,4,False,1.575835340680248e-22,,False,2.0,False,False,True,True,,,,,False,False,False,nan,N578,N578,0.020833
N477,N477,2,False,1.1735938335023533e-22,1.1735938335023533e-22,True,2.0,False,True,False,False,0.084487,20.0,1.0,1.0,False,False,True,adjusted_regression,N628,N628,0.036667
N478,N478,2,False,2.8942810990562296e-22,,False,2.0,False,False,True,True,,,,,False,False,False,nan,N580,N580,0.021667
N479,N479,2,False,2.81540862449947e-22,2.81540862449947e-22,True,2.0,False,True,False,False,0.055467,20.0,1.0,1.0,False,False,True,adjusted_regression,N634,N634,0.037778
N480,N480,2,False,5.218951776738311e-25,,False,2.0,False,False,True,True,,,,,False,False,False,nan,N642,N642,0.04
N481,N481,2,False,2.3332040070637943e-25,,False,2.0,False,False,True,True,,,,,False,False,False,nan,N666,N666,0.046667
N482,N482,2,False,5.241518081410238e-24,,False,2.0,False,False,True,True,,,,,False,False,False,nan,N563,N563,0.02
N483,N483,2,False,5.2023127209326235e-24,,False,2.0,False,False,True,True,,,,,False,False,False,nan,N575,N575,0.02
N484,N484,2,False,1.1223023429199187e-24,1.1223023429199187e-24,True,2.0,False,True,False,False,0.073993,20.0,1.0,1.0,False,False,True,adjusted_regression,N612,N612,0.033333
N485,N485,2,False,1.200513508794243e-20,,False,2.0,False,False,True,True,,,,,False,False,False,nan,N646,N646,0.040952
N486,N486,2,False,2.8824980833752406e-24,2.8824980833752406e-24,True,2.0,False,True,False,False,0.093323,20.0,1.0,1.0,False,False,True,adjusted_regression,N702,N702,0.057778
N487,N487,2,False,1.461769174079846e-26,,False,2.0,False,False,True,True,,,,,False,False,False,nan,N703,N703,0.057778
N488,N488,2,False,2.42897117161479e-24,,False,2.0,False,False,True,True,,,,,False,False,False,nan,N589,N589,0.026667
N489,N489,3,False,4.875044280107658e-21,,False,2.0,False,False,True,True,,,,,False,False,False,nan,N671,N671,0.047407
N490,N490,3,False,8.960835218275074e-26,,False,2.0,False,False,True,True,,,,,False,False,False,nan,N581,N581,0.022222
N491,N491,2,False,3.569413488046152e-24,,False,2.0,False,False,True,True,,,,,False,False,False,nan,N584,N584,0.023333
N492,N492,2,False,9.49125040850698e-23,9.49125040850698e-23,True,2.0,False,True,False,False,0.062727,20.0,1.0,1.0,False,False,True,adjusted_regression,N608,N608,0.031667
N493,N493,2,False,3.6235849985977523e-26,,False,2.0,False,False,True,True,,,,,False,False,False,nan,N724,N724,0.063333
N494,N494,2,False,5.202312720932473e-24,,False,2.0,False,False,True,True,,,,,False,False,False,nan,N576,N576,0.02
N495,N495,2,False,1.6516898706323874e-24,,False,2.0,False,False,True,True,,,,,False,False,False,nan,N601,N601,0.03
N496,N496,2,False,8.74229605782267e-25,8.742296057823052e-25,True,2.0,False,True,False,False,0.058362,20.0,1.0,1.0,False,False,True,adjusted_regression,N716,N716,0.061111
N497,N497,2,False,1.122302342919886e-24,1.122302342919886e-24,True,2.0,False,True,False,False,0.060235,20.0,1.0,1.0,False,False,True,adjusted_regression,N618,N618,0.033333
N498,N498,2,False,3.71287278750639e-22,3.71287278750639e-22,True,2.0,False,True,False,False,0.072515,20.0,1.0,1.0,False,False,True,adjusted_regression,N644,N644,0.04
N499,N499,2,False,1.657907174856257e-24,1.657907174856257e-24,True,2.0,False,True,False,False,0.109866,20.0,1.0,1.0,False,False,True,adjusted_regression,N606,N606,0.03
N500,N500,2,False,6.005456788510087e-26,6.005456788510087e-26,True,2.0,False,True,False,False,0.073225,20.0,1.0,1.0,False,False,True,adjusted_regression,N774,N774,0.08
N501,N501,4,False,1.308202538523829e-23,,False,2.0,False,False,True,True,,,,,False,False,False,nan,N670,N670,0.045
N502,N502,4,False,9.708843763483674e-28,,False,2.0,False,False,True,True,,,,,False,False,False,nan,N579,N579,0.018333
N503,N503,3,False,5.409505729378655e-26,,False,2.0,False,False,True,True,,,,,False,False,False,nan,N600,N600,0.025556
N504,N504,3,False,6.929099461317357e-20,,False,2.0,False,False,True,True,,,,,False,False,False,nan,N624,N624,0.031852
N505,N505,3,False,8.53595144419938e-24,,False,2.0,False,False,True,True,,,,,False,False,False,nan,N654,N654,0.04037
N506,N506,3,False,2.81540862449947e-22,2.81540862449947e-22,True,2.0,False,True,False,False,1.360624,1.0,0.24342933497547736,0.48709826174496257,False,False,True,adjusted_regression,N634,N634,0.031111
N507,N507,3,False,2.4033285490700958e-24,2.4033285490700958e-24,True,2.0,False,True,False,False,1.360624,1.0,0.24342933497547697,0.48709826174496257,False,False,True,adjusted_regression,N607,N607,0.024444
N508,N508,2,False,2.268286271106301e-24,2.268286271106301e-24,True,2.0,False,True,False,False,0.123055,20.0,1.0,1.0,False,False,True,adjusted_regression,N722,N722,0.056667
N509,N509,2,False,5.442942639024382e-25,5.442942639024382e-25,True,2.0,False,True,False,False,0.058938,20.0,1.0,1.0,False,False,True,adjusted_regression,N626,N626,0.03
N510,N510,2,False,1.2737825712247448e-23,1.2737825712247448e-23,True,2.0,False,True,False,False,0.061438,20.0,1.0,1.0,False,False,True,adjusted_regression,N669,N669,0.04
N511,N511,2,False,3.7676461857637997e-25,3.7676461857637997e-25,True,2.0,False,True,False,False,0.092823,20.0,1.0,1.0,False,False,True,adjusted_regression,N637,N637,0.033333
N512,N512,2,False,1.1987934361895592e-25,,False,2.0,False,False,True,True,,,,,False,False,False,nan,N677,N677,0.043333
N513,N513,2,False,3.763289608689556e-24,3.763289608689556e-24,True,2.0,False,True,False,False,0.080478,20.0,1.0,1.0,False,False,True,adjusted_regression,N693,N693,0.048333
N514,N514,2,False,5.786190926443253e-24,,False,2.0,False,False,True,True,,,,,False,False,False,nan,N610,N610,0.025833
N515,N515,2,False,8.18615479667948e-24,,False,2.0,False,False,True,True,,,,,False,False,False,nan,N549,N549,0.006667
N516,N516,2,False,5.565100224458797e-25,,False,2.0,False,False,True,True,,,,,False,False,False,nan,N629,N629,0.03
N517,N517,2,False,1.2024511728798479e-23,,False,2.0,False,False,True,True,,,,,False,False,False,nan,N533,N533,0.003333
N518,N518,2,False,1.0923902916110302e-23,,False,2.0,False,False,True,True,,,,,False,False,False,nan,N649,N649,0.035
N519,N519,2,False,1.159282547240108e-25,1.159282547240116e-25,True,2.0,False,True,False,False,0.092489,20.0,1.0,1.0,False,False,True,adjusted_regression,N676,N676,0.043333
N520,N520,2,False,9.397630607133896e-24,9.397630607133896e-24,True,2.0,False,True,False,False,0.038349,20.0,1.0,1.0,False,False,True,adjusted_regression,N658,N658,0.037778
N521,N521,2,False,2.5821110296184005e-24,,False,2.0,False,False,True,True,,,,,False,False,False,nan,N586,N586,0.016667
N522,N522,2,False,7.191359033899299e-23,,False,2.0,False,False,True,True,,,,,False,False,False,nan,N621,N621,0.028333
N523,N523,2,False,6.490001337355381e-24,,False,2.0,False,False,True,True,,,,,False,False,False,nan,N651,N651,0.035556
N524,N524,2,False,1.2066788453404963e-22,,False,2.0,False,False,True,True,,,,,False,False,False,nan,N622,N622,0.028333
N525,N525,3,False,1.5664853608128805e-22,,False,2.0,False,False,True,True,,,,,False,False,False,nan,N631,N631,0.03
N526,N526,2,False,7.459215070654428e-23,,False,2.0,False,False,True,True,,,,,False,False,False,nan,N652,N652,0.035556
N527,N527,2,False,9.633425468670633e-18,,False,2.0,False,False,True,True,,,,,False,False,False,nan,N683,N683,0.046111
N528,N528,2,False,2.8960393247925904e-24,2.8960393247925904e-24,True,2.0,False,True,False,False,0.065718,20.0,1.0,1.0,False,False,True,adjusted_regression,N697,N697,0.048889
N529,N529,3,False,5.592477735431283e-22,,False,2.0,False,False,True,True,,,,,False,False,False,nan,N559,N559,0.007778
N530,N530,3,False,8.534522692121737e-20,,False,2.0,False,False,True,True,,,,,False,False,False,nan,N672,N672,0.037407
N531,N531,3,False,1.2737825712246894e-23,1.2737825712247448e-23,True,2.0,False,True,False,False,1.388402,1.0,0.23867510793476485,0.48709826174496257,False,False,True,adjusted_regression,N669,N669,0.036667
N532,N532,3,False,5.501404609032523e-22,,False,2.0,False,False,True,True,,,,,False,False,False,nan,N614,N614,0.023333
N533,N533,3,False,4.875044280107481e-21,,False,2.0,False,False,True,True,,,,,False,False,False,nan,N671,N671,0.037407
N534,N534,4,False,1.790260714379063e-21,,False,2.0,False,False,True,True,,,,,False,False,False,nan,N630,N630,0.025556
N535,N535,2,False,2.742129611757424e-25,,False,2.0,False,False,True,True,,,,,False,False,False,nan,N638,N638,0.026667
N536,N536,2,False,1.1735938335023533e-22,1.1735938335023533e-22,True,2.0,False,True,False,False,0.071742,20.0,1.0,1.0,False,False,True,adjusted_regression,N628,N628,0.023333
N537,N537,5,False,3.2416669939077832e-24,,False,2.0,False,False,True,True,,,,,False,False,False,nan,N611,N611,0.02
N538,N538,2,False,3.64340207827251e-24,,False,2.0,False,False,True,True,,,,,False,False,False,nan,N701,N701,0.044
N539,N539,2,False,2.9081497823917753e-22,,False,2.0,False,False,True,True,,,,,False,False,False,nan,N647,N647,0.028333
N540,N540,2,False,2.6390647521679988e-23,,False,2.0,False,False,True,True,,,,,False,False,False,nan,N648,N648,0.028333
N541,N541,2,False,1.0518337478067848e-24,1.0518337478067848e-24,True,2.0,False,True,False,False,0.085059,20.0,1.0,1.0,False,False,True,adjusted_regression,N695,N695,0.042222
N542,N542,2,False,1.2644156534789473e-24,,False,2.0,False,False,True,True,,,,,False,False,False,nan,N591,N591,0.013333
N543,N543,2,False,2.268286271106301e-24,2.268286271106301e-24,True,2.0,False,True,False,False,0.13265,20.0,1.0,1.0,False,False,True,adjusted_regression,N722,N722,0.05
N544,N544,2,False,3.763289608689556e-24,3.763289608689556e-24,True,2.0,False,True,False,False,0.085132,20.0,1.0,1.0,False,False,True,adjusted_regression,N693,N693,0.041667
N545,N545,2,False,3.509226250925163e-25,,False,2.0,False,False,True,True,,,,,False,False,False,nan,N660,N660,0.0325
N546,N546,2,False,3.724439842470773e-24,,False,2.0,False,False,True,True,,,,,False,False,False,nan,N713,N713,0.046667
N547,N547,4,False,1.9476446114615048e-28,,False,2.0,False,False,True,True,,,,,False,False,False,nan,N664,N664,0.033333
N548,N548,2,False,4.709421568419714e-23,,False,2.0,False,False,True,True,,,,,False,False,False,nan,N689,N689,0.040556
N549,N549,3,False,2.0875772561955756e-23,,False,2.0,False,False,True,True,,,,,False,False,False,nan,N625,N625,0.022222
N550,N550,2,False,4.6522579838460566e-24,,False,2.0,False,False,True,True,,,,,False,False,False,nan,N674,N674,0.035
N551,N551,2,False,1.5664853608128918e-22,,False,2.0,False,False,True,True,,,,,False,False,False,nan,N631,N631,0.023333
N552,N552,2,False,4.6522579838460566e-24,,False,2.0,False,False,True,True,,,,,False,False,False,nan,N674,N674,0.035
N553,N553,2,False,1.2716930482677077e-25,1.2716930482677077e-25,True,2.0,False,True,False,False,0.10603,20.0,1.0,1.0,False,False,True,adjusted_regression,N667,N667,0.033333
N554,N554,2,False,5.864557365781837e-25,5.864557365781837e-25,True,2.0,False,True,False,False,0.030566,20.0,1.0,1.0,False,False,True,adjusted_regression,N619,N619,0.02
N555,N555,4,False,1.1047199846690162e-22,,False,2.0,False,False,True,True,,,,,False,False,False,nan,N719,N719,0.047333
N556,N556,3,False,2.0031893864986428e-23,2.0031893864986428e-23,True,2.0,False,True,False,False,1.406913,1.0,0.2355694610742224,0.48709826174496257,False,False,True,adjusted_regression,N653,N653,0.027037
N557,N557,3,False,3.325283701421139e-23,,False,2.0,False,False,True,True,,,,,False,False,False,nan,N636,N636,0.022593
N558,N558,3,False,7.459215070654319e-23,,False,2.0,False,False,True,True,,,,,False,False,False,nan,N652,N652,0.025556
N559,N559,5,False,3.643402078272483e-24,,False,2.0,False,False,True,True,,,,,False,False,False,nan,N701,N701,0.039556
N560,N560,4,False,3.509226250925163e-25,,False,2.0,False,False,True,True,,,,,False,False,False,nan,N660,N660,0.0275
N561,N561,2,False,1.616968260935605e-24,,False,2.0,False,False,True,True,,,,,False,False,False,nan,N715,N715,0.04
N562,N562,3,False,6.7901186514456625e-22,,False,2.0,False,False,True,True,,,,,False,False,False,nan,N682,N682,0.032778
N563,N563,3,False,4.43760723335245e-23,,False,2.0,False,False,True,True,,,,,False,False,False,nan,N691,N691,0.034603
N564,N564,2,False,1.616968260935605e-24,,False,2.0,False,False,True,True,,,,,False,False,False,nan,N715,N715,0.04
N565,N565,2,False,3.2639497001415015e-24,3.2639497001415015e-24,True,2.0,False,True,False,False,0.179975,20.0,1.0,1.0,False,False,True,adjusted_regression,N678,N678,0.031667
N566,N566,2,False,1.969031771115987e-25,,False,2.0,False,False,True,True,,,,,False,False,False,nan,N641,N641,0.02
N567,N567,2,False,7.475300664918347e-26,7.475300664918508e-26,True,2.0,False,True,False,False,0.058288,20.0,1.0,1.0,False,False,True,adjusted_regression,N709,N709,0.039333
N568,N568,2,False,4.039004170938036e-23,,False,2.0,False,False,True,True,,,,,False,False,False,nan,N714,N714,0.04
N569,N569,2,False,1.0923902916110302e-23,,False,2.0,False,False,True,True,,,,,False,False,False,nan,N649,N649,0.021667
N570,N570,2,False,1.4453614385954423e-24,,False,2.0,False,False,True,True,,,,,False,False,False,nan,N698,N698,0.036667
N571,N571,2,False,3.112193023436895e-22,3.112193023436895e-22,True,2.0,False,True,False,False,0.071528,20.0,1.0,1.0,False,False,True,adjusted_regression,N599,N599,0.008333
N572,N572,2,False,9.49125040850698e-23,9.49125040850698e-23,True,2.0,False,True,False,False,0.091865,20.0,1.0,1.0,False,False,True,adjusted_regression,N608,N608,0.011667
N573,N573,3,False,1.4453614385954423e-24,,False,2.0,False,False,True,True,,,,,False,False,False,nan,N698,N698,0.036667
N574,N574,4,False,5.786190926443253e-24,,False,2.0,False,False,True,True,,,,,False,False,False,nan,N610,N610,0.0125
N575,N575,3,False,2.035392465339803e-21,,False,2.0,False,False,True,True,,,,,False,False,False,nan,N681,N681,0.032593
N576,N576,3,False,3.4999645956851195e-18,,False,2.0,False,False,True,True,,,,,False,False,False,nan,N717,N717,0.041111
N577,N577,3,False,2.8960393247925904e-24,2.8960393247925904e-24,True,2.0,False,True,False,False,1.453218,1.0,0.22801236215479626,0.48709826174496257,False,False,True,adjusted_regression,N697,N697,0.035556
N578,N578,6,False,6.929099461317258e-20,,False,2.0,False,False,True,True,,,,,False,False,False,nan,N624,N624,0.014352
N579,N579,5,False,2.6390736124033287e-21,,False,2.0,False,False,True,True,,,,,False,False,False,nan,N609,N609,0.010333
N580,N580,4,False,1.8492028198409283e-25,,False,2.0,False,False,True,True,,,,,False,False,False,nan,N659,N659,0.023333
N581,N581,4,False,5.286923977424413e-19,,False,2.0,False,False,True,True,,,,,False,False,False,nan,N632,N632,0.014861
N582,N582,3,False,7.340185922946326e-24,7.340185922946326e-24,True,2.0,False,True,False,False,1.481018,1.0,0.2236152671127238,0.48709826174496257,False,False,True,adjusted_regression,N690,N690,0.030741
N583,N583,3,False,8.017935963828562e-24,,False,2.0,False,False,True,True,,,,,False,False,False,nan,N720,N720,0.039259
N584,N584,3,False,3.337313609545388e-23,,False,2.0,False,False,True,True,,,,,False,False,False,nan,N684,N684,0.029683
N585,N585,3,False,8.53595144419938e-24,,False,2.0,False,False,True,True,,,,,False,False,False,nan,N654,N654,0.02037
N586,N586,3,False,3.325283701421139e-23,,False,2.0,False,False,True,True,,,,,False,False,False,nan,N636,N636,0.015926
N587,N587,3,False,1.410084144217122e-24,,False,2.0,False,False,True,True,,,,,False,False,False,nan,N655,N655,0.020617
N588,N588,3,False,1.3082025385238575e-23,,False,2.0,False,False,True,True,,,,,False,False,False,nan,N670,N670,0.023333
N589,N589,3,False,9.644452555738902e-23,,False,2.0,False,False,True,True,,,,,False,False,False,nan,N633,N633,0.011111
N590,N590,3,False,1.0312322598464456e-21,,False,2.0,False,False,True,True,,,,,False,False,False,nan,N711,N711,0.032698
N591,N591,3,False,1.6893361305978362e-23,,False,2.0,False,False,True,True,,,,,False,False,False,nan,N656,N656,0.017778
N592,N592,2,False,2.9081497823917753e-22,,False,2.0,False,False,True,True,,,,,False,False,False,nan,N647,N647,0.015
N593,N593,2,False,3.2639497001415015e-24,3.2639497001415015e-24,True,2.0,False,True,False,False,0.095188,20.0,1.0,1.0,False,False,True,adjusted_regression,N678,N678,0.025
N594,N594,2,False,1.4254818726028658e-25,1.4254818726028658e-25,True,2.0,False,True,False,False,0.097865,20.0,1.0,1.0,False,False,True,adjusted_regression,N639,N639,0.013333
N595,N595,2,False,9.82867266000558e-07,9.82867266000558e-07,True,37.0,False,True,False,False,0.145616,20.0,1.0,1.0,False,False,True,adjusted_regression,N792,N792,0.069288
N596,N596,2,False,2.6390736124032527e-21,,False,2.0,False,False,True,True,,,,,False,False,False,nan,N609,N609,0.005333
N597,N597,2,False,0.0008235174905382826,0.0008235174905383862,True,53.0,False,True,False,False,0.145353,20.0,1.0,1.0,False,False,True,adjusted_regression,N795,N795,0.081111
N598,N598,2,False,3.055867373843286e-27,3.055867373843286e-27,True,2.0,False,True,False,False,0.08322,20.0,1.0,1.0,False,False,True,adjusted_regression,N755,N755,0.046667
N599,N599,4,False,1.3033824898039428e-23,1.3033824898039709e-23,True,2.0,False,True,False,False,1.613413,1.0,0.20401275268517674,0.48709826174496257,False,False,True,adjusted_regression,N661,N661,0.018333
N600,N600,4,False,1.0219743074534125e-22,,False,2.0,False,False,True,True,,,,,False,False,False,nan,N645,N645,0.011944
N601,N601,3,False,6.490001337355381e-24,,False,2.0,False,False,True,True,,,,,False,False,False,nan,N651,N651,0.012222
N602,N602,3,False,8.534522692121737e-20,,False,2.0,False,False,True,True,,,,,False,False,False,nan,N672,N672,0.017407
N603,N603,3,False,2.0641589236971993e-27,,False,2.0,False,False,True,True,,,,,False,False,False,nan,N668,N668,0.016667
N604,N604,3,False,8.742296057823052e-25,8.742296057823052e-25,True,2.0,False,True,False,False,1.490251,1.0,0.22217753309640098,0.48709826174496257,False,False,True,adjusted_regression,N716,N716,0.031111
N605,N605,3,False,1.3033824898039709e-23,1.3033824898039709e-23,True,2.0,False,True,False,False,1.480969,1.0,0.22362296719889135,0.48709826174496257,False,False,True,adjusted_regression,N661,N661,0.016667
N606,N606,3,False,1.5335097056673381e-24,1.5335097056673826e-24,True,2.0,False,True,False,False,1.471704,1.0,0.22507705984585774,0.48709826174496257,False,False,True,adjusted_regression,N657,N657,0.014444
N607,N607,4,False,2.595916463337188e-24,2.595916463337188e-24,True,2.0,False,True,False,False,1.527316,1.0,0.21651569880390506,0.48709826174496257,False,False,True,adjusted_regression,N687,N687,0.022222
N608,N608,4,False,3.542914234776019e-21,3.542914234776019e-21,True,2.0,False,True,False,False,1.591861,1.0,0.20706041438342995,0.48709826174496257,False,False,True,adjusted_regression,N708,N708,0.0275
N609,N609,7,False,1.200513508794243e-20,,False,2.0,False,False,True,True,,,,,False,False,False,nan,N646,N646,0.008952
N610,N610,6,False,4.8399645355240186e-23,,False,2.0,False,False,True,True,,,,,False,False,False,nan,N650,N650,0.009722
N611,N611,7,False,4.43760723335245e-23,,False,2.0,False,False,True,True,,,,,False,False,False,nan,N691,N691,0.02127
N612,N612,3,False,3.200317054321177e-23,3.200317054321177e-23,True,2.0,False,True,False,False,1.490223,1.0,0.22218189900573912,0.48709826174496257,False,False,True,adjusted_regression,N635,N635,0.004444
N613,N613,3,False,1.6893361305978362e-23,,False,2.0,False,False,True,True,,,,,False,False,False,nan,N656,N656,0.011111
N614,N614,5,False,1.0122005009272018e-23,,False,2.0,False,False,True,True,,,,,False,False,False,nan,N679,N679,0.019111
N615,N615,3,False,9.397630607133624e-24,9.397630607133896e-24,True,2.0,False,True,False,False,1.508758,1.0,0.21932865968679247,0.48709826174496257,False,False,True,adjusted_regression,N658,N658,0.011111
N616,N616,2,False,1.4752453889809904e-27,,False,2.0,False,False,True,True,,,,,False,False,False,nan,N765,N765,0.043333
N617,N617,2,False,3.71287278750639e-22,3.71287278750639e-22,True,2.0,False,True,False,False,0.078612,20.0,1.0,1.0,False,False,True,adjusted_regression,N644,N644,0.006667
N618,N618,3,False,3.483695124733899e-28,3.4836951247343017e-28,True,2.0,False,True,False,False,1.490223,1.0,0.22218189900573893,0.48709826174496257,False,False,True,adjusted_regression,N726,N726,0.031111
N619,N619,3,False,4.383373150719586e-22,4.383373150719713e-22,True,2.0,False,True,False,False,1.471693,1.0,0.22507878134975765,0.48709826174496257,False,False,True,adjusted_regression,N744,N744,0.036444
N620,N620,3,False,1.498229530152985e-22,,False,2.0,False,False,True,True,,,,,False,False,False,nan,N743,N743,0.034815
N621,N621,4,False,2.0413378322289974e-29,,False,2.0,False,False,True,True,,,,,False,False,False,nan,N663,N663,0.011667
N622,N622,4,False,1.304183513048726e-29,,False,2.0,False,False,True,True,,,,,False,False,False,nan,N692,N692,0.02
N623,N623,4,False,5.286923977424413e-19,,False,2.0,False,False,True,True,,,,,False,False,False,nan,N632,N632,0.002083
N624,N624,9,False,1.4100841442171012e-24,,False,2.0,False,False,True,True,,,,,False,False,False,nan,N655,N655,0.008765
N625,N625,4,False,2.4169364022401494e-13,,False,2.0,False,False,True,True,,,,,False,False,False,nan,N738,N738,0.031244
N626,N626,3,False,2.8824980833752406e-24,2.8824980833752406e-24,True,2.0,False,True,False,False,1.49948,1.0,0.2207514374864751,0.48709826174496257,False,False,True,adjusted_regression,N702,N702,0.021111
N627,N627,3,False,2.0031893864986428e-23,2.0031893864986428e-23,True,2.0,False,True,False,False,1.536551,1.0,0.21513186166109802,0.48709826174496257,False,False,True,adjusted_regression,N653,N653,0.007037
N628,N628,4,False,4.986112463364532e-25,4.986112463364532e-25,True,2.0,False,True,False,False,1.62614,1.0,0.20223782107327765,0.48709826174496257,False,False,True,adjusted_regression,N756,N756,0.036944
N629,N629,3,False,4.102487330406896e-27,,False,2.0,False,False,True,True,,,,,False,False,False,nan,N696,N696,0.018889
N630,N630,5,False,8.630483795269645e-20,,False,2.0,False,False,True,True,,,,,False,False,False,nan,N710,N710,0.022667
N631,N631,5,False,2.1277147282346903e-22,,False,2.0,False,False,True,True,,,,,False,False,False,nan,N680,N680,0.015867
N632,N632,8,False,1.6618739848456387e-22,,False,2.0,False,False,True,True,,,,,False,False,False,nan,N694,N694,0.018083
N633,N633,5,False,7.870783004824965e-23,,False,2.0,False,False,True,True,,,,,False,False,False,nan,N706,N706,0.020889
N634,N634,5,False,5.334525450751692e-23,5.334525450751692e-23,True,2.0,False,True,False,False,1.727017,1.0,0.18879227302982068,0.48709826174496257,False,False,True,adjusted_regression,N725,N725,0.025956
N635,N635,5,False,2.4237572677555674e-21,2.4237572677555674e-21,True,2.0,False,True,False,False,1.71531,1.0,0.1902978721653035,0.48709826174496257,False,False,True,adjusted_regression,N742,N742,0.029689
N636,N636,6,False,5.899777817952076e-22,,False,2.0,False,False,True,True,,,,,False,False,False,nan,N712,N712,0.020296
N637,N637,3,False,7.340185922946326e-24,7.340185922946326e-24,True,2.0,False,True,False,False,1.51799,1.0,0.21792393603266974,0.48709826174496257,False,False,True,adjusted_regression,N690,N690,0.014074
N638,N638,3,False,2.035392465339847e-21,,False,2.0,False,False,True,True,,,,,False,False,False,nan,N681,N681,0.012593
N639,N639,3,False,1.0518337478067848e-24,1.0518337478067848e-24,True,2.0,False,True,False,False,1.490196,1.0,0.2221860851690975,0.48709826174496257,False,False,True,adjusted_regression,N695,N695,0.015556
N640,N640,2,False,2.6390647521679988e-23,,False,2.0,False,False,True,True,,,,,False,False,False,nan,N648,N648,0.001667
N641,N641,3,False,1.498229530152985e-22,,False,2.0,False,False,True,True,,,,,False,False,False,nan,N743,N743,0.028148
N642,N642,3,False,0.15549092100664397,,False,2.0,False,False,True,True,,,,,False,False,False,nan,N740,N740,0.026838
N643,N643,2,False,5.4223246608139155e-06,5.422324660814275e-06,True,29.0,False,True,False,False,0.069571,20.0,1.0,1.0,False,False,True,adjusted_regression,N781,N781,0.044333
N644,N644,4,False,2.701956933500898e-22,2.701956933500898e-22,True,2.0,False,True,False,False,1.611982,1.0,0.20421348245765014,0.48709826174496257,False,False,True,adjusted_regression,N700,N700,0.016905
N645,N645,6,False,4.709421568419714e-23,,False,2.0,False,False,True,True,,,,,False,False,False,nan,N689,N689,0.013056
N646,N646,9,False,2.5130479652011114e-22,,False,2.0,False,False,True,True,,,,,False,False,False,nan,N675,N675,0.007937
N647,N647,4,False,8.382915446281969e-23,,False,2.0,False,False,True,True,,,,,False,False,False,nan,N732,N732,0.0235
N648,N648,4,False,2.447955223141003e-25,,False,2.0,False,False,True,True,,,,,False,False,False,nan,N757,N757,0.032083
N649,N649,4,False,4.352997631915073e-10,,False,2.0,False,False,True,True,,,,,False,False,False,nan,N747,N747,0.028417
N650,N650,8,False,0.18886969169043086,,False,2.0,False,False,True,True,,,,,False,False,False,nan,N673,N673,0.005278
N651,N651,5,False,2.127714728234737e-22,,False,2.0,False,False,True,True,,,,,False,False,False,nan,N680,N680,0.010311
N652,N652,5,False,1.661873984845651e-22,,False,2.0,False,False,True,True,,,,,False,False,False,nan,N694,N694,0.012944
N653,N653,6,False,4.986112463364532e-25,4.986112463364532e-25,True,2.0,False,True,False,False,1.876825,1.0,0.17069545890802992,0.48709826174496257,False,False,True,adjusted_regression,N756,N756,0.029907
N654,N654,6,False,1.3981562137819547e-19,,False,2.0,False,False,True,True,,,,,False,False,False,nan,N688,N688,0.00963
N655,N655,12,False,9.633425468670494e-18,,False,2.0,False,False,True,True,,,,,False,False,False,nan,N683,N683,0.008827
N656,N656,6,False,4.44145919660142e-22,,False,2.0,False,False,True,True,,,,,False,False,False,nan,N721,N721,0.01875
N657,N657,4,False,3.542914234776019e-21,3.542914234776019e-21,True,2.0,False,True,False,False,1.525071,1.0,0.21685363701144497,0.48709826174496257,False,False,True,adjusted_regression,N708,N708,0.014722
N658,N658,5,False,4.383373150719713e-22,4.383373150719713e-22,True,2.0,False,True,False,False,1.800476,1.0,0.17965501451555574,0.48709826174496257,False,False,True,adjusted_regression,N744,N744,0.025333
N659,N659,5,False,1.196213583867571e-22,,False,2.0,False,False,True,True,,,,,False,False,False,nan,N730,N730,0.019833
N660,N660,6,False,1.3981562137819547e-19,,False,2.0,False,False,True,True,,,,,False,False,False,nan,N688,N688,0.0075
N661,N661,7,False,2.701956933500898e-22,2.701956933500898e-22,True,2.0,False,True,False,False,2.009187,1.0,0.15634908094767264,0.48709826174496257,False,False,True,adjusted_regression,N700,N700,0.010238
N662,N662,2,False,0.6155435490259067,,False,2.0,False,False,True,True,,,,,False,False,False,nan,N783,N783,0.040383
N663,N663,5,False,5.899777817952334e-22,,False,2.0,False,False,True,True,,,,,False,False,False,nan,N712,N712,0.012889
N664,N664,5,False,4.0671725899943385e-21,,False,2.0,False,False,True,True,,,,,False,False,False,nan,N727,N727,0.017778
N665,N665,3,False,4.0901840911932314e-23,,False,2.0,False,False,True,True,,,,,False,False,False,nan,N764,N764,0.029444
N666,N666,3,False,3.724439842470773e-24,,False,2.0,False,False,True,True,,,,,False,False,False,nan,N713,N713,0.013333
N667,N667,3,False,3.4926178489493657e-06,3.4926178489493657e-06,True,51.0,False,True,False,False,1.545755,1.0,0.2137632295861278,0.48709826174496257,False,False,True,adjusted_regression,N784,N784,0.040652
N668,N668,4,False,6.7901186514456625e-22,,False,2.0,False,False,True,True,,,,,False,False,False,nan,N682,N682,0.006111
N669,N669,5,False,5.334525450751692e-23,5.334525450751692e-23,True,2.0,False,True,False,False,1.891515,1.0,0.16903119764377258,0.48709826174496257,False,False,True,adjusted_regression,N725,N725,0.017067
N670,N670,7,False,3.3373136095453637e-23,,False,2.0,False,False,True,True,,,,,False,False,False,nan,N684,N684,0.006349
N671,N671,6,False,7.870783004824906e-23,,False,2.0,False,False,True,True,,,,,False,False,False,nan,N706,N706,0.011259
N672,N672,6,False,1.461769174079846e-26,,False,2.0,False,False,True,True,,,,,False,False,False,nan,N703,N703,0.01037
N673,N673,9,False,4.748059212427202e-21,,False,2.0,False,False,True,True,,,,,False,False,False,nan,N707,N707,0.011296
N674,N674,4,False,2.3031840322637046e-28,,False,2.0,False,False,True,True,,,,,False,False,False,nan,N699,N699,0.008333
N675,N675,11,False,1.2608159993988906e-20,,False,2.0,False,False,True,True,,,,,False,False,False,nan,N731,N731,0.016003
N676,N676,3,False,6.005456788509738e-26,6.005456788510087e-26,True,2.0,False,True,False,False,1.573551,1.0,0.20969205183712136,0.48709826174496257,False,False,True,adjusted_regression,N774,N774,0.03
N677,N677,3,False,8.675865499135858e-19,,False,2.0,False,False,True,True,,,,,False,False,False,nan,N745,N745,0.019804
N678,N678,4,False,1.1429082497098707e-25,1.1429082497098707e-25,True,2.0,False,True,False,False,1.689029,1.0,0.1937290334517505,0.48709826174496257,False,False,True,adjusted_regression,N785,N785,0.035833
N679,N679,8,False,1.1962135838675452e-22,,False,2.0,False,False,True,True,,,,,False,False,False,nan,N730,N730,0.012389
N680,N680,10,False,1.9586100958790368e-22,,False,2.0,False,False,True,True,,,,,False,False,False,nan,N718,N718,0.0088
N681,N681,6,False,8.017935963828562e-24,,False,2.0,False,False,True,True,,,,,False,False,False,nan,N720,N720,0.01
N682,N682,7,False,9.243742558413833e-22,,False,2.0,False,False,True,True,,,,,False,False,False,nan,N734,N734,0.013317
N683,N683,14,False,8.943111387205855e-20,,False,2.0,False,False,True,True,,,,,False,False,False,nan,N705,N705,0.005317
N684,N684,10,False,2.3595907287151494e-20,,False,2.0,False,False,True,True,,,,,False,False,False,nan,N704,N704,0.004779
N685,N685,2,False,1.122199682907001e-06,,False,27.0,False,False,True,True,,,,,False,False,False,nan,N786,N786,0.034659
N686,N686,2,False,8.441353633043155e-28,,False,2.0,False,False,True,True,,,,,False,False,False,nan,N754,N754,0.02
N687,N687,6,False,4.1016466487629953e-25,4.101646648763055e-25,True,2.0,False,True,False,False,2.030386,1.0,0.15418139592548624,0.48709826174496257,False,False,True,adjusted_regression,N772,N772,0.025873
N688,N688,12,False,3.4999645956851195e-18,,False,2.0,False,False,True,True,,,,,False,False,False,nan,N717,N717,0.007778
N689,N689,8,False,4.748059212427202e-21,,False,2.0,False,False,True,True,,,,,False,False,False,nan,N707,N707,0.004907
N690,N690,6,False,9.104752953714462e-22,9.104752953714462e-22,True,2.0,False,True,False,False,1.990026,1.0,0.15833812667637898,0.48709826174496257,False,False,True,adjusted_regression,N752,N752,0.01837
N691,N691,10,False,8.382915446281969e-23,,False,2.0,False,False,True,True,,,,,False,False,False,nan,N732,N732,0.010563
N692,N692,5,False,1.5320083420437796e-21,,False,2.0,False,False,True,True,,,,,False,False,False,nan,N763,N763,0.021
N693,N693,4,False,5.4369036635589796e-24,5.4369036635589796e-24,True,2.0,False,True,False,False,1.766188,1.0,0.18385453384477715,0.48709826174496257,False,False,True,adjusted_regression,N759,N759,0.019167
N694,N694,13,False,2.3595907287151494e-20,,False,2.0,False,False,True,True,,,,,False,False,False,nan,N704,N704,0.002628
N695,N695,5,False,1.7151392539565e-25,1.7151392539565e-25,True,2.0,False,True,False,False,1.856515,1.0,0.17302758640359586,0.48709826174496257,False,False,True,adjusted_regression,N729,N729,0.009111
N696,N696,4,False,0.09248786168881257,,False,2.0,False,False,True,True,,,,,False,False,False,nan,N766,N766,0.021516
N697,N697,5,False,7.475300664918508e-26,7.475300664918508e-26,True,2.0,False,True,False,False,1.929905,1.0,0.16476881886687125,0.48709826174496257,False,False,True,adjusted_regression,N709,N709,0.003778
N698,N698,5,False,1.2375003628248262e-17,,False,2.0,False,False,True,True,,,,,False,False,False,nan,N750,N750,0.014667
N699,N699,5,False,1.1047199846690324e-22,,False,2.0,False,False,True,True,,,,,False,False,False,nan,N719,N719,0.005667
N700,N700,11,False,2.3431160517494307e-10,2.3431160517494565e-10,True,2.0,False,True,False,False,2.072469,1.0,0.1499785896588597,0.48709826174496257,False,False,True,adjusted_regression,N741,N741,0.010139
N701,N701,7,False,1.0312322598464306e-21,,False,2.0,False,False,True,True,,,,,False,False,False,nan,N711,N711,0.002032
N702,N702,5,False,9.104752953714263e-22,9.104752953714462e-22,True,2.0,False,True,False,False,1.881971,1.0,0.17011025160338605,0.48709826174496257,False,False,True,adjusted_regression,N752,N752,0.014667
N703,N703,8,False,4.441459196601484e-22,,False,2.0,False,False,True,True,,,,,False,False,False,nan,N721,N721,0.005417
N704,N704,23,False,2.626160505849601e-18,,False,2.0,False,False,True,True,,,,,False,False,False,nan,N728,N728,0.006857
N705,N705,16,False,8.630483795269645e-20,,False,2.0,False,False,True,True,,,,,False,False,False,nan,N710,N710,0.001238
N706,N706,11,False,3.600406321228982e-22,,False,2.0,False,False,True,True,,,,,False,False,False,nan,N739,N739,0.008135
N707,N707,17,False,8.675865499135604e-19,,False,2.0,False,False,True,True,,,,,False,False,False,nan,N745,N745,0.011008
N708,N708,8,False,0.0022025241331872073,0.0022025241331872073,True,2.0,False,True,False,False,1.952342,1.0,0.1623347279651743,0.48709826174496257,False,False,True,adjusted_regression,N723,N723,0.004167
N709,N709,7,False,1.5011357409671493e-13,1.5011357409671493e-13,True,14.0,False,True,False,False,2.033963,1.0,0.15381906010954766,0.48709826174496257,False,False,True,adjusted_regression,N751,N751,0.013099
N710,N710,21,False,2.626160505849601e-18,,False,2.0,False,False,True,True,,,,,False,False,False,nan,N728,N728,0.005318
N711,N711,10,False,9.243742558413965e-22,,False,2.0,False,False,True,True,,,,,False,False,False,nan,N734,N734,0.00673
N712,N712,11,False,4.911515057161952e-20,,False,2.0,False,False,True,True,,,,,False,False,False,nan,N733,N733,0.006253
N713,N713,5,False,0.7115644429637995,,False,2.0,False,False,True,True,,,,,False,False,False,nan,N769,N769,0.018144
N714,N714,4,False,4.0901840911931427e-23,,False,2.0,False,False,True,True,,,,,False,False,False,nan,N764,N764,0.016111
N715,N715,4,False,2.447955223141003e-25,,False,2.0,False,False,True,True,,,,,False,False,False,nan,N757,N757,0.01375
N716,N716,5,False,4.900889749018827e-12,4.900889749018827e-12,True,14.0,False,True,False,False,1.970134,1.0,0.16043365327630554,0.48709826174496257,False,False,True,adjusted_regression,N768,N768,0.016481
N717,N717,15,False,4.0671725899943385e-21,,False,2.0,False,False,True,True,,,,,False,False,False,nan,N727,N727,0.003333
N718,N718,12,False,4.911515057161952e-20,,False,2.0,False,False,True,True,,,,,False,False,False,nan,N733,N733,0.004475
N719,N719,9,False,3.600406321229059e-22,,False,2.0,False,False,True,True,,,,,False,False,False,nan,N739,N739,0.004468
N720,N720,9,False,0.8590394681082643,0.8590394681082645,False,2.0,False,True,False,True,,,,,False,False,False,nan,N749,N749,0.008734
N721,N721,14,False,1.2608159993988906e-20,,False,2.0,False,False,True,True,,,,,False,False,False,nan,N731,N731,0.001697
N722,N722,4,False,5.4369036635589796e-24,5.4369036635589796e-24,True,2.0,False,True,False,False,1.830389,1.0,0.1760816285017234,0.48709826174496257,False,False,True,adjusted_regression,N759,N759,0.010833
N723,N723,9,False,3.77682752889663e-15,3.7768275288966565e-15,True,9.0,False,True,False,False,0.187005,1.0,0.6654214501600151,1.0,False,False,True,adjusted_regression,N760,N760,0.011046
N724,N724,3,False,1.5320083420437796e-21,,False,2.0,False,False,True,True,,,,,False,False,False,nan,N763,N763,0.012667
N725,N725,10,False,2.4237572677555674e-21,2.4237572677555674e-21,True,2.0,False,True,False,False,2.382067,1.0,0.12273501957543025,0.48709826174496257,False,False,True,adjusted_regression,N742,N742,0.003733
N726,N726,4,False,1.1445799585302185e-07,1.1445799585302185e-07,True,35.0,False,True,False,False,1.784409,1.0,0.18160885605061816,0.48709826174496257,False,False,True,adjusted_regression,N788,N788,0.026731
N727,N727,20,False,4.240180704254674e-20,,False,2.0,False,False,True,True,,,,,False,False,False,nan,N746,N746,0.005556
N728,N728,44,False,0.8238812425813954,0.8238812425813954,False,2.0,False,True,False,True,,,,,False,False,False,nan,N735,N735,0.001561
N729,N729,7,False,4.101646648763055e-25,4.101646648763055e-25,True,2.0,False,True,False,False,2.080036,1.0,0.149236694170128,0.48709826174496257,False,False,True,adjusted_regression,N772,N772,0.01454
N730,N730,13,False,0.15549092100664413,,False,2.0,False,False,True,True,,,,,False,False,False,nan,N740,N740,0.002004
N731,N731,25,False,2.4169364022401853e-13,,False,2.0,False,False,True,True,,,,,False,False,False,nan,N738,N738,0.001908
N732,N732,14,False,2.6670123965913915e-18,,False,2.0,False,False,True,True,,,,,False,False,False,nan,N748,N748,0.005534
N733,N733,23,False,4.2401807042547674e-20,,False,2.0,False,False,True,True,,,,,False,False,False,nan,N746,N746,0.004192
N734,N734,17,False,2.66701239659145e-18,,False,2.0,False,False,True,True,,,,,False,False,False,nan,N748,N748,0.004605
N735,N735,45,False,2.3431160517494565e-10,2.3431160517494565e-10,True,2.0,False,True,False,True,,,,,False,False,False,nan,N741,N741,0.000832
N736,N736,2,False,1.142908249709813e-25,1.1429082497098707e-25,True,2.0,False,True,False,False,0.120356,20.0,1.0,1.0,False,False,True,adjusted_regression,N785,N785,0.020833
N737,N737,4,False,0.026621486918057862,0.026621486918057862,False,2.0,False,True,False,True,,,,,False,False,False,nan,N787,N787,0.02176
N738,N738,29,False,5.34679761835421e-19,,False,2.0,False,False,True,True,,,,,False,False,False,nan,N758,N758,0.007246
N739,N739,20,False,4.3529976319151375e-10,,False,2.0,False,False,True,True,,,,,False,False,False,nan,N747,N747,0.003282
N740,N740,16,False,1.2375003628248532e-17,,False,2.0,False,False,True,True,,,,,False,False,False,nan,N750,N750,0.004496
N741,N741,56,False,1.501135740967138e-13,1.5011357409671493e-13,True,14.0,False,True,False,False,1.601597,1.0,0.20567701754514842,0.48709826174496257,False,False,True,adjusted_regression,N751,N751,0.005388
N742,N742,15,False,5.3903720076814846e-18,5.3903720076814846e-18,True,3.0,False,True,False,False,2.31233,1.0,0.1283515417104168,0.48709826174496257,False,False,True,adjusted_regression,N773,N773,0.012351
N743,N743,6,False,3.5136694171747434e-12,,False,8.0,False,False,True,True,,,,,False,False,False,nan,N770,N770,0.010326
N744,N744,8,False,0.0069550082229479495,0.006955008222947976,True,2.0,False,True,False,False,2.090027,1.0,0.14826343369726966,0.48709826174496257,False,False,True,adjusted_regression,N771,N771,0.009205
N745,N745,20,False,5.346797618354365e-19,,False,2.0,False,False,True,True,,,,,False,False,False,nan,N758,N758,0.004242
N746,N746,43,False,2.4895496597259197e-18,,False,4.0,False,False,True,True,,,,,False,False,False,nan,N753,N753,0.003107
N747,N747,24,False,2.4895496597259548e-18,,False,4.0,False,False,True,True,,,,,False,False,False,nan,N753,N753,0.003024
N748,N748,31,False,0.8590394681082645,0.8590394681082645,False,2.0,False,True,False,True,,,,,False,False,False,nan,N749,N749,0.000626
N749,N749,40,False,6.0121692986428265e-15,6.0121692986428265e-15,True,2.0,False,True,False,True,,,,,False,False,False,nan,N762,N762,0.003871
N750,N750,21,False,2.769594036712147e-16,,False,3.0,False,False,True,True,,,,,False,False,False,nan,N761,N761,0.0036
N751,N751,63,False,3.7768275288966565e-15,3.7768275288966565e-15,True,9.0,False,True,False,False,0.224504,1.0,0.6356294034140451,1.0,False,False,True,adjusted_regression,N760,N760,0.001948
N752,N752,11,False,6.0121692986426064e-15,6.0121692986428265e-15,True,2.0,False,True,False,False,2.233846,1.0,0.1350173690636001,0.48709826174496257,False,False,True,adjusted_regression,N762,N762,0.002753
N753,N753,67,False,3.5136694171748867e-12,,False,8.0,False,False,True,True,,,,,False,False,False,nan,N770,N770,0.005367
N754,N754,3,False,2.795662056012441e-07,,False,12.0,False,False,True,True,,,,,False,False,False,nan,N791,N791,0.022533
N755,N755,3,False,1.0675254939688579e-06,1.0675254939688579e-06,True,44.0,False,True,False,False,1.67536,1.0,0.19554213871420562,0.48709826174496257,False,False,True,adjusted_regression,N796,N796,0.040748
N756,N756,10,False,1.155337803977174e-11,1.1553378039771828e-11,True,2.0,False,True,False,False,2.618055,1.0,0.10565387711796181,0.48709826174496257,False,False,True,adjusted_regression,N767,N767,0.003487
N757,N757,8,False,7.094579989022801e-10,,False,6.0,False,False,True,True,,,,,False,False,False,nan,N780,N780,0.010512
N758,N758,49,False,2.769594036712147e-16,,False,3.0,False,False,True,True,,,,,False,False,False,nan,N761,N761,0.000888
N759,N759,8,False,2.49584195775175e-10,2.4958419577517867e-10,True,21.0,False,True,False,False,2.15021,1.0,0.14255036065649743,0.48709826174496257,False,False,True,adjusted_regression,N779,N779,0.01
N760,N760,72,False,4.900889749018503e-12,4.900889749018827e-12,True,14.0,False,True,False,False,1.348921,1.0,0.24546684056439058,0.48709826174496257,False,False,True,adjusted_regression,N768,N768,0.003213
N761,N761,70,False,0.09248786168881223,,False,2.0,False,False,True,True,,,,,False,False,False,nan,N766,N766,0.002138
N762,N762,51,False,1.1553378039771828e-11,1.1553378039771828e-11,True,2.0,False,True,False,False,2.113073,1.0,0.14604582884842832,0.48709826174496257,False,False,True,adjusted_regression,N767,N767,0.001901
N763,N763,8,False,1.1141911276657187e-05,,False,2.0,False,False,True,True,,,,,False,False,False,nan,N777,N777,0.00529
N764,N764,7,False,2.2042042065468392e-09,,False,8.0,False,False,True,True,,,,,False,False,False,nan,N778,N778,0.007969
N765,N765,3,False,2.494885966607228e-07,,False,22.0,False,False,True,True,,,,,False,False,False,nan,N789,N789,0.014864
N766,N766,74,False,0.7115644429637988,,False,2.0,False,False,True,True,,,,,False,False,False,nan,N769,N769,0.001073
N767,N767,61,False,5.3903720076814846e-18,5.3903720076814846e-18,True,3.0,False,True,False,False,1.710431,1.0,0.19092944218035685,0.48709826174496257,False,False,True,adjusted_regression,N773,N773,0.00272
N768,N768,77,False,0.006955008222947976,0.006955008222947976,True,2.0,False,True,False,False,0.125134,1.0,0.7235320286167881,1.0,False,False,True,adjusted_regression,N771,N771,0.00139
N769,N769,79,False,7.094579989022801e-10,,False,6.0,False,False,True,True,,,,,False,False,False,nan,N780,N780,0.006117
N770,N770,73,False,1.1141911276657187e-05,,False,2.0,False,False,True,True,,,,,False,False,False,nan,N777,N777,0.002816
N771,N771,85,False,5.162766542702873e-07,5.162766542703e-07,True,9.0,False,True,False,False,0.400869,1.0,0.5266410290694182,0.9835795689972957,False,False,True,adjusted_regression,N776,N776,0.002225
N772,N772,13,False,1.5295146300278344e-06,1.5295146300278344e-06,True,41.0,False,True,False,False,2.743704,1.0,0.09763823964906551,0.48709826174496257,False,False,True,adjusted_regression,N782,N782,0.007198
N773,N773,76,False,2.4958419577517867e-10,2.4958419577517867e-10,True,21.0,False,True,False,False,3.159643,1.0,0.07547967849194419,0.48709826174496257,False,False,True,adjusted_regression,N779,N779,0.004349
N774,N774,5,False,5.162766542703e-07,5.162766542703e-07,True,9.0,False,True,False,False,2.102952,1.0,0.1470150345534703,0.48709826174496257,False,False,True,adjusted_regression,N776,N776,0.001208
N775,N775,2,False,0.49794017692824066,0.49794017692824144,False,9.0,False,True,False,True,,,,,False,False,False,nan,N793,N793,0.017049
N776,N776,90,False,5.422324660814275e-06,5.422324660814275e-06,True,29.0,False,True,False,False,0.331782,1.0,0.564611909627915,1.0,False,False,True,adjusted_regression,N781,N781,0.003125
N777,N777,81,False,2.2042042065467573e-09,,False,8.0,False,False,True,True,,,,,False,False,False,nan,N778,N778,0.00279
N778,N778,88,False,1.1221996829069927e-06,,False,27.0,False,False,True,True,,,,,False,False,False,nan,N786,N786,0.003912
N779,N779,84,False,1.5295146300278232e-06,1.5295146300278344e-06,True,41.0,False,True,False,False,0.025135,1.0,0.8740323275234068,1.0,False,False,True,adjusted_regression,N782,N782,0.002237
N780,N780,87,False,0.615543549025908,,False,2.0,False,False,True,True,,,,,False,False,False,nan,N783,N783,0.002788
N781,N781,92,False,3.492617848949364e-06,3.4926178489493657e-06,True,51.0,False,True,False,False,0.172995,1.0,0.6774632807845614,1.0,False,False,True,adjusted_regression,N784,N784,0.002986
N782,N782,97,False,1.579581200684097e-08,1.579581200684097e-08,True,15.0,False,True,False,False,2.419923,1.0,0.1198008195431604,0.48709826174496257,False,False,True,adjusted_regression,N790,N790,0.007903
N783,N783,89,False,0.026621486918057623,0.026621486918057862,False,2.0,False,True,False,True,,,,,False,False,False,nan,N787,N787,0.001377
N784,N784,95,False,1.1445799585301078e-07,1.1445799585302185e-07,True,35.0,False,True,False,False,0.006651,1.0,0.9350033571423431,1.0,False,False,True,adjusted_regression,N788,N788,0.003857
N785,N785,6,False,1.579581200684024e-08,1.579581200684097e-08,True,15.0,False,True,False,False,2.087627,1.0,0.1484966012275034,0.48709826174496257,False,False,True,adjusted_regression,N790,N790,0.006807
N786,N786,90,False,2.494885966607185e-07,,False,22.0,False,False,True,True,,,,,False,False,False,nan,N789,N789,0.003538
N787,N787,93,False,8.595396290730141e-07,8.595396290730392e-07,True,61.0,False,True,False,True,,,,,False,False,False,nan,N794,N794,0.010091
N788,N788,99,False,5.9445009656668526e-15,5.9445009656668526e-15,True,74.0,False,True,False,False,0.659102,1.0,0.41687705777531825,0.7901997960815734,False,False,True,adjusted_regression,N797,N797,0.048572
N789,N789,93,False,2.795662056012677e-07,,False,12.0,False,False,True,True,,,,,False,False,False,nan,N791,N791,0.004335
N790,N790,103,False,9.828672660002708e-07,9.82867266000558e-07,True,37.0,False,True,False,False,0.704066,1.0,0.40142075457159276,0.7724308459180649,False,False,True,adjusted_regression,N792,N792,0.001648
N791,N791,96,False,0.49794017692824144,0.49794017692824144,False,9.0,False,True,False,True,,,,,False,False,False,nan,N793,N793,0.001182
N792,N792,105,False,8.595396290730392e-07,8.595396290730392e-07,True,61.0,False,True,False,False,0.178238,1.0,0.6728918012114302,1.0,False,False,True,adjusted_regression,N794,N794,0.002563
N793,N793,98,False,1.0675254939687293e-06,1.0675254939688579e-06,True,44.0,False,True,False,True,,,,,False,False,False,nan,N796,N796,0.017033
N794,N794,198,False,0.0008235174905383862,0.0008235174905383862,True,53.0,False,True,False,False,10.511086,1.0,0.001186604778786971,0.15069880690594534,False,False,True,adjusted_regression,N795,N795,0.00926
N795,N795,200,False,5.9445009656666814e-15,5.9445009656668526e-15,True,74.0,False,True,False,False,0.07511,1.0,0.7840373196014905,1.0,False,False,True,adjusted_regression,N797,N797,0.031969
N796,N796,101,False,4.955239595783849e-35,4.955239595783849e-35,True,44.0,False,True,False,False,1.006104,1.0,0.3158380897793066,0.6170990369534145,False,False,True,adjusted_regression,N798,N798,0.034289
N797,N797,299,False,4.955239595783849e-35,4.955239595783849e-35,True,44.0,False,True,False,False,33.367614,18.0,0.015059643864272602,0.48709826174496257,False,False,True,adjusted_regression,N798,N798,0.008623
N798,N798,400,False,,,False,,False,False,False,False,36.713071,21.0,0.018156275844889512,0.48709826174496257,False,False,True,adjusted_regression,,,
