node_id,node_label,leaf_count,is_leaf,Child_Parent_Divergence_P_Value,Child_Parent_Divergence_P_Value_BH,Child_Parent_Divergence_Significant,Child_Parent_Divergence_df,Child_Parent_Divergence_Invalid,Child_Parent_Divergence_Tested,Child_Parent_Divergence_Ancestor_Blocked,Sibling_Divergence_Skipped,Sibling_Test_Statistic,Sibling_Degrees_of_Freedom,Sibling_Divergence_P_Value,Sibling_Divergence_P_Value_Corrected,Sibling_Divergence_Invalid,Sibling_BH_Different,Sibling_BH_Same,parent_node,parent_label,branch_length
L0,L1,1,True,2.815791691740185e-91,,False,2.0,False,False,True,True,,,,,False,False,False,N594,N594,0.417
L1,L2,1,True,9.324621449364312e-90,,False,2.0,False,False,True,True,,,,,False,False,False,N544,N544,0.41
L2,L3,1,True,8.393756733353933e-88,,False,2.0,False,False,True,True,,,,,False,False,False,N504,N504,0.401
L3,L4,1,True,6.826040996305437e-111,,False,2.0,False,False,True,True,,,,,False,False,False,N879,N879,0.446333
L4,L5,1,True,1.0358718740150777e-91,,False,2.0,False,False,True,True,,,,,False,False,False,N614,N614,0.419
L5,L6,1,True,1.1359714449267106e-88,,False,2.0,False,False,True,True,,,,,False,False,False,N514,N514,0.405
L6,L7,1,True,1.4019001346658262e-92,,False,2.0,False,False,True,True,,,,,False,False,False,N647,N647,0.423
L7,L8,1,True,2.0806042773265067e-90,,False,2.0,False,False,True,True,,,,,False,False,False,N560,N560,0.413
L8,L9,1,True,6.072669878707505e-99,,False,2.0,False,False,True,True,,,,,False,False,False,N604,N604,0.4175
L9,L10,1,True,1.2619502849275422e-90,,False,2.0,False,False,True,True,,,,,False,False,False,N566,N566,0.414
L10,L11,1,True,4.306694208151566e-105,,False,2.0,False,False,True,True,,,,,False,False,False,N839,N839,0.443
L11,L12,1,True,1.1359714449267106e-88,,False,2.0,False,False,True,True,,,,,False,False,False,N515,N515,0.405
L12,L13,1,True,8.502954135293538e-93,,False,2.0,False,False,True,True,,,,,False,False,False,N658,N658,0.424
L13,L14,1,True,1.241407190153174e-99,,False,2.0,False,False,True,True,,,,,False,False,False,N640,N640,0.422
L14,L15,1,True,3.810759661374316e-92,,False,2.0,False,False,True,True,,,,,False,False,False,N631,N631,0.421
L15,L16,1,True,1.278367450312097e-95,,False,2.0,False,False,True,True,,,,,False,False,False,N784,N784,0.437
L16,L17,1,True,7.654115388389024e-91,,False,2.0,False,False,True,True,,,,,False,False,False,N575,N575,0.415
L17,L18,1,True,8.393756733353933e-88,,False,2.0,False,False,True,True,,,,,False,False,False,N504,N504,0.401
L18,L19,1,True,2.5676696624518173e-94,,False,2.0,False,False,True,True,,,,,False,False,False,N725,N725,0.431
L19,L20,1,True,3.0878905364046425e-88,,False,2.0,False,False,True,True,,,,,False,False,False,N510,N510,0.403
L20,L21,1,True,6.890015099071273e-89,,False,2.0,False,False,True,True,,,,,False,False,False,N518,N518,0.406
L21,L22,1,True,5.15730238117875e-93,,False,2.0,False,False,True,True,,,,,False,False,False,N673,N673,0.425
L22,L23,1,True,6.890015099071273e-89,,False,2.0,False,False,True,True,,,,,False,False,False,N522,N522,0.406
L23,L24,1,True,1.8729002841597143e-88,,False,2.0,False,False,True,True,,,,,False,False,False,N513,N513,0.404
L24,L25,1,True,2.0806042773265067e-90,,False,2.0,False,False,True,True,,,,,False,False,False,N558,N558,0.413
L25,L26,1,True,5.549467095562636e-102,,False,2.0,False,False,True,True,,,,,False,False,False,N730,N730,0.4315
L26,L27,1,True,3.0878905364046425e-88,,False,2.0,False,False,True,True,,,,,False,False,False,N510,N510,0.403
L27,L28,1,True,1.278367450312097e-95,,False,2.0,False,False,True,True,,,,,False,False,False,N785,N785,0.437
L28,L29,1,True,1.7078639924029581e-91,,False,2.0,False,False,True,True,,,,,False,False,False,N606,N606,0.418
L29,L30,1,True,1.1327519935035336e-100,,False,2.0,False,False,True,True,,,,,False,False,False,N666,N666,0.4245
L30,L31,1,True,3.0878905364046425e-88,,False,2.0,False,False,True,True,,,,,False,False,False,N509,N509,0.403
L31,L32,1,True,7.65406151315593e-102,,False,2.0,False,False,True,True,,,,,False,False,False,N729,N729,0.4315
L32,L33,1,True,6.890015099071273e-89,,False,2.0,False,False,True,True,,,,,False,False,False,N521,N521,0.406
L33,L34,1,True,2.815791691740185e-91,,False,2.0,False,False,True,True,,,,,False,False,False,N595,N595,0.417
L34,L35,1,True,1.278367450312097e-95,,False,2.0,False,False,True,True,,,,,False,False,False,N784,N784,0.437
L35,L36,1,True,5.15730238117875e-93,,False,2.0,False,False,True,True,,,,,False,False,False,N672,N672,0.425
L36,L37,1,True,6.872012647858633e-103,,False,2.0,False,False,True,True,,,,,False,False,False,N756,N756,0.434
L37,L38,1,True,1.0358718740150777e-91,,False,2.0,False,False,True,True,,,,,False,False,False,N613,N613,0.419
L38,L39,1,True,3.392266921633856e-101,,False,2.0,False,False,True,True,,,,,False,False,False,N750,N750,0.4335
L39,L40,1,True,1.1507497062482639e-93,,False,2.0,False,False,True,True,,,,,False,False,False,N693,N693,0.428
L40,L41,1,True,6.890015099071273e-89,,False,2.0,False,False,True,True,,,,,False,False,False,N521,N521,0.406
L41,L42,1,True,6.890015099071273e-89,,False,2.0,False,False,True,True,,,,,False,False,False,N520,N520,0.406
L42,L43,1,True,2.0806042773265067e-90,,False,2.0,False,False,True,True,,,,,False,False,False,N558,N558,0.413
L43,L44,1,True,1.1507497062482639e-93,,False,2.0,False,False,True,True,,,,,False,False,False,N695,N695,0.428
L44,L45,1,True,6.890015099071273e-89,,False,2.0,False,False,True,True,,,,,False,False,False,N519,N519,0.406
L45,L46,1,True,2.815791691740185e-91,,False,2.0,False,False,True,True,,,,,False,False,False,N595,N595,0.417
L46,L47,1,True,3.430336527925067e-90,,False,2.0,False,False,True,True,,,,,False,False,False,N554,N554,0.412
L47,L48,1,True,6.890015099071273e-89,,False,2.0,False,False,True,True,,,,,False,False,False,N520,N520,0.406
L48,L49,1,True,2.0806042773265067e-90,,False,2.0,False,False,True,True,,,,,False,False,False,N559,N559,0.413
L49,L50,1,True,2.0806042773265067e-90,,False,2.0,False,False,True,True,,,,,False,False,False,N559,N559,0.413
L50,L51,1,True,1.0358718740150777e-91,,False,2.0,False,False,True,True,,,,,False,False,False,N612,N612,0.419
L51,L52,1,True,1.7078639924029581e-91,,False,2.0,False,False,True,True,,,,,False,False,False,N606,N606,0.418
L52,L53,1,True,8.582721769162862e-102,,False,2.0,False,False,True,True,,,,,False,False,False,N766,N766,0.435
L53,L54,1,True,1.1507497062482639e-93,,False,2.0,False,False,True,True,,,,,False,False,False,N691,N691,0.428
L54,L55,1,True,6.282880511238548e-92,,False,2.0,False,False,True,True,,,,,False,False,False,N622,N622,0.42
L55,L56,1,True,1.557370374292052e-94,,False,2.0,False,False,True,True,,,,,False,False,False,N733,N733,0.432
L56,L57,1,True,2.5346949043069913e-89,,False,2.0,False,False,True,True,,,,,False,False,False,N532,N532,0.408
L57,L58,1,True,5.729245429939079e-95,,False,2.0,False,False,True,True,,,,,False,False,False,N754,N754,0.434
L58,L59,1,True,5.655668799247948e-90,,False,2.0,False,False,True,True,,,,,False,False,False,N549,N549,0.411
L59,L60,1,True,2.815791691740185e-91,,False,2.0,False,False,True,True,,,,,False,False,False,N594,N594,0.417
L60,L61,1,True,2.650124414672416e-103,,False,2.0,False,False,True,True,,,,,False,False,False,N806,N806,0.439
L61,L62,1,True,1.5018695485921762e-110,,False,2.0,False,False,True,True,,,,,False,False,False,N860,N860,0.445
L62,L63,1,True,3.810759661374316e-92,,False,2.0,False,False,True,True,,,,,False,False,False,N632,N632,0.421
L63,L64,1,True,1.1359714449267106e-88,,False,2.0,False,False,True,True,,,,,False,False,False,N515,N515,0.405
L64,L65,1,True,1.1412174250309435e-101,,False,2.0,False,False,True,True,,,,,False,False,False,N765,N765,0.435
L65,L66,1,True,6.890015099071273e-89,,False,2.0,False,False,True,True,,,,,False,False,False,N519,N519,0.406
L66,L67,1,True,6.282880511238548e-92,,False,2.0,False,False,True,True,,,,,False,False,False,N622,N622,0.42
L67,L68,1,True,5.655668799247948e-90,,False,2.0,False,False,True,True,,,,,False,False,False,N549,N549,0.411
L68,L69,1,True,4.1790054034699385e-89,,False,2.0,False,False,True,True,,,,,False,False,False,N526,N526,0.407
L69,L70,1,True,8.502954135293538e-93,,False,2.0,False,False,True,True,,,,,False,False,False,N659,N659,0.424
L70,L71,1,True,1.1507497062482639e-93,,False,2.0,False,False,True,True,,,,,False,False,False,N691,N691,0.428
L71,L72,1,True,1.7300822096876483e-96,,False,2.0,False,False,True,True,,,,,False,False,False,N823,N823,0.441
L72,L73,1,True,8.502954135293538e-93,,False,2.0,False,False,True,True,,,,,False,False,False,N658,N658,0.424
L73,L74,1,True,5.091070808962107e-88,,False,2.0,False,False,True,True,,,,,False,False,False,N506,N506,0.402
L74,L75,1,True,3.810759661374316e-92,,False,2.0,False,False,True,True,,,,,False,False,False,N631,N631,0.421
L75,L76,1,True,1.4019001346658262e-92,,False,2.0,False,False,True,True,,,,,False,False,False,N647,N647,0.423
L76,L77,1,True,1.1507497062482639e-93,,False,2.0,False,False,True,True,,,,,False,False,False,N696,N696,0.428
L77,L78,1,True,1.557370374292052e-94,,False,2.0,False,False,True,True,,,,,False,False,False,N733,N733,0.432
L78,L79,1,True,3.810759661374316e-92,,False,2.0,False,False,True,True,,,,,False,False,False,N632,N632,0.421
L79,L80,1,True,6.890015099071273e-89,,False,2.0,False,False,True,True,,,,,False,False,False,N518,N518,0.406
L80,L81,1,True,8.393756733353933e-88,,False,2.0,False,False,True,True,,,,,False,False,False,N505,N505,0.401
L81,L82,1,True,2.5346949043069913e-89,,False,2.0,False,False,True,True,,,,,False,False,False,N532,N532,0.408
L82,L83,1,True,5.15730238117875e-93,,False,2.0,False,False,True,True,,,,,False,False,False,N672,N672,0.425
L83,L84,1,True,5.091070808962107e-88,,False,2.0,False,False,True,True,,,,,False,False,False,N506,N506,0.402
L84,L85,1,True,1.1359714449267106e-88,,False,2.0,False,False,True,True,,,,,False,False,False,N514,N514,0.405
L85,L86,1,True,1.0358718740150777e-91,,False,2.0,False,False,True,True,,,,,False,False,False,N613,N613,0.419
L86,L87,1,True,1.5630995244032703e-100,,False,2.0,False,False,True,True,,,,,False,False,False,N667,N667,0.4245
L87,L88,1,True,1.4019001346658262e-92,,False,2.0,False,False,True,True,,,,,False,False,False,N646,N646,0.423
L88,L89,1,True,3.0878905364046425e-88,,False,2.0,False,False,True,True,,,,,False,False,False,N509,N509,0.403
L89,L90,1,True,4.1790054034699385e-89,,False,2.0,False,False,True,True,,,,,False,False,False,N526,N526,0.407
L90,L91,1,True,6.890015099071273e-89,,False,2.0,False,False,True,True,,,,,False,False,False,N522,N522,0.406
L91,L92,1,True,1.1507497062482639e-93,,False,2.0,False,False,True,True,,,,,False,False,False,N695,N695,0.428
L92,L93,1,True,1.2619502849275422e-90,,False,2.0,False,False,True,True,,,,,False,False,False,N566,N566,0.414
L93,L94,1,True,1.4019001346658262e-92,,False,2.0,False,False,True,True,,,,,False,False,False,N646,N646,0.423
L94,L95,1,True,1.1507497062482639e-93,,False,2.0,False,False,True,True,,,,,False,False,False,N696,N696,0.428
L95,L96,1,True,1.0358718740150777e-91,,False,2.0,False,False,True,True,,,,,False,False,False,N614,N614,0.419
L96,L97,1,True,6.282880511238548e-92,,False,2.0,False,False,True,True,,,,,False,False,False,N620,N620,0.42
L97,L98,1,True,5.729245429939079e-95,,False,2.0,False,False,True,True,,,,,False,False,False,N754,N754,0.434
L98,L99,1,True,7.654115388389024e-91,,False,2.0,False,False,True,True,,,,,False,False,False,N575,N575,0.415
L99,L100,1,True,8.502954135293538e-93,,False,2.0,False,False,True,True,,,,,False,False,False,N659,N659,0.424
L100,L101,1,True,2.0806042773265067e-90,,False,2.0,False,False,True,True,,,,,False,False,False,N560,N560,0.413
L101,L102,1,True,5.15730238117875e-93,,False,2.0,False,False,True,True,,,,,False,False,False,N673,N673,0.425
L102,L103,1,True,6.282880511238548e-92,,False,2.0,False,False,True,True,,,,,False,False,False,N620,N620,0.42
L103,L104,1,True,7.654115388389024e-91,,False,2.0,False,False,True,True,,,,,False,False,False,N576,N576,0.415
L104,L105,1,True,3.446227312793068e-98,,False,2.0,False,False,True,True,,,,,False,False,False,N588,N588,0.4155
L105,L106,1,True,3.430336527925067e-90,,False,2.0,False,False,True,True,,,,,False,False,False,N554,N554,0.412
L106,L107,1,True,7.654115388389024e-91,,False,2.0,False,False,True,True,,,,,False,False,False,N576,N576,0.415
L107,L108,1,True,4.0122859246707425e-103,,False,2.0,False,False,True,True,,,,,False,False,False,N791,N791,0.4375
L108,L109,1,True,1.2974740370699237e-102,,False,2.0,False,False,True,True,,,,,False,False,False,N755,N755,0.434
L109,L110,1,True,1.1507497062482639e-93,,False,2.0,False,False,True,True,,,,,False,False,False,N694,N694,0.428
L110,L111,1,True,8.730465768816071e-105,,False,2.0,False,False,True,True,,,,,False,False,False,N831,N831,0.442
L111,L112,1,True,1.1507497062482639e-93,,False,2.0,False,False,True,True,,,,,False,False,False,N693,N693,0.428
L112,L113,1,True,1.266340494145195e-103,,False,2.0,False,False,True,True,,,,,False,False,False,N818,N818,0.4405
L113,L114,1,True,1.7300822096876483e-96,,False,2.0,False,False,True,True,,,,,False,False,False,N823,N823,0.441
L114,L115,1,True,8.393756733353933e-88,,False,2.0,False,False,True,True,,,,,False,False,False,N505,N505,0.401
L115,L116,1,True,6.282880511238548e-92,,False,2.0,False,False,True,True,,,,,False,False,False,N621,N621,0.42
L116,L117,1,True,1.8729002841597143e-88,,False,2.0,False,False,True,True,,,,,False,False,False,N513,N513,0.404
L117,L118,1,True,2.085551626072098e-101,,False,2.0,False,False,True,True,,,,,False,False,False,N724,N724,0.431
L118,L119,1,True,1.0358718740150777e-91,,False,2.0,False,False,True,True,,,,,False,False,False,N612,N612,0.419
L119,L120,1,True,2.5676696624518173e-94,,False,2.0,False,False,True,True,,,,,False,False,False,N725,N725,0.431
L120,L121,1,True,1.0281191570857527e-103,,False,2.0,False,False,True,True,,,,,False,False,False,N802,N802,0.4385
L121,L122,1,True,1.1507497062482639e-93,,False,2.0,False,False,True,True,,,,,False,False,False,N694,N694,0.428
L122,L123,1,True,1.278367450312097e-95,,False,2.0,False,False,True,True,,,,,False,False,False,N785,N785,0.437
L123,L124,1,True,6.282880511238548e-92,,False,2.0,False,False,True,True,,,,,False,False,False,N621,N621,0.42
L124,L125,1,True,9.324621449364312e-90,,False,2.0,False,False,True,True,,,,,False,False,False,N544,N544,0.41
L125,L126,1,True,1.5373701724766909e-89,,False,2.0,False,False,True,True,,,,,False,False,False,N537,N537,0.409
L126,L127,1,True,5.729245429938753e-95,,False,2.0,False,False,True,True,,,,,False,False,False,N757,N757,0.434
L127,L128,1,True,3.430336527925067e-90,,False,2.0,False,False,True,True,,,,,False,False,False,N555,N555,0.412
L128,L129,1,True,1.2619502849275422e-90,,False,2.0,False,False,True,True,,,,,False,False,False,N567,N567,0.414
L129,L130,1,True,1.557370374292052e-94,,False,2.0,False,False,True,True,,,,,False,False,False,N735,N735,0.432
L130,L131,1,True,8.508543621224934e-102,,False,2.0,False,False,True,True,,,,,False,False,False,N767,N767,0.435
L131,L132,1,True,6.890015099071273e-89,,False,2.0,False,False,True,True,,,,,False,False,False,N523,N523,0.406
L132,L133,1,True,4.642455656047818e-91,,False,2.0,False,False,True,True,,,,,False,False,False,N591,N591,0.416
L133,L134,1,True,8.502954135293538e-93,,False,2.0,False,False,True,True,,,,,False,False,False,N661,N661,0.424
L134,L135,1,True,3.430336527925067e-90,,False,2.0,False,False,True,True,,,,,False,False,False,N555,N555,0.412
L135,L136,1,True,1.557370374292052e-94,,False,2.0,False,False,True,True,,,,,False,False,False,N736,N736,0.432
L136,L137,1,True,5.15730238117875e-93,,False,2.0,False,False,True,True,,,,,False,False,False,N674,N674,0.425
L137,L138,1,True,3.1280620156020482e-93,,False,2.0,False,False,True,True,,,,,False,False,False,N681,N681,0.426
L138,L139,1,True,6.890015099071273e-89,,False,2.0,False,False,True,True,,,,,False,False,False,N525,N525,0.406
L139,L140,1,True,1.0358718740150777e-91,,False,2.0,False,False,True,True,,,,,False,False,False,N616,N616,0.419
L140,L141,1,True,4.2333715886391437e-94,,False,2.0,False,False,True,True,,,,,False,False,False,N715,N715,0.43
L141,L142,1,True,1.5373701724766909e-89,,False,2.0,False,False,True,True,,,,,False,False,False,N538,N538,0.409
L142,L143,1,True,1.5373701724766909e-89,,False,2.0,False,False,True,True,,,,,False,False,False,N539,N539,0.409
L143,L144,1,True,7.854561080292503e-101,,False,2.0,False,False,True,True,,,,,False,False,False,N988,N988,0.461
L144,L145,1,True,4.2333715886391437e-94,,False,2.0,False,False,True,True,,,,,False,False,False,N714,N714,0.43
L145,L146,1,True,2.779630478555851e-86,,False,2.0,False,False,True,True,,,,,False,False,False,N501,N501,0.394
L146,L147,1,True,1.0358718740150777e-91,,False,2.0,False,False,True,True,,,,,False,False,False,N615,N615,0.419
L147,L148,1,True,5.026906224353605e-102,,False,2.0,False,False,True,True,,,,,False,False,False,N744,N744,0.433
L148,L149,1,True,1.0358718740150777e-91,,False,2.0,False,False,True,True,,,,,False,False,False,N615,N615,0.419
L149,L150,1,True,3.296877700762437e-107,,False,2.0,False,False,True,True,,,,,False,False,False,N807,N807,0.439
L150,L151,1,True,7.654115388389024e-91,,False,2.0,False,False,True,True,,,,,False,False,False,N578,N578,0.415
L151,L152,1,True,3.430336527925067e-90,,False,2.0,False,False,True,True,,,,,False,False,False,N556,N556,0.412
L152,L153,1,True,1.2457439535357309e-85,,False,2.0,False,False,True,True,,,,,False,False,False,N500,N500,0.391
L153,L154,1,True,1.1493963498037598e-117,,False,2.0,False,False,True,True,,,,,False,False,False,N856,N856,0.4445
L154,L155,1,True,1.278367450312097e-95,,False,2.0,False,False,True,True,,,,,False,False,False,N788,N788,0.437
L155,L156,1,True,3.810759661374316e-92,,False,2.0,False,False,True,True,,,,,False,False,False,N633,N633,0.421
L156,L157,1,True,1.557370374292052e-94,,False,2.0,False,False,True,True,,,,,False,False,False,N735,N735,0.432
L157,L158,1,True,3.1280620156020482e-93,,False,2.0,False,False,True,True,,,,,False,False,False,N681,N681,0.426
L158,L159,1,True,6.282880511238548e-92,,False,2.0,False,False,True,True,,,,,False,False,False,N624,N624,0.42
L159,L160,1,True,1.5373701724766909e-89,,False,2.0,False,False,True,True,,,,,False,False,False,N542,N542,0.409
L160,L161,1,True,1.5373701724766909e-89,,False,2.0,False,False,True,True,,,,,False,False,False,N543,N543,0.409
L161,L162,1,True,6.97964978495321e-94,,False,2.0,False,False,True,True,,,,,False,False,False,N705,N705,0.429
L162,L163,1,True,4.010223030206018e-105,,False,2.0,False,False,True,True,,,,,False,False,False,N853,N853,0.444
L163,L164,1,True,1.154797621136364e-108,,False,2.0,False,False,True,True,,,,,False,False,False,N749,N749,0.433333
L164,L165,1,True,1.5373701724766909e-89,,False,2.0,False,False,True,True,,,,,False,False,False,N537,N537,0.409
L165,L166,1,True,9.440147083017484e-100,,False,2.0,False,False,True,True,,,,,False,False,False,N638,N638,0.4215
L166,L167,1,True,1.1507497062482639e-93,,False,2.0,False,False,True,True,,,,,False,False,False,N698,N698,0.428
L167,L168,1,True,1.7807748271769575e-101,,False,2.0,False,False,True,True,,,,,False,False,False,N752,N752,0.4335
L168,L169,1,True,1.557370374292052e-94,,False,2.0,False,False,True,True,,,,,False,False,False,N734,N734,0.432
L169,L170,1,True,7.654115388389024e-91,,False,2.0,False,False,True,True,,,,,False,False,False,N578,N578,0.415
L170,L171,1,True,1.5373701724766909e-89,,False,2.0,False,False,True,True,,,,,False,False,False,N539,N539,0.409
L171,L172,1,True,1.2619502849275422e-90,,False,2.0,False,False,True,True,,,,,False,False,False,N569,N569,0.414
L172,L173,1,True,7.753690529916524e-96,,False,2.0,False,False,True,True,,,,,False,False,False,N797,N797,0.438
L173,L174,1,True,6.282880511238548e-92,,False,2.0,False,False,True,True,,,,,False,False,False,N624,N624,0.42
L174,L175,1,True,1.278367450312097e-95,,False,2.0,False,False,True,True,,,,,False,False,False,N788,N788,0.437
L175,L176,1,True,2.779630478555851e-86,,False,2.0,False,False,True,True,,,,,False,False,False,N501,N501,0.394
L176,L177,1,True,2.2253439973221414e-110,,False,2.0,False,False,True,True,,,,,False,False,False,N857,N857,0.444667
L177,L178,1,True,1.7078639924029581e-91,,False,2.0,False,False,True,True,,,,,False,False,False,N608,N608,0.418
L178,L179,1,True,2.0756095259435155e-103,,False,2.0,False,False,True,True,,,,,False,False,False,N794,N794,0.4375
L179,L180,1,True,1.5373701724766909e-89,,False,2.0,False,False,True,True,,,,,False,False,False,N538,N538,0.409
L180,L181,1,True,8.495861032122662e-107,,False,2.0,False,False,True,True,,,,,False,False,False,N680,N680,0.425667
L181,L182,1,True,1.4019001346658262e-92,,False,2.0,False,False,True,True,,,,,False,False,False,N652,N652,0.423
L182,L183,1,True,8.502954135293538e-93,,False,2.0,False,False,True,True,,,,,False,False,False,N661,N661,0.424
L183,L184,1,True,1.4019001346658262e-92,,False,2.0,False,False,True,True,,,,,False,False,False,N648,N648,0.423
L184,L185,1,True,1.4019001346658262e-92,,False,2.0,False,False,True,True,,,,,False,False,False,N649,N649,0.423
L185,L186,1,True,1.4019001346658262e-92,,False,2.0,False,False,True,True,,,,,False,False,False,N649,N649,0.423
L186,L187,1,True,6.282880511238548e-92,,False,2.0,False,False,True,True,,,,,False,False,False,N625,N625,0.42
L187,L188,1,True,8.502954135293538e-93,,False,2.0,False,False,True,True,,,,,False,False,False,N662,N662,0.424
L188,L189,1,True,1.8972655179498646e-93,,False,2.0,False,False,True,True,,,,,False,False,False,N684,N684,0.427
L189,L190,1,True,3.430336527925067e-90,,False,2.0,False,False,True,True,,,,,False,False,False,N556,N556,0.412
L190,L191,1,True,7.753690529916524e-96,,False,2.0,False,False,True,True,,,,,False,False,False,N797,N797,0.438
L191,L192,1,True,3.810759661374316e-92,,False,2.0,False,False,True,True,,,,,False,False,False,N634,N634,0.421
L192,L193,1,True,5.953576788808679e-103,,False,2.0,False,False,True,True,,,,,False,False,False,N774,N774,0.436
L193,L194,1,True,6.890015099071273e-89,,False,2.0,False,False,True,True,,,,,False,False,False,N523,N523,0.406
L194,L195,1,True,5.091070808962107e-88,,False,2.0,False,False,True,True,,,,,False,False,False,N507,N507,0.402
L195,L196,1,True,4.2333715886391437e-94,,False,2.0,False,False,True,True,,,,,False,False,False,N715,N715,0.43
L196,L197,1,True,1.5373701724766909e-89,,False,2.0,False,False,True,True,,,,,False,False,False,N542,N542,0.409
L197,L198,1,True,2.019925901795172e-102,,False,2.0,False,False,True,True,,,,,False,False,False,N793,N793,0.4375
L198,L199,1,True,8.502954135293538e-93,,False,2.0,False,False,True,True,,,,,False,False,False,N662,N662,0.424
L199,L200,1,True,6.890015099071273e-89,,False,2.0,False,False,True,True,,,,,False,False,False,N525,N525,0.406
L200,L201,1,True,6.97964978495321e-94,,False,2.0,False,False,True,True,,,,,False,False,False,N705,N705,0.429
L201,L202,1,True,1.1507497062482639e-93,,False,2.0,False,False,True,True,,,,,False,False,False,N697,N697,0.428
L202,L203,1,True,1.7023191599019344e-101,,False,2.0,False,False,True,True,,,,,False,False,False,N706,N706,0.429
L203,L204,1,True,1.5373701724766909e-89,,False,2.0,False,False,True,True,,,,,False,False,False,N536,N536,0.409
L204,L205,1,True,3.810759661374316e-92,,False,2.0,False,False,True,True,,,,,False,False,False,N634,N634,0.421
L205,L206,1,True,8.502954135293538e-93,,False,2.0,False,False,True,True,,,,,False,False,False,N660,N660,0.424
L206,L207,1,True,1.5373701724766909e-89,,False,2.0,False,False,True,True,,,,,False,False,False,N536,N536,0.409
L207,L208,1,True,4.642455656047818e-91,,False,2.0,False,False,True,True,,,,,False,False,False,N592,N592,0.416
L208,L209,1,True,1.7078639924029581e-91,,False,2.0,False,False,True,True,,,,,False,False,False,N608,N608,0.418
L209,L210,1,True,2.815791691740185e-91,,False,2.0,False,False,True,True,,,,,False,False,False,N596,N596,0.417
L210,L211,1,True,4.642455656047818e-91,,False,2.0,False,False,True,True,,,,,False,False,False,N591,N591,0.416
L211,L212,1,True,1.13201563822859e-104,,False,2.0,False,False,True,True,,,,,False,False,False,N840,N840,0.443
L212,L213,1,True,4.788830765410639e-100,,False,2.0,False,False,True,True,,,,,False,False,False,N642,N642,0.422
L213,L214,1,True,1.1507497062482639e-93,,False,2.0,False,False,True,True,,,,,False,False,False,N698,N698,0.428
L214,L215,1,True,1.2619502849275422e-90,,False,2.0,False,False,True,True,,,,,False,False,False,N569,N569,0.414
L215,L216,1,True,1.4019001346658262e-92,,False,2.0,False,False,True,True,,,,,False,False,False,N650,N650,0.423
L216,L217,1,True,5.15730238117875e-93,,False,2.0,False,False,True,True,,,,,False,False,False,N674,N674,0.425
L217,L218,1,True,1.557370374292052e-94,,False,2.0,False,False,True,True,,,,,False,False,False,N736,N736,0.432
L218,L219,1,True,1.2619502849275422e-90,,False,2.0,False,False,True,True,,,,,False,False,False,N567,N567,0.414
L219,L220,1,True,1.4019001346658262e-92,,False,2.0,False,False,True,True,,,,,False,False,False,N652,N652,0.423
L220,L221,1,True,1.1359714449267106e-88,,False,2.0,False,False,True,True,,,,,False,False,False,N517,N517,0.405
L221,L222,1,True,1.7182305008130232e-100,,False,2.0,False,False,True,True,,,,,False,False,False,N651,N651,0.423
L222,L223,1,True,2.232593137823658e-99,,False,2.0,False,False,True,True,,,,,False,False,False,N607,N607,0.418
L223,L224,1,True,6.282880511238548e-92,,False,2.0,False,False,True,True,,,,,False,False,False,N625,N625,0.42
L224,L225,1,True,5.729245429938753e-95,,False,2.0,False,False,True,True,,,,,False,False,False,N757,N757,0.434
L225,L226,1,True,1.1507497062482639e-93,,False,2.0,False,False,True,True,,,,,False,False,False,N697,N697,0.428
L226,L227,1,True,2.815791691740185e-91,,False,2.0,False,False,True,True,,,,,False,False,False,N596,N596,0.417
L227,L228,1,True,8.210883518816495e-101,,False,2.0,False,False,True,True,,,,,False,False,False,N668,N668,0.4245
L228,L229,1,True,1.8972655179498646e-93,,False,2.0,False,False,True,True,,,,,False,False,False,N684,N684,0.427
L229,L230,1,True,8.502954135293538e-93,,False,2.0,False,False,True,True,,,,,False,False,False,N660,N660,0.424
L230,L231,1,True,4.6614475884118744e-104,,False,2.0,False,False,True,True,,,,,False,False,False,N825,N825,0.441
L231,L232,1,True,1.4019001346658262e-92,,False,2.0,False,False,True,True,,,,,False,False,False,N648,N648,0.423
L232,L233,1,True,1.709048036170472e-98,,False,2.0,False,False,True,True,,,,,False,False,False,N639,N639,0.4215
L233,L234,1,True,1.0358718740150777e-91,,False,2.0,False,False,True,True,,,,,False,False,False,N616,N616,0.419
L234,L235,1,True,5.311266001728818e-103,,False,2.0,False,False,True,True,,,,,False,False,False,N746,N746,0.433
L235,L236,1,True,5.091070808962107e-88,,False,2.0,False,False,True,True,,,,,False,False,False,N507,N507,0.402
L236,L237,1,True,4.021692791136971e-98,,False,2.0,False,False,True,True,,,,,False,False,False,N610,N610,0.418
L237,L238,1,True,4.2333715886391437e-94,,False,2.0,False,False,True,True,,,,,False,False,False,N714,N714,0.43
L238,L239,1,True,2.3113425714217955e-92,,False,2.0,False,False,True,True,,,,,False,False,False,N641,N641,0.422
L239,L240,1,True,1.557370374292052e-94,,False,2.0,False,False,True,True,,,,,False,False,False,N734,N734,0.432
L240,L241,1,True,1.4019001346658262e-92,,False,2.0,False,False,True,True,,,,,False,False,False,N650,N650,0.423
L241,L242,1,True,1.2457439535357309e-85,,False,2.0,False,False,True,True,,,,,False,False,False,N500,N500,0.391
L242,L243,1,True,1.5373701724766909e-89,,False,2.0,False,False,True,True,,,,,False,False,False,N543,N543,0.409
L243,L244,1,True,1.4019001346658262e-92,,False,2.0,False,False,True,True,,,,,False,False,False,N653,N653,0.423
L244,L245,1,True,2.3113425714217955e-92,,False,2.0,False,False,True,True,,,,,False,False,False,N641,N641,0.422
L245,L246,1,True,5.6709702684661785e-112,,False,2.0,False,False,True,True,,,,,False,False,False,N812,N812,0.43925
L246,L247,1,True,1.4019001346658262e-92,,False,2.0,False,False,True,True,,,,,False,False,False,N653,N653,0.423
L247,L248,1,True,4.642455656047818e-91,,False,2.0,False,False,True,True,,,,,False,False,False,N592,N592,0.416
L248,L249,1,True,1.1359714449267106e-88,,False,2.0,False,False,True,True,,,,,False,False,False,N517,N517,0.405
L249,L250,1,True,3.810759661374316e-92,,False,2.0,False,False,True,True,,,,,False,False,False,N633,N633,0.421
L250,L251,1,True,8.502954135293538e-93,,False,2.0,False,False,True,True,,,,,False,False,False,N664,N664,0.424
L251,L252,1,True,5.655668799247948e-90,,False,2.0,False,False,True,True,,,,,False,False,False,N551,N551,0.411
L252,L253,1,True,7.654115388389024e-91,,False,2.0,False,False,True,True,,,,,False,False,False,N577,N577,0.415
L253,L254,1,True,3.0878905364046425e-88,,False,2.0,False,False,True,True,,,,,False,False,False,N511,N511,0.403
L254,L255,1,True,1.557370374292052e-94,,False,2.0,False,False,True,True,,,,,False,False,False,N738,N738,0.432
L255,L256,1,True,1.5424672332324978e-101,,False,2.0,False,False,True,True,,,,,False,False,False,N723,N723,0.4305
L256,L257,1,True,1.2619502849275422e-90,,False,2.0,False,False,True,True,,,,,False,False,False,N573,N573,0.414
L257,L258,1,True,2.0311857624302903e-104,,False,2.0,False,False,True,True,,,,,False,False,False,N848,N848,0.4435
L258,L259,1,True,5.729245429938753e-95,,False,2.0,False,False,True,True,,,,,False,False,False,N760,N760,0.434
L259,L260,1,True,8.502954135293538e-93,,False,2.0,False,False,True,True,,,,,False,False,False,N665,N665,0.424
L260,L261,1,True,9.44592880539743e-95,,False,2.0,False,False,True,True,,,,,False,False,False,N748,N748,0.433
L261,L262,1,True,8.205706598165819e-101,,False,2.0,False,False,True,True,,,,,False,False,False,N671,N671,0.4245
L262,L263,1,True,5.15730238117875e-93,,False,2.0,False,False,True,True,,,,,False,False,False,N677,N677,0.425
L263,L264,1,True,9.324621449364312e-90,,False,2.0,False,False,True,True,,,,,False,False,False,N548,N548,0.41
L264,L265,1,True,2.0806042773265067e-90,,False,2.0,False,False,True,True,,,,,False,False,False,N565,N565,0.413
L265,L266,1,True,1.1507497062482639e-93,,False,2.0,False,False,True,True,,,,,False,False,False,N700,N700,0.428
L266,L267,1,True,1.5373701724766909e-89,,False,2.0,False,False,True,True,,,,,False,False,False,N540,N540,0.409
L267,L268,1,True,4.642455656047818e-91,,False,2.0,False,False,True,True,,,,,False,False,False,N590,N590,0.416
L268,L269,1,True,9.324621449364312e-90,,False,2.0,False,False,True,True,,,,,False,False,False,N547,N547,0.41
L269,L270,1,True,1.2619502849275422e-90,,False,2.0,False,False,True,True,,,,,False,False,False,N572,N572,0.414
L270,L271,1,True,2.276168438043364e-102,,False,2.0,False,False,True,True,,,,,False,False,False,N770,N770,0.4355
L271,L272,1,True,2.796611960722315e-100,,False,2.0,False,False,True,True,,,,,False,False,False,N678,N678,0.4255
L272,L273,1,True,3.6452747292995163e-104,,False,2.0,False,False,True,True,,,,,False,False,False,N863,N863,0.445
L273,L274,1,True,5.655668799247948e-90,,False,2.0,False,False,True,True,,,,,False,False,False,N550,N550,0.411
L274,L275,1,True,4.1790054034699385e-89,,False,2.0,False,False,True,True,,,,,False,False,False,N527,N527,0.407
L275,L276,1,True,5.15730238117875e-93,,False,2.0,False,False,True,True,,,,,False,False,False,N677,N677,0.425
L276,L277,1,True,1.2619502849275422e-90,,False,2.0,False,False,True,True,,,,,False,False,False,N574,N574,0.414
L277,L278,1,True,3.0878905364046425e-88,,False,2.0,False,False,True,True,,,,,False,False,False,N511,N511,0.403
L278,L279,1,True,2.5346949043069913e-89,,False,2.0,False,False,True,True,,,,,False,False,False,N533,N533,0.408
L279,L280,1,True,1.8883168411169662e-99,,False,2.0,False,False,True,True,,,,,False,False,False,N629,N629,0.4205
L280,L281,1,True,1.2619502849275422e-90,,False,2.0,False,False,True,True,,,,,False,False,False,N573,N573,0.414
L281,L282,1,True,2.5676696624518173e-94,,False,2.0,False,False,True,True,,,,,False,False,False,N728,N728,0.431
L282,L283,1,True,2.1066165693893842e-102,,False,2.0,False,False,True,True,,,,,False,False,False,N732,N732,0.4315
L283,L284,1,True,2.5346949043069913e-89,,False,2.0,False,False,True,True,,,,,False,False,False,N533,N533,0.408
L284,L285,1,True,3.180742441981358e-103,,False,2.0,False,False,True,True,,,,,False,False,False,N777,N777,0.436
L285,L286,1,True,2.815791691740185e-91,,False,2.0,False,False,True,True,,,,,False,False,False,N602,N602,0.417
L286,L287,1,True,1.7300822096876483e-96,,False,2.0,False,False,True,True,,,,,False,False,False,N828,N828,0.441
L287,L288,1,True,1.1359714449267106e-88,,False,2.0,False,False,True,True,,,,,False,False,False,N516,N516,0.405
L288,L289,1,True,1.4019001346658262e-92,,False,2.0,False,False,True,True,,,,,False,False,False,N657,N657,0.423
L289,L290,1,True,1.5373701724766909e-89,,False,2.0,False,False,True,True,,,,,False,False,False,N540,N540,0.409
L290,L291,1,True,2.5346949043069913e-89,,False,2.0,False,False,True,True,,,,,False,False,False,N535,N535,0.408
L291,L292,1,True,3.180742441976909e-103,,False,2.0,False,False,True,True,,,,,False,False,False,N776,N776,0.436
L292,L293,1,True,1.0339058497728445e-95,,False,2.0,False,False,True,True,,,,,False,False,False,N852,N852,0.444
L293,L294,1,True,7.654115388389024e-91,,False,2.0,False,False,True,True,,,,,False,False,False,N581,N581,0.415
L294,L295,1,True,9.324621449364312e-90,,False,2.0,False,False,True,True,,,,,False,False,False,N547,N547,0.41
L295,L296,1,True,7.654115388389024e-91,,False,2.0,False,False,True,True,,,,,False,False,False,N585,N585,0.415
L296,L297,1,True,2.0806042773265067e-90,,False,2.0,False,False,True,True,,,,,False,False,False,N562,N562,0.413
L297,L298,1,True,4.63779308069863e-101,,False,2.0,False,False,True,True,,,,,False,False,False,N703,N703,0.4285
L298,L299,1,True,1.4322987222486098e-103,,False,2.0,False,False,True,True,,,,,False,False,False,N803,N803,0.4385
L299,L300,1,True,1.1507497062482639e-93,,False,2.0,False,False,True,True,,,,,False,False,False,N699,N699,0.428
L300,L301,1,True,1.2619502849275422e-90,,False,2.0,False,False,True,True,,,,,False,False,False,N572,N572,0.414
L301,L302,1,True,2.140049098276284e-107,,False,2.0,False,False,True,True,,,,,False,False,False,N780,N780,0.43675
L302,L303,1,True,2.0806042773265067e-90,,False,2.0,False,False,True,True,,,,,False,False,False,N563,N563,0.413
L303,L304,1,True,4.2001431803677015e-102,,False,2.0,False,False,True,True,,,,,False,False,False,N775,N775,0.436
L304,L305,1,True,1.76290519647186e-101,,False,2.0,False,False,True,True,,,,,False,False,False,N701,N701,0.4285
L305,L306,1,True,1.4019001346658262e-92,,False,2.0,False,False,True,True,,,,,False,False,False,N655,N655,0.423
L306,L307,1,True,1.0358718740150777e-91,,False,2.0,False,False,True,True,,,,,False,False,False,N619,N619,0.419
L307,L308,1,True,8.502954135293538e-93,,False,2.0,False,False,True,True,,,,,False,False,False,N665,N665,0.424
L308,L309,1,True,4.387068235667024e-99,,False,2.0,False,False,True,True,,,,,False,False,False,N605,N605,0.4175
L309,L310,1,True,2.815791691740185e-91,,False,2.0,False,False,True,True,,,,,False,False,False,N603,N603,0.417
L310,L311,1,True,1.4019001346658262e-92,,False,2.0,False,False,True,True,,,,,False,False,False,N656,N656,0.423
L311,L312,1,True,7.654115388389024e-91,,False,2.0,False,False,True,True,,,,,False,False,False,N585,N585,0.415
L312,L313,1,True,1.557370374292052e-94,,False,2.0,False,False,True,True,,,,,False,False,False,N739,N739,0.432
L313,L314,1,True,9.324621449364312e-90,,False,2.0,False,False,True,True,,,,,False,False,False,N545,N545,0.41
L314,L315,1,True,8.502954135293538e-93,,False,2.0,False,False,True,True,,,,,False,False,False,N664,N664,0.424
L315,L316,1,True,1.0358718740150777e-91,,False,2.0,False,False,True,True,,,,,False,False,False,N619,N619,0.419
L316,L317,1,True,1.656485640794097e-101,,False,2.0,False,False,True,True,,,,,False,False,False,N710,N710,0.4295
L317,L318,1,True,2.0806042773265067e-90,,False,2.0,False,False,True,True,,,,,False,False,False,N563,N563,0.413
L318,L319,1,True,7.654115388389024e-91,,False,2.0,False,False,True,True,,,,,False,False,False,N581,N581,0.415
L319,L320,1,True,7.654115388389024e-91,,False,2.0,False,False,True,True,,,,,False,False,False,N586,N586,0.415
L320,L321,1,True,2.396141151044678e-102,,False,2.0,False,False,True,True,,,,,False,False,False,N762,N762,0.4345
L321,L322,1,True,5.655668799247948e-90,,False,2.0,False,False,True,True,,,,,False,False,False,N551,N551,0.411
L322,L323,1,True,4.1960539863839106e-101,,False,2.0,False,False,True,True,,,,,False,False,False,N719,N719,0.43
L323,L324,1,True,1.4019001346658262e-92,,False,2.0,False,False,True,True,,,,,False,False,False,N656,N656,0.423
L324,L325,1,True,1.4175368165442636e-100,,False,2.0,False,False,True,True,,,,,False,False,False,N683,N683,0.426
L325,L326,1,True,4.642455656047818e-91,,False,2.0,False,False,True,True,,,,,False,False,False,N593,N593,0.416
L326,L327,1,True,7.654115388389024e-91,,False,2.0,False,False,True,True,,,,,False,False,False,N587,N587,0.415
L327,L328,1,True,7.654115388389024e-91,,False,2.0,False,False,True,True,,,,,False,False,False,N587,N587,0.415
L328,L329,1,True,2.815791691740185e-91,,False,2.0,False,False,True,True,,,,,False,False,False,N597,N597,0.417
L329,L330,1,True,2.0806042773265067e-90,,False,2.0,False,False,True,True,,,,,False,False,False,N565,N565,0.413
L330,L331,1,True,5.9301076716188985e-105,,False,2.0,False,False,True,True,,,,,False,False,False,N841,N841,0.443
L331,L332,1,True,4.5082264709387017e-100,,False,2.0,False,False,True,True,,,,,False,False,False,N654,N654,0.423
L332,L333,1,True,1.8472943612040786e-107,,False,2.0,False,False,True,True,,,,,False,False,False,N720,N720,0.43
L333,L334,1,True,1.7300822096876483e-96,,False,2.0,False,False,True,True,,,,,False,False,False,N828,N828,0.441
L334,L335,1,True,2.5676696624518173e-94,,False,2.0,False,False,True,True,,,,,False,False,False,N728,N728,0.431
L335,L336,1,True,2.815791691740185e-91,,False,2.0,False,False,True,True,,,,,False,False,False,N597,N597,0.417
L336,L337,1,True,2.815791691740185e-91,,False,2.0,False,False,True,True,,,,,False,False,False,N602,N602,0.417
L337,L338,1,True,5.729245429938753e-95,,False,2.0,False,False,True,True,,,,,False,False,False,N760,N760,0.434
L338,L339,1,True,9.324621449364312e-90,,False,2.0,False,False,True,True,,,,,False,False,False,N545,N545,0.41
L339,L340,1,True,5.655668799247948e-90,,False,2.0,False,False,True,True,,,,,False,False,False,N550,N550,0.411
L340,L341,1,True,6.97964978495321e-94,,False,2.0,False,False,True,True,,,,,False,False,False,N707,N707,0.429
L341,L342,1,True,1.557370374292052e-94,,False,2.0,False,False,True,True,,,,,False,False,False,N738,N738,0.432
L342,L343,1,True,1.4019001346658262e-92,,False,2.0,False,False,True,True,,,,,False,False,False,N655,N655,0.423
L343,L344,1,True,1.2619502849275422e-90,,False,2.0,False,False,True,True,,,,,False,False,False,N574,N574,0.414
L344,L345,1,True,3.3440427258258955e-100,,False,2.0,False,False,True,True,,,,,False,False,False,N645,N645,0.4225
L345,L346,1,True,0.053070387438923845,,False,2.0,False,False,True,True,,,,,False,False,False,N898,N898,0.448429
L346,L347,1,True,1.557370374292052e-94,,False,2.0,False,False,True,True,,,,,False,False,False,N739,N739,0.432
L347,L348,1,True,5.729245429938753e-95,,False,2.0,False,False,True,True,,,,,False,False,False,N759,N759,0.434
L348,L349,1,True,2.0806042773265067e-90,,False,2.0,False,False,True,True,,,,,False,False,False,N562,N562,0.413
L349,L350,1,True,4.642455656047818e-91,,False,2.0,False,False,True,True,,,,,False,False,False,N593,N593,0.416
L350,L351,1,True,1.4019001346658262e-92,,False,2.0,False,False,True,True,,,,,False,False,False,N657,N657,0.423
L351,L352,1,True,4.642455656047818e-91,,False,2.0,False,False,True,True,,,,,False,False,False,N590,N590,0.416
L352,L353,1,True,9.324621449364312e-90,,False,2.0,False,False,True,True,,,,,False,False,False,N546,N546,0.41
L353,L354,1,True,2.334721231320761e-56,,False,2.0,False,False,True,True,,,,,False,False,False,N855,N855,0.4444
L354,L355,1,True,1.2784961406676365e-104,,False,2.0,False,False,True,True,,,,,False,False,False,N827,N827,0.441
L355,L356,1,True,7.654115388389024e-91,,False,2.0,False,False,True,True,,,,,False,False,False,N577,N577,0.415
L356,L357,1,True,2.815791691740185e-91,,False,2.0,False,False,True,True,,,,,False,False,False,N603,N603,0.417
L357,L358,1,True,4.1790054034699385e-89,,False,2.0,False,False,True,True,,,,,False,False,False,N527,N527,0.407
L358,L359,1,True,6.97964978495321e-94,,False,2.0,False,False,True,True,,,,,False,False,False,N707,N707,0.429
L359,L360,1,True,9.44592880539743e-95,,False,2.0,False,False,True,True,,,,,False,False,False,N748,N748,0.433
L360,L361,1,True,1.1359714449267106e-88,,False,2.0,False,False,True,True,,,,,False,False,False,N516,N516,0.405
L361,L362,1,True,5.729245429938753e-95,,False,2.0,False,False,True,True,,,,,False,False,False,N759,N759,0.434
L362,L363,1,True,9.324621449364312e-90,,False,2.0,False,False,True,True,,,,,False,False,False,N546,N546,0.41
L363,L364,1,True,9.324621449364312e-90,,False,2.0,False,False,True,True,,,,,False,False,False,N548,N548,0.41
L364,L365,1,True,4.1790054034699385e-89,,False,2.0,False,False,True,True,,,,,False,False,False,N528,N528,0.407
L365,L366,1,True,1.1056720405340834e-99,,False,2.0,False,False,True,True,,,,,False,False,False,N618,N618,0.419
L366,L367,1,True,1.1507497062482639e-93,,False,2.0,False,False,True,True,,,,,False,False,False,N700,N700,0.428
L367,L368,1,True,7.654115388389024e-91,,False,2.0,False,False,True,True,,,,,False,False,False,N586,N586,0.415
L368,L369,1,True,3.6370421571526535e-103,,False,2.0,False,False,True,True,,,,,False,False,False,N810,N810,0.439
L369,L370,1,True,2.5346949043069913e-89,,False,2.0,False,False,True,True,,,,,False,False,False,N535,N535,0.408
L370,L371,1,True,4.642455656047818e-91,,False,2.0,False,False,True,True,,,,,False,False,False,N589,N589,0.416
L371,L372,1,True,4.642455656047818e-91,,False,2.0,False,False,True,True,,,,,False,False,False,N589,N589,0.416
L372,L373,1,True,4.1790054034699385e-89,,False,2.0,False,False,True,True,,,,,False,False,False,N528,N528,0.407
L373,L374,1,True,1.1507497062482639e-93,,False,2.0,False,False,True,True,,,,,False,False,False,N699,N699,0.428
L374,L375,1,True,4.0122859246705135e-103,,False,2.0,False,False,True,True,,,,,False,False,False,N796,N796,0.4375
L375,L376,1,True,6.890015099071273e-89,,False,2.0,False,False,True,True,,,,,False,False,False,N524,N524,0.406
L376,L377,1,True,3.810759661374316e-92,,False,2.0,False,False,True,True,,,,,False,False,False,N637,N637,0.421
L377,L378,1,True,3.47496301027109e-95,,False,2.0,False,False,True,True,,,,,False,False,False,N768,N768,0.435
L378,L379,1,True,4.130806508641875e-99,,False,2.0,False,False,True,True,,,,,False,False,False,N611,N611,0.4185
L379,L380,1,True,7.654115388389024e-91,,False,2.0,False,False,True,True,,,,,False,False,False,N579,N579,0.415
L380,L381,1,True,3.810759661374316e-92,,False,2.0,False,False,True,True,,,,,False,False,False,N637,N637,0.421
L381,L382,1,True,1.8972655179498646e-93,,False,2.0,False,False,True,True,,,,,False,False,False,N688,N688,0.427
L382,L383,1,True,5.069801123652351e-102,,False,2.0,False,False,True,True,,,,,False,False,False,N747,N747,0.433
L383,L384,1,True,7.806622953917878e-100,,False,2.0,False,False,True,True,,,,,False,False,False,N669,N669,0.4245
L384,L385,1,True,1.0054187427543243e-99,,False,2.0,False,False,True,True,,,,,False,False,False,N630,N630,0.4205
L385,L386,1,True,5.513299126086265e-116,,False,2.0,False,False,True,True,,,,,False,False,False,N963,N963,0.456
L386,L387,1,True,9.450538772324205e-103,,False,2.0,False,False,True,True,,,,,False,False,False,N758,N758,0.434
L387,L388,1,True,4.1790054034699385e-89,,False,2.0,False,False,True,True,,,,,False,False,False,N531,N531,0.407
L388,L389,1,True,8.224357382174919e-107,,False,2.0,False,False,True,True,,,,,False,False,False,N721,N721,0.430333
L389,L390,1,True,4.1790054034699385e-89,,False,2.0,False,False,True,True,,,,,False,False,False,N530,N530,0.407
L390,L391,1,True,2.815791691740185e-91,,False,2.0,False,False,True,True,,,,,False,False,False,N600,N600,0.417
L391,L392,1,True,3.47496301027109e-95,,False,2.0,False,False,True,True,,,,,False,False,False,N768,N768,0.435
L392,L393,1,True,3.810759661374316e-92,,False,2.0,False,False,True,True,,,,,False,False,False,N635,N635,0.421
L393,L394,1,True,2.0806042773265067e-90,,False,2.0,False,False,True,True,,,,,False,False,False,N561,N561,0.413
L394,L395,1,True,1.557370374292052e-94,,False,2.0,False,False,True,True,,,,,False,False,False,N737,N737,0.432
L395,L396,1,True,3.0878905364046425e-88,,False,2.0,False,False,True,True,,,,,False,False,False,N512,N512,0.403
L396,L397,1,True,1.2619502849275422e-90,,False,2.0,False,False,True,True,,,,,False,False,False,N570,N570,0.414
L397,L398,1,True,5.655668799247948e-90,,False,2.0,False,False,True,True,,,,,False,False,False,N552,N552,0.411
L398,L399,1,True,4.1790054034699385e-89,,False,2.0,False,False,True,True,,,,,False,False,False,N529,N529,0.407
L399,L400,1,True,3.810759661374316e-92,,False,2.0,False,False,True,True,,,,,False,False,False,N635,N635,0.421
L400,L401,1,True,2.815791691740185e-91,,False,2.0,False,False,True,True,,,,,False,False,False,N601,N601,0.417
L401,L402,1,True,4.2333715886391437e-94,,False,2.0,False,False,True,True,,,,,False,False,False,N716,N716,0.43
L402,L403,1,True,6.576662337323135e-108,,False,2.0,False,False,True,True,,,,,False,False,False,N740,N740,0.432333
L403,L404,1,True,1.2619502849275422e-90,,False,2.0,False,False,True,True,,,,,False,False,False,N568,N568,0.414
L404,L405,1,True,4.2333715886391437e-94,,False,2.0,False,False,True,True,,,,,False,False,False,N718,N718,0.43
L405,L406,1,True,2.0806042773265067e-90,,False,2.0,False,False,True,True,,,,,False,False,False,N561,N561,0.413
L406,L407,1,True,1.557370374292052e-94,,False,2.0,False,False,True,True,,,,,False,False,False,N737,N737,0.432
L407,L408,1,True,2.0806042773265067e-90,,False,2.0,False,False,True,True,,,,,False,False,False,N564,N564,0.413
L408,L409,1,True,1.8972655179498646e-93,,False,2.0,False,False,True,True,,,,,False,False,False,N687,N687,0.427
L409,L410,1,True,5.655668799247948e-90,,False,2.0,False,False,True,True,,,,,False,False,False,N553,N553,0.411
L410,L411,1,True,1.6347977515173299e-102,,False,2.0,False,False,True,True,,,,,False,False,False,N722,N722,0.4305
L411,L412,1,True,1.2619502849275422e-90,,False,2.0,False,False,True,True,,,,,False,False,False,N571,N571,0.414
L412,L413,1,True,6.890015099071273e-89,,False,2.0,False,False,True,True,,,,,False,False,False,N524,N524,0.406
L413,L414,1,True,4.1790054034699385e-89,,False,2.0,False,False,True,True,,,,,False,False,False,N529,N529,0.407
L414,L415,1,True,5.091070808962107e-88,,False,2.0,False,False,True,True,,,,,False,False,False,N508,N508,0.402
L415,L416,1,True,5.655668799247948e-90,,False,2.0,False,False,True,True,,,,,False,False,False,N552,N552,0.411
L416,L417,1,True,2.388518834734917e-99,,False,2.0,False,False,True,True,,,,,False,False,False,N598,N598,0.417
L417,L418,1,True,3.1280620156020482e-93,,False,2.0,False,False,True,True,,,,,False,False,False,N682,N682,0.426
L418,L419,1,True,2.3113425714217955e-92,,False,2.0,False,False,True,True,,,,,False,False,False,N643,N643,0.422
L419,L420,1,True,6.282880511238548e-92,,False,2.0,False,False,True,True,,,,,False,False,False,N627,N627,0.42
L420,L421,1,True,5.549165196073566e-101,,False,2.0,False,False,True,True,,,,,False,False,False,N679,N679,0.4255
L421,L422,1,True,3.47496301027109e-95,,False,2.0,False,False,True,True,,,,,False,False,False,N769,N769,0.435
L422,L423,1,True,4.2333715886391437e-94,,False,2.0,False,False,True,True,,,,,False,False,False,N718,N718,0.43
L423,L424,1,True,8.502954135293538e-93,,False,2.0,False,False,True,True,,,,,False,False,False,N663,N663,0.424
L424,L425,1,True,1.7078639924029581e-91,,False,2.0,False,False,True,True,,,,,False,False,False,N609,N609,0.418
L425,L426,1,True,6.20219393834694e-87,,False,2.0,False,False,True,True,,,,,False,False,False,N502,N502,0.397
L426,L427,1,True,1.2619502849275422e-90,,False,2.0,False,False,True,True,,,,,False,False,False,N568,N568,0.414
L427,L428,1,True,1.1298822746042876e-100,,False,2.0,False,False,True,True,,,,,False,False,False,N670,N670,0.4245
L428,L429,1,True,7.654115388389024e-91,,False,2.0,False,False,True,True,,,,,False,False,False,N580,N580,0.415
L429,L430,1,True,7.654115388389024e-91,,False,2.0,False,False,True,True,,,,,False,False,False,N582,N582,0.415
L430,L431,1,True,2.815791691740185e-91,,False,2.0,False,False,True,True,,,,,False,False,False,N599,N599,0.417
L431,L432,1,True,3.810759661374316e-92,,False,2.0,False,False,True,True,,,,,False,False,False,N636,N636,0.421
L432,L433,1,True,1.3007835791784877e-104,,False,2.0,False,False,True,True,,,,,False,False,False,N873,N873,0.446
L433,L434,1,True,6.282880511238548e-92,,False,2.0,False,False,True,True,,,,,False,False,False,N623,N623,0.42
L434,L435,1,True,7.013804776169128e-106,,False,2.0,False,False,True,True,,,,,False,False,False,N930,N930,0.4515
L435,L436,1,True,2.3113425714217955e-92,,False,2.0,False,False,True,True,,,,,False,False,False,N643,N643,0.422
L436,L437,1,True,7.654115388389024e-91,,False,2.0,False,False,True,True,,,,,False,False,False,N579,N579,0.415
L437,L438,1,True,4.1790054034699385e-89,,False,2.0,False,False,True,True,,,,,False,False,False,N530,N530,0.407
L438,L439,1,True,5.655668799247948e-90,,False,2.0,False,False,True,True,,,,,False,False,False,N553,N553,0.411
L439,L440,1,True,1.3838965267348557e-87,,False,2.0,False,False,True,True,,,,,False,False,False,N503,N503,0.4
L440,L441,1,True,8.502954135293538e-93,,False,2.0,False,False,True,True,,,,,False,False,False,N663,N663,0.424
L441,L442,1,True,1.0358718740150777e-91,,False,2.0,False,False,True,True,,,,,False,False,False,N617,N617,0.419
L442,L443,1,True,9.44592880539743e-95,,False,2.0,False,False,True,True,,,,,False,False,False,N745,N745,0.433
L443,L444,1,True,6.282880511238548e-92,,False,2.0,False,False,True,True,,,,,False,False,False,N628,N628,0.42
L444,L445,1,True,2.5346949043069913e-89,,False,2.0,False,False,True,True,,,,,False,False,False,N534,N534,0.408
L445,L446,1,True,2.890096798075857e-100,,False,2.0,False,False,True,True,,,,,False,False,False,N676,N676,0.425
L446,L447,1,True,2.6854645483048908e-99,,False,2.0,False,False,True,True,,,,,False,False,False,N626,N626,0.42
L447,L448,1,True,7.854561080292503e-101,,False,2.0,False,False,True,True,,,,,False,False,False,N988,N988,0.461
L448,L449,1,True,3.0878905364046425e-88,,False,2.0,False,False,True,True,,,,,False,False,False,N512,N512,0.403
L449,L450,1,True,1.8972655179498646e-93,,False,2.0,False,False,True,True,,,,,False,False,False,N686,N686,0.427
L450,L451,1,True,1.0358718740150777e-91,,False,2.0,False,False,True,True,,,,,False,False,False,N617,N617,0.419
L451,L452,1,True,2.5676696624518173e-94,,False,2.0,False,False,True,True,,,,,False,False,False,N727,N727,0.431
L452,L453,1,True,1.5373701724766909e-89,,False,2.0,False,False,True,True,,,,,False,False,False,N541,N541,0.409
L453,L454,1,True,1.0493479039939492e-96,,False,2.0,False,False,True,True,,,,,False,False,False,N833,N833,0.442
L454,L455,1,True,1.2619502849275422e-90,,False,2.0,False,False,True,True,,,,,False,False,False,N571,N571,0.414
L455,L456,1,True,2.7175585733142057e-105,,False,2.0,False,False,True,True,,,,,False,False,False,N862,N862,0.445
L456,L457,1,True,1.8972655179498646e-93,,False,2.0,False,False,True,True,,,,,False,False,False,N685,N685,0.427
L457,L458,1,True,4.1599713938691945e-98,,False,2.0,False,False,True,True,,,,,False,False,False,N557,N557,0.4125
L458,L459,1,True,5.091070808962107e-88,,False,2.0,False,False,True,True,,,,,False,False,False,N508,N508,0.402
L459,L460,1,True,5.15730238117875e-93,,False,2.0,False,False,True,True,,,,,False,False,False,N675,N675,0.425
L460,L461,1,True,1.5975776226537892e-105,,False,2.0,False,False,True,True,,,,,False,False,False,N903,N903,0.4485
L461,L462,1,True,9.44592880539743e-95,,False,2.0,False,False,True,True,,,,,False,False,False,N745,N745,0.433
L462,L463,1,True,2.0806042773265067e-90,,False,2.0,False,False,True,True,,,,,False,False,False,N564,N564,0.413
L463,L464,1,True,1.8972655179498646e-93,,False,2.0,False,False,True,True,,,,,False,False,False,N688,N688,0.427
L464,L465,1,True,2.5346949043069913e-89,,False,2.0,False,False,True,True,,,,,False,False,False,N534,N534,0.408
L465,L466,1,True,1.1994694161646617e-105,,False,2.0,False,False,True,True,,,,,False,False,False,N895,N895,0.448
L466,L467,1,True,7.654115388389024e-91,,False,2.0,False,False,True,True,,,,,False,False,False,N582,N582,0.415
L467,L468,1,True,1.8972655179498646e-93,,False,2.0,False,False,True,True,,,,,False,False,False,N687,N687,0.427
L468,L469,1,True,4.1790054034699385e-89,,False,2.0,False,False,True,True,,,,,False,False,False,N531,N531,0.407
L469,L470,1,True,2.815791691740185e-91,,False,2.0,False,False,True,True,,,,,False,False,False,N600,N600,0.417
L470,L471,1,True,4.135909678775156e-103,,False,2.0,False,False,True,True,,,,,False,False,False,N789,N789,0.437
L471,L472,1,True,7.654115388389024e-91,,False,2.0,False,False,True,True,,,,,False,False,False,N583,N583,0.415
L472,L473,1,True,2.5676696624518173e-94,,False,2.0,False,False,True,True,,,,,False,False,False,N727,N727,0.431
L473,L474,1,True,7.654115388389024e-91,,False,2.0,False,False,True,True,,,,,False,False,False,N584,N584,0.415
L474,L475,1,True,2.815791691740185e-91,,False,2.0,False,False,True,True,,,,,False,False,False,N601,N601,0.417
L475,L476,1,True,1.3838965267348557e-87,,False,2.0,False,False,True,True,,,,,False,False,False,N503,N503,0.4
L476,L477,1,True,4.2333715886391437e-94,,False,2.0,False,False,True,True,,,,,False,False,False,N716,N716,0.43
L477,L478,1,True,1.7078639924029581e-91,,False,2.0,False,False,True,True,,,,,False,False,False,N609,N609,0.418
L478,L479,1,True,3.3491319657189956e-102,,False,2.0,False,False,True,True,,,,,False,False,False,N761,N761,0.4345
L479,L480,1,True,2.815791691740185e-91,,False,2.0,False,False,True,True,,,,,False,False,False,N599,N599,0.417
L480,L481,1,True,6.282880511238548e-92,,False,2.0,False,False,True,True,,,,,False,False,False,N628,N628,0.42
L481,L482,1,True,7.654115388389024e-91,,False,2.0,False,False,True,True,,,,,False,False,False,N583,N583,0.415
L482,L483,1,True,5.15730238117875e-93,,False,2.0,False,False,True,True,,,,,False,False,False,N675,N675,0.425
L483,L484,1,True,3.47496301027109e-95,,False,2.0,False,False,True,True,,,,,False,False,False,N769,N769,0.435
L484,L485,1,True,1.8972655179498646e-93,,False,2.0,False,False,True,True,,,,,False,False,False,N686,N686,0.427
L485,L486,1,True,6.282880511238548e-92,,False,2.0,False,False,True,True,,,,,False,False,False,N627,N627,0.42
L486,L487,1,True,3.1280620156020482e-93,,False,2.0,False,False,True,True,,,,,False,False,False,N682,N682,0.426
L487,L488,1,True,6.282880511238548e-92,,False,2.0,False,False,True,True,,,,,False,False,False,N623,N623,0.42
L488,L489,1,True,2.5845558488492144e-101,,False,2.0,False,False,True,True,,,,,False,False,False,N690,N690,0.4275
L489,L490,1,True,7.654115388389024e-91,,False,2.0,False,False,True,True,,,,,False,False,False,N580,N580,0.415
L490,L491,1,True,6.20219393834694e-87,,False,2.0,False,False,True,True,,,,,False,False,False,N502,N502,0.397
L491,L492,1,True,7.654115388389024e-91,,False,2.0,False,False,True,True,,,,,False,False,False,N584,N584,0.415
L492,L493,1,True,1.5373701724766909e-89,,False,2.0,False,False,True,True,,,,,False,False,False,N541,N541,0.409
L493,L494,1,True,4.659033648624513e-104,,False,2.0,False,False,True,True,,,,,False,False,False,N826,N826,0.441
L494,L495,1,True,7.288791397436462e-108,,False,2.0,False,False,True,True,,,,,False,False,False,N644,N644,0.422333
L495,L496,1,True,3.810759661374316e-92,,False,2.0,False,False,True,True,,,,,False,False,False,N636,N636,0.421
L496,L497,1,True,1.0493479039939492e-96,,False,2.0,False,False,True,True,,,,,False,False,False,N833,N833,0.442
L497,L498,1,True,1.8972655179498646e-93,,False,2.0,False,False,True,True,,,,,False,False,False,N685,N685,0.427
L498,L499,1,True,1.2619502849275422e-90,,False,2.0,False,False,True,True,,,,,False,False,False,N570,N570,0.414
L499,L500,1,True,7.65406151315593e-102,,False,2.0,False,False,True,True,,,,,False,False,False,N731,N731,0.4315
N500,N500,2,False,1.7090480361705697e-98,,False,2.0,False,False,True,True,,,,,False,False,False,N639,N639,0.0305
N501,N501,2,False,4.0216927911368553e-98,,False,2.0,False,False,True,True,,,,,False,False,False,N610,N610,0.024
N502,N502,2,False,3.890546404511167e-93,,False,2.0,False,False,True,True,,,,,False,False,False,N717,N717,0.033
N503,N503,2,False,1.2804874944320332e-92,,False,2.0,False,False,True,True,,,,,False,False,False,N708,N708,0.029333
N504,N504,2,False,3.392266921633759e-101,,False,2.0,False,False,True,True,,,,,False,False,False,N750,N750,0.0325
N505,N505,2,False,3.446227312793068e-98,,False,2.0,False,False,True,True,,,,,False,False,False,N588,N588,0.0145
N506,N506,2,False,3.263309775316426e-93,,False,2.0,False,False,True,True,,,,,False,False,False,N704,N704,0.027
N507,N507,2,False,6.494859829045797e-94,,False,2.0,False,False,True,True,,,,,False,False,False,N792,N792,0.0355
N508,N508,2,False,4.510691413958694e-94,,False,2.0,False,False,True,True,,,,,False,False,False,N809,N809,0.037
N509,N509,2,False,2.6871107789848278e-92,,False,2.0,False,False,True,True,,,,,False,False,False,N692,N692,0.025
N510,N510,2,False,6.415547067693658e-94,,False,2.0,False,False,True,True,,,,,False,False,False,N847,N847,0.0405
N511,N511,2,False,8.160014834354033e-92,,False,2.0,False,False,True,True,,,,,False,False,False,N711,N711,0.0265
N512,N512,2,False,7.806622953918324e-100,,False,2.0,False,False,True,True,,,,,False,False,False,N669,N669,0.0215
N513,N513,2,False,1.1412174250309435e-101,,False,2.0,False,False,True,True,,,,,False,False,False,N765,N765,0.031
N514,N514,2,False,2.3835660691698637e-94,,False,2.0,False,False,True,True,,,,,False,False,False,N787,N787,0.032
N515,N515,2,False,1.428578789153533e-93,,False,2.0,False,False,True,True,,,,,False,False,False,N709,N709,0.0245
N516,N516,2,False,6.085485059488942e-95,,False,2.0,False,False,True,True,,,,,False,False,False,N778,N778,0.0315
N517,N517,2,False,1.7807748271769575e-101,,False,2.0,False,False,True,True,,,,,False,False,False,N752,N752,0.0285
N518,N518,2,False,4.4959434880587575e-91,,False,2.0,False,False,True,True,,,,,False,False,False,N713,N713,0.024
N519,N519,2,False,1.241407190153245e-99,,False,2.0,False,False,True,True,,,,,False,False,False,N640,N640,0.016
N520,N520,2,False,4.616512138477762e-93,,False,2.0,False,False,True,True,,,,,False,False,False,N829,N829,0.0354
N521,N521,2,False,4.4959434880587575e-91,,False,2.0,False,False,True,True,,,,,False,False,False,N713,N713,0.024
N522,N522,2,False,8.58272176916531e-102,,False,2.0,False,False,True,True,,,,,False,False,False,N766,N766,0.029
N523,N523,2,False,8.508543621224934e-102,,False,2.0,False,False,True,True,,,,,False,False,False,N767,N767,0.029
N524,N524,2,False,2.6854645483051966e-99,,False,2.0,False,False,True,True,,,,,False,False,False,N626,N626,0.014
N525,N525,2,False,1.3193026954631575e-95,,False,2.0,False,False,True,True,,,,,False,False,False,N832,N832,0.036
N526,N526,2,False,6.072669878707505e-99,,False,2.0,False,False,True,True,,,,,False,False,False,N604,N604,0.0105
N527,N527,2,False,2.796611960722315e-100,,False,2.0,False,False,True,True,,,,,False,False,False,N678,N678,0.0185
N528,N528,2,False,1.8883168411169662e-99,,False,2.0,False,False,True,True,,,,,False,False,False,N629,N629,0.0135
N529,N529,2,False,4.159971393869431e-98,,False,2.0,False,False,True,True,,,,,False,False,False,N557,N557,0.0055
N530,N530,2,False,1.1229386020000222e-94,,False,2.0,False,False,True,True,,,,,False,False,False,N779,N779,0.0295
N531,N531,2,False,4.130806508641875e-99,,False,2.0,False,False,True,True,,,,,False,False,False,N611,N611,0.0115
N532,N532,2,False,2.5815429122624543e-94,,False,2.0,False,False,True,True,,,,,False,False,False,N742,N742,0.024667
N533,N533,2,False,4.200143180367822e-102,,False,2.0,False,False,True,True,,,,,False,False,False,N775,N775,0.028
N534,N534,2,False,2.890096798075857e-100,,False,2.0,False,False,True,True,,,,,False,False,False,N676,N676,0.017
N535,N535,2,False,4.1960539863839106e-101,,False,2.0,False,False,True,True,,,,,False,False,False,N719,N719,0.022
N536,N536,2,False,9.440147083017484e-100,,False,2.0,False,False,True,True,,,,,False,False,False,N638,N638,0.0125
N537,N537,2,False,7.960919204435502e-95,,False,2.0,False,False,True,True,,,,,False,False,False,N773,N773,0.027
N538,N538,2,False,2.019925901795172e-102,,False,2.0,False,False,True,True,,,,,False,False,False,N793,N793,0.0285
N539,N539,2,False,1.5574783689765187e-93,,False,2.0,False,False,True,True,,,,,False,False,False,N726,N726,0.022
N540,N540,2,False,4.387068235667024e-99,,False,2.0,False,False,True,True,,,,,False,False,False,N605,N605,0.0085
N541,N541,2,False,3.027050721490122e-94,,False,2.0,False,False,True,True,,,,,False,False,False,N799,N799,0.02925
N542,N542,2,False,4.919469560389033e-94,,False,2.0,False,False,True,True,,,,,False,False,False,N751,N751,0.0245
N543,N543,2,False,2.430555849792428e-94,,False,2.0,False,False,True,True,,,,,False,False,False,N741,N741,0.0235
N544,N544,2,False,2.085551626072098e-101,,False,2.0,False,False,True,True,,,,,False,False,False,N724,N724,0.021
N545,N545,2,False,4.1227258780578745e-92,,False,2.0,False,False,True,True,,,,,False,False,False,N712,N712,0.019667
N546,N546,2,False,3.631474852082878e-94,,False,2.0,False,False,True,True,,,,,False,False,False,N771,N771,0.0255
N547,N547,2,False,4.5082264709390875e-100,,False,2.0,False,False,True,True,,,,,False,False,False,N654,N654,0.013
N548,N548,2,False,1.4175368165442636e-100,,False,2.0,False,False,True,True,,,,,False,False,False,N683,N683,0.016
N549,N549,2,False,2.6871107789848278e-92,,False,2.0,False,False,True,True,,,,,False,False,False,N692,N692,0.017
N550,N550,2,False,4.63779308069863e-101,,False,2.0,False,False,True,True,,,,,False,False,False,N703,N703,0.0175
N551,N551,2,False,6.929781804714225e-93,,False,2.0,False,False,True,True,,,,,False,False,False,N702,N702,0.0175
N552,N552,2,False,1.0054187427543243e-99,,False,2.0,False,False,True,True,,,,,False,False,False,N630,N630,0.0095
N553,N553,2,False,3.726516052121609e-95,,False,2.0,False,False,True,True,,,,,False,False,False,N805,N805,0.027833
N554,N554,2,False,4.208775451677987e-95,,False,2.0,False,False,True,True,,,,,False,False,False,N786,N786,0.025
N555,N555,2,False,4.788830765410639e-100,,False,2.0,False,False,True,True,,,,,False,False,False,N642,N642,0.01
N556,N556,2,False,2.232593137823658e-99,,False,2.0,False,False,True,True,,,,,False,False,False,N607,N607,0.006
N557,N557,3,False,1.2804874944320332e-92,,False,2.0,False,False,True,True,,,,,False,False,False,N708,N708,0.016833
N558,N558,2,False,1.8325061835082853e-96,,False,2.0,False,False,True,True,,,,,False,False,False,N901,N901,0.0355
N559,N559,2,False,1.5630995244032703e-100,,False,2.0,False,False,True,True,,,,,False,False,False,N667,N667,0.0115
N560,N560,2,False,1.1242273705016469e-97,,False,2.0,False,False,True,True,,,,,False,False,False,N822,N822,0.028
N561,N561,2,False,1.1037992820166706e-94,,False,2.0,False,False,True,True,,,,,False,False,False,N819,N819,0.0275
N562,N562,2,False,3.3440427258258955e-100,,False,2.0,False,False,True,True,,,,,False,False,False,N645,N645,0.0095
N563,N563,2,False,1.54246723323263e-101,,False,2.0,False,False,True,True,,,,,False,False,False,N723,N723,0.0175
N564,N564,2,False,3.3491319657189956e-102,,False,2.0,False,False,True,True,,,,,False,False,False,N761,N761,0.0215
N565,N565,2,False,2.276168438043364e-102,,False,2.0,False,False,True,True,,,,,False,False,False,N770,N770,0.0225
N566,N566,2,False,3.263309775316426e-93,,False,2.0,False,False,True,True,,,,,False,False,False,N704,N704,0.015
N567,N567,2,False,5.026906224353605e-102,,False,2.0,False,False,True,True,,,,,False,False,False,N744,N744,0.019
N568,N568,2,False,2.388518834734917e-99,,False,2.0,False,False,True,True,,,,,False,False,False,N598,N598,0.003
N569,N569,2,False,1.5574783689765187e-93,,False,2.0,False,False,True,True,,,,,False,False,False,N726,N726,0.017
N570,N570,2,False,1.2889081537479976e-97,,False,2.0,False,False,True,True,,,,,False,False,False,N925,N925,0.037
N571,N571,2,False,5.069801123652497e-102,,False,2.0,False,False,True,True,,,,,False,False,False,N747,N747,0.019
N572,N572,2,False,6.929781804714225e-93,,False,2.0,False,False,True,True,,,,,False,False,False,N702,N702,0.0145
N573,N573,2,False,1.1056720405340834e-99,,False,2.0,False,False,True,True,,,,,False,False,False,N618,N618,0.005
N574,N574,2,False,3.631474852082878e-94,,False,2.0,False,False,True,True,,,,,False,False,False,N771,N771,0.0215
N575,N575,2,False,1.1327519935035982e-100,,False,2.0,False,False,True,True,,,,,False,False,False,N666,N666,0.0095
N576,N576,2,False,7.654061513157022e-102,,False,2.0,False,False,True,True,,,,,False,False,False,N729,N729,0.0165
N577,N577,2,False,7.953136321723267e-92,,False,2.0,False,False,True,True,,,,,False,False,False,N782,N782,0.021833
N578,N578,2,False,8.60976092007807e-94,,False,2.0,False,False,True,True,,,,,False,False,False,N689,N689,0.0125
N579,N579,2,False,1.1298822746043521e-100,,False,2.0,False,False,True,True,,,,,False,False,False,N670,N670,0.0095
N580,N580,2,False,7.654061513156366e-102,,False,2.0,False,False,True,True,,,,,False,False,False,N731,N731,0.0165
N581,N581,2,False,9.932736869938428e-95,,False,2.0,False,False,True,True,,,,,False,False,False,N772,N772,0.020833
N582,N582,2,False,6.722778993295246e-94,,False,2.0,False,False,True,True,,,,,False,False,False,N795,N795,0.0225
N583,N583,2,False,1.181669769601997e-93,,False,2.0,False,False,True,True,,,,,False,False,False,N837,N837,0.0275
N584,N584,2,False,2.1122860159528811e-97,,False,2.0,False,False,True,True,,,,,False,False,False,N865,N865,0.030167
N585,N585,2,False,2.396141151044678e-102,,False,2.0,False,False,True,True,,,,,False,False,False,N762,N762,0.0195
N586,N586,2,False,1.656485640794097e-101,,False,2.0,False,False,True,True,,,,,False,False,False,N710,N710,0.0145
N587,N587,2,False,2.0472432284562318e-94,,False,2.0,False,False,True,True,,,,,False,False,False,N868,N868,0.0305
N588,N588,3,False,5.672819846481354e-94,,False,2.0,False,False,True,True,,,,,False,False,False,N764,N764,0.019333
N589,N589,2,False,3.637042157151408e-103,,False,2.0,False,False,True,True,,,,,False,False,False,N810,N810,0.023
N590,N590,2,False,4.786719678159812e-91,,False,2.0,False,False,True,True,,,,,False,False,False,N869,N869,0.0296
N591,N591,2,False,1.7182305008130232e-100,,False,2.0,False,False,True,True,,,,,False,False,False,N651,N651,0.007
N592,N592,2,False,1.7023191599019344e-101,,False,2.0,False,False,True,True,,,,,False,False,False,N706,N706,0.013
N593,N593,2,False,3.6452747292995163e-104,,False,2.0,False,False,True,True,,,,,False,False,False,N863,N863,0.029
N594,N594,2,False,5.549467095562636e-102,,False,2.0,False,False,True,True,,,,,False,False,False,N730,N730,0.0145
N595,N595,2,False,9.633732647421312e-96,,False,2.0,False,False,True,True,,,,,False,False,False,N875,N875,0.029167
N596,N596,2,False,8.210883518816495e-101,,False,2.0,False,False,True,True,,,,,False,False,False,N668,N668,0.0075
N597,N597,2,False,8.205706598165819e-101,,False,2.0,False,False,True,True,,,,,False,False,False,N671,N671,0.0075
N598,N598,3,False,6.576662337322759e-108,,False,2.0,False,False,True,True,,,,,False,False,False,N740,N740,0.015333
N599,N599,2,False,5.549165196073566e-101,,False,2.0,False,False,True,True,,,,,False,False,False,N679,N679,0.0085
N600,N600,2,False,5.17057881844287e-95,,False,2.0,False,False,True,True,,,,,False,False,False,N834,N834,0.025167
N601,N601,2,False,2.5845558488492144e-101,,False,2.0,False,False,True,True,,,,,False,False,False,N690,N690,0.0105
N602,N602,2,False,1.76290519647186e-101,,False,2.0,False,False,True,True,,,,,False,False,False,N701,N701,0.0115
N603,N603,2,False,1.1498802707714088e-96,,False,2.0,False,False,True,True,,,,,False,False,False,N882,N882,0.03
N604,N604,3,False,4.260290841665336e-71,,False,2.0,False,False,True,True,,,,,False,False,False,N835,N835,0.024833
N605,N605,3,False,1.8472943612040786e-107,,False,2.0,False,False,True,True,,,,,False,False,False,N720,N720,0.0125
N606,N606,2,False,2.650124414672416e-103,,False,2.0,False,False,True,True,,,,,False,False,False,N806,N806,0.021
N607,N607,3,False,1.1547976211362985e-108,,False,2.0,False,False,True,True,,,,,False,False,False,N749,N749,0.015333
N608,N608,2,False,6.761860597906266e-94,,False,2.0,False,False,True,True,,,,,False,False,False,N763,N763,0.016667
N609,N609,2,False,4.510691413958694e-94,,False,2.0,False,False,True,True,,,,,False,False,False,N809,N809,0.021
N610,N610,3,False,8.495861032122175e-107,,False,2.0,False,False,True,True,,,,,False,False,False,N680,N680,0.007667
N611,N611,3,False,8.224357382175154e-107,,False,2.0,False,False,True,True,,,,,False,False,False,N721,N721,0.011833
N612,N612,2,False,4.0122859246707425e-103,,False,2.0,False,False,True,True,,,,,False,False,False,N791,N791,0.0185
N613,N613,2,False,1.428578789153533e-93,,False,2.0,False,False,True,True,,,,,False,False,False,N709,N709,0.0105
N614,N614,2,False,1.266340494145195e-103,,False,2.0,False,False,True,True,,,,,False,False,False,N818,N818,0.0215
N615,N615,2,False,6.410519158481171e-95,,False,2.0,False,False,True,True,,,,,False,False,False,N781,N781,0.01775
N616,N616,2,False,1.424308440850784e-93,,False,2.0,False,False,True,True,,,,,False,False,False,N842,N842,0.024167
N617,N617,2,False,3.890546404511167e-93,,False,2.0,False,False,True,True,,,,,False,False,False,N717,N717,0.011
N618,N618,3,False,2.640742753718228e-81,,False,2.0,False,False,True,True,,,,,False,False,False,N743,N743,0.013778
N619,N619,2,False,4.0122859246705135e-103,,False,2.0,False,False,True,True,,,,,False,False,False,N796,N796,0.0185
N620,N620,2,False,7.195859129565698e-94,,False,2.0,False,False,True,True,,,,,False,False,False,N753,N753,0.013667
N621,N621,2,False,1.3359392324144227e-94,,False,2.0,False,False,True,True,,,,,False,False,False,N801,N801,0.018333
N622,N622,2,False,1.2974740370699237e-102,,False,2.0,False,False,True,True,,,,,False,False,False,N755,N755,0.014
N623,N623,2,False,4.135909678775156e-103,,False,2.0,False,False,True,True,,,,,False,False,False,N789,N789,0.017
N624,N624,2,False,5.953576788808849e-103,,False,2.0,False,False,True,True,,,,,False,False,False,N774,N774,0.016
N625,N625,2,False,8.429271472763294e-93,,False,2.0,False,False,True,True,,,,,False,False,False,N813,N813,0.0194
N626,N626,3,False,7.288791397433967e-108,,False,2.0,False,False,True,True,,,,,False,False,False,N644,N644,0.002333
N627,N627,2,False,1.2118360909752439e-97,,False,2.0,False,False,True,True,,,,,False,False,False,N915,N915,0.0295
N628,N628,2,False,1.3007835791784877e-104,,False,2.0,False,False,True,True,,,,,False,False,False,N873,N873,0.026
N629,N629,3,False,4.122725878056933e-92,,False,2.0,False,False,True,True,,,,,False,False,False,N712,N712,0.009167
N630,N630,3,False,1.1831772876656056e-83,,False,2.0,False,False,True,True,,,,,False,False,False,N820,N820,0.02025
N631,N631,2,False,5.742959764239038e-95,,False,2.0,False,False,True,True,,,,,False,False,False,N798,N798,0.017167
N632,N632,2,False,5.672819846481354e-94,,False,2.0,False,False,True,True,,,,,False,False,False,N764,N764,0.013833
N633,N633,2,False,4.304339895425998e-96,,False,2.0,False,False,True,True,,,,,False,False,False,N874,N874,0.025167
N634,N634,2,False,2.3629003470986294e-97,,False,2.0,False,False,True,True,,,,,False,False,False,N918,N918,0.029
N635,N635,2,False,1.051570452659303e-96,,False,2.0,False,False,True,True,,,,,False,False,False,N864,N864,0.024167
N636,N636,2,False,1.1609663901763203e-95,,False,2.0,False,False,True,True,,,,,False,False,False,N808,N808,0.018
N637,N637,2,False,1.1609663901763203e-95,,False,2.0,False,False,True,True,,,,,False,False,False,N808,N808,0.018
N638,N638,3,False,8.609760920077577e-94,,False,2.0,False,False,True,True,,,,,False,False,False,N689,N689,0.006
N639,N639,3,False,6.761860597905686e-94,,False,2.0,False,False,True,True,,,,,False,False,False,N763,N763,0.013167
N640,N640,3,False,1.949801316771928e-87,,False,2.0,False,False,True,True,,,,,False,False,False,N870,N870,0.023867
N641,N641,2,False,7.235489372002101e-95,,False,2.0,False,False,True,True,,,,,False,False,False,N861,N861,0.023
N642,N642,3,False,5.832248958830778e-75,,False,2.0,False,False,True,True,,,,,False,False,False,N867,N867,0.023222
N643,N643,2,False,9.450538772323664e-103,,False,2.0,False,False,True,True,,,,,False,False,False,N758,N758,0.012
N644,N644,4,False,3.027050721490208e-94,,False,2.0,False,False,True,True,,,,,False,False,False,N799,N799,0.015917
N645,N645,3,False,8.160014834353803e-92,,False,2.0,False,False,True,True,,,,,False,False,False,N711,N711,0.007
N646,N646,2,False,1.4562046829243033e-95,,False,2.0,False,False,True,True,,,,,False,False,False,N824,N824,0.018
N647,N647,2,False,0.6988518381252271,,False,2.0,False,False,True,True,,,,,False,False,False,N986,N986,0.036302
N648,N648,2,False,1.3193026954631575e-95,,False,2.0,False,False,True,True,,,,,False,False,False,N832,N832,0.019
N649,N649,2,False,2.0756095259435155e-103,,False,2.0,False,False,True,True,,,,,False,False,False,N794,N794,0.0145
N650,N650,2,False,5.216614468853362e-95,,False,2.0,False,False,True,True,,,,,False,False,False,N838,N838,0.019833
N651,N651,3,False,1.4243084408508246e-93,,False,2.0,False,False,True,True,,,,,False,False,False,N842,N842,0.020167
N652,N652,2,False,2.425911908599728e-94,,False,2.0,False,False,True,True,,,,,False,False,False,N830,N830,0.0185
N653,N653,2,False,7.960919204435502e-95,,False,2.0,False,False,True,True,,,,,False,False,False,N773,N773,0.013
N654,N654,3,False,1.585670060112491e-83,,False,2.0,False,False,True,True,,,,,False,False,False,N804,N804,0.015722
N655,N655,2,False,2.1066165693895044e-102,,False,2.0,False,False,True,True,,,,,False,False,False,N732,N732,0.0085
N656,N656,2,False,2.0311857624302903e-104,,False,2.0,False,False,True,True,,,,,False,False,False,N848,N848,0.0205
N657,N657,2,False,1.4322987222486098e-103,,False,2.0,False,False,True,True,,,,,False,False,False,N803,N803,0.0155
N658,N658,2,False,6.872012647859025e-103,,False,2.0,False,False,True,True,,,,,False,False,False,N756,N756,0.01
N659,N659,2,False,3.816793936485531e-98,,False,2.0,False,False,True,True,,,,,False,False,False,N866,N866,0.0212
N660,N660,2,False,2.430555849792428e-94,,False,2.0,False,False,True,True,,,,,False,False,False,N741,N741,0.0085
N661,N661,2,False,4.661447588414137e-104,,False,2.0,False,False,True,True,,,,,False,False,False,N825,N825,0.017
N662,N662,2,False,1.9144682884934636e-96,,False,2.0,False,False,True,True,,,,,False,False,False,N850,N850,0.0198
N663,N663,2,False,4.659033648624513e-104,,False,2.0,False,False,True,True,,,,,False,False,False,N826,N826,0.017
N664,N664,2,False,3.180742441981358e-103,,False,2.0,False,False,True,True,,,,,False,False,False,N777,N777,0.012
N665,N665,2,False,3.1807424419772725e-103,,False,2.0,False,False,True,True,,,,,False,False,False,N776,N776,0.012
N666,N666,3,False,7.195859129565698e-94,,False,2.0,False,False,True,True,,,,,False,False,False,N753,N753,0.009167
N667,N667,3,False,2.5815429122623074e-94,,False,2.0,False,False,True,True,,,,,False,False,False,N742,N742,0.008167
N668,N668,3,False,2.425911908599728e-94,,False,2.0,False,False,True,True,,,,,False,False,False,N830,N830,0.017
N669,N669,3,False,5.17057881844287e-95,,False,2.0,False,False,True,True,,,,,False,False,False,N834,N834,0.017667
N670,N670,3,False,1.4651198752972515e-93,,False,2.0,False,False,True,True,,,,,False,False,False,N783,N783,0.0125
N671,N671,3,False,2.640742753718228e-81,,False,2.0,False,False,True,True,,,,,False,False,False,N743,N743,0.008278
N672,N672,2,False,1.0281191570857527e-103,,False,2.0,False,False,True,True,,,,,False,False,False,N802,N802,0.0135
N673,N673,2,False,2.3835660691698637e-94,,False,2.0,False,False,True,True,,,,,False,False,False,N787,N787,0.012
N674,N674,2,False,7.100268227133692e-95,,False,2.0,False,False,True,True,,,,,False,False,False,N912,N912,0.0243
N675,N675,2,False,7.013804776169128e-106,,False,2.0,False,False,True,True,,,,,False,False,False,N930,N930,0.0265
N676,N676,3,False,3.7265160521217164e-95,,False,2.0,False,False,True,True,,,,,False,False,False,N805,N805,0.013833
N677,N677,2,False,1.8781189475856459e-94,,False,2.0,False,False,True,True,,,,,False,False,False,N811,N811,0.014167
N678,N678,3,False,4.239911959410578e-80,,False,2.0,False,False,True,True,,,,,False,False,False,N845,N845,0.017833
N679,N679,3,False,4.351069919669434e-87,,False,2.0,False,False,True,True,,,,,False,False,False,N800,N800,0.012767
N680,N680,4,False,6.410519158481171e-95,,False,2.0,False,False,True,True,,,,,False,False,False,N781,N781,0.011083
N681,N681,2,False,6.494859829045797e-94,,False,2.0,False,False,True,True,,,,,False,False,False,N792,N792,0.0115
N682,N682,2,False,1.465119875297544e-93,,False,2.0,False,False,True,True,,,,,False,False,False,N783,N783,0.011
N683,N683,3,False,7.213438947111753e-83,,False,2.0,False,False,True,True,,,,,False,False,False,N817,N817,0.014444
N684,N684,2,False,2.286910854602484e-96,,False,2.0,False,False,True,True,,,,,False,False,False,N889,N889,0.0205
N685,N685,2,False,1.6347977515173299e-102,,False,2.0,False,False,True,True,,,,,False,False,False,N722,N722,0.0035
N686,N686,2,False,1.1037992820166706e-94,,False,2.0,False,False,True,True,,,,,False,False,False,N819,N819,0.0135
N687,N687,2,False,1.1250585630943022e-92,,False,2.0,False,False,True,True,,,,,False,False,False,N844,N844,0.016333
N688,N688,2,False,1.5975776226537892e-105,,False,2.0,False,False,True,True,,,,,False,False,False,N903,N903,0.0215
N689,N689,5,False,1.9144682884934095e-96,,False,2.0,False,False,True,True,,,,,False,False,False,N850,N850,0.0163
N690,N690,3,False,8.059269573662129e-81,,False,2.0,False,False,True,True,,,,,False,False,False,N854,N854,0.016722
N691,N691,2,False,1.4562046829243033e-95,,False,2.0,False,False,True,True,,,,,False,False,False,N824,N824,0.013
N692,N692,4,False,9.15723319505384e-89,,False,2.0,False,False,True,True,,,,,False,False,False,N790,N790,0.0094
N693,N693,2,False,2.017243623609816e-95,,False,2.0,False,False,True,True,,,,,False,False,False,N849,N849,0.015667
N694,N694,2,False,1.936801755492011e-96,,False,2.0,False,False,True,True,,,,,False,False,False,N914,N914,0.0215
N695,N695,2,False,1.2977151872208591e-48,,False,2.0,False,False,True,True,,,,,False,False,False,N851,N851,0.015857
N696,N696,2,False,2.3051676956759696e-97,,False,2.0,False,False,True,True,,,,,False,False,False,N916,N916,0.0216
N697,N697,2,False,1.13201563822859e-104,,False,2.0,False,False,True,True,,,,,False,False,False,N840,N840,0.015
N698,N698,2,False,5.311266001729424e-103,,False,2.0,False,False,True,True,,,,,False,False,False,N746,N746,0.005
N699,N699,2,False,4.422994084607703e-66,,False,2.0,False,False,True,True,,,,,False,False,False,N954,N954,0.02675
N700,N700,2,False,7.783304405609545e-98,,False,2.0,False,False,True,True,,,,,False,False,False,N967,N967,0.028333
N701,N701,3,False,9.932736869938428e-95,,False,2.0,False,False,True,True,,,,,False,False,False,N772,N772,0.007333
N702,N702,4,False,2.140049098276284e-107,,False,2.0,False,False,True,True,,,,,False,False,False,N780,N780,0.00825
N703,N703,3,False,2.7602981533590777e-78,,False,2.0,False,False,True,True,,,,,False,False,False,N880,N880,0.017833
N704,N704,4,False,2.020910210101623e-88,,False,2.0,False,False,True,True,,,,,False,False,False,N814,N814,0.0105
N705,N705,2,False,4.919469560389033e-94,,False,2.0,False,False,True,True,,,,,False,False,False,N751,N751,0.0045
N706,N706,3,False,2.2253439973221414e-110,,False,2.0,False,False,True,True,,,,,False,False,False,N857,N857,0.015667
N707,N707,2,False,1.1798657120701883e-71,,False,2.0,False,False,True,True,,,,,False,False,False,N976,N976,0.028625
N708,N708,5,False,4.351069919669434e-87,,False,2.0,False,False,True,True,,,,,False,False,False,N800,N800,0.008933
N709,N709,4,False,2.020910210101623e-88,,False,2.0,False,False,True,True,,,,,False,False,False,N814,N814,0.01
N710,N710,3,False,6.085485059486161e-95,,False,2.0,False,False,True,True,,,,,False,False,False,N778,N778,0.007
N711,N711,5,False,1.5717062502354093e-84,,False,2.0,False,False,True,True,,,,,False,False,False,N821,N821,0.01138
N712,N712,5,False,1.5717062502354093e-84,,False,2.0,False,False,True,True,,,,,False,False,False,N821,N821,0.011213
N713,N713,4,False,9.92874596713675e-88,,False,2.0,False,False,True,True,,,,,False,False,False,N816,N816,0.0102
N714,N714,2,False,1.6239750953272222e-95,,False,2.0,False,False,True,True,,,,,False,False,False,N948,N948,0.0242
N715,N715,2,False,4.657220238980676e-95,,False,2.0,False,False,True,True,,,,,False,False,False,N929,N929,0.021111
N716,N716,2,False,1.1229386020000222e-94,,False,2.0,False,False,True,True,,,,,False,False,False,N779,N779,0.0065
N717,N717,4,False,1.1816697696020981e-93,,False,2.0,False,False,True,True,,,,,False,False,False,N837,N837,0.0125
N718,N718,2,False,1.1994694161646617e-105,,False,2.0,False,False,True,True,,,,,False,False,False,N895,N895,0.018
N719,N719,3,False,7.953136321723267e-92,,False,2.0,False,False,True,True,,,,,False,False,False,N782,N782,0.006833
N720,N720,4,False,1.4917514729921149e-71,,False,2.0,False,False,True,True,,,,,False,False,False,N924,N924,0.020778
N721,N721,4,False,1.1831772876657747e-83,,False,2.0,False,False,True,True,,,,,False,False,False,N820,N820,0.010417
N722,N722,3,False,1.1336815594243698e-84,,False,2.0,False,False,True,True,,,,,False,False,False,N859,N859,0.014444
N723,N723,3,False,7.963684648897614e-84,,False,2.0,False,False,True,True,,,,,False,False,False,N883,N883,0.016833
N724,N724,3,False,6.389337188832681e-78,,False,2.0,False,False,True,True,,,,,False,False,False,N846,N846,0.012407
N725,N725,2,False,4.208775451677987e-95,,False,2.0,False,False,True,True,,,,,False,False,False,N786,N786,0.006
N726,N726,4,False,5.6709702684661785e-112,,False,2.0,False,False,True,True,,,,,False,False,False,N812,N812,0.00825
N727,N727,2,False,7.20125790421002e-34,,False,2.0,False,False,True,True,,,,,False,False,False,N888,N888,0.0165
N728,N728,2,False,1.1498802707714088e-96,,False,2.0,False,False,True,True,,,,,False,False,False,N882,N882,0.016
N729,N729,3,False,1.3359392324144227e-94,,False,2.0,False,False,True,True,,,,,False,False,False,N801,N801,0.006833
N730,N730,3,False,6.41554706769329e-94,,False,2.0,False,False,True,True,,,,,False,False,False,N847,N847,0.012
N731,N731,3,False,2.112286015952158e-97,,False,2.0,False,False,True,True,,,,,False,False,False,N865,N865,0.013667
N732,N732,3,False,7.213438947111753e-83,,False,2.0,False,False,True,True,,,,,False,False,False,N817,N817,0.008944
N733,N733,2,False,8.730465768816071e-105,,False,2.0,False,False,True,True,,,,,False,False,False,N831,N831,0.01
N734,N734,2,False,4.010223030205902e-105,,False,2.0,False,False,True,True,,,,,False,False,False,N853,N853,0.012
N735,N735,2,False,1.2090820680339372e-97,,False,2.0,False,False,True,True,,,,,False,False,False,N904,N904,0.0165
N736,N736,2,False,1.2090820680339372e-97,,False,2.0,False,False,True,True,,,,,False,False,False,N904,N904,0.0165
N737,N737,2,False,2.7175585733142057e-105,,False,2.0,False,False,True,True,,,,,False,False,False,N862,N862,0.013
N738,N738,2,False,5.9301076716188985e-105,,False,2.0,False,False,True,True,,,,,False,False,False,N841,N841,0.011
N739,N739,2,False,1.2784961406676365e-104,,False,2.0,False,False,True,True,,,,,False,False,False,N827,N827,0.009
N740,N740,4,False,6.722778993294287e-94,,False,2.0,False,False,True,True,,,,,False,False,False,N795,N795,0.005167
N741,N741,4,False,1.4420461751627961e-83,,False,2.0,False,False,True,True,,,,,False,False,False,N891,N891,0.015083
N742,N742,5,False,4.6165121384782895e-93,,False,2.0,False,False,True,True,,,,,False,False,False,N829,N829,0.008733
N743,N743,6,False,1.5856700601123551e-83,,False,2.0,False,False,True,True,,,,,False,False,False,N804,N804,0.005944
N744,N744,3,False,4.304339895425998e-96,,False,2.0,False,False,True,True,,,,,False,False,False,N874,N874,0.013167
N745,N745,2,False,1.2889081537479976e-97,,False,2.0,False,False,True,True,,,,,False,False,False,N925,N925,0.018
N746,N746,3,False,1.0389304992991359e-81,,False,2.0,False,False,True,True,,,,,False,False,False,N908,N908,0.016
N747,N747,3,False,1.0515704526591828e-96,,False,2.0,False,False,True,True,,,,,False,False,False,N864,N864,0.012167
N748,N748,2,False,7.0161392946142525e-99,,False,2.0,False,False,True,True,,,,,False,False,False,N950,N950,0.0215
N749,N749,4,False,7.235489372002721e-95,,False,2.0,False,False,True,True,,,,,False,False,False,N861,N861,0.011667
N750,N750,3,False,9.633732647421312e-96,,False,2.0,False,False,True,True,,,,,False,False,False,N875,N875,0.012667
N751,N751,4,False,3.2397886873462867e-81,,False,2.0,False,False,True,True,,,,,False,False,False,N893,N893,0.0144
N752,N752,3,False,3.296877700762437e-107,,False,2.0,False,False,True,True,,,,,False,False,False,N807,N807,0.0055
N753,N753,5,False,9.157233195052794e-89,,False,2.0,False,False,True,True,,,,,False,False,False,N790,N790,0.003733
N754,N754,2,False,4.306694208151566e-105,,False,2.0,False,False,True,True,,,,,False,False,False,N839,N839,0.009
N755,N755,3,False,5.059184563187798e-80,,False,2.0,False,False,True,True,,,,,False,False,False,N947,N947,0.020037
N756,N756,3,False,4.668758937785523e-84,,False,2.0,False,False,True,True,,,,,False,False,False,N899,N899,0.014444
N757,N757,2,False,0.708558916944953,,False,2.0,False,False,True,True,,,,,False,False,False,N993,N993,0.027992
N758,N758,3,False,0.1440999079759254,,False,2.0,False,False,True,True,,,,,False,False,False,N944,N944,0.019886
N759,N759,2,False,6.482590175036207e-96,,False,2.0,False,False,True,True,,,,,False,False,False,N872,N872,0.012
N760,N760,2,False,3.426115148558283e-94,,False,2.0,False,False,True,True,,,,,False,False,False,N931,N931,0.0175
N761,N761,3,False,5.03429361157395e-84,,False,2.0,False,False,True,True,,,,,False,False,False,N815,N815,0.00525
N762,N762,3,False,1.878118947585324e-94,,False,2.0,False,False,True,True,,,,,False,False,False,N811,N811,0.004667
N763,N763,5,False,8.429271472764497e-93,,False,2.0,False,False,True,True,,,,,False,False,False,N813,N813,0.004733
N764,N764,5,False,9.928745967138453e-88,,False,2.0,False,False,True,True,,,,,False,False,False,N816,N816,0.005367
N765,N765,3,False,1.5018695485921762e-110,,False,2.0,False,False,True,True,,,,,False,False,False,N860,N860,0.01
N766,N766,3,False,2.0172436236084915e-95,,False,2.0,False,False,True,True,,,,,False,False,False,N849,N849,0.008667
N767,N767,3,False,5.216614468852915e-95,,False,2.0,False,False,True,True,,,,,False,False,False,N838,N838,0.007833
N768,N768,2,False,1.3489251714407254e-91,,False,2.0,False,False,True,True,,,,,False,False,False,N902,N902,0.0135
N769,N769,2,False,0.3144585635959336,,False,2.0,False,False,True,True,,,,,False,False,False,N994,N994,0.027508
N770,N770,3,False,4.239911959410578e-80,,False,2.0,False,False,True,True,,,,,False,False,False,N845,N845,0.007833
N771,N771,4,False,6.360156725400589e-86,,False,2.0,False,False,True,True,,,,,False,False,False,N876,N876,0.010667
N772,N772,5,False,1.3494751691968678e-77,,False,2.0,False,False,True,True,,,,,False,False,False,N843,N843,0.007367
N773,N773,4,False,1.1493963498037598e-117,,False,2.0,False,False,True,True,,,,,False,False,False,N856,N856,0.0085
N774,N774,3,False,3.2664902450842796e-82,,False,2.0,False,False,True,True,,,,,False,False,False,N886,N886,0.01137
N775,N775,3,False,6.4825901750350965e-96,,False,2.0,False,False,True,True,,,,,False,False,False,N872,N872,0.01
N776,N776,3,False,6.360156725399317e-86,,False,2.0,False,False,True,True,,,,,False,False,False,N876,N876,0.010167
N777,N777,3,False,2.7602981533590777e-78,,False,2.0,False,False,True,True,,,,,False,False,False,N880,N880,0.010333
N778,N778,5,False,1.0339058497729626e-95,,False,2.0,False,False,True,True,,,,,False,False,False,N852,N852,0.0075
N779,N779,4,False,5.034293611574382e-84,,False,2.0,False,False,True,True,,,,,False,False,False,N815,N815,0.00325
N780,N780,5,False,4.786719678159812e-91,,False,2.0,False,False,True,True,,,,,False,False,False,N869,N869,0.00885
N781,N781,6,False,5.832248958830778e-75,,False,2.0,False,False,True,True,,,,,False,False,False,N867,N867,0.008472
N782,N782,5,False,2.3347212313209615e-56,,False,2.0,False,False,True,True,,,,,False,False,False,N855,N855,0.007567
N783,N783,5,False,7.778960881238737e-83,,False,2.0,False,False,True,True,,,,,False,False,False,N836,N836,0.0054
N784,N784,2,False,0.6788837062948118,,False,2.0,False,False,True,True,,,,,False,False,False,N972,N972,0.020005
N785,N785,2,False,2.6067628175193057e-97,,False,2.0,False,False,True,True,,,,,False,False,False,N900,N900,0.0115
N786,N786,4,False,1.1242273705016469e-97,,False,2.0,False,False,True,True,,,,,False,False,False,N822,N822,0.004
N787,N787,4,False,5.832460055836856e-88,,False,2.0,False,False,True,True,,,,,False,False,False,N878,N878,0.009313
N788,N788,2,False,9.046744392467122e-92,,False,2.0,False,False,True,True,,,,,False,False,False,N890,N890,0.0105
N789,N789,3,False,2.1546316770788612e-82,,False,2.0,False,False,True,True,,,,,False,False,False,N892,N892,0.010667
N790,N790,9,False,4.260290841665092e-71,,False,2.0,False,False,True,True,,,,,False,False,False,N835,N835,0.004933
N791,N791,3,False,5.7429597642385463e-95,,False,2.0,False,False,True,True,,,,,False,False,False,N798,N798,0.000667
N792,N792,4,False,3.143775122659741e-85,,False,2.0,False,False,True,True,,,,,False,False,False,N894,N894,0.010429
N793,N793,3,False,2.286910854602484e-96,,False,2.0,False,False,True,True,,,,,False,False,False,N889,N889,0.01
N794,N794,3,False,2.4125412027842187e-23,,False,2.0,False,False,True,True,,,,,False,False,False,N940,N940,0.015741
N795,N795,6,False,3.823341575761578e-79,,False,2.0,False,False,True,True,,,,,False,False,False,N877,N877,0.008667
N796,N796,3,False,3.414945600921693e-80,,False,2.0,False,False,True,True,,,,,False,False,False,N881,N881,0.009167
N797,N797,2,False,2.3629003470986294e-97,,False,2.0,False,False,True,True,,,,,False,False,False,N918,N918,0.012
N798,N798,5,False,1.9498013167721506e-87,,False,2.0,False,False,True,True,,,,,False,False,False,N870,N870,0.0077
N799,N799,6,False,1.1250585630944948e-92,,False,2.0,False,False,True,True,,,,,False,False,False,N844,N844,0.005083
N800,N800,8,False,1.4189400757504775e-74,,False,2.0,False,False,True,True,,,,,False,False,False,N871,N871,0.007683
N801,N801,5,False,3.8167939364860766e-98,,False,2.0,False,False,True,True,,,,,False,False,False,N866,N866,0.006867
N802,N802,3,False,6.826040996305437e-111,,False,2.0,False,False,True,True,,,,,False,False,False,N879,N879,0.007833
N803,N803,3,False,7.783304405608654e-98,,False,2.0,False,False,True,True,,,,,False,False,False,N967,N967,0.017833
N804,N804,9,False,6.114118321185596e-71,,False,2.0,False,False,True,True,,,,,False,False,False,N885,N885,0.008626
N805,N805,5,False,7.77896088123896e-83,,False,2.0,False,False,True,True,,,,,False,False,False,N836,N836,0.003567
N806,N806,3,False,1.3456107485899546e-74,,False,2.0,False,False,True,True,,,,,False,False,False,N909,N909,0.010083
N807,N807,4,False,1.1536229461441394e-67,,False,2.0,False,False,True,True,,,,,False,False,False,N962,N962,0.016929
N808,N808,4,False,3.823341575762016e-79,,False,2.0,False,False,True,True,,,,,False,False,False,N877,N877,0.007167
N809,N809,4,False,0.47981945227508993,,False,2.0,False,False,True,True,,,,,False,False,False,N961,N961,0.016875
N810,N810,3,False,1.063223918000193e-79,,False,2.0,False,False,True,True,,,,,False,False,False,N858,N858,0.005778
N811,N811,5,False,8.288417632888593e-84,,False,2.0,False,False,True,True,,,,,False,False,False,N943,N943,0.0147
N812,N812,5,False,3.2397886873464716e-81,,False,2.0,False,False,True,True,,,,,False,False,False,N893,N893,0.00865
N813,N813,7,False,3.3893927979512735e-74,,False,2.0,False,False,True,True,,,,,False,False,False,N911,N911,0.009824
N814,N814,8,False,5.832460055836856e-88,,False,2.0,False,False,True,True,,,,,False,False,False,N878,N878,0.006812
N815,N815,7,False,4.0075122593165174e-78,,False,2.0,False,False,True,True,,,,,False,False,False,N913,N913,0.009602
N816,N816,9,False,6.389337188832681e-78,,False,2.0,False,False,True,True,,,,,False,False,False,N846,N846,0.003207
N817,N817,6,False,1.0632239180001626e-79,,False,2.0,False,False,True,True,,,,,False,False,False,N858,N858,0.004333
N818,N818,3,False,2.8725497345853876e-86,,False,2.0,False,False,True,True,,,,,False,False,False,N923,N923,0.010278
N819,N819,4,False,1.3833369129130625e-80,,False,2.0,False,False,True,True,,,,,False,False,False,N905,N905,0.008056
N820,N820,7,False,1.1157208437139809e-56,,False,2.0,False,False,True,True,,,,,False,False,False,N934,N934,0.011228
N821,N821,10,False,1.349475169197022e-77,,False,2.0,False,False,True,True,,,,,False,False,False,N843,N843,0.00232
N822,N822,6,False,2.8725497345853876e-86,,False,2.0,False,False,True,True,,,,,False,False,False,N923,N923,0.009778
N823,N823,2,False,0.1768372048308559,,False,2.0,False,False,True,True,,,,,False,False,False,N991,N991,0.020841
N824,N824,4,False,1.0569614892334119e-76,,False,2.0,False,False,True,True,,,,,False,False,False,N896,N896,0.007167
N825,N825,3,False,5.06883798766056e-74,,False,2.0,False,False,True,True,,,,,False,False,False,N922,N922,0.009667
N826,N826,3,False,8.059269573662129e-81,,False,2.0,False,False,True,True,,,,,False,False,False,N854,N854,0.003222
N827,N827,3,False,2.0472432284560564e-94,,False,2.0,False,False,True,True,,,,,False,False,False,N868,N868,0.0045
N828,N828,2,False,1.2538390422030492e-33,,False,2.0,False,False,True,True,,,,,False,False,False,N959,N959,0.0147
N829,N829,7,False,1.2977151872208963e-48,,False,2.0,False,False,True,True,,,,,False,False,False,N851,N851,0.002457
N830,N830,5,False,9.046744392467641e-92,,False,2.0,False,False,True,True,,,,,False,False,False,N890,N890,0.006
N831,N831,3,False,4.668758937785523e-84,,False,2.0,False,False,True,True,,,,,False,False,False,N899,N899,0.006444
N832,N832,4,False,9.055212803276675e-80,,False,2.0,False,False,True,True,,,,,False,False,False,N933,N933,0.00975
N833,N833,2,False,1.2118360909752439e-97,,False,2.0,False,False,True,True,,,,,False,False,False,N915,N915,0.0075
N834,N834,5,False,1.4189400757505584e-74,,False,2.0,False,False,True,True,,,,,False,False,False,N871,N871,0.003783
N835,N835,12,False,1.762562756260091e-66,,False,2.0,False,False,True,True,,,,,False,False,False,N887,N887,0.005042
N836,N836,10,False,2.708574834523296e-68,,False,2.0,False,False,True,True,,,,,False,False,False,N919,N919,0.00772
N837,N837,6,False,1.1336815594243698e-84,,False,2.0,False,False,True,True,,,,,False,False,False,N859,N859,0.002444
N838,N838,5,False,7.100268227134096e-95,,False,2.0,False,False,True,True,,,,,False,False,False,N912,N912,0.006467
N839,N839,3,False,2.6067628175193057e-97,,False,2.0,False,False,True,True,,,,,False,False,False,N900,N900,0.0055
N840,N840,3,False,1.0389304992991359e-81,,False,2.0,False,False,True,True,,,,,False,False,False,N908,N908,0.006
N841,N841,3,False,8.388036363112707e-87,,False,2.0,False,False,True,True,,,,,False,False,False,N949,N949,0.011267
N842,N842,5,False,6.650682198630557e-70,,False,2.0,False,False,True,True,,,,,False,False,False,N884,N884,0.004167
N843,N843,15,False,6.114118321185596e-71,,False,2.0,False,False,True,True,,,,,False,False,False,N885,N885,0.004148
N844,N844,8,False,7.201257904209606e-34,,False,2.0,False,False,True,True,,,,,False,False,False,N888,N888,0.004167
N845,N845,6,False,7.963684648897614e-84,,False,2.0,False,False,True,True,,,,,False,False,False,N883,N883,0.004
N846,N846,12,False,1.7625627562599398e-66,,False,2.0,False,False,True,True,,,,,False,False,False,N887,N887,0.003968
N847,N847,5,False,0.11353706015519185,,False,2.0,False,False,True,True,,,,,False,False,False,N941,N941,0.009993
N848,N848,3,False,8.288417632888593e-84,,False,2.0,False,False,True,True,,,,,False,False,False,N943,N943,0.010367
N849,N849,5,False,2.3051676956759696e-97,,False,2.0,False,False,True,True,,,,,False,False,False,N916,N916,0.005933
N850,N850,7,False,3.1437751226600104e-85,,False,2.0,False,False,True,True,,,,,False,False,False,N894,N894,0.004129
N851,N851,9,False,6.625541535095793e-29,,False,2.0,False,False,True,True,,,,,False,False,False,N928,N928,0.007252
N852,N852,6,False,3.4149456009219875e-80,,False,2.0,False,False,True,True,,,,,False,False,False,N881,N881,0.002667
N853,N853,3,False,1.4420461751627961e-83,,False,2.0,False,False,True,True,,,,,False,False,False,N891,N891,0.003583
N854,N854,6,False,1.1060633923074045e-86,,False,2.0,False,False,True,True,,,,,False,False,False,N960,N960,0.011528
N855,N855,6,False,2.42870896281903e-66,,False,2.0,False,False,True,True,,,,,False,False,False,N897,N897,0.004007
N856,N856,5,False,2.4302506303244004e-40,,False,2.0,False,False,True,True,,,,,False,False,False,N945,N945,0.009481
N857,N857,4,False,1.6056147516815792e-69,,False,2.0,False,False,True,True,,,,,False,False,False,N957,N957,0.010783
N858,N858,9,False,2.4287089628190993e-66,,False,2.0,False,False,True,True,,,,,False,False,False,N897,N897,0.00363
N859,N859,9,False,1.3833369129129437e-80,,False,2.0,False,False,True,True,,,,,False,False,False,N905,N905,0.003611
N860,N860,4,False,1.3456107485899546e-74,,False,2.0,False,False,True,True,,,,,False,False,False,N909,N909,0.004083
N861,N861,6,False,6.650682198629606e-70,,False,2.0,False,False,True,True,,,,,False,False,False,N884,N884,0.002333
N862,N862,3,False,0.3405298291586168,,False,2.0,False,False,True,True,,,,,False,False,False,N985,N985,0.014213
N863,N863,3,False,1.1435024200397946e-80,,False,2.0,False,False,True,True,,,,,False,False,False,N939,N939,0.008
N864,N864,5,False,2.1546316770788612e-82,,False,2.0,False,False,True,True,,,,,False,False,False,N892,N892,0.0025
N865,N865,5,False,1.348925171440802e-91,,False,2.0,False,False,True,True,,,,,False,False,False,N902,N902,0.003333
N866,N866,7,False,1.7314339588424384e-64,,False,2.0,False,False,True,True,,,,,False,False,False,N906,N906,0.003496
N867,N867,9,False,3.2664902450841865e-82,,False,2.0,False,False,True,True,,,,,False,False,False,N886,N886,0.002148
N868,N868,5,False,8.388036363113427e-87,,False,2.0,False,False,True,True,,,,,False,False,False,N949,N949,0.008767
N869,N869,7,False,1.5088532211000846e-54,,False,2.0,False,False,True,True,,,,,False,False,False,N907,N907,0.003138
N870,N870,8,False,6.1586990624209356e-33,,False,2.0,False,False,True,True,,,,,False,False,False,N910,N910,0.003335
N871,N871,13,False,4.0075122593165174e-78,,False,2.0,False,False,True,True,,,,,False,False,False,N913,N913,0.003402
N872,N872,5,False,1.1435024200399901e-80,,False,2.0,False,False,True,True,,,,,False,False,False,N939,N939,0.007
N873,N873,3,False,1.412173171385458e-87,,False,2.0,False,False,True,True,,,,,False,False,False,N982,N982,0.012889
N874,N874,5,False,0.7999493219832339,,False,2.0,False,False,True,True,,,,,False,False,False,N983,N983,0.012763
N875,N875,5,False,1.8325061835088086e-96,,False,2.0,False,False,True,True,,,,,False,False,False,N901,N901,0.002333
N876,N876,7,False,0.05307038743892379,,False,2.0,False,False,True,True,,,,,False,False,False,N898,N898,0.002262
N877,N877,10,False,2.708574834523296e-68,,False,2.0,False,False,True,True,,,,,False,False,False,N919,N919,0.003953
N878,N878,12,False,1.0569614892334119e-76,,False,2.0,False,False,True,True,,,,,False,False,False,N896,N896,0.001854
N879,N879,4,False,1.936801755492011e-96,,False,2.0,False,False,True,True,,,,,False,False,False,N914,N914,0.003167
N880,N880,6,False,3.426115148558087e-94,,False,2.0,False,False,True,True,,,,,False,False,False,N931,N931,0.005167
N881,N881,9,False,1.491751472991987e-71,,False,2.0,False,False,True,True,,,,,False,False,False,N924,N924,0.004111
N882,N882,4,False,7.016139294613651e-99,,False,2.0,False,False,True,True,,,,,False,False,False,N950,N950,0.0075
N883,N883,9,False,5.925944895550806e-32,,False,2.0,False,False,True,True,,,,,False,False,False,N927,N927,0.003746
N884,N884,11,False,5.99116919171226e-66,,False,2.0,False,False,True,True,,,,,False,False,False,N937,N937,0.005236
N885,N885,24,False,1.5088532211000846e-54,,False,2.0,False,False,True,True,,,,,False,False,False,N907,N907,0.00139
N886,N886,12,False,6.84643231239807e-71,,False,2.0,False,False,True,True,,,,,False,False,False,N920,N920,0.003213
N887,N887,24,False,1.7314339588424384e-64,,False,2.0,False,False,True,True,,,,,False,False,False,N906,N906,0.001321
N888,N888,10,False,1.3688606507553e-62,,False,2.0,False,False,True,True,,,,,False,False,False,N926,N926,0.00351
N889,N889,5,False,1.6239750953278713e-95,,False,2.0,False,False,True,True,,,,,False,False,False,N948,N948,0.0067
N890,N890,7,False,2.876454233233728e-89,,False,2.0,False,False,True,True,,,,,False,False,False,N966,N966,0.008679
N891,N891,7,False,3.3893927979512735e-74,,False,2.0,False,False,True,True,,,,,False,False,False,N911,N911,0.001641
N892,N892,8,False,1.7620371358194725e-19,,False,2.0,False,False,True,True,,,,,False,False,False,N955,N955,0.007155
N893,N893,9,False,4.657220238980145e-95,,False,2.0,False,False,True,True,,,,,False,False,False,N929,N929,0.003211
N894,N894,11,False,6.846432312398266e-71,,False,2.0,False,False,True,True,,,,,False,False,False,N920,N920,0.002655
N895,N895,3,False,0.031125683992303976,,False,2.0,False,False,True,True,,,,,False,False,False,N971,N971,0.008946
N896,N896,16,False,3.7969907161036734e-57,,False,2.0,False,False,True,True,,,,,False,False,False,N921,N921,0.002482
N897,N897,15,False,1.4230986479000545e-56,,False,2.0,False,False,True,True,,,,,False,False,False,N917,N917,0.001474
N898,N898,8,False,2.7318440252012585e-14,,False,2.0,False,False,True,True,,,,,False,False,False,N942,N942,0.005112
N899,N899,6,False,1.6821468202658917e-12,,False,2.0,False,False,True,True,,,,,False,False,False,N978,N978,0.009498
N900,N900,5,False,6.214543126569758e-07,,False,2.0,False,False,True,True,,,,,False,False,False,N984,N984,0.010664
N901,N901,7,False,4.724463235769565e-21,,False,2.0,False,False,True,True,,,,,False,False,False,N964,N964,0.007503
N902,N902,7,False,1.7931878517973756e-09,,False,2.0,False,False,True,True,,,,,False,False,False,N952,N952,0.006138
N903,N903,3,False,1.412173171385458e-87,,False,2.0,False,False,True,True,,,,,False,False,False,N982,N982,0.010389
N904,N904,4,False,0.4155219208896056,,False,2.0,False,False,True,True,,,,,False,False,False,N969,N969,0.008234
N905,N905,13,False,1.0791175521261668e-57,,False,2.0,False,False,True,True,,,,,False,False,False,N932,N932,0.00306
N906,N906,31,False,6.158699062421024e-33,,False,2.0,False,False,True,True,,,,,False,False,False,N910,N910,0.000505
N907,N907,31,False,1.423098647900095e-56,,False,2.0,False,False,True,True,,,,,False,False,False,N917,N917,0.001144
N908,N908,6,False,0.00013673058751590152,,False,2.0,False,False,True,True,,,,,False,False,False,N968,N968,0.007345
N909,N909,7,False,3.8979185304137615e-05,,False,2.0,False,False,True,True,,,,,False,False,False,N938,N938,0.00349
N910,N910,39,False,3.7969907161036734e-57,,False,2.0,False,False,True,True,,,,,False,False,False,N921,N921,0.001447
N911,N911,14,False,9.055212803276675e-80,,False,2.0,False,False,True,True,,,,,False,False,False,N933,N933,0.002526
N912,N912,7,False,5.068837987660273e-74,,False,2.0,False,False,True,True,,,,,False,False,False,N922,N922,0.001367
N913,N913,20,False,1.3688606507552217e-62,,False,2.0,False,False,True,True,,,,,False,False,False,N926,N926,0.001658
N914,N914,6,False,5.666385904483565e-08,,False,2.0,False,False,True,True,,,,,False,False,False,N958,N958,0.006061
N915,N915,4,False,5.513299126085636e-116,,False,2.0,False,False,True,True,,,,,False,False,False,N963,N963,0.0065
N916,N916,7,False,4.837307769888655e-17,,False,2.0,False,False,True,True,,,,,False,False,False,N975,N975,0.007669
N917,N917,46,False,5.925944895551148e-32,,False,2.0,False,False,True,True,,,,,False,False,False,N927,N927,0.001198
N918,N918,4,False,2.8764542332341382e-89,,False,2.0,False,False,True,True,,,,,False,False,False,N966,N966,0.006179
N919,N919,20,False,1.079117552126105e-57,,False,2.0,False,False,True,True,,,,,False,False,False,N932,N932,0.001495
N920,N920,23,False,5.99116919171226e-66,,False,2.0,False,False,True,True,,,,,False,False,False,N937,N937,0.001986
N921,N921,55,False,6.6255415350956e-29,,False,2.0,False,False,True,True,,,,,False,False,False,N928,N928,0.00046
N922,N922,10,False,1.605614751681763e-69,,False,2.0,False,False,True,True,,,,,False,False,False,N957,N957,0.004783
N923,N923,9,False,5.059184563187511e-80,,False,2.0,False,False,True,True,,,,,False,False,False,N947,N947,0.003259
N924,N924,13,False,1.1940081193920817e-53,,False,2.0,False,False,True,True,,,,,False,False,False,N936,N936,0.00157
N925,N925,4,False,1.1060633923072782e-86,,False,2.0,False,False,True,True,,,,,False,False,False,N960,N960,0.00475
N926,N926,30,False,5.202798597932714e-53,,False,2.0,False,False,True,True,,,,,False,False,False,N935,N935,0.001268
N927,N927,55,False,1.1940081193920474e-53,,False,2.0,False,False,True,True,,,,,False,False,False,N936,N936,0.001269
N928,N928,64,False,3.897918530413731e-05,,False,2.0,False,False,True,True,,,,,False,False,False,N938,N938,0.001465
N929,N929,11,False,1.2283596520181894e-37,,False,2.0,False,False,True,True,,,,,False,False,False,N946,N946,0.002873
N930,N930,3,False,0.8586748733613789,,False,2.0,False,False,True,True,,,,,False,False,False,N990,N990,0.010058
N931,N931,8,False,4.422994084607451e-66,,False,2.0,False,False,True,True,,,,,False,False,False,N954,N954,0.00325
N932,N932,33,False,1.1157208437140128e-56,,False,2.0,False,False,True,True,,,,,False,False,False,N934,N934,0.000363
N933,N933,18,False,2.412541202784166e-23,,False,2.0,False,False,True,True,,,,,False,False,False,N940,N940,0.001491
N934,N934,40,False,5.202798597932714e-53,,False,2.0,False,False,True,True,,,,,False,False,False,N935,N935,0.0003
N935,N935,70,False,0.1440999079759253,,False,2.0,False,False,True,True,,,,,False,False,False,N944,N944,0.001607
N936,N936,68,False,2.7318440252012882e-14,,False,2.0,False,False,True,True,,,,,False,False,False,N942,N942,0.001192
N937,N937,34,False,1.2283596520181894e-37,,False,2.0,False,False,True,True,,,,,False,False,False,N946,N946,0.001415
N938,N938,71,False,0.11353706015519188,,False,2.0,False,False,True,True,,,,,False,False,False,N941,N941,0.000919
N939,N939,8,False,8.560888448380517e-07,,False,2.0,False,False,True,True,,,,,False,False,False,N965,N965,0.003104
N940,N940,21,False,2.4302506303243303e-40,,False,2.0,False,False,True,True,,,,,False,False,False,N945,N945,0.00074
N941,N941,76,False,3.507114312762665e-16,,False,2.0,False,False,True,True,,,,,False,False,False,N953,N953,0.001226
N942,N942,76,False,2.33262680799624e-07,,False,2.0,False,False,True,True,,,,,False,False,False,N956,N956,0.001295
N943,N943,8,False,2.3326268079962758e-07,,False,2.0,False,False,True,True,,,,,False,False,False,N956,N956,0.000969
N944,N944,73,False,1.7931878517973425e-09,,False,2.0,False,False,True,True,,,,,False,False,False,N952,N952,0.000752
N945,N945,26,False,7.076586206614025e-63,,False,2.0,False,False,True,True,,,,,False,False,False,N951,N951,0.000593
N946,N946,45,False,7.076586206614634e-63,,False,2.0,False,False,True,True,,,,,False,False,False,N951,N951,0.00059
N947,N947,12,False,3.507114312762767e-16,,False,2.0,False,False,True,True,,,,,False,False,False,N953,N953,0.000682
N948,N948,7,False,0.3837540864484569,,False,2.0,False,False,True,True,,,,,False,False,False,N981,N981,0.004536
N949,N949,8,False,1.1798657120701545e-71,,False,2.0,False,False,True,True,,,,,False,False,False,N976,N976,0.003358
N950,N950,6,False,0.08871359090433847,,False,2.0,False,False,True,True,,,,,False,False,False,N987,N987,0.004896
N951,N951,71,False,0.00013673058751590046,,False,2.0,False,False,True,True,,,,,False,False,False,N968,N968,0.001771
N952,N952,80,False,1.7620371358195238e-19,,False,2.0,False,False,True,True,,,,,False,False,False,N955,N955,0.000184
N953,N953,88,False,5.666385904483565e-08,,False,2.0,False,False,True,True,,,,,False,False,False,N958,N958,0.000841
N954,N954,10,False,1.2538390422031575e-33,,False,2.0,False,False,True,True,,,,,False,False,False,N959,N959,0.00095
N955,N955,88,False,0.4798194522750898,,False,2.0,False,False,True,True,,,,,False,False,False,N961,N961,0.001053
N956,N956,84,False,8.560888448380432e-07,,False,2.0,False,False,True,True,,,,,False,False,False,N965,N965,0.001269
N957,N957,14,False,1.1536229461442058e-67,,False,2.0,False,False,True,True,,,,,False,False,False,N962,N962,0.000479
N958,N958,94,False,4.724463235769531e-21,,False,2.0,False,False,True,True,,,,,False,False,False,N964,N964,0.000442
N959,N959,12,False,4.46606664288798e-37,,False,2.0,False,False,True,True,,,,,False,False,False,N970,N970,0.001048
N960,N960,10,False,1.9915781560048358e-11,,False,2.0,False,False,True,True,,,,,False,False,False,N974,N974,0.001449
N961,N961,92,False,0.031125683992303813,,False,2.0,False,False,True,True,,,,,False,False,False,N971,N971,0.001071
N962,N962,18,False,9.931380747656346e-43,,False,2.0,False,False,True,True,,,,,False,False,False,N973,N973,0.001211
N963,N963,5,False,0.15053520967754422,,False,2.0,False,False,True,True,,,,,False,False,False,N989,N989,0.005037
N964,N964,101,False,0.6788837062948114,,False,2.0,False,False,True,True,,,,,False,False,False,N972,N972,0.001002
N965,N965,92,False,4.466066642887851e-37,,False,2.0,False,False,True,True,,,,,False,False,False,N970,N970,0.000644
N966,N966,11,False,3.7918292020422456e-14,,False,2.0,False,False,True,True,,,,,False,False,False,N980,N980,0.001874
N967,N967,5,False,0.9781068723454406,,False,2.0,False,False,True,True,,,,,False,False,False,N977,N977,0.00148
N968,N968,77,False,0.4155219208896058,,False,2.0,False,False,True,True,,,,,False,False,False,N969,N969,0.000389
N969,N969,81,False,9.931380747655204e-43,,False,2.0,False,False,True,True,,,,,False,False,False,N973,N973,0.000405
N970,N970,104,False,0.9781068723454404,,False,2.0,False,False,True,True,,,,,False,False,False,N977,N977,0.001065
N971,N971,95,False,1.9915781560047692e-11,,False,2.0,False,False,True,True,,,,,False,False,False,N974,N974,0.000253
N972,N972,103,False,4.837307769888478e-17,,False,2.0,False,False,True,True,,,,,False,False,False,N975,N975,0.000264
N973,N973,99,False,3.7918292020424684e-14,,False,2.0,False,False,True,True,,,,,False,False,False,N980,N980,0.000913
N974,N974,105,False,0.3405298291586179,,False,2.0,False,False,True,True,,,,,False,False,False,N985,N985,0.002014
N975,N975,110,False,1.6821468202658546e-12,,False,2.0,False,False,True,True,,,,,False,False,False,N978,N978,0.000673
N976,N976,10,False,6.532117124290411e-18,,False,2.0,False,False,True,True,,,,,False,False,False,N979,N979,0.000402
N977,N977,109,False,6.532117124290793e-18,,False,2.0,False,False,True,True,,,,,False,False,False,N979,N979,0.000213
N978,N978,116,False,6.214543126569699e-07,,False,2.0,False,False,True,True,,,,,False,False,False,N984,N984,0.001221
N979,N979,119,False,0.08871359090433832,,False,2.0,False,False,True,True,,,,,False,False,False,N987,N987,0.00137
N980,N980,110,False,0.38375408644845693,,False,2.0,False,False,True,True,,,,,False,False,False,N981,N981,0.000684
N981,N981,117,False,0.7999493219832348,,False,2.0,False,False,True,True,,,,,False,False,False,N983,N983,0.000194
N982,N982,6,False,4.440068220980694e-05,,False,2.0,False,False,True,True,,,,,False,False,False,N992,N992,0.003062
N983,N983,122,False,0.708558916944956,,False,2.0,False,False,True,True,,,,,False,False,False,N993,N993,0.003062
N984,N984,121,False,0.6988518381252256,,False,2.0,False,False,True,True,,,,,False,False,False,N986,N986,0.000138
N985,N985,108,False,0.15053520967754427,,False,2.0,False,False,True,True,,,,,False,False,False,N989,N989,0.001824
N986,N986,123,False,0.17683720483085755,,False,2.0,False,False,True,True,,,,,False,False,False,N991,N991,0.00254
N987,N987,125,False,2.5012608169937e-26,,False,110.0,False,False,True,True,,,,,False,False,False,N997,N997,0.039152
N988,N988,2,False,0.00968688046959644,,False,2.0,False,False,True,True,,,,,False,False,False,N995,N995,0.019677
N989,N989,113,False,0.8586748733613778,,False,2.0,False,False,True,True,,,,,False,False,False,N990,N990,0.00052
N990,N990,116,False,4.440068220980748e-05,,False,2.0,False,False,True,True,,,,,False,False,False,N992,N992,0.000394
N991,N991,125,False,4.71693206167514e-61,,False,20.0,False,False,True,True,,,,,False,False,False,N996,N996,0.03655
N992,N992,122,False,0.31445856359593555,,False,2.0,False,False,True,True,,,,,False,False,False,N994,N994,0.000557
N993,N993,124,False,4.71693206167514e-61,,False,20.0,False,False,True,True,,,,,False,False,False,N996,N996,0.0364
N994,N994,124,False,0.00968688046959634,,False,2.0,False,False,True,True,,,,,False,False,False,N995,N995,0.018169
N995,N995,126,False,0.603324745413577,0.603324745413577,False,362.0,False,True,False,True,,,,,False,False,False,N998,N998,0.018974
N996,N996,249,False,2.501260816993557e-26,,False,110.0,False,False,True,True,,,,,False,False,False,N997,N997,0.000156
N997,N997,374,False,0.603324745413577,0.603324745413577,False,362.0,False,True,False,True,,,,,False,False,False,N998,N998,0.001103
N998,N998,500,False,,,False,,False,False,False,True,,,,,False,False,False,,,
