run_id,cluster_id,cluster_size,mean_within_tfidf_cosine
current__adaptive_diffusion_cosine_subspace__binary__adaptive_common_mode_01,0,5,0.3927384942406885
current__adaptive_diffusion_cosine_subspace__binary__adaptive_common_mode_01,1,19,0.29851977049869177
current__adaptive_diffusion_cosine_subspace__binary__adaptive_common_mode_01,2,37,0.1883522916137358
current__adaptive_diffusion_cosine_subspace__binary__adaptive_common_mode_01,3,22,0.09392561052120908
current__adaptive_diffusion_cosine_subspace__binary__adaptive_common_mode_01,4,16,0.02275389345738097
current__adaptive_diffusion_cosine_subspace__binary__adaptive_common_mode_01,5,36,0.03189485678463867
current__adaptive_diffusion_cosine_subspace__binary__adaptive_common_mode_01,6,20,0.008558230718905028
current__adaptive_diffusion_cosine_subspace__binary__adaptive_common_mode_01,7,61,0.04170963275677976
current__adaptive_diffusion_cosine_subspace__binary__adaptive_common_mode_01,8,73,0.04381903193563677
current__adaptive_diffusion_cosine_subspace__binary__adaptive_common_mode_01,9,175,0.022509247837378767
current__adaptive_diffusion_cosine_subspace__binary__adaptive_common_mode_01,10,84,0.07593850548827907
current__adaptive_diffusion_cosine_subspace__binary__adaptive_common_mode_01,11,54,0.1325566495151754
current__adaptive_diffusion_cosine_subspace__binary__adaptive_modes_07_11,0,1,
current__adaptive_diffusion_cosine_subspace__binary__adaptive_modes_07_11,1,1,
current__adaptive_diffusion_cosine_subspace__binary__adaptive_modes_07_11,2,1,
current__adaptive_diffusion_cosine_subspace__binary__adaptive_modes_07_11,3,1,
current__adaptive_diffusion_cosine_subspace__binary__adaptive_modes_07_11,4,1,
current__adaptive_diffusion_cosine_subspace__binary__adaptive_modes_07_11,5,1,
current__adaptive_diffusion_cosine_subspace__binary__adaptive_modes_07_11,6,1,
current__adaptive_diffusion_cosine_subspace__binary__adaptive_modes_07_11,7,1,
current__adaptive_diffusion_cosine_subspace__binary__adaptive_modes_07_11,8,1,
current__adaptive_diffusion_cosine_subspace__binary__adaptive_modes_07_11,9,1,
current__adaptive_diffusion_cosine_subspace__binary__adaptive_modes_07_11,10,1,
current__adaptive_diffusion_cosine_subspace__binary__adaptive_modes_07_11,11,1,
current__adaptive_diffusion_cosine_subspace__binary__adaptive_modes_07_11,12,2,0.4655020603711415
current__adaptive_diffusion_cosine_subspace__binary__adaptive_modes_07_11,13,1,
current__adaptive_diffusion_cosine_subspace__binary__adaptive_modes_07_11,14,1,
current__adaptive_diffusion_cosine_subspace__binary__adaptive_modes_07_11,15,1,
current__adaptive_diffusion_cosine_subspace__binary__adaptive_modes_07_11,16,1,
current__adaptive_diffusion_cosine_subspace__binary__adaptive_modes_07_11,17,1,
current__adaptive_diffusion_cosine_subspace__binary__adaptive_modes_07_11,18,1,
current__adaptive_diffusion_cosine_subspace__binary__adaptive_modes_07_11,19,1,
current__adaptive_diffusion_cosine_subspace__binary__adaptive_modes_07_11,20,1,
current__adaptive_diffusion_cosine_subspace__binary__adaptive_modes_07_11,21,1,
current__adaptive_diffusion_cosine_subspace__binary__adaptive_modes_07_11,22,1,
current__adaptive_diffusion_cosine_subspace__binary__adaptive_modes_07_11,23,1,
current__adaptive_diffusion_cosine_subspace__binary__adaptive_modes_07_11,24,1,
current__adaptive_diffusion_cosine_subspace__binary__adaptive_modes_07_11,25,1,
current__adaptive_diffusion_cosine_subspace__binary__adaptive_modes_07_11,26,1,
current__adaptive_diffusion_cosine_subspace__binary__adaptive_modes_07_11,27,1,
current__adaptive_diffusion_cosine_subspace__binary__adaptive_modes_07_11,28,1,
current__adaptive_diffusion_cosine_subspace__binary__adaptive_modes_07_11,29,1,
current__adaptive_diffusion_cosine_subspace__binary__adaptive_modes_07_11,30,1,
current__adaptive_diffusion_cosine_subspace__binary__adaptive_modes_07_11,31,1,
current__adaptive_diffusion_cosine_subspace__binary__adaptive_modes_07_11,32,1,
current__adaptive_diffusion_cosine_subspace__binary__adaptive_modes_07_11,33,1,
current__adaptive_diffusion_cosine_subspace__binary__adaptive_modes_07_11,34,1,
current__adaptive_diffusion_cosine_subspace__binary__adaptive_modes_07_11,35,1,
current__adaptive_diffusion_cosine_subspace__binary__adaptive_modes_07_11,36,2,0.6646296618930085
current__adaptive_diffusion_cosine_subspace__binary__adaptive_modes_07_11,37,1,
current__adaptive_diffusion_cosine_subspace__binary__adaptive_modes_07_11,38,2,0.6455020849851649
current__adaptive_diffusion_cosine_subspace__binary__adaptive_modes_07_11,39,6,0.6542627712907586
current__adaptive_diffusion_cosine_subspace__binary__adaptive_modes_07_11,40,1,
current__adaptive_diffusion_cosine_subspace__binary__adaptive_modes_07_11,41,1,
current__adaptive_diffusion_cosine_subspace__binary__adaptive_modes_07_11,42,1,
current__adaptive_diffusion_cosine_subspace__binary__adaptive_modes_07_11,43,1,
current__adaptive_diffusion_cosine_subspace__binary__adaptive_modes_07_11,44,1,
current__adaptive_diffusion_cosine_subspace__binary__adaptive_modes_07_11,45,1,
current__adaptive_diffusion_cosine_subspace__binary__adaptive_modes_07_11,46,1,
current__adaptive_diffusion_cosine_subspace__binary__adaptive_modes_07_11,47,1,
current__adaptive_diffusion_cosine_subspace__binary__adaptive_modes_07_11,48,1,
current__adaptive_diffusion_cosine_subspace__binary__adaptive_modes_07_11,49,1,
current__adaptive_diffusion_cosine_subspace__binary__adaptive_modes_07_11,50,1,
current__adaptive_diffusion_cosine_subspace__binary__adaptive_modes_07_11,51,1,
current__adaptive_diffusion_cosine_subspace__binary__adaptive_modes_07_11,52,1,
current__adaptive_diffusion_cosine_subspace__binary__adaptive_modes_07_11,53,1,
current__adaptive_diffusion_cosine_subspace__binary__adaptive_modes_07_11,54,1,
current__adaptive_diffusion_cosine_subspace__binary__adaptive_modes_07_11,55,1,
current__adaptive_diffusion_cosine_subspace__binary__adaptive_modes_07_11,56,1,
current__adaptive_diffusion_cosine_subspace__binary__adaptive_modes_07_11,57,1,
current__adaptive_diffusion_cosine_subspace__binary__adaptive_modes_07_11,58,1,
current__adaptive_diffusion_cosine_subspace__binary__adaptive_modes_07_11,59,1,
current__adaptive_diffusion_cosine_subspace__binary__adaptive_modes_07_11,60,1,
current__adaptive_diffusion_cosine_subspace__binary__adaptive_modes_07_11,61,1,
current__adaptive_diffusion_cosine_subspace__binary__adaptive_modes_07_11,62,2,0.8924693584718426
current__adaptive_diffusion_cosine_subspace__binary__adaptive_modes_07_11,63,2,0.17584049625122278
current__adaptive_diffusion_cosine_subspace__binary__adaptive_modes_07_11,64,1,
current__adaptive_diffusion_cosine_subspace__binary__adaptive_modes_07_11,65,1,
current__adaptive_diffusion_cosine_subspace__binary__adaptive_modes_07_11,66,1,
current__adaptive_diffusion_cosine_subspace__binary__adaptive_modes_07_11,67,1,
current__adaptive_diffusion_cosine_subspace__binary__adaptive_modes_07_11,68,1,
current__adaptive_diffusion_cosine_subspace__binary__adaptive_modes_07_11,69,1,
current__adaptive_diffusion_cosine_subspace__binary__adaptive_modes_07_11,70,1,
current__adaptive_diffusion_cosine_subspace__binary__adaptive_modes_07_11,71,1,
current__adaptive_diffusion_cosine_subspace__binary__adaptive_modes_07_11,72,1,
current__adaptive_diffusion_cosine_subspace__binary__adaptive_modes_07_11,73,1,
current__adaptive_diffusion_cosine_subspace__binary__adaptive_modes_07_11,74,1,
current__adaptive_diffusion_cosine_subspace__binary__adaptive_modes_07_11,75,1,
current__adaptive_diffusion_cosine_subspace__binary__adaptive_modes_07_11,76,1,
current__adaptive_diffusion_cosine_subspace__binary__adaptive_modes_07_11,77,1,
current__adaptive_diffusion_cosine_subspace__binary__adaptive_modes_07_11,78,1,
current__adaptive_diffusion_cosine_subspace__binary__adaptive_modes_07_11,79,1,
current__adaptive_diffusion_cosine_subspace__binary__adaptive_modes_07_11,80,1,
current__adaptive_diffusion_cosine_subspace__binary__adaptive_modes_07_11,81,1,
current__adaptive_diffusion_cosine_subspace__binary__adaptive_modes_07_11,82,1,
current__adaptive_diffusion_cosine_subspace__binary__adaptive_modes_07_11,83,1,
current__adaptive_diffusion_cosine_subspace__binary__adaptive_modes_07_11,84,1,
current__adaptive_diffusion_cosine_subspace__binary__adaptive_modes_07_11,85,1,
current__adaptive_diffusion_cosine_subspace__binary__adaptive_modes_07_11,86,1,
current__adaptive_diffusion_cosine_subspace__binary__adaptive_modes_07_11,87,1,
current__adaptive_diffusion_cosine_subspace__binary__adaptive_modes_07_11,88,1,
current__adaptive_diffusion_cosine_subspace__binary__adaptive_modes_07_11,89,1,
current__adaptive_diffusion_cosine_subspace__binary__adaptive_modes_07_11,90,1,
current__adaptive_diffusion_cosine_subspace__binary__adaptive_modes_07_11,91,1,
current__adaptive_diffusion_cosine_subspace__binary__adaptive_modes_07_11,92,1,
current__adaptive_diffusion_cosine_subspace__binary__adaptive_modes_07_11,93,1,
current__adaptive_diffusion_cosine_subspace__binary__adaptive_modes_07_11,94,1,
current__adaptive_diffusion_cosine_subspace__binary__adaptive_modes_07_11,95,1,
current__adaptive_diffusion_cosine_subspace__binary__adaptive_modes_07_11,96,1,
current__adaptive_diffusion_cosine_subspace__binary__adaptive_modes_07_11,97,1,
current__adaptive_diffusion_cosine_subspace__binary__adaptive_modes_07_11,98,1,
current__adaptive_diffusion_cosine_subspace__binary__adaptive_modes_07_11,99,1,
current__adaptive_diffusion_cosine_subspace__binary__adaptive_modes_07_11,100,1,
current__adaptive_diffusion_cosine_subspace__binary__adaptive_modes_07_11,101,1,
current__adaptive_diffusion_cosine_subspace__binary__adaptive_modes_07_11,102,1,
current__adaptive_diffusion_cosine_subspace__binary__adaptive_modes_07_11,103,1,
current__adaptive_diffusion_cosine_subspace__binary__adaptive_modes_07_11,104,1,
current__adaptive_diffusion_cosine_subspace__binary__adaptive_modes_07_11,105,1,
current__adaptive_diffusion_cosine_subspace__binary__adaptive_modes_07_11,106,1,
current__adaptive_diffusion_cosine_subspace__binary__adaptive_modes_07_11,107,1,
current__adaptive_diffusion_cosine_subspace__binary__adaptive_modes_07_11,108,1,
current__adaptive_diffusion_cosine_subspace__binary__adaptive_modes_07_11,109,1,
current__adaptive_diffusion_cosine_subspace__binary__adaptive_modes_07_11,110,1,
current__adaptive_diffusion_cosine_subspace__binary__adaptive_modes_07_11,111,1,
current__adaptive_diffusion_cosine_subspace__binary__adaptive_modes_07_11,112,3,0.016619537672723173
current__adaptive_diffusion_cosine_subspace__binary__adaptive_modes_07_11,113,1,
current__adaptive_diffusion_cosine_subspace__binary__adaptive_modes_07_11,114,1,
current__adaptive_diffusion_cosine_subspace__binary__adaptive_modes_07_11,115,1,
current__adaptive_diffusion_cosine_subspace__binary__adaptive_modes_07_11,116,1,
current__adaptive_diffusion_cosine_subspace__binary__adaptive_modes_07_11,117,1,
current__adaptive_diffusion_cosine_subspace__binary__adaptive_modes_07_11,118,1,
current__adaptive_diffusion_cosine_subspace__binary__adaptive_modes_07_11,119,1,
current__adaptive_diffusion_cosine_subspace__binary__adaptive_modes_07_11,120,1,
current__adaptive_diffusion_cosine_subspace__binary__adaptive_modes_07_11,121,1,
current__adaptive_diffusion_cosine_subspace__binary__adaptive_modes_07_11,122,1,
current__adaptive_diffusion_cosine_subspace__binary__adaptive_modes_07_11,123,1,
current__adaptive_diffusion_cosine_subspace__binary__adaptive_modes_07_11,124,1,
current__adaptive_diffusion_cosine_subspace__binary__adaptive_modes_07_11,125,1,
current__adaptive_diffusion_cosine_subspace__binary__adaptive_modes_07_11,126,7,0.315201910265263
current__adaptive_diffusion_cosine_subspace__binary__adaptive_modes_07_11,127,1,
current__adaptive_diffusion_cosine_subspace__binary__adaptive_modes_07_11,128,1,
current__adaptive_diffusion_cosine_subspace__binary__adaptive_modes_07_11,129,1,
current__adaptive_diffusion_cosine_subspace__binary__adaptive_modes_07_11,130,1,
current__adaptive_diffusion_cosine_subspace__binary__adaptive_modes_07_11,131,1,
current__adaptive_diffusion_cosine_subspace__binary__adaptive_modes_07_11,132,1,
current__adaptive_diffusion_cosine_subspace__binary__adaptive_modes_07_11,133,1,
current__adaptive_diffusion_cosine_subspace__binary__adaptive_modes_07_11,134,1,
current__adaptive_diffusion_cosine_subspace__binary__adaptive_modes_07_11,135,1,
current__adaptive_diffusion_cosine_subspace__binary__adaptive_modes_07_11,136,1,
current__adaptive_diffusion_cosine_subspace__binary__adaptive_modes_07_11,137,1,
current__adaptive_diffusion_cosine_subspace__binary__adaptive_modes_07_11,138,1,
current__adaptive_diffusion_cosine_subspace__binary__adaptive_modes_07_11,139,2,0.5543842578378069
current__adaptive_diffusion_cosine_subspace__binary__adaptive_modes_07_11,140,1,
current__adaptive_diffusion_cosine_subspace__binary__adaptive_modes_07_11,141,1,
current__adaptive_diffusion_cosine_subspace__binary__adaptive_modes_07_11,142,1,
current__adaptive_diffusion_cosine_subspace__binary__adaptive_modes_07_11,143,1,
current__adaptive_diffusion_cosine_subspace__binary__adaptive_modes_07_11,144,1,
current__adaptive_diffusion_cosine_subspace__binary__adaptive_modes_07_11,145,1,
current__adaptive_diffusion_cosine_subspace__binary__adaptive_modes_07_11,146,1,
current__adaptive_diffusion_cosine_subspace__binary__adaptive_modes_07_11,147,1,
current__adaptive_diffusion_cosine_subspace__binary__adaptive_modes_07_11,148,1,
current__adaptive_diffusion_cosine_subspace__binary__adaptive_modes_07_11,149,1,
current__adaptive_diffusion_cosine_subspace__binary__adaptive_modes_07_11,150,1,
current__adaptive_diffusion_cosine_subspace__binary__adaptive_modes_07_11,151,1,
current__adaptive_diffusion_cosine_subspace__binary__adaptive_modes_07_11,152,1,
current__adaptive_diffusion_cosine_subspace__binary__adaptive_modes_07_11,153,1,
current__adaptive_diffusion_cosine_subspace__binary__adaptive_modes_07_11,154,1,
current__adaptive_diffusion_cosine_subspace__binary__adaptive_modes_07_11,155,1,
current__adaptive_diffusion_cosine_subspace__binary__adaptive_modes_07_11,156,1,
current__adaptive_diffusion_cosine_subspace__binary__adaptive_modes_07_11,157,1,
current__adaptive_diffusion_cosine_subspace__binary__adaptive_modes_07_11,158,1,
current__adaptive_diffusion_cosine_subspace__binary__adaptive_modes_07_11,159,1,
current__adaptive_diffusion_cosine_subspace__binary__adaptive_modes_07_11,160,1,
current__adaptive_diffusion_cosine_subspace__binary__adaptive_modes_07_11,161,1,
current__adaptive_diffusion_cosine_subspace__binary__adaptive_modes_07_11,162,1,
current__adaptive_diffusion_cosine_subspace__binary__adaptive_modes_07_11,163,1,
current__adaptive_diffusion_cosine_subspace__binary__adaptive_modes_07_11,164,1,
current__adaptive_diffusion_cosine_subspace__binary__adaptive_modes_07_11,165,1,
current__adaptive_diffusion_cosine_subspace__binary__adaptive_modes_07_11,166,1,
current__adaptive_diffusion_cosine_subspace__binary__adaptive_modes_07_11,167,1,
current__adaptive_diffusion_cosine_subspace__binary__adaptive_modes_07_11,168,1,
current__adaptive_diffusion_cosine_subspace__binary__adaptive_modes_07_11,169,1,
current__adaptive_diffusion_cosine_subspace__binary__adaptive_modes_07_11,170,1,
current__adaptive_diffusion_cosine_subspace__binary__adaptive_modes_07_11,171,1,
current__adaptive_diffusion_cosine_subspace__binary__adaptive_modes_07_11,172,1,
current__adaptive_diffusion_cosine_subspace__binary__adaptive_modes_07_11,173,1,
current__adaptive_diffusion_cosine_subspace__binary__adaptive_modes_07_11,174,1,
current__adaptive_diffusion_cosine_subspace__binary__adaptive_modes_07_11,175,1,
current__adaptive_diffusion_cosine_subspace__binary__adaptive_modes_07_11,176,1,
current__adaptive_diffusion_cosine_subspace__binary__adaptive_modes_07_11,177,1,
current__adaptive_diffusion_cosine_subspace__binary__adaptive_modes_07_11,178,1,
current__adaptive_diffusion_cosine_subspace__binary__adaptive_modes_07_11,179,1,
current__adaptive_diffusion_cosine_subspace__binary__adaptive_modes_07_11,180,1,
current__adaptive_diffusion_cosine_subspace__binary__adaptive_modes_07_11,181,1,
current__adaptive_diffusion_cosine_subspace__binary__adaptive_modes_07_11,182,2,1.0000000000000007
current__adaptive_diffusion_cosine_subspace__binary__adaptive_modes_07_11,183,1,
current__adaptive_diffusion_cosine_subspace__binary__adaptive_modes_07_11,184,1,
current__adaptive_diffusion_cosine_subspace__binary__adaptive_modes_07_11,185,1,
current__adaptive_diffusion_cosine_subspace__binary__adaptive_modes_07_11,186,1,
current__adaptive_diffusion_cosine_subspace__binary__adaptive_modes_07_11,187,1,
current__adaptive_diffusion_cosine_subspace__binary__adaptive_modes_07_11,188,1,
current__adaptive_diffusion_cosine_subspace__binary__adaptive_modes_07_11,189,1,
current__adaptive_diffusion_cosine_subspace__binary__adaptive_modes_07_11,190,1,
current__adaptive_diffusion_cosine_subspace__binary__adaptive_modes_07_11,191,1,
current__adaptive_diffusion_cosine_subspace__binary__adaptive_modes_07_11,192,1,
current__adaptive_diffusion_cosine_subspace__binary__adaptive_modes_07_11,193,1,
current__adaptive_diffusion_cosine_subspace__binary__adaptive_modes_07_11,194,1,
current__adaptive_diffusion_cosine_subspace__binary__adaptive_modes_07_11,195,1,
current__adaptive_diffusion_cosine_subspace__binary__adaptive_modes_07_11,196,1,
current__adaptive_diffusion_cosine_subspace__binary__adaptive_modes_07_11,197,1,
current__adaptive_diffusion_cosine_subspace__binary__adaptive_modes_07_11,198,1,
current__adaptive_diffusion_cosine_subspace__binary__adaptive_modes_07_11,199,1,
current__adaptive_diffusion_cosine_subspace__binary__adaptive_modes_07_11,200,1,
current__adaptive_diffusion_cosine_subspace__binary__adaptive_modes_07_11,201,1,
current__adaptive_diffusion_cosine_subspace__binary__adaptive_modes_07_11,202,1,
current__adaptive_diffusion_cosine_subspace__binary__adaptive_modes_07_11,203,1,
current__adaptive_diffusion_cosine_subspace__binary__adaptive_modes_07_11,204,1,
current__adaptive_diffusion_cosine_subspace__binary__adaptive_modes_07_11,205,1,
current__adaptive_diffusion_cosine_subspace__binary__adaptive_modes_07_11,206,1,
current__adaptive_diffusion_cosine_subspace__binary__adaptive_modes_07_11,207,1,
current__adaptive_diffusion_cosine_subspace__binary__adaptive_modes_07_11,208,1,
current__adaptive_diffusion_cosine_subspace__binary__adaptive_modes_07_11,209,1,
current__adaptive_diffusion_cosine_subspace__binary__adaptive_modes_07_11,210,1,
current__adaptive_diffusion_cosine_subspace__binary__adaptive_modes_07_11,211,2,0.018198803359225746
current__adaptive_diffusion_cosine_subspace__binary__adaptive_modes_07_11,212,1,
current__adaptive_diffusion_cosine_subspace__binary__adaptive_modes_07_11,213,1,
current__adaptive_diffusion_cosine_subspace__binary__adaptive_modes_07_11,214,1,
current__adaptive_diffusion_cosine_subspace__binary__adaptive_modes_07_11,215,1,
current__adaptive_diffusion_cosine_subspace__binary__adaptive_modes_07_11,216,1,
current__adaptive_diffusion_cosine_subspace__binary__adaptive_modes_07_11,217,1,
current__adaptive_diffusion_cosine_subspace__binary__adaptive_modes_07_11,218,1,
current__adaptive_diffusion_cosine_subspace__binary__adaptive_modes_07_11,219,1,
current__adaptive_diffusion_cosine_subspace__binary__adaptive_modes_07_11,220,1,
current__adaptive_diffusion_cosine_subspace__binary__adaptive_modes_07_11,221,1,
current__adaptive_diffusion_cosine_subspace__binary__adaptive_modes_07_11,222,1,
current__adaptive_diffusion_cosine_subspace__binary__adaptive_modes_07_11,223,1,
current__adaptive_diffusion_cosine_subspace__binary__adaptive_modes_07_11,224,1,
current__adaptive_diffusion_cosine_subspace__binary__adaptive_modes_07_11,225,1,
current__adaptive_diffusion_cosine_subspace__binary__adaptive_modes_07_11,226,1,
current__adaptive_diffusion_cosine_subspace__binary__adaptive_modes_07_11,227,1,
current__adaptive_diffusion_cosine_subspace__binary__adaptive_modes_07_11,228,2,0.011765315762795048
current__adaptive_diffusion_cosine_subspace__binary__adaptive_modes_07_11,229,1,
current__adaptive_diffusion_cosine_subspace__binary__adaptive_modes_07_11,230,1,
current__adaptive_diffusion_cosine_subspace__binary__adaptive_modes_07_11,231,1,
current__adaptive_diffusion_cosine_subspace__binary__adaptive_modes_07_11,232,1,
current__adaptive_diffusion_cosine_subspace__binary__adaptive_modes_07_11,233,1,
current__adaptive_diffusion_cosine_subspace__binary__adaptive_modes_07_11,234,1,
current__adaptive_diffusion_cosine_subspace__binary__adaptive_modes_07_11,235,1,
current__adaptive_diffusion_cosine_subspace__binary__adaptive_modes_07_11,236,1,
current__adaptive_diffusion_cosine_subspace__binary__adaptive_modes_07_11,237,1,
current__adaptive_diffusion_cosine_subspace__binary__adaptive_modes_07_11,238,1,
current__adaptive_diffusion_cosine_subspace__binary__adaptive_modes_07_11,239,1,
current__adaptive_diffusion_cosine_subspace__binary__adaptive_modes_07_11,240,1,
current__adaptive_diffusion_cosine_subspace__binary__adaptive_modes_07_11,241,1,
current__adaptive_diffusion_cosine_subspace__binary__adaptive_modes_07_11,242,1,
current__adaptive_diffusion_cosine_subspace__binary__adaptive_modes_07_11,243,1,
current__adaptive_diffusion_cosine_subspace__binary__adaptive_modes_07_11,244,1,
current__adaptive_diffusion_cosine_subspace__binary__adaptive_modes_07_11,245,1,
current__adaptive_diffusion_cosine_subspace__binary__adaptive_modes_07_11,246,1,
current__adaptive_diffusion_cosine_subspace__binary__adaptive_modes_07_11,247,1,
current__adaptive_diffusion_cosine_subspace__binary__adaptive_modes_07_11,248,1,
current__adaptive_diffusion_cosine_subspace__binary__adaptive_modes_07_11,249,1,
current__adaptive_diffusion_cosine_subspace__binary__adaptive_modes_07_11,250,1,
current__adaptive_diffusion_cosine_subspace__binary__adaptive_modes_07_11,251,1,
current__adaptive_diffusion_cosine_subspace__binary__adaptive_modes_07_11,252,1,
current__adaptive_diffusion_cosine_subspace__binary__adaptive_modes_07_11,253,1,
current__adaptive_diffusion_cosine_subspace__binary__adaptive_modes_07_11,254,1,
current__adaptive_diffusion_cosine_subspace__binary__adaptive_modes_07_11,255,1,
current__adaptive_diffusion_cosine_subspace__binary__adaptive_modes_07_11,256,1,
current__adaptive_diffusion_cosine_subspace__binary__adaptive_modes_07_11,257,1,
current__adaptive_diffusion_cosine_subspace__binary__adaptive_modes_07_11,258,1,
current__adaptive_diffusion_cosine_subspace__binary__adaptive_modes_07_11,259,1,
current__adaptive_diffusion_cosine_subspace__binary__adaptive_modes_07_11,260,1,
current__adaptive_diffusion_cosine_subspace__binary__adaptive_modes_07_11,261,1,
current__adaptive_diffusion_cosine_subspace__binary__adaptive_modes_07_11,262,1,
current__adaptive_diffusion_cosine_subspace__binary__adaptive_modes_07_11,263,1,
current__adaptive_diffusion_cosine_subspace__binary__adaptive_modes_07_11,264,1,
current__adaptive_diffusion_cosine_subspace__binary__adaptive_modes_07_11,265,1,
current__adaptive_diffusion_cosine_subspace__binary__adaptive_modes_07_11,266,1,
current__adaptive_diffusion_cosine_subspace__binary__adaptive_modes_07_11,267,1,
current__adaptive_diffusion_cosine_subspace__binary__adaptive_modes_07_11,268,1,
current__adaptive_diffusion_cosine_subspace__binary__adaptive_modes_07_11,269,1,
current__adaptive_diffusion_cosine_subspace__binary__adaptive_modes_07_11,270,1,
current__adaptive_diffusion_cosine_subspace__binary__adaptive_modes_07_11,271,1,
current__adaptive_diffusion_cosine_subspace__binary__adaptive_modes_07_11,272,1,
current__adaptive_diffusion_cosine_subspace__binary__adaptive_modes_07_11,273,1,
current__adaptive_diffusion_cosine_subspace__binary__adaptive_modes_07_11,274,1,
current__adaptive_diffusion_cosine_subspace__binary__adaptive_modes_07_11,275,1,
current__adaptive_diffusion_cosine_subspace__binary__adaptive_modes_07_11,276,1,
current__adaptive_diffusion_cosine_subspace__binary__adaptive_modes_07_11,277,1,
current__adaptive_diffusion_cosine_subspace__binary__adaptive_modes_07_11,278,1,
current__adaptive_diffusion_cosine_subspace__binary__adaptive_modes_07_11,279,1,
current__adaptive_diffusion_cosine_subspace__binary__adaptive_modes_07_11,280,1,
current__adaptive_diffusion_cosine_subspace__binary__adaptive_modes_07_11,281,1,
current__adaptive_diffusion_cosine_subspace__binary__adaptive_modes_07_11,282,1,
current__adaptive_diffusion_cosine_subspace__binary__adaptive_modes_07_11,283,1,
current__adaptive_diffusion_cosine_subspace__binary__adaptive_modes_07_11,284,1,
current__adaptive_diffusion_cosine_subspace__binary__adaptive_modes_07_11,285,1,
current__adaptive_diffusion_cosine_subspace__binary__adaptive_modes_07_11,286,1,
current__adaptive_diffusion_cosine_subspace__binary__adaptive_modes_07_11,287,1,
current__adaptive_diffusion_cosine_subspace__binary__adaptive_modes_07_11,288,1,
current__adaptive_diffusion_cosine_subspace__binary__adaptive_modes_07_11,289,1,
current__adaptive_diffusion_cosine_subspace__binary__adaptive_modes_07_11,290,1,
current__adaptive_diffusion_cosine_subspace__binary__adaptive_modes_07_11,291,1,
current__adaptive_diffusion_cosine_subspace__binary__adaptive_modes_07_11,292,1,
current__adaptive_diffusion_cosine_subspace__binary__adaptive_modes_07_11,293,1,
current__adaptive_diffusion_cosine_subspace__binary__adaptive_modes_07_11,294,1,
current__adaptive_diffusion_cosine_subspace__binary__adaptive_modes_07_11,295,1,
current__adaptive_diffusion_cosine_subspace__binary__adaptive_modes_07_11,296,1,
current__adaptive_diffusion_cosine_subspace__binary__adaptive_modes_07_11,297,1,
current__adaptive_diffusion_cosine_subspace__binary__adaptive_modes_07_11,298,1,
current__adaptive_diffusion_cosine_subspace__binary__adaptive_modes_07_11,299,1,
current__adaptive_diffusion_cosine_subspace__binary__adaptive_modes_07_11,300,1,
current__adaptive_diffusion_cosine_subspace__binary__adaptive_modes_07_11,301,1,
current__adaptive_diffusion_cosine_subspace__binary__adaptive_modes_07_11,302,1,
current__adaptive_diffusion_cosine_subspace__binary__adaptive_modes_07_11,303,1,
current__adaptive_diffusion_cosine_subspace__binary__adaptive_modes_07_11,304,1,
current__adaptive_diffusion_cosine_subspace__binary__adaptive_modes_07_11,305,1,
current__adaptive_diffusion_cosine_subspace__binary__adaptive_modes_07_11,306,1,
current__adaptive_diffusion_cosine_subspace__binary__adaptive_modes_07_11,307,1,
current__adaptive_diffusion_cosine_subspace__binary__adaptive_modes_07_11,308,1,
current__adaptive_diffusion_cosine_subspace__binary__adaptive_modes_07_11,309,1,
current__adaptive_diffusion_cosine_subspace__binary__adaptive_modes_07_11,310,1,
current__adaptive_diffusion_cosine_subspace__binary__adaptive_modes_07_11,311,1,
current__adaptive_diffusion_cosine_subspace__binary__adaptive_modes_07_11,312,1,
current__adaptive_diffusion_cosine_subspace__binary__adaptive_modes_07_11,313,1,
current__adaptive_diffusion_cosine_subspace__binary__adaptive_modes_07_11,314,1,
current__adaptive_diffusion_cosine_subspace__binary__adaptive_modes_07_11,315,1,
current__adaptive_diffusion_cosine_subspace__binary__adaptive_modes_07_11,316,1,
current__adaptive_diffusion_cosine_subspace__binary__adaptive_modes_07_11,317,1,
current__adaptive_diffusion_cosine_subspace__binary__adaptive_modes_07_11,318,1,
current__adaptive_diffusion_cosine_subspace__binary__adaptive_modes_07_11,319,1,
current__adaptive_diffusion_cosine_subspace__binary__adaptive_modes_07_11,320,1,
current__adaptive_diffusion_cosine_subspace__binary__adaptive_modes_07_11,321,2,0.47825106928069117
current__adaptive_diffusion_cosine_subspace__binary__adaptive_modes_07_11,322,1,
current__adaptive_diffusion_cosine_subspace__binary__adaptive_modes_07_11,323,1,
current__adaptive_diffusion_cosine_subspace__binary__adaptive_modes_07_11,324,1,
current__adaptive_diffusion_cosine_subspace__binary__adaptive_modes_07_11,325,1,
current__adaptive_diffusion_cosine_subspace__binary__adaptive_modes_07_11,326,1,
current__adaptive_diffusion_cosine_subspace__binary__adaptive_modes_07_11,327,1,
current__adaptive_diffusion_cosine_subspace__binary__adaptive_modes_07_11,328,1,
current__adaptive_diffusion_cosine_subspace__binary__adaptive_modes_07_11,329,1,
current__adaptive_diffusion_cosine_subspace__binary__adaptive_modes_07_11,330,1,
current__adaptive_diffusion_cosine_subspace__binary__adaptive_modes_07_11,331,1,
current__adaptive_diffusion_cosine_subspace__binary__adaptive_modes_07_11,332,1,
current__adaptive_diffusion_cosine_subspace__binary__adaptive_modes_07_11,333,1,
current__adaptive_diffusion_cosine_subspace__binary__adaptive_modes_07_11,334,1,
current__adaptive_diffusion_cosine_subspace__binary__adaptive_modes_07_11,335,1,
current__adaptive_diffusion_cosine_subspace__binary__adaptive_modes_07_11,336,1,
current__adaptive_diffusion_cosine_subspace__binary__adaptive_modes_07_11,337,1,
current__adaptive_diffusion_cosine_subspace__binary__adaptive_modes_07_11,338,1,
current__adaptive_diffusion_cosine_subspace__binary__adaptive_modes_07_11,339,1,
current__adaptive_diffusion_cosine_subspace__binary__adaptive_modes_07_11,340,1,
current__adaptive_diffusion_cosine_subspace__binary__adaptive_modes_07_11,341,1,
current__adaptive_diffusion_cosine_subspace__binary__adaptive_modes_07_11,342,1,
current__adaptive_diffusion_cosine_subspace__binary__adaptive_modes_07_11,343,1,
current__adaptive_diffusion_cosine_subspace__binary__adaptive_modes_07_11,344,1,
current__adaptive_diffusion_cosine_subspace__binary__adaptive_modes_07_11,345,1,
current__adaptive_diffusion_cosine_subspace__binary__adaptive_modes_07_11,346,1,
current__adaptive_diffusion_cosine_subspace__binary__adaptive_modes_07_11,347,1,
current__adaptive_diffusion_cosine_subspace__binary__adaptive_modes_07_11,348,1,
current__adaptive_diffusion_cosine_subspace__binary__adaptive_modes_07_11,349,1,
current__adaptive_diffusion_cosine_subspace__binary__adaptive_modes_07_11,350,1,
current__adaptive_diffusion_cosine_subspace__binary__adaptive_modes_07_11,351,1,
current__adaptive_diffusion_cosine_subspace__binary__adaptive_modes_07_11,352,2,0.2681168540540333
current__adaptive_diffusion_cosine_subspace__binary__adaptive_modes_07_11,353,1,
current__adaptive_diffusion_cosine_subspace__binary__adaptive_modes_07_11,354,1,
current__adaptive_diffusion_cosine_subspace__binary__adaptive_modes_07_11,355,1,
current__adaptive_diffusion_cosine_subspace__binary__adaptive_modes_07_11,356,1,
current__adaptive_diffusion_cosine_subspace__binary__adaptive_modes_07_11,357,1,
current__adaptive_diffusion_cosine_subspace__binary__adaptive_modes_07_11,358,1,
current__adaptive_diffusion_cosine_subspace__binary__adaptive_modes_07_11,359,1,
current__adaptive_diffusion_cosine_subspace__binary__adaptive_modes_07_11,360,1,
current__adaptive_diffusion_cosine_subspace__binary__adaptive_modes_07_11,361,1,
current__adaptive_diffusion_cosine_subspace__binary__adaptive_modes_07_11,362,1,
current__adaptive_diffusion_cosine_subspace__binary__adaptive_modes_07_11,363,1,
current__adaptive_diffusion_cosine_subspace__binary__adaptive_modes_07_11,364,1,
current__adaptive_diffusion_cosine_subspace__binary__adaptive_modes_07_11,365,1,
current__adaptive_diffusion_cosine_subspace__binary__adaptive_modes_07_11,366,1,
current__adaptive_diffusion_cosine_subspace__binary__adaptive_modes_07_11,367,1,
current__adaptive_diffusion_cosine_subspace__binary__adaptive_modes_07_11,368,1,
current__adaptive_diffusion_cosine_subspace__binary__adaptive_modes_07_11,369,1,
current__adaptive_diffusion_cosine_subspace__binary__adaptive_modes_07_11,370,1,
current__adaptive_diffusion_cosine_subspace__binary__adaptive_modes_07_11,371,1,
current__adaptive_diffusion_cosine_subspace__binary__adaptive_modes_07_11,372,1,
current__adaptive_diffusion_cosine_subspace__binary__adaptive_modes_07_11,373,1,
current__adaptive_diffusion_cosine_subspace__binary__adaptive_modes_07_11,374,3,0.15337495795304448
current__adaptive_diffusion_cosine_subspace__binary__adaptive_modes_07_11,375,1,
current__adaptive_diffusion_cosine_subspace__binary__adaptive_modes_07_11,376,1,
current__adaptive_diffusion_cosine_subspace__binary__adaptive_modes_07_11,377,1,
current__adaptive_diffusion_cosine_subspace__binary__adaptive_modes_07_11,378,1,
current__adaptive_diffusion_cosine_subspace__binary__adaptive_modes_07_11,379,1,
current__adaptive_diffusion_cosine_subspace__binary__adaptive_modes_07_11,380,1,
current__adaptive_diffusion_cosine_subspace__binary__adaptive_modes_07_11,381,1,
current__adaptive_diffusion_cosine_subspace__binary__adaptive_modes_07_11,382,1,
current__adaptive_diffusion_cosine_subspace__binary__adaptive_modes_07_11,383,1,
current__adaptive_diffusion_cosine_subspace__binary__adaptive_modes_07_11,384,1,
current__adaptive_diffusion_cosine_subspace__binary__adaptive_modes_07_11,385,1,
current__adaptive_diffusion_cosine_subspace__binary__adaptive_modes_07_11,386,1,
current__adaptive_diffusion_cosine_subspace__binary__adaptive_modes_07_11,387,1,
current__adaptive_diffusion_cosine_subspace__binary__adaptive_modes_07_11,388,1,
current__adaptive_diffusion_cosine_subspace__binary__adaptive_modes_07_11,389,1,
current__adaptive_diffusion_cosine_subspace__binary__adaptive_modes_07_11,390,1,
current__adaptive_diffusion_cosine_subspace__binary__adaptive_modes_07_11,391,1,
current__adaptive_diffusion_cosine_subspace__binary__adaptive_modes_07_11,392,1,
current__adaptive_diffusion_cosine_subspace__binary__adaptive_modes_07_11,393,1,
current__adaptive_diffusion_cosine_subspace__binary__adaptive_modes_07_11,394,1,
current__adaptive_diffusion_cosine_subspace__binary__adaptive_modes_07_11,395,3,0.007070640609045498
current__adaptive_diffusion_cosine_subspace__binary__adaptive_modes_07_11,396,1,
current__adaptive_diffusion_cosine_subspace__binary__adaptive_modes_07_11,397,1,
current__adaptive_diffusion_cosine_subspace__binary__adaptive_modes_07_11,398,1,
current__adaptive_diffusion_cosine_subspace__binary__adaptive_modes_07_11,399,1,
current__adaptive_diffusion_cosine_subspace__binary__adaptive_modes_07_11,400,1,
current__adaptive_diffusion_cosine_subspace__binary__adaptive_modes_07_11,401,1,
current__adaptive_diffusion_cosine_subspace__binary__adaptive_modes_07_11,402,1,
current__adaptive_diffusion_cosine_subspace__binary__adaptive_modes_07_11,403,1,
current__adaptive_diffusion_cosine_subspace__binary__adaptive_modes_07_11,404,1,
current__adaptive_diffusion_cosine_subspace__binary__adaptive_modes_07_11,405,1,
current__adaptive_diffusion_cosine_subspace__binary__adaptive_modes_07_11,406,1,
current__adaptive_diffusion_cosine_subspace__binary__adaptive_modes_07_11,407,1,
current__adaptive_diffusion_cosine_subspace__binary__adaptive_modes_07_11,408,1,
current__adaptive_diffusion_cosine_subspace__binary__adaptive_modes_07_11,409,1,
current__adaptive_diffusion_cosine_subspace__binary__adaptive_modes_07_11,410,1,
current__adaptive_diffusion_cosine_subspace__binary__adaptive_modes_07_11,411,1,
current__adaptive_diffusion_cosine_subspace__binary__adaptive_modes_07_11,412,1,
current__adaptive_diffusion_cosine_subspace__binary__adaptive_modes_07_11,413,1,
current__adaptive_diffusion_cosine_subspace__binary__adaptive_modes_07_11,414,1,
current__adaptive_diffusion_cosine_subspace__binary__adaptive_modes_07_11,415,1,
current__adaptive_diffusion_cosine_subspace__binary__adaptive_modes_07_11,416,1,
current__adaptive_diffusion_cosine_subspace__binary__adaptive_modes_07_11,417,1,
current__adaptive_diffusion_cosine_subspace__binary__adaptive_modes_07_11,418,1,
current__adaptive_diffusion_cosine_subspace__binary__adaptive_modes_07_11,419,1,
current__adaptive_diffusion_cosine_subspace__binary__adaptive_modes_07_11,420,1,
current__adaptive_diffusion_cosine_subspace__binary__adaptive_modes_07_11,421,1,
current__adaptive_diffusion_cosine_subspace__binary__adaptive_modes_07_11,422,1,
current__adaptive_diffusion_cosine_subspace__binary__adaptive_modes_07_11,423,1,
current__adaptive_diffusion_cosine_subspace__binary__adaptive_modes_07_11,424,1,
current__adaptive_diffusion_cosine_subspace__binary__adaptive_modes_07_11,425,1,
current__adaptive_diffusion_cosine_subspace__binary__adaptive_modes_07_11,426,1,
current__adaptive_diffusion_cosine_subspace__binary__adaptive_modes_07_11,427,1,
current__adaptive_diffusion_cosine_subspace__binary__adaptive_modes_07_11,428,1,
current__adaptive_diffusion_cosine_subspace__binary__adaptive_modes_07_11,429,1,
current__adaptive_diffusion_cosine_subspace__binary__adaptive_modes_07_11,430,1,
current__adaptive_diffusion_cosine_subspace__binary__adaptive_modes_07_11,431,1,
current__adaptive_diffusion_cosine_subspace__binary__adaptive_modes_07_11,432,1,
current__adaptive_diffusion_cosine_subspace__binary__adaptive_modes_07_11,433,1,
current__adaptive_diffusion_cosine_subspace__binary__adaptive_modes_07_11,434,1,
current__adaptive_diffusion_cosine_subspace__binary__adaptive_modes_07_11,435,1,
current__adaptive_diffusion_cosine_subspace__binary__adaptive_modes_07_11,436,1,
current__adaptive_diffusion_cosine_subspace__binary__adaptive_modes_07_11,437,1,
current__adaptive_diffusion_cosine_subspace__binary__adaptive_modes_07_11,438,1,
current__adaptive_diffusion_cosine_subspace__binary__adaptive_modes_07_11,439,1,
current__adaptive_diffusion_cosine_subspace__binary__adaptive_modes_07_11,440,1,
current__adaptive_diffusion_cosine_subspace__binary__adaptive_modes_07_11,441,1,
current__adaptive_diffusion_cosine_subspace__binary__adaptive_modes_07_11,442,1,
current__adaptive_diffusion_cosine_subspace__binary__adaptive_modes_07_11,443,1,
current__adaptive_diffusion_cosine_subspace__binary__adaptive_modes_07_11,444,1,
current__adaptive_diffusion_cosine_subspace__binary__adaptive_modes_07_11,445,1,
current__adaptive_diffusion_cosine_subspace__binary__adaptive_modes_07_11,446,1,
current__adaptive_diffusion_cosine_subspace__binary__adaptive_modes_07_11,447,1,
current__adaptive_diffusion_cosine_subspace__binary__adaptive_modes_07_11,448,1,
current__adaptive_diffusion_cosine_subspace__binary__adaptive_modes_07_11,449,1,
current__adaptive_diffusion_cosine_subspace__binary__adaptive_modes_07_11,450,1,
current__adaptive_diffusion_cosine_subspace__binary__adaptive_modes_07_11,451,1,
current__adaptive_diffusion_cosine_subspace__binary__adaptive_modes_07_11,452,1,
current__adaptive_diffusion_cosine_subspace__binary__adaptive_modes_07_11,453,1,
current__adaptive_diffusion_cosine_subspace__binary__adaptive_modes_07_11,454,1,
current__adaptive_diffusion_cosine_subspace__binary__adaptive_modes_07_11,455,1,
current__adaptive_diffusion_cosine_subspace__binary__adaptive_modes_07_11,456,1,
current__adaptive_diffusion_cosine_subspace__binary__adaptive_modes_07_11,457,1,
current__adaptive_diffusion_cosine_subspace__binary__adaptive_modes_07_11,458,1,
current__adaptive_diffusion_cosine_subspace__binary__adaptive_modes_07_11,459,1,
current__adaptive_diffusion_cosine_subspace__binary__adaptive_modes_07_11,460,1,
current__adaptive_diffusion_cosine_subspace__binary__adaptive_modes_07_11,461,1,
current__adaptive_diffusion_cosine_subspace__binary__adaptive_modes_07_11,462,1,
current__adaptive_diffusion_cosine_subspace__binary__adaptive_modes_07_11,463,1,
current__adaptive_diffusion_cosine_subspace__binary__adaptive_modes_07_11,464,1,
current__adaptive_diffusion_cosine_subspace__binary__adaptive_modes_07_11,465,1,
current__adaptive_diffusion_cosine_subspace__binary__adaptive_modes_07_11,466,1,
current__adaptive_diffusion_cosine_subspace__binary__adaptive_modes_07_11,467,1,
current__adaptive_diffusion_cosine_subspace__binary__adaptive_modes_07_11,468,1,
current__adaptive_diffusion_cosine_subspace__binary__adaptive_modes_07_11,469,1,
current__adaptive_diffusion_cosine_subspace__binary__adaptive_modes_07_11,470,1,
current__adaptive_diffusion_cosine_subspace__binary__adaptive_modes_07_11,471,1,
current__adaptive_diffusion_cosine_subspace__binary__adaptive_modes_07_11,472,1,
current__adaptive_diffusion_cosine_subspace__binary__adaptive_modes_07_11,473,1,
current__adaptive_diffusion_cosine_subspace__binary__adaptive_modes_07_11,474,1,
current__adaptive_diffusion_cosine_subspace__binary__adaptive_modes_07_11,475,1,
current__adaptive_diffusion_cosine_subspace__binary__adaptive_modes_07_11,476,1,
current__adaptive_diffusion_cosine_subspace__binary__adaptive_modes_07_11,477,1,
current__adaptive_diffusion_cosine_subspace__binary__adaptive_modes_07_11,478,2,0.0
current__adaptive_diffusion_cosine_subspace__binary__adaptive_modes_07_11,479,1,
current__adaptive_diffusion_cosine_subspace__binary__adaptive_modes_07_11,480,1,
current__adaptive_diffusion_cosine_subspace__binary__adaptive_modes_07_11,481,1,
current__adaptive_diffusion_cosine_subspace__binary__adaptive_modes_07_11,482,1,
current__adaptive_diffusion_cosine_subspace__binary__adaptive_modes_07_11,483,1,
current__adaptive_diffusion_cosine_subspace__binary__adaptive_modes_07_11,484,1,
current__adaptive_diffusion_cosine_subspace__binary__adaptive_modes_07_11,485,1,
current__adaptive_diffusion_cosine_subspace__binary__adaptive_modes_07_11,486,1,
current__adaptive_diffusion_cosine_subspace__binary__adaptive_modes_07_11,487,1,
current__adaptive_diffusion_cosine_subspace__binary__adaptive_modes_07_11,488,1,
current__adaptive_diffusion_cosine_subspace__binary__adaptive_modes_07_11,489,1,
current__adaptive_diffusion_cosine_subspace__binary__adaptive_modes_07_11,490,1,
current__adaptive_diffusion_cosine_subspace__binary__adaptive_modes_07_11,491,1,
current__adaptive_diffusion_cosine_subspace__binary__adaptive_modes_07_11,492,1,
current__adaptive_diffusion_cosine_subspace__binary__adaptive_modes_07_11,493,1,
current__adaptive_diffusion_cosine_subspace__binary__adaptive_modes_07_11,494,1,
current__adaptive_diffusion_cosine_subspace__binary__adaptive_modes_07_11,495,1,
current__adaptive_diffusion_cosine_subspace__binary__adaptive_modes_07_11,496,1,
current__adaptive_diffusion_cosine_subspace__binary__adaptive_modes_07_11,497,1,
current__adaptive_diffusion_cosine_subspace__binary__adaptive_modes_07_11,498,2,0.0
current__adaptive_diffusion_cosine_subspace__binary__adaptive_modes_07_11,499,1,
current__adaptive_diffusion_cosine_subspace__binary__adaptive_modes_07_11,500,1,
current__adaptive_diffusion_cosine_subspace__binary__adaptive_modes_07_11,501,1,
current__adaptive_diffusion_cosine_subspace__binary__adaptive_modes_07_11,502,1,
current__adaptive_diffusion_cosine_subspace__binary__adaptive_modes_07_11,503,1,
current__adaptive_diffusion_cosine_subspace__binary__adaptive_modes_07_11,504,1,
current__adaptive_diffusion_cosine_subspace__binary__adaptive_modes_07_11,505,1,
current__adaptive_diffusion_cosine_subspace__binary__adaptive_modes_07_11,506,1,
current__adaptive_diffusion_cosine_subspace__binary__adaptive_modes_07_11,507,1,
current__adaptive_diffusion_cosine_subspace__binary__adaptive_modes_07_11,508,2,0.0
current__adaptive_diffusion_cosine_subspace__binary__adaptive_modes_07_11,509,1,
current__adaptive_diffusion_cosine_subspace__binary__adaptive_modes_07_11,510,1,
current__adaptive_diffusion_cosine_subspace__binary__adaptive_modes_07_11,511,1,
current__adaptive_diffusion_cosine_subspace__binary__adaptive_modes_07_11,512,1,
current__adaptive_diffusion_cosine_subspace__binary__adaptive_modes_07_11,513,3,0.0
current__adaptive_diffusion_cosine_subspace__binary__adaptive_modes_07_11,514,3,0.0
current__adaptive_diffusion_cosine_subspace__binary__adaptive_modes_07_11,515,1,
current__adaptive_diffusion_cosine_subspace__binary__adaptive_modes_07_11,516,1,
current__adaptive_diffusion_cosine_subspace__binary__adaptive_modes_07_11,517,2,0.01986985339880354
current__adaptive_diffusion_cosine_subspace__binary__adaptive_modes_07_11,518,1,
current__adaptive_diffusion_cosine_subspace__binary__adaptive_modes_07_11,519,1,
current__adaptive_diffusion_cosine_subspace__binary__adaptive_modes_07_11,520,1,
current__adaptive_diffusion_cosine_subspace__binary__adaptive_modes_07_11,521,1,
current__adaptive_diffusion_cosine_subspace__binary__adaptive_modes_07_11,522,1,
current__adaptive_diffusion_cosine_subspace__binary__adaptive_modes_07_11,523,1,
current__adaptive_diffusion_cosine_subspace__binary__adaptive_modes_07_11,524,1,
current__adaptive_diffusion_cosine_subspace__binary__adaptive_modes_07_11,525,1,
current__adaptive_diffusion_cosine_subspace__binary__adaptive_modes_07_11,526,1,
current__adaptive_diffusion_cosine_subspace__binary__adaptive_modes_07_11,527,1,
current__adaptive_diffusion_cosine_subspace__binary__adaptive_modes_07_11,528,1,
current__adaptive_diffusion_cosine_subspace__binary__adaptive_modes_07_11,529,1,
current__adaptive_diffusion_cosine_subspace__binary__adaptive_modes_07_11,530,1,
current__adaptive_diffusion_cosine_subspace__binary__adaptive_modes_07_11,531,1,
current__adaptive_diffusion_cosine_subspace__binary__adaptive_modes_07_11,532,1,
current__adaptive_diffusion_cosine_subspace__binary__adaptive_modes_07_11,533,1,
current__adaptive_diffusion_cosine_subspace__binary__adaptive_modes_07_11,534,2,0.9786361549308351
current__adaptive_diffusion_cosine_subspace__binary__adaptive_modes_07_11,535,1,
current__adaptive_diffusion_cosine_subspace__binary__adaptive_modes_07_11,536,1,
current__adaptive_diffusion_cosine_subspace__binary__adaptive_modes_07_11,537,1,
current__adaptive_diffusion_cosine_subspace__binary__adaptive_modes_07_11,538,1,
current__adaptive_diffusion_cosine_subspace__binary__adaptive_modes_07_11,539,2,0.8983371279602046
current__adaptive_diffusion_cosine_subspace__binary__adaptive_modes_07_11,540,1,
current__adaptive_diffusion_cosine_subspace__binary__adaptive_modes_07_11,541,1,
current__adaptive_diffusion_cosine_subspace__binary__adaptive_modes_07_11,542,1,
current__adaptive_diffusion_cosine_subspace__binary__adaptive_modes_07_11,543,1,
current__adaptive_diffusion_cosine_subspace__binary__adaptive_modes_07_11,544,1,
current__adaptive_diffusion_cosine_subspace__binary__adaptive_modes_07_11,545,1,
current__adaptive_diffusion_cosine_subspace__binary__adaptive_modes_07_11,546,1,
current__adaptive_diffusion_cosine_subspace__binary__adaptive_modes_07_11,547,2,0.5546494960552041
current__adaptive_diffusion_cosine_subspace__binary__adaptive_modes_07_11,548,1,
current__adaptive_diffusion_cosine_subspace__binary__adaptive_modes_07_11,549,1,
current__adaptive_diffusion_cosine_subspace__binary__adaptive_modes_07_11,550,1,
current__adaptive_diffusion_cosine_subspace__binary__adaptive_modes_07_11,551,1,
current__adaptive_diffusion_cosine_subspace__binary__adaptive_modes_07_11,552,1,
current__adaptive_diffusion_cosine_subspace__binary__adaptive_modes_07_11,553,1,
current__adaptive_diffusion_cosine_subspace__binary__adaptive_modes_07_11,554,1,
current__adaptive_diffusion_cosine_subspace__binary__adaptive_modes_07_11,555,1,
current__adaptive_diffusion_cosine_subspace__binary__adaptive_modes_07_11,556,1,
current__adaptive_diffusion_cosine_subspace__binary__adaptive_modes_07_11,557,1,
current__adaptive_diffusion_cosine_subspace__binary__adaptive_modes_07_11,558,1,
current__adaptive_diffusion_cosine_subspace__binary__adaptive_modes_07_11,559,1,
current__adaptive_diffusion_cosine_subspace__binary__adaptive_modes_07_11,560,1,
current__adaptive_diffusion_cosine_subspace__binary__adaptive_modes_07_11,561,1,
current__adaptive_diffusion_cosine_subspace__binary__adaptive_modes_07_11,562,1,
current__adaptive_diffusion_cosine_subspace__binary__adaptive_modes_12_21,0,15,0.2204284499138452
current__adaptive_diffusion_cosine_subspace__binary__adaptive_modes_12_21,1,21,0.18101763134175558
current__adaptive_diffusion_cosine_subspace__binary__adaptive_modes_12_21,2,12,0.15468931357159746
current__adaptive_diffusion_cosine_subspace__binary__adaptive_modes_12_21,3,17,0.1289306766943503
current__adaptive_diffusion_cosine_subspace__binary__adaptive_modes_12_21,4,16,0.24788468541984898
current__adaptive_diffusion_cosine_subspace__binary__adaptive_modes_12_21,5,25,0.12327681573021398
current__adaptive_diffusion_cosine_subspace__binary__adaptive_modes_12_21,6,22,0.1550116333363135
current__adaptive_diffusion_cosine_subspace__binary__adaptive_modes_12_21,7,32,0.07600260303446751
current__adaptive_diffusion_cosine_subspace__binary__adaptive_modes_12_21,8,13,0.23982842921036715
current__adaptive_diffusion_cosine_subspace__binary__adaptive_modes_12_21,9,18,0.19156755058890026
current__adaptive_diffusion_cosine_subspace__binary__adaptive_modes_12_21,10,7,0.31044925657418804
current__adaptive_diffusion_cosine_subspace__binary__adaptive_modes_12_21,11,7,0.5272368371649191
current__adaptive_diffusion_cosine_subspace__binary__adaptive_modes_12_21,12,4,0.2062390029434801
current__adaptive_diffusion_cosine_subspace__binary__adaptive_modes_12_21,13,4,0.726438123386299
current__adaptive_diffusion_cosine_subspace__binary__adaptive_modes_12_21,14,28,0.16199421906477032
current__adaptive_diffusion_cosine_subspace__binary__adaptive_modes_12_21,15,23,0.10699923099181524
current__adaptive_diffusion_cosine_subspace__binary__adaptive_modes_12_21,16,15,0.25090767835593253
current__adaptive_diffusion_cosine_subspace__binary__adaptive_modes_12_21,17,35,0.07591977687664582
current__adaptive_diffusion_cosine_subspace__binary__adaptive_modes_12_21,18,1,
current__adaptive_diffusion_cosine_subspace__binary__adaptive_modes_12_21,19,17,0.15626768722000878
current__adaptive_diffusion_cosine_subspace__binary__adaptive_modes_12_21,20,28,0.07022228231357602
current__adaptive_diffusion_cosine_subspace__binary__adaptive_modes_12_21,21,17,0.20790384062453213
current__adaptive_diffusion_cosine_subspace__binary__adaptive_modes_12_21,22,2,0.09270509514764247
current__adaptive_diffusion_cosine_subspace__binary__adaptive_modes_12_21,23,25,0.12586188726336645
current__adaptive_diffusion_cosine_subspace__binary__adaptive_modes_12_21,24,17,0.05683428804308763
current__adaptive_diffusion_cosine_subspace__binary__adaptive_modes_12_21,25,5,0.032333506336763795
current__adaptive_diffusion_cosine_subspace__binary__adaptive_modes_12_21,26,13,0.09313059129405811
current__adaptive_diffusion_cosine_subspace__binary__adaptive_modes_12_21,27,1,
current__adaptive_diffusion_cosine_subspace__binary__adaptive_modes_12_21,28,3,0.47581653993136513
current__adaptive_diffusion_cosine_subspace__binary__adaptive_modes_12_21,29,3,0.5002166161912778
current__adaptive_diffusion_cosine_subspace__binary__adaptive_modes_12_21,30,9,0.05708494921021015
current__adaptive_diffusion_cosine_subspace__binary__adaptive_modes_12_21,31,12,0.034366340765876545
current__adaptive_diffusion_cosine_subspace__binary__adaptive_modes_12_21,32,14,0.10250588318694255
current__adaptive_diffusion_cosine_subspace__binary__adaptive_modes_12_21,33,10,0.1302054428985043
current__adaptive_diffusion_cosine_subspace__binary__adaptive_modes_12_21,34,3,0.25010326114994236
current__adaptive_diffusion_cosine_subspace__binary__adaptive_modes_12_21,35,7,0.04042148106083513
current__adaptive_diffusion_cosine_subspace__binary__adaptive_modes_12_21,36,25,0.07656297376365825
current__adaptive_diffusion_cosine_subspace__binary__adaptive_modes_12_21,37,76,0.03879927558266339
current__adaptive_diffusion_cosine_subspace__binary__adaptive_modes_22_40,0,12,0.3455912186468029
current__adaptive_diffusion_cosine_subspace__binary__adaptive_modes_22_40,1,14,0.2033521131002081
current__adaptive_diffusion_cosine_subspace__binary__adaptive_modes_22_40,2,12,0.2146908570382634
current__adaptive_diffusion_cosine_subspace__binary__adaptive_modes_22_40,3,19,0.09568377143919064
current__adaptive_diffusion_cosine_subspace__binary__adaptive_modes_22_40,4,13,0.17719338641771634
current__adaptive_diffusion_cosine_subspace__binary__adaptive_modes_22_40,5,9,0.19037283686412645
current__adaptive_diffusion_cosine_subspace__binary__adaptive_modes_22_40,6,21,0.1646260808011546
current__adaptive_diffusion_cosine_subspace__binary__adaptive_modes_22_40,7,10,0.11332992559107458
current__adaptive_diffusion_cosine_subspace__binary__adaptive_modes_22_40,8,13,0.08092567942805426
current__adaptive_diffusion_cosine_subspace__binary__adaptive_modes_22_40,9,34,0.06877164915008334
current__adaptive_diffusion_cosine_subspace__binary__adaptive_modes_22_40,10,16,0.2839928679372106
current__adaptive_diffusion_cosine_subspace__binary__adaptive_modes_22_40,11,2,0.06654541756302623
current__adaptive_diffusion_cosine_subspace__binary__adaptive_modes_22_40,12,1,
current__adaptive_diffusion_cosine_subspace__binary__adaptive_modes_22_40,13,13,0.19313838539968103
current__adaptive_diffusion_cosine_subspace__binary__adaptive_modes_22_40,14,2,0.44060982004153737
current__adaptive_diffusion_cosine_subspace__binary__adaptive_modes_22_40,15,1,
current__adaptive_diffusion_cosine_subspace__binary__adaptive_modes_22_40,16,16,0.11903755137132484
current__adaptive_diffusion_cosine_subspace__binary__adaptive_modes_22_40,17,9,0.19917898537008516
current__adaptive_diffusion_cosine_subspace__binary__adaptive_modes_22_40,18,3,0.29218521702585526
current__adaptive_diffusion_cosine_subspace__binary__adaptive_modes_22_40,19,1,
current__adaptive_diffusion_cosine_subspace__binary__adaptive_modes_22_40,20,2,0.4836628239301164
current__adaptive_diffusion_cosine_subspace__binary__adaptive_modes_22_40,21,10,0.17928487741723223
current__adaptive_diffusion_cosine_subspace__binary__adaptive_modes_22_40,22,1,
current__adaptive_diffusion_cosine_subspace__binary__adaptive_modes_22_40,23,2,0.01454344634763749
current__adaptive_diffusion_cosine_subspace__binary__adaptive_modes_22_40,24,3,0.26698971649181785
current__adaptive_diffusion_cosine_subspace__binary__adaptive_modes_22_40,25,2,0.9711608690952658
current__adaptive_diffusion_cosine_subspace__binary__adaptive_modes_22_40,26,4,0.11515156092271532
current__adaptive_diffusion_cosine_subspace__binary__adaptive_modes_22_40,27,25,0.06432720772868115
current__adaptive_diffusion_cosine_subspace__binary__adaptive_modes_22_40,28,19,0.06665300111979253
current__adaptive_diffusion_cosine_subspace__binary__adaptive_modes_22_40,29,9,0.2738343109070543
current__adaptive_diffusion_cosine_subspace__binary__adaptive_modes_22_40,30,1,
current__adaptive_diffusion_cosine_subspace__binary__adaptive_modes_22_40,31,8,0.18184586018049753
current__adaptive_diffusion_cosine_subspace__binary__adaptive_modes_22_40,32,1,
current__adaptive_diffusion_cosine_subspace__binary__adaptive_modes_22_40,33,2,0.44045610104166333
current__adaptive_diffusion_cosine_subspace__binary__adaptive_modes_22_40,34,3,0.060380034587976805
current__adaptive_diffusion_cosine_subspace__binary__adaptive_modes_22_40,35,1,
current__adaptive_diffusion_cosine_subspace__binary__adaptive_modes_22_40,36,9,0.29142600863522444
current__adaptive_diffusion_cosine_subspace__binary__adaptive_modes_22_40,37,19,0.07891609828233807
current__adaptive_diffusion_cosine_subspace__binary__adaptive_modes_22_40,38,9,0.1501935918637959
current__adaptive_diffusion_cosine_subspace__binary__adaptive_modes_22_40,39,11,0.13997873391733134
current__adaptive_diffusion_cosine_subspace__binary__adaptive_modes_22_40,40,6,0.17708460741230322
current__adaptive_diffusion_cosine_subspace__binary__adaptive_modes_22_40,41,23,0.050057200861873395
current__adaptive_diffusion_cosine_subspace__binary__adaptive_modes_22_40,42,6,0.3634546208723061
current__adaptive_diffusion_cosine_subspace__binary__adaptive_modes_22_40,43,13,0.47066750866088153
current__adaptive_diffusion_cosine_subspace__binary__adaptive_modes_22_40,44,14,0.12189407082927999
current__adaptive_diffusion_cosine_subspace__binary__adaptive_modes_22_40,45,27,0.06656233206289452
current__adaptive_diffusion_cosine_subspace__binary__adaptive_modes_22_40,46,20,0.11280539359016532
current__adaptive_diffusion_cosine_subspace__binary__adaptive_modes_22_40,47,41,0.04809633935940487
current__adaptive_diffusion_cosine_subspace__binary__adaptive_modes_22_40,48,34,0.12357363308792339
current__adaptive_diffusion_cosine_subspace__binary__adaptive_modes_22_40,49,8,0.10296235202518263
current__adaptive_diffusion_cosine_subspace__binary__adaptive_modes_22_40,50,4,0.10318574233235751
current__adaptive_diffusion_cosine_subspace__binary__adaptive_modes_22_40,51,2,0.1521052528803688
current__adaptive_diffusion_cosine_subspace__binary__adaptive_modes_22_40,52,1,
current__adaptive_diffusion_cosine_subspace__binary__adaptive_modes_22_40,53,9,0.10333394925683208
current__adaptive_diffusion_cosine_subspace__binary__adaptive_modes_22_40,54,13,0.2408523051409943
current__adaptive_diffusion_cosine_subspace__binary__adaptive_modes_22_40,55,19,0.05027930398186628
current__adaptive_diffusion_cosine_subspace__binary__adaptive_modes_41_55,0,6,0.1489074611060271
current__adaptive_diffusion_cosine_subspace__binary__adaptive_modes_41_55,1,13,0.09778790529007361
current__adaptive_diffusion_cosine_subspace__binary__adaptive_modes_41_55,2,8,0.09023429211752029
current__adaptive_diffusion_cosine_subspace__binary__adaptive_modes_41_55,3,9,0.2389845286481087
current__adaptive_diffusion_cosine_subspace__binary__adaptive_modes_41_55,4,24,0.06493542019799312
current__adaptive_diffusion_cosine_subspace__binary__adaptive_modes_41_55,5,31,0.07509523728909934
current__adaptive_diffusion_cosine_subspace__binary__adaptive_modes_41_55,6,11,0.22567562602882574
current__adaptive_diffusion_cosine_subspace__binary__adaptive_modes_41_55,7,5,0.175028661417835
current__adaptive_diffusion_cosine_subspace__binary__adaptive_modes_41_55,8,5,0.03534094678844828
current__adaptive_diffusion_cosine_subspace__binary__adaptive_modes_41_55,9,3,0.0621295129878392
current__adaptive_diffusion_cosine_subspace__binary__adaptive_modes_41_55,10,1,
current__adaptive_diffusion_cosine_subspace__binary__adaptive_modes_41_55,11,1,
current__adaptive_diffusion_cosine_subspace__binary__adaptive_modes_41_55,12,1,
current__adaptive_diffusion_cosine_subspace__binary__adaptive_modes_41_55,13,1,
current__adaptive_diffusion_cosine_subspace__binary__adaptive_modes_41_55,14,2,0.9786361549308351
current__adaptive_diffusion_cosine_subspace__binary__adaptive_modes_41_55,15,11,0.09731626868184778
current__adaptive_diffusion_cosine_subspace__binary__adaptive_modes_41_55,16,16,0.08048200338943333
current__adaptive_diffusion_cosine_subspace__binary__adaptive_modes_41_55,17,3,0.20961554677746452
current__adaptive_diffusion_cosine_subspace__binary__adaptive_modes_41_55,18,1,
current__adaptive_diffusion_cosine_subspace__binary__adaptive_modes_41_55,19,11,0.060861147348338175
current__adaptive_diffusion_cosine_subspace__binary__adaptive_modes_41_55,20,17,0.09772269555816633
current__adaptive_diffusion_cosine_subspace__binary__adaptive_modes_41_55,21,16,0.08219264195385655
current__adaptive_diffusion_cosine_subspace__binary__adaptive_modes_41_55,22,25,0.049878708826414465
current__adaptive_diffusion_cosine_subspace__binary__adaptive_modes_41_55,23,12,0.1251398207519789
current__adaptive_diffusion_cosine_subspace__binary__adaptive_modes_41_55,24,3,0.9625183350537126
current__adaptive_diffusion_cosine_subspace__binary__adaptive_modes_41_55,25,1,
current__adaptive_diffusion_cosine_subspace__binary__adaptive_modes_41_55,26,5,0.20379576752754652
current__adaptive_diffusion_cosine_subspace__binary__adaptive_modes_41_55,27,16,0.0998210594732553
current__adaptive_diffusion_cosine_subspace__binary__adaptive_modes_41_55,28,48,0.05433948937234222
current__adaptive_diffusion_cosine_subspace__binary__adaptive_modes_41_55,29,8,0.15262372984288183
current__adaptive_diffusion_cosine_subspace__binary__adaptive_modes_41_55,30,5,0.2082543077019141
current__adaptive_diffusion_cosine_subspace__binary__adaptive_modes_41_55,31,12,0.08137842657368848
current__adaptive_diffusion_cosine_subspace__binary__adaptive_modes_41_55,32,7,0.08184151345711654
current__adaptive_diffusion_cosine_subspace__binary__adaptive_modes_41_55,33,3,0.036078845716695916
current__adaptive_diffusion_cosine_subspace__binary__adaptive_modes_41_55,34,1,
current__adaptive_diffusion_cosine_subspace__binary__adaptive_modes_41_55,35,7,0.22593210520219126
current__adaptive_diffusion_cosine_subspace__binary__adaptive_modes_41_55,36,21,0.058191342252028516
current__adaptive_diffusion_cosine_subspace__binary__adaptive_modes_41_55,37,1,
current__adaptive_diffusion_cosine_subspace__binary__adaptive_modes_41_55,38,9,0.09290177595133772
current__adaptive_diffusion_cosine_subspace__binary__adaptive_modes_41_55,39,9,0.1615867320426124
current__adaptive_diffusion_cosine_subspace__binary__adaptive_modes_41_55,40,11,0.09348139769797628
current__adaptive_diffusion_cosine_subspace__binary__adaptive_modes_41_55,41,11,0.06314379472967026
current__adaptive_diffusion_cosine_subspace__binary__adaptive_modes_41_55,42,1,
current__adaptive_diffusion_cosine_subspace__binary__adaptive_modes_41_55,43,6,0.05192744629007322
current__adaptive_diffusion_cosine_subspace__binary__adaptive_modes_41_55,44,9,0.12390115165717042
current__adaptive_diffusion_cosine_subspace__binary__adaptive_modes_41_55,45,28,0.04929973998833806
current__adaptive_diffusion_cosine_subspace__binary__adaptive_modes_41_55,46,11,0.09661446883195285
current__adaptive_diffusion_cosine_subspace__binary__adaptive_modes_41_55,47,7,0.2047309377065165
current__adaptive_diffusion_cosine_subspace__binary__adaptive_modes_41_55,48,5,0.052902770973599855
current__adaptive_diffusion_cosine_subspace__binary__adaptive_modes_41_55,49,1,
current__adaptive_diffusion_cosine_subspace__binary__adaptive_modes_41_55,50,2,0.44129879112320813
current__adaptive_diffusion_cosine_subspace__binary__adaptive_modes_41_55,51,3,0.4968202036718594
current__adaptive_diffusion_cosine_subspace__binary__adaptive_modes_41_55,52,4,0.06788028637592507
current__adaptive_diffusion_cosine_subspace__binary__adaptive_modes_41_55,53,18,0.07931796554946778
current__adaptive_diffusion_cosine_subspace__binary__adaptive_modes_41_55,54,2,0.8983371279602046
current__adaptive_diffusion_cosine_subspace__binary__adaptive_modes_41_55,55,2,0.9711608690952658
current__adaptive_diffusion_cosine_subspace__binary__adaptive_modes_41_55,56,4,0.10673378731553392
current__adaptive_diffusion_cosine_subspace__binary__adaptive_modes_41_55,57,5,0.1732836305111328
current__adaptive_diffusion_cosine_subspace__binary__adaptive_modes_41_55,58,21,0.039549097781645406
current__adaptive_diffusion_cosine_subspace__binary__adaptive_modes_41_55,59,38,0.06127316012512004
current__adaptive_diffusion_cosine_subspace__binary__adaptive_modes_41_55,60,10,0.07984685801702326
current__adaptive_diffusion_cosine_subspace__binary__adaptive_modes_41_55,61,5,0.10663226232086123
current__adaptive_diffusion_cosine_subspace__binary__adaptive_modes_41_55,62,3,0.05017253062071525
current__adaptive_diffusion_cosine_subspace__binary__adaptive_modes_41_55,63,1,
current__adaptive_diffusion_cosine_subspace__binary__adaptive_modes_41_55,64,5,0.08495741461664448
current__adaptive_diffusion_cosine_subspace__binary__adaptive_modes_56_80,0,10,0.30319599912366935
current__adaptive_diffusion_cosine_subspace__binary__adaptive_modes_56_80,1,11,0.246741084441892
current__adaptive_diffusion_cosine_subspace__binary__adaptive_modes_56_80,2,4,0.09093945261990395
current__adaptive_diffusion_cosine_subspace__binary__adaptive_modes_56_80,3,1,
current__adaptive_diffusion_cosine_subspace__binary__adaptive_modes_56_80,4,4,0.5990686974001606
current__adaptive_diffusion_cosine_subspace__binary__adaptive_modes_56_80,5,2,0.6977374422630387
current__adaptive_diffusion_cosine_subspace__binary__adaptive_modes_56_80,6,6,0.326828837977459
current__adaptive_diffusion_cosine_subspace__binary__adaptive_modes_56_80,7,12,0.14540848124932276
current__adaptive_diffusion_cosine_subspace__binary__adaptive_modes_56_80,8,12,0.15024375155905806
current__adaptive_diffusion_cosine_subspace__binary__adaptive_modes_56_80,9,11,0.1213733146413786
current__adaptive_diffusion_cosine_subspace__binary__adaptive_modes_56_80,10,2,0.03940010592752219
current__adaptive_diffusion_cosine_subspace__binary__adaptive_modes_56_80,11,18,0.05385570582702474
current__adaptive_diffusion_cosine_subspace__binary__adaptive_modes_56_80,12,1,
current__adaptive_diffusion_cosine_subspace__binary__adaptive_modes_56_80,13,14,0.1055730957738667
current__adaptive_diffusion_cosine_subspace__binary__adaptive_modes_56_80,14,10,0.08565374537831631
current__adaptive_diffusion_cosine_subspace__binary__adaptive_modes_56_80,15,13,0.07276784502412038
current__adaptive_diffusion_cosine_subspace__binary__adaptive_modes_56_80,16,4,0.1566846666466005
current__adaptive_diffusion_cosine_subspace__binary__adaptive_modes_56_80,17,1,
current__adaptive_diffusion_cosine_subspace__binary__adaptive_modes_56_80,18,4,0.25349256777065216
current__adaptive_diffusion_cosine_subspace__binary__adaptive_modes_56_80,19,3,0.5725831434931936
current__adaptive_diffusion_cosine_subspace__binary__adaptive_modes_56_80,20,2,0.6949280357503468
current__adaptive_diffusion_cosine_subspace__binary__adaptive_modes_56_80,21,2,0.43076883949653544
current__adaptive_diffusion_cosine_subspace__binary__adaptive_modes_56_80,22,3,0.23634296582051295
current__adaptive_diffusion_cosine_subspace__binary__adaptive_modes_56_80,23,1,
current__adaptive_diffusion_cosine_subspace__binary__adaptive_modes_56_80,24,4,0.2417373500153163
current__adaptive_diffusion_cosine_subspace__binary__adaptive_modes_56_80,25,1,
current__adaptive_diffusion_cosine_subspace__binary__adaptive_modes_56_80,26,1,
current__adaptive_diffusion_cosine_subspace__binary__adaptive_modes_56_80,27,6,0.1085272230267669
current__adaptive_diffusion_cosine_subspace__binary__adaptive_modes_56_80,28,9,0.2195838755587185
current__adaptive_diffusion_cosine_subspace__binary__adaptive_modes_56_80,29,19,0.13299527848922726
current__adaptive_diffusion_cosine_subspace__binary__adaptive_modes_56_80,30,1,
current__adaptive_diffusion_cosine_subspace__binary__adaptive_modes_56_80,31,6,0.1711287706067086
current__adaptive_diffusion_cosine_subspace__binary__adaptive_modes_56_80,32,3,0.8791692634098993
current__adaptive_diffusion_cosine_subspace__binary__adaptive_modes_56_80,33,4,0.07799327883020794
current__adaptive_diffusion_cosine_subspace__binary__adaptive_modes_56_80,34,1,
current__adaptive_diffusion_cosine_subspace__binary__adaptive_modes_56_80,35,14,0.173005198676311
current__adaptive_diffusion_cosine_subspace__binary__adaptive_modes_56_80,36,1,
current__adaptive_diffusion_cosine_subspace__binary__adaptive_modes_56_80,37,16,0.1194111565537251
current__adaptive_diffusion_cosine_subspace__binary__adaptive_modes_56_80,38,18,0.04674610277453351
current__adaptive_diffusion_cosine_subspace__binary__adaptive_modes_56_80,39,19,0.06255631319948897
current__adaptive_diffusion_cosine_subspace__binary__adaptive_modes_56_80,40,5,0.41433037789351806
current__adaptive_diffusion_cosine_subspace__binary__adaptive_modes_56_80,41,7,0.09512277665726664
current__adaptive_diffusion_cosine_subspace__binary__adaptive_modes_56_80,42,5,0.10942550844022589
current__adaptive_diffusion_cosine_subspace__binary__adaptive_modes_56_80,43,2,0.9711608690952658
current__adaptive_diffusion_cosine_subspace__binary__adaptive_modes_56_80,44,3,0.5405359104863804
current__adaptive_diffusion_cosine_subspace__binary__adaptive_modes_56_80,45,5,0.10781776871907867
current__adaptive_diffusion_cosine_subspace__binary__adaptive_modes_56_80,46,13,0.056224827039108013
current__adaptive_diffusion_cosine_subspace__binary__adaptive_modes_56_80,47,15,0.0731592643401537
current__adaptive_diffusion_cosine_subspace__binary__adaptive_modes_56_80,48,22,0.04097554057042196
current__adaptive_diffusion_cosine_subspace__binary__adaptive_modes_56_80,49,1,
current__adaptive_diffusion_cosine_subspace__binary__adaptive_modes_56_80,50,9,0.05542283176864463
current__adaptive_diffusion_cosine_subspace__binary__adaptive_modes_56_80,51,12,0.0692248845594052
current__adaptive_diffusion_cosine_subspace__binary__adaptive_modes_56_80,52,22,0.04982799308438063
current__adaptive_diffusion_cosine_subspace__binary__adaptive_modes_56_80,53,8,0.10372970103704986
current__adaptive_diffusion_cosine_subspace__binary__adaptive_modes_56_80,54,1,
current__adaptive_diffusion_cosine_subspace__binary__adaptive_modes_56_80,55,1,
current__adaptive_diffusion_cosine_subspace__binary__adaptive_modes_56_80,56,9,0.07140715913182658
current__adaptive_diffusion_cosine_subspace__binary__adaptive_modes_56_80,57,33,0.03399213359144007
current__adaptive_diffusion_cosine_subspace__binary__adaptive_modes_56_80,58,85,0.033507198277319315
current__adaptive_diffusion_cosine_subspace__binary__adaptive_modes_56_80,59,70,0.04397110652161502
current__adaptive_diffusion_cosine_subspace__tfidf__adaptive_common_mode_01,0,1,
current__adaptive_diffusion_cosine_subspace__tfidf__adaptive_common_mode_01,1,1,
current__adaptive_diffusion_cosine_subspace__tfidf__adaptive_common_mode_01,2,1,
current__adaptive_diffusion_cosine_subspace__tfidf__adaptive_common_mode_01,3,1,
current__adaptive_diffusion_cosine_subspace__tfidf__adaptive_common_mode_01,4,1,
current__adaptive_diffusion_cosine_subspace__tfidf__adaptive_common_mode_01,5,1,
current__adaptive_diffusion_cosine_subspace__tfidf__adaptive_common_mode_01,6,1,
current__adaptive_diffusion_cosine_subspace__tfidf__adaptive_common_mode_01,7,1,
current__adaptive_diffusion_cosine_subspace__tfidf__adaptive_common_mode_01,8,1,
current__adaptive_diffusion_cosine_subspace__tfidf__adaptive_common_mode_01,9,1,
current__adaptive_diffusion_cosine_subspace__tfidf__adaptive_common_mode_01,10,1,
current__adaptive_diffusion_cosine_subspace__tfidf__adaptive_common_mode_01,11,1,
current__adaptive_diffusion_cosine_subspace__tfidf__adaptive_common_mode_01,12,1,
current__adaptive_diffusion_cosine_subspace__tfidf__adaptive_common_mode_01,13,1,
current__adaptive_diffusion_cosine_subspace__tfidf__adaptive_common_mode_01,14,1,
current__adaptive_diffusion_cosine_subspace__tfidf__adaptive_common_mode_01,15,1,
current__adaptive_diffusion_cosine_subspace__tfidf__adaptive_common_mode_01,16,1,
current__adaptive_diffusion_cosine_subspace__tfidf__adaptive_common_mode_01,17,1,
current__adaptive_diffusion_cosine_subspace__tfidf__adaptive_common_mode_01,18,1,
current__adaptive_diffusion_cosine_subspace__tfidf__adaptive_common_mode_01,19,1,
current__adaptive_diffusion_cosine_subspace__tfidf__adaptive_common_mode_01,20,1,
current__adaptive_diffusion_cosine_subspace__tfidf__adaptive_common_mode_01,21,1,
current__adaptive_diffusion_cosine_subspace__tfidf__adaptive_common_mode_01,22,1,
current__adaptive_diffusion_cosine_subspace__tfidf__adaptive_common_mode_01,23,1,
current__adaptive_diffusion_cosine_subspace__tfidf__adaptive_common_mode_01,24,1,
current__adaptive_diffusion_cosine_subspace__tfidf__adaptive_common_mode_01,25,1,
current__adaptive_diffusion_cosine_subspace__tfidf__adaptive_common_mode_01,26,1,
current__adaptive_diffusion_cosine_subspace__tfidf__adaptive_common_mode_01,27,1,
current__adaptive_diffusion_cosine_subspace__tfidf__adaptive_common_mode_01,28,1,
current__adaptive_diffusion_cosine_subspace__tfidf__adaptive_common_mode_01,29,1,
current__adaptive_diffusion_cosine_subspace__tfidf__adaptive_common_mode_01,30,1,
current__adaptive_diffusion_cosine_subspace__tfidf__adaptive_common_mode_01,31,1,
current__adaptive_diffusion_cosine_subspace__tfidf__adaptive_common_mode_01,32,1,
current__adaptive_diffusion_cosine_subspace__tfidf__adaptive_common_mode_01,33,1,
current__adaptive_diffusion_cosine_subspace__tfidf__adaptive_common_mode_01,34,1,
current__adaptive_diffusion_cosine_subspace__tfidf__adaptive_common_mode_01,35,1,
current__adaptive_diffusion_cosine_subspace__tfidf__adaptive_common_mode_01,36,1,
current__adaptive_diffusion_cosine_subspace__tfidf__adaptive_common_mode_01,37,1,
current__adaptive_diffusion_cosine_subspace__tfidf__adaptive_common_mode_01,38,1,
current__adaptive_diffusion_cosine_subspace__tfidf__adaptive_common_mode_01,39,1,
current__adaptive_diffusion_cosine_subspace__tfidf__adaptive_common_mode_01,40,1,
current__adaptive_diffusion_cosine_subspace__tfidf__adaptive_common_mode_01,41,1,
current__adaptive_diffusion_cosine_subspace__tfidf__adaptive_common_mode_01,42,1,
current__adaptive_diffusion_cosine_subspace__tfidf__adaptive_common_mode_01,43,1,
current__adaptive_diffusion_cosine_subspace__tfidf__adaptive_common_mode_01,44,1,
current__adaptive_diffusion_cosine_subspace__tfidf__adaptive_common_mode_01,45,1,
current__adaptive_diffusion_cosine_subspace__tfidf__adaptive_common_mode_01,46,1,
current__adaptive_diffusion_cosine_subspace__tfidf__adaptive_common_mode_01,47,1,
current__adaptive_diffusion_cosine_subspace__tfidf__adaptive_common_mode_01,48,1,
current__adaptive_diffusion_cosine_subspace__tfidf__adaptive_common_mode_01,49,1,
current__adaptive_diffusion_cosine_subspace__tfidf__adaptive_common_mode_01,50,1,
current__adaptive_diffusion_cosine_subspace__tfidf__adaptive_common_mode_01,51,1,
current__adaptive_diffusion_cosine_subspace__tfidf__adaptive_common_mode_01,52,1,
current__adaptive_diffusion_cosine_subspace__tfidf__adaptive_common_mode_01,53,1,
current__adaptive_diffusion_cosine_subspace__tfidf__adaptive_common_mode_01,54,1,
current__adaptive_diffusion_cosine_subspace__tfidf__adaptive_common_mode_01,55,1,
current__adaptive_diffusion_cosine_subspace__tfidf__adaptive_common_mode_01,56,1,
current__adaptive_diffusion_cosine_subspace__tfidf__adaptive_common_mode_01,57,1,
current__adaptive_diffusion_cosine_subspace__tfidf__adaptive_common_mode_01,58,1,
current__adaptive_diffusion_cosine_subspace__tfidf__adaptive_common_mode_01,59,1,
current__adaptive_diffusion_cosine_subspace__tfidf__adaptive_common_mode_01,60,1,
current__adaptive_diffusion_cosine_subspace__tfidf__adaptive_common_mode_01,61,1,
current__adaptive_diffusion_cosine_subspace__tfidf__adaptive_common_mode_01,62,1,
current__adaptive_diffusion_cosine_subspace__tfidf__adaptive_common_mode_01,63,1,
current__adaptive_diffusion_cosine_subspace__tfidf__adaptive_common_mode_01,64,1,
current__adaptive_diffusion_cosine_subspace__tfidf__adaptive_common_mode_01,65,1,
current__adaptive_diffusion_cosine_subspace__tfidf__adaptive_common_mode_01,66,1,
current__adaptive_diffusion_cosine_subspace__tfidf__adaptive_common_mode_01,67,1,
current__adaptive_diffusion_cosine_subspace__tfidf__adaptive_common_mode_01,68,1,
current__adaptive_diffusion_cosine_subspace__tfidf__adaptive_common_mode_01,69,1,
current__adaptive_diffusion_cosine_subspace__tfidf__adaptive_common_mode_01,70,1,
current__adaptive_diffusion_cosine_subspace__tfidf__adaptive_common_mode_01,71,1,
current__adaptive_diffusion_cosine_subspace__tfidf__adaptive_common_mode_01,72,1,
current__adaptive_diffusion_cosine_subspace__tfidf__adaptive_common_mode_01,73,1,
current__adaptive_diffusion_cosine_subspace__tfidf__adaptive_common_mode_01,74,1,
current__adaptive_diffusion_cosine_subspace__tfidf__adaptive_common_mode_01,75,1,
current__adaptive_diffusion_cosine_subspace__tfidf__adaptive_common_mode_01,76,1,
current__adaptive_diffusion_cosine_subspace__tfidf__adaptive_common_mode_01,77,1,
current__adaptive_diffusion_cosine_subspace__tfidf__adaptive_common_mode_01,78,1,
current__adaptive_diffusion_cosine_subspace__tfidf__adaptive_common_mode_01,79,1,
current__adaptive_diffusion_cosine_subspace__tfidf__adaptive_common_mode_01,80,1,
current__adaptive_diffusion_cosine_subspace__tfidf__adaptive_common_mode_01,81,1,
current__adaptive_diffusion_cosine_subspace__tfidf__adaptive_common_mode_01,82,1,
current__adaptive_diffusion_cosine_subspace__tfidf__adaptive_common_mode_01,83,1,
current__adaptive_diffusion_cosine_subspace__tfidf__adaptive_common_mode_01,84,1,
current__adaptive_diffusion_cosine_subspace__tfidf__adaptive_common_mode_01,85,1,
current__adaptive_diffusion_cosine_subspace__tfidf__adaptive_common_mode_01,86,1,
current__adaptive_diffusion_cosine_subspace__tfidf__adaptive_common_mode_01,87,1,
current__adaptive_diffusion_cosine_subspace__tfidf__adaptive_common_mode_01,88,1,
current__adaptive_diffusion_cosine_subspace__tfidf__adaptive_common_mode_01,89,1,
current__adaptive_diffusion_cosine_subspace__tfidf__adaptive_common_mode_01,90,1,
current__adaptive_diffusion_cosine_subspace__tfidf__adaptive_common_mode_01,91,1,
current__adaptive_diffusion_cosine_subspace__tfidf__adaptive_common_mode_01,92,1,
current__adaptive_diffusion_cosine_subspace__tfidf__adaptive_common_mode_01,93,1,
current__adaptive_diffusion_cosine_subspace__tfidf__adaptive_common_mode_01,94,1,
current__adaptive_diffusion_cosine_subspace__tfidf__adaptive_common_mode_01,95,1,
current__adaptive_diffusion_cosine_subspace__tfidf__adaptive_common_mode_01,96,1,
current__adaptive_diffusion_cosine_subspace__tfidf__adaptive_common_mode_01,97,1,
current__adaptive_diffusion_cosine_subspace__tfidf__adaptive_common_mode_01,98,1,
current__adaptive_diffusion_cosine_subspace__tfidf__adaptive_common_mode_01,99,1,
current__adaptive_diffusion_cosine_subspace__tfidf__adaptive_common_mode_01,100,1,
current__adaptive_diffusion_cosine_subspace__tfidf__adaptive_common_mode_01,101,1,
current__adaptive_diffusion_cosine_subspace__tfidf__adaptive_common_mode_01,102,1,
current__adaptive_diffusion_cosine_subspace__tfidf__adaptive_common_mode_01,103,1,
current__adaptive_diffusion_cosine_subspace__tfidf__adaptive_common_mode_01,104,1,
current__adaptive_diffusion_cosine_subspace__tfidf__adaptive_common_mode_01,105,1,
current__adaptive_diffusion_cosine_subspace__tfidf__adaptive_common_mode_01,106,1,
current__adaptive_diffusion_cosine_subspace__tfidf__adaptive_common_mode_01,107,1,
current__adaptive_diffusion_cosine_subspace__tfidf__adaptive_common_mode_01,108,1,
current__adaptive_diffusion_cosine_subspace__tfidf__adaptive_common_mode_01,109,1,
current__adaptive_diffusion_cosine_subspace__tfidf__adaptive_common_mode_01,110,1,
current__adaptive_diffusion_cosine_subspace__tfidf__adaptive_common_mode_01,111,1,
current__adaptive_diffusion_cosine_subspace__tfidf__adaptive_common_mode_01,112,1,
current__adaptive_diffusion_cosine_subspace__tfidf__adaptive_common_mode_01,113,1,
current__adaptive_diffusion_cosine_subspace__tfidf__adaptive_common_mode_01,114,1,
current__adaptive_diffusion_cosine_subspace__tfidf__adaptive_common_mode_01,115,1,
current__adaptive_diffusion_cosine_subspace__tfidf__adaptive_common_mode_01,116,1,
current__adaptive_diffusion_cosine_subspace__tfidf__adaptive_common_mode_01,117,1,
current__adaptive_diffusion_cosine_subspace__tfidf__adaptive_common_mode_01,118,1,
current__adaptive_diffusion_cosine_subspace__tfidf__adaptive_common_mode_01,119,1,
current__adaptive_diffusion_cosine_subspace__tfidf__adaptive_common_mode_01,120,1,
current__adaptive_diffusion_cosine_subspace__tfidf__adaptive_common_mode_01,121,1,
current__adaptive_diffusion_cosine_subspace__tfidf__adaptive_common_mode_01,122,1,
current__adaptive_diffusion_cosine_subspace__tfidf__adaptive_common_mode_01,123,1,
current__adaptive_diffusion_cosine_subspace__tfidf__adaptive_common_mode_01,124,1,
current__adaptive_diffusion_cosine_subspace__tfidf__adaptive_common_mode_01,125,1,
current__adaptive_diffusion_cosine_subspace__tfidf__adaptive_common_mode_01,126,1,
current__adaptive_diffusion_cosine_subspace__tfidf__adaptive_common_mode_01,127,1,
current__adaptive_diffusion_cosine_subspace__tfidf__adaptive_common_mode_01,128,1,
current__adaptive_diffusion_cosine_subspace__tfidf__adaptive_common_mode_01,129,1,
current__adaptive_diffusion_cosine_subspace__tfidf__adaptive_common_mode_01,130,1,
current__adaptive_diffusion_cosine_subspace__tfidf__adaptive_common_mode_01,131,1,
current__adaptive_diffusion_cosine_subspace__tfidf__adaptive_common_mode_01,132,1,
current__adaptive_diffusion_cosine_subspace__tfidf__adaptive_common_mode_01,133,1,
current__adaptive_diffusion_cosine_subspace__tfidf__adaptive_common_mode_01,134,1,
current__adaptive_diffusion_cosine_subspace__tfidf__adaptive_common_mode_01,135,1,
current__adaptive_diffusion_cosine_subspace__tfidf__adaptive_common_mode_01,136,1,
current__adaptive_diffusion_cosine_subspace__tfidf__adaptive_common_mode_01,137,1,
current__adaptive_diffusion_cosine_subspace__tfidf__adaptive_common_mode_01,138,1,
current__adaptive_diffusion_cosine_subspace__tfidf__adaptive_common_mode_01,139,1,
current__adaptive_diffusion_cosine_subspace__tfidf__adaptive_common_mode_01,140,1,
current__adaptive_diffusion_cosine_subspace__tfidf__adaptive_common_mode_01,141,1,
current__adaptive_diffusion_cosine_subspace__tfidf__adaptive_common_mode_01,142,1,
current__adaptive_diffusion_cosine_subspace__tfidf__adaptive_common_mode_01,143,1,
current__adaptive_diffusion_cosine_subspace__tfidf__adaptive_common_mode_01,144,1,
current__adaptive_diffusion_cosine_subspace__tfidf__adaptive_common_mode_01,145,1,
current__adaptive_diffusion_cosine_subspace__tfidf__adaptive_common_mode_01,146,1,
current__adaptive_diffusion_cosine_subspace__tfidf__adaptive_common_mode_01,147,1,
current__adaptive_diffusion_cosine_subspace__tfidf__adaptive_common_mode_01,148,1,
current__adaptive_diffusion_cosine_subspace__tfidf__adaptive_common_mode_01,149,1,
current__adaptive_diffusion_cosine_subspace__tfidf__adaptive_common_mode_01,150,1,
current__adaptive_diffusion_cosine_subspace__tfidf__adaptive_common_mode_01,151,1,
current__adaptive_diffusion_cosine_subspace__tfidf__adaptive_common_mode_01,152,1,
current__adaptive_diffusion_cosine_subspace__tfidf__adaptive_common_mode_01,153,1,
current__adaptive_diffusion_cosine_subspace__tfidf__adaptive_common_mode_01,154,1,
current__adaptive_diffusion_cosine_subspace__tfidf__adaptive_common_mode_01,155,1,
current__adaptive_diffusion_cosine_subspace__tfidf__adaptive_common_mode_01,156,1,
current__adaptive_diffusion_cosine_subspace__tfidf__adaptive_common_mode_01,157,1,
current__adaptive_diffusion_cosine_subspace__tfidf__adaptive_common_mode_01,158,1,
current__adaptive_diffusion_cosine_subspace__tfidf__adaptive_common_mode_01,159,1,
current__adaptive_diffusion_cosine_subspace__tfidf__adaptive_common_mode_01,160,1,
current__adaptive_diffusion_cosine_subspace__tfidf__adaptive_common_mode_01,161,1,
current__adaptive_diffusion_cosine_subspace__tfidf__adaptive_common_mode_01,162,1,
current__adaptive_diffusion_cosine_subspace__tfidf__adaptive_common_mode_01,163,1,
current__adaptive_diffusion_cosine_subspace__tfidf__adaptive_common_mode_01,164,1,
current__adaptive_diffusion_cosine_subspace__tfidf__adaptive_common_mode_01,165,1,
current__adaptive_diffusion_cosine_subspace__tfidf__adaptive_common_mode_01,166,1,
current__adaptive_diffusion_cosine_subspace__tfidf__adaptive_common_mode_01,167,1,
current__adaptive_diffusion_cosine_subspace__tfidf__adaptive_common_mode_01,168,1,
current__adaptive_diffusion_cosine_subspace__tfidf__adaptive_common_mode_01,169,1,
current__adaptive_diffusion_cosine_subspace__tfidf__adaptive_common_mode_01,170,1,
current__adaptive_diffusion_cosine_subspace__tfidf__adaptive_common_mode_01,171,1,
current__adaptive_diffusion_cosine_subspace__tfidf__adaptive_common_mode_01,172,1,
current__adaptive_diffusion_cosine_subspace__tfidf__adaptive_common_mode_01,173,1,
current__adaptive_diffusion_cosine_subspace__tfidf__adaptive_common_mode_01,174,1,
current__adaptive_diffusion_cosine_subspace__tfidf__adaptive_common_mode_01,175,1,
current__adaptive_diffusion_cosine_subspace__tfidf__adaptive_common_mode_01,176,1,
current__adaptive_diffusion_cosine_subspace__tfidf__adaptive_common_mode_01,177,1,
current__adaptive_diffusion_cosine_subspace__tfidf__adaptive_common_mode_01,178,1,
current__adaptive_diffusion_cosine_subspace__tfidf__adaptive_common_mode_01,179,1,
current__adaptive_diffusion_cosine_subspace__tfidf__adaptive_common_mode_01,180,1,
current__adaptive_diffusion_cosine_subspace__tfidf__adaptive_common_mode_01,181,1,
current__adaptive_diffusion_cosine_subspace__tfidf__adaptive_common_mode_01,182,1,
current__adaptive_diffusion_cosine_subspace__tfidf__adaptive_common_mode_01,183,1,
current__adaptive_diffusion_cosine_subspace__tfidf__adaptive_common_mode_01,184,1,
current__adaptive_diffusion_cosine_subspace__tfidf__adaptive_common_mode_01,185,1,
current__adaptive_diffusion_cosine_subspace__tfidf__adaptive_common_mode_01,186,1,
current__adaptive_diffusion_cosine_subspace__tfidf__adaptive_common_mode_01,187,1,
current__adaptive_diffusion_cosine_subspace__tfidf__adaptive_common_mode_01,188,4,0.0
current__adaptive_diffusion_cosine_subspace__tfidf__adaptive_common_mode_01,189,9,0.0040894990131572
current__adaptive_diffusion_cosine_subspace__tfidf__adaptive_common_mode_01,190,5,0.009515956589142904
current__adaptive_diffusion_cosine_subspace__tfidf__adaptive_common_mode_01,191,3,0.00818105192360341
current__adaptive_diffusion_cosine_subspace__tfidf__adaptive_common_mode_01,192,3,0.004549825916974504
current__adaptive_diffusion_cosine_subspace__tfidf__adaptive_common_mode_01,193,2,0.0
current__adaptive_diffusion_cosine_subspace__tfidf__adaptive_common_mode_01,194,3,0.0
current__adaptive_diffusion_cosine_subspace__tfidf__adaptive_common_mode_01,195,4,0.029399865088039007
current__adaptive_diffusion_cosine_subspace__tfidf__adaptive_common_mode_01,196,1,
current__adaptive_diffusion_cosine_subspace__tfidf__adaptive_common_mode_01,197,1,
current__adaptive_diffusion_cosine_subspace__tfidf__adaptive_common_mode_01,198,1,
current__adaptive_diffusion_cosine_subspace__tfidf__adaptive_common_mode_01,199,1,
current__adaptive_diffusion_cosine_subspace__tfidf__adaptive_common_mode_01,200,1,
current__adaptive_diffusion_cosine_subspace__tfidf__adaptive_common_mode_01,201,1,
current__adaptive_diffusion_cosine_subspace__tfidf__adaptive_common_mode_01,202,1,
current__adaptive_diffusion_cosine_subspace__tfidf__adaptive_common_mode_01,203,1,
current__adaptive_diffusion_cosine_subspace__tfidf__adaptive_common_mode_01,204,1,
current__adaptive_diffusion_cosine_subspace__tfidf__adaptive_common_mode_01,205,1,
current__adaptive_diffusion_cosine_subspace__tfidf__adaptive_common_mode_01,206,1,
current__adaptive_diffusion_cosine_subspace__tfidf__adaptive_common_mode_01,207,1,
current__adaptive_diffusion_cosine_subspace__tfidf__adaptive_common_mode_01,208,1,
current__adaptive_diffusion_cosine_subspace__tfidf__adaptive_common_mode_01,209,1,
current__adaptive_diffusion_cosine_subspace__tfidf__adaptive_common_mode_01,210,1,
current__adaptive_diffusion_cosine_subspace__tfidf__adaptive_common_mode_01,211,1,
current__adaptive_diffusion_cosine_subspace__tfidf__adaptive_common_mode_01,212,1,
current__adaptive_diffusion_cosine_subspace__tfidf__adaptive_common_mode_01,213,1,
current__adaptive_diffusion_cosine_subspace__tfidf__adaptive_common_mode_01,214,1,
current__adaptive_diffusion_cosine_subspace__tfidf__adaptive_common_mode_01,215,1,
current__adaptive_diffusion_cosine_subspace__tfidf__adaptive_common_mode_01,216,1,
current__adaptive_diffusion_cosine_subspace__tfidf__adaptive_common_mode_01,217,1,
current__adaptive_diffusion_cosine_subspace__tfidf__adaptive_common_mode_01,218,1,
current__adaptive_diffusion_cosine_subspace__tfidf__adaptive_common_mode_01,219,1,
current__adaptive_diffusion_cosine_subspace__tfidf__adaptive_common_mode_01,220,1,
current__adaptive_diffusion_cosine_subspace__tfidf__adaptive_common_mode_01,221,1,
current__adaptive_diffusion_cosine_subspace__tfidf__adaptive_common_mode_01,222,1,
current__adaptive_diffusion_cosine_subspace__tfidf__adaptive_common_mode_01,223,1,
current__adaptive_diffusion_cosine_subspace__tfidf__adaptive_common_mode_01,224,1,
current__adaptive_diffusion_cosine_subspace__tfidf__adaptive_common_mode_01,225,1,
current__adaptive_diffusion_cosine_subspace__tfidf__adaptive_common_mode_01,226,1,
current__adaptive_diffusion_cosine_subspace__tfidf__adaptive_common_mode_01,227,1,
current__adaptive_diffusion_cosine_subspace__tfidf__adaptive_common_mode_01,228,1,
current__adaptive_diffusion_cosine_subspace__tfidf__adaptive_common_mode_01,229,1,
current__adaptive_diffusion_cosine_subspace__tfidf__adaptive_common_mode_01,230,1,
current__adaptive_diffusion_cosine_subspace__tfidf__adaptive_common_mode_01,231,1,
current__adaptive_diffusion_cosine_subspace__tfidf__adaptive_common_mode_01,232,1,
current__adaptive_diffusion_cosine_subspace__tfidf__adaptive_common_mode_01,233,1,
current__adaptive_diffusion_cosine_subspace__tfidf__adaptive_common_mode_01,234,1,
current__adaptive_diffusion_cosine_subspace__tfidf__adaptive_common_mode_01,235,1,
current__adaptive_diffusion_cosine_subspace__tfidf__adaptive_common_mode_01,236,1,
current__adaptive_diffusion_cosine_subspace__tfidf__adaptive_common_mode_01,237,1,
current__adaptive_diffusion_cosine_subspace__tfidf__adaptive_common_mode_01,238,1,
current__adaptive_diffusion_cosine_subspace__tfidf__adaptive_common_mode_01,239,1,
current__adaptive_diffusion_cosine_subspace__tfidf__adaptive_common_mode_01,240,2,0.31842784046215244
current__adaptive_diffusion_cosine_subspace__tfidf__adaptive_common_mode_01,241,1,
current__adaptive_diffusion_cosine_subspace__tfidf__adaptive_common_mode_01,242,1,
current__adaptive_diffusion_cosine_subspace__tfidf__adaptive_common_mode_01,243,1,
current__adaptive_diffusion_cosine_subspace__tfidf__adaptive_common_mode_01,244,1,
current__adaptive_diffusion_cosine_subspace__tfidf__adaptive_common_mode_01,245,1,
current__adaptive_diffusion_cosine_subspace__tfidf__adaptive_common_mode_01,246,1,
current__adaptive_diffusion_cosine_subspace__tfidf__adaptive_common_mode_01,247,1,
current__adaptive_diffusion_cosine_subspace__tfidf__adaptive_common_mode_01,248,1,
current__adaptive_diffusion_cosine_subspace__tfidf__adaptive_common_mode_01,249,1,
current__adaptive_diffusion_cosine_subspace__tfidf__adaptive_common_mode_01,250,1,
current__adaptive_diffusion_cosine_subspace__tfidf__adaptive_common_mode_01,251,1,
current__adaptive_diffusion_cosine_subspace__tfidf__adaptive_common_mode_01,252,1,
current__adaptive_diffusion_cosine_subspace__tfidf__adaptive_common_mode_01,253,1,
current__adaptive_diffusion_cosine_subspace__tfidf__adaptive_common_mode_01,254,1,
current__adaptive_diffusion_cosine_subspace__tfidf__adaptive_common_mode_01,255,1,
current__adaptive_diffusion_cosine_subspace__tfidf__adaptive_common_mode_01,256,1,
current__adaptive_diffusion_cosine_subspace__tfidf__adaptive_common_mode_01,257,1,
current__adaptive_diffusion_cosine_subspace__tfidf__adaptive_common_mode_01,258,1,
current__adaptive_diffusion_cosine_subspace__tfidf__adaptive_common_mode_01,259,1,
current__adaptive_diffusion_cosine_subspace__tfidf__adaptive_common_mode_01,260,1,
current__adaptive_diffusion_cosine_subspace__tfidf__adaptive_common_mode_01,261,1,
current__adaptive_diffusion_cosine_subspace__tfidf__adaptive_common_mode_01,262,1,
current__adaptive_diffusion_cosine_subspace__tfidf__adaptive_common_mode_01,263,1,
current__adaptive_diffusion_cosine_subspace__tfidf__adaptive_common_mode_01,264,1,
current__adaptive_diffusion_cosine_subspace__tfidf__adaptive_common_mode_01,265,1,
current__adaptive_diffusion_cosine_subspace__tfidf__adaptive_common_mode_01,266,1,
current__adaptive_diffusion_cosine_subspace__tfidf__adaptive_common_mode_01,267,1,
current__adaptive_diffusion_cosine_subspace__tfidf__adaptive_common_mode_01,268,1,
current__adaptive_diffusion_cosine_subspace__tfidf__adaptive_common_mode_01,269,1,
current__adaptive_diffusion_cosine_subspace__tfidf__adaptive_common_mode_01,270,1,
current__adaptive_diffusion_cosine_subspace__tfidf__adaptive_common_mode_01,271,1,
current__adaptive_diffusion_cosine_subspace__tfidf__adaptive_common_mode_01,272,1,
current__adaptive_diffusion_cosine_subspace__tfidf__adaptive_common_mode_01,273,1,
current__adaptive_diffusion_cosine_subspace__tfidf__adaptive_common_mode_01,274,1,
current__adaptive_diffusion_cosine_subspace__tfidf__adaptive_common_mode_01,275,1,
current__adaptive_diffusion_cosine_subspace__tfidf__adaptive_common_mode_01,276,1,
current__adaptive_diffusion_cosine_subspace__tfidf__adaptive_common_mode_01,277,1,
current__adaptive_diffusion_cosine_subspace__tfidf__adaptive_common_mode_01,278,1,
current__adaptive_diffusion_cosine_subspace__tfidf__adaptive_common_mode_01,279,1,
current__adaptive_diffusion_cosine_subspace__tfidf__adaptive_common_mode_01,280,1,
current__adaptive_diffusion_cosine_subspace__tfidf__adaptive_common_mode_01,281,1,
current__adaptive_diffusion_cosine_subspace__tfidf__adaptive_common_mode_01,282,1,
current__adaptive_diffusion_cosine_subspace__tfidf__adaptive_common_mode_01,283,1,
current__adaptive_diffusion_cosine_subspace__tfidf__adaptive_common_mode_01,284,1,
current__adaptive_diffusion_cosine_subspace__tfidf__adaptive_common_mode_01,285,1,
current__adaptive_diffusion_cosine_subspace__tfidf__adaptive_common_mode_01,286,1,
current__adaptive_diffusion_cosine_subspace__tfidf__adaptive_common_mode_01,287,1,
current__adaptive_diffusion_cosine_subspace__tfidf__adaptive_common_mode_01,288,1,
current__adaptive_diffusion_cosine_subspace__tfidf__adaptive_common_mode_01,289,1,
current__adaptive_diffusion_cosine_subspace__tfidf__adaptive_common_mode_01,290,1,
current__adaptive_diffusion_cosine_subspace__tfidf__adaptive_common_mode_01,291,1,
current__adaptive_diffusion_cosine_subspace__tfidf__adaptive_common_mode_01,292,1,
current__adaptive_diffusion_cosine_subspace__tfidf__adaptive_common_mode_01,293,1,
current__adaptive_diffusion_cosine_subspace__tfidf__adaptive_common_mode_01,294,1,
current__adaptive_diffusion_cosine_subspace__tfidf__adaptive_common_mode_01,295,1,
current__adaptive_diffusion_cosine_subspace__tfidf__adaptive_common_mode_01,296,1,
current__adaptive_diffusion_cosine_subspace__tfidf__adaptive_common_mode_01,297,1,
current__adaptive_diffusion_cosine_subspace__tfidf__adaptive_common_mode_01,298,1,
current__adaptive_diffusion_cosine_subspace__tfidf__adaptive_common_mode_01,299,1,
current__adaptive_diffusion_cosine_subspace__tfidf__adaptive_common_mode_01,300,1,
current__adaptive_diffusion_cosine_subspace__tfidf__adaptive_common_mode_01,301,1,
current__adaptive_diffusion_cosine_subspace__tfidf__adaptive_common_mode_01,302,1,
current__adaptive_diffusion_cosine_subspace__tfidf__adaptive_common_mode_01,303,1,
current__adaptive_diffusion_cosine_subspace__tfidf__adaptive_common_mode_01,304,1,
current__adaptive_diffusion_cosine_subspace__tfidf__adaptive_common_mode_01,305,1,
current__adaptive_diffusion_cosine_subspace__tfidf__adaptive_common_mode_01,306,1,
current__adaptive_diffusion_cosine_subspace__tfidf__adaptive_common_mode_01,307,1,
current__adaptive_diffusion_cosine_subspace__tfidf__adaptive_common_mode_01,308,1,
current__adaptive_diffusion_cosine_subspace__tfidf__adaptive_common_mode_01,309,1,
current__adaptive_diffusion_cosine_subspace__tfidf__adaptive_common_mode_01,310,1,
current__adaptive_diffusion_cosine_subspace__tfidf__adaptive_common_mode_01,311,1,
current__adaptive_diffusion_cosine_subspace__tfidf__adaptive_common_mode_01,312,1,
current__adaptive_diffusion_cosine_subspace__tfidf__adaptive_common_mode_01,313,1,
current__adaptive_diffusion_cosine_subspace__tfidf__adaptive_common_mode_01,314,2,0.0
current__adaptive_diffusion_cosine_subspace__tfidf__adaptive_common_mode_01,315,1,
current__adaptive_diffusion_cosine_subspace__tfidf__adaptive_common_mode_01,316,1,
current__adaptive_diffusion_cosine_subspace__tfidf__adaptive_common_mode_01,317,1,
current__adaptive_diffusion_cosine_subspace__tfidf__adaptive_common_mode_01,318,1,
current__adaptive_diffusion_cosine_subspace__tfidf__adaptive_common_mode_01,319,2,0.13440378489624272
current__adaptive_diffusion_cosine_subspace__tfidf__adaptive_common_mode_01,320,1,
current__adaptive_diffusion_cosine_subspace__tfidf__adaptive_common_mode_01,321,1,
current__adaptive_diffusion_cosine_subspace__tfidf__adaptive_common_mode_01,322,1,
current__adaptive_diffusion_cosine_subspace__tfidf__adaptive_common_mode_01,323,1,
current__adaptive_diffusion_cosine_subspace__tfidf__adaptive_common_mode_01,324,1,
current__adaptive_diffusion_cosine_subspace__tfidf__adaptive_common_mode_01,325,1,
current__adaptive_diffusion_cosine_subspace__tfidf__adaptive_common_mode_01,326,1,
current__adaptive_diffusion_cosine_subspace__tfidf__adaptive_common_mode_01,327,1,
current__adaptive_diffusion_cosine_subspace__tfidf__adaptive_common_mode_01,328,1,
current__adaptive_diffusion_cosine_subspace__tfidf__adaptive_common_mode_01,329,1,
current__adaptive_diffusion_cosine_subspace__tfidf__adaptive_common_mode_01,330,2,1.0000000000000007
current__adaptive_diffusion_cosine_subspace__tfidf__adaptive_common_mode_01,331,1,
current__adaptive_diffusion_cosine_subspace__tfidf__adaptive_common_mode_01,332,1,
current__adaptive_diffusion_cosine_subspace__tfidf__adaptive_common_mode_01,333,1,
current__adaptive_diffusion_cosine_subspace__tfidf__adaptive_common_mode_01,334,1,
current__adaptive_diffusion_cosine_subspace__tfidf__adaptive_common_mode_01,335,2,0.6455020849851649
current__adaptive_diffusion_cosine_subspace__tfidf__adaptive_common_mode_01,336,1,
current__adaptive_diffusion_cosine_subspace__tfidf__adaptive_common_mode_01,337,1,
current__adaptive_diffusion_cosine_subspace__tfidf__adaptive_common_mode_01,338,1,
current__adaptive_diffusion_cosine_subspace__tfidf__adaptive_common_mode_01,339,1,
current__adaptive_diffusion_cosine_subspace__tfidf__adaptive_common_mode_01,340,1,
current__adaptive_diffusion_cosine_subspace__tfidf__adaptive_common_mode_01,341,1,
current__adaptive_diffusion_cosine_subspace__tfidf__adaptive_common_mode_01,342,1,
current__adaptive_diffusion_cosine_subspace__tfidf__adaptive_common_mode_01,343,1,
current__adaptive_diffusion_cosine_subspace__tfidf__adaptive_common_mode_01,344,1,
current__adaptive_diffusion_cosine_subspace__tfidf__adaptive_common_mode_01,345,1,
current__adaptive_diffusion_cosine_subspace__tfidf__adaptive_common_mode_01,346,1,
current__adaptive_diffusion_cosine_subspace__tfidf__adaptive_common_mode_01,347,1,
current__adaptive_diffusion_cosine_subspace__tfidf__adaptive_common_mode_01,348,1,
current__adaptive_diffusion_cosine_subspace__tfidf__adaptive_common_mode_01,349,1,
current__adaptive_diffusion_cosine_subspace__tfidf__adaptive_common_mode_01,350,1,
current__adaptive_diffusion_cosine_subspace__tfidf__adaptive_common_mode_01,351,1,
current__adaptive_diffusion_cosine_subspace__tfidf__adaptive_common_mode_01,352,1,
current__adaptive_diffusion_cosine_subspace__tfidf__adaptive_common_mode_01,353,1,
current__adaptive_diffusion_cosine_subspace__tfidf__adaptive_common_mode_01,354,1,
current__adaptive_diffusion_cosine_subspace__tfidf__adaptive_common_mode_01,355,1,
current__adaptive_diffusion_cosine_subspace__tfidf__adaptive_common_mode_01,356,1,
current__adaptive_diffusion_cosine_subspace__tfidf__adaptive_common_mode_01,357,1,
current__adaptive_diffusion_cosine_subspace__tfidf__adaptive_common_mode_01,358,1,
current__adaptive_diffusion_cosine_subspace__tfidf__adaptive_common_mode_01,359,1,
current__adaptive_diffusion_cosine_subspace__tfidf__adaptive_common_mode_01,360,1,
current__adaptive_diffusion_cosine_subspace__tfidf__adaptive_common_mode_01,361,1,
current__adaptive_diffusion_cosine_subspace__tfidf__adaptive_common_mode_01,362,1,
current__adaptive_diffusion_cosine_subspace__tfidf__adaptive_common_mode_01,363,1,
current__adaptive_diffusion_cosine_subspace__tfidf__adaptive_common_mode_01,364,1,
current__adaptive_diffusion_cosine_subspace__tfidf__adaptive_common_mode_01,365,1,
current__adaptive_diffusion_cosine_subspace__tfidf__adaptive_common_mode_01,366,1,
current__adaptive_diffusion_cosine_subspace__tfidf__adaptive_common_mode_01,367,1,
current__adaptive_diffusion_cosine_subspace__tfidf__adaptive_common_mode_01,368,1,
current__adaptive_diffusion_cosine_subspace__tfidf__adaptive_common_mode_01,369,1,
current__adaptive_diffusion_cosine_subspace__tfidf__adaptive_common_mode_01,370,2,0.07526050585209587
current__adaptive_diffusion_cosine_subspace__tfidf__adaptive_common_mode_01,371,1,
current__adaptive_diffusion_cosine_subspace__tfidf__adaptive_common_mode_01,372,1,
current__adaptive_diffusion_cosine_subspace__tfidf__adaptive_common_mode_01,373,1,
current__adaptive_diffusion_cosine_subspace__tfidf__adaptive_common_mode_01,374,2,0.027287527431670733
current__adaptive_diffusion_cosine_subspace__tfidf__adaptive_common_mode_01,375,1,
current__adaptive_diffusion_cosine_subspace__tfidf__adaptive_common_mode_01,376,1,
current__adaptive_diffusion_cosine_subspace__tfidf__adaptive_common_mode_01,377,1,
current__adaptive_diffusion_cosine_subspace__tfidf__adaptive_common_mode_01,378,1,
current__adaptive_diffusion_cosine_subspace__tfidf__adaptive_common_mode_01,379,1,
current__adaptive_diffusion_cosine_subspace__tfidf__adaptive_common_mode_01,380,1,
current__adaptive_diffusion_cosine_subspace__tfidf__adaptive_common_mode_01,381,1,
current__adaptive_diffusion_cosine_subspace__tfidf__adaptive_common_mode_01,382,1,
current__adaptive_diffusion_cosine_subspace__tfidf__adaptive_common_mode_01,383,1,
current__adaptive_diffusion_cosine_subspace__tfidf__adaptive_common_mode_01,384,1,
current__adaptive_diffusion_cosine_subspace__tfidf__adaptive_common_mode_01,385,1,
current__adaptive_diffusion_cosine_subspace__tfidf__adaptive_common_mode_01,386,1,
current__adaptive_diffusion_cosine_subspace__tfidf__adaptive_common_mode_01,387,1,
current__adaptive_diffusion_cosine_subspace__tfidf__adaptive_common_mode_01,388,1,
current__adaptive_diffusion_cosine_subspace__tfidf__adaptive_common_mode_01,389,1,
current__adaptive_diffusion_cosine_subspace__tfidf__adaptive_common_mode_01,390,2,0.10836063747662994
current__adaptive_diffusion_cosine_subspace__tfidf__adaptive_common_mode_01,391,1,
current__adaptive_diffusion_cosine_subspace__tfidf__adaptive_common_mode_01,392,1,
current__adaptive_diffusion_cosine_subspace__tfidf__adaptive_common_mode_01,393,2,0.0
current__adaptive_diffusion_cosine_subspace__tfidf__adaptive_common_mode_01,394,1,
current__adaptive_diffusion_cosine_subspace__tfidf__adaptive_common_mode_01,395,1,
current__adaptive_diffusion_cosine_subspace__tfidf__adaptive_common_mode_01,396,1,
current__adaptive_diffusion_cosine_subspace__tfidf__adaptive_common_mode_01,397,1,
current__adaptive_diffusion_cosine_subspace__tfidf__adaptive_common_mode_01,398,1,
current__adaptive_diffusion_cosine_subspace__tfidf__adaptive_common_mode_01,399,1,
current__adaptive_diffusion_cosine_subspace__tfidf__adaptive_common_mode_01,400,1,
current__adaptive_diffusion_cosine_subspace__tfidf__adaptive_common_mode_01,401,1,
current__adaptive_diffusion_cosine_subspace__tfidf__adaptive_common_mode_01,402,3,0.0
current__adaptive_diffusion_cosine_subspace__tfidf__adaptive_common_mode_01,403,2,0.038442645524109365
current__adaptive_diffusion_cosine_subspace__tfidf__adaptive_common_mode_01,404,1,
current__adaptive_diffusion_cosine_subspace__tfidf__adaptive_common_mode_01,405,1,
current__adaptive_diffusion_cosine_subspace__tfidf__adaptive_common_mode_01,406,4,0.008120661938210816
current__adaptive_diffusion_cosine_subspace__tfidf__adaptive_common_mode_01,407,3,0.10927008489738843
current__adaptive_diffusion_cosine_subspace__tfidf__adaptive_common_mode_01,408,1,
current__adaptive_diffusion_cosine_subspace__tfidf__adaptive_common_mode_01,409,2,0.0
current__adaptive_diffusion_cosine_subspace__tfidf__adaptive_common_mode_01,410,6,0.01168248354275209
current__adaptive_diffusion_cosine_subspace__tfidf__adaptive_common_mode_01,411,1,
current__adaptive_diffusion_cosine_subspace__tfidf__adaptive_common_mode_01,412,3,0.0
current__adaptive_diffusion_cosine_subspace__tfidf__adaptive_common_mode_01,413,2,0.0
current__adaptive_diffusion_cosine_subspace__tfidf__adaptive_common_mode_01,414,1,
current__adaptive_diffusion_cosine_subspace__tfidf__adaptive_common_mode_01,415,2,0.0
current__adaptive_diffusion_cosine_subspace__tfidf__adaptive_common_mode_01,416,1,
current__adaptive_diffusion_cosine_subspace__tfidf__adaptive_common_mode_01,417,1,
current__adaptive_diffusion_cosine_subspace__tfidf__adaptive_common_mode_01,418,2,0.03979688524524516
current__adaptive_diffusion_cosine_subspace__tfidf__adaptive_common_mode_01,419,2,0.0
current__adaptive_diffusion_cosine_subspace__tfidf__adaptive_common_mode_01,420,1,
current__adaptive_diffusion_cosine_subspace__tfidf__adaptive_common_mode_01,421,1,
current__adaptive_diffusion_cosine_subspace__tfidf__adaptive_common_mode_01,422,3,0.008511309533234387
current__adaptive_diffusion_cosine_subspace__tfidf__adaptive_common_mode_01,423,1,
current__adaptive_diffusion_cosine_subspace__tfidf__adaptive_common_mode_01,424,1,
current__adaptive_diffusion_cosine_subspace__tfidf__adaptive_common_mode_01,425,1,
current__adaptive_diffusion_cosine_subspace__tfidf__adaptive_common_mode_01,426,1,
current__adaptive_diffusion_cosine_subspace__tfidf__adaptive_common_mode_01,427,4,0.04647628894037159
current__adaptive_diffusion_cosine_subspace__tfidf__adaptive_common_mode_01,428,1,
current__adaptive_diffusion_cosine_subspace__tfidf__adaptive_common_mode_01,429,1,
current__adaptive_diffusion_cosine_subspace__tfidf__adaptive_common_mode_01,430,1,
current__adaptive_diffusion_cosine_subspace__tfidf__adaptive_common_mode_01,431,1,
current__adaptive_diffusion_cosine_subspace__tfidf__adaptive_common_mode_01,432,2,0.02256897001406566
current__adaptive_diffusion_cosine_subspace__tfidf__adaptive_common_mode_01,433,2,0.0
current__adaptive_diffusion_cosine_subspace__tfidf__adaptive_common_mode_01,434,1,
current__adaptive_diffusion_cosine_subspace__tfidf__adaptive_common_mode_01,435,1,
current__adaptive_diffusion_cosine_subspace__tfidf__adaptive_common_mode_01,436,2,0.0
current__adaptive_diffusion_cosine_subspace__tfidf__adaptive_common_mode_01,437,1,
current__adaptive_diffusion_cosine_subspace__tfidf__adaptive_common_mode_01,438,1,
current__adaptive_diffusion_cosine_subspace__tfidf__adaptive_common_mode_01,439,1,
current__adaptive_diffusion_cosine_subspace__tfidf__adaptive_common_mode_01,440,1,
current__adaptive_diffusion_cosine_subspace__tfidf__adaptive_common_mode_01,441,1,
current__adaptive_diffusion_cosine_subspace__tfidf__adaptive_common_mode_01,442,2,0.0
current__adaptive_diffusion_cosine_subspace__tfidf__adaptive_common_mode_01,443,3,0.01144860767454614
current__adaptive_diffusion_cosine_subspace__tfidf__adaptive_common_mode_01,444,2,0.0
current__adaptive_diffusion_cosine_subspace__tfidf__adaptive_common_mode_01,445,1,
current__adaptive_diffusion_cosine_subspace__tfidf__adaptive_common_mode_01,446,2,0.013470518695018807
current__adaptive_diffusion_cosine_subspace__tfidf__adaptive_common_mode_01,447,1,
current__adaptive_diffusion_cosine_subspace__tfidf__adaptive_common_mode_01,448,1,
current__adaptive_diffusion_cosine_subspace__tfidf__adaptive_common_mode_01,449,3,0.06243232949756661
current__adaptive_diffusion_cosine_subspace__tfidf__adaptive_common_mode_01,450,1,
current__adaptive_diffusion_cosine_subspace__tfidf__adaptive_common_mode_01,451,1,
current__adaptive_diffusion_cosine_subspace__tfidf__adaptive_common_mode_01,452,1,
current__adaptive_diffusion_cosine_subspace__tfidf__adaptive_common_mode_01,453,1,
current__adaptive_diffusion_cosine_subspace__tfidf__adaptive_common_mode_01,454,1,
current__adaptive_diffusion_cosine_subspace__tfidf__adaptive_common_mode_01,455,1,
current__adaptive_diffusion_cosine_subspace__tfidf__adaptive_common_mode_01,456,1,
current__adaptive_diffusion_cosine_subspace__tfidf__adaptive_common_mode_01,457,1,
current__adaptive_diffusion_cosine_subspace__tfidf__adaptive_common_mode_01,458,3,0.0618351142115842
current__adaptive_diffusion_cosine_subspace__tfidf__adaptive_common_mode_01,459,1,
current__adaptive_diffusion_cosine_subspace__tfidf__adaptive_common_mode_01,460,1,
current__adaptive_diffusion_cosine_subspace__tfidf__adaptive_common_mode_01,461,1,
current__adaptive_diffusion_cosine_subspace__tfidf__adaptive_common_mode_01,462,1,
current__adaptive_diffusion_cosine_subspace__tfidf__adaptive_common_mode_01,463,2,0.0
current__adaptive_diffusion_cosine_subspace__tfidf__adaptive_common_mode_01,464,2,0.0
current__adaptive_diffusion_cosine_subspace__tfidf__adaptive_common_mode_01,465,1,
current__adaptive_diffusion_cosine_subspace__tfidf__adaptive_common_mode_01,466,1,
current__adaptive_diffusion_cosine_subspace__tfidf__adaptive_common_mode_01,467,2,0.03382574073232125
current__adaptive_diffusion_cosine_subspace__tfidf__adaptive_common_mode_01,468,1,
current__adaptive_diffusion_cosine_subspace__tfidf__adaptive_common_mode_01,469,1,
current__adaptive_diffusion_cosine_subspace__tfidf__adaptive_common_mode_01,470,1,
current__adaptive_diffusion_cosine_subspace__tfidf__adaptive_common_mode_01,471,1,
current__adaptive_diffusion_cosine_subspace__tfidf__adaptive_common_mode_01,472,1,
current__adaptive_diffusion_cosine_subspace__tfidf__adaptive_common_mode_01,473,1,
current__adaptive_diffusion_cosine_subspace__tfidf__adaptive_common_mode_01,474,2,0.0
current__adaptive_diffusion_cosine_subspace__tfidf__adaptive_common_mode_01,475,1,
current__adaptive_diffusion_cosine_subspace__tfidf__adaptive_common_mode_01,476,1,
current__adaptive_diffusion_cosine_subspace__tfidf__adaptive_common_mode_01,477,1,
current__adaptive_diffusion_cosine_subspace__tfidf__adaptive_common_mode_01,478,1,
current__adaptive_diffusion_cosine_subspace__tfidf__adaptive_common_mode_01,479,1,
current__adaptive_diffusion_cosine_subspace__tfidf__adaptive_common_mode_01,480,1,
current__adaptive_diffusion_cosine_subspace__tfidf__adaptive_common_mode_01,481,1,
current__adaptive_diffusion_cosine_subspace__tfidf__adaptive_common_mode_01,482,1,
current__adaptive_diffusion_cosine_subspace__tfidf__adaptive_common_mode_01,483,1,
current__adaptive_diffusion_cosine_subspace__tfidf__adaptive_common_mode_01,484,1,
current__adaptive_diffusion_cosine_subspace__tfidf__adaptive_common_mode_01,485,1,
current__adaptive_diffusion_cosine_subspace__tfidf__adaptive_common_mode_01,486,1,
current__adaptive_diffusion_cosine_subspace__tfidf__adaptive_common_mode_01,487,1,
current__adaptive_diffusion_cosine_subspace__tfidf__adaptive_common_mode_01,488,1,
current__adaptive_diffusion_cosine_subspace__tfidf__adaptive_common_mode_01,489,1,
current__adaptive_diffusion_cosine_subspace__tfidf__adaptive_common_mode_01,490,1,
current__adaptive_diffusion_cosine_subspace__tfidf__adaptive_common_mode_01,491,1,
current__adaptive_diffusion_cosine_subspace__tfidf__adaptive_common_mode_01,492,1,
current__adaptive_diffusion_cosine_subspace__tfidf__adaptive_common_mode_01,493,1,
current__adaptive_diffusion_cosine_subspace__tfidf__adaptive_common_mode_01,494,2,0.0
current__adaptive_diffusion_cosine_subspace__tfidf__adaptive_common_mode_01,495,1,
current__adaptive_diffusion_cosine_subspace__tfidf__adaptive_common_mode_01,496,1,
current__adaptive_diffusion_cosine_subspace__tfidf__adaptive_common_mode_01,497,1,
current__adaptive_diffusion_cosine_subspace__tfidf__adaptive_common_mode_01,498,1,
current__adaptive_diffusion_cosine_subspace__tfidf__adaptive_common_mode_01,499,1,
current__adaptive_diffusion_cosine_subspace__tfidf__adaptive_common_mode_01,500,1,
current__adaptive_diffusion_cosine_subspace__tfidf__adaptive_common_mode_01,501,1,
current__adaptive_diffusion_cosine_subspace__tfidf__adaptive_common_mode_01,502,1,
current__adaptive_diffusion_cosine_subspace__tfidf__adaptive_common_mode_01,503,1,
current__adaptive_diffusion_cosine_subspace__tfidf__adaptive_common_mode_01,504,2,0.0
current__adaptive_diffusion_cosine_subspace__tfidf__adaptive_common_mode_01,505,2,0.0
current__adaptive_diffusion_cosine_subspace__tfidf__adaptive_common_mode_01,506,1,
current__adaptive_diffusion_cosine_subspace__tfidf__adaptive_common_mode_01,507,1,
current__adaptive_diffusion_cosine_subspace__tfidf__adaptive_common_mode_01,508,1,
current__adaptive_diffusion_cosine_subspace__tfidf__adaptive_common_mode_01,509,1,
current__adaptive_diffusion_cosine_subspace__tfidf__adaptive_common_mode_01,510,1,
current__adaptive_diffusion_cosine_subspace__tfidf__adaptive_common_mode_01,511,1,
current__adaptive_diffusion_cosine_subspace__tfidf__adaptive_common_mode_01,512,1,
current__adaptive_diffusion_cosine_subspace__tfidf__adaptive_common_mode_01,513,1,
current__adaptive_diffusion_cosine_subspace__tfidf__adaptive_common_mode_01,514,1,
current__adaptive_diffusion_cosine_subspace__tfidf__adaptive_common_mode_01,515,1,
current__adaptive_diffusion_cosine_subspace__tfidf__adaptive_common_mode_01,516,1,
current__adaptive_diffusion_cosine_subspace__tfidf__adaptive_common_mode_01,517,1,
current__adaptive_diffusion_cosine_subspace__tfidf__adaptive_common_mode_01,518,1,
current__adaptive_diffusion_cosine_subspace__tfidf__adaptive_common_mode_01,519,1,
current__adaptive_diffusion_cosine_subspace__tfidf__adaptive_common_mode_01,520,1,
current__adaptive_diffusion_cosine_subspace__tfidf__adaptive_common_mode_01,521,1,
current__adaptive_diffusion_cosine_subspace__tfidf__adaptive_common_mode_01,522,1,
current__adaptive_diffusion_cosine_subspace__tfidf__adaptive_common_mode_01,523,1,
current__adaptive_diffusion_cosine_subspace__tfidf__adaptive_modes_02_05,0,17,0.521721711263779
current__adaptive_diffusion_cosine_subspace__tfidf__adaptive_modes_02_05,1,25,0.3612256813666323
current__adaptive_diffusion_cosine_subspace__tfidf__adaptive_modes_02_05,2,15,0.4706721260855195
current__adaptive_diffusion_cosine_subspace__tfidf__adaptive_modes_02_05,3,5,0.4537283233772989
current__adaptive_diffusion_cosine_subspace__tfidf__adaptive_modes_02_05,4,1,
current__adaptive_diffusion_cosine_subspace__tfidf__adaptive_modes_02_05,5,1,
current__adaptive_diffusion_cosine_subspace__tfidf__adaptive_modes_02_05,6,3,0.2656503314894078
current__adaptive_diffusion_cosine_subspace__tfidf__adaptive_modes_02_05,7,7,0.24980901054504848
current__adaptive_diffusion_cosine_subspace__tfidf__adaptive_modes_02_05,8,5,0.39234786699001456
current__adaptive_diffusion_cosine_subspace__tfidf__adaptive_modes_02_05,9,12,0.46997586609975983
current__adaptive_diffusion_cosine_subspace__tfidf__adaptive_modes_02_05,10,3,0.30487231252703445
current__adaptive_diffusion_cosine_subspace__tfidf__adaptive_modes_02_05,11,2,0.21199650194951958
current__adaptive_diffusion_cosine_subspace__tfidf__adaptive_modes_02_05,12,5,0.23180192205754896
current__adaptive_diffusion_cosine_subspace__tfidf__adaptive_modes_02_05,13,3,0.28466451278324595
current__adaptive_diffusion_cosine_subspace__tfidf__adaptive_modes_02_05,14,1,
current__adaptive_diffusion_cosine_subspace__tfidf__adaptive_modes_02_05,15,6,0.2140815834309901
current__adaptive_diffusion_cosine_subspace__tfidf__adaptive_modes_02_05,16,1,
current__adaptive_diffusion_cosine_subspace__tfidf__adaptive_modes_02_05,17,15,0.4509532809201331
current__adaptive_diffusion_cosine_subspace__tfidf__adaptive_modes_02_05,18,28,0.24446901390568396
current__adaptive_diffusion_cosine_subspace__tfidf__adaptive_modes_02_05,19,31,0.1761204634352508
current__adaptive_diffusion_cosine_subspace__tfidf__adaptive_modes_02_05,20,29,0.08956371458879281
current__adaptive_diffusion_cosine_subspace__tfidf__adaptive_modes_02_05,21,17,0.09700534675783011
current__adaptive_diffusion_cosine_subspace__tfidf__adaptive_modes_02_05,22,1,
current__adaptive_diffusion_cosine_subspace__tfidf__adaptive_modes_02_05,23,11,0.09997321671865397
current__adaptive_diffusion_cosine_subspace__tfidf__adaptive_modes_02_05,24,23,0.18727440381853055
current__adaptive_diffusion_cosine_subspace__tfidf__adaptive_modes_02_05,25,6,0.19980164046639592
current__adaptive_diffusion_cosine_subspace__tfidf__adaptive_modes_02_05,26,5,0.0285574173606987
current__adaptive_diffusion_cosine_subspace__tfidf__adaptive_modes_02_05,27,2,0.9711608690952658
current__adaptive_diffusion_cosine_subspace__tfidf__adaptive_modes_02_05,28,6,0.0814155913354584
current__adaptive_diffusion_cosine_subspace__tfidf__adaptive_modes_02_05,29,13,0.15494164093447962
current__adaptive_diffusion_cosine_subspace__tfidf__adaptive_modes_02_05,30,67,0.048578074745215846
current__adaptive_diffusion_cosine_subspace__tfidf__adaptive_modes_02_05,31,2,0.06549240650321464
current__adaptive_diffusion_cosine_subspace__tfidf__adaptive_modes_02_05,32,10,0.047696927868774136
current__adaptive_diffusion_cosine_subspace__tfidf__adaptive_modes_02_05,33,3,0.16013902474986294
current__adaptive_diffusion_cosine_subspace__tfidf__adaptive_modes_02_05,34,5,0.0038849033483344454
current__adaptive_diffusion_cosine_subspace__tfidf__adaptive_modes_02_05,35,10,0.07598003016944976
current__adaptive_diffusion_cosine_subspace__tfidf__adaptive_modes_02_05,36,19,0.05727501132304647
current__adaptive_diffusion_cosine_subspace__tfidf__adaptive_modes_02_05,37,8,0.11800465510261653
current__adaptive_diffusion_cosine_subspace__tfidf__adaptive_modes_02_05,38,39,0.07873557950984938
current__adaptive_diffusion_cosine_subspace__tfidf__adaptive_modes_02_05,39,140,0.0186874795653398
current__adaptive_diffusion_cosine_subspace__tfidf__adaptive_modes_06_10,0,1,
current__adaptive_diffusion_cosine_subspace__tfidf__adaptive_modes_06_10,1,1,
current__adaptive_diffusion_cosine_subspace__tfidf__adaptive_modes_06_10,2,3,0.37016606330959173
current__adaptive_diffusion_cosine_subspace__tfidf__adaptive_modes_06_10,3,1,
current__adaptive_diffusion_cosine_subspace__tfidf__adaptive_modes_06_10,4,4,0.5829305365709172
current__adaptive_diffusion_cosine_subspace__tfidf__adaptive_modes_06_10,5,4,0.4128584099387334
current__adaptive_diffusion_cosine_subspace__tfidf__adaptive_modes_06_10,6,1,
current__adaptive_diffusion_cosine_subspace__tfidf__adaptive_modes_06_10,7,5,0.2789504909120466
current__adaptive_diffusion_cosine_subspace__tfidf__adaptive_modes_06_10,8,1,
current__adaptive_diffusion_cosine_subspace__tfidf__adaptive_modes_06_10,9,1,
current__adaptive_diffusion_cosine_subspace__tfidf__adaptive_modes_06_10,10,5,0.3882200894286764
current__adaptive_diffusion_cosine_subspace__tfidf__adaptive_modes_06_10,11,1,
current__adaptive_diffusion_cosine_subspace__tfidf__adaptive_modes_06_10,12,1,
current__adaptive_diffusion_cosine_subspace__tfidf__adaptive_modes_06_10,13,3,0.15692201155778496
current__adaptive_diffusion_cosine_subspace__tfidf__adaptive_modes_06_10,14,1,
current__adaptive_diffusion_cosine_subspace__tfidf__adaptive_modes_06_10,15,3,0.5376001481418577
current__adaptive_diffusion_cosine_subspace__tfidf__adaptive_modes_06_10,16,1,
current__adaptive_diffusion_cosine_subspace__tfidf__adaptive_modes_06_10,17,3,0.6134355430267474
current__adaptive_diffusion_cosine_subspace__tfidf__adaptive_modes_06_10,18,3,0.5877379835152673
current__adaptive_diffusion_cosine_subspace__tfidf__adaptive_modes_06_10,19,6,0.6544060672364215
current__adaptive_diffusion_cosine_subspace__tfidf__adaptive_modes_06_10,20,3,0.4667154207646392
current__adaptive_diffusion_cosine_subspace__tfidf__adaptive_modes_06_10,21,1,
current__adaptive_diffusion_cosine_subspace__tfidf__adaptive_modes_06_10,22,1,
current__adaptive_diffusion_cosine_subspace__tfidf__adaptive_modes_06_10,23,3,0.10093728094645253
current__adaptive_diffusion_cosine_subspace__tfidf__adaptive_modes_06_10,24,2,0.29655276277994913
current__adaptive_diffusion_cosine_subspace__tfidf__adaptive_modes_06_10,25,3,0.17939417772527375
current__adaptive_diffusion_cosine_subspace__tfidf__adaptive_modes_06_10,26,3,0.24831803362788443
current__adaptive_diffusion_cosine_subspace__tfidf__adaptive_modes_06_10,27,5,0.2807140919583967
current__adaptive_diffusion_cosine_subspace__tfidf__adaptive_modes_06_10,28,3,0.08217746063780333
current__adaptive_diffusion_cosine_subspace__tfidf__adaptive_modes_06_10,29,7,0.24821635078763465
current__adaptive_diffusion_cosine_subspace__tfidf__adaptive_modes_06_10,30,3,0.6561010041523322
current__adaptive_diffusion_cosine_subspace__tfidf__adaptive_modes_06_10,31,2,0.1414446765709667
current__adaptive_diffusion_cosine_subspace__tfidf__adaptive_modes_06_10,32,1,
current__adaptive_diffusion_cosine_subspace__tfidf__adaptive_modes_06_10,33,4,0.2446676606966042
current__adaptive_diffusion_cosine_subspace__tfidf__adaptive_modes_06_10,34,5,0.1502182267913938
current__adaptive_diffusion_cosine_subspace__tfidf__adaptive_modes_06_10,35,4,0.09851787390359039
current__adaptive_diffusion_cosine_subspace__tfidf__adaptive_modes_06_10,36,1,
current__adaptive_diffusion_cosine_subspace__tfidf__adaptive_modes_06_10,37,3,0.09574134259743287
current__adaptive_diffusion_cosine_subspace__tfidf__adaptive_modes_06_10,38,5,0.37569741778733584
current__adaptive_diffusion_cosine_subspace__tfidf__adaptive_modes_06_10,39,3,0.1364959199283103
current__adaptive_diffusion_cosine_subspace__tfidf__adaptive_modes_06_10,40,1,
current__adaptive_diffusion_cosine_subspace__tfidf__adaptive_modes_06_10,41,3,0.10764159236641158
current__adaptive_diffusion_cosine_subspace__tfidf__adaptive_modes_06_10,42,6,0.13077143326431823
current__adaptive_diffusion_cosine_subspace__tfidf__adaptive_modes_06_10,43,3,0.20953389897970384
current__adaptive_diffusion_cosine_subspace__tfidf__adaptive_modes_06_10,44,1,
current__adaptive_diffusion_cosine_subspace__tfidf__adaptive_modes_06_10,45,2,0.2917672793820165
current__adaptive_diffusion_cosine_subspace__tfidf__adaptive_modes_06_10,46,1,
current__adaptive_diffusion_cosine_subspace__tfidf__adaptive_modes_06_10,47,6,0.3022952720569395
current__adaptive_diffusion_cosine_subspace__tfidf__adaptive_modes_06_10,48,3,0.17250824641886142
current__adaptive_diffusion_cosine_subspace__tfidf__adaptive_modes_06_10,49,3,0.2592466068176205
current__adaptive_diffusion_cosine_subspace__tfidf__adaptive_modes_06_10,50,4,0.2964248570642322
current__adaptive_diffusion_cosine_subspace__tfidf__adaptive_modes_06_10,51,1,
current__adaptive_diffusion_cosine_subspace__tfidf__adaptive_modes_06_10,52,3,0.11136095338113276
current__adaptive_diffusion_cosine_subspace__tfidf__adaptive_modes_06_10,53,1,
current__adaptive_diffusion_cosine_subspace__tfidf__adaptive_modes_06_10,54,3,0.06054609034882693
current__adaptive_diffusion_cosine_subspace__tfidf__adaptive_modes_06_10,55,3,0.06425353416094248
current__adaptive_diffusion_cosine_subspace__tfidf__adaptive_modes_06_10,56,1,
current__adaptive_diffusion_cosine_subspace__tfidf__adaptive_modes_06_10,57,1,
current__adaptive_diffusion_cosine_subspace__tfidf__adaptive_modes_06_10,58,3,0.08370940401515463
current__adaptive_diffusion_cosine_subspace__tfidf__adaptive_modes_06_10,59,1,
current__adaptive_diffusion_cosine_subspace__tfidf__adaptive_modes_06_10,60,1,
current__adaptive_diffusion_cosine_subspace__tfidf__adaptive_modes_06_10,61,3,0.365916233102783
current__adaptive_diffusion_cosine_subspace__tfidf__adaptive_modes_06_10,62,1,
current__adaptive_diffusion_cosine_subspace__tfidf__adaptive_modes_06_10,63,1,
current__adaptive_diffusion_cosine_subspace__tfidf__adaptive_modes_06_10,64,3,0.21241374184058426
current__adaptive_diffusion_cosine_subspace__tfidf__adaptive_modes_06_10,65,1,
current__adaptive_diffusion_cosine_subspace__tfidf__adaptive_modes_06_10,66,1,
current__adaptive_diffusion_cosine_subspace__tfidf__adaptive_modes_06_10,67,3,0.1477258987271466
current__adaptive_diffusion_cosine_subspace__tfidf__adaptive_modes_06_10,68,3,0.13992870379797587
current__adaptive_diffusion_cosine_subspace__tfidf__adaptive_modes_06_10,69,3,0.08654233006064116
current__adaptive_diffusion_cosine_subspace__tfidf__adaptive_modes_06_10,70,3,0.08279890662766494
current__adaptive_diffusion_cosine_subspace__tfidf__adaptive_modes_06_10,71,4,0.05318408940487688
current__adaptive_diffusion_cosine_subspace__tfidf__adaptive_modes_06_10,72,3,0.15617987625517404
current__adaptive_diffusion_cosine_subspace__tfidf__adaptive_modes_06_10,73,3,0.05885125876335717
current__adaptive_diffusion_cosine_subspace__tfidf__adaptive_modes_06_10,74,2,0.05051819905204624
current__adaptive_diffusion_cosine_subspace__tfidf__adaptive_modes_06_10,75,1,
current__adaptive_diffusion_cosine_subspace__tfidf__adaptive_modes_06_10,76,4,0.30651355276066194
current__adaptive_diffusion_cosine_subspace__tfidf__adaptive_modes_06_10,77,5,0.10675982873872689
current__adaptive_diffusion_cosine_subspace__tfidf__adaptive_modes_06_10,78,3,0.16751994329487352
current__adaptive_diffusion_cosine_subspace__tfidf__adaptive_modes_06_10,79,4,0.14616958764212873
current__adaptive_diffusion_cosine_subspace__tfidf__adaptive_modes_06_10,80,3,0.2909034591611448
current__adaptive_diffusion_cosine_subspace__tfidf__adaptive_modes_06_10,81,1,
current__adaptive_diffusion_cosine_subspace__tfidf__adaptive_modes_06_10,82,1,
current__adaptive_diffusion_cosine_subspace__tfidf__adaptive_modes_06_10,83,3,0.25390388407672343
current__adaptive_diffusion_cosine_subspace__tfidf__adaptive_modes_06_10,84,3,0.14710806433755982
current__adaptive_diffusion_cosine_subspace__tfidf__adaptive_modes_06_10,85,1,
current__adaptive_diffusion_cosine_subspace__tfidf__adaptive_modes_06_10,86,3,0.03345725806096681
current__adaptive_diffusion_cosine_subspace__tfidf__adaptive_modes_06_10,87,4,0.059061882169858894
current__adaptive_diffusion_cosine_subspace__tfidf__adaptive_modes_06_10,88,1,
current__adaptive_diffusion_cosine_subspace__tfidf__adaptive_modes_06_10,89,3,0.12979988303007683
current__adaptive_diffusion_cosine_subspace__tfidf__adaptive_modes_06_10,90,2,0.023242500110286834
current__adaptive_diffusion_cosine_subspace__tfidf__adaptive_modes_06_10,91,1,
current__adaptive_diffusion_cosine_subspace__tfidf__adaptive_modes_06_10,92,3,0.19906125599200264
current__adaptive_diffusion_cosine_subspace__tfidf__adaptive_modes_06_10,93,3,0.07284895842811186
current__adaptive_diffusion_cosine_subspace__tfidf__adaptive_modes_06_10,94,2,0.29210307190562634
current__adaptive_diffusion_cosine_subspace__tfidf__adaptive_modes_06_10,95,2,0.028198719370829517
current__adaptive_diffusion_cosine_subspace__tfidf__adaptive_modes_06_10,96,4,0.07298596153190351
current__adaptive_diffusion_cosine_subspace__tfidf__adaptive_modes_06_10,97,5,0.056702746641010514
current__adaptive_diffusion_cosine_subspace__tfidf__adaptive_modes_06_10,98,1,
current__adaptive_diffusion_cosine_subspace__tfidf__adaptive_modes_06_10,99,2,0.6239350301329645
current__adaptive_diffusion_cosine_subspace__tfidf__adaptive_modes_06_10,100,1,
current__adaptive_diffusion_cosine_subspace__tfidf__adaptive_modes_06_10,101,1,
current__adaptive_diffusion_cosine_subspace__tfidf__adaptive_modes_06_10,102,3,0.8442233748189439
current__adaptive_diffusion_cosine_subspace__tfidf__adaptive_modes_06_10,103,2,0.4656902052423162
current__adaptive_diffusion_cosine_subspace__tfidf__adaptive_modes_06_10,104,3,0.13138343988813897
current__adaptive_diffusion_cosine_subspace__tfidf__adaptive_modes_06_10,105,1,
current__adaptive_diffusion_cosine_subspace__tfidf__adaptive_modes_06_10,106,4,0.1112355790988074
current__adaptive_diffusion_cosine_subspace__tfidf__adaptive_modes_06_10,107,1,
current__adaptive_diffusion_cosine_subspace__tfidf__adaptive_modes_06_10,108,3,0.1418673313269093
current__adaptive_diffusion_cosine_subspace__tfidf__adaptive_modes_06_10,109,1,
current__adaptive_diffusion_cosine_subspace__tfidf__adaptive_modes_06_10,110,4,0.35421125752134497
current__adaptive_diffusion_cosine_subspace__tfidf__adaptive_modes_06_10,111,1,
current__adaptive_diffusion_cosine_subspace__tfidf__adaptive_modes_06_10,112,1,
current__adaptive_diffusion_cosine_subspace__tfidf__adaptive_modes_06_10,113,3,0.5188861603804769
current__adaptive_diffusion_cosine_subspace__tfidf__adaptive_modes_06_10,114,1,
current__adaptive_diffusion_cosine_subspace__tfidf__adaptive_modes_06_10,115,4,0.27057664320791847
current__adaptive_diffusion_cosine_subspace__tfidf__adaptive_modes_06_10,116,1,
current__adaptive_diffusion_cosine_subspace__tfidf__adaptive_modes_06_10,117,4,0.4624907331241767
current__adaptive_diffusion_cosine_subspace__tfidf__adaptive_modes_06_10,118,1,
current__adaptive_diffusion_cosine_subspace__tfidf__adaptive_modes_06_10,119,1,
current__adaptive_diffusion_cosine_subspace__tfidf__adaptive_modes_06_10,120,3,0.41478315899080115
current__adaptive_diffusion_cosine_subspace__tfidf__adaptive_modes_06_10,121,1,
current__adaptive_diffusion_cosine_subspace__tfidf__adaptive_modes_06_10,122,4,0.33031167322798843
current__adaptive_diffusion_cosine_subspace__tfidf__adaptive_modes_06_10,123,1,
current__adaptive_diffusion_cosine_subspace__tfidf__adaptive_modes_06_10,124,3,0.442725501754835
current__adaptive_diffusion_cosine_subspace__tfidf__adaptive_modes_06_10,125,2,0.2571102048772127
current__adaptive_diffusion_cosine_subspace__tfidf__adaptive_modes_06_10,126,3,0.30496667303708835
current__adaptive_diffusion_cosine_subspace__tfidf__adaptive_modes_06_10,127,3,0.556777253013558
current__adaptive_diffusion_cosine_subspace__tfidf__adaptive_modes_06_10,128,2,0.29414380794582917
current__adaptive_diffusion_cosine_subspace__tfidf__adaptive_modes_06_10,129,1,
current__adaptive_diffusion_cosine_subspace__tfidf__adaptive_modes_06_10,130,1,
current__adaptive_diffusion_cosine_subspace__tfidf__adaptive_modes_06_10,131,3,0.5000327106539629
current__adaptive_diffusion_cosine_subspace__tfidf__adaptive_modes_06_10,132,2,0.46496884359844626
current__adaptive_diffusion_cosine_subspace__tfidf__adaptive_modes_06_10,133,3,0.38855023366890523
current__adaptive_diffusion_cosine_subspace__tfidf__adaptive_modes_06_10,134,5,0.14959663916118987
current__adaptive_diffusion_cosine_subspace__tfidf__adaptive_modes_06_10,135,3,0.5069643713421945
current__adaptive_diffusion_cosine_subspace__tfidf__adaptive_modes_06_10,136,5,0.08249542965524412
current__adaptive_diffusion_cosine_subspace__tfidf__adaptive_modes_06_10,137,2,0.024847586184741477
current__adaptive_diffusion_cosine_subspace__tfidf__adaptive_modes_06_10,138,1,
current__adaptive_diffusion_cosine_subspace__tfidf__adaptive_modes_06_10,139,3,0.012533453842519915
current__adaptive_diffusion_cosine_subspace__tfidf__adaptive_modes_06_10,140,2,0.0379765536631701
current__adaptive_diffusion_cosine_subspace__tfidf__adaptive_modes_06_10,141,5,0.0213853355581338
current__adaptive_diffusion_cosine_subspace__tfidf__adaptive_modes_06_10,142,1,
current__adaptive_diffusion_cosine_subspace__tfidf__adaptive_modes_06_10,143,1,
current__adaptive_diffusion_cosine_subspace__tfidf__adaptive_modes_06_10,144,5,0.011588367041176273
current__adaptive_diffusion_cosine_subspace__tfidf__adaptive_modes_06_10,145,2,0.045239169630228115
current__adaptive_diffusion_cosine_subspace__tfidf__adaptive_modes_06_10,146,1,
current__adaptive_diffusion_cosine_subspace__tfidf__adaptive_modes_06_10,147,2,0.0
current__adaptive_diffusion_cosine_subspace__tfidf__adaptive_modes_06_10,148,1,
current__adaptive_diffusion_cosine_subspace__tfidf__adaptive_modes_06_10,149,3,0.172790463874574
current__adaptive_diffusion_cosine_subspace__tfidf__adaptive_modes_06_10,150,1,
current__adaptive_diffusion_cosine_subspace__tfidf__adaptive_modes_06_10,151,1,
current__adaptive_diffusion_cosine_subspace__tfidf__adaptive_modes_06_10,152,3,0.001285158818363108
current__adaptive_diffusion_cosine_subspace__tfidf__adaptive_modes_06_10,153,2,0.11012422347831707
current__adaptive_diffusion_cosine_subspace__tfidf__adaptive_modes_06_10,154,4,0.12094402466929773
current__adaptive_diffusion_cosine_subspace__tfidf__adaptive_modes_06_10,155,1,
current__adaptive_diffusion_cosine_subspace__tfidf__adaptive_modes_06_10,156,4,0.14091300511491858
current__adaptive_diffusion_cosine_subspace__tfidf__adaptive_modes_06_10,157,5,0.10795947411442386
current__adaptive_diffusion_cosine_subspace__tfidf__adaptive_modes_06_10,158,1,
current__adaptive_diffusion_cosine_subspace__tfidf__adaptive_modes_06_10,159,3,0.0116592630949095
current__adaptive_diffusion_cosine_subspace__tfidf__adaptive_modes_06_10,160,5,0.0684823251911657
current__adaptive_diffusion_cosine_subspace__tfidf__adaptive_modes_06_10,161,4,0.08553196724584182
current__adaptive_diffusion_cosine_subspace__tfidf__adaptive_modes_06_10,162,3,0.34212766388681026
current__adaptive_diffusion_cosine_subspace__tfidf__adaptive_modes_06_10,163,1,
current__adaptive_diffusion_cosine_subspace__tfidf__adaptive_modes_06_10,164,1,
current__adaptive_diffusion_cosine_subspace__tfidf__adaptive_modes_06_10,165,3,0.0
current__adaptive_diffusion_cosine_subspace__tfidf__adaptive_modes_06_10,166,1,
current__adaptive_diffusion_cosine_subspace__tfidf__adaptive_modes_06_10,167,1,
current__adaptive_diffusion_cosine_subspace__tfidf__adaptive_modes_06_10,168,1,
current__adaptive_diffusion_cosine_subspace__tfidf__adaptive_modes_06_10,169,3,0.017715708174694367
current__adaptive_diffusion_cosine_subspace__tfidf__adaptive_modes_06_10,170,1,
current__adaptive_diffusion_cosine_subspace__tfidf__adaptive_modes_06_10,171,2,0.0
current__adaptive_diffusion_cosine_subspace__tfidf__adaptive_modes_06_10,172,1,
current__adaptive_diffusion_cosine_subspace__tfidf__adaptive_modes_06_10,173,3,0.011258839932701456
current__adaptive_diffusion_cosine_subspace__tfidf__adaptive_modes_06_10,174,1,
current__adaptive_diffusion_cosine_subspace__tfidf__adaptive_modes_06_10,175,1,
current__adaptive_diffusion_cosine_subspace__tfidf__adaptive_modes_06_10,176,5,0.035410698598356126
current__adaptive_diffusion_cosine_subspace__tfidf__adaptive_modes_06_10,177,6,0.01975493625819166
current__adaptive_diffusion_cosine_subspace__tfidf__adaptive_modes_06_10,178,3,0.0721373213210487
current__adaptive_diffusion_cosine_subspace__tfidf__adaptive_modes_06_10,179,3,0.09596682994038279
current__adaptive_diffusion_cosine_subspace__tfidf__adaptive_modes_06_10,180,2,0.04254283733489661
current__adaptive_diffusion_cosine_subspace__tfidf__adaptive_modes_06_10,181,2,0.13217358831646964
current__adaptive_diffusion_cosine_subspace__tfidf__adaptive_modes_06_10,182,1,
current__adaptive_diffusion_cosine_subspace__tfidf__adaptive_modes_06_10,183,5,0.062388736099645035
current__adaptive_diffusion_cosine_subspace__tfidf__adaptive_modes_06_10,184,1,
current__adaptive_diffusion_cosine_subspace__tfidf__adaptive_modes_06_10,185,3,0.029476605201725903
current__adaptive_diffusion_cosine_subspace__tfidf__adaptive_modes_06_10,186,3,0.048320317483574314
current__adaptive_diffusion_cosine_subspace__tfidf__adaptive_modes_06_10,187,3,0.04278469870693624
current__adaptive_diffusion_cosine_subspace__tfidf__adaptive_modes_06_10,188,3,0.13279201434137752
current__adaptive_diffusion_cosine_subspace__tfidf__adaptive_modes_06_10,189,3,0.04177076881823805
current__adaptive_diffusion_cosine_subspace__tfidf__adaptive_modes_06_10,190,2,0.0
current__adaptive_diffusion_cosine_subspace__tfidf__adaptive_modes_06_10,191,3,0.01126419336917254
current__adaptive_diffusion_cosine_subspace__tfidf__adaptive_modes_06_10,192,6,0.20880363939651178
current__adaptive_diffusion_cosine_subspace__tfidf__adaptive_modes_06_10,193,3,0.018005169334764187
current__adaptive_diffusion_cosine_subspace__tfidf__adaptive_modes_06_10,194,3,0.03523387960540473
current__adaptive_diffusion_cosine_subspace__tfidf__adaptive_modes_06_10,195,1,
current__adaptive_diffusion_cosine_subspace__tfidf__adaptive_modes_06_10,196,3,0.06942235133668784
current__adaptive_diffusion_cosine_subspace__tfidf__adaptive_modes_06_10,197,3,0.0289976171586462
current__adaptive_diffusion_cosine_subspace__tfidf__adaptive_modes_06_10,198,3,0.027422157451192215
current__adaptive_diffusion_cosine_subspace__tfidf__adaptive_modes_06_10,199,2,0.0
current__adaptive_diffusion_cosine_subspace__tfidf__adaptive_modes_06_10,200,1,
current__adaptive_diffusion_cosine_subspace__tfidf__adaptive_modes_06_10,201,1,
current__adaptive_diffusion_cosine_subspace__tfidf__adaptive_modes_06_10,202,1,
current__adaptive_diffusion_cosine_subspace__tfidf__adaptive_modes_06_10,203,3,0.0242600732482033
current__adaptive_diffusion_cosine_subspace__tfidf__adaptive_modes_06_10,204,2,0.008411536437658462
current__adaptive_diffusion_cosine_subspace__tfidf__adaptive_modes_06_10,205,1,
current__adaptive_diffusion_cosine_subspace__tfidf__adaptive_modes_06_10,206,2,0.0561189887956115
current__adaptive_diffusion_cosine_subspace__tfidf__adaptive_modes_06_10,207,1,
current__adaptive_diffusion_cosine_subspace__tfidf__adaptive_modes_06_10,208,3,0.24113978049514154
current__adaptive_diffusion_cosine_subspace__tfidf__adaptive_modes_06_10,209,3,0.0479199751252295
current__adaptive_diffusion_cosine_subspace__tfidf__adaptive_modes_06_10,210,2,0.012680130615295493
current__adaptive_diffusion_cosine_subspace__tfidf__adaptive_modes_06_10,211,4,0.04313570294252685
current__adaptive_diffusion_cosine_subspace__tfidf__adaptive_modes_06_10,212,3,0.05671162226186436
current__adaptive_diffusion_cosine_subspace__tfidf__adaptive_modes_06_10,213,3,0.0
current__adaptive_diffusion_cosine_subspace__tfidf__adaptive_modes_06_10,214,5,0.05125532971424063
current__adaptive_diffusion_cosine_subspace__tfidf__adaptive_modes_06_10,215,4,0.0154708715857228
current__adaptive_diffusion_cosine_subspace__tfidf__adaptive_modes_06_10,216,1,
current__adaptive_diffusion_cosine_subspace__tfidf__adaptive_modes_06_10,217,4,0.0
current__adaptive_diffusion_cosine_subspace__tfidf__adaptive_modes_06_10,218,2,0.15387639180095736
current__adaptive_diffusion_cosine_subspace__tfidf__adaptive_modes_06_10,219,3,0.025201520056744513
current__adaptive_diffusion_cosine_subspace__tfidf__adaptive_modes_06_10,220,4,0.04995618698720191
current__adaptive_diffusion_cosine_subspace__tfidf__adaptive_modes_06_10,221,4,0.0705119253139157
current__adaptive_diffusion_cosine_subspace__tfidf__adaptive_modes_06_10,222,9,0.08331421828615516
current__adaptive_diffusion_cosine_subspace__tfidf__adaptive_modes_06_10,223,2,0.0
current__adaptive_diffusion_cosine_subspace__tfidf__adaptive_modes_06_10,224,2,0.23996023089794172
current__adaptive_diffusion_cosine_subspace__tfidf__adaptive_modes_06_10,225,1,
current__adaptive_diffusion_cosine_subspace__tfidf__adaptive_modes_06_10,226,3,0.13617541490761256
current__adaptive_diffusion_cosine_subspace__tfidf__adaptive_modes_06_10,227,3,0.12178317411424944
current__adaptive_diffusion_cosine_subspace__tfidf__adaptive_modes_06_10,228,3,0.057199359611724475
current__adaptive_diffusion_cosine_subspace__tfidf__adaptive_modes_06_10,229,3,0.26069989380577424
current__adaptive_diffusion_cosine_subspace__tfidf__adaptive_modes_06_10,230,3,0.12892148540254236
current__adaptive_diffusion_cosine_subspace__tfidf__adaptive_modes_06_10,231,2,0.03662957741385364
current__adaptive_diffusion_cosine_subspace__tfidf__adaptive_modes_06_10,232,1,
current__adaptive_diffusion_cosine_subspace__tfidf__adaptive_modes_06_10,233,3,0.010029885967863509
current__adaptive_diffusion_cosine_subspace__tfidf__adaptive_modes_06_10,234,5,0.01810352991738773
current__adaptive_diffusion_cosine_subspace__tfidf__adaptive_modes_11_15,0,2,0.5023607521720934
current__adaptive_diffusion_cosine_subspace__tfidf__adaptive_modes_11_15,1,3,0.335675346925514
current__adaptive_diffusion_cosine_subspace__tfidf__adaptive_modes_11_15,2,3,0.2597262785865358
current__adaptive_diffusion_cosine_subspace__tfidf__adaptive_modes_11_15,3,1,
current__adaptive_diffusion_cosine_subspace__tfidf__adaptive_modes_11_15,4,3,0.18174010845656915
current__adaptive_diffusion_cosine_subspace__tfidf__adaptive_modes_11_15,5,1,
current__adaptive_diffusion_cosine_subspace__tfidf__adaptive_modes_11_15,6,5,0.20065690171247835
current__adaptive_diffusion_cosine_subspace__tfidf__adaptive_modes_11_15,7,2,0.4169225176119771
current__adaptive_diffusion_cosine_subspace__tfidf__adaptive_modes_11_15,8,3,0.31304654401833365
current__adaptive_diffusion_cosine_subspace__tfidf__adaptive_modes_11_15,9,1,
current__adaptive_diffusion_cosine_subspace__tfidf__adaptive_modes_11_15,10,4,0.22013588955325525
current__adaptive_diffusion_cosine_subspace__tfidf__adaptive_modes_11_15,11,3,0.21212207751932435
current__adaptive_diffusion_cosine_subspace__tfidf__adaptive_modes_11_15,12,2,0.5527879417062991
current__adaptive_diffusion_cosine_subspace__tfidf__adaptive_modes_11_15,13,5,0.27663782363362055
current__adaptive_diffusion_cosine_subspace__tfidf__adaptive_modes_11_15,14,3,0.1715939959134989
current__adaptive_diffusion_cosine_subspace__tfidf__adaptive_modes_11_15,15,1,
current__adaptive_diffusion_cosine_subspace__tfidf__adaptive_modes_11_15,16,3,0.294329012937711
current__adaptive_diffusion_cosine_subspace__tfidf__adaptive_modes_11_15,17,2,0.19457688044659827
current__adaptive_diffusion_cosine_subspace__tfidf__adaptive_modes_11_15,18,11,0.21311360179749134
current__adaptive_diffusion_cosine_subspace__tfidf__adaptive_modes_11_15,19,1,
current__adaptive_diffusion_cosine_subspace__tfidf__adaptive_modes_11_15,20,4,0.32644545618331783
current__adaptive_diffusion_cosine_subspace__tfidf__adaptive_modes_11_15,21,1,
current__adaptive_diffusion_cosine_subspace__tfidf__adaptive_modes_11_15,22,1,
current__adaptive_diffusion_cosine_subspace__tfidf__adaptive_modes_11_15,23,1,
current__adaptive_diffusion_cosine_subspace__tfidf__adaptive_modes_11_15,24,1,
current__adaptive_diffusion_cosine_subspace__tfidf__adaptive_modes_11_15,25,3,0.2798806274765939
current__adaptive_diffusion_cosine_subspace__tfidf__adaptive_modes_11_15,26,5,0.29954847726694134
current__adaptive_diffusion_cosine_subspace__tfidf__adaptive_modes_11_15,27,3,0.07821983355233608
current__adaptive_diffusion_cosine_subspace__tfidf__adaptive_modes_11_15,28,2,0.32452613689370136
current__adaptive_diffusion_cosine_subspace__tfidf__adaptive_modes_11_15,29,1,
current__adaptive_diffusion_cosine_subspace__tfidf__adaptive_modes_11_15,30,12,0.2327569018220811
current__adaptive_diffusion_cosine_subspace__tfidf__adaptive_modes_11_15,31,1,
current__adaptive_diffusion_cosine_subspace__tfidf__adaptive_modes_11_15,32,5,0.05471035325977307
current__adaptive_diffusion_cosine_subspace__tfidf__adaptive_modes_11_15,33,1,
current__adaptive_diffusion_cosine_subspace__tfidf__adaptive_modes_11_15,34,3,0.10308524746927479
current__adaptive_diffusion_cosine_subspace__tfidf__adaptive_modes_11_15,35,3,0.05533304842195771
current__adaptive_diffusion_cosine_subspace__tfidf__adaptive_modes_11_15,36,7,0.08512190991823976
current__adaptive_diffusion_cosine_subspace__tfidf__adaptive_modes_11_15,37,6,0.032769757325909206
current__adaptive_diffusion_cosine_subspace__tfidf__adaptive_modes_11_15,38,2,0.0
current__adaptive_diffusion_cosine_subspace__tfidf__adaptive_modes_11_15,39,6,0.06712789797874347
current__adaptive_diffusion_cosine_subspace__tfidf__adaptive_modes_11_15,40,3,0.015051121595170377
current__adaptive_diffusion_cosine_subspace__tfidf__adaptive_modes_11_15,41,3,0.0030478780885346466
current__adaptive_diffusion_cosine_subspace__tfidf__adaptive_modes_11_15,42,6,0.07164316114924642
current__adaptive_diffusion_cosine_subspace__tfidf__adaptive_modes_11_15,43,1,
current__adaptive_diffusion_cosine_subspace__tfidf__adaptive_modes_11_15,44,1,
current__adaptive_diffusion_cosine_subspace__tfidf__adaptive_modes_11_15,45,1,
current__adaptive_diffusion_cosine_subspace__tfidf__adaptive_modes_11_15,46,1,
current__adaptive_diffusion_cosine_subspace__tfidf__adaptive_modes_11_15,47,3,0.45080982010694565
current__adaptive_diffusion_cosine_subspace__tfidf__adaptive_modes_11_15,48,2,0.20179760287710602
current__adaptive_diffusion_cosine_subspace__tfidf__adaptive_modes_11_15,49,5,0.157515339177904
current__adaptive_diffusion_cosine_subspace__tfidf__adaptive_modes_11_15,50,3,0.05671272415236106
current__adaptive_diffusion_cosine_subspace__tfidf__adaptive_modes_11_15,51,1,
current__adaptive_diffusion_cosine_subspace__tfidf__adaptive_modes_11_15,52,1,
current__adaptive_diffusion_cosine_subspace__tfidf__adaptive_modes_11_15,53,5,0.552253182046028
current__adaptive_diffusion_cosine_subspace__tfidf__adaptive_modes_11_15,54,3,0.20796029857562437
current__adaptive_diffusion_cosine_subspace__tfidf__adaptive_modes_11_15,55,3,0.6163733384635118
current__adaptive_diffusion_cosine_subspace__tfidf__adaptive_modes_11_15,56,1,
current__adaptive_diffusion_cosine_subspace__tfidf__adaptive_modes_11_15,57,3,0.1963151479205704
current__adaptive_diffusion_cosine_subspace__tfidf__adaptive_modes_11_15,58,3,0.3550591376653586
current__adaptive_diffusion_cosine_subspace__tfidf__adaptive_modes_11_15,59,1,
current__adaptive_diffusion_cosine_subspace__tfidf__adaptive_modes_11_15,60,3,0.5095068163098514
current__adaptive_diffusion_cosine_subspace__tfidf__adaptive_modes_11_15,61,1,
current__adaptive_diffusion_cosine_subspace__tfidf__adaptive_modes_11_15,62,3,0.3944014686555937
current__adaptive_diffusion_cosine_subspace__tfidf__adaptive_modes_11_15,63,1,
current__adaptive_diffusion_cosine_subspace__tfidf__adaptive_modes_11_15,64,3,0.11001566990580436
current__adaptive_diffusion_cosine_subspace__tfidf__adaptive_modes_11_15,65,3,0.03917427173545862
current__adaptive_diffusion_cosine_subspace__tfidf__adaptive_modes_11_15,66,1,
current__adaptive_diffusion_cosine_subspace__tfidf__adaptive_modes_11_15,67,3,0.0849233946165282
current__adaptive_diffusion_cosine_subspace__tfidf__adaptive_modes_11_15,68,1,
current__adaptive_diffusion_cosine_subspace__tfidf__adaptive_modes_11_15,69,3,0.18920516860662615
current__adaptive_diffusion_cosine_subspace__tfidf__adaptive_modes_11_15,70,5,0.356428575488576
current__adaptive_diffusion_cosine_subspace__tfidf__adaptive_modes_11_15,71,1,
current__adaptive_diffusion_cosine_subspace__tfidf__adaptive_modes_11_15,72,1,
current__adaptive_diffusion_cosine_subspace__tfidf__adaptive_modes_11_15,73,2,0.365551407860806
current__adaptive_diffusion_cosine_subspace__tfidf__adaptive_modes_11_15,74,1,
current__adaptive_diffusion_cosine_subspace__tfidf__adaptive_modes_11_15,75,1,
current__adaptive_diffusion_cosine_subspace__tfidf__adaptive_modes_11_15,76,4,0.28247787690145887
current__adaptive_diffusion_cosine_subspace__tfidf__adaptive_modes_11_15,77,1,
current__adaptive_diffusion_cosine_subspace__tfidf__adaptive_modes_11_15,78,3,0.17489440733019737
current__adaptive_diffusion_cosine_subspace__tfidf__adaptive_modes_11_15,79,3,0.05901343477063229
current__adaptive_diffusion_cosine_subspace__tfidf__adaptive_modes_11_15,80,2,0.4025523584270474
current__adaptive_diffusion_cosine_subspace__tfidf__adaptive_modes_11_15,81,3,0.4351440694486583
current__adaptive_diffusion_cosine_subspace__tfidf__adaptive_modes_11_15,82,4,0.03316830266306129
current__adaptive_diffusion_cosine_subspace__tfidf__adaptive_modes_11_15,83,5,0.26074553076753176
current__adaptive_diffusion_cosine_subspace__tfidf__adaptive_modes_11_15,84,2,0.4119707021944229
current__adaptive_diffusion_cosine_subspace__tfidf__adaptive_modes_11_15,85,3,0.3674653238479461
current__adaptive_diffusion_cosine_subspace__tfidf__adaptive_modes_11_15,86,3,0.05366637893814737
current__adaptive_diffusion_cosine_subspace__tfidf__adaptive_modes_11_15,87,1,
current__adaptive_diffusion_cosine_subspace__tfidf__adaptive_modes_11_15,88,3,0.4188150449591846
current__adaptive_diffusion_cosine_subspace__tfidf__adaptive_modes_11_15,89,1,
current__adaptive_diffusion_cosine_subspace__tfidf__adaptive_modes_11_15,90,3,0.1809841480924154
current__adaptive_diffusion_cosine_subspace__tfidf__adaptive_modes_11_15,91,3,0.04739876961553439
current__adaptive_diffusion_cosine_subspace__tfidf__adaptive_modes_11_15,92,7,0.06623542920791699
current__adaptive_diffusion_cosine_subspace__tfidf__adaptive_modes_11_15,93,1,
current__adaptive_diffusion_cosine_subspace__tfidf__adaptive_modes_11_15,94,1,
current__adaptive_diffusion_cosine_subspace__tfidf__adaptive_modes_11_15,95,1,
current__adaptive_diffusion_cosine_subspace__tfidf__adaptive_modes_11_15,96,2,0.9711608690952658
current__adaptive_diffusion_cosine_subspace__tfidf__adaptive_modes_11_15,97,3,0.1946341799610385
current__adaptive_diffusion_cosine_subspace__tfidf__adaptive_modes_11_15,98,1,
current__adaptive_diffusion_cosine_subspace__tfidf__adaptive_modes_11_15,99,2,0.06628029444217298
current__adaptive_diffusion_cosine_subspace__tfidf__adaptive_modes_11_15,100,3,0.23814768645047582
current__adaptive_diffusion_cosine_subspace__tfidf__adaptive_modes_11_15,101,2,0.01953785129686436
current__adaptive_diffusion_cosine_subspace__tfidf__adaptive_modes_11_15,102,2,0.0
current__adaptive_diffusion_cosine_subspace__tfidf__adaptive_modes_11_15,103,1,
current__adaptive_diffusion_cosine_subspace__tfidf__adaptive_modes_11_15,104,2,0.48640195648846163
current__adaptive_diffusion_cosine_subspace__tfidf__adaptive_modes_11_15,105,1,
current__adaptive_diffusion_cosine_subspace__tfidf__adaptive_modes_11_15,106,1,
current__adaptive_diffusion_cosine_subspace__tfidf__adaptive_modes_11_15,107,1,
current__adaptive_diffusion_cosine_subspace__tfidf__adaptive_modes_11_15,108,1,
current__adaptive_diffusion_cosine_subspace__tfidf__adaptive_modes_11_15,109,1,
current__adaptive_diffusion_cosine_subspace__tfidf__adaptive_modes_11_15,110,3,0.1793869812226004
current__adaptive_diffusion_cosine_subspace__tfidf__adaptive_modes_11_15,111,3,0.48517628666728846
current__adaptive_diffusion_cosine_subspace__tfidf__adaptive_modes_11_15,112,3,0.21080931061133082
current__adaptive_diffusion_cosine_subspace__tfidf__adaptive_modes_11_15,113,2,0.10598412879245245
current__adaptive_diffusion_cosine_subspace__tfidf__adaptive_modes_11_15,114,1,
current__adaptive_diffusion_cosine_subspace__tfidf__adaptive_modes_11_15,115,1,
current__adaptive_diffusion_cosine_subspace__tfidf__adaptive_modes_11_15,116,1,
current__adaptive_diffusion_cosine_subspace__tfidf__adaptive_modes_11_15,117,1,
current__adaptive_diffusion_cosine_subspace__tfidf__adaptive_modes_11_15,118,3,0.13366230263960022
current__adaptive_diffusion_cosine_subspace__tfidf__adaptive_modes_11_15,119,3,0.051238028927642176
current__adaptive_diffusion_cosine_subspace__tfidf__adaptive_modes_11_15,120,3,0.05239395553746403
current__adaptive_diffusion_cosine_subspace__tfidf__adaptive_modes_11_15,121,2,0.20655875680551006
current__adaptive_diffusion_cosine_subspace__tfidf__adaptive_modes_11_15,122,1,
current__adaptive_diffusion_cosine_subspace__tfidf__adaptive_modes_11_15,123,1,
current__adaptive_diffusion_cosine_subspace__tfidf__adaptive_modes_11_15,124,1,
current__adaptive_diffusion_cosine_subspace__tfidf__adaptive_modes_11_15,125,3,0.05434891468481092
current__adaptive_diffusion_cosine_subspace__tfidf__adaptive_modes_11_15,126,1,
current__adaptive_diffusion_cosine_subspace__tfidf__adaptive_modes_11_15,127,1,
current__adaptive_diffusion_cosine_subspace__tfidf__adaptive_modes_11_15,128,4,0.028496055634915567
current__adaptive_diffusion_cosine_subspace__tfidf__adaptive_modes_11_15,129,1,
current__adaptive_diffusion_cosine_subspace__tfidf__adaptive_modes_11_15,130,3,0.3205500982010603
current__adaptive_diffusion_cosine_subspace__tfidf__adaptive_modes_11_15,131,1,
current__adaptive_diffusion_cosine_subspace__tfidf__adaptive_modes_11_15,132,10,0.14912489701923654
current__adaptive_diffusion_cosine_subspace__tfidf__adaptive_modes_11_15,133,1,
current__adaptive_diffusion_cosine_subspace__tfidf__adaptive_modes_11_15,134,5,0.06691746338294254
current__adaptive_diffusion_cosine_subspace__tfidf__adaptive_modes_11_15,135,1,
current__adaptive_diffusion_cosine_subspace__tfidf__adaptive_modes_11_15,136,1,
current__adaptive_diffusion_cosine_subspace__tfidf__adaptive_modes_11_15,137,1,
current__adaptive_diffusion_cosine_subspace__tfidf__adaptive_modes_11_15,138,1,
current__adaptive_diffusion_cosine_subspace__tfidf__adaptive_modes_11_15,139,2,0.6476382610281233
current__adaptive_diffusion_cosine_subspace__tfidf__adaptive_modes_11_15,140,4,0.06892407528999163
current__adaptive_diffusion_cosine_subspace__tfidf__adaptive_modes_11_15,141,4,0.3036505107057556
current__adaptive_diffusion_cosine_subspace__tfidf__adaptive_modes_11_15,142,4,0.3028554244445099
current__adaptive_diffusion_cosine_subspace__tfidf__adaptive_modes_11_15,143,3,0.2834860475646724
current__adaptive_diffusion_cosine_subspace__tfidf__adaptive_modes_11_15,144,3,0.05776238707127016
current__adaptive_diffusion_cosine_subspace__tfidf__adaptive_modes_11_15,145,1,
current__adaptive_diffusion_cosine_subspace__tfidf__adaptive_modes_11_15,146,1,
current__adaptive_diffusion_cosine_subspace__tfidf__adaptive_modes_11_15,147,4,0.37916498937080007
current__adaptive_diffusion_cosine_subspace__tfidf__adaptive_modes_11_15,148,1,
current__adaptive_diffusion_cosine_subspace__tfidf__adaptive_modes_11_15,149,2,0.5216454083412376
current__adaptive_diffusion_cosine_subspace__tfidf__adaptive_modes_11_15,150,1,
current__adaptive_diffusion_cosine_subspace__tfidf__adaptive_modes_11_15,151,1,
current__adaptive_diffusion_cosine_subspace__tfidf__adaptive_modes_11_15,152,3,0.017241325329263146
current__adaptive_diffusion_cosine_subspace__tfidf__adaptive_modes_11_15,153,7,0.06376640783661225
current__adaptive_diffusion_cosine_subspace__tfidf__adaptive_modes_11_15,154,2,0.19336876462588726
current__adaptive_diffusion_cosine_subspace__tfidf__adaptive_modes_11_15,155,1,
current__adaptive_diffusion_cosine_subspace__tfidf__adaptive_modes_11_15,156,1,
current__adaptive_diffusion_cosine_subspace__tfidf__adaptive_modes_11_15,157,1,
current__adaptive_diffusion_cosine_subspace__tfidf__adaptive_modes_11_15,158,3,0.08275651226861758
current__adaptive_diffusion_cosine_subspace__tfidf__adaptive_modes_11_15,159,5,0.19286060740214778
current__adaptive_diffusion_cosine_subspace__tfidf__adaptive_modes_11_15,160,4,0.14914928748521103
current__adaptive_diffusion_cosine_subspace__tfidf__adaptive_modes_11_15,161,4,0.05240119515341357
current__adaptive_diffusion_cosine_subspace__tfidf__adaptive_modes_11_15,162,5,0.08202710270286717
current__adaptive_diffusion_cosine_subspace__tfidf__adaptive_modes_11_15,163,3,0.1561923740442348
current__adaptive_diffusion_cosine_subspace__tfidf__adaptive_modes_11_15,164,4,0.02360973313284746
current__adaptive_diffusion_cosine_subspace__tfidf__adaptive_modes_11_15,165,6,0.04080911141008793
current__adaptive_diffusion_cosine_subspace__tfidf__adaptive_modes_11_15,166,5,0.06695506581370356
current__adaptive_diffusion_cosine_subspace__tfidf__adaptive_modes_11_15,167,3,0.34406482502020613
current__adaptive_diffusion_cosine_subspace__tfidf__adaptive_modes_11_15,168,4,0.040589204173763584
current__adaptive_diffusion_cosine_subspace__tfidf__adaptive_modes_11_15,169,5,0.04114074278910631
current__adaptive_diffusion_cosine_subspace__tfidf__adaptive_modes_11_15,170,1,
current__adaptive_diffusion_cosine_subspace__tfidf__adaptive_modes_11_15,171,2,1.0000000000000007
current__adaptive_diffusion_cosine_subspace__tfidf__adaptive_modes_11_15,172,3,0.5804391183943307
current__adaptive_diffusion_cosine_subspace__tfidf__adaptive_modes_11_15,173,1,
current__adaptive_diffusion_cosine_subspace__tfidf__adaptive_modes_11_15,174,2,0.4635330141610785
current__adaptive_diffusion_cosine_subspace__tfidf__adaptive_modes_11_15,175,2,0.012035984274200384
current__adaptive_diffusion_cosine_subspace__tfidf__adaptive_modes_11_15,176,1,
current__adaptive_diffusion_cosine_subspace__tfidf__adaptive_modes_11_15,177,2,0.17257277755392564
current__adaptive_diffusion_cosine_subspace__tfidf__adaptive_modes_11_15,178,1,
current__adaptive_diffusion_cosine_subspace__tfidf__adaptive_modes_11_15,179,3,0.0290894694274549
current__adaptive_diffusion_cosine_subspace__tfidf__adaptive_modes_11_15,180,2,0.037150049831086385
current__adaptive_diffusion_cosine_subspace__tfidf__adaptive_modes_11_15,181,4,0.05504608045068693
current__adaptive_diffusion_cosine_subspace__tfidf__adaptive_modes_11_15,182,3,0.13853451737788558
current__adaptive_diffusion_cosine_subspace__tfidf__adaptive_modes_11_15,183,2,0.07512177355047545
current__adaptive_diffusion_cosine_subspace__tfidf__adaptive_modes_11_15,184,1,
current__adaptive_diffusion_cosine_subspace__tfidf__adaptive_modes_11_15,185,3,0.05858771374194179
current__adaptive_diffusion_cosine_subspace__tfidf__adaptive_modes_11_15,186,3,0.059352770727539785
current__adaptive_diffusion_cosine_subspace__tfidf__adaptive_modes_11_15,187,2,0.04470896570672145
current__adaptive_diffusion_cosine_subspace__tfidf__adaptive_modes_11_15,188,11,0.06619018263640002
current__adaptive_diffusion_cosine_subspace__tfidf__adaptive_modes_11_15,189,1,
current__adaptive_diffusion_cosine_subspace__tfidf__adaptive_modes_11_15,190,2,0.0030152274893954223
current__adaptive_diffusion_cosine_subspace__tfidf__adaptive_modes_11_15,191,4,0.008519877428083689
current__adaptive_diffusion_cosine_subspace__tfidf__adaptive_modes_11_15,192,3,0.053026451362326275
current__adaptive_diffusion_cosine_subspace__tfidf__adaptive_modes_11_15,193,3,0.006915953754491759
current__adaptive_diffusion_cosine_subspace__tfidf__adaptive_modes_11_15,194,3,0.029748599229213173
current__adaptive_diffusion_cosine_subspace__tfidf__adaptive_modes_11_15,195,1,
current__adaptive_diffusion_cosine_subspace__tfidf__adaptive_modes_11_15,196,3,0.02024674249003559
current__adaptive_diffusion_cosine_subspace__tfidf__adaptive_modes_11_15,197,2,0.050955583867627774
current__adaptive_diffusion_cosine_subspace__tfidf__adaptive_modes_11_15,198,3,0.006501385798817576
current__adaptive_diffusion_cosine_subspace__tfidf__adaptive_modes_11_15,199,1,
current__adaptive_diffusion_cosine_subspace__tfidf__adaptive_modes_11_15,200,3,0.0
current__adaptive_diffusion_cosine_subspace__tfidf__adaptive_modes_11_15,201,7,0.003970125095240725
current__adaptive_diffusion_cosine_subspace__tfidf__adaptive_modes_11_15,202,1,
current__adaptive_diffusion_cosine_subspace__tfidf__adaptive_modes_11_15,203,3,0.045657110653437284
current__adaptive_diffusion_cosine_subspace__tfidf__adaptive_modes_11_15,204,3,0.0012056056434950335
current__adaptive_diffusion_cosine_subspace__tfidf__adaptive_modes_11_15,205,1,
current__adaptive_diffusion_cosine_subspace__tfidf__adaptive_modes_11_15,206,1,
current__adaptive_diffusion_cosine_subspace__tfidf__adaptive_modes_11_15,207,3,0.5277548625875218
current__adaptive_diffusion_cosine_subspace__tfidf__adaptive_modes_11_15,208,3,0.09517209838779261
current__adaptive_diffusion_cosine_subspace__tfidf__adaptive_modes_11_15,209,4,0.06410143616608714
current__adaptive_diffusion_cosine_subspace__tfidf__adaptive_modes_11_15,210,2,0.08066425437535996
current__adaptive_diffusion_cosine_subspace__tfidf__adaptive_modes_11_15,211,1,
current__adaptive_diffusion_cosine_subspace__tfidf__adaptive_modes_11_15,212,4,0.1100257000166438
current__adaptive_diffusion_cosine_subspace__tfidf__adaptive_modes_11_15,213,2,0.0
current__adaptive_diffusion_cosine_subspace__tfidf__adaptive_modes_11_15,214,1,
current__adaptive_diffusion_cosine_subspace__tfidf__adaptive_modes_11_15,215,1,
current__adaptive_diffusion_cosine_subspace__tfidf__adaptive_modes_11_15,216,2,0.5679676597605475
current__adaptive_diffusion_cosine_subspace__tfidf__adaptive_modes_11_15,217,2,0.16839356814206097
current__adaptive_diffusion_cosine_subspace__tfidf__adaptive_modes_11_15,218,1,
current__adaptive_diffusion_cosine_subspace__tfidf__adaptive_modes_11_15,219,3,0.025714837889069402
current__adaptive_diffusion_cosine_subspace__tfidf__adaptive_modes_11_15,220,1,
current__adaptive_diffusion_cosine_subspace__tfidf__adaptive_modes_11_15,221,3,0.09456303714687864
current__adaptive_diffusion_cosine_subspace__tfidf__adaptive_modes_11_15,222,2,0.14327658804234122
current__adaptive_diffusion_cosine_subspace__tfidf__adaptive_modes_11_15,223,1,
current__adaptive_diffusion_cosine_subspace__tfidf__adaptive_modes_11_15,224,2,0.015484414907217303
current__adaptive_diffusion_cosine_subspace__tfidf__adaptive_modes_11_15,225,1,
current__adaptive_diffusion_cosine_subspace__tfidf__adaptive_modes_11_15,226,1,
current__adaptive_diffusion_cosine_subspace__tfidf__adaptive_modes_11_15,227,1,
current__adaptive_diffusion_cosine_subspace__tfidf__adaptive_modes_11_15,228,1,
current__adaptive_diffusion_cosine_subspace__tfidf__adaptive_modes_11_15,229,1,
current__adaptive_diffusion_cosine_subspace__tfidf__adaptive_modes_11_15,230,3,0.04036505483071536
current__adaptive_diffusion_cosine_subspace__tfidf__adaptive_modes_11_15,231,1,
current__adaptive_diffusion_cosine_subspace__tfidf__adaptive_modes_11_15,232,4,0.06182201998452156
current__adaptive_diffusion_cosine_subspace__tfidf__adaptive_modes_11_15,233,3,0.15682819891102615
current__adaptive_diffusion_cosine_subspace__tfidf__adaptive_modes_11_15,234,3,0.10564136104705946
current__adaptive_diffusion_cosine_subspace__tfidf__adaptive_modes_11_15,235,4,0.17095382858972283
current__adaptive_diffusion_cosine_subspace__tfidf__adaptive_modes_16_19,0,16,0.13119716788035884
current__adaptive_diffusion_cosine_subspace__tfidf__adaptive_modes_16_19,1,2,0.6949280357503468
current__adaptive_diffusion_cosine_subspace__tfidf__adaptive_modes_16_19,2,8,0.2914078501385036
current__adaptive_diffusion_cosine_subspace__tfidf__adaptive_modes_16_19,3,29,0.09281620209999884
current__adaptive_diffusion_cosine_subspace__tfidf__adaptive_modes_16_19,4,7,0.19176142352844291
current__adaptive_diffusion_cosine_subspace__tfidf__adaptive_modes_16_19,5,2,0.17902855419788954
current__adaptive_diffusion_cosine_subspace__tfidf__adaptive_modes_16_19,6,1,
current__adaptive_diffusion_cosine_subspace__tfidf__adaptive_modes_16_19,7,3,0.18969281685095027
current__adaptive_diffusion_cosine_subspace__tfidf__adaptive_modes_16_19,8,2,0.6977374422630387
current__adaptive_diffusion_cosine_subspace__tfidf__adaptive_modes_16_19,9,2,0.1872372917925338
current__adaptive_diffusion_cosine_subspace__tfidf__adaptive_modes_16_19,10,1,
current__adaptive_diffusion_cosine_subspace__tfidf__adaptive_modes_16_19,11,2,0.5553102665360178
current__adaptive_diffusion_cosine_subspace__tfidf__adaptive_modes_16_19,12,4,0.2945469274671993
current__adaptive_diffusion_cosine_subspace__tfidf__adaptive_modes_16_19,13,30,0.10222233491257895
current__adaptive_diffusion_cosine_subspace__tfidf__adaptive_modes_16_19,14,1,
current__adaptive_diffusion_cosine_subspace__tfidf__adaptive_modes_16_19,15,9,0.15297547779717158
current__adaptive_diffusion_cosine_subspace__tfidf__adaptive_modes_16_19,16,1,
current__adaptive_diffusion_cosine_subspace__tfidf__adaptive_modes_16_19,17,1,
current__adaptive_diffusion_cosine_subspace__tfidf__adaptive_modes_16_19,18,3,0.3526688346072156
current__adaptive_diffusion_cosine_subspace__tfidf__adaptive_modes_16_19,19,7,0.200115946183159
current__adaptive_diffusion_cosine_subspace__tfidf__adaptive_modes_16_19,20,15,0.10185941190852787
current__adaptive_diffusion_cosine_subspace__tfidf__adaptive_modes_16_19,21,1,
current__adaptive_diffusion_cosine_subspace__tfidf__adaptive_modes_16_19,22,2,0.10690297312590502
current__adaptive_diffusion_cosine_subspace__tfidf__adaptive_modes_16_19,23,6,0.20685224537018038
current__adaptive_diffusion_cosine_subspace__tfidf__adaptive_modes_16_19,24,5,0.4775450972194129
current__adaptive_diffusion_cosine_subspace__tfidf__adaptive_modes_16_19,25,9,0.27673012561886023
current__adaptive_diffusion_cosine_subspace__tfidf__adaptive_modes_16_19,26,1,
current__adaptive_diffusion_cosine_subspace__tfidf__adaptive_modes_16_19,27,2,0.25642583724670365
current__adaptive_diffusion_cosine_subspace__tfidf__adaptive_modes_16_19,28,1,
current__adaptive_diffusion_cosine_subspace__tfidf__adaptive_modes_16_19,29,1,
current__adaptive_diffusion_cosine_subspace__tfidf__adaptive_modes_16_19,30,1,
current__adaptive_diffusion_cosine_subspace__tfidf__adaptive_modes_16_19,31,3,0.9625183350537126
current__adaptive_diffusion_cosine_subspace__tfidf__adaptive_modes_16_19,32,2,0.03394725385152175
current__adaptive_diffusion_cosine_subspace__tfidf__adaptive_modes_16_19,33,12,0.09412973028560837
current__adaptive_diffusion_cosine_subspace__tfidf__adaptive_modes_16_19,34,3,0.5347234596782134
current__adaptive_diffusion_cosine_subspace__tfidf__adaptive_modes_16_19,35,3,0.06304611752348865
current__adaptive_diffusion_cosine_subspace__tfidf__adaptive_modes_16_19,36,1,
current__adaptive_diffusion_cosine_subspace__tfidf__adaptive_modes_16_19,37,4,0.268208763929388
current__adaptive_diffusion_cosine_subspace__tfidf__adaptive_modes_16_19,38,6,0.15825848246896912
current__adaptive_diffusion_cosine_subspace__tfidf__adaptive_modes_16_19,39,12,0.05978910565393101
current__adaptive_diffusion_cosine_subspace__tfidf__adaptive_modes_16_19,40,61,0.04593086849931381
current__adaptive_diffusion_cosine_subspace__tfidf__adaptive_modes_16_19,41,68,0.06438747508332675
current__adaptive_diffusion_cosine_subspace__tfidf__adaptive_modes_16_19,42,28,0.060437305865365325
current__adaptive_diffusion_cosine_subspace__tfidf__adaptive_modes_16_19,43,19,0.12144337715847889
current__adaptive_diffusion_cosine_subspace__tfidf__adaptive_modes_16_19,44,21,0.05946515294337534
current__adaptive_diffusion_cosine_subspace__tfidf__adaptive_modes_16_19,45,35,0.01681376533653964
current__adaptive_diffusion_cosine_subspace__tfidf__adaptive_modes_16_19,46,1,
current__adaptive_diffusion_cosine_subspace__tfidf__adaptive_modes_16_19,47,6,0.08770359475106053
current__adaptive_diffusion_cosine_subspace__tfidf__adaptive_modes_16_19,48,7,0.094719753562141
current__adaptive_diffusion_cosine_subspace__tfidf__adaptive_modes_16_19,49,8,0.1035418092280185
current__adaptive_diffusion_cosine_subspace__tfidf__adaptive_modes_16_19,50,2,0.09735577144805796
current__adaptive_diffusion_cosine_subspace__tfidf__adaptive_modes_16_19,51,12,0.11136023928340785
current__adaptive_diffusion_cosine_subspace__tfidf__adaptive_modes_16_19,52,6,0.18625384760469627
current__adaptive_diffusion_cosine_subspace__tfidf__adaptive_modes_16_19,53,3,0.010194462294211318
current__adaptive_diffusion_cosine_subspace__tfidf__adaptive_modes_16_19,54,5,0.06943306658825676
current__adaptive_diffusion_cosine_subspace__tfidf__adaptive_modes_16_19,55,2,0.0
current__adaptive_diffusion_cosine_subspace__tfidf__adaptive_modes_16_19,56,2,0.0
current__adaptive_diffusion_cosine_subspace__tfidf__adaptive_modes_16_19,57,1,
current__adaptive_diffusion_cosine_subspace__tfidf__adaptive_modes_16_19,58,1,
current__adaptive_diffusion_cosine_subspace__tfidf__adaptive_modes_16_19,59,1,
current__adaptive_diffusion_cosine_subspace__tfidf__adaptive_modes_16_19,60,15,0.03468113749697407
current__adaptive_diffusion_cosine_subspace__tfidf__adaptive_modes_16_19,61,29,0.039150613527828074
current__adaptive_diffusion_cosine_subspace__tfidf__adaptive_modes_16_19,62,8,0.4232220142739779
current__adaptive_diffusion_cosine_subspace__tfidf__adaptive_modes_16_19,63,1,
current__adaptive_diffusion_cosine_subspace__tfidf__adaptive_modes_16_19,64,1,
current__adaptive_diffusion_cosine_subspace__tfidf__adaptive_modes_16_19,65,2,0.01332771768309371
current__adaptive_diffusion_cosine_subspace__tfidf__adaptive_modes_16_19,66,19,0.07874192291613615
current__adaptive_diffusion_cosine_subspace__tfidf__adaptive_modes_16_19,67,5,0.28789877889484045
current__adaptive_diffusion_cosine_subspace__tfidf__adaptive_modes_16_19,68,12,0.1495281307277446
current__adaptive_diffusion_cosine_subspace__tfidf__adaptive_modes_20_31,0,1,
current__adaptive_diffusion_cosine_subspace__tfidf__adaptive_modes_20_31,1,1,
current__adaptive_diffusion_cosine_subspace__tfidf__adaptive_modes_20_31,2,2,0.5456666259361316
current__adaptive_diffusion_cosine_subspace__tfidf__adaptive_modes_20_31,3,1,
current__adaptive_diffusion_cosine_subspace__tfidf__adaptive_modes_20_31,4,3,0.445699421417694
current__adaptive_diffusion_cosine_subspace__tfidf__adaptive_modes_20_31,5,2,0.13631828492499132
current__adaptive_diffusion_cosine_subspace__tfidf__adaptive_modes_20_31,6,1,
current__adaptive_diffusion_cosine_subspace__tfidf__adaptive_modes_20_31,7,1,
current__adaptive_diffusion_cosine_subspace__tfidf__adaptive_modes_20_31,8,2,0.1014307018504208
current__adaptive_diffusion_cosine_subspace__tfidf__adaptive_modes_20_31,9,2,0.3517042179372839
current__adaptive_diffusion_cosine_subspace__tfidf__adaptive_modes_20_31,10,6,0.5154676430827728
current__adaptive_diffusion_cosine_subspace__tfidf__adaptive_modes_20_31,11,2,0.2785281109726574
current__adaptive_diffusion_cosine_subspace__tfidf__adaptive_modes_20_31,12,2,0.1836320805870817
current__adaptive_diffusion_cosine_subspace__tfidf__adaptive_modes_20_31,13,1,
current__adaptive_diffusion_cosine_subspace__tfidf__adaptive_modes_20_31,14,3,0.08185370504028129
current__adaptive_diffusion_cosine_subspace__tfidf__adaptive_modes_20_31,15,1,
current__adaptive_diffusion_cosine_subspace__tfidf__adaptive_modes_20_31,16,1,
current__adaptive_diffusion_cosine_subspace__tfidf__adaptive_modes_20_31,17,1,
current__adaptive_diffusion_cosine_subspace__tfidf__adaptive_modes_20_31,18,2,0.9711608690952658
current__adaptive_diffusion_cosine_subspace__tfidf__adaptive_modes_20_31,19,2,0.1255184963913979
current__adaptive_diffusion_cosine_subspace__tfidf__adaptive_modes_20_31,20,2,0.10960841487514283
current__adaptive_diffusion_cosine_subspace__tfidf__adaptive_modes_20_31,21,3,0.141524392120441
current__adaptive_diffusion_cosine_subspace__tfidf__adaptive_modes_20_31,22,1,
current__adaptive_diffusion_cosine_subspace__tfidf__adaptive_modes_20_31,23,1,
current__adaptive_diffusion_cosine_subspace__tfidf__adaptive_modes_20_31,24,3,0.08565124538350159
current__adaptive_diffusion_cosine_subspace__tfidf__adaptive_modes_20_31,25,1,
current__adaptive_diffusion_cosine_subspace__tfidf__adaptive_modes_20_31,26,1,
current__adaptive_diffusion_cosine_subspace__tfidf__adaptive_modes_20_31,27,1,
current__adaptive_diffusion_cosine_subspace__tfidf__adaptive_modes_20_31,28,1,
current__adaptive_diffusion_cosine_subspace__tfidf__adaptive_modes_20_31,29,4,0.26652151778699734
current__adaptive_diffusion_cosine_subspace__tfidf__adaptive_modes_20_31,30,11,0.05223571560595041
current__adaptive_diffusion_cosine_subspace__tfidf__adaptive_modes_20_31,31,1,
current__adaptive_diffusion_cosine_subspace__tfidf__adaptive_modes_20_31,32,3,0.5623050375587604
current__adaptive_diffusion_cosine_subspace__tfidf__adaptive_modes_20_31,33,2,0.11442901363583347
current__adaptive_diffusion_cosine_subspace__tfidf__adaptive_modes_20_31,34,1,
current__adaptive_diffusion_cosine_subspace__tfidf__adaptive_modes_20_31,35,3,0.41730337953261265
current__adaptive_diffusion_cosine_subspace__tfidf__adaptive_modes_20_31,36,1,
current__adaptive_diffusion_cosine_subspace__tfidf__adaptive_modes_20_31,37,1,
current__adaptive_diffusion_cosine_subspace__tfidf__adaptive_modes_20_31,38,1,
current__adaptive_diffusion_cosine_subspace__tfidf__adaptive_modes_20_31,39,1,
current__adaptive_diffusion_cosine_subspace__tfidf__adaptive_modes_20_31,40,1,
current__adaptive_diffusion_cosine_subspace__tfidf__adaptive_modes_20_31,41,1,
current__adaptive_diffusion_cosine_subspace__tfidf__adaptive_modes_20_31,42,3,0.4627204607307361
current__adaptive_diffusion_cosine_subspace__tfidf__adaptive_modes_20_31,43,1,
current__adaptive_diffusion_cosine_subspace__tfidf__adaptive_modes_20_31,44,4,0.5073061141127493
current__adaptive_diffusion_cosine_subspace__tfidf__adaptive_modes_20_31,45,2,0.0518222838316309
current__adaptive_diffusion_cosine_subspace__tfidf__adaptive_modes_20_31,46,4,0.3648874491190662
current__adaptive_diffusion_cosine_subspace__tfidf__adaptive_modes_20_31,47,7,0.09769707093129354
current__adaptive_diffusion_cosine_subspace__tfidf__adaptive_modes_20_31,48,2,0.12224128119133204
current__adaptive_diffusion_cosine_subspace__tfidf__adaptive_modes_20_31,49,1,
current__adaptive_diffusion_cosine_subspace__tfidf__adaptive_modes_20_31,50,1,
current__adaptive_diffusion_cosine_subspace__tfidf__adaptive_modes_20_31,51,2,0.07638485411768103
current__adaptive_diffusion_cosine_subspace__tfidf__adaptive_modes_20_31,52,2,0.36991620791306246
current__adaptive_diffusion_cosine_subspace__tfidf__adaptive_modes_20_31,53,1,
current__adaptive_diffusion_cosine_subspace__tfidf__adaptive_modes_20_31,54,3,0.39748812058696936
current__adaptive_diffusion_cosine_subspace__tfidf__adaptive_modes_20_31,55,1,
current__adaptive_diffusion_cosine_subspace__tfidf__adaptive_modes_20_31,56,2,0.011049493794163645
current__adaptive_diffusion_cosine_subspace__tfidf__adaptive_modes_20_31,57,1,
current__adaptive_diffusion_cosine_subspace__tfidf__adaptive_modes_20_31,58,1,
current__adaptive_diffusion_cosine_subspace__tfidf__adaptive_modes_20_31,59,2,0.7906784670299798
current__adaptive_diffusion_cosine_subspace__tfidf__adaptive_modes_20_31,60,1,
current__adaptive_diffusion_cosine_subspace__tfidf__adaptive_modes_20_31,61,5,0.24197127070438346
current__adaptive_diffusion_cosine_subspace__tfidf__adaptive_modes_20_31,62,3,0.09875294579434331
current__adaptive_diffusion_cosine_subspace__tfidf__adaptive_modes_20_31,63,1,
current__adaptive_diffusion_cosine_subspace__tfidf__adaptive_modes_20_31,64,2,0.17386409555480253
current__adaptive_diffusion_cosine_subspace__tfidf__adaptive_modes_20_31,65,2,0.12686897898102867
current__adaptive_diffusion_cosine_subspace__tfidf__adaptive_modes_20_31,66,1,
current__adaptive_diffusion_cosine_subspace__tfidf__adaptive_modes_20_31,67,3,0.48517628666728846
current__adaptive_diffusion_cosine_subspace__tfidf__adaptive_modes_20_31,68,2,0.004144971195590874
current__adaptive_diffusion_cosine_subspace__tfidf__adaptive_modes_20_31,69,1,
current__adaptive_diffusion_cosine_subspace__tfidf__adaptive_modes_20_31,70,7,0.2320025571938513
current__adaptive_diffusion_cosine_subspace__tfidf__adaptive_modes_20_31,71,6,0.0643185470282602
current__adaptive_diffusion_cosine_subspace__tfidf__adaptive_modes_20_31,72,2,0.4426992335655635
current__adaptive_diffusion_cosine_subspace__tfidf__adaptive_modes_20_31,73,1,
current__adaptive_diffusion_cosine_subspace__tfidf__adaptive_modes_20_31,74,1,
current__adaptive_diffusion_cosine_subspace__tfidf__adaptive_modes_20_31,75,2,0.05630183625111462
current__adaptive_diffusion_cosine_subspace__tfidf__adaptive_modes_20_31,76,3,0.057374510256835855
current__adaptive_diffusion_cosine_subspace__tfidf__adaptive_modes_20_31,77,1,
current__adaptive_diffusion_cosine_subspace__tfidf__adaptive_modes_20_31,78,12,0.14700354411136615
current__adaptive_diffusion_cosine_subspace__tfidf__adaptive_modes_20_31,79,1,
current__adaptive_diffusion_cosine_subspace__tfidf__adaptive_modes_20_31,80,2,0.19569663163778905
current__adaptive_diffusion_cosine_subspace__tfidf__adaptive_modes_20_31,81,1,
current__adaptive_diffusion_cosine_subspace__tfidf__adaptive_modes_20_31,82,1,
current__adaptive_diffusion_cosine_subspace__tfidf__adaptive_modes_20_31,83,1,
current__adaptive_diffusion_cosine_subspace__tfidf__adaptive_modes_20_31,84,5,0.3605721954891105
current__adaptive_diffusion_cosine_subspace__tfidf__adaptive_modes_20_31,85,3,0.4691953242037526
current__adaptive_diffusion_cosine_subspace__tfidf__adaptive_modes_20_31,86,5,0.13607724765784926
current__adaptive_diffusion_cosine_subspace__tfidf__adaptive_modes_20_31,87,5,0.3547036569551631
current__adaptive_diffusion_cosine_subspace__tfidf__adaptive_modes_20_31,88,1,
current__adaptive_diffusion_cosine_subspace__tfidf__adaptive_modes_20_31,89,4,0.01124333894270646
current__adaptive_diffusion_cosine_subspace__tfidf__adaptive_modes_20_31,90,2,0.16748660794070513
current__adaptive_diffusion_cosine_subspace__tfidf__adaptive_modes_20_31,91,1,
current__adaptive_diffusion_cosine_subspace__tfidf__adaptive_modes_20_31,92,1,
current__adaptive_diffusion_cosine_subspace__tfidf__adaptive_modes_20_31,93,1,
current__adaptive_diffusion_cosine_subspace__tfidf__adaptive_modes_20_31,94,1,
current__adaptive_diffusion_cosine_subspace__tfidf__adaptive_modes_20_31,95,5,0.30439982836927715
current__adaptive_diffusion_cosine_subspace__tfidf__adaptive_modes_20_31,96,1,
current__adaptive_diffusion_cosine_subspace__tfidf__adaptive_modes_20_31,97,3,0.6561010041523322
current__adaptive_diffusion_cosine_subspace__tfidf__adaptive_modes_20_31,98,1,
current__adaptive_diffusion_cosine_subspace__tfidf__adaptive_modes_20_31,99,12,0.09105466373255973
current__adaptive_diffusion_cosine_subspace__tfidf__adaptive_modes_20_31,100,1,
current__adaptive_diffusion_cosine_subspace__tfidf__adaptive_modes_20_31,101,8,0.00952176072652414
current__adaptive_diffusion_cosine_subspace__tfidf__adaptive_modes_20_31,102,2,0.2842841943980956
current__adaptive_diffusion_cosine_subspace__tfidf__adaptive_modes_20_31,103,1,
current__adaptive_diffusion_cosine_subspace__tfidf__adaptive_modes_20_31,104,1,
current__adaptive_diffusion_cosine_subspace__tfidf__adaptive_modes_20_31,105,1,
current__adaptive_diffusion_cosine_subspace__tfidf__adaptive_modes_20_31,106,8,0.251983071988849
current__adaptive_diffusion_cosine_subspace__tfidf__adaptive_modes_20_31,107,7,0.22542161069499772
current__adaptive_diffusion_cosine_subspace__tfidf__adaptive_modes_20_31,108,2,0.00749863420885144
current__adaptive_diffusion_cosine_subspace__tfidf__adaptive_modes_20_31,109,3,0.5887778755189669
current__adaptive_diffusion_cosine_subspace__tfidf__adaptive_modes_20_31,110,1,
current__adaptive_diffusion_cosine_subspace__tfidf__adaptive_modes_20_31,111,1,
current__adaptive_diffusion_cosine_subspace__tfidf__adaptive_modes_20_31,112,2,0.558226675124907
current__adaptive_diffusion_cosine_subspace__tfidf__adaptive_modes_20_31,113,1,
current__adaptive_diffusion_cosine_subspace__tfidf__adaptive_modes_20_31,114,1,
current__adaptive_diffusion_cosine_subspace__tfidf__adaptive_modes_20_31,115,2,0.04947755332635051
current__adaptive_diffusion_cosine_subspace__tfidf__adaptive_modes_20_31,116,3,0.035401801808072175
current__adaptive_diffusion_cosine_subspace__tfidf__adaptive_modes_20_31,117,1,
current__adaptive_diffusion_cosine_subspace__tfidf__adaptive_modes_20_31,118,1,
current__adaptive_diffusion_cosine_subspace__tfidf__adaptive_modes_20_31,119,1,
current__adaptive_diffusion_cosine_subspace__tfidf__adaptive_modes_20_31,120,1,
current__adaptive_diffusion_cosine_subspace__tfidf__adaptive_modes_20_31,121,1,
current__adaptive_diffusion_cosine_subspace__tfidf__adaptive_modes_20_31,122,2,0.026109570865836318
current__adaptive_diffusion_cosine_subspace__tfidf__adaptive_modes_20_31,123,3,0.4913123771838482
current__adaptive_diffusion_cosine_subspace__tfidf__adaptive_modes_20_31,124,2,0.2470078709131971
current__adaptive_diffusion_cosine_subspace__tfidf__adaptive_modes_20_31,125,2,0.6977374422630387
current__adaptive_diffusion_cosine_subspace__tfidf__adaptive_modes_20_31,126,1,
current__adaptive_diffusion_cosine_subspace__tfidf__adaptive_modes_20_31,127,1,
current__adaptive_diffusion_cosine_subspace__tfidf__adaptive_modes_20_31,128,1,
current__adaptive_diffusion_cosine_subspace__tfidf__adaptive_modes_20_31,129,4,0.1416937600454782
current__adaptive_diffusion_cosine_subspace__tfidf__adaptive_modes_20_31,130,1,
current__adaptive_diffusion_cosine_subspace__tfidf__adaptive_modes_20_31,131,1,
current__adaptive_diffusion_cosine_subspace__tfidf__adaptive_modes_20_31,132,1,
current__adaptive_diffusion_cosine_subspace__tfidf__adaptive_modes_20_31,133,2,0.48933876071729654
current__adaptive_diffusion_cosine_subspace__tfidf__adaptive_modes_20_31,134,7,0.21610163122270323
current__adaptive_diffusion_cosine_subspace__tfidf__adaptive_modes_20_31,135,2,0.1425044934392321
current__adaptive_diffusion_cosine_subspace__tfidf__adaptive_modes_20_31,136,5,0.19727863621340083
current__adaptive_diffusion_cosine_subspace__tfidf__adaptive_modes_20_31,137,1,
current__adaptive_diffusion_cosine_subspace__tfidf__adaptive_modes_20_31,138,1,
current__adaptive_diffusion_cosine_subspace__tfidf__adaptive_modes_20_31,139,1,
current__adaptive_diffusion_cosine_subspace__tfidf__adaptive_modes_20_31,140,1,
current__adaptive_diffusion_cosine_subspace__tfidf__adaptive_modes_20_31,141,1,
current__adaptive_diffusion_cosine_subspace__tfidf__adaptive_modes_20_31,142,4,0.21032801503932433
current__adaptive_diffusion_cosine_subspace__tfidf__adaptive_modes_20_31,143,5,0.18996911524930074
current__adaptive_diffusion_cosine_subspace__tfidf__adaptive_modes_20_31,144,3,0.005412100291466881
current__adaptive_diffusion_cosine_subspace__tfidf__adaptive_modes_20_31,145,2,0.23429174817270715
current__adaptive_diffusion_cosine_subspace__tfidf__adaptive_modes_20_31,146,2,0.01997164120336914
current__adaptive_diffusion_cosine_subspace__tfidf__adaptive_modes_20_31,147,1,
current__adaptive_diffusion_cosine_subspace__tfidf__adaptive_modes_20_31,148,4,0.47986563738058363
current__adaptive_diffusion_cosine_subspace__tfidf__adaptive_modes_20_31,149,1,
current__adaptive_diffusion_cosine_subspace__tfidf__adaptive_modes_20_31,150,1,
current__adaptive_diffusion_cosine_subspace__tfidf__adaptive_modes_20_31,151,3,0.0790934772643433
current__adaptive_diffusion_cosine_subspace__tfidf__adaptive_modes_20_31,152,20,0.0619011312062339
current__adaptive_diffusion_cosine_subspace__tfidf__adaptive_modes_20_31,153,1,
current__adaptive_diffusion_cosine_subspace__tfidf__adaptive_modes_20_31,154,5,0.29485492128597485
current__adaptive_diffusion_cosine_subspace__tfidf__adaptive_modes_20_31,155,2,0.06073615477025873
current__adaptive_diffusion_cosine_subspace__tfidf__adaptive_modes_20_31,156,6,0.06230946523625169
current__adaptive_diffusion_cosine_subspace__tfidf__adaptive_modes_20_31,157,1,
current__adaptive_diffusion_cosine_subspace__tfidf__adaptive_modes_20_31,158,2,0.030937246903466997
current__adaptive_diffusion_cosine_subspace__tfidf__adaptive_modes_20_31,159,9,0.12663156780777254
current__adaptive_diffusion_cosine_subspace__tfidf__adaptive_modes_20_31,160,1,
current__adaptive_diffusion_cosine_subspace__tfidf__adaptive_modes_20_31,161,1,
current__adaptive_diffusion_cosine_subspace__tfidf__adaptive_modes_20_31,162,1,
current__adaptive_diffusion_cosine_subspace__tfidf__adaptive_modes_20_31,163,1,
current__adaptive_diffusion_cosine_subspace__tfidf__adaptive_modes_20_31,164,5,0.13433900198518572
current__adaptive_diffusion_cosine_subspace__tfidf__adaptive_modes_20_31,165,7,0.15445305371314788
current__adaptive_diffusion_cosine_subspace__tfidf__adaptive_modes_20_31,166,3,0.29748978615728094
current__adaptive_diffusion_cosine_subspace__tfidf__adaptive_modes_20_31,167,2,0.03608057347964699
current__adaptive_diffusion_cosine_subspace__tfidf__adaptive_modes_20_31,168,1,
current__adaptive_diffusion_cosine_subspace__tfidf__adaptive_modes_20_31,169,1,
current__adaptive_diffusion_cosine_subspace__tfidf__adaptive_modes_20_31,170,1,
current__adaptive_diffusion_cosine_subspace__tfidf__adaptive_modes_20_31,171,1,
current__adaptive_diffusion_cosine_subspace__tfidf__adaptive_modes_20_31,172,1,
current__adaptive_diffusion_cosine_subspace__tfidf__adaptive_modes_20_31,173,5,0.15163572300420264
current__adaptive_diffusion_cosine_subspace__tfidf__adaptive_modes_20_31,174,1,
current__adaptive_diffusion_cosine_subspace__tfidf__adaptive_modes_20_31,175,1,
current__adaptive_diffusion_cosine_subspace__tfidf__adaptive_modes_20_31,176,1,
current__adaptive_diffusion_cosine_subspace__tfidf__adaptive_modes_20_31,177,5,0.45374269697366126
current__adaptive_diffusion_cosine_subspace__tfidf__adaptive_modes_20_31,178,3,0.4995608666902953
current__adaptive_diffusion_cosine_subspace__tfidf__adaptive_modes_20_31,179,21,0.0421679630934307
current__adaptive_diffusion_cosine_subspace__tfidf__adaptive_modes_20_31,180,7,0.17815595161972664
current__adaptive_diffusion_cosine_subspace__tfidf__adaptive_modes_20_31,181,4,0.021786843287827613
current__adaptive_diffusion_cosine_subspace__tfidf__adaptive_modes_20_31,182,3,0.4318541901226878
current__adaptive_diffusion_cosine_subspace__tfidf__adaptive_modes_20_31,183,4,0.004856213848714412
current__adaptive_diffusion_cosine_subspace__tfidf__adaptive_modes_20_31,184,1,
current__adaptive_diffusion_cosine_subspace__tfidf__adaptive_modes_20_31,185,1,
current__adaptive_diffusion_cosine_subspace__tfidf__adaptive_modes_20_31,186,2,0.31283446272873205
current__adaptive_diffusion_cosine_subspace__tfidf__adaptive_modes_20_31,187,1,
current__adaptive_diffusion_cosine_subspace__tfidf__adaptive_modes_20_31,188,1,
current__adaptive_diffusion_cosine_subspace__tfidf__adaptive_modes_20_31,189,1,
current__adaptive_diffusion_cosine_subspace__tfidf__adaptive_modes_20_31,190,1,
current__adaptive_diffusion_cosine_subspace__tfidf__adaptive_modes_20_31,191,1,
current__adaptive_diffusion_cosine_subspace__tfidf__adaptive_modes_20_31,192,1,
current__adaptive_diffusion_cosine_subspace__tfidf__adaptive_modes_20_31,193,5,0.7501279600492877
current__adaptive_diffusion_cosine_subspace__tfidf__adaptive_modes_20_31,194,1,
current__adaptive_diffusion_cosine_subspace__tfidf__adaptive_modes_20_31,195,1,
current__adaptive_diffusion_cosine_subspace__tfidf__adaptive_modes_20_31,196,1,
current__adaptive_diffusion_cosine_subspace__tfidf__adaptive_modes_20_31,197,5,0.34854684638453187
current__adaptive_diffusion_cosine_subspace__tfidf__adaptive_modes_20_31,198,1,
current__adaptive_diffusion_cosine_subspace__tfidf__adaptive_modes_20_31,199,1,
current__adaptive_diffusion_cosine_subspace__tfidf__adaptive_modes_20_31,200,2,0.39331733830022264
current__adaptive_diffusion_cosine_subspace__tfidf__adaptive_modes_20_31,201,5,0.12255645146871803
current__adaptive_diffusion_cosine_subspace__tfidf__adaptive_modes_20_31,202,1,
current__adaptive_diffusion_cosine_subspace__tfidf__adaptive_modes_20_31,203,1,
current__adaptive_diffusion_cosine_subspace__tfidf__adaptive_modes_20_31,204,1,
current__adaptive_diffusion_cosine_subspace__tfidf__adaptive_modes_20_31,205,1,
current__adaptive_diffusion_cosine_subspace__tfidf__adaptive_modes_20_31,206,1,
current__adaptive_diffusion_cosine_subspace__tfidf__adaptive_modes_20_31,207,1,
current__adaptive_diffusion_cosine_subspace__tfidf__adaptive_modes_20_31,208,2,0.4556834600237343
current__adaptive_diffusion_cosine_subspace__tfidf__adaptive_modes_20_31,209,5,0.10199575829527827
current__adaptive_diffusion_cosine_subspace__tfidf__adaptive_modes_20_31,210,1,
current__adaptive_diffusion_cosine_subspace__tfidf__adaptive_modes_20_31,211,4,0.377864713155885
current__adaptive_diffusion_cosine_subspace__tfidf__adaptive_modes_20_31,212,2,0.08339785790699894
current__adaptive_diffusion_cosine_subspace__tfidf__adaptive_modes_20_31,213,1,
current__adaptive_diffusion_cosine_subspace__tfidf__adaptive_modes_20_31,214,3,0.09838300914468172
current__adaptive_diffusion_cosine_subspace__tfidf__adaptive_modes_20_31,215,1,
current__adaptive_diffusion_cosine_subspace__tfidf__adaptive_modes_20_31,216,1,
current__adaptive_diffusion_cosine_subspace__tfidf__adaptive_modes_20_31,217,1,
current__adaptive_diffusion_cosine_subspace__tfidf__adaptive_modes_20_31,218,4,0.06640841564872117
current__adaptive_diffusion_cosine_subspace__tfidf__adaptive_modes_20_31,219,2,0.0
current__adaptive_diffusion_cosine_subspace__tfidf__adaptive_modes_20_31,220,2,0.0
current__adaptive_diffusion_cosine_subspace__tfidf__adaptive_modes_20_31,221,2,0.0374674503496899
current__adaptive_diffusion_cosine_subspace__tfidf__adaptive_modes_20_31,222,1,
current__adaptive_diffusion_cosine_subspace__tfidf__adaptive_modes_20_31,223,1,
current__adaptive_diffusion_cosine_subspace__tfidf__adaptive_modes_20_31,224,2,0.08269318072724907
current__adaptive_diffusion_cosine_subspace__tfidf__adaptive_modes_20_31,225,3,0.08012692895407285
current__adaptive_diffusion_cosine_subspace__tfidf__adaptive_modes_20_31,226,1,
current__adaptive_diffusion_cosine_subspace__tfidf__adaptive_modes_20_31,227,2,0.5255968409619687
current__adaptive_diffusion_cosine_subspace__tfidf__adaptive_modes_20_31,228,1,
current__adaptive_diffusion_cosine_subspace__tfidf__adaptive_modes_20_31,229,2,0.053209136222162945
current__adaptive_diffusion_cosine_subspace__tfidf__adaptive_modes_20_31,230,1,
current__adaptive_diffusion_cosine_subspace__tfidf__adaptive_modes_20_31,231,1,
current__adaptive_diffusion_cosine_subspace__tfidf__adaptive_modes_20_31,232,1,
current__adaptive_diffusion_cosine_subspace__tfidf__adaptive_modes_20_31,233,1,
current__adaptive_diffusion_cosine_subspace__tfidf__adaptive_modes_20_31,234,3,0.12344675781579177
current__adaptive_diffusion_cosine_subspace__tfidf__adaptive_modes_20_31,235,1,
current__adaptive_diffusion_cosine_subspace__tfidf__adaptive_modes_20_31,236,1,
current__adaptive_diffusion_cosine_subspace__tfidf__adaptive_modes_20_31,237,1,
current__adaptive_diffusion_cosine_subspace__tfidf__adaptive_modes_20_31,238,5,0.26317347700399546
current__adaptive_diffusion_cosine_subspace__tfidf__adaptive_modes_20_31,239,2,0.0317442542691827
current__adaptive_diffusion_cosine_subspace__tfidf__adaptive_modes_20_31,240,1,
current__adaptive_diffusion_cosine_subspace__tfidf__adaptive_modes_20_31,241,1,
current__adaptive_diffusion_cosine_subspace__tfidf__adaptive_modes_20_31,242,1,
current__adaptive_diffusion_cosine_subspace__tfidf__adaptive_modes_20_31,243,1,
current__adaptive_diffusion_cosine_subspace__tfidf__adaptive_modes_20_31,244,13,0.1655202874414906
current__adaptive_diffusion_cosine_subspace__tfidf__adaptive_modes_20_31,245,1,
current__adaptive_diffusion_cosine_subspace__tfidf__adaptive_modes_20_31,246,4,0.46730473677831164
current__adaptive_diffusion_cosine_subspace__tfidf__adaptive_modes_20_31,247,1,
current__adaptive_diffusion_cosine_subspace__tfidf__adaptive_modes_20_31,248,2,0.019554048945761293
current__adaptive_diffusion_cosine_subspace__tfidf__adaptive_modes_32_52,0,1,
current__adaptive_diffusion_cosine_subspace__tfidf__adaptive_modes_32_52,1,1,
current__adaptive_diffusion_cosine_subspace__tfidf__adaptive_modes_32_52,2,1,
current__adaptive_diffusion_cosine_subspace__tfidf__adaptive_modes_32_52,3,1,
current__adaptive_diffusion_cosine_subspace__tfidf__adaptive_modes_32_52,4,1,
current__adaptive_diffusion_cosine_subspace__tfidf__adaptive_modes_32_52,5,1,
current__adaptive_diffusion_cosine_subspace__tfidf__adaptive_modes_32_52,6,1,
current__adaptive_diffusion_cosine_subspace__tfidf__adaptive_modes_32_52,7,1,
current__adaptive_diffusion_cosine_subspace__tfidf__adaptive_modes_32_52,8,1,
current__adaptive_diffusion_cosine_subspace__tfidf__adaptive_modes_32_52,9,1,
current__adaptive_diffusion_cosine_subspace__tfidf__adaptive_modes_32_52,10,1,
current__adaptive_diffusion_cosine_subspace__tfidf__adaptive_modes_32_52,11,1,
current__adaptive_diffusion_cosine_subspace__tfidf__adaptive_modes_32_52,12,1,
current__adaptive_diffusion_cosine_subspace__tfidf__adaptive_modes_32_52,13,1,
current__adaptive_diffusion_cosine_subspace__tfidf__adaptive_modes_32_52,14,1,
current__adaptive_diffusion_cosine_subspace__tfidf__adaptive_modes_32_52,15,1,
current__adaptive_diffusion_cosine_subspace__tfidf__adaptive_modes_32_52,16,1,
current__adaptive_diffusion_cosine_subspace__tfidf__adaptive_modes_32_52,17,1,
current__adaptive_diffusion_cosine_subspace__tfidf__adaptive_modes_32_52,18,1,
current__adaptive_diffusion_cosine_subspace__tfidf__adaptive_modes_32_52,19,1,
current__adaptive_diffusion_cosine_subspace__tfidf__adaptive_modes_32_52,20,1,
current__adaptive_diffusion_cosine_subspace__tfidf__adaptive_modes_32_52,21,1,
current__adaptive_diffusion_cosine_subspace__tfidf__adaptive_modes_32_52,22,1,
current__adaptive_diffusion_cosine_subspace__tfidf__adaptive_modes_32_52,23,1,
current__adaptive_diffusion_cosine_subspace__tfidf__adaptive_modes_32_52,24,1,
current__adaptive_diffusion_cosine_subspace__tfidf__adaptive_modes_32_52,25,1,
current__adaptive_diffusion_cosine_subspace__tfidf__adaptive_modes_32_52,26,1,
current__adaptive_diffusion_cosine_subspace__tfidf__adaptive_modes_32_52,27,1,
current__adaptive_diffusion_cosine_subspace__tfidf__adaptive_modes_32_52,28,1,
current__adaptive_diffusion_cosine_subspace__tfidf__adaptive_modes_32_52,29,1,
current__adaptive_diffusion_cosine_subspace__tfidf__adaptive_modes_32_52,30,1,
current__adaptive_diffusion_cosine_subspace__tfidf__adaptive_modes_32_52,31,1,
current__adaptive_diffusion_cosine_subspace__tfidf__adaptive_modes_32_52,32,1,
current__adaptive_diffusion_cosine_subspace__tfidf__adaptive_modes_32_52,33,1,
current__adaptive_diffusion_cosine_subspace__tfidf__adaptive_modes_32_52,34,1,
current__adaptive_diffusion_cosine_subspace__tfidf__adaptive_modes_32_52,35,1,
current__adaptive_diffusion_cosine_subspace__tfidf__adaptive_modes_32_52,36,1,
current__adaptive_diffusion_cosine_subspace__tfidf__adaptive_modes_32_52,37,1,
current__adaptive_diffusion_cosine_subspace__tfidf__adaptive_modes_32_52,38,1,
current__adaptive_diffusion_cosine_subspace__tfidf__adaptive_modes_32_52,39,1,
current__adaptive_diffusion_cosine_subspace__tfidf__adaptive_modes_32_52,40,1,
current__adaptive_diffusion_cosine_subspace__tfidf__adaptive_modes_32_52,41,1,
current__adaptive_diffusion_cosine_subspace__tfidf__adaptive_modes_32_52,42,1,
current__adaptive_diffusion_cosine_subspace__tfidf__adaptive_modes_32_52,43,1,
current__adaptive_diffusion_cosine_subspace__tfidf__adaptive_modes_32_52,44,1,
current__adaptive_diffusion_cosine_subspace__tfidf__adaptive_modes_32_52,45,1,
current__adaptive_diffusion_cosine_subspace__tfidf__adaptive_modes_32_52,46,1,
current__adaptive_diffusion_cosine_subspace__tfidf__adaptive_modes_32_52,47,1,
current__adaptive_diffusion_cosine_subspace__tfidf__adaptive_modes_32_52,48,1,
current__adaptive_diffusion_cosine_subspace__tfidf__adaptive_modes_32_52,49,1,
current__adaptive_diffusion_cosine_subspace__tfidf__adaptive_modes_32_52,50,1,
current__adaptive_diffusion_cosine_subspace__tfidf__adaptive_modes_32_52,51,1,
current__adaptive_diffusion_cosine_subspace__tfidf__adaptive_modes_32_52,52,1,
current__adaptive_diffusion_cosine_subspace__tfidf__adaptive_modes_32_52,53,1,
current__adaptive_diffusion_cosine_subspace__tfidf__adaptive_modes_32_52,54,1,
current__adaptive_diffusion_cosine_subspace__tfidf__adaptive_modes_32_52,55,1,
current__adaptive_diffusion_cosine_subspace__tfidf__adaptive_modes_32_52,56,1,
current__adaptive_diffusion_cosine_subspace__tfidf__adaptive_modes_32_52,57,1,
current__adaptive_diffusion_cosine_subspace__tfidf__adaptive_modes_32_52,58,1,
current__adaptive_diffusion_cosine_subspace__tfidf__adaptive_modes_32_52,59,1,
current__adaptive_diffusion_cosine_subspace__tfidf__adaptive_modes_32_52,60,1,
current__adaptive_diffusion_cosine_subspace__tfidf__adaptive_modes_32_52,61,1,
current__adaptive_diffusion_cosine_subspace__tfidf__adaptive_modes_32_52,62,1,
current__adaptive_diffusion_cosine_subspace__tfidf__adaptive_modes_32_52,63,1,
current__adaptive_diffusion_cosine_subspace__tfidf__adaptive_modes_32_52,64,1,
current__adaptive_diffusion_cosine_subspace__tfidf__adaptive_modes_32_52,65,1,
current__adaptive_diffusion_cosine_subspace__tfidf__adaptive_modes_32_52,66,1,
current__adaptive_diffusion_cosine_subspace__tfidf__adaptive_modes_32_52,67,1,
current__adaptive_diffusion_cosine_subspace__tfidf__adaptive_modes_32_52,68,1,
current__adaptive_diffusion_cosine_subspace__tfidf__adaptive_modes_32_52,69,1,
current__adaptive_diffusion_cosine_subspace__tfidf__adaptive_modes_32_52,70,1,
current__adaptive_diffusion_cosine_subspace__tfidf__adaptive_modes_32_52,71,1,
current__adaptive_diffusion_cosine_subspace__tfidf__adaptive_modes_32_52,72,1,
current__adaptive_diffusion_cosine_subspace__tfidf__adaptive_modes_32_52,73,1,
current__adaptive_diffusion_cosine_subspace__tfidf__adaptive_modes_32_52,74,1,
current__adaptive_diffusion_cosine_subspace__tfidf__adaptive_modes_32_52,75,1,
current__adaptive_diffusion_cosine_subspace__tfidf__adaptive_modes_32_52,76,1,
current__adaptive_diffusion_cosine_subspace__tfidf__adaptive_modes_32_52,77,2,0.9784051028138472
current__adaptive_diffusion_cosine_subspace__tfidf__adaptive_modes_32_52,78,1,
current__adaptive_diffusion_cosine_subspace__tfidf__adaptive_modes_32_52,79,1,
current__adaptive_diffusion_cosine_subspace__tfidf__adaptive_modes_32_52,80,1,
current__adaptive_diffusion_cosine_subspace__tfidf__adaptive_modes_32_52,81,1,
current__adaptive_diffusion_cosine_subspace__tfidf__adaptive_modes_32_52,82,1,
current__adaptive_diffusion_cosine_subspace__tfidf__adaptive_modes_32_52,83,1,
current__adaptive_diffusion_cosine_subspace__tfidf__adaptive_modes_32_52,84,1,
current__adaptive_diffusion_cosine_subspace__tfidf__adaptive_modes_32_52,85,1,
current__adaptive_diffusion_cosine_subspace__tfidf__adaptive_modes_32_52,86,1,
current__adaptive_diffusion_cosine_subspace__tfidf__adaptive_modes_32_52,87,1,
current__adaptive_diffusion_cosine_subspace__tfidf__adaptive_modes_32_52,88,1,
current__adaptive_diffusion_cosine_subspace__tfidf__adaptive_modes_32_52,89,1,
current__adaptive_diffusion_cosine_subspace__tfidf__adaptive_modes_32_52,90,1,
current__adaptive_diffusion_cosine_subspace__tfidf__adaptive_modes_32_52,91,1,
current__adaptive_diffusion_cosine_subspace__tfidf__adaptive_modes_32_52,92,1,
current__adaptive_diffusion_cosine_subspace__tfidf__adaptive_modes_32_52,93,1,
current__adaptive_diffusion_cosine_subspace__tfidf__adaptive_modes_32_52,94,1,
current__adaptive_diffusion_cosine_subspace__tfidf__adaptive_modes_32_52,95,1,
current__adaptive_diffusion_cosine_subspace__tfidf__adaptive_modes_32_52,96,1,
current__adaptive_diffusion_cosine_subspace__tfidf__adaptive_modes_32_52,97,1,
current__adaptive_diffusion_cosine_subspace__tfidf__adaptive_modes_32_52,98,1,
current__adaptive_diffusion_cosine_subspace__tfidf__adaptive_modes_32_52,99,1,
current__adaptive_diffusion_cosine_subspace__tfidf__adaptive_modes_32_52,100,1,
current__adaptive_diffusion_cosine_subspace__tfidf__adaptive_modes_32_52,101,1,
current__adaptive_diffusion_cosine_subspace__tfidf__adaptive_modes_32_52,102,1,
current__adaptive_diffusion_cosine_subspace__tfidf__adaptive_modes_32_52,103,1,
current__adaptive_diffusion_cosine_subspace__tfidf__adaptive_modes_32_52,104,1,
current__adaptive_diffusion_cosine_subspace__tfidf__adaptive_modes_32_52,105,1,
current__adaptive_diffusion_cosine_subspace__tfidf__adaptive_modes_32_52,106,1,
current__adaptive_diffusion_cosine_subspace__tfidf__adaptive_modes_32_52,107,1,
current__adaptive_diffusion_cosine_subspace__tfidf__adaptive_modes_32_52,108,1,
current__adaptive_diffusion_cosine_subspace__tfidf__adaptive_modes_32_52,109,1,
current__adaptive_diffusion_cosine_subspace__tfidf__adaptive_modes_32_52,110,1,
current__adaptive_diffusion_cosine_subspace__tfidf__adaptive_modes_32_52,111,1,
current__adaptive_diffusion_cosine_subspace__tfidf__adaptive_modes_32_52,112,1,
current__adaptive_diffusion_cosine_subspace__tfidf__adaptive_modes_32_52,113,1,
current__adaptive_diffusion_cosine_subspace__tfidf__adaptive_modes_32_52,114,1,
current__adaptive_diffusion_cosine_subspace__tfidf__adaptive_modes_32_52,115,1,
current__adaptive_diffusion_cosine_subspace__tfidf__adaptive_modes_32_52,116,1,
current__adaptive_diffusion_cosine_subspace__tfidf__adaptive_modes_32_52,117,1,
current__adaptive_diffusion_cosine_subspace__tfidf__adaptive_modes_32_52,118,1,
current__adaptive_diffusion_cosine_subspace__tfidf__adaptive_modes_32_52,119,1,
current__adaptive_diffusion_cosine_subspace__tfidf__adaptive_modes_32_52,120,1,
current__adaptive_diffusion_cosine_subspace__tfidf__adaptive_modes_32_52,121,1,
current__adaptive_diffusion_cosine_subspace__tfidf__adaptive_modes_32_52,122,1,
current__adaptive_diffusion_cosine_subspace__tfidf__adaptive_modes_32_52,123,1,
current__adaptive_diffusion_cosine_subspace__tfidf__adaptive_modes_32_52,124,1,
current__adaptive_diffusion_cosine_subspace__tfidf__adaptive_modes_32_52,125,1,
current__adaptive_diffusion_cosine_subspace__tfidf__adaptive_modes_32_52,126,1,
current__adaptive_diffusion_cosine_subspace__tfidf__adaptive_modes_32_52,127,1,
current__adaptive_diffusion_cosine_subspace__tfidf__adaptive_modes_32_52,128,1,
current__adaptive_diffusion_cosine_subspace__tfidf__adaptive_modes_32_52,129,1,
current__adaptive_diffusion_cosine_subspace__tfidf__adaptive_modes_32_52,130,1,
current__adaptive_diffusion_cosine_subspace__tfidf__adaptive_modes_32_52,131,1,
current__adaptive_diffusion_cosine_subspace__tfidf__adaptive_modes_32_52,132,2,0.7826971304396747
current__adaptive_diffusion_cosine_subspace__tfidf__adaptive_modes_32_52,133,1,
current__adaptive_diffusion_cosine_subspace__tfidf__adaptive_modes_32_52,134,1,
current__adaptive_diffusion_cosine_subspace__tfidf__adaptive_modes_32_52,135,1,
current__adaptive_diffusion_cosine_subspace__tfidf__adaptive_modes_32_52,136,1,
current__adaptive_diffusion_cosine_subspace__tfidf__adaptive_modes_32_52,137,1,
current__adaptive_diffusion_cosine_subspace__tfidf__adaptive_modes_32_52,138,1,
current__adaptive_diffusion_cosine_subspace__tfidf__adaptive_modes_32_52,139,1,
current__adaptive_diffusion_cosine_subspace__tfidf__adaptive_modes_32_52,140,1,
current__adaptive_diffusion_cosine_subspace__tfidf__adaptive_modes_32_52,141,1,
current__adaptive_diffusion_cosine_subspace__tfidf__adaptive_modes_32_52,142,1,
current__adaptive_diffusion_cosine_subspace__tfidf__adaptive_modes_32_52,143,1,
current__adaptive_diffusion_cosine_subspace__tfidf__adaptive_modes_32_52,144,1,
current__adaptive_diffusion_cosine_subspace__tfidf__adaptive_modes_32_52,145,1,
current__adaptive_diffusion_cosine_subspace__tfidf__adaptive_modes_32_52,146,1,
current__adaptive_diffusion_cosine_subspace__tfidf__adaptive_modes_32_52,147,1,
current__adaptive_diffusion_cosine_subspace__tfidf__adaptive_modes_32_52,148,1,
current__adaptive_diffusion_cosine_subspace__tfidf__adaptive_modes_32_52,149,1,
current__adaptive_diffusion_cosine_subspace__tfidf__adaptive_modes_32_52,150,1,
current__adaptive_diffusion_cosine_subspace__tfidf__adaptive_modes_32_52,151,1,
current__adaptive_diffusion_cosine_subspace__tfidf__adaptive_modes_32_52,152,1,
current__adaptive_diffusion_cosine_subspace__tfidf__adaptive_modes_32_52,153,1,
current__adaptive_diffusion_cosine_subspace__tfidf__adaptive_modes_32_52,154,1,
current__adaptive_diffusion_cosine_subspace__tfidf__adaptive_modes_32_52,155,1,
current__adaptive_diffusion_cosine_subspace__tfidf__adaptive_modes_32_52,156,1,
current__adaptive_diffusion_cosine_subspace__tfidf__adaptive_modes_32_52,157,1,
current__adaptive_diffusion_cosine_subspace__tfidf__adaptive_modes_32_52,158,1,
current__adaptive_diffusion_cosine_subspace__tfidf__adaptive_modes_32_52,159,1,
current__adaptive_diffusion_cosine_subspace__tfidf__adaptive_modes_32_52,160,1,
current__adaptive_diffusion_cosine_subspace__tfidf__adaptive_modes_32_52,161,1,
current__adaptive_diffusion_cosine_subspace__tfidf__adaptive_modes_32_52,162,1,
current__adaptive_diffusion_cosine_subspace__tfidf__adaptive_modes_32_52,163,1,
current__adaptive_diffusion_cosine_subspace__tfidf__adaptive_modes_32_52,164,1,
current__adaptive_diffusion_cosine_subspace__tfidf__adaptive_modes_32_52,165,1,
current__adaptive_diffusion_cosine_subspace__tfidf__adaptive_modes_32_52,166,1,
current__adaptive_diffusion_cosine_subspace__tfidf__adaptive_modes_32_52,167,1,
current__adaptive_diffusion_cosine_subspace__tfidf__adaptive_modes_32_52,168,1,
current__adaptive_diffusion_cosine_subspace__tfidf__adaptive_modes_32_52,169,1,
current__adaptive_diffusion_cosine_subspace__tfidf__adaptive_modes_32_52,170,1,
current__adaptive_diffusion_cosine_subspace__tfidf__adaptive_modes_32_52,171,1,
current__adaptive_diffusion_cosine_subspace__tfidf__adaptive_modes_32_52,172,1,
current__adaptive_diffusion_cosine_subspace__tfidf__adaptive_modes_32_52,173,1,
current__adaptive_diffusion_cosine_subspace__tfidf__adaptive_modes_32_52,174,1,
current__adaptive_diffusion_cosine_subspace__tfidf__adaptive_modes_32_52,175,1,
current__adaptive_diffusion_cosine_subspace__tfidf__adaptive_modes_32_52,176,1,
current__adaptive_diffusion_cosine_subspace__tfidf__adaptive_modes_32_52,177,1,
current__adaptive_diffusion_cosine_subspace__tfidf__adaptive_modes_32_52,178,1,
current__adaptive_diffusion_cosine_subspace__tfidf__adaptive_modes_32_52,179,1,
current__adaptive_diffusion_cosine_subspace__tfidf__adaptive_modes_32_52,180,1,
current__adaptive_diffusion_cosine_subspace__tfidf__adaptive_modes_32_52,181,1,
current__adaptive_diffusion_cosine_subspace__tfidf__adaptive_modes_32_52,182,1,
current__adaptive_diffusion_cosine_subspace__tfidf__adaptive_modes_32_52,183,1,
current__adaptive_diffusion_cosine_subspace__tfidf__adaptive_modes_32_52,184,1,
current__adaptive_diffusion_cosine_subspace__tfidf__adaptive_modes_32_52,185,1,
current__adaptive_diffusion_cosine_subspace__tfidf__adaptive_modes_32_52,186,1,
current__adaptive_diffusion_cosine_subspace__tfidf__adaptive_modes_32_52,187,1,
current__adaptive_diffusion_cosine_subspace__tfidf__adaptive_modes_32_52,188,1,
current__adaptive_diffusion_cosine_subspace__tfidf__adaptive_modes_32_52,189,1,
current__adaptive_diffusion_cosine_subspace__tfidf__adaptive_modes_32_52,190,1,
current__adaptive_diffusion_cosine_subspace__tfidf__adaptive_modes_32_52,191,1,
current__adaptive_diffusion_cosine_subspace__tfidf__adaptive_modes_32_52,192,1,
current__adaptive_diffusion_cosine_subspace__tfidf__adaptive_modes_32_52,193,1,
current__adaptive_diffusion_cosine_subspace__tfidf__adaptive_modes_32_52,194,1,
current__adaptive_diffusion_cosine_subspace__tfidf__adaptive_modes_32_52,195,1,
current__adaptive_diffusion_cosine_subspace__tfidf__adaptive_modes_32_52,196,1,
current__adaptive_diffusion_cosine_subspace__tfidf__adaptive_modes_32_52,197,1,
current__adaptive_diffusion_cosine_subspace__tfidf__adaptive_modes_32_52,198,1,
current__adaptive_diffusion_cosine_subspace__tfidf__adaptive_modes_32_52,199,1,
current__adaptive_diffusion_cosine_subspace__tfidf__adaptive_modes_32_52,200,1,
current__adaptive_diffusion_cosine_subspace__tfidf__adaptive_modes_32_52,201,1,
current__adaptive_diffusion_cosine_subspace__tfidf__adaptive_modes_32_52,202,1,
current__adaptive_diffusion_cosine_subspace__tfidf__adaptive_modes_32_52,203,1,
current__adaptive_diffusion_cosine_subspace__tfidf__adaptive_modes_32_52,204,1,
current__adaptive_diffusion_cosine_subspace__tfidf__adaptive_modes_32_52,205,1,
current__adaptive_diffusion_cosine_subspace__tfidf__adaptive_modes_32_52,206,1,
current__adaptive_diffusion_cosine_subspace__tfidf__adaptive_modes_32_52,207,1,
current__adaptive_diffusion_cosine_subspace__tfidf__adaptive_modes_32_52,208,1,
current__adaptive_diffusion_cosine_subspace__tfidf__adaptive_modes_32_52,209,1,
current__adaptive_diffusion_cosine_subspace__tfidf__adaptive_modes_32_52,210,1,
current__adaptive_diffusion_cosine_subspace__tfidf__adaptive_modes_32_52,211,1,
current__adaptive_diffusion_cosine_subspace__tfidf__adaptive_modes_32_52,212,1,
current__adaptive_diffusion_cosine_subspace__tfidf__adaptive_modes_32_52,213,1,
current__adaptive_diffusion_cosine_subspace__tfidf__adaptive_modes_32_52,214,1,
current__adaptive_diffusion_cosine_subspace__tfidf__adaptive_modes_32_52,215,1,
current__adaptive_diffusion_cosine_subspace__tfidf__adaptive_modes_32_52,216,1,
current__adaptive_diffusion_cosine_subspace__tfidf__adaptive_modes_32_52,217,1,
current__adaptive_diffusion_cosine_subspace__tfidf__adaptive_modes_32_52,218,1,
current__adaptive_diffusion_cosine_subspace__tfidf__adaptive_modes_32_52,219,1,
current__adaptive_diffusion_cosine_subspace__tfidf__adaptive_modes_32_52,220,1,
current__adaptive_diffusion_cosine_subspace__tfidf__adaptive_modes_32_52,221,1,
current__adaptive_diffusion_cosine_subspace__tfidf__adaptive_modes_32_52,222,1,
current__adaptive_diffusion_cosine_subspace__tfidf__adaptive_modes_32_52,223,1,
current__adaptive_diffusion_cosine_subspace__tfidf__adaptive_modes_32_52,224,1,
current__adaptive_diffusion_cosine_subspace__tfidf__adaptive_modes_32_52,225,1,
current__adaptive_diffusion_cosine_subspace__tfidf__adaptive_modes_32_52,226,1,
current__adaptive_diffusion_cosine_subspace__tfidf__adaptive_modes_32_52,227,1,
current__adaptive_diffusion_cosine_subspace__tfidf__adaptive_modes_32_52,228,1,
current__adaptive_diffusion_cosine_subspace__tfidf__adaptive_modes_32_52,229,1,
current__adaptive_diffusion_cosine_subspace__tfidf__adaptive_modes_32_52,230,1,
current__adaptive_diffusion_cosine_subspace__tfidf__adaptive_modes_32_52,231,1,
current__adaptive_diffusion_cosine_subspace__tfidf__adaptive_modes_32_52,232,1,
current__adaptive_diffusion_cosine_subspace__tfidf__adaptive_modes_32_52,233,1,
current__adaptive_diffusion_cosine_subspace__tfidf__adaptive_modes_32_52,234,1,
current__adaptive_diffusion_cosine_subspace__tfidf__adaptive_modes_32_52,235,1,
current__adaptive_diffusion_cosine_subspace__tfidf__adaptive_modes_32_52,236,1,
current__adaptive_diffusion_cosine_subspace__tfidf__adaptive_modes_32_52,237,1,
current__adaptive_diffusion_cosine_subspace__tfidf__adaptive_modes_32_52,238,1,
current__adaptive_diffusion_cosine_subspace__tfidf__adaptive_modes_32_52,239,1,
current__adaptive_diffusion_cosine_subspace__tfidf__adaptive_modes_32_52,240,1,
current__adaptive_diffusion_cosine_subspace__tfidf__adaptive_modes_32_52,241,1,
current__adaptive_diffusion_cosine_subspace__tfidf__adaptive_modes_32_52,242,1,
current__adaptive_diffusion_cosine_subspace__tfidf__adaptive_modes_32_52,243,1,
current__adaptive_diffusion_cosine_subspace__tfidf__adaptive_modes_32_52,244,1,
current__adaptive_diffusion_cosine_subspace__tfidf__adaptive_modes_32_52,245,1,
current__adaptive_diffusion_cosine_subspace__tfidf__adaptive_modes_32_52,246,1,
current__adaptive_diffusion_cosine_subspace__tfidf__adaptive_modes_32_52,247,1,
current__adaptive_diffusion_cosine_subspace__tfidf__adaptive_modes_32_52,248,1,
current__adaptive_diffusion_cosine_subspace__tfidf__adaptive_modes_32_52,249,1,
current__adaptive_diffusion_cosine_subspace__tfidf__adaptive_modes_32_52,250,1,
current__adaptive_diffusion_cosine_subspace__tfidf__adaptive_modes_32_52,251,1,
current__adaptive_diffusion_cosine_subspace__tfidf__adaptive_modes_32_52,252,1,
current__adaptive_diffusion_cosine_subspace__tfidf__adaptive_modes_32_52,253,1,
current__adaptive_diffusion_cosine_subspace__tfidf__adaptive_modes_32_52,254,1,
current__adaptive_diffusion_cosine_subspace__tfidf__adaptive_modes_32_52,255,1,
current__adaptive_diffusion_cosine_subspace__tfidf__adaptive_modes_32_52,256,1,
current__adaptive_diffusion_cosine_subspace__tfidf__adaptive_modes_32_52,257,1,
current__adaptive_diffusion_cosine_subspace__tfidf__adaptive_modes_32_52,258,1,
current__adaptive_diffusion_cosine_subspace__tfidf__adaptive_modes_32_52,259,1,
current__adaptive_diffusion_cosine_subspace__tfidf__adaptive_modes_32_52,260,1,
current__adaptive_diffusion_cosine_subspace__tfidf__adaptive_modes_32_52,261,1,
current__adaptive_diffusion_cosine_subspace__tfidf__adaptive_modes_32_52,262,1,
current__adaptive_diffusion_cosine_subspace__tfidf__adaptive_modes_32_52,263,1,
current__adaptive_diffusion_cosine_subspace__tfidf__adaptive_modes_32_52,264,1,
current__adaptive_diffusion_cosine_subspace__tfidf__adaptive_modes_32_52,265,1,
current__adaptive_diffusion_cosine_subspace__tfidf__adaptive_modes_32_52,266,1,
current__adaptive_diffusion_cosine_subspace__tfidf__adaptive_modes_32_52,267,1,
current__adaptive_diffusion_cosine_subspace__tfidf__adaptive_modes_32_52,268,1,
current__adaptive_diffusion_cosine_subspace__tfidf__adaptive_modes_32_52,269,1,
current__adaptive_diffusion_cosine_subspace__tfidf__adaptive_modes_32_52,270,1,
current__adaptive_diffusion_cosine_subspace__tfidf__adaptive_modes_32_52,271,1,
current__adaptive_diffusion_cosine_subspace__tfidf__adaptive_modes_32_52,272,1,
current__adaptive_diffusion_cosine_subspace__tfidf__adaptive_modes_32_52,273,1,
current__adaptive_diffusion_cosine_subspace__tfidf__adaptive_modes_32_52,274,2,0.9786361549308351
current__adaptive_diffusion_cosine_subspace__tfidf__adaptive_modes_32_52,275,1,
current__adaptive_diffusion_cosine_subspace__tfidf__adaptive_modes_32_52,276,1,
current__adaptive_diffusion_cosine_subspace__tfidf__adaptive_modes_32_52,277,1,
current__adaptive_diffusion_cosine_subspace__tfidf__adaptive_modes_32_52,278,1,
current__adaptive_diffusion_cosine_subspace__tfidf__adaptive_modes_32_52,279,1,
current__adaptive_diffusion_cosine_subspace__tfidf__adaptive_modes_32_52,280,1,
current__adaptive_diffusion_cosine_subspace__tfidf__adaptive_modes_32_52,281,1,
current__adaptive_diffusion_cosine_subspace__tfidf__adaptive_modes_32_52,282,1,
current__adaptive_diffusion_cosine_subspace__tfidf__adaptive_modes_32_52,283,1,
current__adaptive_diffusion_cosine_subspace__tfidf__adaptive_modes_32_52,284,1,
current__adaptive_diffusion_cosine_subspace__tfidf__adaptive_modes_32_52,285,1,
current__adaptive_diffusion_cosine_subspace__tfidf__adaptive_modes_32_52,286,1,
current__adaptive_diffusion_cosine_subspace__tfidf__adaptive_modes_32_52,287,1,
current__adaptive_diffusion_cosine_subspace__tfidf__adaptive_modes_32_52,288,1,
current__adaptive_diffusion_cosine_subspace__tfidf__adaptive_modes_32_52,289,1,
current__adaptive_diffusion_cosine_subspace__tfidf__adaptive_modes_32_52,290,1,
current__adaptive_diffusion_cosine_subspace__tfidf__adaptive_modes_32_52,291,1,
current__adaptive_diffusion_cosine_subspace__tfidf__adaptive_modes_32_52,292,1,
current__adaptive_diffusion_cosine_subspace__tfidf__adaptive_modes_32_52,293,1,
current__adaptive_diffusion_cosine_subspace__tfidf__adaptive_modes_32_52,294,1,
current__adaptive_diffusion_cosine_subspace__tfidf__adaptive_modes_32_52,295,1,
current__adaptive_diffusion_cosine_subspace__tfidf__adaptive_modes_32_52,296,1,
current__adaptive_diffusion_cosine_subspace__tfidf__adaptive_modes_32_52,297,1,
current__adaptive_diffusion_cosine_subspace__tfidf__adaptive_modes_32_52,298,1,
current__adaptive_diffusion_cosine_subspace__tfidf__adaptive_modes_32_52,299,1,
current__adaptive_diffusion_cosine_subspace__tfidf__adaptive_modes_32_52,300,1,
current__adaptive_diffusion_cosine_subspace__tfidf__adaptive_modes_32_52,301,1,
current__adaptive_diffusion_cosine_subspace__tfidf__adaptive_modes_32_52,302,1,
current__adaptive_diffusion_cosine_subspace__tfidf__adaptive_modes_32_52,303,1,
current__adaptive_diffusion_cosine_subspace__tfidf__adaptive_modes_32_52,304,1,
current__adaptive_diffusion_cosine_subspace__tfidf__adaptive_modes_32_52,305,1,
current__adaptive_diffusion_cosine_subspace__tfidf__adaptive_modes_32_52,306,1,
current__adaptive_diffusion_cosine_subspace__tfidf__adaptive_modes_32_52,307,1,
current__adaptive_diffusion_cosine_subspace__tfidf__adaptive_modes_32_52,308,1,
current__adaptive_diffusion_cosine_subspace__tfidf__adaptive_modes_32_52,309,1,
current__adaptive_diffusion_cosine_subspace__tfidf__adaptive_modes_32_52,310,1,
current__adaptive_diffusion_cosine_subspace__tfidf__adaptive_modes_32_52,311,1,
current__adaptive_diffusion_cosine_subspace__tfidf__adaptive_modes_32_52,312,1,
current__adaptive_diffusion_cosine_subspace__tfidf__adaptive_modes_32_52,313,1,
current__adaptive_diffusion_cosine_subspace__tfidf__adaptive_modes_32_52,314,1,
current__adaptive_diffusion_cosine_subspace__tfidf__adaptive_modes_32_52,315,1,
current__adaptive_diffusion_cosine_subspace__tfidf__adaptive_modes_32_52,316,1,
current__adaptive_diffusion_cosine_subspace__tfidf__adaptive_modes_32_52,317,1,
current__adaptive_diffusion_cosine_subspace__tfidf__adaptive_modes_32_52,318,1,
current__adaptive_diffusion_cosine_subspace__tfidf__adaptive_modes_32_52,319,1,
current__adaptive_diffusion_cosine_subspace__tfidf__adaptive_modes_32_52,320,1,
current__adaptive_diffusion_cosine_subspace__tfidf__adaptive_modes_32_52,321,1,
current__adaptive_diffusion_cosine_subspace__tfidf__adaptive_modes_32_52,322,1,
current__adaptive_diffusion_cosine_subspace__tfidf__adaptive_modes_32_52,323,1,
current__adaptive_diffusion_cosine_subspace__tfidf__adaptive_modes_32_52,324,1,
current__adaptive_diffusion_cosine_subspace__tfidf__adaptive_modes_32_52,325,1,
current__adaptive_diffusion_cosine_subspace__tfidf__adaptive_modes_32_52,326,1,
current__adaptive_diffusion_cosine_subspace__tfidf__adaptive_modes_32_52,327,1,
current__adaptive_diffusion_cosine_subspace__tfidf__adaptive_modes_32_52,328,1,
current__adaptive_diffusion_cosine_subspace__tfidf__adaptive_modes_32_52,329,1,
current__adaptive_diffusion_cosine_subspace__tfidf__adaptive_modes_32_52,330,1,
current__adaptive_diffusion_cosine_subspace__tfidf__adaptive_modes_32_52,331,2,0.9616502946031809
current__adaptive_diffusion_cosine_subspace__tfidf__adaptive_modes_32_52,332,1,
current__adaptive_diffusion_cosine_subspace__tfidf__adaptive_modes_32_52,333,1,
current__adaptive_diffusion_cosine_subspace__tfidf__adaptive_modes_32_52,334,1,
current__adaptive_diffusion_cosine_subspace__tfidf__adaptive_modes_32_52,335,1,
current__adaptive_diffusion_cosine_subspace__tfidf__adaptive_modes_32_52,336,1,
current__adaptive_diffusion_cosine_subspace__tfidf__adaptive_modes_32_52,337,1,
current__adaptive_diffusion_cosine_subspace__tfidf__adaptive_modes_32_52,338,1,
current__adaptive_diffusion_cosine_subspace__tfidf__adaptive_modes_32_52,339,1,
current__adaptive_diffusion_cosine_subspace__tfidf__adaptive_modes_32_52,340,1,
current__adaptive_diffusion_cosine_subspace__tfidf__adaptive_modes_32_52,341,1,
current__adaptive_diffusion_cosine_subspace__tfidf__adaptive_modes_32_52,342,1,
current__adaptive_diffusion_cosine_subspace__tfidf__adaptive_modes_32_52,343,1,
current__adaptive_diffusion_cosine_subspace__tfidf__adaptive_modes_32_52,344,1,
current__adaptive_diffusion_cosine_subspace__tfidf__adaptive_modes_32_52,345,1,
current__adaptive_diffusion_cosine_subspace__tfidf__adaptive_modes_32_52,346,1,
current__adaptive_diffusion_cosine_subspace__tfidf__adaptive_modes_32_52,347,1,
current__adaptive_diffusion_cosine_subspace__tfidf__adaptive_modes_32_52,348,1,
current__adaptive_diffusion_cosine_subspace__tfidf__adaptive_modes_32_52,349,1,
current__adaptive_diffusion_cosine_subspace__tfidf__adaptive_modes_32_52,350,1,
current__adaptive_diffusion_cosine_subspace__tfidf__adaptive_modes_32_52,351,1,
current__adaptive_diffusion_cosine_subspace__tfidf__adaptive_modes_32_52,352,1,
current__adaptive_diffusion_cosine_subspace__tfidf__adaptive_modes_32_52,353,1,
current__adaptive_diffusion_cosine_subspace__tfidf__adaptive_modes_32_52,354,1,
current__adaptive_diffusion_cosine_subspace__tfidf__adaptive_modes_32_52,355,1,
current__adaptive_diffusion_cosine_subspace__tfidf__adaptive_modes_32_52,356,1,
current__adaptive_diffusion_cosine_subspace__tfidf__adaptive_modes_32_52,357,1,
current__adaptive_diffusion_cosine_subspace__tfidf__adaptive_modes_32_52,358,1,
current__adaptive_diffusion_cosine_subspace__tfidf__adaptive_modes_32_52,359,1,
current__adaptive_diffusion_cosine_subspace__tfidf__adaptive_modes_32_52,360,1,
current__adaptive_diffusion_cosine_subspace__tfidf__adaptive_modes_32_52,361,1,
current__adaptive_diffusion_cosine_subspace__tfidf__adaptive_modes_32_52,362,1,
current__adaptive_diffusion_cosine_subspace__tfidf__adaptive_modes_32_52,363,1,
current__adaptive_diffusion_cosine_subspace__tfidf__adaptive_modes_32_52,364,1,
current__adaptive_diffusion_cosine_subspace__tfidf__adaptive_modes_32_52,365,1,
current__adaptive_diffusion_cosine_subspace__tfidf__adaptive_modes_32_52,366,1,
current__adaptive_diffusion_cosine_subspace__tfidf__adaptive_modes_32_52,367,1,
current__adaptive_diffusion_cosine_subspace__tfidf__adaptive_modes_32_52,368,1,
current__adaptive_diffusion_cosine_subspace__tfidf__adaptive_modes_32_52,369,1,
current__adaptive_diffusion_cosine_subspace__tfidf__adaptive_modes_32_52,370,1,
current__adaptive_diffusion_cosine_subspace__tfidf__adaptive_modes_32_52,371,1,
current__adaptive_diffusion_cosine_subspace__tfidf__adaptive_modes_32_52,372,3,0.8791692634098993
current__adaptive_diffusion_cosine_subspace__tfidf__adaptive_modes_32_52,373,1,
current__adaptive_diffusion_cosine_subspace__tfidf__adaptive_modes_32_52,374,1,
current__adaptive_diffusion_cosine_subspace__tfidf__adaptive_modes_32_52,375,1,
current__adaptive_diffusion_cosine_subspace__tfidf__adaptive_modes_32_52,376,1,
current__adaptive_diffusion_cosine_subspace__tfidf__adaptive_modes_32_52,377,2,1.0000000000000007
current__adaptive_diffusion_cosine_subspace__tfidf__adaptive_modes_32_52,378,1,
current__adaptive_diffusion_cosine_subspace__tfidf__adaptive_modes_32_52,379,1,
current__adaptive_diffusion_cosine_subspace__tfidf__adaptive_modes_32_52,380,1,
current__adaptive_diffusion_cosine_subspace__tfidf__adaptive_modes_32_52,381,1,
current__adaptive_diffusion_cosine_subspace__tfidf__adaptive_modes_32_52,382,1,
current__adaptive_diffusion_cosine_subspace__tfidf__adaptive_modes_32_52,383,1,
current__adaptive_diffusion_cosine_subspace__tfidf__adaptive_modes_32_52,384,1,
current__adaptive_diffusion_cosine_subspace__tfidf__adaptive_modes_32_52,385,1,
current__adaptive_diffusion_cosine_subspace__tfidf__adaptive_modes_32_52,386,1,
current__adaptive_diffusion_cosine_subspace__tfidf__adaptive_modes_32_52,387,1,
current__adaptive_diffusion_cosine_subspace__tfidf__adaptive_modes_32_52,388,1,
current__adaptive_diffusion_cosine_subspace__tfidf__adaptive_modes_32_52,389,1,
current__adaptive_diffusion_cosine_subspace__tfidf__adaptive_modes_32_52,390,1,
current__adaptive_diffusion_cosine_subspace__tfidf__adaptive_modes_32_52,391,1,
current__adaptive_diffusion_cosine_subspace__tfidf__adaptive_modes_32_52,392,1,
current__adaptive_diffusion_cosine_subspace__tfidf__adaptive_modes_32_52,393,1,
current__adaptive_diffusion_cosine_subspace__tfidf__adaptive_modes_32_52,394,1,
current__adaptive_diffusion_cosine_subspace__tfidf__adaptive_modes_32_52,395,1,
current__adaptive_diffusion_cosine_subspace__tfidf__adaptive_modes_32_52,396,1,
current__adaptive_diffusion_cosine_subspace__tfidf__adaptive_modes_32_52,397,1,
current__adaptive_diffusion_cosine_subspace__tfidf__adaptive_modes_32_52,398,1,
current__adaptive_diffusion_cosine_subspace__tfidf__adaptive_modes_32_52,399,1,
current__adaptive_diffusion_cosine_subspace__tfidf__adaptive_modes_32_52,400,1,
current__adaptive_diffusion_cosine_subspace__tfidf__adaptive_modes_32_52,401,1,
current__adaptive_diffusion_cosine_subspace__tfidf__adaptive_modes_32_52,402,1,
current__adaptive_diffusion_cosine_subspace__tfidf__adaptive_modes_32_52,403,1,
current__adaptive_diffusion_cosine_subspace__tfidf__adaptive_modes_32_52,404,1,
current__adaptive_diffusion_cosine_subspace__tfidf__adaptive_modes_32_52,405,1,
current__adaptive_diffusion_cosine_subspace__tfidf__adaptive_modes_32_52,406,2,0.2833059897943496
current__adaptive_diffusion_cosine_subspace__tfidf__adaptive_modes_32_52,407,1,
current__adaptive_diffusion_cosine_subspace__tfidf__adaptive_modes_32_52,408,1,
current__adaptive_diffusion_cosine_subspace__tfidf__adaptive_modes_32_52,409,1,
current__adaptive_diffusion_cosine_subspace__tfidf__adaptive_modes_32_52,410,1,
current__adaptive_diffusion_cosine_subspace__tfidf__adaptive_modes_32_52,411,1,
current__adaptive_diffusion_cosine_subspace__tfidf__adaptive_modes_32_52,412,1,
current__adaptive_diffusion_cosine_subspace__tfidf__adaptive_modes_32_52,413,1,
current__adaptive_diffusion_cosine_subspace__tfidf__adaptive_modes_32_52,414,1,
current__adaptive_diffusion_cosine_subspace__tfidf__adaptive_modes_32_52,415,1,
current__adaptive_diffusion_cosine_subspace__tfidf__adaptive_modes_32_52,416,1,
current__adaptive_diffusion_cosine_subspace__tfidf__adaptive_modes_32_52,417,1,
current__adaptive_diffusion_cosine_subspace__tfidf__adaptive_modes_32_52,418,1,
current__adaptive_diffusion_cosine_subspace__tfidf__adaptive_modes_32_52,419,1,
current__adaptive_diffusion_cosine_subspace__tfidf__adaptive_modes_32_52,420,1,
current__adaptive_diffusion_cosine_subspace__tfidf__adaptive_modes_32_52,421,1,
current__adaptive_diffusion_cosine_subspace__tfidf__adaptive_modes_32_52,422,1,
current__adaptive_diffusion_cosine_subspace__tfidf__adaptive_modes_32_52,423,1,
current__adaptive_diffusion_cosine_subspace__tfidf__adaptive_modes_32_52,424,1,
current__adaptive_diffusion_cosine_subspace__tfidf__adaptive_modes_32_52,425,1,
current__adaptive_diffusion_cosine_subspace__tfidf__adaptive_modes_32_52,426,1,
current__adaptive_diffusion_cosine_subspace__tfidf__adaptive_modes_32_52,427,1,
current__adaptive_diffusion_cosine_subspace__tfidf__adaptive_modes_32_52,428,1,
current__adaptive_diffusion_cosine_subspace__tfidf__adaptive_modes_32_52,429,1,
current__adaptive_diffusion_cosine_subspace__tfidf__adaptive_modes_32_52,430,1,
current__adaptive_diffusion_cosine_subspace__tfidf__adaptive_modes_32_52,431,1,
current__adaptive_diffusion_cosine_subspace__tfidf__adaptive_modes_32_52,432,1,
current__adaptive_diffusion_cosine_subspace__tfidf__adaptive_modes_32_52,433,1,
current__adaptive_diffusion_cosine_subspace__tfidf__adaptive_modes_32_52,434,1,
current__adaptive_diffusion_cosine_subspace__tfidf__adaptive_modes_32_52,435,1,
current__adaptive_diffusion_cosine_subspace__tfidf__adaptive_modes_32_52,436,1,
current__adaptive_diffusion_cosine_subspace__tfidf__adaptive_modes_32_52,437,1,
current__adaptive_diffusion_cosine_subspace__tfidf__adaptive_modes_32_52,438,1,
current__adaptive_diffusion_cosine_subspace__tfidf__adaptive_modes_32_52,439,1,
current__adaptive_diffusion_cosine_subspace__tfidf__adaptive_modes_32_52,440,1,
current__adaptive_diffusion_cosine_subspace__tfidf__adaptive_modes_32_52,441,1,
current__adaptive_diffusion_cosine_subspace__tfidf__adaptive_modes_32_52,442,1,
current__adaptive_diffusion_cosine_subspace__tfidf__adaptive_modes_32_52,443,1,
current__adaptive_diffusion_cosine_subspace__tfidf__adaptive_modes_32_52,444,1,
current__adaptive_diffusion_cosine_subspace__tfidf__adaptive_modes_32_52,445,1,
current__adaptive_diffusion_cosine_subspace__tfidf__adaptive_modes_32_52,446,1,
current__adaptive_diffusion_cosine_subspace__tfidf__adaptive_modes_32_52,447,1,
current__adaptive_diffusion_cosine_subspace__tfidf__adaptive_modes_32_52,448,1,
current__adaptive_diffusion_cosine_subspace__tfidf__adaptive_modes_32_52,449,1,
current__adaptive_diffusion_cosine_subspace__tfidf__adaptive_modes_32_52,450,1,
current__adaptive_diffusion_cosine_subspace__tfidf__adaptive_modes_32_52,451,1,
current__adaptive_diffusion_cosine_subspace__tfidf__adaptive_modes_32_52,452,1,
current__adaptive_diffusion_cosine_subspace__tfidf__adaptive_modes_32_52,453,1,
current__adaptive_diffusion_cosine_subspace__tfidf__adaptive_modes_32_52,454,1,
current__adaptive_diffusion_cosine_subspace__tfidf__adaptive_modes_32_52,455,1,
current__adaptive_diffusion_cosine_subspace__tfidf__adaptive_modes_32_52,456,1,
current__adaptive_diffusion_cosine_subspace__tfidf__adaptive_modes_32_52,457,1,
current__adaptive_diffusion_cosine_subspace__tfidf__adaptive_modes_32_52,458,1,
current__adaptive_diffusion_cosine_subspace__tfidf__adaptive_modes_32_52,459,1,
current__adaptive_diffusion_cosine_subspace__tfidf__adaptive_modes_32_52,460,1,
current__adaptive_diffusion_cosine_subspace__tfidf__adaptive_modes_32_52,461,1,
current__adaptive_diffusion_cosine_subspace__tfidf__adaptive_modes_32_52,462,1,
current__adaptive_diffusion_cosine_subspace__tfidf__adaptive_modes_32_52,463,1,
current__adaptive_diffusion_cosine_subspace__tfidf__adaptive_modes_32_52,464,1,
current__adaptive_diffusion_cosine_subspace__tfidf__adaptive_modes_32_52,465,1,
current__adaptive_diffusion_cosine_subspace__tfidf__adaptive_modes_32_52,466,1,
current__adaptive_diffusion_cosine_subspace__tfidf__adaptive_modes_32_52,467,1,
current__adaptive_diffusion_cosine_subspace__tfidf__adaptive_modes_32_52,468,1,
current__adaptive_diffusion_cosine_subspace__tfidf__adaptive_modes_32_52,469,1,
current__adaptive_diffusion_cosine_subspace__tfidf__adaptive_modes_32_52,470,1,
current__adaptive_diffusion_cosine_subspace__tfidf__adaptive_modes_32_52,471,1,
current__adaptive_diffusion_cosine_subspace__tfidf__adaptive_modes_32_52,472,1,
current__adaptive_diffusion_cosine_subspace__tfidf__adaptive_modes_32_52,473,1,
current__adaptive_diffusion_cosine_subspace__tfidf__adaptive_modes_32_52,474,1,
current__adaptive_diffusion_cosine_subspace__tfidf__adaptive_modes_32_52,475,1,
current__adaptive_diffusion_cosine_subspace__tfidf__adaptive_modes_32_52,476,1,
current__adaptive_diffusion_cosine_subspace__tfidf__adaptive_modes_32_52,477,1,
current__adaptive_diffusion_cosine_subspace__tfidf__adaptive_modes_32_52,478,1,
current__adaptive_diffusion_cosine_subspace__tfidf__adaptive_modes_32_52,479,1,
current__adaptive_diffusion_cosine_subspace__tfidf__adaptive_modes_32_52,480,1,
current__adaptive_diffusion_cosine_subspace__tfidf__adaptive_modes_32_52,481,2,0.8208551930553308
current__adaptive_diffusion_cosine_subspace__tfidf__adaptive_modes_32_52,482,1,
current__adaptive_diffusion_cosine_subspace__tfidf__adaptive_modes_32_52,483,1,
current__adaptive_diffusion_cosine_subspace__tfidf__adaptive_modes_32_52,484,1,
current__adaptive_diffusion_cosine_subspace__tfidf__adaptive_modes_32_52,485,1,
current__adaptive_diffusion_cosine_subspace__tfidf__adaptive_modes_32_52,486,1,
current__adaptive_diffusion_cosine_subspace__tfidf__adaptive_modes_32_52,487,1,
current__adaptive_diffusion_cosine_subspace__tfidf__adaptive_modes_32_52,488,1,
current__adaptive_diffusion_cosine_subspace__tfidf__adaptive_modes_32_52,489,1,
current__adaptive_diffusion_cosine_subspace__tfidf__adaptive_modes_32_52,490,1,
current__adaptive_diffusion_cosine_subspace__tfidf__adaptive_modes_32_52,491,1,
current__adaptive_diffusion_cosine_subspace__tfidf__adaptive_modes_32_52,492,1,
current__adaptive_diffusion_cosine_subspace__tfidf__adaptive_modes_32_52,493,1,
current__adaptive_diffusion_cosine_subspace__tfidf__adaptive_modes_32_52,494,1,
current__adaptive_diffusion_cosine_subspace__tfidf__adaptive_modes_32_52,495,1,
current__adaptive_diffusion_cosine_subspace__tfidf__adaptive_modes_32_52,496,1,
current__adaptive_diffusion_cosine_subspace__tfidf__adaptive_modes_32_52,497,2,0.8924693584718426
current__adaptive_diffusion_cosine_subspace__tfidf__adaptive_modes_32_52,498,1,
current__adaptive_diffusion_cosine_subspace__tfidf__adaptive_modes_32_52,499,1,
current__adaptive_diffusion_cosine_subspace__tfidf__adaptive_modes_32_52,500,1,
current__adaptive_diffusion_cosine_subspace__tfidf__adaptive_modes_32_52,501,1,
current__adaptive_diffusion_cosine_subspace__tfidf__adaptive_modes_32_52,502,1,
current__adaptive_diffusion_cosine_subspace__tfidf__adaptive_modes_32_52,503,1,
current__adaptive_diffusion_cosine_subspace__tfidf__adaptive_modes_32_52,504,1,
current__adaptive_diffusion_cosine_subspace__tfidf__adaptive_modes_32_52,505,1,
current__adaptive_diffusion_cosine_subspace__tfidf__adaptive_modes_32_52,506,1,
current__adaptive_diffusion_cosine_subspace__tfidf__adaptive_modes_32_52,507,1,
current__adaptive_diffusion_cosine_subspace__tfidf__adaptive_modes_32_52,508,1,
current__adaptive_diffusion_cosine_subspace__tfidf__adaptive_modes_32_52,509,1,
current__adaptive_diffusion_cosine_subspace__tfidf__adaptive_modes_32_52,510,1,
current__adaptive_diffusion_cosine_subspace__tfidf__adaptive_modes_32_52,511,1,
current__adaptive_diffusion_cosine_subspace__tfidf__adaptive_modes_32_52,512,1,
current__adaptive_diffusion_cosine_subspace__tfidf__adaptive_modes_32_52,513,1,
current__adaptive_diffusion_cosine_subspace__tfidf__adaptive_modes_32_52,514,1,
current__adaptive_diffusion_cosine_subspace__tfidf__adaptive_modes_32_52,515,1,
current__adaptive_diffusion_cosine_subspace__tfidf__adaptive_modes_32_52,516,1,
current__adaptive_diffusion_cosine_subspace__tfidf__adaptive_modes_32_52,517,1,
current__adaptive_diffusion_cosine_subspace__tfidf__adaptive_modes_32_52,518,1,
current__adaptive_diffusion_cosine_subspace__tfidf__adaptive_modes_32_52,519,1,
current__adaptive_diffusion_cosine_subspace__tfidf__adaptive_modes_32_52,520,1,
current__adaptive_diffusion_cosine_subspace__tfidf__adaptive_modes_32_52,521,1,
current__adaptive_diffusion_cosine_subspace__tfidf__adaptive_modes_32_52,522,1,
current__adaptive_diffusion_cosine_subspace__tfidf__adaptive_modes_32_52,523,1,
current__adaptive_diffusion_cosine_subspace__tfidf__adaptive_modes_32_52,524,1,
current__adaptive_diffusion_cosine_subspace__tfidf__adaptive_modes_32_52,525,1,
current__adaptive_diffusion_cosine_subspace__tfidf__adaptive_modes_32_52,526,1,
current__adaptive_diffusion_cosine_subspace__tfidf__adaptive_modes_32_52,527,1,
current__adaptive_diffusion_cosine_subspace__tfidf__adaptive_modes_32_52,528,1,
current__adaptive_diffusion_cosine_subspace__tfidf__adaptive_modes_32_52,529,1,
current__adaptive_diffusion_cosine_subspace__tfidf__adaptive_modes_32_52,530,1,
current__adaptive_diffusion_cosine_subspace__tfidf__adaptive_modes_32_52,531,1,
current__adaptive_diffusion_cosine_subspace__tfidf__adaptive_modes_32_52,532,1,
current__adaptive_diffusion_cosine_subspace__tfidf__adaptive_modes_32_52,533,1,
current__adaptive_diffusion_cosine_subspace__tfidf__adaptive_modes_32_52,534,1,
current__adaptive_diffusion_cosine_subspace__tfidf__adaptive_modes_32_52,535,1,
current__adaptive_diffusion_cosine_subspace__tfidf__adaptive_modes_32_52,536,1,
current__adaptive_diffusion_cosine_subspace__tfidf__adaptive_modes_32_52,537,1,
current__adaptive_diffusion_cosine_subspace__tfidf__adaptive_modes_32_52,538,1,
current__adaptive_diffusion_cosine_subspace__tfidf__adaptive_modes_32_52,539,1,
current__adaptive_diffusion_cosine_subspace__tfidf__adaptive_modes_32_52,540,1,
current__adaptive_diffusion_cosine_subspace__tfidf__adaptive_modes_32_52,541,1,
current__adaptive_diffusion_cosine_subspace__tfidf__adaptive_modes_32_52,542,1,
current__adaptive_diffusion_cosine_subspace__tfidf__adaptive_modes_32_52,543,1,
current__adaptive_diffusion_cosine_subspace__tfidf__adaptive_modes_32_52,544,1,
current__adaptive_diffusion_cosine_subspace__tfidf__adaptive_modes_32_52,545,1,
current__adaptive_diffusion_cosine_subspace__tfidf__adaptive_modes_32_52,546,1,
current__adaptive_diffusion_cosine_subspace__tfidf__adaptive_modes_32_52,547,1,
current__adaptive_diffusion_cosine_subspace__tfidf__adaptive_modes_32_52,548,1,
current__adaptive_diffusion_cosine_subspace__tfidf__adaptive_modes_32_52,549,1,
current__adaptive_diffusion_cosine_subspace__tfidf__adaptive_modes_32_52,550,1,
current__adaptive_diffusion_cosine_subspace__tfidf__adaptive_modes_32_52,551,1,
current__adaptive_diffusion_cosine_subspace__tfidf__adaptive_modes_32_52,552,1,
current__adaptive_diffusion_cosine_subspace__tfidf__adaptive_modes_32_52,553,1,
current__adaptive_diffusion_cosine_subspace__tfidf__adaptive_modes_32_52,554,1,
current__adaptive_diffusion_cosine_subspace__tfidf__adaptive_modes_32_52,555,1,
current__adaptive_diffusion_cosine_subspace__tfidf__adaptive_modes_32_52,556,1,
current__adaptive_diffusion_cosine_subspace__tfidf__adaptive_modes_32_52,557,1,
current__adaptive_diffusion_cosine_subspace__tfidf__adaptive_modes_32_52,558,1,
current__adaptive_diffusion_cosine_subspace__tfidf__adaptive_modes_32_52,559,1,
current__adaptive_diffusion_cosine_subspace__tfidf__adaptive_modes_32_52,560,1,
current__adaptive_diffusion_cosine_subspace__tfidf__adaptive_modes_32_52,561,1,
current__adaptive_diffusion_cosine_subspace__tfidf__adaptive_modes_32_52,562,1,
current__adaptive_diffusion_cosine_subspace__tfidf__adaptive_modes_32_52,563,1,
current__adaptive_diffusion_cosine_subspace__tfidf__adaptive_modes_32_52,564,1,
current__adaptive_diffusion_cosine_subspace__tfidf__adaptive_modes_32_52,565,1,
current__adaptive_diffusion_cosine_subspace__tfidf__adaptive_modes_32_52,566,1,
current__adaptive_diffusion_cosine_subspace__tfidf__adaptive_modes_32_52,567,1,
current__adaptive_diffusion_cosine_subspace__tfidf__adaptive_modes_32_52,568,1,
current__adaptive_diffusion_cosine_subspace__tfidf__adaptive_modes_32_52,569,1,
current__adaptive_diffusion_cosine_subspace__tfidf__adaptive_modes_32_52,570,1,
current__adaptive_diffusion_cosine_subspace__tfidf__adaptive_modes_32_52,571,1,
current__adaptive_diffusion_cosine_subspace__tfidf__adaptive_modes_32_52,572,1,
current__adaptive_diffusion_cosine_subspace__tfidf__adaptive_modes_32_52,573,1,
current__adaptive_diffusion_cosine_subspace__tfidf__adaptive_modes_32_52,574,1,
current__adaptive_diffusion_cosine_subspace__tfidf__adaptive_modes_32_52,575,1,
current__adaptive_diffusion_cosine_subspace__tfidf__adaptive_modes_32_52,576,1,
current__adaptive_diffusion_cosine_subspace__tfidf__adaptive_modes_32_52,577,1,
current__adaptive_diffusion_cosine_subspace__tfidf__adaptive_modes_32_52,578,1,
current__adaptive_diffusion_cosine_subspace__tfidf__adaptive_modes_32_52,579,1,
current__adaptive_diffusion_cosine_subspace__tfidf__adaptive_modes_32_52,580,1,
current__adaptive_diffusion_cosine_subspace__tfidf__adaptive_modes_32_52,581,1,
current__adaptive_diffusion_cosine_subspace__tfidf__adaptive_modes_32_52,582,1,
current__adaptive_diffusion_cosine_subspace__tfidf__adaptive_modes_32_52,583,1,
current__adaptive_diffusion_cosine_subspace__tfidf__adaptive_modes_32_52,584,1,
current__adaptive_diffusion_cosine_subspace__tfidf__adaptive_modes_32_52,585,1,
current__adaptive_diffusion_cosine_subspace__tfidf__adaptive_modes_32_52,586,1,
current__adaptive_diffusion_cosine_subspace__tfidf__adaptive_modes_32_52,587,1,
current__adaptive_diffusion_cosine_subspace__tfidf__adaptive_modes_32_52,588,1,
current__adaptive_diffusion_cosine_subspace__tfidf__adaptive_modes_32_52,589,1,
current__adaptive_diffusion_cosine_subspace__tfidf__adaptive_modes_32_52,590,1,
current__adaptive_diffusion_cosine_subspace__tfidf__adaptive_modes_32_52,591,1,
current__adaptive_diffusion_cosine_subspace__tfidf__adaptive_modes_53_80,0,12,0.2356672007127928
current__adaptive_diffusion_cosine_subspace__tfidf__adaptive_modes_53_80,1,32,0.09842204678688585
current__adaptive_diffusion_cosine_subspace__tfidf__adaptive_modes_53_80,2,8,0.23081844291367376
current__adaptive_diffusion_cosine_subspace__tfidf__adaptive_modes_53_80,3,13,0.12699845679755234
current__adaptive_diffusion_cosine_subspace__tfidf__adaptive_modes_53_80,4,11,0.156692220551228
current__adaptive_diffusion_cosine_subspace__tfidf__adaptive_modes_53_80,5,11,0.15458031849868303
current__adaptive_diffusion_cosine_subspace__tfidf__adaptive_modes_53_80,6,10,0.11286550735098866
current__adaptive_diffusion_cosine_subspace__tfidf__adaptive_modes_53_80,7,13,0.10349872834301475
current__adaptive_diffusion_cosine_subspace__tfidf__adaptive_modes_53_80,8,20,0.07882681551176131
current__adaptive_diffusion_cosine_subspace__tfidf__adaptive_modes_53_80,9,7,0.09092516521484921
current__adaptive_diffusion_cosine_subspace__tfidf__adaptive_modes_53_80,10,23,0.0746842909075394
current__adaptive_diffusion_cosine_subspace__tfidf__adaptive_modes_53_80,11,18,0.1624585586512456
current__adaptive_diffusion_cosine_subspace__tfidf__adaptive_modes_53_80,12,12,0.21255615797429936
current__adaptive_diffusion_cosine_subspace__tfidf__adaptive_modes_53_80,13,13,0.07130159177092084
current__adaptive_diffusion_cosine_subspace__tfidf__adaptive_modes_53_80,14,13,0.05249246655868484
current__adaptive_diffusion_cosine_subspace__tfidf__adaptive_modes_53_80,15,51,0.06670812604707264
current__adaptive_diffusion_cosine_subspace__tfidf__adaptive_modes_53_80,16,26,0.11082659035763137
current__adaptive_diffusion_cosine_subspace__tfidf__adaptive_modes_53_80,17,29,0.09725034603633329
current__adaptive_diffusion_cosine_subspace__tfidf__adaptive_modes_53_80,18,25,0.035853829503844685
current__adaptive_diffusion_cosine_subspace__tfidf__adaptive_modes_53_80,19,5,0.23906150309454838
current__adaptive_diffusion_cosine_subspace__tfidf__adaptive_modes_53_80,20,224,0.03007779715449901
current__adaptive_diffusion_cosine_subspace__tfidf__adaptive_modes_53_80,21,26,0.08300880308264043
