method,parent,child,branch_length,parent_leaf_count,child_leaf_count,Child_Parent_Divergence_Test_Statistic,Child_Parent_Divergence_P_Value,Child_Parent_Divergence_P_Value_BH,Child_Parent_Divergence_Significant,Child_Parent_Divergence_df,Child_Parent_Divergence_Invalid,Child_Parent_Divergence_Tested,Child_Parent_Divergence_Ancestor_Blocked
TBS adaptive diffusion topology alpha=0.01 edge=0.001,N2500,L1656,0.0002951718118803731,2,1,0.9999999999963056,0.3173105078638051,,False,1.0,False,False,True
TBS adaptive diffusion topology alpha=0.01 edge=0.001,N2500,L1727,0.0002951718118803731,2,1,0.9999999999963056,0.3173105078638051,,False,1.0,False,False,True
TBS adaptive diffusion topology alpha=0.01 edge=0.001,N2501,L2314,0.0004623811695379138,2,1,0.9999999999876124,0.31731050786590864,,False,1.0,False,False,True
TBS adaptive diffusion topology alpha=0.01 edge=0.001,N2501,L2332,0.0004623811695379138,2,1,0.9999999999876124,0.31731050786590864,,False,1.0,False,False,True
TBS adaptive diffusion topology alpha=0.01 edge=0.001,N2502,L211,0.0005361090972259038,2,1,0.9999999999982438,0.31731050786333614,,False,1.0,False,False,True
TBS adaptive diffusion topology alpha=0.01 edge=0.001,N2502,L350,0.0005361090972259038,2,1,0.9999999999982438,0.31731050786333614,,False,1.0,False,False,True
TBS adaptive diffusion topology alpha=0.01 edge=0.001,N2503,L1626,0.0006200482746443713,2,1,0.9999999999986318,0.3173105078632423,,False,1.0,False,False,True
TBS adaptive diffusion topology alpha=0.01 edge=0.001,N2503,L1986,0.0006200482746443713,2,1,0.9999999999986318,0.3173105078632423,,False,1.0,False,False,True
TBS adaptive diffusion topology alpha=0.01 edge=0.001,N2504,L470,0.0007138304629133724,2,1,0.9999999999992795,0.31731050786308557,,False,1.0,False,False,True
TBS adaptive diffusion topology alpha=0.01 edge=0.001,N2504,L787,0.0007138304629133724,2,1,0.9999999999992795,0.31731050786308557,,False,1.0,False,False,True
TBS adaptive diffusion topology alpha=0.01 edge=0.001,N2505,L329,0.0007580995767316382,2,1,0.9999999999996414,0.31731050786299797,,False,1.0,False,False,True
TBS adaptive diffusion topology alpha=0.01 edge=0.001,N2505,L793,0.0007580995767316382,2,1,0.9999999999996414,0.31731050786299797,,False,1.0,False,False,True
TBS adaptive diffusion topology alpha=0.01 edge=0.001,N2506,L1186,0.0007977887529289598,2,1,0.9999999999999376,0.31731050786292636,,False,1.0,False,False,True
TBS adaptive diffusion topology alpha=0.01 edge=0.001,N2506,L1201,0.0007977887529289598,2,1,0.9999999999999376,0.31731050786292636,,False,1.0,False,False,True
TBS adaptive diffusion topology alpha=0.01 edge=0.001,N2507,L2354,0.0008141828969170067,2,1,0.9999999999968288,0.3173105078636786,,False,1.0,False,False,True
TBS adaptive diffusion topology alpha=0.01 edge=0.001,N2507,L2403,0.0008141828969170067,2,1,0.9999999999968288,0.3173105078636786,,False,1.0,False,False,True
TBS adaptive diffusion topology alpha=0.01 edge=0.001,N2508,L197,0.0008629549694378497,2,1,0.9999999999995546,0.317310507863019,,False,1.0,False,False,True
TBS adaptive diffusion topology alpha=0.01 edge=0.001,N2508,L251,0.0008629549694378497,2,1,0.9999999999995546,0.317310507863019,,False,1.0,False,False,True
TBS adaptive diffusion topology alpha=0.01 edge=0.001,N2509,L1852,0.0009467073560912635,2,1,0.9999999999999103,0.3173105078629329,,False,1.0,False,False,True
TBS adaptive diffusion topology alpha=0.01 edge=0.001,N2509,L1942,0.0009467073560912635,2,1,0.9999999999999103,0.3173105078629329,,False,1.0,False,False,True
TBS adaptive diffusion topology alpha=0.01 edge=0.001,N2510,L1763,0.0009572742987543901,2,1,0.9999999999961462,0.31731050786384374,,False,1.0,False,False,True
TBS adaptive diffusion topology alpha=0.01 edge=0.001,N2510,L1787,0.0009572742987543901,2,1,0.9999999999961462,0.31731050786384374,,False,1.0,False,False,True
TBS adaptive diffusion topology alpha=0.01 edge=0.001,N2511,L1748,0.0009885738201317682,2,1,0.9999999999989633,0.31731050786316206,,False,1.0,False,False,True
TBS adaptive diffusion topology alpha=0.01 edge=0.001,N2511,L2002,0.0009885738201317682,2,1,0.9999999999989633,0.31731050786316206,,False,1.0,False,False,True
TBS adaptive diffusion topology alpha=0.01 edge=0.001,N2512,L191,0.001047082037618682,2,1,0.9999999999999607,0.3173105078629208,,False,1.0,False,False,True
TBS adaptive diffusion topology alpha=0.01 edge=0.001,N2512,L982,0.001047082037618682,2,1,0.9999999999999607,0.3173105078629208,,False,1.0,False,False,True
TBS adaptive diffusion topology alpha=0.01 edge=0.001,N2513,L23,0.0011758345368015652,2,1,0.9999999999921809,0.31731050786480314,,False,1.0,False,False,True
TBS adaptive diffusion topology alpha=0.01 edge=0.001,N2513,L160,0.0011758345368015652,2,1,0.9999999999921809,0.31731050786480314,,False,1.0,False,False,True
TBS adaptive diffusion topology alpha=0.01 edge=0.001,N2514,L1990,0.0012041122358547758,2,1,0.9999999999998728,0.317310507862942,,False,1.0,False,False,True
TBS adaptive diffusion topology alpha=0.01 edge=0.001,N2514,L1993,0.0012041122358547758,2,1,0.9999999999998728,0.317310507862942,,False,1.0,False,False,True
TBS adaptive diffusion topology alpha=0.01 edge=0.001,N2515,L1382,0.0012110686299021006,2,1,0.9999999999971716,0.3173105078635956,,False,1.0,False,False,True
TBS adaptive diffusion topology alpha=0.01 edge=0.001,N2515,L1547,0.0012110686299021006,2,1,0.9999999999971716,0.3173105078635956,,False,1.0,False,False,True
TBS adaptive diffusion topology alpha=0.01 edge=0.001,N2516,L1636,0.0013165536116085642,2,1,0.9999999999998133,0.31731050786295645,,False,1.0,False,False,True
TBS adaptive diffusion topology alpha=0.01 edge=0.001,N2516,L2007,0.0013165536116085642,2,1,0.9999999999998133,0.31731050786295645,,False,1.0,False,False,True
TBS adaptive diffusion topology alpha=0.01 edge=0.001,N2517,L1398,0.0013234622714633465,2,1,0.9999999999979905,0.3173105078633975,,False,1.0,False,False,True
TBS adaptive diffusion topology alpha=0.01 edge=0.001,N2517,L1422,0.0013234622714633465,2,1,0.9999999999979905,0.3173105078633975,,False,1.0,False,False,True
TBS adaptive diffusion topology alpha=0.01 edge=0.001,N2518,L681,0.0013425681049986484,2,1,0.9999999999996396,0.3173105078629984,,False,1.0,False,False,True
TBS adaptive diffusion topology alpha=0.01 edge=0.001,N2518,L1004,0.0013425681049986484,2,1,0.9999999999996396,0.3173105078629984,,False,1.0,False,False,True
TBS adaptive diffusion topology alpha=0.01 edge=0.001,N2519,L1618,0.0013890289197429696,2,1,0.9999999999984095,0.3173105078632961,,False,1.0,False,False,True
TBS adaptive diffusion topology alpha=0.01 edge=0.001,N2519,L1934,0.0013890289197429696,2,1,0.9999999999984095,0.3173105078632961,,False,1.0,False,False,True
TBS adaptive diffusion topology alpha=0.01 edge=0.001,N2520,L21,0.0014126170054073281,2,1,0.9999999999997635,0.31731050786296844,,False,1.0,False,False,True
TBS adaptive diffusion topology alpha=0.01 edge=0.001,N2520,L520,0.0014126170054073281,2,1,0.9999999999997635,0.31731050786296844,,False,1.0,False,False,True
TBS adaptive diffusion topology alpha=0.01 edge=0.001,N2521,L766,0.0014476934298808168,2,1,0.9999999999998201,0.3173105078629548,,False,1.0,False,False,True
TBS adaptive diffusion topology alpha=0.01 edge=0.001,N2521,L1114,0.0014476934298808168,2,1,0.9999999999998201,0.3173105078629548,,False,1.0,False,False,True
TBS adaptive diffusion topology alpha=0.01 edge=0.001,N2522,L1751,0.0014594672870909867,2,1,0.9999999999930662,0.317310507864589,,False,1.0,False,False,True
TBS adaptive diffusion topology alpha=0.01 edge=0.001,N2522,L1946,0.0014594672870909867,2,1,0.9999999999930662,0.317310507864589,,False,1.0,False,False,True
TBS adaptive diffusion topology alpha=0.01 edge=0.001,N2523,L428,0.0014660904221500586,2,1,0.9999999999993132,0.31731050786307735,,False,1.0,False,False,True
TBS adaptive diffusion topology alpha=0.01 edge=0.001,N2523,L650,0.0014660904221500586,2,1,0.9999999999993132,0.31731050786307735,,False,1.0,False,False,True
TBS adaptive diffusion topology alpha=0.01 edge=0.001,N2524,L1655,0.0014776065756576032,3,1,1.999999999999045,0.367879441171618,,False,2.0,False,False,True
TBS adaptive diffusion topology alpha=0.01 edge=0.001,N2524,N2503,0.0008575583010132317,3,2,1.9999999999757703,0.36787944117589916,,False,2.0,False,False,True
TBS adaptive diffusion topology alpha=0.01 edge=0.001,N2525,L161,0.001531331045890701,2,1,0.9999999999999127,0.3173105078629323,,False,1.0,False,False,True
TBS adaptive diffusion topology alpha=0.01 edge=0.001,N2525,L1379,0.001531331045890701,2,1,0.9999999999999127,0.3173105078629323,,False,1.0,False,False,True
TBS adaptive diffusion topology alpha=0.01 edge=0.001,N2526,L1756,0.0015631003939260916,2,1,0.9999999999994436,0.3173105078630459,,False,1.0,False,False,True
TBS adaptive diffusion topology alpha=0.01 edge=0.001,N2526,L2000,0.0015631003939260916,2,1,0.9999999999994436,0.3173105078630459,,False,1.0,False,False,True
TBS adaptive diffusion topology alpha=0.01 edge=0.001,N2527,L872,0.0015650485734379068,2,1,0.999999999999724,0.31731050786297804,,False,1.0,False,False,True
TBS adaptive diffusion topology alpha=0.01 edge=0.001,N2527,L912,0.0015650485734379068,2,1,0.999999999999724,0.31731050786297804,,False,1.0,False,False,True
TBS adaptive diffusion topology alpha=0.01 edge=0.001,N2528,L83,0.001606212509511073,2,1,0.9999999999968614,0.3173105078636707,,False,1.0,False,False,True
TBS adaptive diffusion topology alpha=0.01 edge=0.001,N2528,L113,0.001606212509511073,2,1,0.9999999999968614,0.3173105078636707,,False,1.0,False,False,True
TBS adaptive diffusion topology alpha=0.01 edge=0.001,N2529,L200,0.0016164300847985751,3,1,1.999999999998865,0.3678794411716512,,False,2.0,False,False,True
TBS adaptive diffusion topology alpha=0.01 edge=0.001,N2529,N2508,0.0007534751153607253,3,2,1.9999999999687526,0.36787944117719,,False,2.0,False,False,True
TBS adaptive diffusion topology alpha=0.01 edge=0.001,N2530,N2501,0.0011578321493533623,4,2,2.9999999998837166,0.3916251762890176,,False,3.0,False,False,True
TBS adaptive diffusion topology alpha=0.01 edge=0.001,N2530,N2507,0.0008060304219742693,4,2,2.9999999998837166,0.3916251762890176,,False,3.0,False,False,True
TBS adaptive diffusion topology alpha=0.01 edge=0.001,N2531,L1983,0.0016243022360622366,2,1,0.9999999999997569,0.31731050786297005,,False,1.0,False,False,True
TBS adaptive diffusion topology alpha=0.01 edge=0.001,N2531,L2001,0.0016243022360622366,2,1,0.9999999999997569,0.31731050786297005,,False,1.0,False,False,True
TBS adaptive diffusion topology alpha=0.01 edge=0.001,N2532,L2301,0.0016707195589676853,2,1,0.9999999999999598,0.3173105078629209,,False,1.0,False,False,True
TBS adaptive diffusion topology alpha=0.01 edge=0.001,N2532,L2335,0.0016707195589676853,2,1,0.9999999999999598,0.3173105078629209,,False,1.0,False,False,True
TBS adaptive diffusion topology alpha=0.01 edge=0.001,N2533,L1750,0.0017327188057362662,2,1,0.9999999999998597,0.3173105078629452,,False,1.0,False,False,True
TBS adaptive diffusion topology alpha=0.01 edge=0.001,N2533,L1922,0.0017327188057362662,2,1,0.9999999999998597,0.3173105078629452,,False,1.0,False,False,True
TBS adaptive diffusion topology alpha=0.01 edge=0.001,N2534,L1939,0.0017869291023565929,2,1,0.9999999999996525,0.3173105078629953,,False,1.0,False,False,True
TBS adaptive diffusion topology alpha=0.01 edge=0.001,N2534,L1970,0.0017869291023565929,2,1,0.9999999999996525,0.3173105078629953,,False,1.0,False,False,True
TBS adaptive diffusion topology alpha=0.01 edge=0.001,N2535,L29,0.001816576381889803,2,1,0.9999999999979672,0.31731050786340315,,False,1.0,False,False,True
TBS adaptive diffusion topology alpha=0.01 edge=0.001,N2535,L277,0.001816576381889803,2,1,0.9999999999979672,0.31731050786340315,,False,1.0,False,False,True
TBS adaptive diffusion topology alpha=0.01 edge=0.001,N2536,L785,0.001828744612393001,2,1,0.9999999999998175,0.3173105078629554,,False,1.0,False,False,True
TBS adaptive diffusion topology alpha=0.01 edge=0.001,N2536,L1325,0.001828744612393001,2,1,0.9999999999998175,0.3173105078629554,,False,1.0,False,False,True
TBS adaptive diffusion topology alpha=0.01 edge=0.001,N2537,L500,0.0018482485552865924,2,1,0.9999999999994056,0.3173105078630551,,False,1.0,False,False,True
TBS adaptive diffusion topology alpha=0.01 edge=0.001,N2537,L653,0.0018482485552865924,2,1,0.9999999999994056,0.3173105078630551,,False,1.0,False,False,True
TBS adaptive diffusion topology alpha=0.01 edge=0.001,N2538,L7,0.001875361569635266,2,1,0.9999999999984424,0.3173105078632881,,False,1.0,False,False,True
TBS adaptive diffusion topology alpha=0.01 edge=0.001,N2538,L157,0.001875361569635266,2,1,0.9999999999984424,0.3173105078632881,,False,1.0,False,False,True
TBS adaptive diffusion topology alpha=0.01 edge=0.001,N2539,L1738,0.001948622348392218,2,1,0.9999999999997964,0.31731050786296056,,False,1.0,False,False,True
TBS adaptive diffusion topology alpha=0.01 edge=0.001,N2539,L1747,0.001948622348392218,2,1,0.9999999999997964,0.31731050786296056,,False,1.0,False,False,True
TBS adaptive diffusion topology alpha=0.01 edge=0.001,N2540,L116,0.001994553023635582,2,1,0.9999999999999531,0.3173105078629226,,False,1.0,False,False,True
TBS adaptive diffusion topology alpha=0.01 edge=0.001,N2540,L365,0.001994553023635582,2,1,0.9999999999999531,0.3173105078629226,,False,1.0,False,False,True
TBS adaptive diffusion topology alpha=0.01 edge=0.001,N2541,L879,0.001995268444296768,2,1,0.9999999999995939,0.3173105078630095,,False,1.0,False,False,True
TBS adaptive diffusion topology alpha=0.01 edge=0.001,N2541,L1061,0.001995268444296768,2,1,0.9999999999995939,0.3173105078630095,,False,1.0,False,False,True
TBS adaptive diffusion topology alpha=0.01 edge=0.001,N2542,L1699,0.0020380505456700257,2,1,0.9999999999996769,0.31731050786298937,,False,1.0,False,False,True
TBS adaptive diffusion topology alpha=0.01 edge=0.001,N2542,L1831,0.0020380505456700257,2,1,0.9999999999996769,0.31731050786298937,,False,1.0,False,False,True
TBS adaptive diffusion topology alpha=0.01 edge=0.001,N2543,L1749,0.002049347714513787,2,1,0.9999999999998985,0.3173105078629358,,False,1.0,False,False,True
TBS adaptive diffusion topology alpha=0.01 edge=0.001,N2543,L1945,0.002049347714513787,2,1,0.9999999999998985,0.3173105078629358,,False,1.0,False,False,True
TBS adaptive diffusion topology alpha=0.01 edge=0.001,N2544,L2164,0.002102103483432229,2,1,0.9999999999993909,0.3173105078630586,,False,1.0,False,False,True
TBS adaptive diffusion topology alpha=0.01 edge=0.001,N2544,L2181,0.002102103483432229,2,1,0.9999999999993909,0.3173105078630586,,False,1.0,False,False,True
TBS adaptive diffusion topology alpha=0.01 edge=0.001,N2545,L152,0.002134349469101962,2,1,0.9999999999996647,0.31731050786299236,,False,1.0,False,False,True
TBS adaptive diffusion topology alpha=0.01 edge=0.001,N2545,L1426,0.002134349469101962,2,1,0.9999999999996647,0.31731050786299236,,False,1.0,False,False,True
TBS adaptive diffusion topology alpha=0.01 edge=0.001,N2546,L530,0.002141572524047648,2,1,0.9999999999992268,0.31731050786309833,,False,1.0,False,False,True
TBS adaptive diffusion topology alpha=0.01 edge=0.001,N2546,L533,0.002141572524047648,2,1,0.9999999999992268,0.31731050786309833,,False,1.0,False,False,True
TBS adaptive diffusion topology alpha=0.01 edge=0.001,N2547,L506,0.0021669264354496234,2,1,0.9999999999998925,0.31731050786293724,,False,1.0,False,False,True
TBS adaptive diffusion topology alpha=0.01 edge=0.001,N2547,L1408,0.0021669264354496234,2,1,0.9999999999998925,0.31731050786293724,,False,1.0,False,False,True
TBS adaptive diffusion topology alpha=0.01 edge=0.001,N2548,L869,0.0021999108608785527,2,1,0.9999999999996112,0.3173105078630053,,False,1.0,False,False,True
TBS adaptive diffusion topology alpha=0.01 edge=0.001,N2548,L1031,0.0021999108608785527,2,1,0.9999999999996112,0.3173105078630053,,False,1.0,False,False,True
TBS adaptive diffusion topology alpha=0.01 edge=0.001,N2549,L1446,0.0022181627894708776,2,1,0.9999999999991354,0.3173105078631204,,False,1.0,False,False,True
TBS adaptive diffusion topology alpha=0.01 edge=0.001,N2549,L1576,0.0022181627894708776,2,1,0.9999999999991354,0.3173105078631204,,False,1.0,False,False,True
TBS adaptive diffusion topology alpha=0.01 edge=0.001,N2550,L192,0.002229132071181845,2,1,0.9999999999948654,0.3173105078641536,,False,1.0,False,False,True
TBS adaptive diffusion topology alpha=0.01 edge=0.001,N2550,L270,0.002229132071181845,2,1,0.9999999999948654,0.3173105078641536,,False,1.0,False,False,True
TBS adaptive diffusion topology alpha=0.01 edge=0.001,N2551,L1857,0.0022348841751327463,3,1,1.999999999999471,0.3678794411715397,,False,2.0,False,False,True
TBS adaptive diffusion topology alpha=0.01 edge=0.001,N2551,N2514,0.0010307719392779703,3,2,1.999999999988193,0.3678794411736141,,False,2.0,False,False,True
TBS adaptive diffusion topology alpha=0.01 edge=0.001,N2552,L146,0.0022494095722414187,2,1,0.999999999971658,0.31731050786976917,,False,1.0,False,False,True
TBS adaptive diffusion topology alpha=0.01 edge=0.001,N2552,L475,0.0022494095722414187,2,1,0.999999999971658,0.31731050786976917,,False,1.0,False,False,True
TBS adaptive diffusion topology alpha=0.01 edge=0.001,N2553,L1562,0.0022534243514019396,3,1,1.9999999999993947,0.36787944117155363,,False,2.0,False,False,True
TBS adaptive diffusion topology alpha=0.01 edge=0.001,N2553,N2517,0.0009299620799385934,3,2,1.9999999999880975,0.36787944117363175,,False,2.0,False,False,True
TBS adaptive diffusion topology alpha=0.01 edge=0.001,N2554,L1803,0.002257347065829118,2,1,0.9999999999908211,0.3173105078651322,,False,1.0,False,False,True
TBS adaptive diffusion topology alpha=0.01 edge=0.001,N2554,L1964,0.002257347065829118,2,1,0.9999999999908211,0.3173105078651322,,False,1.0,False,False,True
TBS adaptive diffusion topology alpha=0.01 edge=0.001,N2555,L1609,0.0023057342124041444,2,1,0.9999999999990772,0.3173105078631345,,False,1.0,False,False,True
TBS adaptive diffusion topology alpha=0.01 edge=0.001,N2555,L1698,0.0023057342124041444,2,1,0.9999999999990772,0.3173105078631345,,False,1.0,False,False,True
TBS adaptive diffusion topology alpha=0.01 edge=0.001,N2556,L1380,0.0023445885551669422,3,1,1.9999999999986553,0.36787944117168964,,False,2.0,False,False,True
TBS adaptive diffusion topology alpha=0.01 edge=0.001,N2556,N2515,0.0011335199252648415,3,2,1.999999999964585,0.36787944117795657,,False,2.0,False,False,True
TBS adaptive diffusion topology alpha=0.01 edge=0.001,N2557,N2510,0.0014234624904649836,4,2,2.9999999999943197,0.3916251762719646,,False,3.0,False,False,True
TBS adaptive diffusion topology alpha=0.01 edge=0.001,N2557,N2519,0.0009917078694764044,4,2,2.9999999999943197,0.3916251762719646,,False,3.0,False,False,True
TBS adaptive diffusion topology alpha=0.01 edge=0.001,N2558,L1434,0.002384776226637255,2,1,0.9999999999998566,0.31731050786294596,,False,1.0,False,False,True
TBS adaptive diffusion topology alpha=0.01 edge=0.001,N2558,L1585,0.002384776226637255,2,1,0.9999999999998566,0.31731050786294596,,False,1.0,False,False,True
TBS adaptive diffusion topology alpha=0.01 edge=0.001,N2559,L1716,0.0024191620086245285,3,1,1.9999999999991642,0.3678794411715961,,False,2.0,False,False,True
TBS adaptive diffusion topology alpha=0.01 edge=0.001,N2559,N2542,0.00038111146295450286,3,2,1.9999999999876896,0.36787944117370674,,False,2.0,False,False,True
TBS adaptive diffusion topology alpha=0.01 edge=0.001,N2560,L943,0.0024269155262896126,2,1,0.9999999999994842,0.3173105078630361,,False,1.0,False,False,True
TBS adaptive diffusion topology alpha=0.01 edge=0.001,N2560,L1346,0.0024269155262896126,2,1,0.9999999999994842,0.3173105078630361,,False,1.0,False,False,True
TBS adaptive diffusion topology alpha=0.01 edge=0.001,N2561,L223,0.00243174610320793,2,1,0.9999999999999369,0.31731050786292647,,False,1.0,False,False,True
TBS adaptive diffusion topology alpha=0.01 edge=0.001,N2561,L317,0.00243174610320793,2,1,0.9999999999999369,0.31731050786292647,,False,1.0,False,False,True
TBS adaptive diffusion topology alpha=0.01 edge=0.001,N2562,L1742,0.002452635295047923,2,1,0.9999999999992961,0.3173105078630816,,False,1.0,False,False,True
TBS adaptive diffusion topology alpha=0.01 edge=0.001,N2562,L1876,0.002452635295047923,2,1,0.9999999999992961,0.3173105078630816,,False,1.0,False,False,True
TBS adaptive diffusion topology alpha=0.01 edge=0.001,N2563,L668,0.00246136407549609,3,1,1.9999999999997635,0.3678794411714858,,False,2.0,False,False,True
TBS adaptive diffusion topology alpha=0.01 edge=0.001,N2563,N2502,0.0019252549782701866,3,2,1.999999999997647,0.3678794411718751,,False,2.0,False,False,True
TBS adaptive diffusion topology alpha=0.01 edge=0.001,N2564,L145,0.0024972049123536794,2,1,0.9999999999997797,0.31731050786296455,,False,1.0,False,False,True
TBS adaptive diffusion topology alpha=0.01 edge=0.001,N2564,L580,0.0024972049123536794,2,1,0.9999999999997797,0.31731050786296455,,False,1.0,False,False,True
TBS adaptive diffusion topology alpha=0.01 edge=0.001,N2565,L2363,0.002520476366477281,2,1,0.9999999999999278,0.3173105078629287,,False,1.0,False,False,True
TBS adaptive diffusion topology alpha=0.01 edge=0.001,N2565,L2375,0.002520476366477281,2,1,0.9999999999999278,0.3173105078629287,,False,1.0,False,False,True
TBS adaptive diffusion topology alpha=0.01 edge=0.001,N2566,L630,0.0025767232573500813,2,1,0.9999999999998774,0.31731050786294085,,False,1.0,False,False,True
TBS adaptive diffusion topology alpha=0.01 edge=0.001,N2566,L1530,0.0025767232573500813,2,1,0.9999999999998774,0.31731050786294085,,False,1.0,False,False,True
TBS adaptive diffusion topology alpha=0.01 edge=0.001,N2567,L776,0.002578590414994909,2,1,0.9999999999963443,0.3173105078637958,,False,1.0,False,False,True
TBS adaptive diffusion topology alpha=0.01 edge=0.001,N2567,L1251,0.002578590414994909,2,1,0.9999999999963443,0.3173105078637958,,False,1.0,False,False,True
TBS adaptive diffusion topology alpha=0.01 edge=0.001,N2568,L810,0.0025964454175175914,2,1,0.9999999999813205,0.3173105078674311,,False,1.0,False,False,True
TBS adaptive diffusion topology alpha=0.01 edge=0.001,N2568,L1197,0.0025964454175175914,2,1,0.9999999999813205,0.3173105078674311,,False,1.0,False,False,True
TBS adaptive diffusion topology alpha=0.01 edge=0.001,N2569,L2404,0.0026009286078889095,5,1,3.9999999999977227,0.4060058497101465,,False,4.0,False,False,True
TBS adaptive diffusion topology alpha=0.01 edge=0.001,N2569,N2530,0.0009807152889976334,5,4,3.9999999997498366,0.406005849743694,,False,4.0,False,False,True
TBS adaptive diffusion topology alpha=0.01 edge=0.001,N2570,L1021,0.002601459242114555,2,1,0.9999999999993041,0.3173105078630796,,False,1.0,False,False,True
TBS adaptive diffusion topology alpha=0.01 edge=0.001,N2570,L1024,0.002601459242114555,2,1,0.9999999999993041,0.3173105078630796,,False,1.0,False,False,True
TBS adaptive diffusion topology alpha=0.01 edge=0.001,N2571,L2345,0.002613992646894262,2,1,0.9999999999705649,0.3173105078700337,,False,1.0,False,False,True
TBS adaptive diffusion topology alpha=0.01 edge=0.001,N2571,L2389,0.002613992646894262,2,1,0.9999999999705649,0.3173105078700337,,False,1.0,False,False,True
TBS adaptive diffusion topology alpha=0.01 edge=0.001,N2572,L898,0.002639178200285972,2,1,0.9999999999998732,0.31731050786294196,,False,1.0,False,False,True
TBS adaptive diffusion topology alpha=0.01 edge=0.001,N2572,L1089,0.002639178200285972,2,1,0.9999999999998732,0.31731050786294196,,False,1.0,False,False,True
TBS adaptive diffusion topology alpha=0.01 edge=0.001,N2573,L1988,0.002640954139105488,3,1,1.9999999999996698,0.3678794411715032,,False,2.0,False,False,True
TBS adaptive diffusion topology alpha=0.01 edge=0.001,N2573,N2500,0.002345782327225115,3,2,1.999999999994473,0.3678794411724589,,False,2.0,False,False,True
TBS adaptive diffusion topology alpha=0.01 edge=0.001,N2574,L42,0.0026474243411125082,2,1,0.9999999999994351,0.31731050786304793,,False,1.0,False,False,True
TBS adaptive diffusion topology alpha=0.01 edge=0.001,N2574,L177,0.0026474243411125082,2,1,0.9999999999994351,0.31731050786304793,,False,1.0,False,False,True
TBS adaptive diffusion topology alpha=0.01 edge=0.001,N2575,L860,0.002649697927850354,2,1,0.9999999999999076,0.3173105078629336,,False,1.0,False,False,True
TBS adaptive diffusion topology alpha=0.01 edge=0.001,N2575,L1195,0.002649697927850354,2,1,0.9999999999999076,0.3173105078629336,,False,1.0,False,False,True
TBS adaptive diffusion topology alpha=0.01 edge=0.001,N2576,L1842,0.002659406107612814,2,1,0.9999999999998535,0.3173105078629466,,False,1.0,False,False,True
TBS adaptive diffusion topology alpha=0.01 edge=0.001,N2576,L1861,0.002659406107612814,2,1,0.9999999999998535,0.3173105078629466,,False,1.0,False,False,True
TBS adaptive diffusion topology alpha=0.01 edge=0.001,N2577,L134,0.002711711239682317,2,1,0.9999999999994469,0.317310507863045,,False,1.0,False,False,True
TBS adaptive diffusion topology alpha=0.01 edge=0.001,N2577,L641,0.002711711239682317,2,1,0.9999999999994469,0.317310507863045,,False,1.0,False,False,True
TBS adaptive diffusion topology alpha=0.01 edge=0.001,N2578,L552,0.002722764067298724,2,1,0.9999999999999485,0.3173105078629237,,False,1.0,False,False,True
TBS adaptive diffusion topology alpha=0.01 edge=0.001,N2578,L614,0.002722764067298724,2,1,0.9999999999999485,0.3173105078629237,,False,1.0,False,False,True
TBS adaptive diffusion topology alpha=0.01 edge=0.001,N2579,L2457,0.0027244584865929564,2,1,0.9999999999999618,0.3173105078629205,,False,1.0,False,False,True
TBS adaptive diffusion topology alpha=0.01 edge=0.001,N2579,L2487,0.0027244584865929564,2,1,0.9999999999999618,0.3173105078629205,,False,1.0,False,False,True
TBS adaptive diffusion topology alpha=0.01 edge=0.001,N2580,L1682,0.0027289676484477357,4,1,2.9999999999992912,0.3916251762711981,,False,3.0,False,False,True
TBS adaptive diffusion topology alpha=0.01 edge=0.001,N2580,N2551,0.0004940834733149894,4,3,2.9999999999390052,0.3916251762804932,,False,3.0,False,False,True
TBS adaptive diffusion topology alpha=0.01 edge=0.001,N2581,L1825,0.002738135418737796,3,1,1.9999999999994176,0.3678794411715495,,False,2.0,False,False,True
TBS adaptive diffusion topology alpha=0.01 edge=0.001,N2581,N2511,0.0017495615986060271,3,2,1.9999999999905196,0.3678794411731862,,False,2.0,False,False,True
TBS adaptive diffusion topology alpha=0.01 edge=0.001,N2582,L262,0.002746409903451139,2,1,0.9999999999850273,0.3173105078665342,,False,1.0,False,False,True
TBS adaptive diffusion topology alpha=0.01 edge=0.001,N2582,L306,0.002746409903451139,2,1,0.9999999999850273,0.3173105078665342,,False,1.0,False,False,True
TBS adaptive diffusion topology alpha=0.01 edge=0.001,N2583,L2306,0.002762333290097025,2,1,0.9999999999991331,0.3173105078631209,,False,1.0,False,False,True
TBS adaptive diffusion topology alpha=0.01 edge=0.001,N2583,L2378,0.002762333290097025,2,1,0.9999999999991331,0.3173105078631209,,False,1.0,False,False,True
TBS adaptive diffusion topology alpha=0.01 edge=0.001,N2584,L805,0.002798823782900783,2,1,0.9999999999946372,0.3173105078642089,,False,1.0,False,False,True
TBS adaptive diffusion topology alpha=0.01 edge=0.001,N2584,L1103,0.002798823782900783,2,1,0.9999999999946372,0.3173105078642089,,False,1.0,False,False,True
TBS adaptive diffusion topology alpha=0.01 edge=0.001,N2585,L972,0.002801425857176957,2,1,0.9999999999996558,0.31731050786299453,,False,1.0,False,False,True
TBS adaptive diffusion topology alpha=0.01 edge=0.001,N2585,L1060,0.002801425857176957,2,1,0.9999999999996558,0.31731050786299453,,False,1.0,False,False,True
TBS adaptive diffusion topology alpha=0.01 edge=0.001,N2586,L19,0.0028329473742824134,2,1,0.9999999999998737,0.31731050786294185,,False,1.0,False,False,True
TBS adaptive diffusion topology alpha=0.01 edge=0.001,N2586,L441,0.0028329473742824134,2,1,0.9999999999998737,0.31731050786294185,,False,1.0,False,False,True
TBS adaptive diffusion topology alpha=0.01 edge=0.001,N2587,L440,0.0028403186421321292,3,1,1.9999999999990314,0.3678794411716206,,False,2.0,False,False,True
TBS adaptive diffusion topology alpha=0.01 edge=0.001,N2587,N2537,0.000992070086845537,3,2,1.9999999999737343,0.36787944117627364,,False,2.0,False,False,True
TBS adaptive diffusion topology alpha=0.01 edge=0.001,N2588,L393,0.0028527966630453,2,1,0.9999999999991454,0.317310507863118,,False,1.0,False,False,True
TBS adaptive diffusion topology alpha=0.01 edge=0.001,N2588,L1498,0.0028527966630453,2,1,0.9999999999991454,0.317310507863118,,False,1.0,False,False,True
TBS adaptive diffusion topology alpha=0.01 edge=0.001,N2589,L1869,0.0028638091066007752,2,1,0.9999999999999061,0.3173105078629339,,False,1.0,False,False,True
TBS adaptive diffusion topology alpha=0.01 edge=0.001,N2589,L1996,0.0028638091066007752,2,1,0.9999999999999061,0.3173105078629339,,False,1.0,False,False,True
TBS adaptive diffusion topology alpha=0.01 edge=0.001,N2590,L434,0.002877187264650761,2,1,0.9999999999992355,0.3173105078630962,,False,1.0,False,False,True
TBS adaptive diffusion topology alpha=0.01 edge=0.001,N2590,L600,0.002877187264650761,2,1,0.9999999999992355,0.3173105078630962,,False,1.0,False,False,True
TBS adaptive diffusion topology alpha=0.01 edge=0.001,N2591,L101,0.002885789474293805,2,1,0.9999999999989015,0.317310507863177,,False,1.0,False,False,True
TBS adaptive diffusion topology alpha=0.01 edge=0.001,N2591,L878,0.002885789474293805,2,1,0.9999999999989015,0.317310507863177,,False,1.0,False,False,True
TBS adaptive diffusion topology alpha=0.01 edge=0.001,N2592,L80,0.002886028405643407,2,1,0.999999999999722,0.31731050786297854,,False,1.0,False,False,True
TBS adaptive diffusion topology alpha=0.01 edge=0.001,N2592,L738,0.002886028405643407,2,1,0.999999999999722,0.31731050786297854,,False,1.0,False,False,True
TBS adaptive diffusion topology alpha=0.01 edge=0.001,N2593,L1951,0.002921873476240929,3,1,1.9999999999936606,0.3678794411726084,,False,2.0,False,False,True
TBS adaptive diffusion topology alpha=0.01 edge=0.001,N2593,N2526,0.0013587730823148372,3,2,1.9999999997617104,0.36787944121527333,,False,2.0,False,False,True
TBS adaptive diffusion topology alpha=0.01 edge=0.001,N2594,L424,0.0029270824757348934,2,1,0.9999999999994449,0.3173105078630455,,False,1.0,False,False,True
TBS adaptive diffusion topology alpha=0.01 edge=0.001,N2594,L461,0.0029270824757348934,2,1,0.9999999999994449,0.3173105078630455,,False,1.0,False,False,True
TBS adaptive diffusion topology alpha=0.01 edge=0.001,N2595,L739,0.002949883497762082,2,1,0.999999999984774,0.3173105078665955,,False,1.0,False,False,True
TBS adaptive diffusion topology alpha=0.01 edge=0.001,N2595,L754,0.002949883497762082,2,1,0.999999999984774,0.3173105078665955,,False,1.0,False,False,True
TBS adaptive diffusion topology alpha=0.01 edge=0.001,N2596,L1709,0.0029501434699571115,2,1,0.9999999999993066,0.317310507863079,,False,1.0,False,False,True
TBS adaptive diffusion topology alpha=0.01 edge=0.001,N2596,L1785,0.0029501434699571115,2,1,0.9999999999993066,0.317310507863079,,False,1.0,False,False,True
TBS adaptive diffusion topology alpha=0.01 edge=0.001,N2597,L1128,0.002964370622593319,2,1,0.9999999999996685,0.3173105078629914,,False,1.0,False,False,True
TBS adaptive diffusion topology alpha=0.01 edge=0.001,N2597,L1158,0.002964370622593319,2,1,0.9999999999996685,0.3173105078629914,,False,1.0,False,False,True
TBS adaptive diffusion topology alpha=0.01 edge=0.001,N2598,L2201,0.002988509264940732,2,1,0.9999999999995983,0.3173105078630084,,False,1.0,False,False,True
TBS adaptive diffusion topology alpha=0.01 edge=0.001,N2598,L2280,0.002988509264940732,2,1,0.9999999999995983,0.3173105078630084,,False,1.0,False,False,True
TBS adaptive diffusion topology alpha=0.01 edge=0.001,N2599,L543,0.002988857126038422,2,1,0.9999999999997999,0.31731050786295967,,False,1.0,False,False,True
TBS adaptive diffusion topology alpha=0.01 edge=0.001,N2599,L1563,0.002988857126038422,2,1,0.9999999999997999,0.31731050786295967,,False,1.0,False,False,True
TBS adaptive diffusion topology alpha=0.01 edge=0.001,N2600,L1887,0.0029922734858213833,2,1,0.9999999999892752,0.3173105078655063,,False,1.0,False,False,True
TBS adaptive diffusion topology alpha=0.01 edge=0.001,N2600,L1893,0.0029922734858213833,2,1,0.9999999999892752,0.3173105078655063,,False,1.0,False,False,True
TBS adaptive diffusion topology alpha=0.01 edge=0.001,N2601,L535,0.0030148506630132566,2,1,0.9999999999998375,0.3173105078629505,,False,1.0,False,False,True
TBS adaptive diffusion topology alpha=0.01 edge=0.001,N2601,L595,0.0030148506630132566,2,1,0.9999999999998375,0.3173105078629505,,False,1.0,False,False,True
TBS adaptive diffusion topology alpha=0.01 edge=0.001,N2602,L2385,0.003019004285933792,6,1,4.999999999977926,0.4158801869982016,,False,5.0,False,False,True
TBS adaptive diffusion topology alpha=0.01 edge=0.001,N2602,N2569,0.0004180756780448825,6,5,4.999999963371936,0.4158801914656526,,False,5.0,False,False,True
TBS adaptive diffusion topology alpha=0.01 edge=0.001,N2603,L564,0.003025998213508437,3,1,1.999999999996863,0.3678794411720194,,False,2.0,False,False,True
TBS adaptive diffusion topology alpha=0.01 edge=0.001,N2603,N2518,0.0016834301085097885,3,2,1.99999999988098,0.3678794411933347,,False,2.0,False,False,True
TBS adaptive diffusion topology alpha=0.01 edge=0.001,N2604,L2373,0.003054170775075578,2,1,0.999999999999043,0.3173105078631428,,False,1.0,False,False,True
TBS adaptive diffusion topology alpha=0.01 edge=0.001,N2604,L2399,0.003054170775075578,2,1,0.999999999999043,0.3173105078631428,,False,1.0,False,False,True
TBS adaptive diffusion topology alpha=0.01 edge=0.001,N2605,L2272,0.0030547627937448163,2,1,0.9999999999997884,0.31731050786296244,,False,1.0,False,False,True
TBS adaptive diffusion topology alpha=0.01 edge=0.001,N2605,L2277,0.0030547627937448163,2,1,0.9999999999997884,0.31731050786296244,,False,1.0,False,False,True
TBS adaptive diffusion topology alpha=0.01 edge=0.001,N2606,L1807,0.0030603476257639655,2,1,0.9999999999930373,0.317310507864596,,False,1.0,False,False,True
TBS adaptive diffusion topology alpha=0.01 edge=0.001,N2606,L1879,0.0030603476257639655,2,1,0.9999999999930373,0.317310507864596,,False,1.0,False,False,True
TBS adaptive diffusion topology alpha=0.01 edge=0.001,N2607,L1494,0.003095510860274598,2,1,0.9999999999998341,0.31731050786295134,,False,1.0,False,False,True
TBS adaptive diffusion topology alpha=0.01 edge=0.001,N2607,L1564,0.003095510860274598,2,1,0.9999999999998341,0.31731050786295134,,False,1.0,False,False,True
TBS adaptive diffusion topology alpha=0.01 edge=0.001,N2608,L877,0.0031311166012032154,2,1,0.9999999999995068,0.3173105078630305,,False,1.0,False,False,True
TBS adaptive diffusion topology alpha=0.01 edge=0.001,N2608,L1156,0.0031311166012032154,2,1,0.9999999999995068,0.3173105078630305,,False,1.0,False,False,True
TBS adaptive diffusion topology alpha=0.01 edge=0.001,N2609,L628,0.0031337464114362824,2,1,0.9999999999593805,0.31731050787273996,,False,1.0,False,False,True
TBS adaptive diffusion topology alpha=0.01 edge=0.001,N2609,L1590,0.0031337464114362824,2,1,0.9999999999593805,0.31731050787273996,,False,1.0,False,False,True
TBS adaptive diffusion topology alpha=0.01 edge=0.001,N2610,L1992,0.0031348401060695293,5,1,3.9999999999985314,0.40600584971003717,,False,4.0,False,False,True
TBS adaptive diffusion topology alpha=0.01 edge=0.001,N2610,N2580,0.0004058724576217938,5,4,3.999999999848042,0.40600584973040355,,False,4.0,False,False,True
TBS adaptive diffusion topology alpha=0.01 edge=0.001,N2611,L483,0.00315560423515826,2,1,0.9999999999979376,0.31731050786341025,,False,1.0,False,False,True
TBS adaptive diffusion topology alpha=0.01 edge=0.001,N2611,L612,0.00315560423515826,2,1,0.9999999999979376,0.31731050786341025,,False,1.0,False,False,True
TBS adaptive diffusion topology alpha=0.01 edge=0.001,N2612,L1783,0.0031842762376064933,4,1,2.9999999999994142,0.39162517627117943,,False,3.0,False,False,True
TBS adaptive diffusion topology alpha=0.01 edge=0.001,N2612,N2524,0.00170666966194889,4,3,2.999999999981414,0.3916251762739543,,False,3.0,False,False,True
TBS adaptive diffusion topology alpha=0.01 edge=0.001,N2613,L41,0.003207445974299065,2,1,0.9999999999996878,0.31731050786298676,,False,1.0,False,False,True
TBS adaptive diffusion topology alpha=0.01 edge=0.001,N2613,L762,0.003207445974299065,2,1,0.9999999999996878,0.31731050786298676,,False,1.0,False,False,True
TBS adaptive diffusion topology alpha=0.01 edge=0.001,N2614,L686,0.0032124694466269107,2,1,0.9999999999999181,0.317310507862931,,False,1.0,False,False,True
TBS adaptive diffusion topology alpha=0.01 edge=0.001,N2614,L981,0.0032124694466269107,2,1,0.9999999999999181,0.317310507862931,,False,1.0,False,False,True
TBS adaptive diffusion topology alpha=0.01 edge=0.001,N2615,L505,0.0032188783655624203,2,1,0.9999999999292086,0.31731050788004067,,False,1.0,False,False,True
TBS adaptive diffusion topology alpha=0.01 edge=0.001,N2615,L598,0.0032188783655624203,2,1,0.9999999999292086,0.31731050788004067,,False,1.0,False,False,True
TBS adaptive diffusion topology alpha=0.01 edge=0.001,N2616,L491,0.003245902980655433,3,1,1.9999999999990976,0.36787944117160837,,False,2.0,False,False,True
TBS adaptive diffusion topology alpha=0.01 edge=0.001,N2616,N2520,0.0018332859752481047,3,2,1.9999999999781455,0.3678794411754623,,False,2.0,False,False,True
TBS adaptive diffusion topology alpha=0.01 edge=0.001,N2617,L2303,0.0032466579851282216,2,1,0.9999999999998228,0.3173105078629541,,False,1.0,False,False,True
TBS adaptive diffusion topology alpha=0.01 edge=0.001,N2617,L2392,0.0032466579851282216,2,1,0.9999999999998228,0.3173105078629541,,False,1.0,False,False,True
TBS adaptive diffusion topology alpha=0.01 edge=0.001,N2618,L782,0.003248559901084684,2,1,0.9999999999999127,0.3173105078629323,,False,1.0,False,False,True
TBS adaptive diffusion topology alpha=0.01 edge=0.001,N2618,L1108,0.003248559901084684,2,1,0.9999999999999127,0.3173105078629323,,False,1.0,False,False,True
TBS adaptive diffusion topology alpha=0.01 edge=0.001,N2619,L1637,0.0032661575537924056,2,1,0.9999999999989544,0.3173105078631642,,False,1.0,False,False,True
TBS adaptive diffusion topology alpha=0.01 edge=0.001,N2619,L1878,0.0032661575537924056,2,1,0.9999999999989544,0.3173105078631642,,False,1.0,False,False,True
TBS adaptive diffusion topology alpha=0.01 edge=0.001,N2620,L40,0.0032855942718674177,2,1,0.9999999999997575,0.31731050786296994,,False,1.0,False,False,True
TBS adaptive diffusion topology alpha=0.01 edge=0.001,N2620,L1017,0.0032855942718674177,2,1,0.9999999999997575,0.31731050786296994,,False,1.0,False,False,True
TBS adaptive diffusion topology alpha=0.01 edge=0.001,N2621,L1862,0.0033096084937153055,2,1,0.9999999999996714,0.3173105078629907,,False,1.0,False,False,True
TBS adaptive diffusion topology alpha=0.01 edge=0.001,N2621,L1890,0.0033096084937153055,2,1,0.9999999999996714,0.3173105078629907,,False,1.0,False,False,True
TBS adaptive diffusion topology alpha=0.01 edge=0.001,N2622,L1802,0.003313611924570289,3,1,1.999999999999296,0.3678794411715719,,False,2.0,False,False,True
TBS adaptive diffusion topology alpha=0.01 edge=0.001,N2622,N2522,0.001854144637479302,3,2,1.999999999985779,0.3678794411740581,,False,2.0,False,False,True
TBS adaptive diffusion topology alpha=0.01 edge=0.001,N2623,L1681,0.0033192053219384837,3,1,1.999999999999239,0.36787944117158233,,False,2.0,False,False,True
TBS adaptive diffusion topology alpha=0.01 edge=0.001,N2623,N2555,0.0010134711095343394,3,2,1.9999999999874063,0.3678794411737588,,False,2.0,False,False,True
TBS adaptive diffusion topology alpha=0.01 edge=0.001,N2624,L148,0.0033240682453709305,2,1,0.9999999999997451,0.31731050786297293,,False,1.0,False,False,True
TBS adaptive diffusion topology alpha=0.01 edge=0.001,N2624,L162,0.0033240682453709305,2,1,0.9999999999997451,0.31731050786297293,,False,1.0,False,False,True
TBS adaptive diffusion topology alpha=0.01 edge=0.001,N2625,L98,0.003352844017957154,3,1,1.9999999999999223,0.3678794411714566,,False,2.0,False,False,True
TBS adaptive diffusion topology alpha=0.01 edge=0.001,N2625,N2506,0.002555055265028195,3,2,1.9999999999992455,0.3678794411715811,,False,2.0,False,False,True
TBS adaptive diffusion topology alpha=0.01 edge=0.001,N2626,L2141,0.0033528505972465392,3,1,1.9999999999998739,0.36787944117146554,,False,2.0,False,False,True
TBS adaptive diffusion topology alpha=0.01 edge=0.001,N2626,N2598,0.00036434133230580723,3,2,1.9999999999990434,0.36787944117161836,,False,2.0,False,False,True
TBS adaptive diffusion topology alpha=0.01 edge=0.001,N2627,L327,0.003353481722065735,4,1,2.9999999999985283,0.3916251762713159,,False,3.0,False,False,True
TBS adaptive diffusion topology alpha=0.01 edge=0.001,N2627,N2563,0.0008921176465696447,4,3,2.9999999998700737,0.3916251762911209,,False,3.0,False,False,True
TBS adaptive diffusion topology alpha=0.01 edge=0.001,N2628,L416,0.00337456006587872,2,1,0.9999999999525611,0.31731050787439,,False,1.0,False,False,True
TBS adaptive diffusion topology alpha=0.01 edge=0.001,N2628,L480,0.00337456006587872,2,1,0.9999999999525611,0.31731050787439,,False,1.0,False,False,True
TBS adaptive diffusion topology alpha=0.01 edge=0.001,N2629,L1491,0.003375779550438733,2,1,0.9999999999972278,0.31731050786358206,,False,1.0,False,False,True
TBS adaptive diffusion topology alpha=0.01 edge=0.001,N2629,L1513,0.003375779550438733,2,1,0.9999999999972278,0.31731050786358206,,False,1.0,False,False,True
TBS adaptive diffusion topology alpha=0.01 edge=0.001,N2630,L2269,0.003377156336039547,2,1,0.9999999996723614,0.3173105079421902,,False,1.0,False,False,True
TBS adaptive diffusion topology alpha=0.01 edge=0.001,N2630,L2279,0.003377156336039547,2,1,0.9999999996723614,0.3173105079421902,,False,1.0,False,False,True
TBS adaptive diffusion topology alpha=0.01 edge=0.001,N2631,L486,0.003379004982978885,2,1,0.9999999999995488,0.3173105078630204,,False,1.0,False,False,True
TBS adaptive diffusion topology alpha=0.01 edge=0.001,N2631,L566,0.003379004982978885,2,1,0.9999999999995488,0.3173105078630204,,False,1.0,False,False,True
TBS adaptive diffusion topology alpha=0.01 edge=0.001,N2632,L1676,0.003380505909218456,2,1,0.9999999999997602,0.31731050786296927,,False,1.0,False,False,True
TBS adaptive diffusion topology alpha=0.01 edge=0.001,N2632,L1899,0.003380505909218456,2,1,0.9999999999997602,0.31731050786296927,,False,1.0,False,False,True
TBS adaptive diffusion topology alpha=0.01 edge=0.001,N2633,L260,0.0033851156589250584,2,1,0.9999999999996145,0.3173105078630045,,False,1.0,False,False,True
TBS adaptive diffusion topology alpha=0.01 edge=0.001,N2633,L300,0.0033851156589250584,2,1,0.9999999999996145,0.3173105078630045,,False,1.0,False,False,True
TBS adaptive diffusion topology alpha=0.01 edge=0.001,N2634,L1661,0.0033866544515273904,2,1,0.9999999999999374,0.31731050786292636,,False,1.0,False,False,True
TBS adaptive diffusion topology alpha=0.01 edge=0.001,N2634,L1798,0.0033866544515273904,2,1,0.9999999999999374,0.31731050786292636,,False,1.0,False,False,True
TBS adaptive diffusion topology alpha=0.01 edge=0.001,N2635,L1614,0.003389197775016416,2,1,0.9999999999999569,0.31731050786292164,,False,1.0,False,False,True
TBS adaptive diffusion topology alpha=0.01 edge=0.001,N2635,L1935,0.003389197775016416,2,1,0.9999999999999569,0.31731050786292164,,False,1.0,False,False,True
TBS adaptive diffusion topology alpha=0.01 edge=0.001,N2636,L347,0.003393588499588285,2,1,0.9999999999976183,0.3173105078634875,,False,1.0,False,False,True
TBS adaptive diffusion topology alpha=0.01 edge=0.001,N2636,L1261,0.003393588499588285,2,1,0.9999999999976183,0.3173105078634875,,False,1.0,False,False,True
TBS adaptive diffusion topology alpha=0.01 edge=0.001,N2637,L1403,0.003417185525525565,2,1,0.9999999999996056,0.31731050786300663,,False,1.0,False,False,True
TBS adaptive diffusion topology alpha=0.01 edge=0.001,N2637,L1478,0.003417185525525565,2,1,0.9999999999996056,0.31731050786300663,,False,1.0,False,False,True
TBS adaptive diffusion topology alpha=0.01 edge=0.001,N2638,L902,0.003447477409323081,2,1,0.9999999999987186,0.3173105078632213,,False,1.0,False,False,True
TBS adaptive diffusion topology alpha=0.01 edge=0.001,N2638,L932,0.003447477409323081,2,1,0.9999999999987186,0.3173105078632213,,False,1.0,False,False,True
TBS adaptive diffusion topology alpha=0.01 edge=0.001,N2639,L1765,0.0034490256252704653,2,1,0.9999999999877045,0.3173105078658863,,False,1.0,False,False,True
TBS adaptive diffusion topology alpha=0.01 edge=0.001,N2639,L1811,0.0034490256252704653,2,1,0.9999999999877045,0.3173105078658863,,False,1.0,False,False,True
TBS adaptive diffusion topology alpha=0.01 edge=0.001,N2640,L1657,0.0034793930804776357,5,1,3.999999999999336,0.4060058497099279,,False,4.0,False,False,True
TBS adaptive diffusion topology alpha=0.01 edge=0.001,N2640,N2557,0.001098656291258262,5,4,3.9999999999239693,0.40600584972012776,,False,4.0,False,False,True
TBS adaptive diffusion topology alpha=0.01 edge=0.001,N2641,L1660,0.00349768281676172,2,1,0.9999999999999283,0.3173105078629286,,False,1.0,False,False,True
TBS adaptive diffusion topology alpha=0.01 edge=0.001,N2641,L1695,0.00349768281676172,2,1,0.9999999999999283,0.3173105078629286,,False,1.0,False,False,True
TBS adaptive diffusion topology alpha=0.01 edge=0.001,N2642,L404,0.0035094019349888083,2,1,0.9999999999999316,0.31731050786292775,,False,1.0,False,False,True
TBS adaptive diffusion topology alpha=0.01 edge=0.001,N2642,L568,0.0035094019349888083,2,1,0.9999999999999316,0.31731050786292775,,False,1.0,False,False,True
TBS adaptive diffusion topology alpha=0.01 edge=0.001,N2643,L1381,0.0035166378530023,2,1,0.9999999999569149,0.3173105078733366,,False,1.0,False,False,True
TBS adaptive diffusion topology alpha=0.01 edge=0.001,N2643,L1460,0.0035166378530023,2,1,0.9999999999569149,0.3173105078733366,,False,1.0,False,False,True
TBS adaptive diffusion topology alpha=0.01 edge=0.001,N2644,L709,0.003537730819066422,2,1,0.9999999999997053,0.31731050786298254,,False,1.0,False,False,True
TBS adaptive diffusion topology alpha=0.01 edge=0.001,N2644,L1142,0.003537730819066422,2,1,0.9999999999997053,0.31731050786298254,,False,1.0,False,False,True
TBS adaptive diffusion topology alpha=0.01 edge=0.001,N2645,L1654,0.0035511152919507406,2,1,0.9999999999981044,0.31731050786337,,False,1.0,False,False,True
TBS adaptive diffusion topology alpha=0.01 edge=0.001,N2645,L1820,0.0035511152919507406,2,1,0.9999999999981044,0.31731050786337,,False,1.0,False,False,True
TBS adaptive diffusion topology alpha=0.01 edge=0.001,N2646,L245,0.0035726965342716024,2,1,0.9999999999997771,0.31731050786296516,,False,1.0,False,False,True
TBS adaptive diffusion topology alpha=0.01 edge=0.001,N2646,L259,0.0035726965342716024,2,1,0.9999999999997771,0.31731050786296516,,False,1.0,False,False,True
TBS adaptive diffusion topology alpha=0.01 edge=0.001,N2647,L759,0.0035950655712455753,2,1,0.9999999999736904,0.3173105078692774,,False,1.0,False,False,True
TBS adaptive diffusion topology alpha=0.01 edge=0.001,N2647,L780,0.0035950655712455753,2,1,0.9999999999736904,0.3173105078692774,,False,1.0,False,False,True
TBS adaptive diffusion topology alpha=0.01 edge=0.001,N2648,L979,0.003602531468720073,3,1,1.9999999999988356,0.3678794411716566,,False,2.0,False,False,True
TBS adaptive diffusion topology alpha=0.01 edge=0.001,N2648,N2595,0.0006526479709579912,3,2,1.9999999999654277,0.3678794411778016,,False,2.0,False,False,True
TBS adaptive diffusion topology alpha=0.01 edge=0.001,N2649,L1503,0.0036358088392114273,2,1,0.9999999999996714,0.3173105078629907,,False,1.0,False,False,True
TBS adaptive diffusion topology alpha=0.01 edge=0.001,N2649,L1584,0.0036358088392114273,2,1,0.9999999999996714,0.3173105078629907,,False,1.0,False,False,True
TBS adaptive diffusion topology alpha=0.01 edge=0.001,N2650,L998,0.0036448023646192215,2,1,0.9999999999977887,0.3173105078634463,,False,1.0,False,False,True
TBS adaptive diffusion topology alpha=0.01 edge=0.001,N2650,L1228,0.0036448023646192215,2,1,0.9999999999977887,0.3173105078634463,,False,1.0,False,False,True
TBS adaptive diffusion topology alpha=0.01 edge=0.001,N2651,L1145,0.0036460490892842247,2,1,0.9999999999994882,0.3173105078630351,,False,1.0,False,False,True
TBS adaptive diffusion topology alpha=0.01 edge=0.001,N2651,L1324,0.0036460490892842247,2,1,0.9999999999994882,0.3173105078630351,,False,1.0,False,False,True
TBS adaptive diffusion topology alpha=0.01 edge=0.001,N2652,L1400,0.0036632205432081087,2,1,0.9999999999998876,0.3173105078629384,,False,1.0,False,False,True
TBS adaptive diffusion topology alpha=0.01 edge=0.001,N2652,L1452,0.0036632205432081087,2,1,0.9999999999998876,0.3173105078629384,,False,1.0,False,False,True
TBS adaptive diffusion topology alpha=0.01 edge=0.001,N2653,L256,0.003671164238252457,2,1,0.9999999999997036,0.317310507862983,,False,1.0,False,False,True
TBS adaptive diffusion topology alpha=0.01 edge=0.001,N2653,L652,0.003671164238252457,2,1,0.9999999999997036,0.317310507862983,,False,1.0,False,False,True
TBS adaptive diffusion topology alpha=0.01 edge=0.001,N2654,L779,0.003675438283209629,2,1,0.9999999999998757,0.3173105078629413,,False,1.0,False,False,True
TBS adaptive diffusion topology alpha=0.01 edge=0.001,N2654,L883,0.003675438283209629,2,1,0.9999999999998757,0.3173105078629413,,False,1.0,False,False,True
TBS adaptive diffusion topology alpha=0.01 edge=0.001,N2655,L1219,0.0036760168879811463,2,1,0.9999999999903113,0.3173105078652556,,False,1.0,False,False,True
TBS adaptive diffusion topology alpha=0.01 edge=0.001,N2655,L1220,0.0036760168879811463,2,1,0.9999999999903113,0.3173105078652556,,False,1.0,False,False,True
TBS adaptive diffusion topology alpha=0.01 edge=0.001,N2656,L402,0.003687425125506323,2,1,0.9999999999895268,0.31731050786544546,,False,1.0,False,False,True
TBS adaptive diffusion topology alpha=0.01 edge=0.001,N2656,L666,0.003687425125506323,2,1,0.9999999999895268,0.31731050786544546,,False,1.0,False,False,True
TBS adaptive diffusion topology alpha=0.01 edge=0.001,N2657,L485,0.0037159038305130043,2,1,0.9999999999672105,0.31731050787084536,,False,1.0,False,False,True
TBS adaptive diffusion topology alpha=0.01 edge=0.001,N2657,L532,0.0037159038305130043,2,1,0.9999999999672105,0.31731050787084536,,False,1.0,False,False,True
TBS adaptive diffusion topology alpha=0.01 edge=0.001,N2658,L942,0.003722213987734866,2,1,0.999999999999365,0.3173105078630649,,False,1.0,False,False,True
TBS adaptive diffusion topology alpha=0.01 edge=0.001,N2658,L1051,0.003722213987734866,2,1,0.999999999999365,0.3173105078630649,,False,1.0,False,False,True
TBS adaptive diffusion topology alpha=0.01 edge=0.001,N2659,L1613,0.003724865770012374,2,1,0.9999999999999851,0.3173105078629149,,False,1.0,False,False,True
TBS adaptive diffusion topology alpha=0.01 edge=0.001,N2659,L1808,0.003724865770012374,2,1,0.9999999999999851,0.3173105078629149,,False,1.0,False,False,True
TBS adaptive diffusion topology alpha=0.01 edge=0.001,N2660,L2187,0.003729552237055319,2,1,0.9999999999999227,0.3173105078629299,,False,1.0,False,False,True
TBS adaptive diffusion topology alpha=0.01 edge=0.001,N2660,L2248,0.003729552237055319,2,1,0.9999999999999227,0.3173105078629299,,False,1.0,False,False,True
TBS adaptive diffusion topology alpha=0.01 edge=0.001,N2661,L1464,0.003738419297936853,2,1,0.9999999999986955,0.31731050786322684,,False,1.0,False,False,True
TBS adaptive diffusion topology alpha=0.01 edge=0.001,N2661,L1531,0.003738419297936853,2,1,0.9999999999986955,0.31731050786322684,,False,1.0,False,False,True
TBS adaptive diffusion topology alpha=0.01 edge=0.001,N2662,L1764,0.00374382627136511,2,1,0.9999999999998597,0.3173105078629452,,False,1.0,False,False,True
TBS adaptive diffusion topology alpha=0.01 edge=0.001,N2662,L1823,0.00374382627136511,2,1,0.9999999999998597,0.3173105078629452,,False,1.0,False,False,True
TBS adaptive diffusion topology alpha=0.01 edge=0.001,N2663,L209,0.0037679973201048688,2,1,0.999999999999537,0.31731050786302323,,False,1.0,False,False,True
TBS adaptive diffusion topology alpha=0.01 edge=0.001,N2663,L578,0.0037679973201048688,2,1,0.999999999999537,0.31731050786302323,,False,1.0,False,False,True
TBS adaptive diffusion topology alpha=0.01 edge=0.001,N2664,L712,0.0037712145060431737,2,1,0.9999999999996363,0.3173105078629992,,False,1.0,False,False,True
TBS adaptive diffusion topology alpha=0.01 edge=0.001,N2664,L945,0.0037712145060431737,2,1,0.9999999999996363,0.3173105078629992,,False,1.0,False,False,True
TBS adaptive diffusion topology alpha=0.01 edge=0.001,N2665,L904,0.003776011799631807,2,1,0.9999999999927831,0.3173105078646575,,False,1.0,False,False,True
TBS adaptive diffusion topology alpha=0.01 edge=0.001,N2665,L1331,0.003776011799631807,2,1,0.9999999999927831,0.3173105078646575,,False,1.0,False,False,True
TBS adaptive diffusion topology alpha=0.01 edge=0.001,N2666,L1703,0.003787206301912567,4,1,2.999999999666304,0.39162517632253835,,False,3.0,False,False,True
TBS adaptive diffusion topology alpha=0.01 edge=0.001,N2666,N2573,0.001146252162807079,4,3,2.999999915403641,0.39162518931418366,,False,3.0,False,False,True
TBS adaptive diffusion topology alpha=0.01 edge=0.001,N2667,L481,0.003809409884570889,2,1,0.9999999999992644,0.31731050786308923,,False,1.0,False,False,True
TBS adaptive diffusion topology alpha=0.01 edge=0.001,N2667,L524,0.003809409884570889,2,1,0.9999999999992644,0.31731050786308923,,False,1.0,False,False,True
TBS adaptive diffusion topology alpha=0.01 edge=0.001,N2668,L460,0.0038122016212473386,2,1,0.9999999999997147,0.31731050786298026,,False,1.0,False,False,True
TBS adaptive diffusion topology alpha=0.01 edge=0.001,N2668,L465,0.0038122016212473386,2,1,0.9999999999997147,0.31731050786298026,,False,1.0,False,False,True
TBS adaptive diffusion topology alpha=0.01 edge=0.001,N2669,L959,0.003812209817969904,2,1,0.9999999999993232,0.31731050786307496,,False,1.0,False,False,True
TBS adaptive diffusion topology alpha=0.01 edge=0.001,N2669,L1047,0.003812209817969904,2,1,0.9999999999993232,0.31731050786307496,,False,1.0,False,False,True
TBS adaptive diffusion topology alpha=0.01 edge=0.001,N2670,L936,0.0038176067758632797,3,1,1.9999999997224525,0.36787944122249433,,False,2.0,False,False,True
TBS adaptive diffusion topology alpha=0.01 edge=0.001,N2670,N2548,0.001617695914984727,3,2,1.999999988465655,0.3678794432930666,,False,2.0,False,False,True
TBS adaptive diffusion topology alpha=0.01 edge=0.001,N2671,L1385,0.003823198726223114,2,1,0.999999999999069,0.3173105078631366,,False,1.0,False,False,True
TBS adaptive diffusion topology alpha=0.01 edge=0.001,N2671,L1488,0.003823198726223114,2,1,0.999999999999069,0.3173105078631366,,False,1.0,False,False,True
TBS adaptive diffusion topology alpha=0.01 edge=0.001,N2672,L109,0.0038243740743078196,2,1,0.9999999999993041,0.3173105078630796,,False,1.0,False,False,True
TBS adaptive diffusion topology alpha=0.01 edge=0.001,N2672,L1256,0.0038243740743078196,2,1,0.9999999999993041,0.3173105078630796,,False,1.0,False,False,True
TBS adaptive diffusion topology alpha=0.01 edge=0.001,N2673,L1833,0.003847914529803339,2,1,0.9999999999988209,0.31731050786319653,,False,1.0,False,False,True
TBS adaptive diffusion topology alpha=0.01 edge=0.001,N2673,L1897,0.003847914529803339,2,1,0.9999999999988209,0.31731050786319653,,False,1.0,False,False,True
TBS adaptive diffusion topology alpha=0.01 edge=0.001,N2674,L937,0.0038606315343055666,2,1,0.9999999999989371,0.31731050786316845,,False,1.0,False,False,True
TBS adaptive diffusion topology alpha=0.01 edge=0.001,N2674,L1101,0.0038606315343055666,2,1,0.9999999999989371,0.31731050786316845,,False,1.0,False,False,True
TBS adaptive diffusion topology alpha=0.01 edge=0.001,N2675,L1739,0.0038620336290714637,2,1,0.9999999999991613,0.31731050786311416,,False,1.0,False,False,True
TBS adaptive diffusion topology alpha=0.01 edge=0.001,N2675,L1904,0.0038620336290714637,2,1,0.9999999999991613,0.31731050786311416,,False,1.0,False,False,True
TBS adaptive diffusion topology alpha=0.01 edge=0.001,N2676,L1283,0.0038945107009267345,2,1,0.9999999999968505,0.31731050786367326,,False,1.0,False,False,True
TBS adaptive diffusion topology alpha=0.01 edge=0.001,N2676,L1333,0.0038945107009267345,2,1,0.9999999999968505,0.31731050786367326,,False,1.0,False,False,True
TBS adaptive diffusion topology alpha=0.01 edge=0.001,N2677,L1640,0.003922433510067363,2,1,0.9999999999999636,0.31731050786292003,,False,1.0,False,False,True
TBS adaptive diffusion topology alpha=0.01 edge=0.001,N2677,L1845,0.003922433510067363,2,1,0.9999999999999636,0.31731050786292003,,False,1.0,False,False,True
TBS adaptive diffusion topology alpha=0.01 edge=0.001,N2678,L1744,0.00392252337220915,2,1,0.9999999999998388,0.31731050786295023,,False,1.0,False,False,True
TBS adaptive diffusion topology alpha=0.01 edge=0.001,N2678,L1995,0.00392252337220915,2,1,0.9999999999998388,0.31731050786295023,,False,1.0,False,False,True
TBS adaptive diffusion topology alpha=0.01 edge=0.001,N2679,L1170,0.003923272103276676,2,1,0.9999999999992786,0.31731050786308573,,False,1.0,False,False,True
TBS adaptive diffusion topology alpha=0.01 edge=0.001,N2679,L1203,0.003923272103276676,2,1,0.9999999999992786,0.31731050786308573,,False,1.0,False,False,True
TBS adaptive diffusion topology alpha=0.01 edge=0.001,N2680,L1736,0.003930914292511963,3,1,1.9999999999986082,0.36787944117169835,,False,2.0,False,False,True
TBS adaptive diffusion topology alpha=0.01 edge=0.001,N2680,N2562,0.00147827899746404,3,2,1.9999999999697802,0.36787944117700105,,False,2.0,False,False,True
TBS adaptive diffusion topology alpha=0.01 edge=0.001,N2681,L455,0.003932583729392122,2,1,0.999999999996195,0.3173105078638319,,False,1.0,False,False,True
TBS adaptive diffusion topology alpha=0.01 edge=0.001,N2681,L1568,0.003932583729392122,2,1,0.999999999996195,0.3173105078638319,,False,1.0,False,False,True
TBS adaptive diffusion topology alpha=0.01 edge=0.001,N2682,L67,0.003932667611127838,2,1,0.9999999999995515,0.31731050786301973,,False,1.0,False,False,True
TBS adaptive diffusion topology alpha=0.01 edge=0.001,N2682,L1606,0.003932667611127838,2,1,0.9999999999995515,0.31731050786301973,,False,1.0,False,False,True
TBS adaptive diffusion topology alpha=0.01 edge=0.001,N2683,L747,0.003934456751522351,2,1,0.9999998819172954,0.3173105364354705,,False,1.0,False,False,True
TBS adaptive diffusion topology alpha=0.01 edge=0.001,N2683,L1148,0.003934456751522351,2,1,0.9999998819172954,0.3173105364354705,,False,1.0,False,False,True
TBS adaptive diffusion topology alpha=0.01 edge=0.001,N2684,L1809,0.003945091085619406,2,1,0.9999999999460496,0.31731050787596565,,False,1.0,False,False,True
TBS adaptive diffusion topology alpha=0.01 edge=0.001,N2684,L1817,0.003945091085619406,2,1,0.9999999999460496,0.31731050787596565,,False,1.0,False,False,True
TBS adaptive diffusion topology alpha=0.01 edge=0.001,N2685,L405,0.003957121722471599,2,1,0.9999999999987907,0.31731050786320386,,False,1.0,False,False,True
TBS adaptive diffusion topology alpha=0.01 edge=0.001,N2685,L1437,0.003957121722471599,2,1,0.9999999999987907,0.31731050786320386,,False,1.0,False,False,True
TBS adaptive diffusion topology alpha=0.01 edge=0.001,N2686,L1410,0.003975904091821589,2,1,0.9999999999919613,0.3173105078648563,,False,1.0,False,False,True
TBS adaptive diffusion topology alpha=0.01 edge=0.001,N2686,L1519,0.003975904091821589,2,1,0.9999999999919613,0.3173105078648563,,False,1.0,False,False,True
TBS adaptive diffusion topology alpha=0.01 edge=0.001,N2687,L1926,0.00398412086475379,2,1,0.9999999999972331,0.3173105078635808,,False,1.0,False,False,True
TBS adaptive diffusion topology alpha=0.01 edge=0.001,N2687,L1943,0.00398412086475379,2,1,0.9999999999972331,0.3173105078635808,,False,1.0,False,False,True
TBS adaptive diffusion topology alpha=0.01 edge=0.001,N2688,L2371,0.0039860054457956295,2,1,0.9999999999663054,0.3173105078710643,,False,1.0,False,False,True
TBS adaptive diffusion topology alpha=0.01 edge=0.001,N2688,L2401,0.0039860054457956295,2,1,0.9999999999663054,0.3173105078710643,,False,1.0,False,False,True
TBS adaptive diffusion topology alpha=0.01 edge=0.001,N2689,L9,0.003991023767317978,2,1,0.9999999999989426,0.3173105078631671,,False,1.0,False,False,True
TBS adaptive diffusion topology alpha=0.01 edge=0.001,N2689,L25,0.003991023767317978,2,1,0.9999999999989426,0.3173105078631671,,False,1.0,False,False,True
TBS adaptive diffusion topology alpha=0.01 edge=0.001,N2690,L1393,0.003997237604773208,2,1,0.9999999999998674,0.3173105078629433,,False,1.0,False,False,True
TBS adaptive diffusion topology alpha=0.01 edge=0.001,N2690,L1429,0.003997237604773208,2,1,0.9999999999998674,0.3173105078629433,,False,1.0,False,False,True
TBS adaptive diffusion topology alpha=0.01 edge=0.001,N2691,L258,0.004000379490955989,3,1,1.9999999999999103,0.3678794411714588,,False,2.0,False,False,True
TBS adaptive diffusion topology alpha=0.01 edge=0.001,N2691,N2512,0.002953297453337306,3,2,1.9999999999992235,0.3678794411715852,,False,2.0,False,False,True
TBS adaptive diffusion topology alpha=0.01 edge=0.001,N2692,L996,0.00403304094597239,2,1,0.9999999999999516,0.317310507862923,,False,1.0,False,False,True
TBS adaptive diffusion topology alpha=0.01 edge=0.001,N2692,L1370,0.00403304094597239,2,1,0.9999999999999516,0.317310507862923,,False,1.0,False,False,True
TBS adaptive diffusion topology alpha=0.01 edge=0.001,N2693,L1683,0.0040531000721022725,2,1,0.9999999999998961,0.31731050786293635,,False,1.0,False,False,True
TBS adaptive diffusion topology alpha=0.01 edge=0.001,N2693,L1694,0.0040531000721022725,2,1,0.9999999999998961,0.31731050786293635,,False,1.0,False,False,True
TBS adaptive diffusion topology alpha=0.01 edge=0.001,N2694,N2504,0.0033469316473864583,4,2,2.9999999999983817,0.3916251762713384,,False,3.0,False,False,True
TBS adaptive diffusion topology alpha=0.01 edge=0.001,N2694,N2561,0.0016290160070919005,4,2,2.9999999999983817,0.3916251762713384,,False,3.0,False,False,True
TBS adaptive diffusion topology alpha=0.01 edge=0.001,N2695,L1431,0.004061273213429893,2,1,0.9999999999993177,0.3173105078630763,,False,1.0,False,False,True
TBS adaptive diffusion topology alpha=0.01 edge=0.001,N2695,L1456,0.004061273213429893,2,1,0.9999999999993177,0.3173105078630763,,False,1.0,False,False,True
TBS adaptive diffusion topology alpha=0.01 edge=0.001,N2696,L1447,0.004065329849990264,2,1,0.9999999999977915,0.3173105078634456,,False,1.0,False,False,True
TBS adaptive diffusion topology alpha=0.01 edge=0.001,N2696,L1543,0.004065329849990264,2,1,0.9999999999977915,0.3173105078634456,,False,1.0,False,False,True
TBS adaptive diffusion topology alpha=0.01 edge=0.001,N2697,L542,0.004074678935171648,2,1,0.9999999999998639,0.3173105078629442,,False,1.0,False,False,True
TBS adaptive diffusion topology alpha=0.01 edge=0.001,N2697,L1575,0.004074678935171648,2,1,0.9999999999998639,0.3173105078629442,,False,1.0,False,False,True
TBS adaptive diffusion topology alpha=0.01 edge=0.001,N2698,L746,0.004101682779573471,2,1,0.9999999999990004,0.3173105078631531,,False,1.0,False,False,True
TBS adaptive diffusion topology alpha=0.01 edge=0.001,N2698,L965,0.004101682779573471,2,1,0.9999999999990004,0.3173105078631531,,False,1.0,False,False,True
TBS adaptive diffusion topology alpha=0.01 edge=0.001,N2699,L409,0.004109436672870557,2,1,0.9999999999996947,0.31731050786298515,,False,1.0,False,False,True
TBS adaptive diffusion topology alpha=0.01 edge=0.001,N2699,L644,0.004109436672870557,2,1,0.9999999999996947,0.31731050786298515,,False,1.0,False,False,True
TBS adaptive diffusion topology alpha=0.01 edge=0.001,N2700,L322,0.004118926113951889,3,1,1.9999999999974214,0.3678794411719166,,False,2.0,False,False,True
TBS adaptive diffusion topology alpha=0.01 edge=0.001,N2700,N2566,0.001542202856601808,3,2,1.9999999999116715,0.3678794411876894,,False,2.0,False,False,True
TBS adaptive diffusion topology alpha=0.01 edge=0.001,N2701,L1715,0.004120283528735343,2,1,0.9999999999996316,0.31731050786300036,,False,1.0,False,False,True
TBS adaptive diffusion topology alpha=0.01 edge=0.001,N2701,L1889,0.004120283528735343,2,1,0.9999999999996316,0.31731050786300036,,False,1.0,False,False,True
TBS adaptive diffusion topology alpha=0.01 edge=0.001,N2702,L181,0.004126036539842196,2,1,0.9999999999959499,0.3173105078638913,,False,1.0,False,False,True
TBS adaptive diffusion topology alpha=0.01 edge=0.001,N2702,L926,0.004126036539842196,2,1,0.9999999999959499,0.3173105078638913,,False,1.0,False,False,True
TBS adaptive diffusion topology alpha=0.01 edge=0.001,N2703,L1773,0.004128470843312497,2,1,0.9999999999994946,0.3173105078630335,,False,1.0,False,False,True
TBS adaptive diffusion topology alpha=0.01 edge=0.001,N2703,L1777,0.004128470843312497,2,1,0.9999999999994946,0.3173105078630335,,False,1.0,False,False,True
TBS adaptive diffusion topology alpha=0.01 edge=0.001,N2704,L246,0.004142535560918662,2,1,0.9999999999999163,0.3173105078629315,,False,1.0,False,False,True
TBS adaptive diffusion topology alpha=0.01 edge=0.001,N2704,L794,0.004142535560918662,2,1,0.9999999999999163,0.3173105078629315,,False,1.0,False,False,True
TBS adaptive diffusion topology alpha=0.01 edge=0.001,N2705,L1405,0.004152172726795487,2,1,0.999999999097388,0.3173105080813169,,False,1.0,False,False,True
TBS adaptive diffusion topology alpha=0.01 edge=0.001,N2705,L1445,0.004152172726795487,2,1,0.999999999097388,0.3173105080813169,,False,1.0,False,False,True
TBS adaptive diffusion topology alpha=0.01 edge=0.001,N2706,L861,0.004172242035666551,3,1,1.9999999999991347,0.3678794411716015,,False,2.0,False,False,True
TBS adaptive diffusion topology alpha=0.01 edge=0.001,N2706,N2608,0.0010411254344633355,3,2,1.9999999999897118,0.36787944117333465,,False,2.0,False,False,True
TBS adaptive diffusion topology alpha=0.01 edge=0.001,N2707,L2043,0.004179045820868198,3,1,1.9999999999991318,0.36787944117160204,,False,2.0,False,False,True
TBS adaptive diffusion topology alpha=0.01 edge=0.001,N2707,N2532,0.0025083262619005125,3,2,1.9999999999671978,0.36787944117747595,,False,2.0,False,False,True
TBS adaptive diffusion topology alpha=0.01 edge=0.001,N2708,L478,0.004184053964614731,2,1,0.9999999999990057,0.31731050786315185,,False,1.0,False,False,True
TBS adaptive diffusion topology alpha=0.01 edge=0.001,N2708,L1416,0.004184053964614731,2,1,0.9999999999990057,0.31731050786315185,,False,1.0,False,False,True
TBS adaptive diffusion topology alpha=0.01 edge=0.001,N2709,L1599,0.004219971457918077,3,1,1.9999999999995477,0.36787944117152555,,False,2.0,False,False,True
TBS adaptive diffusion topology alpha=0.01 edge=0.001,N2709,N2558,0.001835195231280822,3,2,1.9999999999905413,0.36787944117318205,,False,2.0,False,False,True
TBS adaptive diffusion topology alpha=0.01 edge=0.001,N2710,L61,0.004226556221986115,2,1,0.9999999999992923,0.3173105078630825,,False,1.0,False,False,True
TBS adaptive diffusion topology alpha=0.01 edge=0.001,N2710,L629,0.004226556221986115,2,1,0.9999999999992923,0.3173105078630825,,False,1.0,False,False,True
TBS adaptive diffusion topology alpha=0.01 edge=0.001,N2711,L1837,0.0042278861166023035,4,1,2.9999999999983347,0.39162517627134563,,False,3.0,False,False,True
TBS adaptive diffusion topology alpha=0.01 edge=0.001,N2711,N2559,0.0018087241079777746,4,3,2.9999999998425375,0.39162517629536664,,False,3.0,False,False,True
TBS adaptive diffusion topology alpha=0.01 edge=0.001,N2712,L521,0.004233966094682694,2,1,0.9999999999990681,0.31731050786313675,,False,1.0,False,False,True
TBS adaptive diffusion topology alpha=0.01 edge=0.001,N2712,L563,0.004233966094682694,2,1,0.9999999999990681,0.31731050786313675,,False,1.0,False,False,True
TBS adaptive diffusion topology alpha=0.01 edge=0.001,N2713,L238,0.004236627141380845,2,1,0.9999999999996476,0.31731050786299647,,False,1.0,False,False,True
TBS adaptive diffusion topology alpha=0.01 edge=0.001,N2713,L1013,0.004236627141380845,2,1,0.9999999999996476,0.31731050786299647,,False,1.0,False,False,True
TBS adaptive diffusion topology alpha=0.01 edge=0.001,N2714,L57,0.004241921697147078,2,1,0.9999999999985767,0.31731050786325565,,False,1.0,False,False,True
TBS adaptive diffusion topology alpha=0.01 edge=0.001,N2714,L1053,0.004241921697147078,2,1,0.9999999999985767,0.31731050786325565,,False,1.0,False,False,True
TBS adaptive diffusion topology alpha=0.01 edge=0.001,N2715,L1639,0.00424544292036552,2,1,0.999999999999253,0.31731050786309195,,False,1.0,False,False,True
TBS adaptive diffusion topology alpha=0.01 edge=0.001,N2715,L1829,0.00424544292036552,2,1,0.999999999999253,0.31731050786309195,,False,1.0,False,False,True
TBS adaptive diffusion topology alpha=0.01 edge=0.001,N2716,L2309,0.004253022870167644,2,1,0.9999999999981009,0.3173105078633708,,False,1.0,False,False,True
TBS adaptive diffusion topology alpha=0.01 edge=0.001,N2716,L2358,0.004253022870167644,2,1,0.9999999999981009,0.3173105078633708,,False,1.0,False,False,True
TBS adaptive diffusion topology alpha=0.01 edge=0.001,N2717,L11,0.004259828714035824,3,1,1.999999999999167,0.3678794411715956,,False,2.0,False,False,True
TBS adaptive diffusion topology alpha=0.01 edge=0.001,N2717,N2513,0.0030839941772342586,3,2,1.9999999999905116,0.3678794411731877,,False,2.0,False,False,True
TBS adaptive diffusion topology alpha=0.01 edge=0.001,N2718,L147,0.004272939344054684,2,1,0.9999999999994551,0.31731050786304305,,False,1.0,False,False,True
TBS adaptive diffusion topology alpha=0.01 edge=0.001,N2718,L243,0.004272939344054684,2,1,0.9999999999994551,0.31731050786304305,,False,1.0,False,False,True
TBS adaptive diffusion topology alpha=0.01 edge=0.001,N2719,L135,0.0042759399067192954,2,1,0.9999999999970206,0.3173105078636322,,False,1.0,False,False,True
TBS adaptive diffusion topology alpha=0.01 edge=0.001,N2719,L139,0.0042759399067192954,2,1,0.9999999999970206,0.3173105078636322,,False,1.0,False,False,True
TBS adaptive diffusion topology alpha=0.01 edge=0.001,N2720,L2287,0.004279491456931213,2,1,0.9999999999999272,0.3173105078629288,,False,1.0,False,False,True
TBS adaptive diffusion topology alpha=0.01 edge=0.001,N2720,L2295,0.004279491456931213,2,1,0.9999999999999272,0.3173105078629288,,False,1.0,False,False,True
TBS adaptive diffusion topology alpha=0.01 edge=0.001,N2721,L1731,0.004281163862410026,3,1,1.9999999999997593,0.3678794411714867,,False,2.0,False,False,True
TBS adaptive diffusion topology alpha=0.01 edge=0.001,N2721,N2634,0.0008945094108826358,3,2,1.999999999998495,0.36787944117171917,,False,2.0,False,False,True
TBS adaptive diffusion topology alpha=0.01 edge=0.001,N2722,L497,0.0042814879064646105,2,1,0.9999999999993616,0.3173105078630657,,False,1.0,False,False,True
TBS adaptive diffusion topology alpha=0.01 edge=0.001,N2722,L635,0.0042814879064646105,2,1,0.9999999999993616,0.3173105078630657,,False,1.0,False,False,True
TBS adaptive diffusion topology alpha=0.01 edge=0.001,N2723,L140,0.004289118031709844,3,1,1.9999999999902354,0.3678794411732384,,False,2.0,False,False,True
TBS adaptive diffusion topology alpha=0.01 edge=0.001,N2723,N2624,0.0009650497863389131,3,2,1.99999999961169,0.367879441242868,,False,2.0,False,False,True
TBS adaptive diffusion topology alpha=0.01 edge=0.001,N2724,L1571,0.004308227400503607,2,1,0.9999999999990998,0.31731050786312903,,False,1.0,False,False,True
TBS adaptive diffusion topology alpha=0.01 edge=0.001,N2724,L1574,0.004308227400503607,2,1,0.9999999999990998,0.31731050786312903,,False,1.0,False,False,True
TBS adaptive diffusion topology alpha=0.01 edge=0.001,N2725,L1259,0.004326021243437864,3,1,1.999999999952167,0.3678794411802407,,False,2.0,False,False,True
TBS adaptive diffusion topology alpha=0.01 edge=0.001,N2725,N2572,0.0016868430431518915,3,2,1.9999999980207048,0.3678794415355134,,False,2.0,False,False,True
TBS adaptive diffusion topology alpha=0.01 edge=0.001,N2726,L1420,0.004333740962727923,2,1,0.9999999999997002,0.31731050786298376,,False,1.0,False,False,True
TBS adaptive diffusion topology alpha=0.01 edge=0.001,N2726,L1533,0.004333740962727923,2,1,0.9999999999997002,0.31731050786298376,,False,1.0,False,False,True
TBS adaptive diffusion topology alpha=0.01 edge=0.001,N2727,L548,0.004337022506710239,3,1,1.99999999998935,0.3678794411734013,,False,2.0,False,False,True
TBS adaptive diffusion topology alpha=0.01 edge=0.001,N2727,N2601,0.0013221718436969825,3,2,1.9999999995734108,0.36787944124990907,,False,2.0,False,False,True
TBS adaptive diffusion topology alpha=0.01 edge=0.001,N2728,L2195,0.004337557121560055,3,1,1.9999999999985931,0.3678794411717012,,False,2.0,False,False,True
TBS adaptive diffusion topology alpha=0.01 edge=0.001,N2728,N2544,0.0022354536381278267,3,2,1.9999999999677092,0.3678794411773818,,False,2.0,False,False,True
TBS adaptive diffusion topology alpha=0.01 edge=0.001,N2729,L1117,0.004353308209756794,2,1,0.9999999999990752,0.317310507863135,,False,1.0,False,False,True
TBS adaptive diffusion topology alpha=0.01 edge=0.001,N2729,L1262,0.004353308209756794,2,1,0.9999999999990752,0.317310507863135,,False,1.0,False,False,True
TBS adaptive diffusion topology alpha=0.01 edge=0.001,N2730,L2456,0.0043591924941379714,2,1,0.999999999999867,0.3173105078629434,,False,1.0,False,False,True
TBS adaptive diffusion topology alpha=0.01 edge=0.001,N2730,L2484,0.0043591924941379714,2,1,0.999999999999867,0.3173105078629434,,False,1.0,False,False,True
TBS adaptive diffusion topology alpha=0.01 edge=0.001,N2731,L422,0.004359612290653266,2,1,0.99999999999728,0.3173105078635694,,False,1.0,False,False,True
TBS adaptive diffusion topology alpha=0.01 edge=0.001,N2731,L1249,0.004359612290653266,2,1,0.99999999999728,0.3173105078635694,,False,1.0,False,False,True
TBS adaptive diffusion topology alpha=0.01 edge=0.001,N2732,L744,0.004386967592977599,2,1,0.9999999999983418,0.31731050786331244,,False,1.0,False,False,True
TBS adaptive diffusion topology alpha=0.01 edge=0.001,N2732,L1232,0.004386967592977599,2,1,0.9999999999983418,0.31731050786331244,,False,1.0,False,False,True
TBS adaptive diffusion topology alpha=0.01 edge=0.001,N2733,L150,0.004388582819996903,2,1,0.9999999999995681,0.31731050786301573,,False,1.0,False,False,True
TBS adaptive diffusion topology alpha=0.01 edge=0.001,N2733,L457,0.004388582819996903,2,1,0.9999999999995681,0.31731050786301573,,False,1.0,False,False,True
TBS adaptive diffusion topology alpha=0.01 edge=0.001,N2734,L519,0.0044112914725183425,3,1,1.9999999999997096,0.3678794411714959,,False,2.0,False,False,True
TBS adaptive diffusion topology alpha=0.01 edge=0.001,N2734,N2642,0.0009018895375295343,3,2,1.9999999999954319,0.36787944117228255,,False,2.0,False,False,True
TBS adaptive diffusion topology alpha=0.01 edge=0.001,N2735,N2613,0.0012057696730963228,6,2,4.999999989770833,0.41588018824389106,,False,5.0,False,False,True
TBS adaptive diffusion topology alpha=0.01 edge=0.001,N2735,N2627,0.001059733925329653,6,4,4.99999988415063,0.41588020113394153,,False,5.0,False,False,True
TBS adaptive diffusion topology alpha=0.01 edge=0.001,N2736,L1483,0.004429865782230386,3,1,1.999999999999507,0.3678794411715331,,False,2.0,False,False,True
TBS adaptive diffusion topology alpha=0.01 edge=0.001,N2736,N2656,0.0007424406567240629,3,2,1.9999999999882174,0.36787944117360966,,False,2.0,False,False,True
TBS adaptive diffusion topology alpha=0.01 edge=0.001,N2737,L1776,0.00445748153424392,2,1,0.9999999999995877,0.317310507863011,,False,1.0,False,False,True
TBS adaptive diffusion topology alpha=0.01 edge=0.001,N2737,L2005,0.00445748153424392,2,1,0.9999999999995877,0.317310507863011,,False,1.0,False,False,True
TBS adaptive diffusion topology alpha=0.01 edge=0.001,N2738,L1810,0.004491091970933767,5,1,3.9999999999979723,0.4060058497101128,,False,4.0,False,False,True
TBS adaptive diffusion topology alpha=0.01 edge=0.001,N2738,N2612,0.0013068157333272746,5,4,3.999999999325671,0.40600584980109866,,False,4.0,False,False,True
TBS adaptive diffusion topology alpha=0.01 edge=0.001,N2739,L253,0.0044926331840321005,2,1,0.9999999999982978,0.3173105078633231,,False,1.0,False,False,True
TBS adaptive diffusion topology alpha=0.01 edge=0.001,N2739,L1374,0.0044926331840321005,2,1,0.9999999999982978,0.3173105078633231,,False,1.0,False,False,True
TBS adaptive diffusion topology alpha=0.01 edge=0.001,N2740,L1412,0.0045145139354937245,2,1,0.9999999999996703,0.317310507862991,,False,1.0,False,False,True
TBS adaptive diffusion topology alpha=0.01 edge=0.001,N2740,L1572,0.0045145139354937245,2,1,0.9999999999996703,0.317310507862991,,False,1.0,False,False,True
TBS adaptive diffusion topology alpha=0.01 edge=0.001,N2741,L1059,0.004524171506561921,3,1,1.9999999999977809,0.3678794411718505,,False,2.0,False,False,True
TBS adaptive diffusion topology alpha=0.01 edge=0.001,N2741,N2669,0.0007119616885920175,3,2,1.9999999999360594,0.36787944118320365,,False,2.0,False,False,True
TBS adaptive diffusion topology alpha=0.01 edge=0.001,N2742,L430,0.004536165654789191,2,1,0.9999999999997633,0.3173105078629685,,False,1.0,False,False,True
TBS adaptive diffusion topology alpha=0.01 edge=0.001,N2742,L664,0.004536165654789191,2,1,0.9999999999997633,0.3173105078629685,,False,1.0,False,False,True
TBS adaptive diffusion topology alpha=0.01 edge=0.001,N2743,L720,0.004566847004550126,3,1,1.9999999999998166,0.36787944117147614,,False,2.0,False,False,True
TBS adaptive diffusion topology alpha=0.01 edge=0.001,N2743,N2536,0.002738102392157124,3,2,1.9999999999969054,0.3678794411720116,,False,2.0,False,False,True
TBS adaptive diffusion topology alpha=0.01 edge=0.001,N2744,L2311,0.004572525126261527,2,1,0.9999999999998441,0.31731050786294895,,False,1.0,False,False,True
TBS adaptive diffusion topology alpha=0.01 edge=0.001,N2744,L2393,0.004572525126261527,2,1,0.9999999999998441,0.31731050786294895,,False,1.0,False,False,True
TBS adaptive diffusion topology alpha=0.01 edge=0.001,N2745,L1895,0.004591103071106772,2,1,0.9999999999832208,0.3173105078669713,,False,1.0,False,False,True
TBS adaptive diffusion topology alpha=0.01 edge=0.001,N2745,L1980,0.004591103071106772,2,1,0.9999999999832208,0.3173105078669713,,False,1.0,False,False,True
TBS adaptive diffusion topology alpha=0.01 edge=0.001,N2746,L493,0.004606687930715028,2,1,0.9999999999998275,0.317310507862953,,False,1.0,False,False,True
TBS adaptive diffusion topology alpha=0.01 edge=0.001,N2746,L551,0.004606687930715028,2,1,0.9999999999998275,0.317310507862953,,False,1.0,False,False,True
TBS adaptive diffusion topology alpha=0.01 edge=0.001,N2747,L496,0.004607617621521087,2,1,0.9999999999979132,0.3173105078634162,,False,1.0,False,False,True
TBS adaptive diffusion topology alpha=0.01 edge=0.001,N2747,L646,0.004607617621521087,2,1,0.9999999999979132,0.3173105078634162,,False,1.0,False,False,True
TBS adaptive diffusion topology alpha=0.01 edge=0.001,N2748,L331,0.004630543277804949,3,1,1.99999999999961,0.36787944117151417,,False,2.0,False,False,True
TBS adaptive diffusion topology alpha=0.01 edge=0.001,N2748,N2592,0.0017445148721615426,3,2,1.999999999985061,0.36787944117419025,,False,2.0,False,False,True
TBS adaptive diffusion topology alpha=0.01 edge=0.001,N2749,L62,0.004645599345548968,4,1,2.999999999999248,0.39162517627120497,,False,3.0,False,False,True
TBS adaptive diffusion topology alpha=0.01 edge=0.001,N2749,N2700,0.0005266732315970788,4,3,2.999999999970121,0.3916251762756958,,False,3.0,False,False,True
TBS adaptive diffusion topology alpha=0.01 edge=0.001,N2750,L673,0.004646281026122424,2,1,0.9999999999980758,0.3173105078633769,,False,1.0,False,False,True
TBS adaptive diffusion topology alpha=0.01 edge=0.001,N2750,L683,0.004646281026122424,2,1,0.9999999999980758,0.3173105078633769,,False,1.0,False,False,True
TBS adaptive diffusion topology alpha=0.01 edge=0.001,N2751,L1902,0.0046817869510457875,2,1,0.999999999997957,0.31731050786340553,,False,1.0,False,False,True
TBS adaptive diffusion topology alpha=0.01 edge=0.001,N2751,L2006,0.0046817869510457875,2,1,0.999999999997957,0.31731050786340553,,False,1.0,False,False,True
TBS adaptive diffusion topology alpha=0.01 edge=0.001,N2752,L1675,0.004684532362576461,3,1,1.999999999997357,0.36787944117192845,,False,2.0,False,False,True
TBS adaptive diffusion topology alpha=0.01 edge=0.001,N2752,N2632,0.0013040264533580048,3,2,1.9999999998988645,0.36787944119004506,,False,2.0,False,False,True
TBS adaptive diffusion topology alpha=0.01 edge=0.001,N2753,L384,0.004693437393437514,2,1,0.9999999999991671,0.31731050786311277,,False,1.0,False,False,True
TBS adaptive diffusion topology alpha=0.01 edge=0.001,N2753,L482,0.004693437393437514,2,1,0.9999999999991671,0.31731050786311277,,False,1.0,False,False,True
TBS adaptive diffusion topology alpha=0.01 edge=0.001,N2754,L703,0.004703884889092191,2,1,0.9999999999975975,0.3173105078634925,,False,1.0,False,False,True
TBS adaptive diffusion topology alpha=0.01 edge=0.001,N2754,L873,0.004703884889092191,2,1,0.9999999999975975,0.3173105078634925,,False,1.0,False,False,True
TBS adaptive diffusion topology alpha=0.01 edge=0.001,N2755,L1697,0.004709038494360649,2,1,0.9999999999983833,0.3173105078633024,,False,1.0,False,False,True
TBS adaptive diffusion topology alpha=0.01 edge=0.001,N2755,L1920,0.004709038494360649,2,1,0.9999999999983833,0.3173105078633024,,False,1.0,False,False,True
TBS adaptive diffusion topology alpha=0.01 edge=0.001,N2756,L363,0.0047105385601977695,2,1,0.9999999999994873,0.31731050786303533,,False,1.0,False,False,True
TBS adaptive diffusion topology alpha=0.01 edge=0.001,N2756,L1269,0.0047105385601977695,2,1,0.9999999999994873,0.31731050786303533,,False,1.0,False,False,True
TBS adaptive diffusion topology alpha=0.01 edge=0.001,N2757,L1633,0.0047117136605371755,2,1,0.9999999999998996,0.3173105078629355,,False,1.0,False,False,True
TBS adaptive diffusion topology alpha=0.01 edge=0.001,N2757,L1735,0.0047117136605371755,2,1,0.9999999999998996,0.3173105078629355,,False,1.0,False,False,True
TBS adaptive diffusion topology alpha=0.01 edge=0.001,N2758,L1319,0.004713344976005664,3,1,1.9999999999992073,0.36787944117158816,,False,2.0,False,False,True
TBS adaptive diffusion topology alpha=0.01 edge=0.001,N2758,N2729,0.0003600367662488702,3,2,1.9999999999782416,0.3678794411754445,,False,2.0,False,False,True
TBS adaptive diffusion topology alpha=0.01 edge=0.001,N2759,L1795,0.004728398027633717,2,1,0.9999999999995737,0.31731050786301435,,False,1.0,False,False,True
TBS adaptive diffusion topology alpha=0.01 edge=0.001,N2759,L1864,0.004728398027633717,2,1,0.9999999999995737,0.31731050786301435,,False,1.0,False,False,True
TBS adaptive diffusion topology alpha=0.01 edge=0.001,N2760,L411,0.004731277018540924,2,1,0.9999999999997566,0.3173105078629701,,False,1.0,False,False,True
TBS adaptive diffusion topology alpha=0.01 edge=0.001,N2760,L429,0.004731277018540924,2,1,0.9999999999997566,0.3173105078629701,,False,1.0,False,False,True
TBS adaptive diffusion topology alpha=0.01 edge=0.001,N2761,L158,0.004732463442016727,2,1,0.9999999999995768,0.3173105078630136,,False,1.0,False,False,True
TBS adaptive diffusion topology alpha=0.01 edge=0.001,N2761,L180,0.004732463442016727,2,1,0.9999999999995768,0.3173105078630136,,False,1.0,False,False,True
TBS adaptive diffusion topology alpha=0.01 edge=0.001,N2762,L1122,0.0047517096587489545,2,1,0.999999999999236,0.3173105078630961,,False,1.0,False,False,True
TBS adaptive diffusion topology alpha=0.01 edge=0.001,N2762,L1126,0.0047517096587489545,2,1,0.999999999999236,0.3173105078630961,,False,1.0,False,False,True
TBS adaptive diffusion topology alpha=0.01 edge=0.001,N2763,L1611,0.004755256750903095,2,1,0.999999999999984,0.31731050786291515,,False,1.0,False,False,True
TBS adaptive diffusion topology alpha=0.01 edge=0.001,N2763,L1718,0.004755256750903095,2,1,0.999999999999984,0.31731050786291515,,False,1.0,False,False,True
TBS adaptive diffusion topology alpha=0.01 edge=0.001,N2764,L2044,0.004755275109575923,2,1,0.9999999999908198,0.31731050786513254,,False,1.0,False,False,True
TBS adaptive diffusion topology alpha=0.01 edge=0.001,N2764,L2058,0.004755275109575923,2,1,0.9999999999908198,0.31731050786513254,,False,1.0,False,False,True
TBS adaptive diffusion topology alpha=0.01 edge=0.001,N2765,L1340,0.004761161099358472,3,1,1.9999999997976967,0.3678794412086539,,False,2.0,False,False,True
TBS adaptive diffusion topology alpha=0.01 edge=0.001,N2765,N2584,0.0019623373164576892,3,2,1.9999999915893973,0.3678794427184863,,False,2.0,False,False,True
TBS adaptive diffusion topology alpha=0.01 edge=0.001,N2766,N2616,0.0015237858134989212,5,3,3.9999999985610346,0.4060058499045809,,False,4.0,False,False,True
TBS adaptive diffusion topology alpha=0.01 edge=0.001,N2766,N2667,0.0009602789095834651,5,2,3.9999999996713274,0.4060058497543193,,False,4.0,False,False,True
TBS adaptive diffusion topology alpha=0.01 edge=0.001,N2767,L1856,0.004775688904645882,3,1,1.9999999999967188,0.36787944117204585,,False,2.0,False,False,True
TBS adaptive diffusion topology alpha=0.01 edge=0.001,N2767,N2639,0.0013266632793754163,3,2,1.999999999870844,0.3678794411951992,,False,2.0,False,False,True
TBS adaptive diffusion topology alpha=0.01 edge=0.001,N2768,L516,0.0047840178210859854,2,1,0.9999999999993492,0.3173105078630687,,False,1.0,False,False,True
TBS adaptive diffusion topology alpha=0.01 edge=0.001,N2768,L608,0.0047840178210859854,2,1,0.9999999999993492,0.3173105078630687,,False,1.0,False,False,True
TBS adaptive diffusion topology alpha=0.01 edge=0.001,N2769,L1860,0.004786636128375565,3,1,1.9999999999978233,0.3678794411718427,,False,2.0,False,False,True
TBS adaptive diffusion topology alpha=0.01 edge=0.001,N2769,N2600,0.0017943626425541816,3,2,1.9999999999221216,0.36787944118576726,,False,2.0,False,False,True
TBS adaptive diffusion topology alpha=0.01 edge=0.001,N2770,L1789,0.004796287836347189,2,1,0.9999999999999785,0.3173105078629165,,False,1.0,False,False,True
TBS adaptive diffusion topology alpha=0.01 edge=0.001,N2770,L1858,0.004796287836347189,2,1,0.9999999999999785,0.3173105078629165,,False,1.0,False,False,True
TBS adaptive diffusion topology alpha=0.01 edge=0.001,N2771,L226,0.004803982648497084,2,1,0.9999999999982399,0.3173105078633372,,False,1.0,False,False,True
TBS adaptive diffusion topology alpha=0.01 edge=0.001,N2771,L967,0.004803982648497084,2,1,0.9999999999982399,0.3173105078633372,,False,1.0,False,False,True
TBS adaptive diffusion topology alpha=0.01 edge=0.001,N2772,L913,0.004806953670631186,2,1,0.999999999999488,0.31731050786303516,,False,1.0,False,False,True
TBS adaptive diffusion topology alpha=0.01 edge=0.001,N2772,L1065,0.004806953670631186,2,1,0.999999999999488,0.31731050786303516,,False,1.0,False,False,True
TBS adaptive diffusion topology alpha=0.01 edge=0.001,N2773,L1098,0.0048097484038025,2,1,0.9999999999994678,0.31731050786304005,,False,1.0,False,False,True
TBS adaptive diffusion topology alpha=0.01 edge=0.001,N2773,L1258,0.0048097484038025,2,1,0.9999999999994678,0.31731050786304005,,False,1.0,False,False,True
TBS adaptive diffusion topology alpha=0.01 edge=0.001,N2774,L1956,0.0048154698123019455,2,1,0.9999999999999405,0.31731050786292564,,False,1.0,False,False,True
TBS adaptive diffusion topology alpha=0.01 edge=0.001,N2774,L1968,0.0048154698123019455,2,1,0.9999999999999405,0.31731050786292564,,False,1.0,False,False,True
TBS adaptive diffusion topology alpha=0.01 edge=0.001,N2775,L1746,0.004829598600450109,3,1,1.9999999999995983,0.3678794411715162,,False,2.0,False,False,True
TBS adaptive diffusion topology alpha=0.01 edge=0.001,N2775,N2576,0.002170192492837295,3,2,1.9999999999927005,0.36787944117278504,,False,2.0,False,False,True
TBS adaptive diffusion topology alpha=0.01 edge=0.001,N2776,L928,0.004831196049277388,2,1,0.9999999999992282,0.31731050786309795,,False,1.0,False,False,True
TBS adaptive diffusion topology alpha=0.01 edge=0.001,N2776,L1002,0.004831196049277388,2,1,0.9999999999992282,0.31731050786309795,,False,1.0,False,False,True
TBS adaptive diffusion topology alpha=0.01 edge=0.001,N2777,L31,0.0048448838096656266,2,1,0.9999999999997058,0.3173105078629824,,False,1.0,False,False,True
TBS adaptive diffusion topology alpha=0.01 edge=0.001,N2777,L1230,0.0048448838096656266,2,1,0.9999999999997058,0.3173105078629824,,False,1.0,False,False,True
TBS adaptive diffusion topology alpha=0.01 edge=0.001,N2778,L321,0.004846202994547057,2,1,0.999999999999341,0.3173105078630707,,False,1.0,False,False,True
TBS adaptive diffusion topology alpha=0.01 edge=0.001,N2778,L657,0.004846202994547057,2,1,0.999999999999341,0.3173105078630707,,False,1.0,False,False,True
TBS adaptive diffusion topology alpha=0.01 edge=0.001,N2779,L423,0.004850872115110391,2,1,0.999999999999837,0.3173105078629506,,False,1.0,False,False,True
TBS adaptive diffusion topology alpha=0.01 edge=0.001,N2779,L1391,0.004850872115110391,2,1,0.999999999999837,0.3173105078629506,,False,1.0,False,False,True
TBS adaptive diffusion topology alpha=0.01 edge=0.001,N2780,L437,0.004853424289127289,2,1,0.9999999999967444,0.31731050786369897,,False,1.0,False,False,True
TBS adaptive diffusion topology alpha=0.01 edge=0.001,N2780,L466,0.004853424289127289,2,1,0.9999999999967444,0.31731050786369897,,False,1.0,False,False,True
TBS adaptive diffusion topology alpha=0.01 edge=0.001,N2781,L1028,0.00485978466664558,2,1,0.99999999999949,0.31731050786303466,,False,1.0,False,False,True
TBS adaptive diffusion topology alpha=0.01 edge=0.001,N2781,L1030,0.00485978466664558,2,1,0.99999999999949,0.31731050786303466,,False,1.0,False,False,True
TBS adaptive diffusion topology alpha=0.01 edge=0.001,N2782,N2556,0.002515268741744985,5,3,3.999999999824941,0.40600584973352993,,False,4.0,False,False,True
TBS adaptive diffusion topology alpha=0.01 edge=0.001,N2782,N2607,0.001764346436637329,5,2,3.999999999959019,0.40600584971538456,,False,4.0,False,False,True
TBS adaptive diffusion topology alpha=0.01 edge=0.001,N2783,L748,0.004873292971862665,2,1,0.9999999999995612,0.31731050786301745,,False,1.0,False,False,True
TBS adaptive diffusion topology alpha=0.01 edge=0.001,N2783,L986,0.004873292971862665,2,1,0.9999999999995612,0.31731050786301745,,False,1.0,False,False,True
TBS adaptive diffusion topology alpha=0.01 edge=0.001,N2784,L208,0.004879341636658828,2,1,0.9999999999996476,0.31731050786299647,,False,1.0,False,False,True
TBS adaptive diffusion topology alpha=0.01 edge=0.001,N2784,L1091,0.004879341636658828,2,1,0.9999999999996476,0.31731050786299647,,False,1.0,False,False,True
TBS adaptive diffusion topology alpha=0.01 edge=0.001,N2785,N2538,0.0030090588038196348,4,2,2.9999999999735936,0.39162517627516025,,False,3.0,False,False,True
TBS adaptive diffusion topology alpha=0.01 edge=0.001,N2785,N2714,0.0006424986763078229,4,2,2.9999999999735936,0.39162517627516025,,False,3.0,False,False,True
TBS adaptive diffusion topology alpha=0.01 edge=0.001,N2786,L1100,0.004893659104441674,2,1,0.9999999999996372,0.31731050786299897,,False,1.0,False,False,True
TBS adaptive diffusion topology alpha=0.01 edge=0.001,N2786,L1132,0.004893659104441674,2,1,0.9999999999996372,0.31731050786299897,,False,1.0,False,False,True
TBS adaptive diffusion topology alpha=0.01 edge=0.001,N2787,L561,0.004906732919633252,3,1,1.9999999999994529,0.3678794411715431,,False,2.0,False,False,True
TBS adaptive diffusion topology alpha=0.01 edge=0.001,N2787,N2668,0.0010945312983859133,3,2,1.9999999999910365,0.36787944117309107,,False,2.0,False,False,True
TBS adaptive diffusion topology alpha=0.01 edge=0.001,N2788,L444,0.004914028622175346,2,1,0.9999999999773159,0.31731050786840004,,False,1.0,False,False,True
TBS adaptive diffusion topology alpha=0.01 edge=0.001,N2788,L1436,0.004914028622175346,2,1,0.9999999999773159,0.31731050786840004,,False,1.0,False,False,True
TBS adaptive diffusion topology alpha=0.01 edge=0.001,N2789,L1767,0.0049294340284349245,3,1,1.9999999999996012,0.3678794411715157,,False,2.0,False,False,True
TBS adaptive diffusion topology alpha=0.01 edge=0.001,N2789,N2677,0.001007000518367562,3,2,1.999999999996005,0.36787944117217714,,False,2.0,False,False,True
TBS adaptive diffusion topology alpha=0.01 edge=0.001,N2790,L1020,0.004930012197010943,2,1,0.999999999999815,0.317310507862956,,False,1.0,False,False,True
TBS adaptive diffusion topology alpha=0.01 edge=0.001,N2790,L1341,0.004930012197010943,2,1,0.999999999999815,0.317310507862956,,False,1.0,False,False,True
TBS adaptive diffusion topology alpha=0.01 edge=0.001,N2791,L1125,0.004935150072277542,2,1,0.9999999999996609,0.31731050786299325,,False,1.0,False,False,True
TBS adaptive diffusion topology alpha=0.01 edge=0.001,N2791,L1278,0.004935150072277542,2,1,0.9999999999996609,0.31731050786299325,,False,1.0,False,False,True
TBS adaptive diffusion topology alpha=0.01 edge=0.001,N2792,L265,0.004935700776187063,4,1,2.9999999999921787,0.3916251762722949,,False,3.0,False,False,True
TBS adaptive diffusion topology alpha=0.01 edge=0.001,N2792,N2529,0.0033192706913884877,4,3,2.99999999823779,0.39162517654278683,,False,3.0,False,False,True
TBS adaptive diffusion topology alpha=0.01 edge=0.001,N2793,L1399,0.004943996051344082,3,1,1.9999999999811997,0.3678794411749004,,False,2.0,False,False,True
TBS adaptive diffusion topology alpha=0.01 edge=0.001,N2793,N2690,0.0009467584465708742,3,2,1.9999999992244029,0.36787944131410555,,False,2.0,False,False,True
TBS adaptive diffusion topology alpha=0.01 edge=0.001,N2794,L1717,0.004966262334103534,2,1,0.999999999999446,0.3173105078630452,,False,1.0,False,False,True
TBS adaptive diffusion topology alpha=0.01 edge=0.001,N2794,L1868,0.004966262334103534,2,1,0.999999999999446,0.3173105078630452,,False,1.0,False,False,True
TBS adaptive diffusion topology alpha=0.01 edge=0.001,N2795,L397,0.004973806832701423,2,1,0.9999999999996736,0.3173105078629902,,False,1.0,False,False,True
TBS adaptive diffusion topology alpha=0.01 edge=0.001,N2795,L556,0.004973806832701423,2,1,0.9999999999996736,0.3173105078629902,,False,1.0,False,False,True
TBS adaptive diffusion topology alpha=0.01 edge=0.001,N2796,L1927,0.004974988505418083,3,1,1.9999999999980533,0.3678794411718004,,False,2.0,False,False,True
TBS adaptive diffusion topology alpha=0.01 edge=0.001,N2796,N2635,0.0015857907304016668,3,2,1.9999999999272389,0.36787944118482596,,False,2.0,False,False,True
TBS adaptive diffusion topology alpha=0.01 edge=0.001,N2797,L601,0.004992955415584429,3,1,1.9999999999833307,0.3678794411745085,,False,2.0,False,False,True
TBS adaptive diffusion topology alpha=0.01 edge=0.001,N2797,N2747,0.00038533779406334267,3,2,1.9999999993237552,0.3678794412958306,,False,2.0,False,False,True
TBS adaptive diffusion topology alpha=0.01 edge=0.001,N2798,L525,0.004994092782439965,2,1,0.9999999999997415,0.3173105078629737,,False,1.0,False,False,True
TBS adaptive diffusion topology alpha=0.01 edge=0.001,N2798,L671,0.004994092782439965,2,1,0.9999999999997415,0.3173105078629737,,False,1.0,False,False,True
TBS adaptive diffusion topology alpha=0.01 edge=0.001,N2799,L110,0.005000038595735374,2,1,0.9999999999997267,0.3173105078629774,,False,1.0,False,False,True
TBS adaptive diffusion topology alpha=0.01 edge=0.001,N2799,L229,0.005000038595735374,2,1,0.9999999999997267,0.3173105078629774,,False,1.0,False,False,True
TBS adaptive diffusion topology alpha=0.01 edge=0.001,N2800,L1540,0.005001616468699154,2,1,0.999999999999728,0.31731050786297704,,False,1.0,False,False,True
TBS adaptive diffusion topology alpha=0.01 edge=0.001,N2800,L1578,0.005001616468699154,2,1,0.999999999999728,0.31731050786297704,,False,1.0,False,False,True
TBS adaptive diffusion topology alpha=0.01 edge=0.001,N2801,L931,0.005003796371624963,2,1,0.9999999998462472,0.3173105079001149,,False,1.0,False,False,True
TBS adaptive diffusion topology alpha=0.01 edge=0.001,N2801,L1271,0.005003796371624963,2,1,0.9999999998462472,0.3173105079001149,,False,1.0,False,False,True
TBS adaptive diffusion topology alpha=0.01 edge=0.001,N2802,L399,0.00500394591867921,2,1,0.999999999993594,0.31731050786446124,,False,1.0,False,False,True
TBS adaptive diffusion topology alpha=0.01 edge=0.001,N2802,L527,0.00500394591867921,2,1,0.999999999993594,0.31731050786446124,,False,1.0,False,False,True
TBS adaptive diffusion topology alpha=0.01 edge=0.001,N2803,L1075,0.005012932886219558,2,1,0.999999999999241,0.31731050786309484,,False,1.0,False,False,True
TBS adaptive diffusion topology alpha=0.01 edge=0.001,N2803,L1134,0.005012932886219558,2,1,0.999999999999241,0.31731050786309484,,False,1.0,False,False,True
TBS adaptive diffusion topology alpha=0.01 edge=0.001,N2804,L1617,0.005019201931754589,3,1,1.9999999999685831,0.3678794411772211,,False,2.0,False,False,True
TBS adaptive diffusion topology alpha=0.01 edge=0.001,N2804,N2596,0.002069058461797478,3,2,1.9999999987047223,0.36787944140969536,,False,2.0,False,False,True
TBS adaptive diffusion topology alpha=0.01 edge=0.001,N2805,L431,0.005022855804565784,2,1,0.9999999999990161,0.3173105078631493,,False,1.0,False,False,True
TBS adaptive diffusion topology alpha=0.01 edge=0.001,N2805,L643,0.005022855804565784,2,1,0.9999999999990161,0.3173105078631493,,False,1.0,False,False,True
TBS adaptive diffusion topology alpha=0.01 edge=0.001,N2806,L1691,0.005027866531466799,2,1,0.9999999999928595,0.317310507864639,,False,1.0,False,False,True
TBS adaptive diffusion topology alpha=0.01 edge=0.001,N2806,L1710,0.005027866531466799,2,1,0.9999999999928595,0.317310507864639,,False,1.0,False,False,True
TBS adaptive diffusion topology alpha=0.01 edge=0.001,N2807,L462,0.005038179885733775,2,1,0.9999999999997995,0.3173105078629597,,False,1.0,False,False,True
TBS adaptive diffusion topology alpha=0.01 edge=0.001,N2807,L591,0.005038179885733775,2,1,0.9999999999997995,0.3173105078629597,,False,1.0,False,False,True
TBS adaptive diffusion topology alpha=0.01 edge=0.001,N2808,L46,0.005044553783973044,2,1,0.9999999999999745,0.3173105078629174,,False,1.0,False,False,True
TBS adaptive diffusion topology alpha=0.01 edge=0.001,N2808,L281,0.005044553783973044,2,1,0.9999999999999745,0.3173105078629174,,False,1.0,False,False,True
TBS adaptive diffusion topology alpha=0.01 edge=0.001,N2809,L1780,0.005045355326588796,2,1,0.9999999999997753,0.3173105078629656,,False,1.0,False,False,True
TBS adaptive diffusion topology alpha=0.01 edge=0.001,N2809,L1894,0.005045355326588796,2,1,0.9999999999997753,0.3173105078629656,,False,1.0,False,False,True
TBS adaptive diffusion topology alpha=0.01 edge=0.001,N2810,L818,0.0050472062275222305,2,1,0.9999999999965137,0.31731050786375486,,False,1.0,False,False,True
TBS adaptive diffusion topology alpha=0.01 edge=0.001,N2810,L995,0.0050472062275222305,2,1,0.9999999999965137,0.31731050786375486,,False,1.0,False,False,True
TBS adaptive diffusion topology alpha=0.01 edge=0.001,N2811,L722,0.0050673999398964985,2,1,0.999999999999355,0.3173105078630673,,False,1.0,False,False,True
TBS adaptive diffusion topology alpha=0.01 edge=0.001,N2811,L756,0.0050673999398964985,2,1,0.999999999999355,0.3173105078630673,,False,1.0,False,False,True
TBS adaptive diffusion topology alpha=0.01 edge=0.001,N2812,L923,0.0050764229981678875,2,1,0.9999999999997715,0.31731050786296655,,False,1.0,False,False,True
TBS adaptive diffusion topology alpha=0.01 edge=0.001,N2812,L1094,0.0050764229981678875,2,1,0.9999999999997715,0.31731050786296655,,False,1.0,False,False,True
TBS adaptive diffusion topology alpha=0.01 edge=0.001,N2813,L772,0.005076981460658255,3,1,1.9999999999965747,0.3678794411720724,,False,2.0,False,False,True
TBS adaptive diffusion topology alpha=0.01 edge=0.001,N2813,N2683,0.0011425247091359037,3,2,1.9999999998792934,0.367879441193645,,False,2.0,False,False,True
TBS adaptive diffusion topology alpha=0.01 edge=0.001,N2814,L274,0.005080155948440908,2,1,0.9999999999979192,0.31731050786341475,,False,1.0,False,False,True
TBS adaptive diffusion topology alpha=0.01 edge=0.001,N2814,L1401,0.005080155948440908,2,1,0.9999999999979192,0.31731050786341475,,False,1.0,False,False,True
TBS adaptive diffusion topology alpha=0.01 edge=0.001,N2815,L733,0.0050975711908775,2,1,0.9999999999987226,0.31731050786322035,,False,1.0,False,False,True
TBS adaptive diffusion topology alpha=0.01 edge=0.001,N2815,L1055,0.0050975711908775,2,1,0.9999999999987226,0.31731050786322035,,False,1.0,False,False,True
TBS adaptive diffusion topology alpha=0.01 edge=0.001,N2816,L1805,0.005098817933656149,3,1,1.999999999998434,0.36787944117173044,,False,2.0,False,False,True
TBS adaptive diffusion topology alpha=0.01 edge=0.001,N2816,N2606,0.0020384703078921832,3,2,1.9999999999490452,0.36787944118081495,,False,2.0,False,False,True
TBS adaptive diffusion topology alpha=0.01 edge=0.001,N2817,L330,0.0051069745405910045,2,1,0.9999999999990894,0.31731050786313153,,False,1.0,False,False,True
TBS adaptive diffusion topology alpha=0.01 edge=0.001,N2817,L638,0.0051069745405910045,2,1,0.9999999999990894,0.31731050786313153,,False,1.0,False,False,True
TBS adaptive diffusion topology alpha=0.01 edge=0.001,N2818,L1758,0.005111093233131854,6,1,4.999999999996676,0.41588018699591334,,False,5.0,False,False,True
TBS adaptive diffusion topology alpha=0.01 edge=0.001,N2818,N2738,0.0006200012621980864,6,5,4.999999997599548,0.415880187288463,,False,5.0,False,False,True
TBS adaptive diffusion topology alpha=0.01 edge=0.001,N2819,L925,0.005117536724282872,2,1,0.9999999999994114,0.31731050786305365,,False,1.0,False,False,True
TBS adaptive diffusion topology alpha=0.01 edge=0.001,N2819,L1049,0.005117536724282872,2,1,0.9999999999994114,0.31731050786305365,,False,1.0,False,False,True
TBS adaptive diffusion topology alpha=0.01 edge=0.001,N2820,L690,0.005118007184081356,2,1,0.9999999999996529,0.3173105078629952,,False,1.0,False,False,True
TBS adaptive diffusion topology alpha=0.01 edge=0.001,N2820,L1210,0.005118007184081356,2,1,0.9999999999996529,0.3173105078629952,,False,1.0,False,False,True
TBS adaptive diffusion topology alpha=0.01 edge=0.001,N2821,L488,0.005127632753685203,2,1,0.9999999999990294,0.3173105078631461,,False,1.0,False,False,True
TBS adaptive diffusion topology alpha=0.01 edge=0.001,N2821,L1433,0.005127632753685203,2,1,0.9999999999990294,0.3173105078631461,,False,1.0,False,False,True
TBS adaptive diffusion topology alpha=0.01 edge=0.001,N2822,L875,0.005130081151502167,2,1,0.9999999998391451,0.31731050790183335,,False,1.0,False,False,True
TBS adaptive diffusion topology alpha=0.01 edge=0.001,N2822,L884,0.005130081151502167,2,1,0.9999999998391451,0.31731050790183335,,False,1.0,False,False,True
TBS adaptive diffusion topology alpha=0.01 edge=0.001,N2823,L445,0.005139430377167771,4,1,2.999999999998301,0.39162517627135085,,False,3.0,False,False,True
TBS adaptive diffusion topology alpha=0.01 edge=0.001,N2823,N2587,0.002299111735035642,4,3,2.999999999955765,0.39162517627790916,,False,3.0,False,False,True
TBS adaptive diffusion topology alpha=0.01 edge=0.001,N2824,L838,0.00513946586112637,2,1,0.9999999999942404,0.31731050786430487,,False,1.0,False,False,True
TBS adaptive diffusion topology alpha=0.01 edge=0.001,N2824,L841,0.00513946586112637,2,1,0.9999999999942404,0.31731050786430487,,False,1.0,False,False,True
TBS adaptive diffusion topology alpha=0.01 edge=0.001,N2825,L1241,0.005140096286233024,3,1,1.9999999999991684,0.3678794411715954,,False,2.0,False,False,True
TBS adaptive diffusion topology alpha=0.01 edge=0.001,N2825,N2527,0.0035750477127951172,3,2,1.9999999999701277,0.36787944117693705,,False,2.0,False,False,True
TBS adaptive diffusion topology alpha=0.01 edge=0.001,N2826,L701,0.005140313256838735,2,1,0.9999999999998832,0.31731050786293946,,False,1.0,False,False,True
TBS adaptive diffusion topology alpha=0.01 edge=0.001,N2826,L1120,0.005140313256838735,2,1,0.9999999999998832,0.31731050786293946,,False,1.0,False,False,True
TBS adaptive diffusion topology alpha=0.01 edge=0.001,N2827,L891,0.005140470789781662,2,1,0.9999999999990337,0.3173105078631451,,False,1.0,False,False,True
TBS adaptive diffusion topology alpha=0.01 edge=0.001,N2827,L993,0.005140470789781662,2,1,0.9999999999990337,0.3173105078631451,,False,1.0,False,False,True
TBS adaptive diffusion topology alpha=0.01 edge=0.001,N2828,L531,0.005148569525411165,2,1,0.9999999999997253,0.3173105078629777,,False,1.0,False,False,True
TBS adaptive diffusion topology alpha=0.01 edge=0.001,N2828,L719,0.005148569525411165,2,1,0.9999999999997253,0.3173105078629777,,False,1.0,False,False,True
TBS adaptive diffusion topology alpha=0.01 edge=0.001,N2829,L1163,0.005153932979593553,3,1,1.999999999998224,0.367879441171769,,False,2.0,False,False,True
TBS adaptive diffusion topology alpha=0.01 edge=0.001,N2829,N2570,0.002552473737478998,3,2,1.999999999941005,0.3678794411822938,,False,2.0,False,False,True
TBS adaptive diffusion topology alpha=0.01 edge=0.001,N2830,L642,0.005167691003913553,3,1,1.9999999999989138,0.36787944117164223,,False,2.0,False,False,True
TBS adaptive diffusion topology alpha=0.01 edge=0.001,N2830,N2689,0.001176667236595575,3,2,1.9999999999748872,0.36787944117606153,,False,2.0,False,False,True
TBS adaptive diffusion topology alpha=0.01 edge=0.001,N2831,N2533,0.0034421038362560034,5,2,3.999999999980394,0.40600584971249165,,False,4.0,False,False,True
TBS adaptive diffusion topology alpha=0.01 edge=0.001,N2831,N2721,0.0008936587795822431,5,3,3.9999999999177365,0.4060058497209714,,False,4.0,False,False,True
TBS adaptive diffusion topology alpha=0.01 edge=0.001,N2832,L1989,0.005194157944152292,4,1,2.9999999999986473,0.39162517627129734,,False,3.0,False,False,True
TBS adaptive diffusion topology alpha=0.01 edge=0.001,N2832,N2593,0.0022722844679113636,4,3,2.9999999999296882,0.3916251762819297,,False,3.0,False,False,True
TBS adaptive diffusion topology alpha=0.01 edge=0.001,N2833,L714,0.00522100232439309,2,1,0.9999999999996834,0.31731050786298787,,False,1.0,False,False,True
TBS adaptive diffusion topology alpha=0.01 edge=0.001,N2833,L1304,0.00522100232439309,2,1,0.9999999999996834,0.31731050786298787,,False,1.0,False,False,True
TBS adaptive diffusion topology alpha=0.01 edge=0.001,N2834,L1906,0.005225741792740225,3,1,1.9999999999997526,0.3678794411714879,,False,2.0,False,False,True
TBS adaptive diffusion topology alpha=0.01 edge=0.001,N2834,N2516,0.003909188181131661,3,2,1.9999999999918876,0.36787944117293453,,False,2.0,False,False,True
TBS adaptive diffusion topology alpha=0.01 edge=0.001,N2835,L820,0.005228489586627335,2,1,0.9999999999996549,0.3173105078629947,,False,1.0,False,False,True
TBS adaptive diffusion topology alpha=0.01 edge=0.001,N2835,L1326,0.005228489586627335,2,1,0.9999999999996549,0.3173105078629947,,False,1.0,False,False,True
TBS adaptive diffusion topology alpha=0.01 edge=0.001,N2836,L1019,0.0052489050805907935,2,1,0.9999999999998876,0.3173105078629384,,False,1.0,False,False,True
TBS adaptive diffusion topology alpha=0.01 edge=0.001,N2836,L1139,0.0052489050805907935,2,1,0.9999999999998876,0.3173105078629384,,False,1.0,False,False,True
TBS adaptive diffusion topology alpha=0.01 edge=0.001,N2837,L594,0.005256402937192449,3,1,1.9999999999984175,0.3678794411717335,,False,2.0,False,False,True
TBS adaptive diffusion topology alpha=0.01 edge=0.001,N2837,N2739,0.0007637697531603481,3,2,1.9999999999543165,0.36787944117984545,,False,2.0,False,False,True
TBS adaptive diffusion topology alpha=0.01 edge=0.001,N2838,L1484,0.005256570647090617,3,1,1.9999999999984883,0.36787944117172044,,False,2.0,False,False,True
TBS adaptive diffusion topology alpha=0.01 edge=0.001,N2838,N2637,0.0018393851215650517,3,2,1.9999999999532703,0.36787944118003774,,False,2.0,False,False,True
TBS adaptive diffusion topology alpha=0.01 edge=0.001,N2839,L371,0.0052603538146399256,2,1,0.9999999999974414,0.3173105078635303,,False,1.0,False,False,True
TBS adaptive diffusion topology alpha=0.01 edge=0.001,N2839,L1470,0.0052603538146399256,2,1,0.9999999999974414,0.3173105078635303,,False,1.0,False,False,True
TBS adaptive diffusion topology alpha=0.01 edge=0.001,N2840,L570,0.005266312029098694,2,1,0.9999999999999212,0.31731050786293036,,False,1.0,False,False,True
TBS adaptive diffusion topology alpha=0.01 edge=0.001,N2840,L1551,0.005266312029098694,2,1,0.9999999999999212,0.31731050786293036,,False,1.0,False,False,True
TBS adaptive diffusion topology alpha=0.01 edge=0.001,N2841,L271,0.0052818758979107355,3,1,1.9999999999423406,0.36787944118204813,,False,2.0,False,False,True
TBS adaptive diffusion topology alpha=0.01 edge=0.001,N2841,N2633,0.0018967602389856773,3,2,1.9999999976328773,0.36787944160685027,,False,2.0,False,False,True
TBS adaptive diffusion topology alpha=0.01 edge=0.001,N2842,L202,0.0052974616808683685,3,1,1.9999999999999611,0.3678794411714495,,False,2.0,False,False,True
TBS adaptive diffusion topology alpha=0.01 edge=0.001,N2842,N2568,0.0027010162633507775,3,2,1.9999999999995977,0.36787944117151644,,False,2.0,False,False,True
TBS adaptive diffusion topology alpha=0.01 edge=0.001,N2843,L1015,0.0053075469905713045,2,1,0.9999999999754681,0.3173105078688472,,False,1.0,False,False,True
TBS adaptive diffusion topology alpha=0.01 edge=0.001,N2843,L1206,0.0053075469905713045,2,1,0.9999999999754681,0.3173105078688472,,False,1.0,False,False,True
TBS adaptive diffusion topology alpha=0.01 edge=0.001,N2844,L856,0.00531006305275768,2,1,0.9999999999931972,0.3173105078645573,,False,1.0,False,False,True
TBS adaptive diffusion topology alpha=0.01 edge=0.001,N2844,L1323,0.00531006305275768,2,1,0.9999999999931972,0.3173105078645573,,False,1.0,False,False,True
TBS adaptive diffusion topology alpha=0.01 edge=0.001,N2845,L1628,0.0053132263159388765,2,1,0.9999999999792788,0.31731050786792514,,False,1.0,False,False,True
TBS adaptive diffusion topology alpha=0.01 edge=0.001,N2845,L1967,0.0053132263159388765,2,1,0.9999999999792788,0.31731050786792514,,False,1.0,False,False,True
TBS adaptive diffusion topology alpha=0.01 edge=0.001,N2846,L1496,0.005318393211978001,3,1,1.9999999999990172,0.36787944117162324,,False,2.0,False,False,True
TBS adaptive diffusion topology alpha=0.01 edge=0.001,N2846,N2652,0.0016551726687698924,3,2,1.999999999964492,0.36787944117797367,,False,2.0,False,False,True
TBS adaptive diffusion topology alpha=0.01 edge=0.001,N2847,L53,0.005318648093247192,3,1,1.9999999999997997,0.3678794411714792,,False,2.0,False,False,True
TBS adaptive diffusion topology alpha=0.01 edge=0.001,N2847,N2525,0.003787317047356491,3,2,1.9999999999981193,0.3678794411717882,,False,2.0,False,False,True
TBS adaptive diffusion topology alpha=0.01 edge=0.001,N2848,L2018,0.005319784126254167,2,1,0.9999999999998324,0.31731050786295173,,False,1.0,False,False,True
TBS adaptive diffusion topology alpha=0.01 edge=0.001,N2848,L2034,0.005319784126254167,2,1,0.9999999999998324,0.31731050786295173,,False,1.0,False,False,True
TBS adaptive diffusion topology alpha=0.01 edge=0.001,N2849,L1001,0.005321332539782606,2,1,0.9999999999881706,0.3173105078657736,,False,1.0,False,False,True
TBS adaptive diffusion topology alpha=0.01 edge=0.001,N2849,L1003,0.005321332539782606,2,1,0.9999999999881706,0.3173105078657736,,False,1.0,False,False,True
TBS adaptive diffusion topology alpha=0.01 edge=0.001,N2850,L2125,0.005321714021447681,3,1,1.9999999999992588,0.36787944117157867,,False,2.0,False,False,True
TBS adaptive diffusion topology alpha=0.01 edge=0.001,N2850,N2716,0.0010686911512800372,3,2,1.999999999983514,0.36787944117447474,,False,2.0,False,False,True
TBS adaptive diffusion topology alpha=0.01 edge=0.001,N2851,L127,0.005325378371006828,2,1,0.9999999999756433,0.3173105078688049,,False,1.0,False,False,True
TBS adaptive diffusion topology alpha=0.01 edge=0.001,N2851,L1586,0.005325378371006828,2,1,0.9999999999756433,0.3173105078688049,,False,1.0,False,False,True
TBS adaptive diffusion topology alpha=0.01 edge=0.001,N2852,L836,0.005334509677232378,2,1,0.9999999999994371,0.31731050786304743,,False,1.0,False,False,True
TBS adaptive diffusion topology alpha=0.01 edge=0.001,N2852,L988,0.005334509677232378,2,1,0.9999999999994371,0.31731050786304743,,False,1.0,False,False,True
TBS adaptive diffusion topology alpha=0.01 edge=0.001,N2853,L724,0.005335811197532679,2,1,0.9999999999997466,0.31731050786297255,,False,1.0,False,False,True
TBS adaptive diffusion topology alpha=0.01 edge=0.001,N2853,L857,0.005335811197532679,2,1,0.9999999999997466,0.31731050786297255,,False,1.0,False,False,True
TBS adaptive diffusion topology alpha=0.01 edge=0.001,N2854,L1663,0.005338158803207162,6,1,4.9999999999984155,0.4158801869957014,,False,5.0,False,False,True
TBS adaptive diffusion topology alpha=0.01 edge=0.001,N2854,N2610,0.0022033186971376325,6,5,4.999999998794016,0.41588018714268815,,False,5.0,False,False,True
TBS adaptive diffusion topology alpha=0.01 edge=0.001,N2855,L2071,0.005341396414775203,2,1,0.9999999999996676,0.31731050786299164,,False,1.0,False,False,True
TBS adaptive diffusion topology alpha=0.01 edge=0.001,N2855,L2105,0.005341396414775203,2,1,0.9999999999996676,0.31731050786299164,,False,1.0,False,False,True
TBS adaptive diffusion topology alpha=0.01 edge=0.001,N2856,L1539,0.005351816041282547,3,1,1.9999999999995732,0.3678794411715209,,False,2.0,False,False,True
TBS adaptive diffusion topology alpha=0.01 edge=0.001,N2856,N2760,0.0006205390227416233,3,2,1.9999999999922569,0.36787944117286664,,False,2.0,False,False,True
TBS adaptive diffusion topology alpha=0.01 edge=0.001,N2857,L39,0.005355976201650666,2,1,0.9999999999965787,0.31731050786373904,,False,1.0,False,False,True
TBS adaptive diffusion topology alpha=0.01 edge=0.001,N2857,L296,0.005355976201650666,2,1,0.9999999999965787,0.31731050786373904,,False,1.0,False,False,True
TBS adaptive diffusion topology alpha=0.01 edge=0.001,N2858,L2115,0.005362491945861278,2,1,0.9999999999999041,0.3173105078629344,,False,1.0,False,False,True
TBS adaptive diffusion topology alpha=0.01 edge=0.001,N2858,L2340,0.005362491945861278,2,1,0.9999999999999041,0.3173105078629344,,False,1.0,False,False,True
TBS adaptive diffusion topology alpha=0.01 edge=0.001,N2859,L1116,0.005363939178196506,2,1,0.9999999999897045,0.31731050786540244,,False,1.0,False,False,True
TBS adaptive diffusion topology alpha=0.01 edge=0.001,N2859,L1172,0.005363939178196506,2,1,0.9999999999897045,0.31731050786540244,,False,1.0,False,False,True
TBS adaptive diffusion topology alpha=0.01 edge=0.001,N2860,L558,0.005380104440926065,3,1,1.9999999999992402,0.3678794411715821,,False,2.0,False,False,True
TBS adaptive diffusion topology alpha=0.01 edge=0.001,N2860,N2699,0.0012706677680555075,3,2,1.9999999999844453,0.3678794411743035,,False,2.0,False,False,True
TBS adaptive diffusion topology alpha=0.01 edge=0.001,N2861,L1110,0.005380349700371288,2,1,0.9999999999998581,0.31731050786294557,,False,1.0,False,False,True
TBS adaptive diffusion topology alpha=0.01 edge=0.001,N2861,L1314,0.005380349700371288,2,1,0.9999999999998581,0.31731050786294557,,False,1.0,False,False,True
TBS adaptive diffusion topology alpha=0.01 edge=0.001,N2862,L261,0.005382133151434542,3,1,1.9999999999981082,0.36787944117179033,,False,2.0,False,False,True
TBS adaptive diffusion topology alpha=0.01 edge=0.001,N2862,N2550,0.0031530010802526963,3,2,1.9999999999489206,0.36787944118083793,,False,2.0,False,False,True
TBS adaptive diffusion topology alpha=0.01 edge=0.001,N2863,L508,0.005390942050348719,3,1,1.99999999999859,0.3678794411717017,,False,2.0,False,False,True
TBS adaptive diffusion topology alpha=0.01 edge=0.001,N2863,N2657,0.0016750382198357154,3,2,1.9999999999593392,0.3678794411789216,,False,2.0,False,False,True
TBS adaptive diffusion topology alpha=0.01 edge=0.001,N2864,L1192,0.005401680972866635,4,1,2.999999999924873,0.391625176282672,,False,3.0,False,False,True
TBS adaptive diffusion topology alpha=0.01 edge=0.001,N2864,N2725,0.0010756597294287714,4,3,2.999999981035245,0.3916251791950812,,False,3.0,False,False,True
TBS adaptive diffusion topology alpha=0.01 edge=0.001,N2865,L1853,0.005405211891230329,3,1,1.9999999999990092,0.36787944117162463,,False,2.0,False,False,True
TBS adaptive diffusion topology alpha=0.01 edge=0.001,N2865,N2737,0.0009477303569864091,3,2,1.999999999989703,0.3678794411733364,,False,2.0,False,False,True
TBS adaptive diffusion topology alpha=0.01 edge=0.001,N2866,L1875,0.005408327684033909,3,1,1.9999999999891578,0.3678794411734367,,False,2.0,False,False,True
TBS adaptive diffusion topology alpha=0.01 edge=0.001,N2866,N2701,0.001288044155298566,3,2,1.999999999568466,0.36787944125081856,,False,2.0,False,False,True
TBS adaptive diffusion topology alpha=0.01 edge=0.001,N2867,L1529,0.005412108988724107,2,1,0.9999999999990479,0.31731050786314163,,False,1.0,False,False,True
TBS adaptive diffusion topology alpha=0.01 edge=0.001,N2867,L1573,0.005412108988724107,2,1,0.9999999999990479,0.31731050786314163,,False,1.0,False,False,True
TBS adaptive diffusion topology alpha=0.01 edge=0.001,N2868,L611,0.005413253605144281,4,1,2.999999999998174,0.3916251762713704,,False,3.0,False,False,True
TBS adaptive diffusion topology alpha=0.01 edge=0.001,N2868,N2553,0.0031598292537423404,4,3,2.9999999997620908,0.39162517630776994,,False,3.0,False,False,True
TBS adaptive diffusion topology alpha=0.01 edge=0.001,N2869,L1696,0.005418866311765477,3,1,1.9999999992515445,0.3678794413091131,,False,2.0,False,False,True
TBS adaptive diffusion topology alpha=0.01 edge=0.001,N2869,N2554,0.003161519245936359,3,2,1.9999999688772578,0.36787944689615093,,False,2.0,False,False,True
TBS adaptive diffusion topology alpha=0.01 edge=0.001,N2870,L288,0.005420572063579009,2,1,0.9999999999976525,0.3173105078634793,,False,1.0,False,False,True
TBS adaptive diffusion topology alpha=0.01 edge=0.001,N2870,L308,0.005420572063579009,2,1,0.9999999999976525,0.3173105078634793,,False,1.0,False,False,True
TBS adaptive diffusion topology alpha=0.01 edge=0.001,N2871,N2717,0.0011630654904015438,5,3,3.9999999998863403,0.4060058497252206,,False,4.0,False,False,True
TBS adaptive diffusion topology alpha=0.01 edge=0.001,N2871,N2761,0.0006904307624206403,5,2,3.999999999972971,0.4060058497134965,,False,4.0,False,False,True
TBS adaptive diffusion topology alpha=0.01 edge=0.001,N2872,L1542,0.0054398512813202855,3,1,1.9999999999984122,0.3678794411717345,,False,2.0,False,False,True
TBS adaptive diffusion topology alpha=0.01 edge=0.001,N2872,N2661,0.0017014319833834328,3,2,1.9999999999561107,0.3678794411795154,,False,2.0,False,False,True
TBS adaptive diffusion topology alpha=0.01 edge=0.001,N2873,N2594,0.0025497899474921774,5,2,3.999999999845531,0.4060058497307433,,False,4.0,False,False,True
TBS adaptive diffusion topology alpha=0.01 edge=0.001,N2873,N2736,0.0010470066409966848,5,3,3.9999999993215556,0.4060058498016559,,False,4.0,False,False,True
TBS adaptive diffusion topology alpha=0.01 edge=0.001,N2874,L2,0.005480497714300515,2,1,0.9999999999998319,0.3173105078629519,,False,1.0,False,False,True
TBS adaptive diffusion topology alpha=0.01 edge=0.001,N2874,L511,0.005480497714300515,2,1,0.9999999999998319,0.3173105078629519,,False,1.0,False,False,True
TBS adaptive diffusion topology alpha=0.01 edge=0.001,N2875,L689,0.00548655563793442,2,1,0.9999999999997482,0.3173105078629721,,False,1.0,False,False,True
TBS adaptive diffusion topology alpha=0.01 edge=0.001,N2875,L704,0.00548655563793442,2,1,0.9999999999997482,0.3173105078629721,,False,1.0,False,False,True
TBS adaptive diffusion topology alpha=0.01 edge=0.001,N2876,L918,0.005500986340531042,4,1,2.9999999999992326,0.3916251762712071,,False,3.0,False,False,True
TBS adaptive diffusion topology alpha=0.01 edge=0.001,N2876,N2758,0.0007876413645253788,4,3,2.9999999999700853,0.39162517627570115,,False,3.0,False,False,True
TBS adaptive diffusion topology alpha=0.01 edge=0.001,N2877,L783,0.005503654273209417,2,1,0.9999999999992579,0.3173105078630908,,False,1.0,False,False,True
TBS adaptive diffusion topology alpha=0.01 edge=0.001,N2877,L792,0.005503654273209417,2,1,0.9999999999992579,0.3173105078630908,,False,1.0,False,False,True
TBS adaptive diffusion topology alpha=0.01 edge=0.001,N2878,L2268,0.005513798997864644,3,1,1.9999999999971723,0.36787944117196236,,False,2.0,False,False,True
TBS adaptive diffusion topology alpha=0.01 edge=0.001,N2878,N2630,0.0021366426618250963,3,2,1.99999999988598,0.3678794411924151,,False,2.0,False,False,True
TBS adaptive diffusion topology alpha=0.01 edge=0.001,N2879,L1057,0.005520239752112758,2,1,0.99999999999943,0.31731050786304915,,False,1.0,False,False,True
TBS adaptive diffusion topology alpha=0.01 edge=0.001,N2879,L1243,0.005520239752112758,2,1,0.99999999999943,0.31731050786304915,,False,1.0,False,False,True
TBS adaptive diffusion topology alpha=0.01 edge=0.001,N2880,L592,0.0055240243210507665,3,1,1.999999999997546,0.36787944117189375,,False,2.0,False,False,True
TBS adaptive diffusion topology alpha=0.01 edge=0.001,N2880,N2574,0.0028765999799382587,3,2,1.9999999999220084,0.36787944118578814,,False,2.0,False,False,True
TBS adaptive diffusion topology alpha=0.01 edge=0.001,N2881,L1623,0.005529514195878047,2,1,0.9999999999994322,0.31731050786304865,,False,1.0,False,False,True
TBS adaptive diffusion topology alpha=0.01 edge=0.001,N2881,L1768,0.005529514195878047,2,1,0.9999999999994322,0.31731050786304865,,False,1.0,False,False,True
TBS adaptive diffusion topology alpha=0.01 edge=0.001,N2882,L1465,0.0055307999652756115,2,1,0.9999999999990627,0.317310507863138,,False,1.0,False,False,True
TBS adaptive diffusion topology alpha=0.01 edge=0.001,N2882,L1600,0.0055307999652756115,2,1,0.9999999999990627,0.317310507863138,,False,1.0,False,False,True
TBS adaptive diffusion topology alpha=0.01 edge=0.001,N2883,L2486,0.005538918398968598,2,1,0.9999999999999898,0.3173105078629137,,False,1.0,False,False,True
TBS adaptive diffusion topology alpha=0.01 edge=0.001,N2883,L2492,0.005538918398968598,2,1,0.9999999999999898,0.3173105078629137,,False,1.0,False,False,True
TBS adaptive diffusion topology alpha=0.01 edge=0.001,N2884,L927,0.005545381582988301,3,1,1.9999999977337557,0.36787944158829483,,False,2.0,False,False,True
TBS adaptive diffusion topology alpha=0.01 edge=0.001,N2884,N2664,0.0017741670769451275,3,2,1.9999999057593427,0.36787945850604287,,False,2.0,False,False,True
TBS adaptive diffusion topology alpha=0.01 edge=0.001,N2885,L1202,0.0055563243929359855,2,1,0.9999999999848375,0.3173105078665801,,False,1.0,False,False,True
TBS adaptive diffusion topology alpha=0.01 edge=0.001,N2885,L1207,0.0055563243929359855,2,1,0.9999999999848375,0.3173105078665801,,False,1.0,False,False,True
TBS adaptive diffusion topology alpha=0.01 edge=0.001,N2886,L631,0.005565225506995651,2,1,0.9999999999995275,0.31731050786302556,,False,1.0,False,False,True
TBS adaptive diffusion topology alpha=0.01 edge=0.001,N2886,L1544,0.005565225506995651,2,1,0.9999999999995275,0.31731050786302556,,False,1.0,False,False,True
TBS adaptive diffusion topology alpha=0.01 edge=0.001,N2887,L1712,0.005566307265806319,4,1,2.9999999999997216,0.391625176271132,,False,3.0,False,False,True
TBS adaptive diffusion topology alpha=0.01 edge=0.001,N2887,N2789,0.0006368732373713946,4,3,2.9999999999649947,0.3916251762764861,,False,3.0,False,False,True
TBS adaptive diffusion topology alpha=0.01 edge=0.001,N2888,N2650,0.0019287749463330693,5,2,3.9999999998699316,0.4060058497274409,,False,4.0,False,False,True
TBS adaptive diffusion topology alpha=0.01 edge=0.001,N2888,N2670,0.0017559705350890108,5,3,3.9999999994327817,0.40600584978660303,,False,4.0,False,False,True
TBS adaptive diffusion topology alpha=0.01 edge=0.001,N2889,L1955,0.005580136911188689,3,1,1.9999999999991471,0.3678794411715993,,False,2.0,False,False,True
TBS adaptive diffusion topology alpha=0.01 edge=0.001,N2889,N2751,0.0008983499601429016,3,2,1.999999999973301,0.36787944117635335,,False,2.0,False,False,True
TBS adaptive diffusion topology alpha=0.01 edge=0.001,N2890,L81,0.005588630297997312,2,1,0.9999999999993257,0.31731050786307435,,False,1.0,False,False,True
TBS adaptive diffusion topology alpha=0.01 edge=0.001,N2890,L373,0.005588630297997312,2,1,0.9999999999993257,0.31731050786307435,,False,1.0,False,False,True
TBS adaptive diffusion topology alpha=0.01 edge=0.001,N2891,N2647,0.001994587117891532,5,2,3.9999999999386993,0.40600584971813436,,False,4.0,False,False,True
TBS adaptive diffusion topology alpha=0.01 edge=0.001,N2891,N2648,0.0019871212204170346,5,3,3.999999999735623,0.4060058497456175,,False,4.0,False,False,True
TBS adaptive diffusion topology alpha=0.01 edge=0.001,N2892,L803,0.005600587394908464,2,1,0.9999999999949896,0.3173105078641237,,False,1.0,False,False,True
TBS adaptive diffusion topology alpha=0.01 edge=0.001,N2892,L973,0.005600587394908464,2,1,0.9999999999949896,0.3173105078641237,,False,1.0,False,False,True
TBS adaptive diffusion topology alpha=0.01 edge=0.001,N2893,L115,0.00564196417835338,2,1,0.9999999999868023,0.3173105078661047,,False,1.0,False,False,True
TBS adaptive diffusion topology alpha=0.01 edge=0.001,N2893,L169,0.00564196417835338,2,1,0.9999999999868023,0.3173105078661047,,False,1.0,False,False,True
TBS adaptive diffusion topology alpha=0.01 edge=0.001,N2894,L1152,0.005645552534075291,3,1,1.9999999999953935,0.36787944117228966,,False,2.0,False,False,True
TBS adaptive diffusion topology alpha=0.01 edge=0.001,N2894,N2676,0.0017510418331485558,3,2,1.9999999998253117,0.3678794412035744,,False,2.0,False,False,True
TBS adaptive diffusion topology alpha=0.01 edge=0.001,N2895,N2693,0.0015963306140264631,8,2,6.9999999965691435,0.42887985791027483,,False,7.0,False,False,True
TBS adaptive diffusion topology alpha=0.01 edge=0.001,N2895,N2854,0.000311271882921574,8,6,6.999999869985789,0.42887987109010484,,False,7.0,False,False,True
TBS adaptive diffusion topology alpha=0.01 edge=0.001,N2896,L1737,0.005662190145359364,3,1,1.9999999988052264,0.3678794413912087,,False,2.0,False,False,True
TBS adaptive diffusion topology alpha=0.01 edge=0.001,N2896,N2641,0.0021645073285976443,3,2,1.999999950325657,0.36787945030852726,,False,2.0,False,False,True
TBS adaptive diffusion topology alpha=0.01 edge=0.001,N2897,L1708,0.005669021640056589,3,1,1.9999999999995977,0.36787944117151644,,False,2.0,False,False,True
TBS adaptive diffusion topology alpha=0.01 edge=0.001,N2897,N2715,0.0014235787196910693,3,2,1.9999999999934137,0.3678794411726538,,False,2.0,False,False,True
TBS adaptive diffusion topology alpha=0.01 edge=0.001,N2898,L713,0.005681827769118425,2,1,0.9999999999990208,0.31731050786314813,,False,1.0,False,False,True
TBS adaptive diffusion topology alpha=0.01 edge=0.001,N2898,L753,0.005681827769118425,2,1,0.9999999999990208,0.31731050786314813,,False,1.0,False,False,True
TBS adaptive diffusion topology alpha=0.01 edge=0.001,N2899,L523,0.005687426420452844,3,1,1.999999999999262,0.36787944117157817,,False,2.0,False,False,True
TBS adaptive diffusion topology alpha=0.01 edge=0.001,N2899,N2712,0.0014534603257701504,3,2,1.999999999986046,0.36787944117400906,,False,2.0,False,False,True
TBS adaptive diffusion topology alpha=0.01 edge=0.001,N2900,L1424,0.005687613770022071,2,1,0.999999999996628,0.3173105078637271,,False,1.0,False,False,True
TBS adaptive diffusion topology alpha=0.01 edge=0.001,N2900,L1537,0.005687613770022071,2,1,0.999999999996628,0.3173105078637271,,False,1.0,False,False,True
TBS adaptive diffusion topology alpha=0.01 edge=0.001,N2901,L790,0.005693427807584518,2,1,0.9999999999999263,0.3173105078629291,,False,1.0,False,False,True
TBS adaptive diffusion topology alpha=0.01 edge=0.001,N2901,L992,0.005693427807584518,2,1,0.9999999999999263,0.3173105078629291,,False,1.0,False,False,True
TBS adaptive diffusion topology alpha=0.01 edge=0.001,N2902,L809,0.005699041738206255,2,1,0.9999999999994149,0.3173105078630528,,False,1.0,False,False,True
TBS adaptive diffusion topology alpha=0.01 edge=0.001,N2902,L816,0.005699041738206255,2,1,0.9999999999994149,0.3173105078630528,,False,1.0,False,False,True
TBS adaptive diffusion topology alpha=0.01 edge=0.001,N2903,L427,0.005722996626206592,2,1,0.9999999999530704,0.3173105078742668,,False,1.0,False,False,True
TBS adaptive diffusion topology alpha=0.01 edge=0.001,N2903,L617,0.005722996626206592,2,1,0.9999999999530704,0.3173105078742668,,False,1.0,False,False,True
TBS adaptive diffusion topology alpha=0.01 edge=0.001,N2904,L951,0.005744509832509725,2,1,0.9999999999995239,0.3173105078630264,,False,1.0,False,False,True
TBS adaptive diffusion topology alpha=0.01 edge=0.001,N2904,L1366,0.005744509832509725,2,1,0.9999999999995239,0.3173105078630264,,False,1.0,False,False,True
TBS adaptive diffusion topology alpha=0.01 edge=0.001,N2905,L1299,0.005753817630603323,2,1,0.9999999999958706,0.31731050786391046,,False,1.0,False,False,True
TBS adaptive diffusion topology alpha=0.01 edge=0.001,N2905,L1334,0.005753817630603323,2,1,0.9999999999958706,0.31731050786391046,,False,1.0,False,False,True
TBS adaptive diffusion topology alpha=0.01 edge=0.001,N2906,L539,0.005773168905919928,2,1,0.999999999954545,0.31731050787390996,,False,1.0,False,False,True
TBS adaptive diffusion topology alpha=0.01 edge=0.001,N2906,L634,0.005773168905919928,2,1,0.999999999954545,0.31731050787390996,,False,1.0,False,False,True
TBS adaptive diffusion topology alpha=0.01 edge=0.001,N2907,L2208,0.005776617196426099,2,1,0.999999999999684,0.3173105078629877,,False,1.0,False,False,True
TBS adaptive diffusion topology alpha=0.01 edge=0.001,N2907,L2281,0.005776617196426099,2,1,0.999999999999684,0.3173105078629877,,False,1.0,False,False,True
TBS adaptive diffusion topology alpha=0.01 edge=0.001,N2908,L2459,0.005779520530469712,2,1,0.9999999999999807,0.3173105078629159,,False,1.0,False,False,True
TBS adaptive diffusion topology alpha=0.01 edge=0.001,N2908,L2483,0.005779520530469712,2,1,0.9999999999999807,0.3173105078629159,,False,1.0,False,False,True
TBS adaptive diffusion topology alpha=0.01 edge=0.001,N2909,L1099,0.005786231208995782,3,1,1.9999999999981337,0.3678794411717856,,False,2.0,False,False,True
TBS adaptive diffusion topology alpha=0.01 edge=0.001,N2909,N2811,0.0007188312690992836,3,2,1.999999999964026,0.36787944117805943,,False,2.0,False,False,True
TBS adaptive diffusion topology alpha=0.01 edge=0.001,N2910,L1624,0.0058022244106624345,2,1,0.9999999999971227,0.3173105078636074,,False,1.0,False,False,True
TBS adaptive diffusion topology alpha=0.01 edge=0.001,N2910,L1649,0.0058022244106624345,2,1,0.9999999999971227,0.3173105078636074,,False,1.0,False,False,True
TBS adaptive diffusion topology alpha=0.01 edge=0.001,N2911,L1701,0.005805729814178962,3,1,1.9999999999996625,0.3678794411715045,,False,2.0,False,False,True
TBS adaptive diffusion topology alpha=0.01 edge=0.001,N2911,N2755,0.0010966913198183128,3,2,1.9999999999951577,0.36787944117233307,,False,2.0,False,False,True
TBS adaptive diffusion topology alpha=0.01 edge=0.001,N2912,L1644,0.005809781124608158,2,1,0.9999999999983566,0.3173105078633089,,False,1.0,False,False,True
TBS adaptive diffusion topology alpha=0.01 edge=0.001,N2912,L1859,0.005809781124608158,2,1,0.9999999999983566,0.3173105078633089,,False,1.0,False,False,True
TBS adaptive diffusion topology alpha=0.01 edge=0.001,N2913,L337,0.0058321908684752614,2,1,0.9999999999998865,0.3173105078629387,,False,1.0,False,False,True
TBS adaptive diffusion topology alpha=0.01 edge=0.001,N2913,L356,0.0058321908684752614,2,1,0.9999999999998865,0.3173105078629387,,False,1.0,False,False,True
TBS adaptive diffusion topology alpha=0.01 edge=0.001,N2914,L1467,0.005833357485768964,2,1,0.9999999999986111,0.3173105078632473,,False,1.0,False,False,True
TBS adaptive diffusion topology alpha=0.01 edge=0.001,N2914,L1560,0.005833357485768964,2,1,0.9999999999986111,0.3173105078632473,,False,1.0,False,False,True
TBS adaptive diffusion topology alpha=0.01 edge=0.001,N2915,L205,0.005836159630240882,2,1,0.999999999999563,0.317310507863017,,False,1.0,False,False,True
TBS adaptive diffusion topology alpha=0.01 edge=0.001,N2915,L351,0.005836159630240882,2,1,0.999999999999563,0.317310507863017,,False,1.0,False,False,True
TBS adaptive diffusion topology alpha=0.01 edge=0.001,N2916,L1629,0.005850915998591743,2,1,0.999999999998981,0.3173105078631578,,False,1.0,False,False,True
TBS adaptive diffusion topology alpha=0.01 edge=0.001,N2916,L1997,0.005850915998591743,2,1,0.999999999998981,0.3173105078631578,,False,1.0,False,False,True
TBS adaptive diffusion topology alpha=0.01 edge=0.001,N2917,L1616,0.0058557012614576095,2,1,0.9999999999998026,0.317310507862959,,False,1.0,False,False,True
TBS adaptive diffusion topology alpha=0.01 edge=0.001,N2917,L1908,0.0058557012614576095,2,1,0.9999999999998026,0.317310507862959,,False,1.0,False,False,True
TBS adaptive diffusion topology alpha=0.01 edge=0.001,N2918,L30,0.005859043629243539,2,1,0.9999999999790068,0.317310507867991,,False,1.0,False,False,True
TBS adaptive diffusion topology alpha=0.01 edge=0.001,N2918,L312,0.005859043629243539,2,1,0.9999999999790068,0.317310507867991,,False,1.0,False,False,True
TBS adaptive diffusion topology alpha=0.01 edge=0.001,N2919,L2467,0.005876401184311345,2,1,0.999999999999738,0.31731050786297466,,False,1.0,False,False,True
TBS adaptive diffusion topology alpha=0.01 edge=0.001,N2919,L2488,0.005876401184311345,2,1,0.999999999999738,0.31731050786297466,,False,1.0,False,False,True
TBS adaptive diffusion topology alpha=0.01 edge=0.001,N2920,L220,0.00588223496313732,4,1,2.9999999999996674,0.39162517627114035,,False,3.0,False,False,True
TBS adaptive diffusion topology alpha=0.01 edge=0.001,N2920,N2748,0.0012516916853323704,4,3,2.9999999999446145,0.39162517627962834,,False,3.0,False,False,True
TBS adaptive diffusion topology alpha=0.01 edge=0.001,N2921,L626,0.005914304913948677,2,1,0.9999999999997264,0.3173105078629775,,False,1.0,False,False,True
TBS adaptive diffusion topology alpha=0.01 edge=0.001,N2921,L647,0.005914304913948677,2,1,0.9999999999997264,0.3173105078629775,,False,1.0,False,False,True
TBS adaptive diffusion topology alpha=0.01 edge=0.001,N2922,L364,0.005919557144491999,3,1,1.9999999999992895,0.3678794411715731,,False,2.0,False,False,True
TBS adaptive diffusion topology alpha=0.01 edge=0.001,N2922,N2672,0.0020951830701841797,3,2,1.999999999991945,0.367879441172924,,False,2.0,False,False,True
TBS adaptive diffusion topology alpha=0.01 edge=0.001,N2923,L2296,0.0059296186139248365,2,1,0.9999999999995752,0.317310507863014,,False,1.0,False,False,True
TBS adaptive diffusion topology alpha=0.01 edge=0.001,N2923,L2316,0.0059296186139248365,2,1,0.9999999999995752,0.317310507863014,,False,1.0,False,False,True
TBS adaptive diffusion topology alpha=0.01 edge=0.001,N2924,L413,0.005938390475533824,2,1,0.9999999999563871,0.3173105078734643,,False,1.0,False,False,True
TBS adaptive diffusion topology alpha=0.01 edge=0.001,N2924,L637,0.005938390475533824,2,1,0.9999999999563871,0.3173105078734643,,False,1.0,False,False,True
TBS adaptive diffusion topology alpha=0.01 edge=0.001,N2925,L886,0.005942048858211655,3,1,1.999999999999494,0.3678794411715354,,False,2.0,False,False,True
TBS adaptive diffusion topology alpha=0.01 edge=0.001,N2925,N2844,0.0006319858054539748,3,2,1.999999999988013,0.3678794411736472,,False,2.0,False,False,True
TBS adaptive diffusion topology alpha=0.01 edge=0.001,N2926,L118,0.005952368649884066,3,1,1.9999999999999012,0.36787944117146054,,False,2.0,False,False,True
TBS adaptive diffusion topology alpha=0.01 edge=0.001,N2926,N2540,0.0039578156262484844,3,2,1.9999999999982965,0.36787944117175575,,False,2.0,False,False,True
TBS adaptive diffusion topology alpha=0.01 edge=0.001,N2927,L760,0.0059627564121140664,2,1,0.9999999999997657,0.31731050786296794,,False,1.0,False,False,True
TBS adaptive diffusion topology alpha=0.01 edge=0.001,N2927,L835,0.0059627564121140664,2,1,0.9999999999997657,0.31731050786296794,,False,1.0,False,False,True
TBS adaptive diffusion topology alpha=0.01 edge=0.001,N2928,L272,0.005972164015546993,2,1,0.9999999999995868,0.31731050786301124,,False,1.0,False,False,True
TBS adaptive diffusion topology alpha=0.01 edge=0.001,N2928,L1289,0.005972164015546993,2,1,0.9999999999995868,0.31731050786301124,,False,1.0,False,False,True
TBS adaptive diffusion topology alpha=0.01 edge=0.001,N2929,L1512,0.005975160545342011,3,1,1.999999999996649,0.3678794411720587,,False,2.0,False,False,True
TBS adaptive diffusion topology alpha=0.01 edge=0.001,N2929,N2682,0.0020424929342141725,3,2,1.9999999998862021,0.3678794411923743,,False,2.0,False,False,True
TBS adaptive diffusion topology alpha=0.01 edge=0.001,N2930,L4,0.005978147542144768,2,1,0.9999999999992855,0.3173105078630841,,False,1.0,False,False,True
TBS adaptive diffusion topology alpha=0.01 edge=0.001,N2930,L241,0.005978147542144768,2,1,0.9999999999992855,0.3173105078630841,,False,1.0,False,False,True
TBS adaptive diffusion topology alpha=0.01 edge=0.001,N2931,L774,0.005981647783140423,2,1,0.9999999999976223,0.3173105078634866,,False,1.0,False,False,True
TBS adaptive diffusion topology alpha=0.01 edge=0.001,N2931,L847,0.005981647783140423,2,1,0.9999999999976223,0.3173105078634866,,False,1.0,False,False,True
TBS adaptive diffusion topology alpha=0.01 edge=0.001,N2932,L934,0.005992865268556247,2,1,0.9999999999998284,0.3173105078629528,,False,1.0,False,False,True
TBS adaptive diffusion topology alpha=0.01 edge=0.001,N2932,L1310,0.005992865268556247,2,1,0.9999999999998284,0.3173105078629528,,False,1.0,False,False,True
TBS adaptive diffusion topology alpha=0.01 edge=0.001,N2933,L784,0.005996431403407368,2,1,0.9999999999993503,0.3173105078630684,,False,1.0,False,False,True
TBS adaptive diffusion topology alpha=0.01 edge=0.001,N2933,L1035,0.005996431403407368,2,1,0.9999999999993503,0.3173105078630684,,False,1.0,False,False,True
TBS adaptive diffusion topology alpha=0.01 edge=0.001,N2934,L1610,0.006009270041083698,2,1,0.999999999999929,0.3173105078629284,,False,1.0,False,False,True
TBS adaptive diffusion topology alpha=0.01 edge=0.001,N2934,L1874,0.006009270041083698,2,1,0.999999999999929,0.3173105078629284,,False,1.0,False,False,True
TBS adaptive diffusion topology alpha=0.01 edge=0.001,N2935,L997,0.006018589568802204,3,1,1.9999999999961822,0.36787944117214455,,False,2.0,False,False,True
TBS adaptive diffusion topology alpha=0.01 edge=0.001,N2935,N2810,0.0009713833412799726,3,2,1.9999999998620397,0.36787944119681876,,False,2.0,False,False,True
TBS adaptive diffusion topology alpha=0.01 edge=0.001,N2936,L2084,0.006027754673885717,2,1,0.9999999999997409,0.31731050786297393,,False,1.0,False,False,True
TBS adaptive diffusion topology alpha=0.01 edge=0.001,N2936,L2095,0.006027754673885717,2,1,0.9999999999997409,0.31731050786297393,,False,1.0,False,False,True
TBS adaptive diffusion topology alpha=0.01 edge=0.001,N2937,L2415,0.006037146944948162,2,1,0.9999999999998728,0.317310507862942,,False,1.0,False,False,True
TBS adaptive diffusion topology alpha=0.01 edge=0.001,N2937,L2423,0.006037146944948162,2,1,0.9999999999998728,0.317310507862942,,False,1.0,False,False,True
TBS adaptive diffusion topology alpha=0.01 edge=0.001,N2938,L920,0.0060388335888155,2,1,0.9999999999998355,0.317310507862951,,False,1.0,False,False,True
TBS adaptive diffusion topology alpha=0.01 edge=0.001,N2938,L1044,0.0060388335888155,2,1,0.9999999999998355,0.317310507862951,,False,1.0,False,False,True
TBS adaptive diffusion topology alpha=0.01 edge=0.001,N2939,L1793,0.006045672452201385,2,1,0.9999999999999578,0.3173105078629214,,False,1.0,False,False,True
TBS adaptive diffusion topology alpha=0.01 edge=0.001,N2939,L1916,0.006045672452201385,2,1,0.9999999999999578,0.3173105078629214,,False,1.0,False,False,True
TBS adaptive diffusion topology alpha=0.01 edge=0.001,N2940,L216,0.006051113245773481,2,1,0.9999999999997711,0.3173105078629666,,False,1.0,False,False,True
TBS adaptive diffusion topology alpha=0.01 edge=0.001,N2940,L1237,0.006051113245773481,2,1,0.9999999999997711,0.3173105078629666,,False,1.0,False,False,True
TBS adaptive diffusion topology alpha=0.01 edge=0.001,N2941,L170,0.006059377334173049,2,1,0.9999999959322765,0.3173105088471812,,False,1.0,False,False,True
TBS adaptive diffusion topology alpha=0.01 edge=0.001,N2941,L339,0.006059377334173049,2,1,0.9999999959322765,0.3173105088471812,,False,1.0,False,False,True
TBS adaptive diffusion topology alpha=0.01 edge=0.001,N2942,L1421,0.006061160255950746,2,1,0.9999999999999281,0.3173105078629286,,False,1.0,False,False,True
TBS adaptive diffusion topology alpha=0.01 edge=0.001,N2942,L1566,0.006061160255950746,2,1,0.9999999999999281,0.3173105078629286,,False,1.0,False,False,True
TBS adaptive diffusion topology alpha=0.01 edge=0.001,N2943,L2135,0.006075550618820625,2,1,0.9999999999410358,0.3173105078771788,,False,1.0,False,False,True
TBS adaptive diffusion topology alpha=0.01 edge=0.001,N2943,L2353,0.006075550618820625,2,1,0.9999999999410358,0.3173105078771788,,False,1.0,False,False,True
TBS adaptive diffusion topology alpha=0.01 edge=0.001,N2944,L906,0.006086289944059931,3,1,1.999999999992688,0.3678794411727872,,False,2.0,False,False,True
TBS adaptive diffusion topology alpha=0.01 edge=0.001,N2944,N2877,0.0005826356708505137,3,2,1.9999999997064029,0.3678794412254466,,False,2.0,False,False,True
TBS adaptive diffusion topology alpha=0.01 edge=0.001,N2945,L1541,0.006088602510552755,3,1,1.9999999999991984,0.3678794411715898,,False,2.0,False,False,True
TBS adaptive diffusion topology alpha=0.01 edge=0.001,N2945,N2686,0.002112698418731166,3,2,1.9999999999804257,0.3678794411750428,,False,2.0,False,False,True
TBS adaptive diffusion topology alpha=0.01 edge=0.001,N2946,L1257,0.006096506172927781,4,1,2.999999999911577,0.39162517628472227,,False,3.0,False,False,True
TBS adaptive diffusion topology alpha=0.01 edge=0.001,N2946,N2743,0.001529659168377656,4,3,2.999999977610738,0.39162517972307287,,False,3.0,False,False,True
TBS adaptive diffusion topology alpha=0.01 edge=0.001,N2947,L1443,0.006121510112257427,2,1,0.9999999999999614,0.31731050786292053,,False,1.0,False,False,True
TBS adaptive diffusion topology alpha=0.01 edge=0.001,N2947,L1588,0.006121510112257427,2,1,0.9999999999999614,0.31731050786292053,,False,1.0,False,False,True
TBS adaptive diffusion topology alpha=0.01 edge=0.001,N2948,L1840,0.006158359753975097,2,1,0.9999999999508107,0.3173105078748136,,False,1.0,False,False,True
TBS adaptive diffusion topology alpha=0.01 edge=0.001,N2948,L1994,0.006158359753975097,2,1,0.9999999999508107,0.3173105078748136,,False,1.0,False,False,True
TBS adaptive diffusion topology alpha=0.01 edge=0.001,N2949,L1812,0.006161376192882658,2,1,0.9999999999997002,0.31731050786298376,,False,1.0,False,False,True
TBS adaptive diffusion topology alpha=0.01 edge=0.001,N2949,L1854,0.006161376192882658,2,1,0.9999999999997002,0.31731050786298376,,False,1.0,False,False,True
TBS adaptive diffusion topology alpha=0.01 edge=0.001,N2950,L685,0.006162296242363898,2,1,0.9999999999993996,0.3173105078630565,,False,1.0,False,False,True
TBS adaptive diffusion topology alpha=0.01 edge=0.001,N2950,L700,0.006162296242363898,2,1,0.9999999999993996,0.3173105078630565,,False,1.0,False,False,True
TBS adaptive diffusion topology alpha=0.01 edge=0.001,N2951,L743,0.00616238961833015,3,1,1.9999999999983264,0.36787944117175025,,False,2.0,False,False,True
TBS adaptive diffusion topology alpha=0.01 edge=0.001,N2951,N2879,0.0006421498662173916,3,2,1.9999999999580962,0.36787944117915017,,False,2.0,False,False,True
TBS adaptive diffusion topology alpha=0.01 edge=0.001,N2952,L1670,0.0061626671681993045,4,1,2.9999999999986797,0.39162517627129245,,False,3.0,False,False,True
TBS adaptive diffusion topology alpha=0.01 edge=0.001,N2952,N2775,0.001333068567749195,4,3,2.9999999998763127,0.39162517629015914,,False,3.0,False,False,True
TBS adaptive diffusion topology alpha=0.01 edge=0.001,N2953,L823,0.006171204421265098,3,1,1.999999999999824,0.3678794411714748,,False,2.0,False,False,True
TBS adaptive diffusion topology alpha=0.01 edge=0.001,N2953,N2852,0.0008366947440327191,3,2,1.9999999999985387,0.3678794411717112,,False,2.0,False,False,True
TBS adaptive diffusion topology alpha=0.01 edge=0.001,N2954,L549,0.00617349598087698,2,1,0.9999999999998261,0.3173105078629533,,False,1.0,False,False,True
TBS adaptive diffusion topology alpha=0.01 edge=0.001,N2954,L1430,0.00617349598087698,2,1,0.9999999999998261,0.3173105078629533,,False,1.0,False,False,True
TBS adaptive diffusion topology alpha=0.01 edge=0.001,N2955,L213,0.006175475380639939,2,1,0.999999999999984,0.31731050786291515,,False,1.0,False,False,True
TBS adaptive diffusion topology alpha=0.01 edge=0.001,N2955,L1302,0.006175475380639939,2,1,0.999999999999984,0.31731050786291515,,False,1.0,False,False,True
TBS adaptive diffusion topology alpha=0.01 edge=0.001,N2956,L313,0.006183967588342776,5,1,3.9999999927190713,0.4060058506952048,,False,4.0,False,False,True
TBS adaptive diffusion topology alpha=0.01 edge=0.001,N2956,N2792,0.0012482668121557123,5,4,3.9999937044485208,0.4060067017207514,,False,4.0,False,False,True
TBS adaptive diffusion topology alpha=0.01 edge=0.001,N2957,L773,0.006186012504187671,2,1,0.9999999999994444,0.31731050786304565,,False,1.0,False,False,True
TBS adaptive diffusion topology alpha=0.01 edge=0.001,N2957,L1268,0.006186012504187671,2,1,0.9999999999994444,0.31731050786304565,,False,1.0,False,False,True
TBS adaptive diffusion topology alpha=0.01 edge=0.001,N2958,L745,0.006187027549194745,2,1,0.9999999999903446,0.3173105078652475,,False,1.0,False,False,True
TBS adaptive diffusion topology alpha=0.01 edge=0.001,N2958,L1131,0.006187027549194745,2,1,0.9999999999903446,0.3173105078652475,,False,1.0,False,False,True
TBS adaptive diffusion topology alpha=0.01 edge=0.001,N2959,L103,0.00618725203170671,2,1,0.9999999999998403,0.31731050786294984,,False,1.0,False,False,True
TBS adaptive diffusion topology alpha=0.01 edge=0.001,N2959,L1596,0.00618725203170671,2,1,0.9999999999998403,0.31731050786294984,,False,1.0,False,False,True
TBS adaptive diffusion topology alpha=0.01 edge=0.001,N2960,L291,0.00618840650685824,3,1,1.999999999998784,0.3678794411716661,,False,2.0,False,False,True
TBS adaptive diffusion topology alpha=0.01 edge=0.001,N2960,N2731,0.0018287942162049738,3,2,1.999999999974179,0.36787944117619187,,False,2.0,False,False,True
TBS adaptive diffusion topology alpha=0.01 edge=0.001,N2961,L656,0.00619399583260211,3,1,1.9999999999990623,0.36787944117161486,,False,2.0,False,False,True
TBS adaptive diffusion topology alpha=0.01 edge=0.001,N2961,N2780,0.0013405715434748212,3,2,1.9999999999718572,0.36787944117661897,,False,2.0,False,False,True
TBS adaptive diffusion topology alpha=0.01 edge=0.001,N2962,L1801,0.006196459124430119,3,1,1.9999999999988167,0.3678794411716601,,False,2.0,False,False,True
TBS adaptive diffusion topology alpha=0.01 edge=0.001,N2962,N2881,0.0006669449285520711,3,2,1.9999999999763909,0.367879441175785,,False,2.0,False,False,True
TBS adaptive diffusion topology alpha=0.01 edge=0.001,N2963,L567,0.006209749412537398,3,1,1.9999999999989924,0.3678794411716277,,False,2.0,False,False,True
TBS adaptive diffusion topology alpha=0.01 edge=0.001,N2963,N2685,0.002252627690065799,3,2,1.9999999999653104,0.3678794411778232,,False,2.0,False,False,True
TBS adaptive diffusion topology alpha=0.01 edge=0.001,N2964,L1329,0.0062144697426091446,2,1,0.9999999999990858,0.3173105078631324,,False,1.0,False,False,True
TBS adaptive diffusion topology alpha=0.01 edge=0.001,N2964,L1356,0.0062144697426091446,2,1,0.9999999999990858,0.3173105078631324,,False,1.0,False,False,True
TBS adaptive diffusion topology alpha=0.01 edge=0.001,N2965,L1679,0.006225105028673701,2,1,0.9999999999999276,0.3173105078629287,,False,1.0,False,False,True
TBS adaptive diffusion topology alpha=0.01 edge=0.001,N2965,L1770,0.006225105028673701,2,1,0.9999999999999276,0.3173105078629287,,False,1.0,False,False,True
TBS adaptive diffusion topology alpha=0.01 edge=0.001,N2966,L852,0.0062345480909354505,2,1,0.9999999999857798,0.31731050786635207,,False,1.0,False,False,True
TBS adaptive diffusion topology alpha=0.01 edge=0.001,N2966,L1215,0.0062345480909354505,2,1,0.9999999999857798,0.31731050786635207,,False,1.0,False,False,True
TBS adaptive diffusion topology alpha=0.01 edge=0.001,N2967,L1095,0.006246583771028846,3,1,1.9999999999987959,0.36787944117166393,,False,2.0,False,False,True
TBS adaptive diffusion topology alpha=0.01 edge=0.001,N2967,N2651,0.002600534681744621,3,2,1.9999999999704983,0.3678794411768689,,False,2.0,False,False,True
TBS adaptive diffusion topology alpha=0.01 edge=0.001,N2968,L269,0.006248747497123879,2,1,0.9999999999997868,0.31731050786296283,,False,1.0,False,False,True
TBS adaptive diffusion topology alpha=0.01 edge=0.001,N2968,L467,0.006248747497123879,2,1,0.9999999999997868,0.31731050786296283,,False,1.0,False,False,True
TBS adaptive diffusion topology alpha=0.01 edge=0.001,N2969,N2534,0.0045010923537374846,5,2,3.999999999989797,0.4060058497112192,,False,4.0,False,False,True
TBS adaptive diffusion topology alpha=0.01 edge=0.001,N2969,N2752,0.0016034890935176164,5,3,3.99999999995867,0.40600584971543185,,False,4.0,False,False,True
TBS adaptive diffusion topology alpha=0.01 edge=0.001,N2970,N2577,0.0035883307811216737,4,2,2.9999999999956266,0.3916251762717632,,False,3.0,False,False,True
TBS adaptive diffusion topology alpha=0.01 edge=0.001,N2970,N2590,0.0034228547561532302,4,2,2.9999999999956266,0.3916251762717632,,False,3.0,False,False,True
TBS adaptive diffusion topology alpha=0.01 edge=0.001,N2971,L2193,0.006336662281575428,2,1,0.9999999999997427,0.3173105078629735,,False,1.0,False,False,True
TBS adaptive diffusion topology alpha=0.01 edge=0.001,N2971,L2205,0.006336662281575428,2,1,0.9999999999997427,0.3173105078629735,,False,1.0,False,False,True
TBS adaptive diffusion topology alpha=0.01 edge=0.001,N2972,L1508,0.006343113398337613,3,1,1.9999999999989249,0.3678794411716402,,False,2.0,False,False,True
TBS adaptive diffusion topology alpha=0.01 edge=0.001,N2972,N2705,0.0021909406715421263,3,2,1.9999999999680913,0.3678794411773117,,False,2.0,False,False,True
TBS adaptive diffusion topology alpha=0.01 edge=0.001,N2973,N2582,0.00360244515534506,5,2,3.999999999992288,0.4060058497108818,,False,4.0,False,False,True
TBS adaptive diffusion topology alpha=0.01 edge=0.001,N2973,N2723,0.0020597370270863547,5,3,3.9999999999736056,0.40600584971341014,,False,4.0,False,False,True
TBS adaptive diffusion topology alpha=0.01 edge=0.001,N2974,L144,0.006362882551110877,3,1,1.9999999999995683,0.3678794411715219,,False,2.0,False,False,True
TBS adaptive diffusion topology alpha=0.01 edge=0.001,N2974,N2773,0.001553134147308377,3,2,1.9999999999889786,0.36787944117346966,,False,2.0,False,False,True
TBS adaptive diffusion topology alpha=0.01 edge=0.001,N2975,N2564,0.0038713353474237057,4,2,2.999999999972106,0.3916251762753895,,False,3.0,False,False,True
TBS adaptive diffusion topology alpha=0.01 edge=0.001,N2975,N2702,0.0022425037199351894,4,2,2.999999999972106,0.3916251762753895,,False,3.0,False,False,True
TBS adaptive diffusion topology alpha=0.01 edge=0.001,N2976,L1940,0.006372358816853595,3,1,1.9999999999997657,0.36787944117148547,,False,2.0,False,False,True
TBS adaptive diffusion topology alpha=0.01 edge=0.001,N2976,N2543,0.004323011102339808,3,2,1.999999999997129,0.36787944117197047,,False,2.0,False,False,True
TBS adaptive diffusion topology alpha=0.01 edge=0.001,N2977,L768,0.00638978031929722,2,1,0.9999999999964653,0.3173105078637665,,False,1.0,False,False,True
TBS adaptive diffusion topology alpha=0.01 edge=0.001,N2977,L1187,0.00638978031929722,2,1,0.9999999999964653,0.3173105078637665,,False,1.0,False,False,True
TBS adaptive diffusion topology alpha=0.01 edge=0.001,N2978,L2042,0.006393164970980972,2,1,0.9999999999995006,0.31731050786303205,,False,1.0,False,False,True
TBS adaptive diffusion topology alpha=0.01 edge=0.001,N2978,L2077,0.006393164970980972,2,1,0.9999999999995006,0.31731050786303205,,False,1.0,False,False,True
TBS adaptive diffusion topology alpha=0.01 edge=0.001,N2979,L919,0.006419118710286839,2,1,0.9999999999988263,0.3173105078631952,,False,1.0,False,False,True
TBS adaptive diffusion topology alpha=0.01 edge=0.001,N2979,L1245,0.006419118710286839,2,1,0.9999999999988263,0.3173105078631952,,False,1.0,False,False,True
TBS adaptive diffusion topology alpha=0.01 edge=0.001,N2980,L569,0.006434527611318491,4,1,2.999999999998887,0.39162517627126037,,False,3.0,False,False,True
TBS adaptive diffusion topology alpha=0.01 edge=0.001,N2980,N2787,0.0015277946916852389,4,3,2.999999999846037,0.39162517629482696,,False,3.0,False,False,True
TBS adaptive diffusion topology alpha=0.01 edge=0.001,N2981,L1442,0.006447754778690664,3,1,1.9999999999979439,0.3678794411718205,,False,2.0,False,False,True
TBS adaptive diffusion topology alpha=0.01 edge=0.001,N2981,N2549,0.004229591989219786,3,2,1.9999999999534048,0.36787944118001303,,False,2.0,False,False,True
TBS adaptive diffusion topology alpha=0.01 edge=0.001,N2982,L122,0.006469269809328206,2,1,0.999999999999776,0.31731050786296544,,False,1.0,False,False,True
TBS adaptive diffusion topology alpha=0.01 edge=0.001,N2982,L141,0.006469269809328206,2,1,0.999999999999776,0.31731050786296544,,False,1.0,False,False,True
TBS adaptive diffusion topology alpha=0.01 edge=0.001,N2983,L2365,0.006476078022856311,2,1,0.9999999999998059,0.31731050786295817,,False,1.0,False,False,True
TBS adaptive diffusion topology alpha=0.01 edge=0.001,N2983,L2380,0.006476078022856311,2,1,0.9999999999998059,0.31731050786295817,,False,1.0,False,False,True
TBS adaptive diffusion topology alpha=0.01 edge=0.001,N2984,L1851,0.006477024991192688,2,1,0.9999999999996954,0.3173105078629849,,False,1.0,False,False,True
TBS adaptive diffusion topology alpha=0.01 edge=0.001,N2984,L2003,0.006477024991192688,2,1,0.9999999999996954,0.3173105078629849,,False,1.0,False,False,True
TBS adaptive diffusion topology alpha=0.01 edge=0.001,N2985,L325,0.006505281125296384,2,1,0.9999999999984774,0.3173105078632797,,False,1.0,False,False,True
TBS adaptive diffusion topology alpha=0.01 edge=0.001,N2985,L1233,0.006505281125296384,2,1,0.9999999999984774,0.3173105078632797,,False,1.0,False,False,True
TBS adaptive diffusion topology alpha=0.01 edge=0.001,N2986,L1345,0.006508871795348673,3,1,1.9999999999995217,0.3678794411715304,,False,2.0,False,False,True
TBS adaptive diffusion topology alpha=0.01 edge=0.001,N2986,N2521,0.005061178365467856,3,2,1.999999999990246,0.3678794411732365,,False,2.0,False,False,True
TBS adaptive diffusion topology alpha=0.01 edge=0.001,N2987,L323,0.006510329914838853,3,1,1.9999999999986577,0.36787944117168914,,False,2.0,False,False,True
TBS adaptive diffusion topology alpha=0.01 edge=0.001,N2987,N2704,0.00236779435392019,3,2,1.9999999999511284,0.36787944118043175,,False,2.0,False,False,True
TBS adaptive diffusion topology alpha=0.01 edge=0.001,N2988,N2583,0.0037627775266357772,4,2,2.9999999999864437,0.39162517627317917,,False,3.0,False,False,True
TBS adaptive diffusion topology alpha=0.01 edge=0.001,N2988,N2688,0.0025391053709371727,4,2,2.9999999999864437,0.39162517627317917,,False,3.0,False,False,True
TBS adaptive diffusion topology alpha=0.01 edge=0.001,N2989,L799,0.0065270284003790605,3,1,1.9999999999995988,0.36787944117151616,,False,2.0,False,False,True
TBS adaptive diffusion topology alpha=0.01 edge=0.001,N2989,N2783,0.001653735428516395,3,2,1.9999999999953866,0.36787944117229093,,False,2.0,False,False,True
TBS adaptive diffusion topology alpha=0.01 edge=0.001,N2990,L2178,0.006534910252813336,3,1,1.9999999999999796,0.3678794411714461,,False,2.0,False,False,True
TBS adaptive diffusion topology alpha=0.01 edge=0.001,N2990,N2531,0.0049106080167511,3,2,1.9999999999997475,0.36787944117148874,,False,2.0,False,False,True
TBS adaptive diffusion topology alpha=0.01 edge=0.001,N2991,L663,0.006552850971496424,2,1,0.9999999998110014,0.31731050790864335,,False,1.0,False,False,True
TBS adaptive diffusion topology alpha=0.01 edge=0.001,N2991,L1595,0.006552850971496424,2,1,0.9999999998110014,0.31731050790864335,,False,1.0,False,False,True
TBS adaptive diffusion topology alpha=0.01 edge=0.001,N2992,L1315,0.006563082443316838,5,1,3.9999999999989324,0.40600584970998277,,False,4.0,False,False,True
TBS adaptive diffusion topology alpha=0.01 edge=0.001,N2992,N2876,0.001062096102785795,5,4,3.9999999999097433,0.4060058497220531,,False,4.0,False,False,True
TBS adaptive diffusion topology alpha=0.01 edge=0.001,N2993,L182,0.00658215068862841,2,1,0.9999999999989686,0.3173105078631608,,False,1.0,False,False,True
TBS adaptive diffusion topology alpha=0.01 edge=0.001,N2993,L1238,0.00658215068862841,2,1,0.9999999999989686,0.3173105078631608,,False,1.0,False,False,True
TBS adaptive diffusion topology alpha=0.01 edge=0.001,N2994,L620,0.006593393797538504,4,1,2.9999999999991886,0.39162517627121407,,False,3.0,False,False,True
TBS adaptive diffusion topology alpha=0.01 edge=0.001,N2994,N2793,0.0016493977461944228,4,3,2.999999999908849,0.3916251762851426,,False,3.0,False,False,True
TBS adaptive diffusion topology alpha=0.01 edge=0.001,N2995,L173,0.006595681949359196,2,1,0.9999999999999594,0.3173105078629211,,False,1.0,False,False,True
TBS adaptive diffusion topology alpha=0.01 edge=0.001,N2995,L443,0.006595681949359196,2,1,0.9999999999999594,0.3173105078629211,,False,1.0,False,False,True
TBS adaptive diffusion topology alpha=0.01 edge=0.001,N2996,L1882,0.0065987086152322775,4,1,2.999999999997364,0.3916251762714954,,False,3.0,False,False,True
TBS adaptive diffusion topology alpha=0.01 edge=0.001,N2996,N2816,0.0014998906815761285,4,3,2.999999999775497,0.3916251763057028,,False,3.0,False,False,True
TBS adaptive diffusion topology alpha=0.01 edge=0.001,N2997,L2014,0.006618844053913768,2,1,0.9999999999984408,0.31731050786328846,,False,1.0,False,False,True
TBS adaptive diffusion topology alpha=0.01 edge=0.001,N2997,L2017,0.006618844053913768,2,1,0.9999999999984408,0.31731050786328846,,False,1.0,False,False,True
TBS adaptive diffusion topology alpha=0.01 edge=0.001,N2998,L51,0.006625056477953485,6,1,4.999999999989899,0.4158801869967409,,False,5.0,False,False,True
TBS adaptive diffusion topology alpha=0.01 edge=0.001,N2998,N2871,0.0012021622735161172,6,5,4.999999986618198,0.4158801886286432,,False,5.0,False,False,True
TBS adaptive diffusion topology alpha=0.01 edge=0.001,N2999,L574,0.006644667828177158,2,1,0.999999999999692,0.3173105078629858,,False,1.0,False,False,True
TBS adaptive diffusion topology alpha=0.01 edge=0.001,N2999,L1591,0.006644667828177158,2,1,0.999999999999692,0.3173105078629858,,False,1.0,False,False,True
TBS adaptive diffusion topology alpha=0.01 edge=0.001,N3000,N2539,0.004699261149261648,5,2,3.9999999999891056,0.4060058497113126,,False,4.0,False,False,True
TBS adaptive diffusion topology alpha=0.01 edge=0.001,N3000,N2976,0.00027552468080027117,5,3,3.9999999999572626,0.40600584971562215,,False,4.0,False,False,True
TBS adaptive diffusion topology alpha=0.01 edge=0.001,N3001,L699,0.006652423381023835,2,1,0.999999999410609,0.31731050800552657,,False,1.0,False,False,True
TBS adaptive diffusion topology alpha=0.01 edge=0.001,N3001,L1032,0.006652423381023835,2,1,0.999999999410609,0.31731050800552657,,False,1.0,False,False,True
TBS adaptive diffusion topology alpha=0.01 edge=0.001,N3002,L1662,0.006653942219209299,7,1,5.999999999994415,0.4231900811274695,,False,6.0,False,False,True
TBS adaptive diffusion topology alpha=0.01 edge=0.001,N3002,N2818,0.0015428489860774442,7,6,5.999999994604236,0.4231900817312819,,False,6.0,False,False,True
TBS adaptive diffusion topology alpha=0.01 edge=0.001,N3003,L1561,0.0066734504483844815,3,1,1.9999999998259181,0.36787944120346294,,False,2.0,False,False,True
TBS adaptive diffusion topology alpha=0.01 edge=0.001,N3003,N2722,0.002391962541919871,3,2,1.9999999927711092,0.3678794425011225,,False,2.0,False,False,True
TBS adaptive diffusion topology alpha=0.01 edge=0.001,N3004,L2460,0.006677419386411492,3,1,1.9999999999996771,0.3678794411715017,,False,2.0,False,False,True
TBS adaptive diffusion topology alpha=0.01 edge=0.001,N3004,N2730,0.0023182268922735207,3,2,1.9999999999936642,0.3678794411726078,,False,2.0,False,False,True
TBS adaptive diffusion topology alpha=0.01 edge=0.001,N3005,L2496,0.006712701762999238,2,1,0.9999999999996239,0.3173105078630022,,False,1.0,False,False,True
TBS adaptive diffusion topology alpha=0.01 edge=0.001,N3005,L2497,0.006712701762999238,2,1,0.9999999999996239,0.3173105078630022,,False,1.0,False,False,True
TBS adaptive diffusion topology alpha=0.01 edge=0.001,N3006,L1208,0.0067271730458308724,4,1,2.999999999999528,0.39162517627116167,,False,3.0,False,False,True
TBS adaptive diffusion topology alpha=0.01 edge=0.001,N3006,N2706,0.0025549310101643215,4,3,2.999999999976878,0.3916251762746539,,False,3.0,False,False,True
TBS adaptive diffusion topology alpha=0.01 edge=0.001,N3007,L2244,0.006736700018704915,2,1,0.999999999999801,0.31731050786295933,,False,1.0,False,False,True
TBS adaptive diffusion topology alpha=0.01 edge=0.001,N3007,L2246,0.006736700018704915,2,1,0.999999999999801,0.31731050786295933,,False,1.0,False,False,True
TBS adaptive diffusion topology alpha=0.01 edge=0.001,N3008,N2768,0.001955694599552643,4,2,2.9999999987535015,0.3916251764632742,,False,3.0,False,False,True
TBS adaptive diffusion topology alpha=0.01 edge=0.001,N3008,N2798,0.001745619638198663,4,2,2.9999999987535015,0.3916251764632742,,False,3.0,False,False,True
TBS adaptive diffusion topology alpha=0.01 edge=0.001,N3009,L1209,0.006757733621656206,3,1,1.999999999999496,0.3678794411715351,,False,2.0,False,False,True
TBS adaptive diffusion topology alpha=0.01 edge=0.001,N3009,N2732,0.002370766028678607,3,2,1.9999999999939924,0.3678794411725473,,False,2.0,False,False,True
TBS adaptive diffusion topology alpha=0.01 edge=0.001,N3010,L1078,0.006763165670994735,2,1,0.9999999999852922,0.3173105078664701,,False,1.0,False,False,True
TBS adaptive diffusion topology alpha=0.01 edge=0.001,N3010,L1308,0.006763165670994735,2,1,0.9999999999852922,0.3173105078664701,,False,1.0,False,False,True
TBS adaptive diffusion topology alpha=0.01 edge=0.001,N3011,L18,0.006780990849134246,2,1,0.9999999999792029,0.3173105078679435,,False,1.0,False,False,True
TBS adaptive diffusion topology alpha=0.01 edge=0.001,N3011,L166,0.006780990849134246,2,1,0.9999999999792029,0.3173105078679435,,False,1.0,False,False,True
TBS adaptive diffusion topology alpha=0.01 edge=0.001,N3012,L52,0.006781056559116151,3,1,1.9999999999967715,0.36787944117203614,,False,2.0,False,False,True
TBS adaptive diffusion topology alpha=0.01 edge=0.001,N3012,N2828,0.0016324870337049858,3,2,1.9999999998716904,0.36787944119504357,,False,2.0,False,False,True
TBS adaptive diffusion topology alpha=0.01 edge=0.001,N3013,L381,0.006793978238662113,2,1,0.9999999999996314,0.31731050786300047,,False,1.0,False,False,True
TBS adaptive diffusion topology alpha=0.01 edge=0.001,N3013,L390,0.006793978238662113,2,1,0.9999999999996314,0.31731050786300047,,False,1.0,False,False,True
TBS adaptive diffusion topology alpha=0.01 edge=0.001,N3014,L2200,0.00679633544789553,2,1,0.9999999999998397,0.31731050786295006,,False,1.0,False,False,True
TBS adaptive diffusion topology alpha=0.01 edge=0.001,N3014,L2283,0.00679633544789553,2,1,0.9999999999998397,0.31731050786295006,,False,1.0,False,False,True
TBS adaptive diffusion topology alpha=0.01 edge=0.001,N3015,N2631,0.0034272311575502153,4,2,2.999999999982159,0.3916251762738395,,False,3.0,False,False,True
TBS adaptive diffusion topology alpha=0.01 edge=0.001,N3015,N2821,0.0016786033868438973,4,2,2.999999999982159,0.3916251762738395,,False,3.0,False,False,True
TBS adaptive diffusion topology alpha=0.01 edge=0.001,N3016,L862,0.006820278627793907,2,1,0.9999999999980145,0.31731050786339166,,False,1.0,False,False,True
TBS adaptive diffusion topology alpha=0.01 edge=0.001,N3016,L1070,0.006820278627793907,2,1,0.9999999999980145,0.31731050786339166,,False,1.0,False,False,True
TBS adaptive diffusion topology alpha=0.01 edge=0.001,N3017,L244,0.00682123583430053,3,1,1.9999999999994311,0.3678794411715471,,False,2.0,False,False,True
TBS adaptive diffusion topology alpha=0.01 edge=0.001,N3017,N2777,0.0019763520246349033,3,2,1.9999999999863278,0.3678794411739571,,False,2.0,False,False,True
TBS adaptive diffusion topology alpha=0.01 edge=0.001,N3018,L193,0.006821318646527065,4,1,2.999999999998225,0.3916251762713626,,False,3.0,False,False,True
TBS adaptive diffusion topology alpha=0.01 edge=0.001,N3018,N2830,0.0016536276426135118,4,3,2.999999999683009,0.3916251763199625,,False,3.0,False,False,True
TBS adaptive diffusion topology alpha=0.01 edge=0.001,N3019,L1392,0.006828692111286351,2,1,0.9999999513560732,0.3173105196333178,,False,1.0,False,False,True
TBS adaptive diffusion topology alpha=0.01 edge=0.001,N3019,L1538,0.006828692111286351,2,1,0.9999999513560732,0.3173105196333178,,False,1.0,False,False,True
TBS adaptive diffusion topology alpha=0.01 edge=0.001,N3020,L737,0.0068294818959024756,3,1,1.9999999999991145,0.36787944117160526,,False,2.0,False,False,True
TBS adaptive diffusion topology alpha=0.01 edge=0.001,N3020,N2803,0.001816549009682917,3,2,1.99999999999145,0.367879441173015,,False,2.0,False,False,True
TBS adaptive diffusion topology alpha=0.01 edge=0.001,N3021,L385,0.006830927348125505,3,1,1.9999999999965419,0.3678794411720784,,False,2.0,False,False,True
TBS adaptive diffusion topology alpha=0.01 edge=0.001,N3021,N2615,0.003612048982563084,3,2,1.9999999998830988,0.36787944119294524,,False,2.0,False,False,True
TBS adaptive diffusion topology alpha=0.01 edge=0.001,N3022,L749,0.00683903319519874,2,1,0.9999999999989635,0.317310507863162,,False,1.0,False,False,True
TBS adaptive diffusion topology alpha=0.01 edge=0.001,N3022,L858,0.00683903319519874,2,1,0.9999999999989635,0.317310507863162,,False,1.0,False,False,True
TBS adaptive diffusion topology alpha=0.01 edge=0.001,N3023,L940,0.006856874469234124,2,1,0.9999999999996174,0.3173105078630038,,False,1.0,False,False,True
TBS adaptive diffusion topology alpha=0.01 edge=0.001,N3023,L1306,0.006856874469234124,2,1,0.9999999999996174,0.3173105078630038,,False,1.0,False,False,True
TBS adaptive diffusion topology alpha=0.01 edge=0.001,N3024,L2291,0.0068591970521438275,2,1,0.9999999999999565,0.31731050786292175,,False,1.0,False,False,True
TBS adaptive diffusion topology alpha=0.01 edge=0.001,N3024,L2388,0.0068591970521438275,2,1,0.9999999999999565,0.31731050786292175,,False,1.0,False,False,True
TBS adaptive diffusion topology alpha=0.01 edge=0.001,N3025,L311,0.0068605129952452135,3,1,1.9999999999990812,0.36787944117161137,,False,2.0,False,False,True
TBS adaptive diffusion topology alpha=0.01 edge=0.001,N3025,N2535,0.0050439366133554105,3,2,1.9999999999840825,0.3678794411743702,,False,2.0,False,False,True
TBS adaptive diffusion topology alpha=0.01 edge=0.001,N3026,L224,0.0068739644795520645,3,1,1.9999999999997462,0.3678794411714891,,False,2.0,False,False,True
TBS adaptive diffusion topology alpha=0.01 edge=0.001,N3026,N2528,0.005267751970040992,3,2,1.9999999999941576,0.36787944117251703,,False,2.0,False,False,True
TBS adaptive diffusion topology alpha=0.01 edge=0.001,N3027,L1218,0.006878599917387411,4,1,2.99999999999815,0.39162517627137416,,False,3.0,False,False,True
TBS adaptive diffusion topology alpha=0.01 edge=0.001,N3027,N2960,0.0006901934105291712,4,3,2.9999999999471343,0.3916251762792399,,False,3.0,False,False,True
TBS adaptive diffusion topology alpha=0.01 edge=0.001,N3028,L151,0.006891086034971446,3,1,1.9999999999952711,0.36787944117231214,,False,2.0,False,False,True
TBS adaptive diffusion topology alpha=0.01 edge=0.001,N3028,N2646,0.003318389500699844,3,2,1.9999999998117255,0.36787944120607347,,False,2.0,False,False,True
TBS adaptive diffusion topology alpha=0.01 edge=0.001,N3029,L528,0.0069154528762865345,3,1,1.9999999999950544,0.36787944117235205,,False,2.0,False,False,True
TBS adaptive diffusion topology alpha=0.01 edge=0.001,N3029,N2921,0.001001147962337858,3,2,1.9999999998088192,0.3678794412066081,,False,2.0,False,False,True
TBS adaptive diffusion topology alpha=0.01 edge=0.001,N3030,L717,0.006919932279433834,3,1,1.9999999999991156,0.36787944117160504,,False,2.0,False,False,True
TBS adaptive diffusion topology alpha=0.01 edge=0.001,N3030,N2567,0.004341341864438925,3,2,1.9999999999723634,0.3678794411765258,,False,2.0,False,False,True
TBS adaptive diffusion topology alpha=0.01 edge=0.001,N3031,L1528,0.006940920328722304,3,1,1.9999999999985456,0.3678794411717099,,False,2.0,False,False,True
TBS adaptive diffusion topology alpha=0.01 edge=0.001,N3031,N2726,0.0026071793659943813,3,2,1.9999999999599578,0.3678794411788077,,False,2.0,False,False,True
TBS adaptive diffusion topology alpha=0.01 edge=0.001,N3032,L1622,0.00694721299032265,2,1,0.999999999997234,0.31731050786358056,,False,1.0,False,False,True
TBS adaptive diffusion topology alpha=0.01 edge=0.001,N3032,L1976,0.00694721299032265,2,1,0.999999999997234,0.31731050786358056,,False,1.0,False,False,True
TBS adaptive diffusion topology alpha=0.01 edge=0.001,N3033,L1804,0.006948254128209199,4,1,2.9999999999983356,0.3916251762713455,,False,3.0,False,False,True
TBS adaptive diffusion topology alpha=0.01 edge=0.001,N3033,N2769,0.002161617999833635,4,3,2.999999999750571,0.39162517630954585,,False,3.0,False,False,True
TBS adaptive diffusion topology alpha=0.01 edge=0.001,N3034,L952,0.006951191504774244,2,1,0.9999999999990288,0.3173105078631462,,False,1.0,False,False,True
TBS adaptive diffusion topology alpha=0.01 edge=0.001,N3034,L1151,0.006951191504774244,2,1,0.9999999999990288,0.3173105078631462,,False,1.0,False,False,True
TBS adaptive diffusion topology alpha=0.01 edge=0.001,N3035,L117,0.006959711481726281,2,1,0.9999999999999125,0.31731050786293236,,False,1.0,False,False,True
TBS adaptive diffusion topology alpha=0.01 edge=0.001,N3035,L1097,0.006959711481726281,2,1,0.9999999999999125,0.31731050786293236,,False,1.0,False,False,True
TBS adaptive diffusion topology alpha=0.01 edge=0.001,N3036,L1312,0.006974490122467577,3,1,1.9999999999996463,0.36787944117150745,,False,2.0,False,False,True
TBS adaptive diffusion topology alpha=0.01 edge=0.001,N3036,N2928,0.0010023261069205844,3,2,1.9999999999925209,0.367879441172818,,False,2.0,False,False,True
TBS adaptive diffusion topology alpha=0.01 edge=0.001,N3037,L633,0.006974619767018566,2,1,0.9999999999996216,0.31731050786300274,,False,1.0,False,False,True
TBS adaptive diffusion topology alpha=0.01 edge=0.001,N3037,L1455,0.006974619767018566,2,1,0.9999999999996216,0.31731050786300274,,False,1.0,False,False,True
TBS adaptive diffusion topology alpha=0.01 edge=0.001,N3038,L764,0.006974783262140198,2,1,0.9999999999998228,0.3173105078629541,,False,1.0,False,False,True
TBS adaptive diffusion topology alpha=0.01 edge=0.001,N3038,L819,0.006974783262140198,2,1,0.9999999999998228,0.3173105078629541,,False,1.0,False,False,True
TBS adaptive diffusion topology alpha=0.01 edge=0.001,N3039,L1905,0.006978299658523529,2,1,0.9999999999997671,0.3173105078629676,,False,1.0,False,False,True
TBS adaptive diffusion topology alpha=0.01 edge=0.001,N3039,L1959,0.006978299658523529,2,1,0.9999999999997671,0.3173105078629676,,False,1.0,False,False,True
TBS adaptive diffusion topology alpha=0.01 edge=0.001,N3040,N2645,0.0034299604661318433,4,2,2.9999999997393427,0.39162517631127713,,False,3.0,False,False,True
TBS adaptive diffusion topology alpha=0.01 edge=0.001,N3040,N2684,0.003035984672463178,4,2,2.9999999997393427,0.39162517631127713,,False,3.0,False,False,True
TBS adaptive diffusion topology alpha=0.01 edge=0.001,N3041,L1598,0.007002294012356905,3,1,1.9999999999975164,0.36787944117189925,,False,2.0,False,False,True
TBS adaptive diffusion topology alpha=0.01 edge=0.001,N3041,N2649,0.0033664851731454778,3,2,1.9999999999325804,0.3678794411838435,,False,2.0,False,False,True
TBS adaptive diffusion topology alpha=0.01 edge=0.001,N3042,N2805,0.00198471011877842,5,2,3.9999999999850133,0.4060058497118665,,False,4.0,False,False,True
TBS adaptive diffusion topology alpha=0.01 edge=0.001,N3042,N2860,0.0016274614824181395,5,3,3.9999999999432987,0.40600584971751197,,False,4.0,False,False,True
TBS adaptive diffusion topology alpha=0.01 edge=0.001,N3043,N2727,0.0026910092182264376,6,3,4.999999996389123,0.4158801874361846,,False,5.0,False,False,True
TBS adaptive diffusion topology alpha=0.01 edge=0.001,N3043,N2856,0.0016762156836541294,6,3,4.999999996389119,0.41588018743618516,,False,5.0,False,False,True
TBS adaptive diffusion topology alpha=0.01 edge=0.001,N3044,L778,0.00702887195789236,3,1,1.9999999999804996,0.3678794411750292,,False,2.0,False,False,True
TBS adaptive diffusion topology alpha=0.01 edge=0.001,N3044,N2756,0.002318333397694591,3,2,1.9999999992068187,0.3678794413173399,,False,2.0,False,False,True
TBS adaptive diffusion topology alpha=0.01 edge=0.001,N3045,L2114,0.007030913456536282,2,1,0.999999999999678,0.31731050786298914,,False,1.0,False,False,True
TBS adaptive diffusion topology alpha=0.01 edge=0.001,N3045,L2129,0.007030913456536282,2,1,0.999999999999678,0.31731050786298914,,False,1.0,False,False,True
TBS adaptive diffusion topology alpha=0.01 edge=0.001,N3046,L1213,0.007034527650117749,3,1,1.9999999999982874,0.36787944117175736,,False,2.0,False,False,True
TBS adaptive diffusion topology alpha=0.01 edge=0.001,N3046,N2820,0.0019165204660363934,3,2,1.9999999999547782,0.36787944117976046,,False,2.0,False,False,True
TBS adaptive diffusion topology alpha=0.01 edge=0.001,N3047,L915,0.007037413936144929,2,1,0.9999999999995757,0.3173105078630139,,False,1.0,False,False,True
TBS adaptive diffusion topology alpha=0.01 edge=0.001,N3047,L1253,0.007037413936144929,2,1,0.9999999999995757,0.3173105078630139,,False,1.0,False,False,True
TBS adaptive diffusion topology alpha=0.01 edge=0.001,N3048,L824,0.0070399528141845,2,1,0.9999999997329467,0.3173105079275303,,False,1.0,False,False,True
TBS adaptive diffusion topology alpha=0.01 edge=0.001,N3048,L1112,0.0070399528141845,2,1,0.9999999997329467,0.3173105079275303,,False,1.0,False,False,True
TBS adaptive diffusion topology alpha=0.01 edge=0.001,N3049,L92,0.007041401850007543,2,1,0.9999999999998934,0.317310507862937,,False,1.0,False,False,True
TBS adaptive diffusion topology alpha=0.01 edge=0.001,N3049,L1605,0.007041401850007543,2,1,0.9999999999998934,0.317310507862937,,False,1.0,False,False,True
TBS adaptive diffusion topology alpha=0.01 edge=0.001,N3050,L1168,0.0070415916666355894,4,1,2.9999999999998757,0.39162517627110793,,False,3.0,False,False,True
TBS adaptive diffusion topology alpha=0.01 edge=0.001,N3050,N2842,0.001744129985767221,4,3,2.9999999999927627,0.3916251762722046,,False,3.0,False,False,True
TBS adaptive diffusion topology alpha=0.01 edge=0.001,N3051,L175,0.007048366811285392,3,1,1.9999999999971074,0.36787944117197435,,False,2.0,False,False,True
TBS adaptive diffusion topology alpha=0.01 edge=0.001,N3051,N2808,0.002003813027312348,3,2,1.9999999998936553,0.36787944119100324,,False,2.0,False,False,True
TBS adaptive diffusion topology alpha=0.01 edge=0.001,N3052,N2757,0.002349503917545962,5,2,3.9999999999324887,0.406005849718975,,False,4.0,False,False,True
TBS adaptive diffusion topology alpha=0.01 edge=0.001,N3052,N2896,0.0013990274327237736,5,3,3.999999999709194,0.4060058497491946,,False,4.0,False,False,True
TBS adaptive diffusion topology alpha=0.01 edge=0.001,N3053,L1136,0.007063658760779458,3,1,1.9999999999982918,0.3678794411717565,,False,2.0,False,False,True
TBS adaptive diffusion topology alpha=0.01 edge=0.001,N3053,N2609,0.003929912349343177,3,2,1.9999999999377658,0.3678794411828897,,False,2.0,False,False,True
TBS adaptive diffusion topology alpha=0.01 edge=0.001,N3054,L2224,0.007068943641108976,2,1,0.9999999999970737,0.31731050786361925,,False,1.0,False,False,True
TBS adaptive diffusion topology alpha=0.01 edge=0.001,N3054,L2237,0.007068943641108976,2,1,0.9999999999970737,0.31731050786361925,,False,1.0,False,False,True
TBS adaptive diffusion topology alpha=0.01 edge=0.001,N3055,L855,0.007069079828337111,4,1,2.9999999999980087,0.3916251762713959,,False,3.0,False,False,True
TBS adaptive diffusion topology alpha=0.01 edge=0.001,N3055,N2829,0.0019151468487435578,4,3,2.9999999998829225,0.39162517628913995,,False,3.0,False,False,True
TBS adaptive diffusion topology alpha=0.01 edge=0.001,N3056,L2440,0.007077852096019895,2,1,0.999999999999847,0.3173105078629483,,False,1.0,False,False,True
TBS adaptive diffusion topology alpha=0.01 edge=0.001,N3056,L2477,0.007077852096019895,2,1,0.999999999999847,0.3173105078629483,,False,1.0,False,False,True
TBS adaptive diffusion topology alpha=0.01 edge=0.001,N3057,L201,0.007086817430976807,2,1,0.9999999999999367,0.3173105078629265,,False,1.0,False,False,True
TBS adaptive diffusion topology alpha=0.01 edge=0.001,N3057,L540,0.007086817430976807,2,1,0.9999999999999367,0.3173105078629265,,False,1.0,False,False,True
TBS adaptive diffusion topology alpha=0.01 edge=0.001,N3058,L755,0.007097023305691093,2,1,0.9999999999995572,0.31731050786301834,,False,1.0,False,False,True
TBS adaptive diffusion topology alpha=0.01 edge=0.001,N3058,L1264,0.007097023305691093,2,1,0.9999999999995572,0.31731050786301834,,False,1.0,False,False,True
TBS adaptive diffusion topology alpha=0.01 edge=0.001,N3059,L495,0.0071146301903924425,2,1,0.999999999998948,0.31731050786316584,,False,1.0,False,False,True
TBS adaptive diffusion topology alpha=0.01 edge=0.001,N3059,L517,0.0071146301903924425,2,1,0.999999999998948,0.31731050786316584,,False,1.0,False,False,True
TBS adaptive diffusion topology alpha=0.01 edge=0.001,N3060,L314,0.007125189911639076,2,1,0.9999999999980214,0.31731050786339,,False,1.0,False,False,True
TBS adaptive diffusion topology alpha=0.01 edge=0.001,N3060,L1567,0.007125189911639076,2,1,0.9999999999980214,0.31731050786339,,False,1.0,False,False,True
TBS adaptive diffusion topology alpha=0.01 edge=0.001,N3061,N2875,0.0016422935114691001,6,2,4.999999997678451,0.41588018727883336,,False,5.0,False,False,True
TBS adaptive diffusion topology alpha=0.01 edge=0.001,N3061,N3006,0.0004016761035726481,6,4,4.9999999737501035,0.4158801901990855,,False,5.0,False,False,True
TBS adaptive diffusion topology alpha=0.01 edge=0.001,N3062,L605,0.007138504173040432,2,1,0.9999999999963745,0.3173105078637885,,False,1.0,False,False,True
TBS adaptive diffusion topology alpha=0.01 edge=0.001,N3062,L1435,0.007138504173040432,2,1,0.9999999999963745,0.3173105078637885,,False,1.0,False,False,True
TBS adaptive diffusion topology alpha=0.01 edge=0.001,N3063,L1615,0.007139373246493274,2,1,0.999999999999859,0.31731050786294535,,False,1.0,False,False,True
TBS adaptive diffusion topology alpha=0.01 edge=0.001,N3063,L1778,0.007139373246493274,2,1,0.999999999999859,0.31731050786294535,,False,1.0,False,False,True
TBS adaptive diffusion topology alpha=0.01 edge=0.001,N3064,L1680,0.007147663453531587,2,1,0.999999999999515,0.3173105078630285,,False,1.0,False,False,True
TBS adaptive diffusion topology alpha=0.01 edge=0.001,N3064,L1999,0.007147663453531587,2,1,0.999999999999515,0.3173105078630285,,False,1.0,False,False,True
TBS adaptive diffusion topology alpha=0.01 edge=0.001,N3065,L1969,0.007167412579992746,3,1,1.999999999999761,0.3678794411714863,,False,2.0,False,False,True
TBS adaptive diffusion topology alpha=0.01 edge=0.001,N3065,N2589,0.004303603473391971,3,2,1.9999999999966498,0.36787944117205856,,False,2.0,False,False,True
TBS adaptive diffusion topology alpha=0.01 edge=0.001,N3066,N2666,0.003423558310297172,9,4,7.9999999987311154,0.4334701204906579,,False,8.0,False,False,True
TBS adaptive diffusion topology alpha=0.01 edge=0.001,N3066,N2831,0.0020359419702174696,9,5,7.99999999752614,0.4334701206083641,,False,8.0,False,False,True
TBS adaptive diffusion topology alpha=0.01 edge=0.001,N3067,L20,0.007216735027220387,3,1,1.999999999867505,0.3678794411958135,,False,2.0,False,False,True
TBS adaptive diffusion topology alpha=0.01 edge=0.001,N3067,N2653,0.00354557078896793,3,2,1.9999999944970313,0.3678794421836569,,False,2.0,False,False,True
TBS adaptive diffusion topology alpha=0.01 edge=0.001,N3068,L740,0.007223842967550624,2,1,0.9999999999993017,0.31731050786308024,,False,1.0,False,False,True
TBS adaptive diffusion topology alpha=0.01 edge=0.001,N3068,L865,0.007223842967550624,2,1,0.9999999999993017,0.31731050786308024,,False,1.0,False,False,True
TBS adaptive diffusion topology alpha=0.01 edge=0.001,N3069,L369,0.007237835093922062,3,1,1.9999999999968048,0.36787944117203,,False,2.0,False,False,True
TBS adaptive diffusion topology alpha=0.01 edge=0.001,N3069,N2890,0.0016492047959247493,3,2,1.9999999998822815,0.36787944119309535,,False,2.0,False,False,True
TBS adaptive diffusion topology alpha=0.01 edge=0.001,N3070,L1838,0.007243244352533394,6,1,4.999999999998693,0.4158801869956674,,False,5.0,False,False,True
TBS adaptive diffusion topology alpha=0.01 edge=0.001,N3070,N2640,0.0037638512720557585,6,5,4.999999998986013,0.41588018711925645,,False,5.0,False,False,True
TBS adaptive diffusion topology alpha=0.01 edge=0.001,N3071,N2621,0.003944179748261312,6,2,4.9999999999642055,0.4158801869998765,,False,5.0,False,False,True
TBS adaptive diffusion topology alpha=0.01 edge=0.001,N3071,N2711,0.0030259021253743147,6,4,4.999999999637885,0.4158801870397011,,False,5.0,False,False,True
TBS adaptive diffusion topology alpha=0.01 edge=0.001,N3072,L1554,0.007259929385854022,3,1,1.999999999999219,0.36787944117158594,,False,2.0,False,False,True
TBS adaptive diffusion topology alpha=0.01 edge=0.001,N3072,N2840,0.001993617356755328,3,2,1.9999999999830087,0.36787944117456767,,False,2.0,False,False,True
TBS adaptive diffusion topology alpha=0.01 edge=0.001,N3073,L1039,0.007261056631544452,4,1,2.999999999997457,0.39162517627148097,,False,3.0,False,False,True
TBS adaptive diffusion topology alpha=0.01 edge=0.001,N3073,N3009,0.0005033230098882465,4,3,2.9999999997478737,0.39162517630996174,,False,3.0,False,False,True
TBS adaptive diffusion topology alpha=0.01 edge=0.001,N3074,L153,0.00726161845647705,2,1,0.999999999994736,0.317310507864185,,False,1.0,False,False,True
TBS adaptive diffusion topology alpha=0.01 edge=0.001,N3074,L1105,0.00726161845647705,2,1,0.999999999994736,0.317310507864185,,False,1.0,False,False,True
TBS adaptive diffusion topology alpha=0.01 edge=0.001,N3075,L593,0.0072660512505045285,2,1,0.9999999999985518,0.3173105078632617,,False,1.0,False,False,True
TBS adaptive diffusion topology alpha=0.01 edge=0.001,N3075,L1471,0.0072660512505045285,2,1,0.9999999999985518,0.3173105078632617,,False,1.0,False,False,True
TBS adaptive diffusion topology alpha=0.01 edge=0.001,N3076,L489,0.00727071537063806,2,1,0.999999999999539,0.3173105078630228,,False,1.0,False,False,True
TBS adaptive diffusion topology alpha=0.01 edge=0.001,N3076,L1558,0.00727071537063806,2,1,0.999999999999539,0.3173105078630228,,False,1.0,False,False,True
TBS adaptive diffusion topology alpha=0.01 edge=0.001,N3077,L297,0.007285104278855692,3,1,1.9999999999992095,0.3678794411715878,,False,2.0,False,False,True
TBS adaptive diffusion topology alpha=0.01 edge=0.001,N3077,N2718,0.003012164934801008,3,2,1.9999999999830562,0.36787944117455906,,False,2.0,False,False,True
TBS adaptive diffusion topology alpha=0.01 edge=0.001,N3078,L1711,0.007290172074944153,2,1,0.9999999999990743,0.31731050786313525,,False,1.0,False,False,True
TBS adaptive diffusion topology alpha=0.01 edge=0.001,N3078,L1855,0.007290172074944153,2,1,0.9999999999990743,0.31731050786313525,,False,1.0,False,False,True
TBS adaptive diffusion topology alpha=0.01 edge=0.001,N3079,L977,0.007299765165559099,3,1,1.9999999999997358,0.36787944117149096,,False,2.0,False,False,True
TBS adaptive diffusion topology alpha=0.01 edge=0.001,N3079,N2801,0.0022959687939341357,3,2,1.999999999997953,0.3678794411718188,,False,2.0,False,False,True
TBS adaptive diffusion topology alpha=0.01 edge=0.001,N3080,L142,0.007306219547972457,2,1,0.9999999999999492,0.3173105078629235,,False,1.0,False,False,True
TBS adaptive diffusion topology alpha=0.01 edge=0.001,N3080,L910,0.007306219547972457,2,1,0.9999999999999492,0.3173105078629235,,False,1.0,False,False,True
TBS adaptive diffusion topology alpha=0.01 edge=0.001,N3081,L163,0.007308960944332489,2,1,0.9999999999998337,0.31731050786295145,,False,1.0,False,False,True
TBS adaptive diffusion topology alpha=0.01 edge=0.001,N3081,L660,0.007308960944332489,2,1,0.9999999999998337,0.31731050786295145,,False,1.0,False,False,True
TBS adaptive diffusion topology alpha=0.01 edge=0.001,N3082,L1666,0.007332236790949787,2,1,0.9999999999992701,0.31731050786308784,,False,1.0,False,False,True
TBS adaptive diffusion topology alpha=0.01 edge=0.001,N3082,L1781,0.007332236790949787,2,1,0.9999999999992701,0.31731050786308784,,False,1.0,False,False,True
TBS adaptive diffusion topology alpha=0.01 edge=0.001,N3083,L418,0.007339909126102912,2,1,0.9999999999999858,0.3173105078629147,,False,1.0,False,False,True
TBS adaptive diffusion topology alpha=0.01 edge=0.001,N3083,L1476,0.007339909126102912,2,1,0.9999999999999858,0.3173105078629147,,False,1.0,False,False,True
TBS adaptive diffusion topology alpha=0.01 edge=0.001,N3084,L1260,0.0073509365350884785,3,1,1.9999999999955924,0.36787944117225296,,False,2.0,False,False,True
TBS adaptive diffusion topology alpha=0.01 edge=0.001,N3084,N2898,0.001669108765970054,3,2,1.9999999998272486,0.3678794412032181,,False,2.0,False,False,True
TBS adaptive diffusion topology alpha=0.01 edge=0.001,N3085,L840,0.0073531498491122525,2,1,0.9999999999958145,0.317310507863924,,False,1.0,False,False,True
TBS adaptive diffusion topology alpha=0.01 edge=0.001,N3085,L895,0.0073531498491122525,2,1,0.9999999999958145,0.317310507863924,,False,1.0,False,False,True
TBS adaptive diffusion topology alpha=0.01 edge=0.001,N3086,L1659,0.007353205795845102,2,1,0.9999999999998477,0.3173105078629481,,False,1.0,False,False,True
TBS adaptive diffusion topology alpha=0.01 edge=0.001,N3086,L1918,0.007353205795845102,2,1,0.9999999999998477,0.3173105078629481,,False,1.0,False,False,True
TBS adaptive diffusion topology alpha=0.01 edge=0.001,N3087,L522,0.007376155839492813,3,1,1.9999999999988542,0.3678794411716531,,False,2.0,False,False,True
TBS adaptive diffusion topology alpha=0.01 edge=0.001,N3087,N2753,0.0026827184460552988,3,2,1.9999999999861724,0.36787944117398574,,False,2.0,False,False,True
TBS adaptive diffusion topology alpha=0.01 edge=0.001,N3088,L294,0.007384687848170113,3,1,1.9999999961556756,0.3678794418785663,,False,2.0,False,False,True
TBS adaptive diffusion topology alpha=0.01 edge=0.001,N3088,N2968,0.001135940351046234,3,2,1.9999998401620094,0.36787947057199877,,False,2.0,False,False,True
TBS adaptive diffusion topology alpha=0.01 edge=0.001,N3089,L64,0.0073892302643601485,4,1,2.999999999992099,0.3916251762723073,,False,3.0,False,False,True
TBS adaptive diffusion topology alpha=0.01 edge=0.001,N3089,N2841,0.0021073543664494126,4,3,2.999999998343019,0.3916251765265627,,False,3.0,False,False,True
TBS adaptive diffusion topology alpha=0.01 edge=0.001,N3090,L408,0.00741581435245498,2,1,0.9999999999997224,0.31731050786297843,,False,1.0,False,False,True
TBS adaptive diffusion topology alpha=0.01 edge=0.001,N3090,L1520,0.00741581435245498,2,1,0.9999999999997224,0.31731050786297843,,False,1.0,False,False,True
TBS adaptive diffusion topology alpha=0.01 edge=0.001,N3091,L1287,0.0074249219703212965,3,1,1.9999999999952145,0.36787944117232263,,False,2.0,False,False,True
TBS adaptive diffusion topology alpha=0.01 edge=0.001,N3091,N2665,0.00364891017068949,3,2,1.9999999998196658,0.36787944120461297,,False,2.0,False,False,True
TBS adaptive diffusion topology alpha=0.01 edge=0.001,N3092,L2053,0.007429976526720101,2,1,0.9999999999997591,0.31731050786296955,,False,1.0,False,False,True
TBS adaptive diffusion topology alpha=0.01 edge=0.001,N3092,L2057,0.007429976526720101,2,1,0.9999999999997591,0.31731050786296955,,False,1.0,False,False,True
TBS adaptive diffusion topology alpha=0.01 edge=0.001,N3093,L1692,0.007442919372876494,3,1,1.999999999999672,0.36787944117150273,,False,2.0,False,False,True
TBS adaptive diffusion topology alpha=0.01 edge=0.001,N3093,N2917,0.0015872181114188835,3,2,1.999999999995001,0.3678794411723619,,False,2.0,False,False,True
TBS adaptive diffusion topology alpha=0.01 edge=0.001,N3094,L1507,0.0074521630902645115,3,1,1.9999999999993043,0.3678794411715703,,False,2.0,False,False,True
TBS adaptive diffusion topology alpha=0.01 edge=0.001,N3094,N2695,0.0033908898768346177,3,2,1.999999999986871,0.3678794411738573,,False,2.0,False,False,True
TBS adaptive diffusion topology alpha=0.01 edge=0.001,N3095,L66,0.0074623166741117145,2,1,0.9999999999978788,0.3173105078634246,,False,1.0,False,False,True
TBS adaptive diffusion topology alpha=0.01 edge=0.001,N3095,L732,0.0074623166741117145,2,1,0.9999999999978788,0.3173105078634246,,False,1.0,False,False,True
TBS adaptive diffusion topology alpha=0.01 edge=0.001,N3096,N2749,0.002818934380825172,8,4,6.999999999435666,0.4288798576118126,,False,7.0,False,False,True
TBS adaptive diffusion topology alpha=0.01 edge=0.001,N3096,N2970,0.001164491705570149,8,4,6.999999999435666,0.4288798576118126,,False,7.0,False,False,True
TBS adaptive diffusion topology alpha=0.01 edge=0.001,N3097,N2782,0.002605395555568153,8,5,6.9999999887222,0.4288798587272967,,False,7.0,False,False,True
TBS adaptive diffusion topology alpha=0.01 edge=0.001,N3097,N2945,0.0013766503419273249,8,3,6.999999997713593,0.4288798577911148,,False,7.0,False,False,True
TBS adaptive diffusion topology alpha=0.01 edge=0.001,N3098,L948,0.007484630723797088,2,1,0.9999999999998348,0.3173105078629511,,False,1.0,False,False,True
TBS adaptive diffusion topology alpha=0.01 edge=0.001,N3098,L1254,0.007484630723797088,2,1,0.9999999999998348,0.3173105078629511,,False,1.0,False,False,True
TBS adaptive diffusion topology alpha=0.01 edge=0.001,N3099,L1668,0.007491091346207445,3,1,1.9999999999991702,0.367879441171595,,False,2.0,False,False,True
TBS adaptive diffusion topology alpha=0.01 edge=0.001,N3099,N2912,0.0016813102215992874,3,2,1.9999999999779072,0.3678794411755061,,False,2.0,False,False,True
TBS adaptive diffusion topology alpha=0.01 edge=0.001,N3100,L307,0.007493203755175938,3,1,1.999999999998313,0.3678794411717527,,False,2.0,False,False,True
TBS adaptive diffusion topology alpha=0.01 edge=0.001,N3100,N2930,0.0015150562130311705,3,2,1.9999999999498987,0.36787944118065796,,False,2.0,False,False,True
TBS adaptive diffusion topology alpha=0.01 edge=0.001,N3101,L1438,0.007497101756265376,2,1,0.99999999999967,0.31731050786299103,,False,1.0,False,False,True
TBS adaptive diffusion topology alpha=0.01 edge=0.001,N3101,L1581,0.007497101756265376,2,1,0.99999999999967,0.31731050786299103,,False,1.0,False,False,True
TBS adaptive diffusion topology alpha=0.01 edge=0.001,N3102,N2784,0.0026551598954518826,4,2,2.9999999997445843,0.391625176310469,,False,3.0,False,False,True
TBS adaptive diffusion topology alpha=0.01 edge=0.001,N3102,N2839,0.0022741477174707853,4,2,2.9999999997445843,0.391625176310469,,False,3.0,False,False,True
TBS adaptive diffusion topology alpha=0.01 edge=0.001,N3103,L1713,0.0075403639539602454,2,1,0.999999999999369,0.3173105078630639,,False,1.0,False,False,True
TBS adaptive diffusion topology alpha=0.01 edge=0.001,N3103,L1953,0.0075403639539602454,2,1,0.999999999999369,0.3173105078630639,,False,1.0,False,False,True
TBS adaptive diffusion topology alpha=0.01 edge=0.001,N3104,N2804,0.0025355895215533374,6,3,4.999999999903902,0.41588018700723595,,False,5.0,False,False,True
TBS adaptive diffusion topology alpha=0.01 edge=0.001,N3104,N2897,0.001885769813251337,6,3,4.999999999903901,0.41588018700723595,,False,5.0,False,False,True
TBS adaptive diffusion topology alpha=0.01 edge=0.001,N3105,N2643,0.004048497454133354,4,2,2.999999999796689,0.39162517630243554,,False,3.0,False,False,True
TBS adaptive diffusion topology alpha=0.01 edge=0.001,N3105,N2671,0.0037419365809125394,4,2,2.999999999796689,0.39162517630243554,,False,3.0,False,False,True
TBS adaptive diffusion topology alpha=0.01 edge=0.001,N3106,L1000,0.007566045010704871,2,1,0.9999999973822007,0.31731050849634196,,False,1.0,False,False,True
TBS adaptive diffusion topology alpha=0.01 edge=0.001,N3106,L1338,0.007566045010704871,2,1,0.9999999973822007,0.31731050849634196,,False,1.0,False,False,True
TBS adaptive diffusion topology alpha=0.01 edge=0.001,N3107,L188,0.007568227055051734,2,1,0.9999999999996525,0.3173105078629953,,False,1.0,False,False,True
TBS adaptive diffusion topology alpha=0.01 edge=0.001,N3107,L374,0.007568227055051734,2,1,0.9999999999996525,0.3173105078629953,,False,1.0,False,False,True
TBS adaptive diffusion topology alpha=0.01 edge=0.001,N3108,L1076,0.007576638345351063,5,1,3.9999999999988063,0.4060058497100001,,False,4.0,False,False,True
TBS adaptive diffusion topology alpha=0.01 edge=0.001,N3108,N2864,0.0021749573724844286,5,4,3.9999999991158357,0.4060058498294967,,False,4.0,False,False,True
TBS adaptive diffusion topology alpha=0.01 edge=0.001,N3109,L1658,0.0076047492307766374,2,1,0.9999999999994369,0.3173105078630475,,False,1.0,False,False,True
TBS adaptive diffusion topology alpha=0.01 edge=0.001,N3109,L1977,0.0076047492307766374,2,1,0.9999999999994369,0.3173105078630475,,False,1.0,False,False,True
TBS adaptive diffusion topology alpha=0.01 edge=0.001,N3110,L74,0.007607294948708238,2,1,0.9999999998586999,0.3173105078971018,,False,1.0,False,False,True
TBS adaptive diffusion topology alpha=0.01 edge=0.001,N3110,L649,0.007607294948708238,2,1,0.9999999998586999,0.3173105078971018,,False,1.0,False,False,True
TBS adaptive diffusion topology alpha=0.01 edge=0.001,N3111,L618,0.007623832618625043,2,1,0.9999999999995011,0.31731050786303205,,False,1.0,False,False,True
TBS adaptive diffusion topology alpha=0.01 edge=0.001,N3111,L1511,0.007623832618625043,2,1,0.9999999999995011,0.31731050786303205,,False,1.0,False,False,True
TBS adaptive diffusion topology alpha=0.01 edge=0.001,N3112,N2638,0.004176688415455698,4,2,2.9999999999923483,0.39162517627226867,,False,3.0,False,False,True
TBS adaptive diffusion topology alpha=0.01 edge=0.001,N3112,N2861,0.0022438161244074913,4,2,2.9999999999923483,0.39162517627226867,,False,3.0,False,False,True
TBS adaptive diffusion topology alpha=0.01 edge=0.001,N3113,L89,0.0076242848625657335,2,1,0.9999999999999309,0.3173105078629279,,False,1.0,False,False,True
TBS adaptive diffusion topology alpha=0.01 edge=0.001,N3113,L1016,0.0076242848625657335,2,1,0.9999999999999309,0.3173105078629279,,False,1.0,False,False,True
TBS adaptive diffusion topology alpha=0.01 edge=0.001,N3114,L1102,0.00762707174422205,3,1,1.9999999999950635,0.3678794411723504,,False,2.0,False,False,True
TBS adaptive diffusion topology alpha=0.01 edge=0.001,N3114,N3058,0.0005300484385309564,3,2,1.9999999998027072,0.3678794412077324,,False,2.0,False,False,True
TBS adaptive diffusion topology alpha=0.01 edge=0.001,N3115,L723,0.007629268003434756,2,1,0.9999999999993532,0.3173105078630677,,False,1.0,False,False,True
TBS adaptive diffusion topology alpha=0.01 edge=0.001,N3115,L742,0.007629268003434756,2,1,0.9999999999993532,0.3173105078630677,,False,1.0,False,False,True
TBS adaptive diffusion topology alpha=0.01 edge=0.001,N3116,L1685,0.007647688361665887,2,1,0.9999999999995115,0.3173105078630294,,False,1.0,False,False,True
TBS adaptive diffusion topology alpha=0.01 edge=0.001,N3116,L1972,0.007647688361665887,2,1,0.9999999999995115,0.3173105078630294,,False,1.0,False,False,True
TBS adaptive diffusion topology alpha=0.01 edge=0.001,N3117,L1903,0.007653510503285636,2,1,0.9999999999922156,0.3173105078647948,,False,1.0,False,False,True
TBS adaptive diffusion topology alpha=0.01 edge=0.001,N3117,L1909,0.007653510503285636,2,1,0.9999999999922156,0.3173105078647948,,False,1.0,False,False,True
TBS adaptive diffusion topology alpha=0.01 edge=0.001,N3118,L2348,0.007654417260179194,4,1,2.9999999999997176,0.3916251762711326,,False,3.0,False,False,True
TBS adaptive diffusion topology alpha=0.01 edge=0.001,N3118,N2707,0.003475371439310996,4,3,2.9999999999522493,0.39162517627845117,,False,3.0,False,False,True
TBS adaptive diffusion topology alpha=0.01 edge=0.001,N3119,N2602,0.004643031345865836,10,6,8.999999973912628,0.437274191321968,,False,9.0,False,False,True
TBS adaptive diffusion topology alpha=0.01 edge=0.001,N3119,N2988,0.0011369248150668253,10,4,8.99999999207621,0.43727418964530484,,False,9.0,False,False,True
TBS adaptive diffusion topology alpha=0.01 edge=0.001,N3120,L1419,0.007676124495723613,2,1,0.9999999999634561,0.3173105078717538,,False,1.0,False,False,True
TBS adaptive diffusion topology alpha=0.01 edge=0.001,N3120,L1536,0.007676124495723613,2,1,0.9999999999634561,0.3173105078717538,,False,1.0,False,False,True
TBS adaptive diffusion topology alpha=0.01 edge=0.001,N3121,L184,0.0076783328537414625,2,1,0.9999999999998515,0.3173105078629472,,False,1.0,False,False,True
TBS adaptive diffusion topology alpha=0.01 edge=0.001,N3121,L446,0.0076783328537414625,2,1,0.9999999999998515,0.3173105078629472,,False,1.0,False,False,True
TBS adaptive diffusion topology alpha=0.01 edge=0.001,N3122,L728,0.007685226739481561,2,1,0.9999999999988212,0.3173105078631965,,False,1.0,False,False,True
TBS adaptive diffusion topology alpha=0.01 edge=0.001,N3122,L917,0.007685226739481561,2,1,0.9999999999988212,0.3173105078631965,,False,1.0,False,False,True
TBS adaptive diffusion topology alpha=0.01 edge=0.001,N3123,L1288,0.0076898814879652454,3,1,1.9999999999991693,0.36787944117159516,,False,2.0,False,False,True
TBS adaptive diffusion topology alpha=0.01 edge=0.001,N3123,N2644,0.004152150668898824,3,2,1.999999999985323,0.367879441174142,,False,2.0,False,False,True
TBS adaptive diffusion topology alpha=0.01 edge=0.001,N3124,L2406,0.007706285028698763,3,1,1.9999999999995919,0.36787944117151744,,False,2.0,False,False,True
TBS adaptive diffusion topology alpha=0.01 edge=0.001,N3124,N2908,0.0019267644982290512,3,2,1.999999999985699,0.3678794411740728,,False,2.0,False,False,True
TBS adaptive diffusion topology alpha=0.01 edge=0.001,N3125,N2795,0.0027326337153294085,4,2,2.9999999999277955,0.3916251762822215,,False,3.0,False,False,True
TBS adaptive diffusion topology alpha=0.01 edge=0.001,N3125,N2874,0.0022259428337303164,4,2,2.9999999999277955,0.3916251762822215,,False,3.0,False,False,True
TBS adaptive diffusion topology alpha=0.01 edge=0.001,N3126,L129,0.00770951798172747,2,1,0.9999999999997431,0.31731050786297343,,False,1.0,False,False,True
TBS adaptive diffusion topology alpha=0.01 edge=0.001,N3126,L420,0.00770951798172747,2,1,0.9999999999997431,0.31731050786297343,,False,1.0,False,False,True
TBS adaptive diffusion topology alpha=0.01 edge=0.001,N3127,L1005,0.00776516899686343,5,1,3.999999999974723,0.40600584971325915,,False,4.0,False,False,True
TBS adaptive diffusion topology alpha=0.01 edge=0.001,N3127,N3055,0.0006960891685263187,5,4,3.9999999796173387,0.4060058524683312,,False,4.0,False,False,True
TBS adaptive diffusion topology alpha=0.01 edge=0.001,N3128,L1822,0.007766971520837522,2,1,0.9999999999995266,0.3173105078630258,,False,1.0,False,False,True
TBS adaptive diffusion topology alpha=0.01 edge=0.001,N3128,L1910,0.007766971520837522,2,1,0.9999999999995266,0.3173105078630258,,False,1.0,False,False,True
TBS adaptive diffusion topology alpha=0.01 edge=0.001,N3129,N2546,0.00562688561762601,7,2,5.999999973267306,0.4231900841214641,,False,6.0,False,False,True
TBS adaptive diffusion topology alpha=0.01 edge=0.001,N3129,N2873,0.002291585718446588,7,5,5.99999940248215,0.42319014806133615,,False,6.0,False,False,True
TBS adaptive diffusion topology alpha=0.01 edge=0.001,N3130,N2807,0.0027425622308251017,7,2,5.999999999955696,0.4231900811318067,,False,6.0,False,False,True
TBS adaptive diffusion topology alpha=0.01 edge=0.001,N3130,N3042,0.0007731761932146725,7,5,5.999999999157367,0.423190081221236,,False,6.0,False,False,True
TBS adaptive diffusion topology alpha=0.01 edge=0.001,N3131,N2560,0.005354107408225295,4,2,2.9999999999852682,0.39162517627336035,,False,3.0,False,False,True
TBS adaptive diffusion topology alpha=0.01 edge=0.001,N3131,N2985,0.0012757418092185233,4,2,2.9999999999852682,0.39162517627336035,,False,3.0,False,False,True
TBS adaptive diffusion topology alpha=0.01 edge=0.001,N3132,L2143,0.007783125842261597,3,1,1.9999999999995115,0.36787944117153226,,False,2.0,False,False,True
TBS adaptive diffusion topology alpha=0.01 edge=0.001,N3132,N2971,0.0014464635606861694,3,2,1.999999999989778,0.3678794411733227,,False,2.0,False,False,True
TBS adaptive diffusion topology alpha=0.01 edge=0.001,N3133,N2719,0.003519403498559326,4,2,2.9999999992413358,0.39162517638806016,,False,3.0,False,False,True
TBS adaptive diffusion topology alpha=0.01 edge=0.001,N3133,N2882,0.00226454344000301,4,2,2.9999999992413358,0.39162517638806016,,False,3.0,False,False,True
TBS adaptive diffusion topology alpha=0.01 edge=0.001,N3134,L1086,0.0077970820020311325,5,1,3.9999999999986415,0.40600584971002207,,False,4.0,False,False,True
TBS adaptive diffusion topology alpha=0.01 edge=0.001,N3134,N2975,0.0014285417422537467,5,4,3.999999999709458,0.40600584974915865,,False,4.0,False,False,True
TBS adaptive diffusion topology alpha=0.01 edge=0.001,N3135,L456,0.007804441780931042,2,1,0.9999999999999174,0.31731050786293125,,False,1.0,False,False,True
TBS adaptive diffusion topology alpha=0.01 edge=0.001,N3135,L645,0.007804441780931042,2,1,0.9999999999999174,0.31731050786293125,,False,1.0,False,False,True
TBS adaptive diffusion topology alpha=0.01 edge=0.001,N3136,L1244,0.007807078279772012,4,1,2.999999999998675,0.39162517627129334,,False,3.0,False,False,True
TBS adaptive diffusion topology alpha=0.01 edge=0.001,N3136,N2989,0.0012800498793929518,4,3,2.9999999998604667,0.3916251762926022,,False,3.0,False,False,True
TBS adaptive diffusion topology alpha=0.01 edge=0.001,N3137,L1164,0.007821009627912755,2,1,0.9999999999995823,0.3173105078630123,,False,1.0,False,False,True
TBS adaptive diffusion topology alpha=0.01 edge=0.001,N3137,L1275,0.007821009627912755,2,1,0.9999999999995823,0.3173105078630123,,False,1.0,False,False,True
TBS adaptive diffusion topology alpha=0.01 edge=0.001,N3138,L546,0.007832745605936879,2,1,0.9999999999937967,0.31731050786441223,,False,1.0,False,False,True
TBS adaptive diffusion topology alpha=0.01 edge=0.001,N3138,L1386,0.007832745605936879,2,1,0.9999999999937967,0.31731050786441223,,False,1.0,False,False,True
TBS adaptive diffusion topology alpha=0.01 edge=0.001,N3139,L36,0.007832924407322599,2,1,0.9999999999998077,0.3173105078629577,,False,1.0,False,False,True
TBS adaptive diffusion topology alpha=0.01 edge=0.001,N3139,L710,0.007832924407322599,2,1,0.9999999999998077,0.3173105078629577,,False,1.0,False,False,True
TBS adaptive diffusion topology alpha=0.01 edge=0.001,N3140,L791,0.0078397475421542,2,1,0.999999999998674,0.3173105078632321,,False,1.0,False,False,True
TBS adaptive diffusion topology alpha=0.01 edge=0.001,N3140,L978,0.0078397475421542,2,1,0.999999999998674,0.3173105078632321,,False,1.0,False,False,True
TBS adaptive diffusion topology alpha=0.01 edge=0.001,N3141,L961,0.007840402754125671,3,1,1.9999999999261786,0.367879441185021,,False,2.0,False,False,True
TBS adaptive diffusion topology alpha=0.01 edge=0.001,N3141,N2833,0.002619400429732581,3,2,1.9999999969393236,0.3678794417344222,,False,2.0,False,False,True
TBS adaptive diffusion topology alpha=0.01 edge=0.001,N3142,L848,0.007842411671584485,4,1,2.999999999998964,0.3916251762712486,,False,3.0,False,False,True
TBS adaptive diffusion topology alpha=0.01 edge=0.001,N3142,N2862,0.0024602785201499433,4,3,2.9999999998246816,0.39162517629811966,,False,3.0,False,False,True
TBS adaptive diffusion topology alpha=0.01 edge=0.001,N3143,L2289,0.00784871937873884,2,1,0.999999999999946,0.3173105078629243,,False,1.0,False,False,True
TBS adaptive diffusion topology alpha=0.01 edge=0.001,N3143,L2323,0.00784871937873884,2,1,0.999999999999946,0.3173105078629243,,False,1.0,False,False,True
TBS adaptive diffusion topology alpha=0.01 edge=0.001,N3144,L2243,0.007864947307532323,2,1,0.9999999999999274,0.3173105078629288,,False,1.0,False,False,True
TBS adaptive diffusion topology alpha=0.01 edge=0.001,N3144,L2256,0.007864947307532323,2,1,0.9999999999999274,0.3173105078629288,,False,1.0,False,False,True
TBS adaptive diffusion topology alpha=0.01 edge=0.001,N3145,L17,0.007888985559245642,2,1,0.9999999999996487,0.31731050786299625,,False,1.0,False,False,True
TBS adaptive diffusion topology alpha=0.01 edge=0.001,N3145,L893,0.007888985559245642,2,1,0.9999999999996487,0.31731050786299625,,False,1.0,False,False,True
TBS adaptive diffusion topology alpha=0.01 edge=0.001,N3146,L669,0.007893037912196112,3,1,1.9999999999979017,0.36787944117182825,,False,2.0,False,False,True
TBS adaptive diffusion topology alpha=0.01 edge=0.001,N3146,N2523,0.006426947490046054,3,2,1.9999999999319114,0.3678794411839665,,False,2.0,False,False,True
TBS adaptive diffusion topology alpha=0.01 edge=0.001,N3147,L1216,0.007920401215218994,3,1,1.9999999999985922,0.3678794411717013,,False,2.0,False,False,True
TBS adaptive diffusion topology alpha=0.01 edge=0.001,N3147,N2754,0.003216516326126804,3,2,1.9999999999694396,0.3678794411770637,,False,2.0,False,False,True
TBS adaptive diffusion topology alpha=0.01 edge=0.001,N3148,N2675,0.004066914562972199,6,2,4.999999999926581,0.41588018700446816,,False,5.0,False,False,True
TBS adaptive diffusion topology alpha=0.01 edge=0.001,N3148,N2832,0.00273479024789137,6,4,4.999999999238372,0.4158801870884582,,False,5.0,False,False,True
TBS adaptive diffusion topology alpha=0.01 edge=0.001,N3149,L1526,0.007948619295404268,3,1,1.9999999999969726,0.3678794411719991,,False,2.0,False,False,True
TBS adaptive diffusion topology alpha=0.01 edge=0.001,N3149,N2814,0.0028684633469633594,3,2,1.9999999998758258,0.3678794411942829,,False,2.0,False,False,True
TBS adaptive diffusion topology alpha=0.01 edge=0.001,N3150,L389,0.007950691010893013,4,1,2.999999999998872,0.3916251762712627,,False,3.0,False,False,True
TBS adaptive diffusion topology alpha=0.01 edge=0.001,N3150,N2987,0.0014403610960541614,4,3,2.9999999999056906,0.39162517628562965,,False,3.0,False,False,True
TBS adaptive diffusion topology alpha=0.01 edge=0.001,N3151,L1728,0.007957772530863313,2,1,0.9999999999921423,0.3173105078648125,,False,1.0,False,False,True
TBS adaptive diffusion topology alpha=0.01 edge=0.001,N3151,L1867,0.007957772530863313,2,1,0.9999999999921423,0.3173105078648125,,False,1.0,False,False,True
TBS adaptive diffusion topology alpha=0.01 edge=0.001,N3152,L207,0.007958712768388674,2,1,0.9999999999995455,0.31731050786302123,,False,1.0,False,False,True
TBS adaptive diffusion topology alpha=0.01 edge=0.001,N3152,L326,0.007958712768388674,2,1,0.9999999999995455,0.31731050786302123,,False,1.0,False,False,True
TBS adaptive diffusion topology alpha=0.01 edge=0.001,N3153,L1891,0.007964712390002826,9,1,7.999999999995877,0.43347012036711163,,False,8.0,False,False,True
TBS adaptive diffusion topology alpha=0.01 edge=0.001,N3153,N2895,0.00231528170387409,9,8,7.999999983357728,0.4334701219923829,,False,8.0,False,False,True
TBS adaptive diffusion topology alpha=0.01 edge=0.001,N3154,L711,0.00798140569295687,2,1,0.9999999999991591,0.3173105078631147,,False,1.0,False,False,True
TBS adaptive diffusion topology alpha=0.01 edge=0.001,N3154,L894,0.00798140569295687,2,1,0.9999999999991591,0.3173105078631147,,False,1.0,False,False,True
TBS adaptive diffusion topology alpha=0.01 edge=0.001,N3155,L821,0.008012710511909738,2,1,0.9999999999860893,0.3173105078662771,,False,1.0,False,False,True
TBS adaptive diffusion topology alpha=0.01 edge=0.001,N3155,L837,0.008012710511909738,2,1,0.9999999999860893,0.3173105078662771,,False,1.0,False,False,True
TBS adaptive diffusion topology alpha=0.01 edge=0.001,N3156,L2409,0.008016997436286569,2,1,0.9999999999979414,0.31731050786340936,,False,1.0,False,False,True
TBS adaptive diffusion topology alpha=0.01 edge=0.001,N3156,L2471,0.008016997436286569,2,1,0.9999999999979414,0.31731050786340936,,False,1.0,False,False,True
TBS adaptive diffusion topology alpha=0.01 edge=0.001,N3157,L194,0.008024917668558978,2,1,0.9999999999987155,0.31731050786322207,,False,1.0,False,False,True
TBS adaptive diffusion topology alpha=0.01 edge=0.001,N3157,L343,0.008024917668558978,2,1,0.9999999999987155,0.31731050786322207,,False,1.0,False,False,True
TBS adaptive diffusion topology alpha=0.01 edge=0.001,N3158,L1865,0.008062544282961385,8,1,6.9999999997663505,0.4288798575773819,,False,7.0,False,False,True
TBS adaptive diffusion topology alpha=0.01 edge=0.001,N3158,N3002,0.001408602063752086,8,7,6.9999979889746555,0.4288800669405902,,False,7.0,False,False,True
TBS adaptive diffusion topology alpha=0.01 edge=0.001,N3159,N2846,0.002746389288443817,5,3,3.9999999999316493,0.4060058497190887,,False,4.0,False,False,True
TBS adaptive diffusion topology alpha=0.01 edge=0.001,N3159,N2947,0.0019432723881643921,5,2,3.999999999982573,0.4060058497121969,,False,4.0,False,False,True
TBS adaptive diffusion topology alpha=0.01 edge=0.001,N3160,L2274,0.008067112022399195,2,1,0.9999999999997351,0.3173105078629753,,False,1.0,False,False,True
TBS adaptive diffusion topology alpha=0.01 edge=0.001,N3160,L2276,0.008067112022399195,2,1,0.9999999999997351,0.3173105078629753,,False,1.0,False,False,True
TBS adaptive diffusion topology alpha=0.01 edge=0.001,N3161,L302,0.008075506963753717,2,1,0.9999999999995532,0.3173105078630194,,False,1.0,False,False,True
TBS adaptive diffusion topology alpha=0.01 edge=0.001,N3161,L315,0.008075506963753717,2,1,0.9999999999995532,0.3173105078630194,,False,1.0,False,False,True
TBS adaptive diffusion topology alpha=0.01 edge=0.001,N3162,L185,0.008097015751209885,5,1,3.9999999999982117,0.40600584971008036,,False,4.0,False,False,True
TBS adaptive diffusion topology alpha=0.01 edge=0.001,N3162,N3018,0.0012756971046828203,5,4,3.999999999750361,0.4060058497436235,,False,4.0,False,False,True
TBS adaptive diffusion topology alpha=0.01 edge=0.001,N3163,L1247,0.008098479288073458,3,1,1.9999999999995348,0.367879441171528,,False,2.0,False,False,True
TBS adaptive diffusion topology alpha=0.01 edge=0.001,N3163,N3048,0.0010585264738889588,3,2,1.999999999992959,0.3678794411727374,,False,2.0,False,False,True
TBS adaptive diffusion topology alpha=0.01 edge=0.001,N3164,L196,0.008109928991494843,2,1,0.9999999999996296,0.3173105078630008,,False,1.0,False,False,True
TBS adaptive diffusion topology alpha=0.01 edge=0.001,N3164,L452,0.008109928991494843,2,1,0.9999999999996296,0.3173105078630008,,False,1.0,False,False,True
TBS adaptive diffusion topology alpha=0.01 edge=0.001,N3165,L1592,0.00811021753314846,2,1,0.9999999999994911,0.31731050786303433,,False,1.0,False,False,True
TBS adaptive diffusion topology alpha=0.01 edge=0.001,N3165,L1608,0.00811021753314846,2,1,0.9999999999994911,0.31731050786303433,,False,1.0,False,False,True
TBS adaptive diffusion topology alpha=0.01 edge=0.001,N3166,N2660,0.004383417265953134,5,2,3.9999999999886695,0.40600584971137177,,False,4.0,False,False,True
TBS adaptive diffusion topology alpha=0.01 edge=0.001,N3166,N2728,0.0037754123814483977,5,3,3.9999999999551283,0.4060058497159109,,False,4.0,False,False,True
TBS adaptive diffusion topology alpha=0.01 edge=0.001,N3167,L924,0.00811727781339971,3,1,1.9999999999967109,0.36787944117204724,,False,2.0,False,False,True
TBS adaptive diffusion topology alpha=0.01 edge=0.001,N3167,N2819,0.0029997410891168383,3,2,1.9999999998807783,0.36787944119337196,,False,2.0,False,False,True
TBS adaptive diffusion topology alpha=0.01 edge=0.001,N3168,L1643,0.008123519329082689,2,1,0.999999999995046,0.31731050786410997,,False,1.0,False,False,True
TBS adaptive diffusion topology alpha=0.01 edge=0.001,N3168,L1741,0.008123519329082689,2,1,0.999999999995046,0.31731050786410997,,False,1.0,False,False,True
TBS adaptive diffusion topology alpha=0.01 edge=0.001,N3169,L1223,0.008126112273936318,2,1,0.9999999999990685,0.31731050786313664,,False,1.0,False,False,True
TBS adaptive diffusion topology alpha=0.01 edge=0.001,N3169,L1350,0.008126112273936318,2,1,0.9999999999990685,0.31731050786313664,,False,1.0,False,False,True
TBS adaptive diffusion topology alpha=0.01 edge=0.001,N3170,L1714,0.008133637596439494,4,1,2.9999999999964935,0.3916251762716295,,False,3.0,False,False,True
TBS adaptive diffusion topology alpha=0.01 edge=0.001,N3170,N2889,0.002553500685250805,4,3,2.9999999992698307,0.39162517638366656,,False,3.0,False,False,True
TBS adaptive diffusion topology alpha=0.01 edge=0.001,N3171,L232,0.008138733755366718,2,1,0.9999999999989357,0.3173105078631688,,False,1.0,False,False,True
TBS adaptive diffusion topology alpha=0.01 edge=0.001,N3171,L332,0.008138733755366718,2,1,0.9999999999989357,0.3173105078631688,,False,1.0,False,False,True
TBS adaptive diffusion topology alpha=0.01 edge=0.001,N3172,L802,0.008139267110241977,2,1,0.9999999999995841,0.31731050786301185,,False,1.0,False,False,True
TBS adaptive diffusion topology alpha=0.01 edge=0.001,N3172,L954,0.008139267110241977,2,1,0.9999999999995841,0.31731050786301185,,False,1.0,False,False,True
TBS adaptive diffusion topology alpha=0.01 edge=0.001,N3173,L2104,0.008146391192961306,2,1,0.9999999999987055,0.31731050786322446,,False,1.0,False,False,True
TBS adaptive diffusion topology alpha=0.01 edge=0.001,N3173,L2241,0.008146391192961306,2,1,0.9999999999987055,0.31731050786322446,,False,1.0,False,False,True
TBS adaptive diffusion topology alpha=0.01 edge=0.001,N3174,L111,0.008160388061470928,2,1,0.9999999999979021,0.3173105078634189,,False,1.0,False,False,True
TBS adaptive diffusion topology alpha=0.01 edge=0.001,N3174,L1474,0.008160388061470928,2,1,0.9999999999979021,0.3173105078634189,,False,1.0,False,False,True
TBS adaptive diffusion topology alpha=0.01 edge=0.001,N3175,L94,0.008164265395320624,5,1,3.999999999989109,0.40600584971131215,,False,4.0,False,False,True
TBS adaptive diffusion topology alpha=0.01 edge=0.001,N3175,N3102,0.0006297638632099137,5,4,3.9999999928692107,0.40600585067488537,,False,4.0,False,False,True
TBS adaptive diffusion topology alpha=0.01 edge=0.001,N3176,L1489,0.008177963673630113,2,1,0.9999999999979905,0.3173105078633975,,False,1.0,False,False,True
TBS adaptive diffusion topology alpha=0.01 edge=0.001,N3176,L1532,0.008177963673630113,2,1,0.9999999999979905,0.3173105078633975,,False,1.0,False,False,True
TBS adaptive diffusion topology alpha=0.01 edge=0.001,N3177,L2346,0.008181416890715453,2,1,0.9999999999997369,0.3173105078629749,,False,1.0,False,False,True
TBS adaptive diffusion topology alpha=0.01 edge=0.001,N3177,L2362,0.008181416890715453,2,1,0.9999999999997369,0.3173105078629749,,False,1.0,False,False,True
TBS adaptive diffusion topology alpha=0.01 edge=0.001,N3178,L1815,0.008182202351940823,2,1,0.999999999938181,0.3173105078778696,,False,1.0,False,False,True
TBS adaptive diffusion topology alpha=0.01 edge=0.001,N3178,L1844,0.008182202351940823,2,1,0.999999999938181,0.3173105078778696,,False,1.0,False,False,True
TBS adaptive diffusion topology alpha=0.01 edge=0.001,N3179,L929,0.008184368814262688,5,1,3.9999999999886735,0.4060058497113711,,False,4.0,False,False,True
TBS adaptive diffusion topology alpha=0.01 edge=0.001,N3179,N2785,0.0032999484408077866,5,4,3.9999999912479045,0.4060058508943054,,False,4.0,False,False,True
TBS adaptive diffusion topology alpha=0.01 edge=0.001,N3180,L1782,0.008184890836874492,5,1,3.9999999999975833,0.4060058497101655,,False,4.0,False,False,True
TBS adaptive diffusion topology alpha=0.01 edge=0.001,N3180,N3040,0.0012038150787919081,5,4,3.9999999995907127,0.40600584976522935,,False,4.0,False,False,True
TBS adaptive diffusion topology alpha=0.01 edge=0.001,N3181,L721,0.008189162827493183,3,1,1.9999999999991624,0.3678794411715965,,False,2.0,False,False,True
TBS adaptive diffusion topology alpha=0.01 edge=0.001,N3181,N2938,0.002150329238677683,3,2,1.999999999986394,0.36787944117394505,,False,2.0,False,False,True
TBS adaptive diffusion topology alpha=0.01 edge=0.001,N3182,L407,0.00819039233001174,2,1,0.9999999999990425,0.3173105078631429,,False,1.0,False,False,True
TBS adaptive diffusion topology alpha=0.01 edge=0.001,N3182,L490,0.00819039233001174,2,1,0.9999999999990425,0.3173105078631429,,False,1.0,False,False,True
TBS adaptive diffusion topology alpha=0.01 edge=0.001,N3183,N2735,0.0037873172721646056,9,6,7.999999998821542,0.43347012048182476,,False,8.0,False,False,True
TBS adaptive diffusion topology alpha=0.01 edge=0.001,N3183,N3088,0.0008158450713898803,9,3,7.9999999998378675,0.4334701203825465,,False,8.0,False,False,True
TBS adaptive diffusion topology alpha=0.01 edge=0.001,N3184,L1632,0.008207801503964674,2,1,0.9999999993477156,0.31731050802074495,,False,1.0,False,False,True
TBS adaptive diffusion topology alpha=0.01 edge=0.001,N3184,L1885,0.008207801503964674,2,1,0.9999999993477156,0.31731050802074495,,False,1.0,False,False,True
TBS adaptive diffusion topology alpha=0.01 edge=0.001,N3185,L969,0.00821749514505969,3,1,1.9999999999994895,0.36787944117153626,,False,2.0,False,False,True
TBS adaptive diffusion topology alpha=0.01 edge=0.001,N3185,N2713,0.003980868003678844,3,2,1.9999999999947171,0.3678794411724141,,False,2.0,False,False,True
TBS adaptive diffusion topology alpha=0.01 edge=0.001,N3186,L2066,0.008218078873729062,3,1,1.9999999999994968,0.367879441171535,,False,2.0,False,False,True
TBS adaptive diffusion topology alpha=0.01 edge=0.001,N3186,N2617,0.00497142088860084,3,2,1.999999999983051,0.36787944117456,,False,2.0,False,False,True
TBS adaptive diffusion topology alpha=0.01 edge=0.001,N3187,L750,0.008221152467991651,3,1,1.9999999999976683,0.3678794411718712,,False,2.0,False,False,True
TBS adaptive diffusion topology alpha=0.01 edge=0.001,N3187,N2541,0.006225884023694884,3,2,1.999999999934792,0.36787944118343674,,False,2.0,False,False,True
TBS adaptive diffusion topology alpha=0.01 edge=0.001,N3188,L553,0.008225519243347863,3,1,1.9999999999990272,0.3678794411716213,,False,2.0,False,False,True
TBS adaptive diffusion topology alpha=0.01 edge=0.001,N3188,N2742,0.003689353588558673,3,2,1.9999999999780762,0.36787944117547505,,False,2.0,False,False,True
TBS adaptive diffusion topology alpha=0.01 edge=0.001,N3189,L826,0.00823498751578313,3,1,1.9999999999996347,0.36787944117150956,,False,2.0,False,False,True
TBS adaptive diffusion topology alpha=0.01 edge=0.001,N3189,N2827,0.0030945167260014684,3,2,1.9999999999929008,0.3678794411727481,,False,2.0,False,False,True
TBS adaptive diffusion topology alpha=0.01 edge=0.001,N3190,L1784,0.00824581893478303,2,1,0.999999999999984,0.31731050786291515,,False,1.0,False,False,True
TBS adaptive diffusion topology alpha=0.01 edge=0.001,N3190,L1834,0.00824581893478303,2,1,0.999999999999984,0.31731050786291515,,False,1.0,False,False,True
TBS adaptive diffusion topology alpha=0.01 edge=0.001,N3191,L2328,0.008254494267858563,2,1,0.9999999999995357,0.3173105078630236,,False,1.0,False,False,True
TBS adaptive diffusion topology alpha=0.01 edge=0.001,N3191,L2397,0.008254494267858563,2,1,0.9999999999995357,0.3173105078630236,,False,1.0,False,False,True
TBS adaptive diffusion topology alpha=0.01 edge=0.001,N3192,L1841,0.008264273942323812,3,1,1.9999999999918885,0.36787944117293436,,False,2.0,False,False,True
TBS adaptive diffusion topology alpha=0.01 edge=0.001,N3192,N2662,0.004520447670958702,3,2,1.9999999996773015,0.36787944123079935,,False,2.0,False,False,True
TBS adaptive diffusion topology alpha=0.01 edge=0.001,N3193,L1952,0.008288816439451297,3,1,1.9999999999993145,0.3678794411715684,,False,2.0,False,False,True
TBS adaptive diffusion topology alpha=0.01 edge=0.001,N3193,N2965,0.002063711410777596,3,2,1.999999999986584,0.3678794411739101,,False,2.0,False,False,True
TBS adaptive diffusion topology alpha=0.01 edge=0.001,N3194,L1462,0.00828974359133752,3,1,1.9999999999988176,0.3678794411716598,,False,2.0,False,False,True
TBS adaptive diffusion topology alpha=0.01 edge=0.001,N3194,N2611,0.00513413935617926,3,2,1.999999999984843,0.3678794411742303,,False,2.0,False,False,True
TBS adaptive diffusion topology alpha=0.01 edge=0.001,N3195,L1638,0.008291626769989211,2,1,0.999999999997766,0.3173105078634518,,False,1.0,False,False,True
TBS adaptive diffusion topology alpha=0.01 edge=0.001,N3195,L1933,0.008291626769989211,2,1,0.999999999997766,0.3173105078634518,,False,1.0,False,False,True
TBS adaptive diffusion topology alpha=0.01 edge=0.001,N3196,N2779,0.0034438716973061263,4,2,2.9999999999333165,0.3916251762813703,,False,3.0,False,False,True
TBS adaptive diffusion topology alpha=0.01 edge=0.001,N3196,N2886,0.0027295183054208663,4,2,2.9999999999333165,0.3916251762813703,,False,3.0,False,False,True
TBS adaptive diffusion topology alpha=0.01 edge=0.001,N3197,L2054,0.008295802605384936,2,1,0.9999999999990838,0.3173105078631329,,False,1.0,False,False,True
TBS adaptive diffusion topology alpha=0.01 edge=0.001,N3197,L2111,0.008295802605384936,2,1,0.9999999999990838,0.3173105078631329,,False,1.0,False,False,True
TBS adaptive diffusion topology alpha=0.01 edge=0.001,N3198,L968,0.0082983481220085,2,1,0.9999999999993574,0.3173105078630667,,False,1.0,False,False,True
TBS adaptive diffusion topology alpha=0.01 edge=0.001,N3198,L991,0.0082983481220085,2,1,0.9999999999993574,0.3173105078630667,,False,1.0,False,False,True
TBS adaptive diffusion topology alpha=0.01 edge=0.001,N3199,L736,0.008303330111544377,2,1,0.99999999999915,0.3173105078631169,,False,1.0,False,False,True
TBS adaptive diffusion topology alpha=0.01 edge=0.001,N3199,L1225,0.008303330111544377,2,1,0.99999999999915,0.3173105078631169,,False,1.0,False,False,True
TBS adaptive diffusion topology alpha=0.01 edge=0.001,N3200,L1506,0.008303390231793462,3,1,1.999999999998756,0.36787944117167115,,False,2.0,False,False,True
TBS adaptive diffusion topology alpha=0.01 edge=0.001,N3200,N2979,0.001884271521506624,3,2,1.9999999999599227,0.3678794411788142,,False,2.0,False,False,True
TBS adaptive diffusion topology alpha=0.01 edge=0.001,N3201,L907,0.008303747614778964,2,1,0.9999999999994298,0.31731050786304915,,False,1.0,False,False,True
TBS adaptive diffusion topology alpha=0.01 edge=0.001,N3201,L1336,0.008303747614778964,2,1,0.9999999999994298,0.31731050786304915,,False,1.0,False,False,True
TBS adaptive diffusion topology alpha=0.01 edge=0.001,N3202,L769,0.008326829830565718,3,1,1.999999999998221,0.3678794411717696,,False,2.0,False,False,True
TBS adaptive diffusion topology alpha=0.01 edge=0.001,N3202,N2993,0.0017446791419373075,3,2,1.9999999999447116,0.36787944118161203,,False,2.0,False,False,True
TBS adaptive diffusion topology alpha=0.01 edge=0.001,N3203,L1457,0.00834716559529233,2,1,0.9999999999957931,0.3173105078639292,,False,1.0,False,False,True
TBS adaptive diffusion topology alpha=0.01 edge=0.001,N3203,L1545,0.00834716559529233,2,1,0.9999999999957931,0.3173105078639292,,False,1.0,False,False,True
TBS adaptive diffusion topology alpha=0.01 edge=0.001,N3204,L264,0.0083779815685293,4,1,2.9999999999914504,0.3916251762724072,,False,3.0,False,False,True
TBS adaptive diffusion topology alpha=0.01 edge=0.001,N3204,N3025,0.0015174685732840866,4,3,2.999999998247051,0.3916251765413592,,False,3.0,False,False,True
TBS adaptive diffusion topology alpha=0.01 edge=0.001,N3205,L619,0.008395870923931676,3,1,1.9999999999992562,0.36787944117157917,,False,2.0,False,False,True
TBS adaptive diffusion topology alpha=0.01 edge=0.001,N3205,N2903,0.0026728742977250837,3,2,1.9999999999924891,0.3678794411728239,,False,2.0,False,False,True
TBS adaptive diffusion topology alpha=0.01 edge=0.001,N3206,L1987,0.008396769838807185,3,1,1.9999999999994202,0.3678794411715491,,False,2.0,False,False,True
TBS adaptive diffusion topology alpha=0.01 edge=0.001,N3206,N3086,0.0010435640429620836,3,2,1.9999999999903584,0.3678794411732158,,False,2.0,False,False,True
TBS adaptive diffusion topology alpha=0.01 edge=0.001,N3207,L1677,0.008398748354919248,3,1,1.9999999999491325,0.36787944118079885,,False,2.0,False,False,True
TBS adaptive diffusion topology alpha=0.01 edge=0.001,N3207,N2745,0.003807645283812475,3,2,1.9999999979011018,0.3678794415575131,,False,2.0,False,False,True
TBS adaptive diffusion topology alpha=0.01 edge=0.001,N3208,L263,0.00840845099920113,3,1,1.9999999999995282,0.3678794411715292,,False,2.0,False,False,True
TBS adaptive diffusion topology alpha=0.01 edge=0.001,N3208,N2851,0.003083072628194301,3,2,1.9999999999865237,0.3678794411739211,,False,2.0,False,False,True
TBS adaptive diffusion topology alpha=0.01 edge=0.001,N3209,L1027,0.00842369175493772,3,1,1.9999999999747176,0.36787944117609284,,False,2.0,False,False,True
TBS adaptive diffusion topology alpha=0.01 edge=0.001,N3209,N2822,0.003293610603435555,3,2,1.9999999989807993,0.36787944135891393,,False,2.0,False,False,True
TBS adaptive diffusion topology alpha=0.01 edge=0.001,N3210,L1320,0.008436443814596739,4,1,2.999999999998907,0.3916251762712575,,False,3.0,False,False,True
TBS adaptive diffusion topology alpha=0.01 edge=0.001,N3210,N3069,0.0011986087206746771,4,3,2.9999999998782383,0.39162517628986226,,False,3.0,False,False,True
TBS adaptive diffusion topology alpha=0.01 edge=0.001,N3211,L933,0.008437365915538933,3,1,1.9999999999998406,0.3678794411714717,,False,2.0,False,False,True
TBS adaptive diffusion topology alpha=0.01 edge=0.001,N3211,N2901,0.002743938107954415,3,2,1.9999999999980989,0.367879441171792,,False,2.0,False,False,True
TBS adaptive diffusion topology alpha=0.01 edge=0.001,N3212,L1351,0.0084476293066928,3,1,1.999999999999277,0.3678794411715754,,False,2.0,False,False,True
TBS adaptive diffusion topology alpha=0.01 edge=0.001,N3212,N2791,0.003512479234415257,3,2,1.999999999985288,0.3678794411741485,,False,2.0,False,False,True
TBS adaptive diffusion topology alpha=0.01 edge=0.001,N3213,L1194,0.008464344311767527,2,1,0.9999999999961962,0.31731050786383164,,False,1.0,False,False,True
TBS adaptive diffusion topology alpha=0.01 edge=0.001,N3213,L1277,0.008464344311767527,2,1,0.9999999999961962,0.31731050786383164,,False,1.0,False,False,True
TBS adaptive diffusion topology alpha=0.01 edge=0.001,N3214,L1752,0.008472065084448824,2,1,0.9999999999999369,0.31731050786292647,,False,1.0,False,False,True
TBS adaptive diffusion topology alpha=0.01 edge=0.001,N3214,L1881,0.008472065084448824,2,1,0.9999999999999369,0.31731050786292647,,False,1.0,False,False,True
TBS adaptive diffusion topology alpha=0.01 edge=0.001,N3215,L1029,0.008475849897475156,4,1,2.999999999979127,0.39162517627430704,,False,3.0,False,False,True
TBS adaptive diffusion topology alpha=0.01 edge=0.001,N3215,N2825,0.0033357536112421323,4,3,2.9999999947741376,0.3916251770768141,,False,3.0,False,False,True
TBS adaptive diffusion topology alpha=0.01 edge=0.001,N3216,L268,0.00849535782424677,2,1,0.9999999999982379,0.31731050786333764,,False,1.0,False,False,True
TBS adaptive diffusion topology alpha=0.01 edge=0.001,N3216,L529,0.00849535782424677,2,1,0.9999999999982379,0.31731050786333764,,False,1.0,False,False,True
TBS adaptive diffusion topology alpha=0.01 edge=0.001,N3217,L1363,0.008504624040602343,2,1,0.99999999998168,0.3173105078673441,,False,1.0,False,False,True
TBS adaptive diffusion topology alpha=0.01 edge=0.001,N3217,L1371,0.008504624040602343,2,1,0.99999999998168,0.3173105078673441,,False,1.0,False,False,True
TBS adaptive diffusion topology alpha=0.01 edge=0.001,N3218,L832,0.00850603803748509,3,1,1.999999999999429,0.36787944117154747,,False,2.0,False,False,True
TBS adaptive diffusion topology alpha=0.01 edge=0.001,N3218,N2964,0.0022915682948759465,3,2,1.9999999999943332,0.3678794411724847,,False,2.0,False,False,True
TBS adaptive diffusion topology alpha=0.01 edge=0.001,N3219,L285,0.008524025010505084,2,1,0.9999999999997018,0.3173105078629834,,False,1.0,False,False,True
TBS adaptive diffusion topology alpha=0.01 edge=0.001,N3219,L436,0.008524025010505084,2,1,0.9999999999997018,0.3173105078629834,,False,1.0,False,False,True
TBS adaptive diffusion topology alpha=0.01 edge=0.001,N3220,L828,0.00853802609417706,2,1,0.99999999999784,0.3173105078634339,,False,1.0,False,False,True
TBS adaptive diffusion topology alpha=0.01 edge=0.001,N3220,L1006,0.00853802609417706,2,1,0.99999999999784,0.3173105078634339,,False,1.0,False,False,True
TBS adaptive diffusion topology alpha=0.01 edge=0.001,N3221,L2308,0.008544533818819217,2,1,0.999999999999938,0.3173105078629262,,False,1.0,False,False,True
TBS adaptive diffusion topology alpha=0.01 edge=0.001,N3221,L2370,0.008544533818819217,2,1,0.999999999999938,0.3173105078629262,,False,1.0,False,False,True
TBS adaptive diffusion topology alpha=0.01 edge=0.001,N3222,L355,0.008550613775255648,2,1,0.9999999999911136,0.31731050786506143,,False,1.0,False,False,True
TBS adaptive diffusion topology alpha=0.01 edge=0.001,N3222,L727,0.008550613775255648,2,1,0.9999999999911136,0.31731050786506143,,False,1.0,False,False,True
TBS adaptive diffusion topology alpha=0.01 edge=0.001,N3223,L2286,0.008556047668505637,2,1,0.9999999999992131,0.3173105078631016,,False,1.0,False,False,True
TBS adaptive diffusion topology alpha=0.01 edge=0.001,N3223,L2355,0.008556047668505637,2,1,0.9999999999992131,0.3173105078631016,,False,1.0,False,False,True
TBS adaptive diffusion topology alpha=0.01 edge=0.001,N3224,L2498,0.008565153576312042,3,1,1.9999999999993823,0.367879441171556,,False,2.0,False,False,True
TBS adaptive diffusion topology alpha=0.01 edge=0.001,N3224,N2883,0.003026235177343444,3,2,1.999999999976358,0.367879441175791,,False,2.0,False,False,True
TBS adaptive diffusion topology alpha=0.01 edge=0.001,N3225,L914,0.0085674772325604,3,1,1.9999999999997264,0.36787944117149274,,False,2.0,False,False,True
TBS adaptive diffusion topology alpha=0.01 edge=0.001,N3225,N2918,0.0027084336033168606,3,2,1.9999999999919318,0.3678794411729264,,False,2.0,False,False,True
TBS adaptive diffusion topology alpha=0.01 edge=0.001,N3226,N2678,0.004665994482826242,7,2,5.999999999977599,0.4231900811293531,,False,6.0,False,False,True
TBS adaptive diffusion topology alpha=0.01 edge=0.001,N3226,N3052,0.0015273002769522535,7,5,5.9999999996137765,0.4231900811701087,,False,6.0,False,False,True
TBS adaptive diffusion topology alpha=0.01 edge=0.001,N3227,L1165,0.008600504007716975,4,1,2.9999999999991855,0.3916251762712145,,False,3.0,False,False,True
TBS adaptive diffusion topology alpha=0.01 edge=0.001,N3227,N2986,0.0020916322123683013,4,3,2.999999999871342,0.3916251762909254,,False,3.0,False,False,True
TBS adaptive diffusion topology alpha=0.01 edge=0.001,N3228,N2581,0.005877718945999991,7,3,5.999999999897442,0.42319008113833223,,False,6.0,False,False,True
TBS adaptive diffusion topology alpha=0.01 edge=0.001,N3228,N3033,0.0016676002365285858,7,4,5.999999999744727,0.42319008115543943,,False,6.0,False,False,True
TBS adaptive diffusion topology alpha=0.01 edge=0.001,N3229,L1700,0.00863653614083682,4,1,2.999999999999397,0.391625176271182,,False,3.0,False,False,True
TBS adaptive diffusion topology alpha=0.01 edge=0.001,N3229,N2869,0.003217669829071343,4,3,2.9999999999684257,0.39162517627595717,,False,3.0,False,False,True
TBS adaptive diffusion topology alpha=0.01 edge=0.001,N3230,L1799,0.008640955040423354,2,1,0.9999999999999627,0.3173105078629202,,False,1.0,False,False,True
TBS adaptive diffusion topology alpha=0.01 edge=0.001,N3230,L1848,0.008640955040423354,2,1,0.9999999999999627,0.3173105078629202,,False,1.0,False,False,True
TBS adaptive diffusion topology alpha=0.01 edge=0.001,N3231,L573,0.008647465561642293,2,1,0.9999999999995837,0.31731050786301196,,False,1.0,False,False,True
TBS adaptive diffusion topology alpha=0.01 edge=0.001,N3231,L658,0.008647465561642293,2,1,0.9999999999995837,0.31731050786301196,,False,1.0,False,False,True
TBS adaptive diffusion topology alpha=0.01 edge=0.001,N3232,L640,0.008649004440170216,3,1,1.9999999999998763,0.3678794411714651,,False,2.0,False,False,True
TBS adaptive diffusion topology alpha=0.01 edge=0.001,N3232,N2599,0.005660147314131795,3,2,1.9999999999984346,0.3678794411717303,,False,2.0,False,False,True
TBS adaptive diffusion topology alpha=0.01 edge=0.001,N3233,L1664,0.008659932624624526,2,1,0.9999999999989422,0.3173105078631671,,False,1.0,False,False,True
TBS adaptive diffusion topology alpha=0.01 edge=0.001,N3233,L1917,0.008659932624624526,2,1,0.9999999999989422,0.3173105078631671,,False,1.0,False,False,True
TBS adaptive diffusion topology alpha=0.01 edge=0.001,N3234,L1191,0.008676017066440587,3,1,1.9999999999880407,0.36787944117364213,,False,2.0,False,False,True
TBS adaptive diffusion topology alpha=0.01 edge=0.001,N3234,N2679,0.00475274496316391,3,2,1.9999999995097042,0.3678794412616273,,False,2.0,False,False,True
TBS adaptive diffusion topology alpha=0.01 edge=0.001,N3235,L394,0.008705339602835854,2,1,0.9999999999110838,0.31731050788442633,,False,1.0,False,False,True
TBS adaptive diffusion topology alpha=0.01 edge=0.001,N3235,L458,0.008705339602835854,2,1,0.9999999999110838,0.31731050788442633,,False,1.0,False,False,True
TBS adaptive diffusion topology alpha=0.01 edge=0.001,N3236,L1725,0.008710845404379657,3,1,1.999999999999567,0.36787944117152205,,False,2.0,False,False,True
TBS adaptive diffusion topology alpha=0.01 edge=0.001,N3236,N2673,0.004862930874576318,3,2,1.9999999999911837,0.367879441173064,,False,2.0,False,False,True
TBS adaptive diffusion topology alpha=0.01 edge=0.001,N3237,L1816,0.008721743730330848,3,1,1.9999999999984153,0.3678794411717338,,False,2.0,False,False,True
TBS adaptive diffusion topology alpha=0.01 edge=0.001,N3237,N2949,0.0025603675374481897,3,2,1.9999999999636846,0.3678794411781222,,False,2.0,False,False,True
TBS adaptive diffusion topology alpha=0.01 edge=0.001,N3238,L901,0.008759399884696923,2,1,0.9999999999986868,0.317310507863229,,False,1.0,False,False,True
TBS adaptive diffusion topology alpha=0.01 edge=0.001,N3238,L1080,0.008759399884696923,2,1,0.9999999999986868,0.317310507863229,,False,1.0,False,False,True
TBS adaptive diffusion topology alpha=0.01 edge=0.001,N3239,L77,0.008773531580766422,2,1,0.999999999998447,0.317310507863287,,False,1.0,False,False,True
TBS adaptive diffusion topology alpha=0.01 edge=0.001,N3239,L90,0.008773531580766422,2,1,0.999999999998447,0.317310507863287,,False,1.0,False,False,True
TBS adaptive diffusion topology alpha=0.01 edge=0.001,N3240,L1672,0.008785316648972955,2,1,0.999999999999919,0.31731050786293086,,False,1.0,False,False,True
TBS adaptive diffusion topology alpha=0.01 edge=0.001,N3240,L1998,0.008785316648972955,2,1,0.999999999999919,0.31731050786293086,,False,1.0,False,False,True
TBS adaptive diffusion topology alpha=0.01 edge=0.001,N3241,L1204,0.008813297868266132,3,1,1.999999999997078,0.36787944117197974,,False,2.0,False,False,True
TBS adaptive diffusion topology alpha=0.01 edge=0.001,N3241,N3155,0.000800587356356395,3,2,1.9999999999160023,0.36787944118689286,,False,2.0,False,False,True
TBS adaptive diffusion topology alpha=0.01 edge=0.001,N3242,L248,0.008829016089310748,2,1,0.9999999999991387,0.31731050786311965,,False,1.0,False,False,True
TBS adaptive diffusion topology alpha=0.01 edge=0.001,N3242,L284,0.008829016089310748,2,1,0.9999999999991387,0.31731050786311965,,False,1.0,False,False,True
TBS adaptive diffusion topology alpha=0.01 edge=0.001,N3243,L2249,0.008829856780859168,2,1,0.9999999999998443,0.3173105078629489,,False,1.0,False,False,True
TBS adaptive diffusion topology alpha=0.01 edge=0.001,N3243,L2263,0.008829856780859168,2,1,0.9999999999998443,0.3173105078629489,,False,1.0,False,False,True
TBS adaptive diffusion topology alpha=0.01 edge=0.001,N3244,L290,0.008859700200552992,2,1,0.9999999999999161,0.3173105078629315,,False,1.0,False,False,True
TBS adaptive diffusion topology alpha=0.01 edge=0.001,N3244,L980,0.008859700200552992,2,1,0.9999999999999161,0.3173105078629315,,False,1.0,False,False,True
TBS adaptive diffusion topology alpha=0.01 edge=0.001,N3245,L1274,0.008871183798399873,3,1,1.999999999992156,0.3678794411728851,,False,2.0,False,False,True
TBS adaptive diffusion topology alpha=0.01 edge=0.001,N3245,N2959,0.002683931766693163,3,2,1.9999999996843623,0.36787944122950067,,False,2.0,False,False,True
TBS adaptive diffusion topology alpha=0.01 edge=0.001,N3246,L834,0.008874257103172726,2,1,0.9999999999996871,0.3173105078629869,,False,1.0,False,False,True
TBS adaptive diffusion topology alpha=0.01 edge=0.001,N3246,L950,0.008874257103172726,2,1,0.9999999999996871,0.3173105078629869,,False,1.0,False,False,True
TBS adaptive diffusion topology alpha=0.01 edge=0.001,N3247,L1461,0.008880283440561772,2,1,0.9999999999998526,0.3173105078629469,,False,1.0,False,False,True
TBS adaptive diffusion topology alpha=0.01 edge=0.001,N3247,L1604,0.008880283440561772,2,1,0.9999999999998526,0.3173105078629469,,False,1.0,False,False,True
TBS adaptive diffusion topology alpha=0.01 edge=0.001,N3248,L26,0.008881211197925181,2,1,0.9999999999988232,0.31731050786319603,,False,1.0,False,False,True
TBS adaptive diffusion topology alpha=0.01 edge=0.001,N3248,L133,0.008881211197925181,2,1,0.9999999999988232,0.31731050786319603,,False,1.0,False,False,True
TBS adaptive diffusion topology alpha=0.01 edge=0.001,N3249,L815,0.008891210178644167,2,1,0.999999999999619,0.3173105078630034,,False,1.0,False,False,True
TBS adaptive diffusion topology alpha=0.01 edge=0.001,N3249,L1281,0.008891210178644167,2,1,0.999999999999619,0.3173105078630034,,False,1.0,False,False,True
TBS adaptive diffusion topology alpha=0.01 edge=0.001,N3250,L73,0.00889181849883857,2,1,0.9999999999997928,0.3173105078629614,,False,1.0,False,False,True
TBS adaptive diffusion topology alpha=0.01 edge=0.001,N3250,L100,0.00889181849883857,2,1,0.9999999999997928,0.3173105078629614,,False,1.0,False,False,True
TBS adaptive diffusion topology alpha=0.01 edge=0.001,N3251,L1771,0.008899623699490775,8,1,6.999999999996396,0.42887985755343006,,False,7.0,False,False,True
TBS adaptive diffusion topology alpha=0.01 edge=0.001,N3251,N3228,0.00028376933475299,8,7,6.999999999200269,0.4288798576363225,,False,7.0,False,False,True
TBS adaptive diffusion topology alpha=0.01 edge=0.001,N3252,L2207,0.008905066069698755,2,1,0.9999999999999545,0.31731050786292225,,False,1.0,False,False,True
TBS adaptive diffusion topology alpha=0.01 edge=0.001,N3252,L2395,0.008905066069698755,2,1,0.9999999999999545,0.31731050786292225,,False,1.0,False,False,True
TBS adaptive diffusion topology alpha=0.01 edge=0.001,N3253,L346,0.008921954490084587,3,1,1.9999999999987896,0.367879441171665,,False,2.0,False,False,True
TBS adaptive diffusion topology alpha=0.01 edge=0.001,N3253,N2740,0.004407440554590863,3,2,1.9999999999734872,0.3678794411763191,,False,2.0,False,False,True
TBS adaptive diffusion topology alpha=0.01 edge=0.001,N3254,L1063,0.008929531415058974,6,1,4.999999999996831,0.415880186995895,,False,5.0,False,False,True
TBS adaptive diffusion topology alpha=0.01 edge=0.001,N3254,N3134,0.0011324494130278417,6,5,4.999999999300812,0.4158801870808383,,False,5.0,False,False,True
TBS adaptive diffusion topology alpha=0.01 edge=0.001,N3255,L971,0.00893329468339163,2,1,0.9999999999995541,0.3173105078630191,,False,1.0,False,False,True
TBS adaptive diffusion topology alpha=0.01 edge=0.001,N3255,L1087,0.00893329468339163,2,1,0.9999999999995541,0.3173105078630191,,False,1.0,False,False,True
TBS adaptive diffusion topology alpha=0.01 edge=0.001,N3256,L155,0.00896475566420383,2,1,0.9999999999988614,0.31731050786318676,,False,1.0,False,False,True
TBS adaptive diffusion topology alpha=0.01 edge=0.001,N3256,L247,0.00896475566420383,2,1,0.9999999999988614,0.31731050786318676,,False,1.0,False,False,True
TBS adaptive diffusion topology alpha=0.01 edge=0.001,N3257,L1928,0.00897644655669175,3,1,1.999999999929975,0.36787944118432275,,False,2.0,False,False,True
TBS adaptive diffusion topology alpha=0.01 edge=0.001,N3257,N2763,0.0042211898057886565,3,2,1.999999997086173,0.3678794417074108,,False,2.0,False,False,True
TBS adaptive diffusion topology alpha=0.01 edge=0.001,N3258,L730,0.008977368469605767,2,1,0.9999999999997866,0.3173105078629629,,False,1.0,False,False,True
TBS adaptive diffusion topology alpha=0.01 edge=0.001,N3258,L944,0.008977368469605767,2,1,0.9999999999997866,0.3173105078629629,,False,1.0,False,False,True
TBS adaptive diffusion topology alpha=0.01 edge=0.001,N3259,L338,0.009009334917815026,2,1,0.9999999999998221,0.3173105078629543,,False,1.0,False,False,True
TBS adaptive diffusion topology alpha=0.01 edge=0.001,N3259,L358,0.009009334917815026,2,1,0.9999999999998221,0.3173105078629543,,False,1.0,False,False,True
TBS adaptive diffusion topology alpha=0.01 edge=0.001,N3260,L1396,0.00902340044815761,2,1,0.9999999999868872,0.3173105078660841,,False,1.0,False,False,True
TBS adaptive diffusion topology alpha=0.01 edge=0.001,N3260,L1492,0.00902340044815761,2,1,0.9999999999868872,0.3173105078660841,,False,1.0,False,False,True
TBS adaptive diffusion topology alpha=0.01 edge=0.001,N3261,L499,0.009025085840071445,2,1,0.9999999999998126,0.31731050786295656,,False,1.0,False,False,True
TBS adaptive diffusion topology alpha=0.01 edge=0.001,N3261,L1594,0.009025085840071445,2,1,0.9999999999998126,0.31731050786295656,,False,1.0,False,False,True
TBS adaptive diffusion topology alpha=0.01 edge=0.001,N3262,L2251,0.009028931495781848,4,1,2.9999999999998215,0.3916251762711165,,False,3.0,False,False,True
TBS adaptive diffusion topology alpha=0.01 edge=0.001,N3262,N2990,0.002494021242968512,4,3,2.999999999984827,0.3916251762734281,,False,3.0,False,False,True
TBS adaptive diffusion topology alpha=0.01 edge=0.001,N3263,L2265,0.009057463705566109,2,1,0.9999999999999019,0.31731050786293497,,False,1.0,False,False,True
TBS adaptive diffusion topology alpha=0.01 edge=0.001,N3263,L2273,0.009057463705566109,2,1,0.9999999999999019,0.31731050786293497,,False,1.0,False,False,True
TBS adaptive diffusion topology alpha=0.01 edge=0.001,N3264,L2419,0.009057553429050081,3,1,1.9999999999948637,0.3678794411723871,,False,2.0,False,False,True
TBS adaptive diffusion topology alpha=0.01 edge=0.001,N3264,N2919,0.0031811522447387375,3,2,1.9999999997961009,0.3678794412089475,,False,2.0,False,False,True
TBS adaptive diffusion topology alpha=0.01 edge=0.001,N3265,L863,0.009059978488205679,3,1,1.9999999999988312,0.3678794411716574,,False,2.0,False,False,True
TBS adaptive diffusion topology alpha=0.01 edge=0.001,N3265,N3154,0.0010785727952488087,3,2,1.999999999958507,0.3678794411790746,,False,2.0,False,False,True
TBS adaptive diffusion topology alpha=0.01 edge=0.001,N3266,L2020,0.009065342268244247,3,1,1.9999999999446567,0.3678794411816222,,False,2.0,False,False,True
TBS adaptive diffusion topology alpha=0.01 edge=0.001,N3266,N2997,0.0024464982143304797,3,2,1.9999999977149767,0.3678794415917488,,False,2.0,False,False,True
TBS adaptive diffusion topology alpha=0.01 edge=0.001,N3267,N2963,0.0028569258480323724,9,3,7.999999999919233,0.43347012037459864,,False,8.0,False,False,True
TBS adaptive diffusion topology alpha=0.01 edge=0.001,N3267,N3043,0.0020386435356330936,9,6,7.999999999369688,0.43347012042828015,,False,8.0,False,False,True
TBS adaptive diffusion topology alpha=0.01 edge=0.001,N3268,L804,0.009073002541926927,2,1,0.9999999999993798,0.3173105078630613,,False,1.0,False,False,True
TBS adaptive diffusion topology alpha=0.01 edge=0.001,N3268,L881,0.009073002541926927,2,1,0.9999999999993798,0.3173105078630613,,False,1.0,False,False,True
TBS adaptive diffusion topology alpha=0.01 edge=0.001,N3269,L597,0.009075150380181,2,1,0.9999999999729137,0.3173105078694653,,False,1.0,False,False,True
TBS adaptive diffusion topology alpha=0.01 edge=0.001,N3269,L1409,0.009075150380181,2,1,0.9999999999729137,0.3173105078694653,,False,1.0,False,False,True
TBS adaptive diffusion topology alpha=0.01 edge=0.001,N3270,L1045,0.009082965080402416,2,1,0.9999999999989893,0.31731050786315573,,False,1.0,False,False,True
TBS adaptive diffusion topology alpha=0.01 edge=0.001,N3270,L1322,0.009082965080402416,2,1,0.9999999999989893,0.31731050786315573,,False,1.0,False,False,True
TBS adaptive diffusion topology alpha=0.01 edge=0.001,N3271,N3093,0.001648721369759892,5,3,3.9999999998884324,0.40600584972493714,,False,4.0,False,False,True
TBS adaptive diffusion topology alpha=0.01 edge=0.001,N3271,N3168,0.0009681214135536969,5,2,3.9999999999720197,0.4060058497136251,,False,4.0,False,False,True
TBS adaptive diffusion topology alpha=0.01 edge=0.001,N3272,L1167,0.009098287017979151,3,1,1.9999999999980844,0.3678794411717948,,False,2.0,False,False,True
TBS adaptive diffusion topology alpha=0.01 edge=0.001,N3272,N2674,0.005237655483673585,3,2,1.9999999999381741,0.36787944118281457,,False,2.0,False,False,True
TBS adaptive diffusion topology alpha=0.01 edge=0.001,N3273,L124,0.009109499554003253,2,1,0.9999999999997278,0.31731050786297715,,False,1.0,False,False,True
TBS adaptive diffusion topology alpha=0.01 edge=0.001,N3273,L1394,0.009109499554003253,2,1,0.9999999999997278,0.31731050786297715,,False,1.0,False,False,True
TBS adaptive diffusion topology alpha=0.01 edge=0.001,N3274,L1678,0.00911939519014875,2,1,0.9999999999993912,0.31731050786305853,,False,1.0,False,False,True
TBS adaptive diffusion topology alpha=0.01 edge=0.001,N3274,L1830,0.00911939519014875,2,1,0.9999999999993912,0.31731050786305853,,False,1.0,False,False,True
TBS adaptive diffusion topology alpha=0.01 edge=0.001,N3275,L421,0.009128003744588678,5,1,3.999999999998894,0.40600584970998777,,False,4.0,False,False,True
TBS adaptive diffusion topology alpha=0.01 edge=0.001,N3275,N2980,0.0026934761332701868,5,4,3.9999999995564837,0.40600584976986165,,False,4.0,False,False,True
TBS adaptive diffusion topology alpha=0.01 edge=0.001,N3276,N3098,0.001647117309669736,5,2,3.999999999727142,0.40600584974676557,,False,4.0,False,False,True
TBS adaptive diffusion topology alpha=0.01 edge=0.001,N3276,N3181,0.0009425852059736406,5,3,3.9999999987978114,0.40600584987253685,,False,4.0,False,False,True
TBS adaptive diffusion topology alpha=0.01 edge=0.001,N3277,L221,0.009133141841182593,3,1,1.9999999999907034,0.3678794411731524,,False,2.0,False,False,True
TBS adaptive diffusion topology alpha=0.01 edge=0.001,N3277,N3060,0.0020079519295435177,3,2,1.9999999996231828,0.367879441240754,,False,2.0,False,False,True
TBS adaptive diffusion topology alpha=0.01 edge=0.001,N3278,L386,0.009133693472625203,8,1,6.999999999993896,0.4288798575536903,,False,7.0,False,False,True
TBS adaptive diffusion topology alpha=0.01 edge=0.001,N3278,N3130,0.0013529513560663268,8,7,6.999999989121257,0.42887985868574685,,False,7.0,False,False,True
TBS adaptive diffusion topology alpha=0.01 edge=0.001,N3279,L2290,0.00913804338685938,3,1,1.9999999999959743,0.36787944117218274,,False,2.0,False,False,True
TBS adaptive diffusion topology alpha=0.01 edge=0.001,N3279,N2571,0.006524050739965119,3,2,1.9999999998793645,0.3678794411936321,,False,2.0,False,False,True
TBS adaptive diffusion topology alpha=0.01 edge=0.001,N3280,L1603,0.00914758399456712,5,1,3.9999999999982876,0.4060058497100699,,False,4.0,False,False,True
TBS adaptive diffusion topology alpha=0.01 edge=0.001,N3280,N3015,0.002341347854038021,5,4,3.999999999897803,0.4060058497236694,,False,4.0,False,False,True
TBS adaptive diffusion topology alpha=0.01 edge=0.001,N3281,L1305,0.009156713969550125,3,1,1.9999999999991631,0.3678794411715964,,False,2.0,False,False,True
TBS adaptive diffusion topology alpha=0.01 edge=0.001,N3281,N2927,0.003193957557436058,3,2,1.9999999999812315,0.3678794411748946,,False,2.0,False,False,True
TBS adaptive diffusion topology alpha=0.01 edge=0.001,N3282,L1872,0.009172106268925536,10,1,8.999999999996415,0.4372741889141978,,False,9.0,False,False,True
TBS adaptive diffusion topology alpha=0.01 edge=0.001,N3282,N3066,0.0019613416567157965,10,9,8.999999997041607,0.4372741891869535,,False,9.0,False,False,True
TBS adaptive diffusion topology alpha=0.01 edge=0.001,N3283,L132,0.009181763334953349,2,1,0.9999999999999409,0.31731050786292553,,False,1.0,False,False,True
TBS adaptive diffusion topology alpha=0.01 edge=0.001,N3283,L1011,0.009181763334953349,2,1,0.9999999999999409,0.31731050786292553,,False,1.0,False,False,True
TBS adaptive diffusion topology alpha=0.01 edge=0.001,N3284,N2823,0.004043930974463813,7,4,5.999999046959731,0.42319018788728446,,False,6.0,False,False,True
TBS adaptive diffusion topology alpha=0.01 edge=0.001,N3284,N2863,0.0037924193012828645,7,3,5.999999623714225,0.4231901232787173,,False,6.0,False,False,True
TBS adaptive diffusion topology alpha=0.01 edge=0.001,N3285,L1913,0.009187624865596704,5,1,3.999999999998085,0.40600584971009746,,False,4.0,False,False,True
TBS adaptive diffusion topology alpha=0.01 edge=0.001,N3285,N2952,0.0030249576973974,5,4,3.9999999993008974,0.4060058498044514,,False,4.0,False,False,True
TBS adaptive diffusion topology alpha=0.01 edge=0.001,N3286,L890,0.009190819382593984,3,1,1.99999999999795,0.36787944117181937,,False,2.0,False,False,True
TBS adaptive diffusion topology alpha=0.01 edge=0.001,N3286,N2892,0.0035902319876855195,3,2,1.9999999999368823,0.3678794411830522,,False,2.0,False,False,True
TBS adaptive diffusion topology alpha=0.01 edge=0.001,N3287,L1800,0.009203425315918348,4,1,2.999999999999815,0.3916251762711175,,False,3.0,False,False,True
TBS adaptive diffusion topology alpha=0.01 edge=0.001,N3287,N2767,0.0044277364112724656,4,3,2.9999999999938276,0.3916251762720405,,False,3.0,False,False,True
TBS adaptive diffusion topology alpha=0.01 edge=0.001,N3288,N2794,0.004246104007708618,4,2,2.999999999994949,0.39162517627186777,,False,3.0,False,False,True
TBS adaptive diffusion topology alpha=0.01 edge=0.001,N3288,N2948,0.0030540065878370552,4,2,2.999999999994949,0.39162517627186777,,False,3.0,False,False,True
TBS adaptive diffusion topology alpha=0.01 edge=0.001,N3289,L1402,0.009235357403681721,9,1,7.999999999987997,0.43347012036788146,,False,8.0,False,False,True
TBS adaptive diffusion topology alpha=0.01 edge=0.001,N3289,N3096,0.0017708236773075806,9,8,7.999999900977688,0.4334701300395458,,False,8.0,False,False,True
TBS adaptive diffusion topology alpha=0.01 edge=0.001,N3290,L679,0.009250779500180831,4,1,2.9999999999998095,0.39162517627111837,,False,3.0,False,False,True
TBS adaptive diffusion topology alpha=0.01 edge=0.001,N3290,N2926,0.003298410850296766,4,3,2.9999999999750377,0.39162517627493776,,False,3.0,False,False,True
TBS adaptive diffusion topology alpha=0.01 edge=0.001,N3291,L1141,0.009260181079031937,4,1,2.999999999950505,0.3916251762787202,,False,3.0,False,False,True
TBS adaptive diffusion topology alpha=0.01 edge=0.001,N3291,N3091,0.0018352591087106391,4,3,2.999999987764115,0.39162517815762177,,False,3.0,False,False,True
TBS adaptive diffusion topology alpha=0.01 edge=0.001,N3292,L239,0.009260440003538548,5,1,3.999999999998375,0.40600584971005804,,False,4.0,False,False,True
TBS adaptive diffusion topology alpha=0.01 edge=0.001,N3292,N3150,0.0013097489926455342,5,4,3.999999999838783,0.40600584973165665,,False,4.0,False,False,True
TBS adaptive diffusion topology alpha=0.01 edge=0.001,N3293,N2849,0.003939513710212504,4,2,2.9999999992552486,0.391625176385915,,False,3.0,False,False,True
TBS adaptive diffusion topology alpha=0.01 edge=0.001,N3293,N2902,0.003561804511788855,4,2,2.9999999992552486,0.391625176385915,,False,3.0,False,False,True
TBS adaptive diffusion topology alpha=0.01 edge=0.001,N3294,L1298,0.009277052998604512,3,1,1.9999999999992606,0.3678794411715784,,False,2.0,False,False,True
TBS adaptive diffusion topology alpha=0.01 edge=0.001,N3294,N3047,0.0022396390624595834,3,2,1.9999999999904925,0.36787944117319105,,False,2.0,False,False,True
TBS adaptive diffusion topology alpha=0.01 edge=0.001,N3295,L2318,0.009305744681394819,3,1,1.9999999999948939,0.36787944117238164,,False,2.0,False,False,True
TBS adaptive diffusion topology alpha=0.01 edge=0.001,N3295,N3024,0.0024465476292509915,3,2,1.999999999808973,0.3678794412065797,,False,2.0,False,False,True
TBS adaptive diffusion topology alpha=0.01 edge=0.001,N3296,L1774,0.00931025059916033,5,1,3.9999999999969127,0.4060058497102558,,False,4.0,False,False,True
TBS adaptive diffusion topology alpha=0.01 edge=0.001,N3296,N2996,0.0027115419839280524,5,4,3.9999999987557104,0.4060058498782342,,False,4.0,False,False,True
TBS adaptive diffusion topology alpha=0.01 edge=0.001,N3297,L112,0.009311049967111271,2,1,0.9999999999991367,0.3173105078631201,,False,1.0,False,False,True
TBS adaptive diffusion topology alpha=0.01 edge=0.001,N3297,L827,0.009311049967111271,2,1,0.9999999999991367,0.3173105078631201,,False,1.0,False,False,True
TBS adaptive diffusion topology alpha=0.01 edge=0.001,N3298,N2859,0.003963809088699402,4,2,2.999999999986551,0.3916251762731625,,False,3.0,False,False,True
TBS adaptive diffusion topology alpha=0.01 edge=0.001,N3298,N2932,0.0033348829983396613,4,2,2.999999999986551,0.3916251762731625,,False,3.0,False,False,True
TBS adaptive diffusion topology alpha=0.01 edge=0.001,N3299,L916,0.009335117824232275,2,1,0.9999999999998606,0.31731050786294496,,False,1.0,False,False,True
TBS adaptive diffusion topology alpha=0.01 edge=0.001,N3299,L987,0.009335117824232275,2,1,0.9999999999998606,0.31731050786294496,,False,1.0,False,False,True
TBS adaptive diffusion topology alpha=0.01 edge=0.001,N3300,L1177,0.009338324568275748,2,1,0.9999999999983289,0.3173105078633156,,False,1.0,False,False,True
TBS adaptive diffusion topology alpha=0.01 edge=0.001,N3300,L1190,0.009338324568275748,2,1,0.9999999999983289,0.3173105078633156,,False,1.0,False,False,True
TBS adaptive diffusion topology alpha=0.01 edge=0.001,N3301,L1671,0.009346179015254846,2,1,0.9999999999995184,0.3173105078630277,,False,1.0,False,False,True
TBS adaptive diffusion topology alpha=0.01 edge=0.001,N3301,L1826,0.009346179015254846,2,1,0.9999999999995184,0.3173105078630277,,False,1.0,False,False,True
TBS adaptive diffusion topology alpha=0.01 edge=0.001,N3302,L1650,0.009346554476604634,3,1,1.9999999999893097,0.36787944117340876,,False,2.0,False,False,True
TBS adaptive diffusion topology alpha=0.01 edge=0.001,N3302,N3078,0.0020563824016604825,3,2,1.9999999995921052,0.3678794412464705,,False,2.0,False,False,True
TBS adaptive diffusion topology alpha=0.01 edge=0.001,N3303,L2184,0.009350371981680062,2,1,0.9999999999983533,0.31731050786330967,,False,1.0,False,False,True
TBS adaptive diffusion topology alpha=0.01 edge=0.001,N3303,L2198,0.009350371981680062,2,1,0.9999999999983533,0.31731050786330967,,False,1.0,False,False,True
TBS adaptive diffusion topology alpha=0.01 edge=0.001,N3304,L985,0.009354030938396093,2,1,0.9999999999990927,0.31731050786313075,,False,1.0,False,False,True
TBS adaptive diffusion topology alpha=0.01 edge=0.001,N3304,L1372,0.009354030938396093,2,1,0.9999999999990927,0.31731050786313075,,False,1.0,False,False,True
TBS adaptive diffusion topology alpha=0.01 edge=0.001,N3305,N2998,0.00272943935073546,8,6,6.999999988914899,0.4288798587072329,,False,7.0,False,False,True
TBS adaptive diffusion topology alpha=0.01 edge=0.001,N3305,N3161,0.0012789888649352274,8,2,6.999999999696807,0.428879857584623,,False,7.0,False,False,True
TBS adaptive diffusion topology alpha=0.01 edge=0.001,N3306,N3112,0.0017342659326690089,7,4,5.999999998467786,0.42319008129848357,,False,6.0,False,False,True
TBS adaptive diffusion topology alpha=0.01 edge=0.001,N3306,N3202,0.0010316019268820707,7,3,5.99999999939156,0.4231900811950017,,False,6.0,False,False,True
TBS adaptive diffusion topology alpha=0.01 edge=0.001,N3307,L2048,0.009359042759120906,2,1,0.999999999987228,0.3173105078660017,,False,1.0,False,False,True
TBS adaptive diffusion topology alpha=0.01 edge=0.001,N3307,L2049,0.009359042759120906,2,1,0.999999999987228,0.3173105078660017,,False,1.0,False,False,True
TBS adaptive diffusion topology alpha=0.01 edge=0.001,N3308,L71,0.009360421039665843,4,1,2.999999999991907,0.39162517627233684,,False,3.0,False,False,True
TBS adaptive diffusion topology alpha=0.01 edge=0.001,N3308,N2981,0.0029126662609751794,4,3,2.9999999980687484,0.39162517656884976,,False,3.0,False,False,True
TBS adaptive diffusion topology alpha=0.01 edge=0.001,N3309,L1423,0.009368453920548954,2,1,0.9999999999868463,0.31731050786609405,,False,1.0,False,False,True
TBS adaptive diffusion topology alpha=0.01 edge=0.001,N3309,L1577,0.009368453920548954,2,1,0.9999999999868463,0.31731050786609405,,False,1.0,False,False,True
TBS adaptive diffusion topology alpha=0.01 edge=0.001,N3310,N2622,0.006058203776097626,5,3,3.9999999993318593,0.4060058498002611,,False,4.0,False,False,True
TBS adaptive diffusion topology alpha=0.01 edge=0.001,N3310,N3039,0.002393516042144385,5,2,3.999999999846696,0.40600584973058573,,False,4.0,False,False,True
TBS adaptive diffusion topology alpha=0.01 edge=0.001,N3311,N2697,0.005298772346541773,5,2,3.99999999993361,0.40600584971882336,,False,4.0,False,False,True
TBS adaptive diffusion topology alpha=0.01 edge=0.001,N3311,N3012,0.0025923947225972707,5,3,3.9999999997109663,0.4060058497489547,,False,4.0,False,False,True
TBS adaptive diffusion topology alpha=0.01 edge=0.001,N3312,L35,0.009373856309014883,2,1,0.999999999994289,0.3173105078642931,,False,1.0,False,False,True
TBS adaptive diffusion topology alpha=0.01 edge=0.001,N3312,L266,0.009373856309014883,2,1,0.999999999994289,0.3173105078642931,,False,1.0,False,False,True
TBS adaptive diffusion topology alpha=0.01 edge=0.001,N3313,L1300,0.009384394635015645,3,1,1.9999999999747875,0.3678794411760799,,False,2.0,False,False,True
TBS adaptive diffusion topology alpha=0.01 edge=0.001,N3313,N2776,0.004553198585738258,3,2,1.9999999989643036,0.367879441361948,,False,2.0,False,False,True
TBS adaptive diffusion topology alpha=0.01 edge=0.001,N3314,N2826,0.0042490683316701435,5,2,3.9999999997323963,0.40600584974605436,,False,4.0,False,False,True
TBS adaptive diffusion topology alpha=0.01 edge=0.001,N3314,N2925,0.0034473327302972237,5,3,3.999999998822653,0.40600584986917476,,False,4.0,False,False,True
TBS adaptive diffusion topology alpha=0.01 edge=0.001,N3315,N2774,0.004582440484495742,5,2,3.9999999998719877,0.4060058497271627,,False,4.0,False,False,True
TBS adaptive diffusion topology alpha=0.01 edge=0.001,N3315,N2796,0.004422921791379605,5,3,3.9999999994355497,0.4060058497862281,,False,4.0,False,False,True
TBS adaptive diffusion topology alpha=0.01 edge=0.001,N3316,L1113,0.00939917262363638,3,1,1.9999999999980926,0.36787944117179316,,False,2.0,False,False,True
TBS adaptive diffusion topology alpha=0.01 edge=0.001,N3316,N2733,0.005010589803639476,3,2,1.9999999999521385,0.3678794411802459,,False,2.0,False,False,True
TBS adaptive diffusion topology alpha=0.01 edge=0.001,N3317,L1043,0.009399372476637106,2,1,0.9999999999997826,0.31731050786296383,,False,1.0,False,False,True
TBS adaptive diffusion topology alpha=0.01 edge=0.001,N3317,L1246,0.009399372476637106,2,1,0.9999999999997826,0.31731050786296383,,False,1.0,False,False,True
TBS adaptive diffusion topology alpha=0.01 edge=0.001,N3318,L639,0.009418612114235047,4,1,2.9999999999973115,0.3916251762715033,,False,3.0,False,False,True
TBS adaptive diffusion topology alpha=0.01 edge=0.001,N3318,N3087,0.0020424562747422344,4,3,2.9999999998068967,0.39162517630086136,,False,3.0,False,False,True
TBS adaptive diffusion topology alpha=0.01 edge=0.001,N3319,L2116,0.009438874789095027,2,1,0.9999999999998104,0.3173105078629571,,False,1.0,False,False,True
TBS adaptive diffusion topology alpha=0.01 edge=0.001,N3319,L2312,0.009438874789095027,2,1,0.9999999999998104,0.3173105078629571,,False,1.0,False,False,True
TBS adaptive diffusion topology alpha=0.01 edge=0.001,N3320,N2967,0.0031924143753088003,6,3,4.9999999846237415,0.41588018887205014,,False,5.0,False,False,True
TBS adaptive diffusion topology alpha=0.01 edge=0.001,N3320,N3084,0.0020880616112491676,6,3,4.999999984623619,0.4158801888720651,,False,5.0,False,False,True
TBS adaptive diffusion topology alpha=0.01 edge=0.001,N3321,L324,0.009481538828246322,3,1,1.9999999999998364,0.36787944117147253,,False,2.0,False,False,True
TBS adaptive diffusion topology alpha=0.01 edge=0.001,N3321,N2913,0.003649347959771059,3,2,1.9999999999971516,0.36787944117196636,,False,2.0,False,False,True
TBS adaptive diffusion topology alpha=0.01 edge=0.001,N3322,N2766,0.004748534656507485,7,5,5.999999998028808,0.42319008134765834,,False,6.0,False,False,True
TBS adaptive diffusion topology alpha=0.01 edge=0.001,N3322,N3261,0.000493137610590394,7,2,5.9999999999099884,0.4231900811369268,,False,6.0,False,False,True
TBS adaptive diffusion topology alpha=0.01 edge=0.001,N3323,L75,0.009519884416811382,3,1,1.999999999995083,0.36787944117234683,,False,2.0,False,False,True
TBS adaptive diffusion topology alpha=0.01 edge=0.001,N3323,N2552,0.007270474844569964,3,2,1.9999999998217344,0.36787944120423255,,False,2.0,False,False,True
TBS adaptive diffusion topology alpha=0.01 edge=0.001,N3324,L1846,0.009528607503812823,7,1,5.999999999944533,0.423190081133057,,False,6.0,False,False,True
TBS adaptive diffusion topology alpha=0.01 edge=0.001,N3324,N3104,0.001973816050504896,7,6,5.999999755879562,0.4231901084734363,,False,6.0,False,False,True
TBS adaptive diffusion topology alpha=0.01 edge=0.001,N3325,L99,0.009530605093778408,5,1,3.9999999999535922,0.4060058497161191,,False,4.0,False,False,True
TBS adaptive diffusion topology alpha=0.01 edge=0.001,N3325,N3027,0.0026520051763909967,5,4,3.999999961681673,0.40600585489565966,,False,4.0,False,False,True
TBS adaptive diffusion topology alpha=0.01 edge=0.001,N3326,L777,0.009537823409234272,2,1,0.9999999999996061,0.3173105078630065,,False,1.0,False,False,True
TBS adaptive diffusion topology alpha=0.01 edge=0.001,N3326,L798,0.009537823409234272,2,1,0.9999999999996061,0.3173105078630065,,False,1.0,False,False,True
TBS adaptive diffusion topology alpha=0.01 edge=0.001,N3327,L688,0.009538541663020352,2,1,0.999999999999881,0.31731050786293996,,False,1.0,False,False,True
TBS adaptive diffusion topology alpha=0.01 edge=0.001,N3327,L1026,0.009538541663020352,2,1,0.999999999999881,0.31731050786293996,,False,1.0,False,False,True
TBS adaptive diffusion topology alpha=0.01 edge=0.001,N3328,L672,0.009538572482114222,3,1,1.999999999996294,0.36787944117212396,,False,2.0,False,False,True
TBS adaptive diffusion topology alpha=0.01 edge=0.001,N3328,N2999,0.0028939046539370643,3,2,1.9999999998665943,0.3678794411959809,,False,2.0,False,False,True
TBS adaptive diffusion topology alpha=0.01 edge=0.001,N3329,N2958,0.0033599503469498304,5,2,3.9999999995902056,0.40600584976529797,,False,4.0,False,False,True
TBS adaptive diffusion topology alpha=0.01 edge=0.001,N3329,N3189,0.0013119903803614445,5,3,3.9999999981949883,0.4060058499541197,,False,4.0,False,False,True
TBS adaptive diffusion topology alpha=0.01 edge=0.001,N3330,L1041,0.009547337229508129,3,1,1.9999999999987113,0.36787944117167937,,False,2.0,False,False,True
TBS adaptive diffusion topology alpha=0.01 edge=0.001,N3330,N2966,0.003312789138572679,3,2,1.9999999999578626,0.3678794411791931,,False,2.0,False,False,True
TBS adaptive diffusion topology alpha=0.01 edge=0.001,N3331,L1978,0.00955081256212559,4,1,2.999999999998125,0.39162517627137794,,False,3.0,False,False,True
TBS adaptive diffusion topology alpha=0.01 edge=0.001,N3331,N2866,0.004142484878091682,4,3,2.999999999858857,0.3916251762928503,,False,3.0,False,False,True
TBS adaptive diffusion topology alpha=0.01 edge=0.001,N3332,L156,0.009554528401878405,4,1,2.999999999991569,0.3916251762723887,,False,3.0,False,False,True
TBS adaptive diffusion topology alpha=0.01 edge=0.001,N3332,N3114,0.001927456657656355,4,3,2.999999997963229,0.39162517658511875,,False,3.0,False,False,True
TBS adaptive diffusion topology alpha=0.01 edge=0.001,N3333,N2734,0.0051436574021492265,12,3,10.999999999845178,0.4432632784394356,,False,11.0,False,False,True
TBS adaptive diffusion topology alpha=0.01 edge=0.001,N3333,N3267,0.0004882736140977994,12,9,10.999999996297603,0.4432632787366416,,False,11.0,False,False,True
TBS adaptive diffusion topology alpha=0.01 edge=0.001,N3334,L797,0.009557678000011893,3,1,1.9999999999992177,0.3678794411715862,,False,2.0,False,False,True
TBS adaptive diffusion topology alpha=0.01 edge=0.001,N3334,N3201,0.0012539303852329299,3,2,1.999999999989605,0.3678794411733543,,False,2.0,False,False,True
TBS adaptive diffusion topology alpha=0.01 edge=0.001,N3335,L2211,0.0095642025671309,2,1,0.9999999999999527,0.31731050786292264,,False,1.0,False,False,True
TBS adaptive diffusion topology alpha=0.01 edge=0.001,N3335,L2321,0.0095642025671309,2,1,0.9999999999999527,0.31731050786292264,,False,1.0,False,False,True
TBS adaptive diffusion topology alpha=0.01 edge=0.001,N3336,L2326,0.009595315362144705,5,1,3.999999999702699,0.4060058497500737,,False,4.0,False,False,True
TBS adaptive diffusion topology alpha=0.01 edge=0.001,N3336,N3118,0.0019408981019655113,5,4,3.9999997429043073,0.4060058845039579,,False,4.0,False,False,True
TBS adaptive diffusion topology alpha=0.01 edge=0.001,N3337,N2972,0.003255711091447838,6,3,4.999999962691375,0.41588019154870925,,False,5.0,False,False,True
TBS adaptive diffusion topology alpha=0.01 edge=0.001,N3337,N3253,0.0006768699997008638,6,3,4.9999999626914695,0.41588019154869793,,False,5.0,False,False,True
TBS adaptive diffusion topology alpha=0.01 edge=0.001,N3338,L1173,0.00960477614358335,4,1,2.999999999994935,0.39162517627186955,,False,3.0,False,False,True
TBS adaptive diffusion topology alpha=0.01 edge=0.001,N3338,N2813,0.004527794682925097,4,3,2.9999999990199853,0.39162517642218786,,False,3.0,False,False,True
TBS adaptive diffusion topology alpha=0.01 edge=0.001,N3339,N2687,0.005638975373463468,10,2,8.999999999977135,0.4372741889159779,,False,9.0,False,False,True
TBS adaptive diffusion topology alpha=0.01 edge=0.001,N3339,N3158,0.0015605519552558734,10,8,8.999999998878337,0.4372741890174068,,False,9.0,False,False,True
TBS adaptive diffusion topology alpha=0.01 edge=0.001,N3340,L1772,0.00965553596381938,3,1,1.9999999999986258,0.3678794411716951,,False,2.0,False,False,True
TBS adaptive diffusion topology alpha=0.01 edge=0.001,N3340,N3103,0.0021151720098591346,3,2,1.9999999999571845,0.3678794411793178,,False,2.0,False,False,True
TBS adaptive diffusion topology alpha=0.01 edge=0.001,N3341,L1093,0.009659901386516423,4,1,2.9999999999899507,0.39162517627263826,,False,3.0,False,False,True
TBS adaptive diffusion topology alpha=0.01 edge=0.001,N3341,N3212,0.0012122720798236246,4,3,2.999999997592521,0.3916251766422748,,False,3.0,False,False,True
TBS adaptive diffusion topology alpha=0.01 edge=0.001,N3342,L2147,0.009666135901605592,2,1,0.9999999999997125,0.3173105078629809,,False,1.0,False,False,True
TBS adaptive diffusion topology alpha=0.01 edge=0.001,N3342,L2172,0.009666135901605592,2,1,0.9999999999997125,0.3173105078629809,,False,1.0,False,False,True
TBS adaptive diffusion topology alpha=0.01 edge=0.001,N3343,L2128,0.009676674036438375,2,1,0.9999999999999827,0.3173105078629154,,False,1.0,False,False,True
TBS adaptive diffusion topology alpha=0.01 edge=0.001,N3343,L2222,0.009676674036438375,2,1,0.9999999999999827,0.3173105078629154,,False,1.0,False,False,True
TBS adaptive diffusion topology alpha=0.01 edge=0.001,N3344,L899,0.00968339718868019,3,1,1.9999999999987785,0.3678794411716671,,False,2.0,False,False,True
TBS adaptive diffusion topology alpha=0.01 edge=0.001,N3344,N2778,0.004837194194133132,3,2,1.999999999978084,0.36787944117547355,,False,2.0,False,False,True
TBS adaptive diffusion topology alpha=0.01 edge=0.001,N3345,L27,0.009685499949180823,2,1,0.9999999999995037,0.3173105078630314,,False,1.0,False,False,True
TBS adaptive diffusion topology alpha=0.01 edge=0.001,N3345,L293,0.009685499949180823,2,1,0.9999999999995037,0.3173105078630314,,False,1.0,False,False,True
TBS adaptive diffusion topology alpha=0.01 edge=0.001,N3346,N3008,0.0029465053601216615,11,4,9.999999999250592,0.44049328513096087,,False,10.0,False,False,True
TBS adaptive diffusion topology alpha=0.01 edge=0.001,N3346,N3129,0.001917759639086631,11,7,9.99999999634638,0.44049328538575794,,False,10.0,False,False,True
TBS adaptive diffusion topology alpha=0.01 edge=0.001,N3347,L189,0.009693130475317358,4,1,2.9999999999990266,0.39162517627123894,,False,3.0,False,False,True
TBS adaptive diffusion topology alpha=0.01 edge=0.001,N3347,N3146,0.0018000925631212453,4,3,2.999999999897457,0.3916251762868991,,False,3.0,False,False,True
TBS adaptive diffusion topology alpha=0.01 edge=0.001,N3348,L2426,0.009696707320424516,2,1,0.999999999998993,0.31731050786315484,,False,1.0,False,False,True
TBS adaptive diffusion topology alpha=0.01 edge=0.001,N3348,L2439,0.009696707320424516,2,1,0.999999999998993,0.31731050786315484,,False,1.0,False,False,True
TBS adaptive diffusion topology alpha=0.01 edge=0.001,N3349,L1667,0.009705078589013117,2,1,0.9999999997451836,0.31731050792456933,,False,1.0,False,False,True
TBS adaptive diffusion topology alpha=0.01 edge=0.001,N3349,L2004,0.009705078589013117,2,1,0.9999999997451836,0.31731050792456933,,False,1.0,False,False,True
TBS adaptive diffusion topology alpha=0.01 edge=0.001,N3350,L1389,0.009707533545292316,3,1,1.9999999999993436,0.3678794411715631,,False,2.0,False,False,True
TBS adaptive diffusion topology alpha=0.01 edge=0.001,N3350,N2940,0.0036564202995188343,3,2,1.9999999999808078,0.3678794411749725,,False,2.0,False,False,True
TBS adaptive diffusion topology alpha=0.01 edge=0.001,N3351,L137,0.009710334029935897,4,1,2.9999999999985905,0.3916251762713061,,False,3.0,False,False,True
TBS adaptive diffusion topology alpha=0.01 edge=0.001,N3351,N3077,0.002425229751080204,4,3,2.999999999937436,0.3916251762807351,,False,3.0,False,False,True
TBS adaptive diffusion topology alpha=0.01 edge=0.001,N3352,N2694,0.005649833137125787,8,4,6.9999999996606,0.42887985758839264,,False,7.0,False,False,True
TBS adaptive diffusion topology alpha=0.01 edge=0.001,N3352,N3050,0.0026690035807900277,8,4,6.9999999996606,0.42887985758839264,,False,7.0,False,False,True
TBS adaptive diffusion topology alpha=0.01 edge=0.001,N3353,L2285,0.00971353352634291,2,1,0.9999999999999454,0.3173105078629245,,False,1.0,False,False,True
TBS adaptive diffusion topology alpha=0.01 edge=0.001,N3353,L2343,0.00971353352634291,2,1,0.9999999999999454,0.3173105078629245,,False,1.0,False,False,True
TBS adaptive diffusion topology alpha=0.01 edge=0.001,N3354,L1502,0.009716781581575027,3,1,1.9999999999996854,0.36787944117150023,,False,2.0,False,False,True
TBS adaptive diffusion topology alpha=0.01 edge=0.001,N3354,N3062,0.0025782774085345937,3,2,1.9999999999944884,0.36787944117245613,,False,2.0,False,False,True
TBS adaptive diffusion topology alpha=0.01 edge=0.001,N3355,L2428,0.009726844033307395,2,1,0.9999999999866069,0.317310507866152,,False,1.0,False,False,True
TBS adaptive diffusion topology alpha=0.01 edge=0.001,N3355,L2450,0.009726844033307395,2,1,0.9999999999866069,0.317310507866152,,False,1.0,False,False,True
TBS adaptive diffusion topology alpha=0.01 edge=0.001,N3356,L1054,0.009734283533798294,2,1,0.9999999961002899,0.31731050880652684,,False,1.0,False,False,True
TBS adaptive diffusion topology alpha=0.01 edge=0.001,N3356,L1250,0.009734283533798294,2,1,0.9999999961002899,0.31731050880652684,,False,1.0,False,False,True
TBS adaptive diffusion topology alpha=0.01 edge=0.001,N3357,L43,0.009740041724239928,2,1,0.9999999999974583,0.3173105078635263,,False,1.0,False,False,True
TBS adaptive diffusion topology alpha=0.01 edge=0.001,N3357,L190,0.009740041724239928,2,1,0.9999999999974583,0.3173105078635263,,False,1.0,False,False,True
TBS adaptive diffusion topology alpha=0.01 edge=0.001,N3358,N2588,0.006895033702542932,7,2,5.999999999928608,0.42319008113484113,,False,6.0,False,False,True
TBS adaptive diffusion topology alpha=0.01 edge=0.001,N3358,N3311,0.0003743790838748101,7,5,5.99999999844106,0.4231900813014774,,False,6.0,False,False,True
TBS adaptive diffusion topology alpha=0.01 edge=0.001,N3359,L1651,0.009753504131126314,2,1,0.9999999999998741,0.31731050786294174,,False,1.0,False,False,True
TBS adaptive diffusion topology alpha=0.01 edge=0.001,N3359,L1790,0.009753504131126314,2,1,0.9999999999998741,0.31731050786294174,,False,1.0,False,False,True
TBS adaptive diffusion topology alpha=0.01 edge=0.001,N3360,L2100,0.009759613999315743,2,1,0.9999999999987921,0.3173105078632036,,False,1.0,False,False,True
TBS adaptive diffusion topology alpha=0.01 edge=0.001,N3360,L2102,0.009759613999315743,2,1,0.9999999999987921,0.3173105078632036,,False,1.0,False,False,True
TBS adaptive diffusion topology alpha=0.01 edge=0.001,N3361,L55,0.009780301973279943,6,1,4.999999999974856,0.4158801869985769,,False,5.0,False,False,True
TBS adaptive diffusion topology alpha=0.01 edge=0.001,N3361,N2973,0.0034314469144837447,6,5,4.999999953126609,0.41588019271600785,,False,5.0,False,False,True
TBS adaptive diffusion topology alpha=0.01 edge=0.001,N3362,L957,0.00979170382622268,3,1,1.9999999999998463,0.36787944117147064,,False,2.0,False,False,True
TBS adaptive diffusion topology alpha=0.01 edge=0.001,N3362,N2772,0.004984750155591492,3,2,1.9999999999977518,0.3678794411718557,,False,2.0,False,False,True
TBS adaptive diffusion topology alpha=0.01 edge=0.001,N3363,L648,0.009794540388246228,5,1,3.9999999999977294,0.40600584971014575,,False,4.0,False,False,True
TBS adaptive diffusion topology alpha=0.01 edge=0.001,N3363,N3133,0.001999196982967606,5,4,3.9999999990539536,0.4060058498378717,,False,4.0,False,False,True
TBS adaptive diffusion topology alpha=0.01 edge=0.001,N3364,N2867,0.004390969904163722,4,2,2.999999999996751,0.39162517627159,,False,3.0,False,False,True
TBS adaptive diffusion topology alpha=0.01 edge=0.001,N3364,N3260,0.0007796784447302173,4,2,2.999999999996751,0.39162517627159,,False,3.0,False,False,True
TBS adaptive diffusion topology alpha=0.01 edge=0.001,N3365,L360,0.00981485060702675,3,1,1.999999999999713,0.3678794411714952,,False,2.0,False,False,True
TBS adaptive diffusion topology alpha=0.01 edge=0.001,N3365,N3113,0.0021905657444610165,3,2,1.9999999999937972,0.3678794411725833,,False,2.0,False,False,True
TBS adaptive diffusion topology alpha=0.01 edge=0.001,N3366,L33,0.00983465356927066,2,1,0.9999999999995297,0.31731050786302506,,False,1.0,False,False,True
TBS adaptive diffusion topology alpha=0.01 edge=0.001,N3366,L50,0.00983465356927066,2,1,0.9999999999995297,0.31731050786302506,,False,1.0,False,False,True
TBS adaptive diffusion topology alpha=0.01 edge=0.001,N3367,L341,0.009836030110505638,2,1,0.9999999999998266,0.31731050786295323,,False,1.0,False,False,True
TBS adaptive diffusion topology alpha=0.01 edge=0.001,N3367,L1397,0.009836030110505638,2,1,0.9999999999998266,0.31731050786295323,,False,1.0,False,False,True
TBS adaptive diffusion topology alpha=0.01 edge=0.001,N3368,L871,0.009841944588758571,2,1,0.9999999999996265,0.3173105078630016,,False,1.0,False,False,True
TBS adaptive diffusion topology alpha=0.01 edge=0.001,N3368,L1242,0.009841944588758571,2,1,0.9999999999996265,0.3173105078630016,,False,1.0,False,False,True
TBS adaptive diffusion topology alpha=0.01 edge=0.001,N3369,L541,0.009854469649315621,2,1,0.9999999999999194,0.31731050786293075,,False,1.0,False,False,True
TBS adaptive diffusion topology alpha=0.01 edge=0.001,N3369,L1415,0.009854469649315621,2,1,0.9999999999999194,0.31731050786293075,,False,1.0,False,False,True
TBS adaptive diffusion topology alpha=0.01 edge=0.001,N3370,N2835,0.004641228721033736,4,2,2.9999999999565916,0.3916251762777817,,False,3.0,False,False,True
TBS adaptive diffusion topology alpha=0.01 edge=0.001,N3370,N2931,0.003888070524520648,4,2,2.9999999999565916,0.3916251762777817,,False,3.0,False,False,True
TBS adaptive diffusion topology alpha=0.01 edge=0.001,N3371,L896,0.009876097714830336,2,1,0.9999999999996636,0.3173105078629926,,False,1.0,False,False,True
TBS adaptive diffusion topology alpha=0.01 edge=0.001,N3371,L949,0.009876097714830336,2,1,0.9999999999996636,0.3173105078629926,,False,1.0,False,False,True
TBS adaptive diffusion topology alpha=0.01 edge=0.001,N3372,L708,0.00988478998471275,2,1,0.9999999999997295,0.31731050786297665,,False,1.0,False,False,True
TBS adaptive diffusion topology alpha=0.01 edge=0.001,N3372,L1240,0.00988478998471275,2,1,0.9999999999997295,0.31731050786297665,,False,1.0,False,False,True
TBS adaptive diffusion topology alpha=0.01 edge=0.001,N3373,L2107,0.009887007963722775,2,1,0.9999999999998062,0.3173105078629581,,False,1.0,False,False,True
TBS adaptive diffusion topology alpha=0.01 edge=0.001,N3373,L2374,0.009887007963722775,2,1,0.9999999999998062,0.3173105078629581,,False,1.0,False,False,True
TBS adaptive diffusion topology alpha=0.01 edge=0.001,N3374,L514,0.009888066882608538,2,1,0.9999999989620858,0.3173105081140561,,False,1.0,False,False,True
TBS adaptive diffusion topology alpha=0.01 edge=0.001,N3374,L557,0.009888066882608538,2,1,0.9999999989620858,0.3173105081140561,,False,1.0,False,False,True
TBS adaptive diffusion topology alpha=0.01 edge=0.001,N3375,L2126,0.009902412974355543,2,1,0.9999999999997333,0.3173105078629757,,False,1.0,False,False,True
TBS adaptive diffusion topology alpha=0.01 edge=0.001,N3375,L2137,0.009902412974355543,2,1,0.9999999999997333,0.3173105078629757,,False,1.0,False,False,True
TBS adaptive diffusion topology alpha=0.01 edge=0.001,N3376,L398,0.009902861727919458,3,1,1.9999999999951827,0.3678794411723285,,False,2.0,False,False,True
TBS adaptive diffusion topology alpha=0.01 edge=0.001,N3376,N2991,0.003350010756423035,3,2,1.9999999998189761,0.36787944120473975,,False,2.0,False,False,True
TBS adaptive diffusion topology alpha=0.01 edge=0.001,N3377,L752,0.009906604521726203,6,1,4.999999999999515,0.41588018699556684,,False,5.0,False,False,True
TBS adaptive diffusion topology alpha=0.01 edge=0.001,N3377,N3108,0.00232996617637514,6,5,4.999999999846519,0.4158801870142389,,False,5.0,False,False,True
TBS adaptive diffusion topology alpha=0.01 edge=0.001,N3378,L1759,0.009907524061289837,3,1,1.9999999999978884,0.36787944117183075,,False,2.0,False,False,True
TBS adaptive diffusion topology alpha=0.01 edge=0.001,N3378,N2703,0.005779053217977339,3,2,1.9999999999410987,0.3678794411822766,,False,2.0,False,False,True
TBS adaptive diffusion topology alpha=0.01 edge=0.001,N3379,L1010,0.009909813096039052,3,1,1.9999999999983988,0.3678794411717369,,False,2.0,False,False,True
TBS adaptive diffusion topology alpha=0.01 edge=0.001,N3379,N3217,0.001405189055436708,3,2,1.9999999999557685,0.36787944117957827,,False,2.0,False,False,True
TBS adaptive diffusion topology alpha=0.01 edge=0.001,N3380,L2421,0.009914329932131736,3,1,1.999999999999718,0.36787944117149424,,False,2.0,False,False,True
TBS adaptive diffusion topology alpha=0.01 edge=0.001,N3380,N2937,0.003877182987183574,3,2,1.9999999999948084,0.36787944117239724,,False,2.0,False,False,True
TBS adaptive diffusion topology alpha=0.01 edge=0.001,N3381,N2969,0.003637823881509956,10,5,8.999999999569864,0.4372741889535726,,False,9.0,False,False,True
TBS adaptive diffusion topology alpha=0.01 edge=0.001,N3381,N3285,0.000738220472007329,10,5,8.999999999569878,0.4372741889535714,,False,9.0,False,False,True
TBS adaptive diffusion topology alpha=0.01 edge=0.001,N3382,L741,0.009925859026367606,2,1,0.9999999999995297,0.31731050786302506,,False,1.0,False,False,True
TBS adaptive diffusion topology alpha=0.01 edge=0.001,N3382,L953,0.009925859026367606,2,1,0.9999999999995297,0.31731050786302506,,False,1.0,False,False,True
TBS adaptive diffusion topology alpha=0.01 edge=0.001,N3383,L833,0.009926394963406786,3,1,1.9999999999345575,0.36787944118347987,,False,2.0,False,False,True
TBS adaptive diffusion topology alpha=0.01 edge=0.001,N3383,N2799,0.004926356367671412,3,2,1.9999999973145461,0.36787944166540393,,False,2.0,False,False,True
TBS adaptive diffusion topology alpha=0.01 edge=0.001,N3384,L2209,0.009943132245001207,4,1,2.9999999999990874,0.3916251762712296,,False,3.0,False,False,True
TBS adaptive diffusion topology alpha=0.01 edge=0.001,N3384,N2626,0.0065902816477546675,4,3,2.99999999981536,0.3916251762995566,,False,3.0,False,False,True
TBS adaptive diffusion topology alpha=0.01 edge=0.001,N3385,L757,0.00996149350380307,2,1,0.9999999999992428,0.31731050786309445,,False,1.0,False,False,True
TBS adaptive diffusion topology alpha=0.01 edge=0.001,N3385,L1276,0.00996149350380307,2,1,0.9999999999992428,0.31731050786309445,,False,1.0,False,False,True
TBS adaptive diffusion topology alpha=0.01 edge=0.001,N3386,L909,0.009974524224455349,3,1,1.999999999999221,0.3678794411715856,,False,2.0,False,False,True
TBS adaptive diffusion topology alpha=0.01 edge=0.001,N3386,N3085,0.002621374375343097,3,2,1.9999999999815645,0.3678794411748334,,False,2.0,False,False,True
TBS adaptive diffusion topology alpha=0.01 edge=0.001,N3387,L544,0.00999789965949651,3,1,1.9999999999998597,0.36787944117146815,,False,2.0,False,False,True
TBS adaptive diffusion topology alpha=0.01 edge=0.001,N3387,N2995,0.0034022177101373143,3,2,1.9999999999972429,0.36787944117194943,,False,2.0,False,False,True
TBS adaptive diffusion topology alpha=0.01 edge=0.001,N3388,N3029,0.0031033641370298605,5,3,3.9999999998037192,0.4060058497364022,,False,4.0,False,False,True
TBS adaptive diffusion topology alpha=0.01 edge=0.001,N3388,N3090,0.002603002660861415,5,2,3.999999999952309,0.4060058497162927,,False,4.0,False,False,True
TBS adaptive diffusion topology alpha=0.01 edge=0.001,N3389,L168,0.010027027051651004,3,1,1.999999999998945,0.3678794411716364,,False,2.0,False,False,True
TBS adaptive diffusion topology alpha=0.01 edge=0.001,N3389,N2708,0.005842973087036274,3,2,1.9999999999780846,0.3678794411754734,,False,2.0,False,False,True
TBS adaptive diffusion topology alpha=0.01 edge=0.001,N3390,L267,0.010035637352995598,2,1,0.9999999999998903,0.3173105078629378,,False,1.0,False,False,True
TBS adaptive diffusion topology alpha=0.01 edge=0.001,N3390,L515,0.010035637352995598,2,1,0.9999999999998903,0.3173105078629378,,False,1.0,False,False,True
TBS adaptive diffusion topology alpha=0.01 edge=0.001,N3391,L1196,0.010052507628981905,2,1,0.9999999999975866,0.3173105078634952,,False,1.0,False,False,True
TBS adaptive diffusion topology alpha=0.01 edge=0.001,N3391,L1355,0.010052507628981905,2,1,0.9999999999975866,0.3173105078634952,,False,1.0,False,False,True
TBS adaptive diffusion topology alpha=0.01 edge=0.001,N3392,L1900,0.010060430889696945,3,1,1.9999999999960507,0.36787944117216864,,False,2.0,False,False,True
TBS adaptive diffusion topology alpha=0.01 edge=0.001,N3392,N3064,0.0029127674361653583,3,2,1.9999999998544273,0.36787944119821897,,False,2.0,False,False,True
TBS adaptive diffusion topology alpha=0.01 edge=0.001,N3393,L287,0.01006195876287742,2,1,0.9999999999998783,0.3173105078629406,,False,1.0,False,False,True
TBS adaptive diffusion topology alpha=0.01 edge=0.001,N3393,L726,0.01006195876287742,2,1,0.9999999999998783,0.3173105078629406,,False,1.0,False,False,True
TBS adaptive diffusion topology alpha=0.01 edge=0.001,N3394,L1176,0.010073331115057501,2,1,0.9999999999996869,0.317310507862987,,False,1.0,False,False,True
TBS adaptive diffusion topology alpha=0.01 edge=0.001,N3394,L1335,0.010073331115057501,2,1,0.9999999999996869,0.317310507862987,,False,1.0,False,False,True
TBS adaptive diffusion topology alpha=0.01 edge=0.001,N3395,N3000,0.0034370862198556725,11,5,9.999999999137367,0.44049328514089425,,False,10.0,False,False,True
TBS adaptive diffusion topology alpha=0.01 edge=0.001,N3395,N3070,0.0028417253649761437,11,6,9.999999998547743,0.4404932851926241,,False,10.0,False,False,True
TBS adaptive diffusion topology alpha=0.01 edge=0.001,N3396,L214,0.010091902290523265,2,1,0.9999999999884228,0.3173105078657125,,False,1.0,False,False,True
TBS adaptive diffusion topology alpha=0.01 edge=0.001,N3396,L579,0.010091902290523265,2,1,0.9999999999884228,0.3173105078657125,,False,1.0,False,False,True
TBS adaptive diffusion topology alpha=0.01 edge=0.001,N3397,L2258,0.01010166125459863,3,1,1.9999999999991154,0.36787944117160515,,False,2.0,False,False,True
TBS adaptive diffusion topology alpha=0.01 edge=0.001,N3397,N3263,0.001044197549032521,3,2,1.9999999999659814,0.3678794411776996,,False,2.0,False,False,True
TBS adaptive diffusion topology alpha=0.01 edge=0.001,N3398,L1597,0.010109116749942122,4,1,2.99999999999909,0.39162517627122917,,False,3.0,False,False,True
TBS adaptive diffusion topology alpha=0.01 edge=0.001,N3398,N3041,0.003106822737585217,4,3,2.999999999903597,0.3916251762859523,,False,3.0,False,False,True
TBS adaptive diffusion topology alpha=0.01 edge=0.001,N3399,N2655,0.006440105169988861,7,2,5.999988907956488,0.4231913236687318,,False,6.0,False,False,True
TBS adaptive diffusion topology alpha=0.01 edge=0.001,N3399,N2888,0.004542544747017718,7,5,5.999752144904451,0.423217846652131,,False,6.0,False,False,True
TBS adaptive diffusion topology alpha=0.01 edge=0.001,N3400,N2954,0.003943008104203217,4,2,2.999999999995848,0.391625176271729,,False,3.0,False,False,True
TBS adaptive diffusion topology alpha=0.01 edge=0.001,N3400,N3083,0.0027765949589772846,4,2,2.999999999995848,0.391625176271729,,False,3.0,False,False,True
TBS adaptive diffusion topology alpha=0.01 edge=0.001,N3401,N2812,0.005050807859546818,6,2,4.999999999873978,0.415880187010888,,False,5.0,False,False,True
TBS adaptive diffusion topology alpha=0.01 edge=0.001,N3401,N3298,0.0007994825908187981,6,4,4.999999998597569,0.41588018716666286,,False,5.0,False,False,True
TBS adaptive diffusion topology alpha=0.01 edge=0.001,N3402,N3017,0.003307365984630232,6,3,4.999999971960856,0.41588019041744795,,False,5.0,False,False,True
TBS adaptive diffusion topology alpha=0.01 edge=0.001,N3402,N3208,0.0017201508197296322,6,3,4.999999971960866,0.41588019041744684,,False,5.0,False,False,True
TBS adaptive diffusion topology alpha=0.01 edge=0.001,N3403,L801,0.010155471090599494,2,1,0.9999999999996501,0.31731050786299586,,False,1.0,False,False,True
TBS adaptive diffusion topology alpha=0.01 edge=0.001,N3403,L958,0.010155471090599494,2,1,0.9999999999996501,0.31731050786299586,,False,1.0,False,False,True
TBS adaptive diffusion topology alpha=0.01 edge=0.001,N3404,L2025,0.010155639119512162,2,1,0.9999999999995148,0.3173105078630286,,False,1.0,False,False,True
TBS adaptive diffusion topology alpha=0.01 edge=0.001,N3404,L2059,0.010155639119512162,2,1,0.9999999999995148,0.3173105078630286,,False,1.0,False,False,True
TBS adaptive diffusion topology alpha=0.01 edge=0.001,N3405,N2834,0.004935117944391024,5,3,3.999999999977639,0.4060058497128646,,False,4.0,False,False,True
TBS adaptive diffusion topology alpha=0.01 edge=0.001,N3405,N2939,0.004115187284929864,5,2,3.9999999999943414,0.40600584971060383,,False,4.0,False,False,True
TBS adaptive diffusion topology alpha=0.01 edge=0.001,N3406,L2288,0.010162327600384404,3,1,1.9999999999995635,0.3678794411715227,,False,2.0,False,False,True
TBS adaptive diffusion topology alpha=0.01 edge=0.001,N3406,N2943,0.004086776981563779,3,2,1.9999999999927627,0.3678794411727735,,False,2.0,False,False,True
TBS adaptive diffusion topology alpha=0.01 edge=0.001,N3407,L684,0.010162849221652934,2,1,0.9999999999993479,0.317310507863069,,False,1.0,False,False,True
TBS adaptive diffusion topology alpha=0.01 edge=0.001,N3407,L1297,0.010162849221652934,2,1,0.9999999999993479,0.317310507863069,,False,1.0,False,False,True
TBS adaptive diffusion topology alpha=0.01 edge=0.001,N3408,L534,0.01016550008551592,2,1,0.9999999999992757,0.3173105078630865,,False,1.0,False,False,True
TBS adaptive diffusion topology alpha=0.01 edge=0.001,N3408,L655,0.01016550008551592,2,1,0.9999999999992757,0.3173105078630865,,False,1.0,False,False,True
TBS adaptive diffusion topology alpha=0.01 edge=0.001,N3409,L735,0.010172120707694764,3,1,1.9999999999997415,0.36787944117149,,False,2.0,False,False,True
TBS adaptive diffusion topology alpha=0.01 edge=0.001,N3409,N2941,0.004112743373521716,3,2,1.999999999992154,0.36787944117288546,,False,2.0,False,False,True
TBS adaptive diffusion topology alpha=0.01 edge=0.001,N3410,N2929,0.0042038878626563456,6,3,4.999999997025909,0.4158801873584703,,False,5.0,False,False,True
TBS adaptive diffusion topology alpha=0.01 edge=0.001,N3410,N3053,0.0031153896472188984,6,3,4.9999999970259035,0.415880187358471,,False,5.0,False,False,True
TBS adaptive diffusion topology alpha=0.01 edge=0.001,N3411,L1648,0.010186329237095705,4,1,2.999999972128977,0.3916251805682526,,False,3.0,False,False,True
TBS adaptive diffusion topology alpha=0.01 edge=0.001,N3411,N2911,0.004380599422916743,4,3,2.9999929285861104,0.39162626654529975,,False,3.0,False,False,True
TBS adaptive diffusion topology alpha=0.01 edge=0.001,N3412,L471,0.010190799995202188,2,1,0.9999999999965652,0.3173105078637423,,False,1.0,False,False,True
TBS adaptive diffusion topology alpha=0.01 edge=0.001,N3412,L560,0.010190799995202188,2,1,0.9999999999965652,0.3173105078637423,,False,1.0,False,False,True
TBS adaptive diffusion topology alpha=0.01 edge=0.001,N3413,N2817,0.005091023518073345,7,2,5.999999999884928,0.423190081139734,,False,6.0,False,False,True
TBS adaptive diffusion topology alpha=0.01 edge=0.001,N3413,N2956,0.004014030470321573,7,5,5.999999997534888,0.4231900814029874,,False,6.0,False,False,True
TBS adaptive diffusion topology alpha=0.01 edge=0.001,N3414,N2933,0.0042122157167433505,5,2,3.9999999999455516,0.4060058497172072,,False,4.0,False,False,True
TBS adaptive diffusion topology alpha=0.01 edge=0.001,N3414,N3030,0.003288714840716885,5,3,3.9999999997778986,0.4060058497398964,,False,4.0,False,False,True
TBS adaptive diffusion topology alpha=0.01 edge=0.001,N3415,L1549,0.010210773242650788,5,1,3.9999999999987086,0.4060058497100132,,False,4.0,False,False,True
TBS adaptive diffusion topology alpha=0.01 edge=0.001,N3415,N3308,0.0008503522029849446,5,4,3.9999999996841327,0.40600584975258613,,False,4.0,False,False,True
TBS adaptive diffusion topology alpha=0.01 edge=0.001,N3416,L2177,0.010216028274029114,2,1,0.9999999999993081,0.31731050786307863,,False,1.0,False,False,True
TBS adaptive diffusion topology alpha=0.01 edge=0.001,N3416,L2179,0.010216028274029114,2,1,0.9999999999993081,0.31731050786307863,,False,1.0,False,False,True
TBS adaptive diffusion topology alpha=0.01 edge=0.001,N3417,L946,0.010221610711571667,2,1,0.9999999999999343,0.31731050786292714,,False,1.0,False,False,True
TBS adaptive diffusion topology alpha=0.01 edge=0.001,N3417,L1292,0.010221610711571667,2,1,0.9999999999999343,0.31731050786292714,,False,1.0,False,False,True
TBS adaptive diffusion topology alpha=0.01 edge=0.001,N3418,L1038,0.010223127008468091,3,1,1.9999999999806333,0.36787944117500465,,False,2.0,False,False,True
TBS adaptive diffusion topology alpha=0.01 edge=0.001,N3418,N3016,0.0034028483806741836,3,2,1.9999999992024668,0.3678794413181403,,False,2.0,False,False,True
TBS adaptive diffusion topology alpha=0.01 edge=0.001,N3419,L22,0.010226577320515094,2,1,0.9999999999812332,0.31731050786745224,,False,1.0,False,False,True
TBS adaptive diffusion topology alpha=0.01 edge=0.001,N3419,L1593,0.010226577320515094,2,1,0.9999999999812332,0.31731050786745224,,False,1.0,False,False,True
TBS adaptive diffusion topology alpha=0.01 edge=0.001,N3420,N2894,0.0045829389422086505,5,3,3.999999998995375,0.40600584984579935,,False,4.0,False,False,True
TBS adaptive diffusion topology alpha=0.01 edge=0.001,N3420,N3038,0.0032537082141437432,5,2,3.999999999771819,0.4060058497407192,,False,4.0,False,False,True
TBS adaptive diffusion topology alpha=0.01 edge=0.001,N3421,L2078,0.010238381013667745,2,1,0.9999999999999012,0.31731050786293513,,False,1.0,False,False,True
TBS adaptive diffusion topology alpha=0.01 edge=0.001,N3421,L2372,0.010238381013667745,2,1,0.9999999999999012,0.31731050786293513,,False,1.0,False,False,True
TBS adaptive diffusion topology alpha=0.01 edge=0.001,N3422,L417,0.01024874587324043,2,1,0.9999999999996965,0.3173105078629847,,False,1.0,False,False,True
TBS adaptive diffusion topology alpha=0.01 edge=0.001,N3422,L449,0.01024874587324043,2,1,0.9999999999996965,0.3173105078629847,,False,1.0,False,False,True
TBS adaptive diffusion topology alpha=0.01 edge=0.001,N3423,L1388,0.010258352574459664,2,1,0.9999999999971081,0.317310507863611,,False,1.0,False,False,True
TBS adaptive diffusion topology alpha=0.01 edge=0.001,N3423,L1534,0.010258352574459664,2,1,0.9999999999971081,0.317310507863611,,False,1.0,False,False,True
TBS adaptive diffusion topology alpha=0.01 edge=0.001,N3424,N2872,0.0048245380417613415,5,3,3.999999999736474,0.40600584974550247,,False,4.0,False,False,True
TBS adaptive diffusion topology alpha=0.01 edge=0.001,N3424,N2914,0.004431031837312663,5,2,3.99999999993844,0.40600584971816944,,False,4.0,False,False,True
TBS adaptive diffusion topology alpha=0.01 edge=0.001,N3425,N2696,0.0062099346987497485,6,2,4.999999999988403,0.4158801869969234,,False,5.0,False,False,True
TBS adaptive diffusion topology alpha=0.01 edge=0.001,N3425,N3125,0.002568824000709181,6,4,4.999999999886921,0.4158801870093083,,False,5.0,False,False,True
TBS adaptive diffusion topology alpha=0.01 edge=0.001,N3426,L1546,0.010276441593900823,4,1,2.9999999999960303,0.391625176271701,,False,3.0,False,False,True
TBS adaptive diffusion topology alpha=0.01 edge=0.001,N3426,N3031,0.003335521265178518,4,3,2.999999999453168,0.3916251763553995,,False,3.0,False,False,True
TBS adaptive diffusion topology alpha=0.01 edge=0.001,N3427,L1239,0.010277763521892596,3,1,1.9999999999987195,0.3678794411716779,,False,2.0,False,False,True
TBS adaptive diffusion topology alpha=0.01 edge=0.001,N3427,N3139,0.002444839114569996,3,2,1.9999999999750357,0.36787944117603427,,False,2.0,False,False,True
TBS adaptive diffusion topology alpha=0.01 edge=0.001,N3428,L375,0.010289729359815232,3,1,1.9999999999993618,0.3678794411715598,,False,2.0,False,False,True
TBS adaptive diffusion topology alpha=0.01 edge=0.001,N3428,N2893,0.0046477651814618515,3,2,1.9999999999952052,0.3678794411723243,,False,2.0,False,False,True
TBS adaptive diffusion topology alpha=0.01 edge=0.001,N3429,L905,0.010297038765637876,2,1,0.9999999999736933,0.3173105078692767,,False,1.0,False,False,True
TBS adaptive diffusion topology alpha=0.01 edge=0.001,N3429,L1138,0.010297038765637876,2,1,0.9999999999736933,0.3173105078692767,,False,1.0,False,False,True
TBS adaptive diffusion topology alpha=0.01 edge=0.001,N3430,L1092,0.01029789335613549,4,1,2.9999999999967497,0.39162517627159,,False,3.0,False,False,True
TBS adaptive diffusion topology alpha=0.01 edge=0.001,N3430,N3187,0.002076740888143838,4,3,2.9999999993314375,0.39162517637416816,,False,3.0,False,False,True
TBS adaptive diffusion topology alpha=0.01 edge=0.001,N3431,L72,0.010302055444246986,4,1,2.9999999999992193,0.3916251762712094,,False,3.0,False,False,True
TBS adaptive diffusion topology alpha=0.01 edge=0.001,N3431,N3141,0.0024616526901213138,4,3,2.999999999899239,0.3916251762866244,,False,3.0,False,False,True
TBS adaptive diffusion topology alpha=0.01 edge=0.001,N3432,N3180,0.0021216235214641323,9,5,7.999999993654944,0.4334701209865157,,False,8.0,False,False,True
TBS adaptive diffusion topology alpha=0.01 edge=0.001,N3432,N3411,0.00012018512124291907,9,4,7.999999996749817,0.4334701206841983,,False,8.0,False,False,True
TBS adaptive diffusion topology alpha=0.01 edge=0.001,N3433,L870,0.010319677874312644,2,1,0.9999999999905176,0.3173105078652057,,False,1.0,False,False,True
TBS adaptive diffusion topology alpha=0.01 edge=0.001,N3433,L1217,0.010319677874312644,2,1,0.9999999999905176,0.3173105078652057,,False,1.0,False,False,True
TBS adaptive diffusion topology alpha=0.01 edge=0.001,N3434,L454,0.0103315147112897,2,1,0.9999999999999267,0.31731050786292897,,False,1.0,False,False,True
TBS adaptive diffusion topology alpha=0.01 edge=0.001,N3434,L1522,0.0103315147112897,2,1,0.9999999999999267,0.31731050786292897,,False,1.0,False,False,True
TBS adaptive diffusion topology alpha=0.01 edge=0.001,N3435,L2016,0.010343297798342352,2,1,0.9999999999973315,0.31731050786355697,,False,1.0,False,False,True
TBS adaptive diffusion topology alpha=0.01 edge=0.001,N3435,L2019,0.010343297798342352,2,1,0.9999999999973315,0.31731050786355697,,False,1.0,False,False,True
TBS adaptive diffusion topology alpha=0.01 edge=0.001,N3436,L1630,0.010354579097202199,4,1,2.999999999997389,0.3916251762714914,,False,3.0,False,False,True
TBS adaptive diffusion topology alpha=0.01 edge=0.001,N3436,N3099,0.002863487750994754,4,3,2.9999999995686744,0.39162517633759086,,False,3.0,False,False,True
TBS adaptive diffusion topology alpha=0.01 edge=0.001,N3437,L851,0.01035625379037114,5,1,3.9999999999689684,0.40600584971403775,,False,4.0,False,False,True
TBS adaptive diffusion topology alpha=0.01 edge=0.001,N3437,N3215,0.001880403892895983,5,4,3.999999974063165,0.40600585322000715,,False,4.0,False,False,True
TBS adaptive diffusion topology alpha=0.01 edge=0.001,N3438,L509,0.010370806067432894,2,1,0.9999999999997515,0.3173105078629714,,False,1.0,False,False,True
TBS adaptive diffusion topology alpha=0.01 edge=0.001,N3438,L550,0.010370806067432894,2,1,0.9999999999997515,0.3173105078629714,,False,1.0,False,False,True
TBS adaptive diffusion topology alpha=0.01 edge=0.001,N3439,N2681,0.00644332606764644,4,2,2.9999999999917435,0.39162517627236204,,False,3.0,False,False,True
TBS adaptive diffusion topology alpha=0.01 edge=0.001,N3439,N3019,0.0035472176857522103,4,2,2.9999999999917435,0.39162517627236204,,False,3.0,False,False,True
TBS adaptive diffusion topology alpha=0.01 edge=0.001,N3440,L1042,0.010382124586585518,3,1,1.999999999997204,0.3678794411719566,,False,2.0,False,False,True
TBS adaptive diffusion topology alpha=0.01 edge=0.001,N3440,N2585,0.007580698729408559,3,2,1.9999999998936173,0.36787944119101035,,False,2.0,False,False,True
TBS adaptive diffusion topology alpha=0.01 edge=0.001,N3441,L526,0.010383412456580208,3,1,1.9999999999996705,0.36787944117150295,,False,2.0,False,False,True
TBS adaptive diffusion topology alpha=0.01 edge=0.001,N3441,N3076,0.0031126970859421464,3,2,1.999999999995091,0.36787944117234533,,False,2.0,False,False,True
TBS adaptive diffusion topology alpha=0.01 edge=0.001,N3442,L1941,0.01041025649026875,3,1,1.9999999999977696,0.36787944117185256,,False,2.0,False,False,True
TBS adaptive diffusion topology alpha=0.01 edge=0.001,N3442,N3128,0.002643284969431229,3,2,1.9999999999509732,0.36787944118046023,,False,2.0,False,False,True
TBS adaptive diffusion topology alpha=0.01 edge=0.001,N3443,L1291,0.010415207247861602,3,1,1.9999999998711284,0.367879441195147,,False,2.0,False,False,True
TBS adaptive diffusion topology alpha=0.01 edge=0.001,N3443,N3198,0.002116859125853104,3,2,1.9999999946496658,0.3678794421555813,,False,2.0,False,False,True
TBS adaptive diffusion topology alpha=0.01 edge=0.001,N3444,N3163,0.0023206371709789606,6,3,4.99999999926407,0.41588018708532215,,False,5.0,False,False,True
TBS adaptive diffusion topology alpha=0.01 edge=0.001,N3444,N3418,0.00019598945058432832,6,3,4.999999999264086,0.41588018708532015,,False,5.0,False,False,True
TBS adaptive diffusion topology alpha=0.01 edge=0.001,N3445,L2144,0.010435669155979956,2,1,0.9999999999954237,0.31731050786401854,,False,1.0,False,False,True
TBS adaptive diffusion topology alpha=0.01 edge=0.001,N3445,L2160,0.010435669155979956,2,1,0.9999999999954237,0.31731050786401854,,False,1.0,False,False,True
TBS adaptive diffusion topology alpha=0.01 edge=0.001,N3446,L6,0.010438290309293533,3,1,1.9999999999993108,0.36787944117156907,,False,2.0,False,False,True
TBS adaptive diffusion topology alpha=0.01 edge=0.001,N3446,N2870,0.005017718245714525,3,2,1.999999999986954,0.3678794411738419,,False,2.0,False,False,True
TBS adaptive diffusion topology alpha=0.01 edge=0.001,N3447,L853,0.010442614273292433,3,1,1.9999999999949747,0.36787944117236676,,False,2.0,False,False,True
TBS adaptive diffusion topology alpha=0.01 edge=0.001,N3447,N2781,0.005582829606646854,3,2,1.9999999998032696,0.3678794412076289,,False,2.0,False,False,True
TBS adaptive diffusion topology alpha=0.01 edge=0.001,N3448,N3095,0.002982686243682313,5,2,3.9999999715698333,0.4060058535574428,,False,4.0,False,False,True
TBS adaptive diffusion topology alpha=0.01 edge=0.001,N3448,N3167,0.002327725104394318,5,3,3.999999873975777,0.4060058667653623,,False,4.0,False,False,True
TBS adaptive diffusion topology alpha=0.01 edge=0.001,N3449,N2815,0.005372129084241103,4,2,2.999999999977038,0.39162517627462934,,False,3.0,False,False,True
TBS adaptive diffusion topology alpha=0.01 edge=0.001,N3449,N3317,0.001070327798481497,4,2,2.999999999977038,0.39162517627462934,,False,3.0,False,False,True
TBS adaptive diffusion topology alpha=0.01 edge=0.001,N3450,N2578,0.007764330987529705,4,2,2.999999999998227,0.3916251762713623,,False,3.0,False,False,True
TBS adaptive diffusion topology alpha=0.01 edge=0.001,N3450,N3182,0.0022967027248166905,4,2,2.999999999998227,0.3916251762713623,,False,3.0,False,False,True
TBS adaptive diffusion topology alpha=0.01 edge=0.001,N3451,L79,0.010495583554391964,2,1,0.9999999999932698,0.31731050786453974,,False,1.0,False,False,True
TBS adaptive diffusion topology alpha=0.01 edge=0.001,N3451,L345,0.010495583554391964,2,1,0.9999999999932698,0.31731050786453974,,False,1.0,False,False,True
TBS adaptive diffusion topology alpha=0.01 edge=0.001,N3452,L353,0.01050028079329254,3,1,1.9999999999993934,0.36787944117155397,,False,2.0,False,False,True
TBS adaptive diffusion topology alpha=0.01 edge=0.001,N3452,N2663,0.006732283473187671,3,2,1.9999999999886229,0.367879441173535,,False,2.0,False,False,True
TBS adaptive diffusion topology alpha=0.01 edge=0.001,N3453,L463,0.010508792348779366,2,1,0.9999999999997093,0.31731050786298154,,False,1.0,False,False,True
TBS adaptive diffusion topology alpha=0.01 edge=0.001,N3453,L538,0.010508792348779366,2,1,0.9999999999997093,0.31731050786298154,,False,1.0,False,False,True
TBS adaptive diffusion topology alpha=0.01 edge=0.001,N3454,L318,0.010523624354474877,3,1,1.9999999999988,0.36787944117166316,,False,2.0,False,False,True
TBS adaptive diffusion topology alpha=0.01 edge=0.001,N3454,N3121,0.002845291500733414,3,2,1.9999999999570843,0.3678794411793362,,False,2.0,False,False,True
TBS adaptive diffusion topology alpha=0.01 edge=0.001,N3455,L674,0.010542699808475647,3,1,1.9999999999991782,0.36787944117159355,,False,2.0,False,False,True
TBS adaptive diffusion topology alpha=0.01 edge=0.001,N3455,N3145,0.002653714249230004,3,2,1.999999999981274,0.3678794411748868,,False,2.0,False,False,True
TBS adaptive diffusion topology alpha=0.01 edge=0.001,N3456,L280,0.010549136638695937,2,1,0.9999999999994751,0.3173105078630382,,False,1.0,False,False,True
TBS adaptive diffusion topology alpha=0.01 edge=0.001,N3456,L309,0.010549136638695937,2,1,0.9999999999994751,0.3173105078630382,,False,1.0,False,False,True
TBS adaptive diffusion topology alpha=0.01 edge=0.001,N3457,L1033,0.010563055415681992,3,1,1.9999999999989844,0.3678794411716292,,False,2.0,False,False,True
TBS adaptive diffusion topology alpha=0.01 edge=0.001,N3457,N2853,0.0052272442181493135,3,2,1.999999999969846,0.36787944117698884,,False,2.0,False,False,True
TBS adaptive diffusion topology alpha=0.01 edge=0.001,N3458,L96,0.01058509259097701,2,1,0.9999999999965419,0.3173105078637479,,False,1.0,False,False,True
TBS adaptive diffusion topology alpha=0.01 edge=0.001,N3458,L104,0.01058509259097701,2,1,0.9999999999965419,0.3173105078637479,,False,1.0,False,False,True
TBS adaptive diffusion topology alpha=0.01 edge=0.001,N3459,L367,0.010595705804570968,3,1,1.9999999999948797,0.36787944117238414,,False,2.0,False,False,True
TBS adaptive diffusion topology alpha=0.01 edge=0.001,N3459,N3057,0.00350888837359416,3,2,1.9999999997978475,0.3678794412086262,,False,2.0,False,False,True
TBS adaptive diffusion topology alpha=0.01 edge=0.001,N3460,L2333,0.010603795923097601,2,1,0.999999999999758,0.31731050786296977,,False,1.0,False,False,True
TBS adaptive diffusion topology alpha=0.01 edge=0.001,N3460,L2357,0.010603795923097601,2,1,0.999999999999758,0.31731050786296977,,False,1.0,False,False,True
TBS adaptive diffusion topology alpha=0.01 edge=0.001,N3461,L880,0.010605034495896806,2,1,0.9999999999997431,0.31731050786297343,,False,1.0,False,False,True
TBS adaptive diffusion topology alpha=0.01 edge=0.001,N3461,L1286,0.010605034495896806,2,1,0.9999999999997431,0.31731050786297343,,False,1.0,False,False,True
TBS adaptive diffusion topology alpha=0.01 edge=0.001,N3462,L250,0.010606853215132836,4,1,2.999999999998726,0.39162517627128535,,False,3.0,False,False,True
TBS adaptive diffusion topology alpha=0.01 edge=0.001,N3462,N2837,0.005350450277940388,4,3,2.999999999840406,0.39162517629569527,,False,3.0,False,False,True
TBS adaptive diffusion topology alpha=0.01 edge=0.001,N3463,L2188,0.010630869609294928,2,1,0.9999999999998523,0.31731050786294696,,False,1.0,False,False,True
TBS adaptive diffusion topology alpha=0.01 edge=0.001,N3463,L2216,0.010630869609294928,2,1,0.9999999999998523,0.31731050786294696,,False,1.0,False,False,True
TBS adaptive diffusion topology alpha=0.01 edge=0.001,N3464,L472,0.01063361424957271,2,1,0.9999999999990268,0.31731050786314674,,False,1.0,False,False,True
TBS adaptive diffusion topology alpha=0.01 edge=0.001,N3464,L1358,0.01063361424957271,2,1,0.9999999999990268,0.31731050786314674,,False,1.0,False,False,True
TBS adaptive diffusion topology alpha=0.01 edge=0.001,N3465,L2305,0.010663072571585925,4,1,2.9999999999990683,0.3916251762712326,,False,3.0,False,False,True
TBS adaptive diffusion topology alpha=0.01 edge=0.001,N3465,N3279,0.0015250291847265448,4,3,2.999999999917881,0.39162517628375015,,False,3.0,False,False,True
TBS adaptive diffusion topology alpha=0.01 edge=0.001,N3466,L808,0.010663148684729314,2,1,0.9999999999997877,0.3173105078629626,,False,1.0,False,False,True
TBS adaptive diffusion topology alpha=0.01 edge=0.001,N3466,L1144,0.010663148684729314,2,1,0.9999999999997877,0.3173105078629626,,False,1.0,False,False,True
TBS adaptive diffusion topology alpha=0.01 edge=0.001,N3467,L786,0.01069341166417479,2,1,0.9999999999999658,0.3173105078629195,,False,1.0,False,False,True
TBS adaptive diffusion topology alpha=0.01 edge=0.001,N3467,L999,0.01069341166417479,2,1,0.9999999999999658,0.3173105078629195,,False,1.0,False,False,True
TBS adaptive diffusion topology alpha=0.01 edge=0.001,N3468,L218,0.0106970905812142,2,1,0.9999999999996199,0.3173105078630032,,False,1.0,False,False,True
TBS adaptive diffusion topology alpha=0.01 edge=0.001,N3468,L299,0.0106970905812142,2,1,0.9999999999996199,0.3173105078630032,,False,1.0,False,False,True
TBS adaptive diffusion topology alpha=0.01 edge=0.001,N3469,N3196,0.0024070025064975385,9,4,7.9999999895434435,0.4334701213881411,,False,8.0,False,False,True
TBS adaptive diffusion topology alpha=0.01 edge=0.001,N3469,N3275,0.0015737425743253784,9,5,7.999999979552287,0.4334701223641113,,False,8.0,False,False,True
TBS adaptive diffusion topology alpha=0.01 edge=0.001,N3470,L359,0.01070913950434287,5,1,3.9999999999984377,0.40600584971004994,,False,4.0,False,False,True
TBS adaptive diffusion topology alpha=0.01 edge=0.001,N3470,N3332,0.0011546111024644653,5,4,3.999999999853232,0.4060058497297012,,False,4.0,False,False,True
TBS adaptive diffusion topology alpha=0.01 edge=0.001,N3471,L102,0.010725848000160267,2,1,0.99999999999972,0.317310507862979,,False,1.0,False,False,True
TBS adaptive diffusion topology alpha=0.01 edge=0.001,N3471,L377,0.010725848000160267,2,1,0.99999999999972,0.317310507862979,,False,1.0,False,False,True
TBS adaptive diffusion topology alpha=0.01 edge=0.001,N3472,L1627,0.010731321225945742,2,1,0.9999999999995195,0.3173105078630275,,False,1.0,False,False,True
TBS adaptive diffusion topology alpha=0.01 edge=0.001,N3472,L1911,0.010731321225945742,2,1,0.9999999999995195,0.3173105078630275,,False,1.0,False,False,True
TBS adaptive diffusion topology alpha=0.01 edge=0.001,N3473,L1652,0.010753763253187679,3,1,1.9999999999998683,0.3678794411714666,,False,2.0,False,False,True
TBS adaptive diffusion topology alpha=0.01 edge=0.001,N3473,N3063,0.003614390006694405,3,2,1.999999999997387,0.36787944117192295,,False,2.0,False,False,True
TBS adaptive diffusion topology alpha=0.01 edge=0.001,N3474,L2030,0.010776296701061297,2,1,0.9999999999995706,0.3173105078630151,,False,1.0,False,False,True
TBS adaptive diffusion topology alpha=0.01 edge=0.001,N3474,L2083,0.010776296701061297,2,1,0.9999999999995706,0.3173105078630151,,False,1.0,False,False,True
TBS adaptive diffusion topology alpha=0.01 edge=0.001,N3475,N2759,0.006049487947113923,4,2,2.999999999991413,0.39162517627241267,,False,3.0,False,False,True
TBS adaptive diffusion topology alpha=0.01 edge=0.001,N3475,N2809,0.005732530648158844,4,2,2.999999999991413,0.39162517627241267,,False,3.0,False,False,True
TBS adaptive diffusion topology alpha=0.01 edge=0.001,N3476,L830,0.010787751009982596,4,1,2.999999999999582,0.39162517627115323,,False,3.0,False,False,True
TBS adaptive diffusion topology alpha=0.01 edge=0.001,N3476,N3218,0.0022817129724975052,4,3,2.9999999999688827,0.39162517627588644,,False,3.0,False,False,True
TBS adaptive diffusion topology alpha=0.01 edge=0.001,N3477,L13,0.010793494187804224,2,1,0.9999999999993421,0.31731050786307047,,False,1.0,False,False,True
TBS adaptive diffusion topology alpha=0.01 edge=0.001,N3477,L34,0.010793494187804224,2,1,0.9999999999993421,0.31731050786307047,,False,1.0,False,False,True
TBS adaptive diffusion topology alpha=0.01 edge=0.001,N3478,N2658,0.007095311669264514,5,2,3.9999999998449822,0.40600584973081755,,False,4.0,False,False,True
TBS adaptive diffusion topology alpha=0.01 edge=0.001,N3478,N2741,0.006293354150437458,5,3,3.999999999324155,0.4060058498013037,,False,4.0,False,False,True
TBS adaptive diffusion topology alpha=0.01 edge=0.001,N3479,N3207,0.002428764334107688,7,3,5.999999996633787,0.4231900815039299,,False,6.0,False,False,True
TBS adaptive diffusion topology alpha=0.01 edge=0.001,N3479,N3288,0.0016151463472147834,7,4,5.999999991482049,0.42319008208103215,,False,6.0,False,False,True
TBS adaptive diffusion topology alpha=0.01 edge=0.001,N3480,N2709,0.006608381445451974,7,3,5.999999999858129,0.42319008114273615,,False,6.0,False,False,True
TBS adaptive diffusion topology alpha=0.01 edge=0.001,N3480,N2994,0.004234959105831547,7,4,5.999999999646263,0.4231900811664695,,False,6.0,False,False,True
TBS adaptive diffusion topology alpha=0.01 edge=0.001,N3481,N2924,0.004915183510361542,10,2,8.999999999771939,0.4372741889349192,,False,9.0,False,False,True
TBS adaptive diffusion topology alpha=0.01 edge=0.001,N3481,N3278,0.0017198805132701632,10,8,8.99999998280852,0.43727419050079663,,False,9.0,False,False,True
TBS adaptive diffusion topology alpha=0.01 edge=0.001,N3482,L354,0.010861302753357107,2,1,0.9999999999998241,0.3173105078629538,,False,1.0,False,False,True
TBS adaptive diffusion topology alpha=0.01 edge=0.001,N3482,L362,0.010861302753357107,2,1,0.9999999999998241,0.3173105078629538,,False,1.0,False,False,True
TBS adaptive diffusion topology alpha=0.01 edge=0.001,N3483,L203,0.010864364230875409,6,1,4.999999999997817,0.4158801869957742,,False,5.0,False,False,True
TBS adaptive diffusion topology alpha=0.01 edge=0.001,N3483,N3162,0.002767348479665524,6,5,4.9999999985132675,0.41588018717695097,,False,5.0,False,False,True
TBS adaptive diffusion topology alpha=0.01 edge=0.001,N3484,L2092,0.010875981127960836,3,1,1.999999999997986,0.36787944117181276,,False,2.0,False,False,True
TBS adaptive diffusion topology alpha=0.01 edge=0.001,N3484,N2936,0.004848226454075119,3,2,1.9999999999336129,0.3678794411836536,,False,2.0,False,False,True
TBS adaptive diffusion topology alpha=0.01 edge=0.001,N3485,L1227,0.01090079063169819,3,1,1.9999999999995821,0.3678794411715192,,False,2.0,False,False,True
TBS adaptive diffusion topology alpha=0.01 edge=0.001,N3485,N2790,0.005970778434687247,3,2,1.9999999999927758,0.36787944117277105,,False,2.0,False,False,True
TBS adaptive diffusion topology alpha=0.01 edge=0.001,N3486,L990,0.010914895004915938,3,1,1.9999999999998497,0.3678794411714701,,False,2.0,False,False,True
TBS adaptive diffusion topology alpha=0.01 edge=0.001,N3486,N3022,0.004075861809717198,3,2,1.9999999999973728,0.3678794411719256,,False,2.0,False,False,True
TBS adaptive diffusion topology alpha=0.01 edge=0.001,N3487,L1641,0.010933897263770856,7,1,5.9999999999855635,0.4231900811284609,,False,6.0,False,False,True
TBS adaptive diffusion topology alpha=0.01 edge=0.001,N3487,N3148,0.003004949071727192,7,6,5.999999994796841,0.42319008170970596,,False,6.0,False,False,True
TBS adaptive diffusion topology alpha=0.01 edge=0.001,N3488,N2891,0.005359759947008844,8,5,6.999999995436749,0.4288798580281792,,False,7.0,False,False,True
TBS adaptive diffusion topology alpha=0.01 edge=0.001,N3488,N3281,0.0017926986665958266,8,3,6.999999999074809,0.4288798576493852,,False,7.0,False,False,True
TBS adaptive diffusion topology alpha=0.01 edge=0.001,N3489,L1025,0.010968229462107546,3,1,1.9999999999979394,0.3678794411718213,,False,2.0,False,False,True
TBS adaptive diffusion topology alpha=0.01 edge=0.001,N3489,N3115,0.0033389614586727904,3,2,1.9999999999545632,0.3678794411797999,,False,2.0,False,False,True
TBS adaptive diffusion topology alpha=0.01 edge=0.001,N3490,L565,0.01099541367997056,4,1,2.9999999999991767,0.39162517627121596,,False,3.0,False,False,True
TBS adaptive diffusion topology alpha=0.01 edge=0.001,N3490,N2961,0.004801417847368449,4,3,2.9999999999413465,0.39162517628013205,,False,3.0,False,False,True
TBS adaptive diffusion topology alpha=0.01 edge=0.001,N3491,N2974,0.004652229166504418,7,3,5.9999999991266275,0.4231900812246795,,False,6.0,False,False,True
TBS adaptive diffusion topology alpha=0.01 edge=0.001,N3491,N3142,0.00317270004603081,7,4,5.999999997793916,0.4231900813739712,,False,6.0,False,False,True
TBS adaptive diffusion topology alpha=0.01 edge=0.001,N3492,L289,0.011015897158913998,2,1,0.9999999999967721,0.3173105078636923,,False,1.0,False,False,True
TBS adaptive diffusion topology alpha=0.01 edge=0.001,N3492,L1499,0.011015897158913998,2,1,0.9999999999967721,0.3173105078636923,,False,1.0,False,False,True
TBS adaptive diffusion topology alpha=0.01 edge=0.001,N3493,N2636,0.007635828557431004,4,2,2.9999999999715476,0.39162517627547555,,False,3.0,False,False,True
TBS adaptive diffusion topology alpha=0.01 edge=0.001,N3493,N3122,0.0033441903175377282,4,2,2.9999999999715476,0.39162517627547555,,False,3.0,False,False,True
TBS adaptive diffusion topology alpha=0.01 edge=0.001,N3494,N2824,0.005923805449748748,5,2,3.999999999931617,0.40600584971909304,,False,4.0,False,False,True
TBS adaptive diffusion topology alpha=0.01 edge=0.001,N3494,N3241,0.002249973442608985,5,3,3.9999999997133364,0.40600584974863396,,False,4.0,False,False,True
TBS adaptive diffusion topology alpha=0.01 edge=0.001,N3495,L8,0.0110652476972477,2,1,0.999999999917961,0.31731050788276227,,False,1.0,False,False,True
TBS adaptive diffusion topology alpha=0.01 edge=0.001,N3495,L425,0.0110652476972477,2,1,0.999999999917961,0.31731050788276227,,False,1.0,False,False,True
TBS adaptive diffusion topology alpha=0.01 edge=0.001,N3496,L2454,0.011085848564089316,2,1,0.9999999999998623,0.31731050786294446,,False,1.0,False,False,True
TBS adaptive diffusion topology alpha=0.01 edge=0.001,N3496,L2479,0.011085848564089316,2,1,0.9999999999998623,0.31731050786294446,,False,1.0,False,False,True
TBS adaptive diffusion topology alpha=0.01 edge=0.001,N3497,L382,0.011086348346420985,2,1,0.9999999999995943,0.3173105078630094,,False,1.0,False,False,True
TBS adaptive diffusion topology alpha=0.01 edge=0.001,N3497,L584,0.011086348346420985,2,1,0.9999999999995943,0.3173105078630094,,False,1.0,False,False,True
TBS adaptive diffusion topology alpha=0.01 edge=0.001,N3498,L2051,0.011086531809547908,3,1,1.9999999999999432,0.36787944117145294,,False,2.0,False,False,True
TBS adaptive diffusion topology alpha=0.01 edge=0.001,N3498,N3343,0.0014098577731095337,3,2,1.9999999999991958,0.3678794411715903,,False,2.0,False,False,True
TBS adaptive diffusion topology alpha=0.01 edge=0.001,N3499,L426,0.011111352340849848,2,1,0.999999999861994,0.31731050789630466,,False,1.0,False,False,True
TBS adaptive diffusion topology alpha=0.01 edge=0.001,N3499,L1425,0.011111352340849848,2,1,0.999999999861994,0.31731050789630466,,False,1.0,False,False,True
TBS adaptive diffusion topology alpha=0.01 edge=0.001,N3500,L2171,0.011118267603565173,2,1,0.9999999999988631,0.3173105078631864,,False,1.0,False,False,True
TBS adaptive diffusion topology alpha=0.01 edge=0.001,N3500,L2183,0.011118267603565173,2,1,0.9999999999988631,0.3173105078631864,,False,1.0,False,False,True
TBS adaptive diffusion topology alpha=0.01 edge=0.001,N3501,N2880,0.005609869570428956,5,3,3.9999999997196563,0.40600584974777876,,False,4.0,False,False,True
TBS adaptive diffusion topology alpha=0.01 edge=0.001,N3501,N3242,0.0023048778021689735,5,2,3.9999999999328244,0.4060058497189295,,False,4.0,False,False,True
TBS adaptive diffusion topology alpha=0.01 edge=0.001,N3502,L474,0.011152304361748548,2,1,0.9999999999978635,0.3173105078634282,,False,1.0,False,False,True
TBS adaptive diffusion topology alpha=0.01 edge=0.001,N3502,L1199,0.011152304361748548,2,1,0.9999999999978635,0.3173105078634282,,False,1.0,False,False,True
TBS adaptive diffusion topology alpha=0.01 edge=0.001,N3503,L1200,0.01116015500342253,4,1,2.9999999999903837,0.39162517627257143,,False,3.0,False,False,True
TBS adaptive diffusion topology alpha=0.01 edge=0.001,N3503,N2935,0.0051415654346203266,4,3,2.9999999978553187,0.3916251766017568,,False,3.0,False,False,True
TBS adaptive diffusion topology alpha=0.01 edge=0.001,N3504,N2865,0.005756996275132415,6,3,4.999999999105558,0.4158801871046671,,False,5.0,False,False,True
TBS adaptive diffusion topology alpha=0.01 edge=0.001,N3504,N2962,0.004965749041932624,6,3,4.999999999105559,0.4158801871046669,,False,5.0,False,False,True
TBS adaptive diffusion topology alpha=0.01 edge=0.001,N3505,L2210,0.011166029176143179,2,1,0.999999999999841,0.3173105078629497,,False,1.0,False,False,True
TBS adaptive diffusion topology alpha=0.01 edge=0.001,N3505,L2262,0.011166029176143179,2,1,0.999999999999841,0.3173105078629497,,False,1.0,False,False,True
TBS adaptive diffusion topology alpha=0.01 edge=0.001,N3506,L494,0.011168269355409308,2,1,0.9999999999993663,0.3173105078630646,,False,1.0,False,False,True
TBS adaptive diffusion topology alpha=0.01 edge=0.001,N3506,L513,0.011168269355409308,2,1,0.9999999999993663,0.3173105078630646,,False,1.0,False,False,True
TBS adaptive diffusion topology alpha=0.01 edge=0.001,N3507,L183,0.011178713460314071,3,1,1.9999999999894695,0.36787944117337934,,False,2.0,False,False,True
TBS adaptive diffusion topology alpha=0.01 edge=0.001,N3507,N3081,0.003869752515981582,3,2,1.9999999995962932,0.36787944124570005,,False,2.0,False,False,True
TBS adaptive diffusion topology alpha=0.01 edge=0.001,N3508,L442,0.011193202327510848,2,1,0.9999999999999525,0.3173105078629227,,False,1.0,False,False,True
TBS adaptive diffusion topology alpha=0.01 edge=0.001,N3508,L1509,0.011193202327510848,2,1,0.9999999999999525,0.3173105078629227,,False,1.0,False,False,True
TBS adaptive diffusion topology alpha=0.01 edge=0.001,N3509,L255,0.011205358817451983,4,1,2.9999999999990816,0.3916251762712305,,False,3.0,False,False,True
TBS adaptive diffusion topology alpha=0.01 edge=0.001,N3509,N2691,0.0072049793264959945,4,3,2.9999999998252855,0.3916251762980265,,False,3.0,False,False,True
TBS adaptive diffusion topology alpha=0.01 edge=0.001,N3510,L2082,0.011209138709864865,2,1,0.9999999999999756,0.31731050786291715,,False,1.0,False,False,True
TBS adaptive diffusion topology alpha=0.01 edge=0.001,N3510,L2220,0.011209138709864865,2,1,0.9999999999999756,0.31731050786291715,,False,1.0,False,False,True
TBS adaptive diffusion topology alpha=0.01 edge=0.001,N3511,L866,0.011212761790095213,3,1,1.9999999999991123,0.36787944117160565,,False,2.0,False,False,True
TBS adaptive diffusion topology alpha=0.01 edge=0.001,N3511,N3001,0.004560338409071378,3,2,1.9999999999785325,0.367879441175391,,False,2.0,False,False,True
TBS adaptive diffusion topology alpha=0.01 edge=0.001,N3512,N3032,0.004287008057599258,4,2,2.9999999999968456,0.39162517627157534,,False,3.0,False,False,True
TBS adaptive diffusion topology alpha=0.01 edge=0.001,N3512,N3214,0.0027621559634730835,4,2,2.9999999999968456,0.39162517627157534,,False,3.0,False,False,True
TBS adaptive diffusion topology alpha=0.01 edge=0.001,N3513,L1118,0.011236126158021987,2,1,0.999999999999805,0.3173105078629584,,False,1.0,False,False,True
TBS adaptive diffusion topology alpha=0.01 edge=0.001,N3513,L1266,0.011236126158021987,2,1,0.999999999999805,0.3173105078629584,,False,1.0,False,False,True
TBS adaptive diffusion topology alpha=0.01 edge=0.001,N3514,L1634,0.01123787031504892,2,1,0.9999999999999405,0.31731050786292564,,False,1.0,False,False,True
TBS adaptive diffusion topology alpha=0.01 edge=0.001,N3514,L1981,0.01123787031504892,2,1,0.9999999999999405,0.31731050786292564,,False,1.0,False,False,True
TBS adaptive diffusion topology alpha=0.01 edge=0.001,N3515,N2984,0.0047678307081059365,9,2,7.999999999832184,0.43347012038310184,,False,8.0,False,False,True
TBS adaptive diffusion topology alpha=0.01 edge=0.001,N3515,N3226,0.002656337844263233,9,7,7.999999990444087,0.4334701213001634,,False,8.0,False,False,True
TBS adaptive diffusion topology alpha=0.01 edge=0.001,N3516,L2474,0.01124865265770692,4,1,2.9999999999985456,0.3916251762713131,,False,3.0,False,False,True
TBS adaptive diffusion topology alpha=0.01 edge=0.001,N3516,N3004,0.004571233271295428,4,3,2.999999999778758,0.3916251763052002,,False,3.0,False,False,True
TBS adaptive diffusion topology alpha=0.01 edge=0.001,N3517,L613,0.011261635761949032,3,1,1.999999999997547,0.36787944117189353,,False,2.0,False,False,True
TBS adaptive diffusion topology alpha=0.01 edge=0.001,N3517,N2788,0.006347607139773687,3,2,1.9999999999312723,0.36787944118408406,,False,2.0,False,False,True
TBS adaptive diffusion topology alpha=0.01 edge=0.001,N3518,L2234,0.011263836660742679,2,1,0.9999999999998976,0.31731050786293596,,False,1.0,False,False,True
TBS adaptive diffusion topology alpha=0.01 edge=0.001,N3518,L2250,0.011263836660742679,2,1,0.9999999999998976,0.31731050786293596,,False,1.0,False,False,True
TBS adaptive diffusion topology alpha=0.01 edge=0.001,N3519,L1150,0.01127671282270188,3,1,1.9999999999998959,0.36787944117146154,,False,2.0,False,False,True
TBS adaptive diffusion topology alpha=0.01 edge=0.001,N3519,N3220,0.0027386867285248205,3,2,1.999999999998653,0.36787944117169014,,False,2.0,False,False,True
TBS adaptive diffusion topology alpha=0.01 edge=0.001,N3520,L68,0.011277053206431431,2,1,0.9999999999937577,0.31731050786442166,,False,1.0,False,False,True
TBS adaptive diffusion topology alpha=0.01 edge=0.001,N3520,L176,0.011277053206431431,2,1,0.9999999999937577,0.31731050786442166,,False,1.0,False,False,True
TBS adaptive diffusion topology alpha=0.01 edge=0.001,N3521,N2680,0.007347242802375145,5,3,3.999999999814496,0.40600584973494325,,False,4.0,False,False,True
TBS adaptive diffusion topology alpha=0.01 edge=0.001,N3521,N2916,0.005427241096295365,5,2,3.9999999999568856,0.40600584971567333,,False,4.0,False,False,True
TBS adaptive diffusion topology alpha=0.01 edge=0.001,N3522,L172,0.01128106330313997,2,1,0.9999999999990514,0.31731050786314074,,False,1.0,False,False,True
TBS adaptive diffusion topology alpha=0.01 edge=0.001,N3522,L334,0.01128106330313997,2,1,0.9999999999990514,0.31731050786314074,,False,1.0,False,False,True
TBS adaptive diffusion topology alpha=0.01 edge=0.001,N3523,L1984,0.01128698211925488,3,1,1.999999999999796,0.3678794411714799,,False,2.0,False,False,True
TBS adaptive diffusion topology alpha=0.01 edge=0.001,N3523,N2934,0.005277712078171182,3,2,1.9999999999972258,0.36787944117195254,,False,2.0,False,False,True
TBS adaptive diffusion topology alpha=0.01 edge=0.001,N3524,L1521,0.011301399015492432,3,1,1.999999999999075,0.3678794411716125,,False,2.0,False,False,True
TBS adaptive diffusion topology alpha=0.01 edge=0.001,N3524,N3111,0.003677566396867388,3,2,1.9999999999850555,0.36787944117419114,,False,2.0,False,False,True
TBS adaptive diffusion topology alpha=0.01 edge=0.001,N3525,L812,0.011315519510406274,4,1,2.999999999998262,0.39162517627135707,,False,3.0,False,False,True
TBS adaptive diffusion topology alpha=0.01 edge=0.001,N3525,N2765,0.006554358411047802,4,3,2.9999999996652242,0.39162517632270477,,False,3.0,False,False,True
TBS adaptive diffusion topology alpha=0.01 edge=0.001,N3526,N2944,0.005231378664927482,6,3,4.999999999849854,0.4158801870138321,,False,5.0,False,False,True
TBS adaptive diffusion topology alpha=0.01 edge=0.001,N3526,N3313,0.0019332739739717675,6,3,4.999999999849852,0.4158801870138322,,False,5.0,False,False,True
TBS adaptive diffusion topology alpha=0.01 edge=0.001,N3527,N2857,0.005982485149545894,4,2,2.999999999735939,0.39162517631180194,,False,3.0,False,False,True
TBS adaptive diffusion topology alpha=0.01 edge=0.001,N3527,N3244,0.0024787611506435674,4,2,2.999999999735939,0.39162517631180194,,False,3.0,False,False,True
TBS adaptive diffusion topology alpha=0.01 edge=0.001,N3528,L1839,0.011349252927816782,7,1,5.999999999986635,0.4231900811283409,,False,6.0,False,False,True
TBS adaptive diffusion topology alpha=0.01 edge=0.001,N3528,N3071,0.004095464685840165,7,6,5.999999967685104,0.4231900847467872,,False,6.0,False,False,True
TBS adaptive diffusion topology alpha=0.01 edge=0.001,N3529,L1441,0.011358925576954186,2,1,0.9999999999998872,0.3173105078629385,,False,1.0,False,False,True
TBS adaptive diffusion topology alpha=0.01 edge=0.001,N3529,L1517,0.011358925576954186,2,1,0.9999999999998872,0.3173105078629385,,False,1.0,False,False,True
TBS adaptive diffusion topology alpha=0.01 edge=0.001,N3530,N2899,0.005696226786076073,6,3,4.999999999833676,0.4158801870158062,,False,5.0,False,False,True
TBS adaptive diffusion topology alpha=0.01 edge=0.001,N3530,N3021,0.004552725858403413,6,3,4.999999999833702,0.4158801870158032,,False,5.0,False,False,True
TBS adaptive diffusion topology alpha=0.01 edge=0.001,N3531,N3020,0.004563228372032551,5,3,3.999999999593159,0.4060058497648983,,False,4.0,False,False,True
TBS adaptive diffusion topology alpha=0.01 edge=0.001,N3531,N3270,0.002309745187532611,5,2,3.99999999990656,0.406005849722484,,False,4.0,False,False,True
TBS adaptive diffusion topology alpha=0.01 edge=0.001,N3532,N3079,0.004098446735108651,7,3,5.99999999991513,0.42319008113635126,,False,6.0,False,False,True
TBS adaptive diffusion topology alpha=0.01 edge=0.001,N3532,N3227,0.002797707892950776,7,4,5.999999999788363,0.42319008115055123,,False,6.0,False,False,True
TBS adaptive diffusion topology alpha=0.01 edge=0.001,N3533,L492,0.011399341284873283,3,1,1.9999999999962952,0.3678794411721238,,False,2.0,False,False,True
TBS adaptive diffusion topology alpha=0.01 edge=0.001,N3533,N2802,0.006395395366194072,3,2,1.9999999998841194,0.36787944119275745,,False,2.0,False,False,True
TBS adaptive diffusion topology alpha=0.01 edge=0.001,N3534,L1832,0.011412615085904467,4,1,2.999999999997949,0.39162517627140503,,False,3.0,False,False,True
TBS adaptive diffusion topology alpha=0.01 edge=0.001,N3534,N3065,0.0042452025059117205,4,3,2.9999999996395754,0.39162517632665916,,False,3.0,False,False,True
TBS adaptive diffusion topology alpha=0.01 edge=0.001,N3535,L1501,0.011421725058475043,8,1,6.999999999994763,0.4288798575535997,,False,7.0,False,False,True
TBS adaptive diffusion topology alpha=0.01 edge=0.001,N3535,N3413,0.0012237269998106937,8,7,6.999999969090594,0.428879860771335,,False,7.0,False,False,True
TBS adaptive diffusion topology alpha=0.01 edge=0.001,N3536,N2992,0.004874072795358998,10,5,8.999999998391049,0.4372741890623878,,False,9.0,False,False,True
TBS adaptive diffusion topology alpha=0.01 edge=0.001,N3536,N3420,0.0012086637623918953,10,5,8.999999998391088,0.43727418906238436,,False,9.0,False,False,True
TBS adaptive diffusion topology alpha=0.01 edge=0.001,N3537,L1625,0.011444845878199324,2,1,0.9999999999996061,0.3173105078630065,,False,1.0,False,False,True
TBS adaptive diffusion topology alpha=0.01 edge=0.001,N3537,L1819,0.011444845878199324,2,1,0.9999999999996061,0.3173105078630065,,False,1.0,False,False,True
TBS adaptive diffusion topology alpha=0.01 edge=0.001,N3538,L333,0.011481790676902527,3,1,1.9999999999997138,0.367879441171495,,False,2.0,False,False,True
TBS adaptive diffusion topology alpha=0.01 edge=0.001,N3538,N3417,0.001260179965330861,3,2,1.999999999993951,0.36787944117255494,,False,2.0,False,False,True
TBS adaptive diffusion topology alpha=0.01 edge=0.001,N3539,N2545,0.009348264884383025,4,2,2.9999999999136615,0.39162517628440063,,False,3.0,False,False,True
TBS adaptive diffusion topology alpha=0.01 edge=0.001,N3539,N3176,0.0033046506798548726,4,2,2.9999999999136615,0.39162517628440063,,False,3.0,False,False,True
TBS adaptive diffusion topology alpha=0.01 edge=0.001,N3540,L93,0.011484196368313748,3,1,1.9999999999975842,0.3678794411718867,,False,2.0,False,False,True
TBS adaptive diffusion topology alpha=0.01 edge=0.001,N3540,N3010,0.004721030697319012,3,2,1.9999999999115352,0.36787944118771454,,False,2.0,False,False,True
TBS adaptive diffusion topology alpha=0.01 edge=0.001,N3541,L922,0.01148866129569896,3,1,1.9999999999998674,0.3678794411714667,,False,2.0,False,False,True
TBS adaptive diffusion topology alpha=0.01 edge=0.001,N3541,N2654,0.007813223012489332,3,2,1.999999999996479,0.36787944117209,,False,2.0,False,False,True
TBS adaptive diffusion topology alpha=0.01 edge=0.001,N3542,L2117,0.01150791793252861,3,1,1.9999999999904672,0.3678794411731958,,False,2.0,False,False,True
TBS adaptive diffusion topology alpha=0.01 edge=0.001,N3542,N2858,0.0061454259866673315,3,2,1.9999999996135966,0.3678794412425172,,False,2.0,False,False,True
TBS adaptive diffusion topology alpha=0.01 edge=0.001,N3543,L1012,0.01151824111529926,4,1,2.9999999999920086,0.3916251762723212,,False,3.0,False,False,True
TBS adaptive diffusion topology alpha=0.01 edge=0.001,N3543,N2953,0.005347036694034161,4,3,2.9999999982979193,0.39162517653351625,,False,3.0,False,False,True
TBS adaptive diffusion topology alpha=0.01 edge=0.001,N3544,L1183,0.011541537448665208,3,1,1.9999999999996942,0.36787944117149857,,False,2.0,False,False,True
TBS adaptive diffusion topology alpha=0.01 edge=0.001,N3544,N3011,0.004760546599530963,3,2,1.999999999997498,0.36787944117190263,,False,2.0,False,False,True
TBS adaptive diffusion topology alpha=0.01 edge=0.001,N3545,L2010,0.011552548733352364,4,1,2.9999999999981655,0.3916251762713717,,False,3.0,False,False,True
TBS adaptive diffusion topology alpha=0.01 edge=0.001,N3545,N3266,0.002487206465108117,4,3,2.9999999998135785,0.3916251762998314,,False,3.0,False,False,True
TBS adaptive diffusion topology alpha=0.01 edge=0.001,N3546,N3294,0.0023140047142121752,7,3,5.999999999974301,0.42319008112972245,,False,6.0,False,False,True
TBS adaptive diffusion topology alpha=0.01 edge=0.001,N3546,N3338,0.0019862815692333366,7,4,5.999999999945333,0.42319008113296774,,False,6.0,False,False,True
TBS adaptive diffusion topology alpha=0.01 edge=0.001,N3547,L254,0.011602879509973333,3,1,1.9999999999985625,0.3678794411717068,,False,2.0,False,False,True
TBS adaptive diffusion topology alpha=0.01 edge=0.001,N3547,N3256,0.0026381238457695026,3,2,1.9999999999855587,0.36787944117409865,,False,2.0,False,False,True
TBS adaptive diffusion topology alpha=0.01 edge=0.001,N3548,L1757,0.011618387034821294,8,1,6.999999999992407,0.42887985755384506,,False,7.0,False,False,True
TBS adaptive diffusion topology alpha=0.01 edge=0.001,N3548,N3487,0.0006844897710504384,8,7,6.9999999918151845,0.42887985840525544,,False,7.0,False,False,True
TBS adaptive diffusion topology alpha=0.01 edge=0.001,N3549,N2724,0.007311417800080516,4,2,2.9999999999972427,0.39162517627151416,,False,3.0,False,False,True
TBS adaptive diffusion topology alpha=0.01 edge=0.001,N3549,N3165,0.003509427667435664,4,2,2.9999999999972427,0.39162517627151416,,False,3.0,False,False,True
TBS adaptive diffusion topology alpha=0.01 edge=0.001,N3550,L1155,0.011629322329510357,2,1,0.999999999999639,0.3173105078629985,,False,1.0,False,False,True
TBS adaptive diffusion topology alpha=0.01 edge=0.001,N3550,L1361,0.011629322329510357,2,1,0.999999999999639,0.3173105078629985,,False,1.0,False,False,True
TBS adaptive diffusion topology alpha=0.01 edge=0.001,N3551,N2620,0.008351082837632324,4,2,2.999999999992511,0.3916251762722437,,False,3.0,False,False,True
TBS adaptive diffusion topology alpha=0.01 edge=0.001,N3551,N2692,0.0076036361635273535,4,2,2.999999999992511,0.3916251762722437,,False,3.0,False,False,True
TBS adaptive diffusion topology alpha=0.01 edge=0.001,N3552,L1303,0.01164000630193569,3,1,1.9999999999996412,0.3678794411715084,,False,2.0,False,False,True
TBS adaptive diffusion topology alpha=0.01 edge=0.001,N3552,N3137,0.003818996674022934,3,2,1.999999999995587,0.36787944117225396,,False,2.0,False,False,True
TBS adaptive diffusion topology alpha=0.01 edge=0.001,N3553,N3153,0.0036757498190880086,20,9,11221116239.57302,0.0,,False,19.0,False,False,True
TBS adaptive diffusion topology alpha=0.01 edge=0.001,N3553,N3395,0.0015554924915812958,20,11,7511670198.89914,0.0,,False,19.0,False,False,True
TBS adaptive diffusion topology alpha=0.01 edge=0.001,N3554,L120,0.011648418391568528,2,1,0.9999999975565235,0.317310508454161,,False,1.0,False,False,True
TBS adaptive diffusion topology alpha=0.01 edge=0.001,N3554,L123,0.011648418391568528,2,1,0.9999999975565235,0.317310508454161,,False,1.0,False,False,True
TBS adaptive diffusion topology alpha=0.01 edge=0.001,N3555,L2297,0.011649208022151122,2,1,0.9999999999992897,0.31731050786308307,,False,1.0,False,False,True
TBS adaptive diffusion topology alpha=0.01 edge=0.001,N3555,L2350,0.011649208022151122,2,1,0.9999999999992897,0.31731050786308307,,False,1.0,False,False,True
TBS adaptive diffusion topology alpha=0.01 edge=0.001,N3556,L2294,0.011694748126579108,3,1,1.9999999999996843,0.36787944117150045,,False,2.0,False,False,True
TBS adaptive diffusion topology alpha=0.01 edge=0.001,N3556,N3243,0.0028648913457199414,3,2,1.9999999999886404,0.36787944117353183,,False,2.0,False,False,True
TBS adaptive diffusion topology alpha=0.01 edge=0.001,N3557,L1991,0.011701915788282344,4,1,2.999999999999091,0.39162517627122917,,False,3.0,False,False,True
TBS adaptive diffusion topology alpha=0.01 edge=0.001,N3557,N3236,0.0029910703839026876,4,3,2.9999999999692335,0.3916251762758325,,False,3.0,False,False,True
TBS adaptive diffusion topology alpha=0.01 edge=0.001,N3558,L1,0.011704137475594224,2,1,0.999999999999686,0.3173105078629872,,False,1.0,False,False,True
TBS adaptive diffusion topology alpha=0.01 edge=0.001,N3558,L3,0.011704137475594224,2,1,0.999999999999686,0.3173105078629872,,False,1.0,False,False,True
TBS adaptive diffusion topology alpha=0.01 edge=0.001,N3559,L2182,0.011711861679503733,2,1,0.9999999999999005,0.31731050786293524,,False,1.0,False,False,True
TBS adaptive diffusion topology alpha=0.01 edge=0.001,N3559,L2197,0.011711861679503733,2,1,0.9999999999999005,0.31731050786293524,,False,1.0,False,False,True
TBS adaptive diffusion topology alpha=0.01 edge=0.001,N3560,L1931,0.011714312746525315,3,1,1.9999999999975469,0.36787944117189353,,False,2.0,False,False,True
TBS adaptive diffusion topology alpha=0.01 edge=0.001,N3560,N3109,0.004109563515748677,3,2,1.9999999999375784,0.36787944118292415,,False,2.0,False,False,True
TBS adaptive diffusion topology alpha=0.01 edge=0.001,N3561,L1347,0.011720101701740279,4,1,2.999999999999653,0.39162517627114246,,False,3.0,False,False,True
TBS adaptive diffusion topology alpha=0.01 edge=0.001,N3561,N3185,0.003502606556680589,4,3,2.999999999976697,0.39162517627468185,,False,3.0,False,False,True
TBS adaptive diffusion topology alpha=0.01 edge=0.001,N3562,L328,0.01172319689818055,2,1,0.9999999999998341,0.31731050786295134,,False,1.0,False,False,True
TBS adaptive diffusion topology alpha=0.01 edge=0.001,N3562,L682,0.01172319689818055,2,1,0.9999999999998341,0.31731050786295134,,False,1.0,False,False,True
TBS adaptive diffusion topology alpha=0.01 edge=0.001,N3563,N3073,0.0045024284973303715,6,4,4.9999999981235925,0.41588018722450737,,False,5.0,False,False,True
TBS adaptive diffusion topology alpha=0.01 edge=0.001,N3563,N3433,0.00144380725456218,6,2,4.999999999825799,0.4158801870167679,,False,5.0,False,False,True
TBS adaptive diffusion topology alpha=0.01 edge=0.001,N3564,L1154,0.011765859073818866,2,1,0.99999999999859,0.31731050786325243,,False,1.0,False,False,True
TBS adaptive diffusion topology alpha=0.01 edge=0.001,N3564,L1222,0.011765859073818866,2,1,0.99999999999859,0.31731050786325243,,False,1.0,False,False,True
TBS adaptive diffusion topology alpha=0.01 edge=0.001,N3565,L502,0.011769462062084962,2,1,0.9999999999993137,0.3173105078630773,,False,1.0,False,False,True
TBS adaptive diffusion topology alpha=0.01 edge=0.001,N3565,L1439,0.011769462062084962,2,1,0.9999999999993137,0.3173105078630773,,False,1.0,False,False,True
TBS adaptive diffusion topology alpha=0.01 edge=0.001,N3566,L1760,0.011769660297548007,3,1,1.9999999999994613,0.3678794411715414,,False,2.0,False,False,True
TBS adaptive diffusion topology alpha=0.01 edge=0.001,N3566,N3349,0.0020645817085348894,3,2,1.9999999999947966,0.36787944117239946,,False,2.0,False,False,True
TBS adaptive diffusion topology alpha=0.01 edge=0.001,N3567,N3286,0.0025846403348367547,7,3,5.999999085709648,0.42319018354648275,,False,6.0,False,False,True
TBS adaptive diffusion topology alpha=0.01 edge=0.001,N3567,N3370,0.0019057414097696681,7,4,5.9999976843128024,0.4231903405322668,,False,6.0,False,False,True
TBS adaptive diffusion topology alpha=0.01 edge=0.001,N3568,L892,0.011776894923657388,2,1,0.999999999960975,0.31731050787235415,,False,1.0,False,False,True
TBS adaptive diffusion topology alpha=0.01 edge=0.001,N3568,L964,0.011776894923657388,2,1,0.999999999960975,0.31731050787235415,,False,1.0,False,False,True
TBS adaptive diffusion topology alpha=0.01 edge=0.001,N3569,L126,0.011782768967442044,2,1,0.9999999999960993,0.3173105078638551,,False,1.0,False,False,True
TBS adaptive diffusion topology alpha=0.01 edge=0.001,N3569,L1469,0.011782768967442044,2,1,0.9999999999960993,0.3173105078638551,,False,1.0,False,False,True
TBS adaptive diffusion topology alpha=0.01 edge=0.001,N3570,L651,0.011794850146928455,2,1,0.9999999999996363,0.3173105078629992,,False,1.0,False,False,True
TBS adaptive diffusion topology alpha=0.01 edge=0.001,N3570,L725,0.011794850146928455,2,1,0.9999999999996363,0.3173105078629992,,False,1.0,False,False,True
TBS adaptive diffusion topology alpha=0.01 edge=0.001,N3571,L419,0.011806934598725529,4,1,2.999999999999363,0.3916251762711871,,False,3.0,False,False,True
TBS adaptive diffusion topology alpha=0.01 edge=0.001,N3571,N3454,0.0012833102442506516,4,3,2.9999999999127693,0.3916251762845383,,False,3.0,False,False,True
TBS adaptive diffusion topology alpha=0.01 edge=0.001,N3572,N2957,0.005629068043757922,4,2,2.999999999979786,0.39162517627420546,,False,3.0,False,False,True
TBS adaptive diffusion topology alpha=0.01 edge=0.001,N3572,N3255,0.0028817858645539636,4,2,2.999999999979786,0.39162517627420546,,False,3.0,False,False,True
TBS adaptive diffusion topology alpha=0.01 edge=0.001,N3573,L911,0.01181824417565203,3,1,1.9999999999756755,0.36787944117591664,,False,2.0,False,False,True
TBS adaptive diffusion topology alpha=0.01 edge=0.001,N3573,N3250,0.0029264256768134593,3,2,1.9999999990060577,0.3678794413542678,,False,2.0,False,False,True
TBS adaptive diffusion topology alpha=0.01 edge=0.001,N3574,N2922,0.005912708078576109,7,3,5.999999999853812,0.4231900811432199,,False,6.0,False,False,True
TBS adaptive diffusion topology alpha=0.01 edge=0.001,N3574,N3210,0.00339582140847137,7,4,5.999999999646719,0.42319008116641843,,False,6.0,False,False,True
TBS adaptive diffusion topology alpha=0.01 edge=0.001,N3575,N3135,0.004029313420938255,4,2,2.9999999999754685,0.39162517627487103,,False,3.0,False,False,True
TBS adaptive diffusion topology alpha=0.01 edge=0.001,N3575,N3412,0.0016429552066671075,4,2,2.9999999999754685,0.39162517627487103,,False,3.0,False,False,True
TBS adaptive diffusion topology alpha=0.01 edge=0.001,N3576,L2169,0.011840572497029913,4,1,2.99999999999286,0.39162517627218973,,False,3.0,False,False,True
TBS adaptive diffusion topology alpha=0.01 edge=0.001,N3576,N3132,0.004057446654768315,4,3,2.999999998486633,0.3916251765044203,,False,3.0,False,False,True
TBS adaptive diffusion topology alpha=0.01 edge=0.001,N3577,N3061,0.00471283585871109,9,6,7.999999996262542,0.4334701207317969,,False,8.0,False,False,True
TBS adaptive diffusion topology alpha=0.01 edge=0.001,N3577,N3330,0.002294347778606481,9,3,7.999999999532154,0.43347012041240973,,False,8.0,False,False,True
TBS adaptive diffusion topology alpha=0.01 edge=0.001,N3578,L2310,0.011855490516399425,3,1,1.9999999999993865,0.3678794411715553,,False,2.0,False,False,True
TBS adaptive diffusion topology alpha=0.01 edge=0.001,N3578,N3319,0.002416615727304396,3,2,1.999999999985433,0.36787944117412186,,False,2.0,False,False,True
TBS adaptive diffusion topology alpha=0.01 edge=0.001,N3579,L2108,0.011856286670591916,2,1,0.9999999999999829,0.3173105078629154,,False,1.0,False,False,True
TBS adaptive diffusion topology alpha=0.01 edge=0.001,N3579,L2119,0.011856286670591916,2,1,0.9999999999999829,0.3173105078629154,,False,1.0,False,False,True
TBS adaptive diffusion topology alpha=0.01 edge=0.001,N3580,L2489,0.011861913088103908,4,1,2.9999999999996905,0.3916251762711368,,False,3.0,False,False,True
TBS adaptive diffusion topology alpha=0.01 edge=0.001,N3580,N3224,0.0032967595117918648,4,3,2.9999999999600773,0.39162517627724425,,False,3.0,False,False,True
TBS adaptive diffusion topology alpha=0.01 edge=0.001,N3581,L882,0.011865448668128916,2,1,0.9999999999996583,0.3173105078629939,,False,1.0,False,False,True
TBS adaptive diffusion topology alpha=0.01 edge=0.001,N3581,L888,0.011865448668128916,2,1,0.9999999999996583,0.3173105078629939,,False,1.0,False,False,True
TBS adaptive diffusion topology alpha=0.01 edge=0.001,N3582,L941,0.011870111220159971,3,1,1.9999999999998241,0.36787944117147475,,False,2.0,False,False,True
TBS adaptive diffusion topology alpha=0.01 edge=0.001,N3582,N2575,0.009220413292309616,3,2,1.9999999999986757,0.367879441171686,,False,2.0,False,False,True
TBS adaptive diffusion topology alpha=0.01 edge=0.001,N3583,N3068,0.004678108214853033,6,2,4.999999999686988,0.4158801870337083,,False,5.0,False,False,True
TBS adaptive diffusion topology alpha=0.01 edge=0.001,N3583,N3449,0.0014322509072850545,6,4,4.999999996476648,0.41588018742550326,,False,5.0,False,False,True
TBS adaptive diffusion topology alpha=0.01 edge=0.001,N3584,N3231,0.0032735772050828597,13,2,11.999999999569315,0.4456796413991999,,False,12.0,False,False,True
TBS adaptive diffusion topology alpha=0.01 edge=0.001,N3584,N3346,0.0022348249859648643,13,11,11.999999923671606,0.4456796474946645,,False,12.0,False,False,True
TBS adaptive diffusion topology alpha=0.01 edge=0.001,N3585,L210,0.011937438788771867,3,1,1.9999999999946727,0.3678794411724223,,False,2.0,False,False,True
TBS adaptive diffusion topology alpha=0.01 edge=0.001,N3585,N3013,0.005143460550109755,3,2,1.9999999997970088,0.3678794412087805,,False,2.0,False,False,True
TBS adaptive diffusion topology alpha=0.01 edge=0.001,N3586,N3107,0.0043979880424049695,10,2,8.999999986083266,0.4372741901985079,,False,9.0,False,False,True
TBS adaptive diffusion topology alpha=0.01 edge=0.001,N3586,N3305,0.0026117192687677587,10,8,8.999998834495871,0.43727429650047756,,False,9.0,False,False,True
TBS adaptive diffusion topology alpha=0.01 edge=0.001,N3587,N3289,0.0027449239958730496,14,9,12.999999901573094,0.44781168192229404,,False,13.0,False,False,True
TBS adaptive diffusion topology alpha=0.01 edge=0.001,N3587,N3292,0.0027198413960162226,14,5,12.999999980464064,0.44781167582850856,,False,13.0,False,False,True
TBS adaptive diffusion topology alpha=0.01 edge=0.001,N3588,N3170,0.0038577728377881264,14,4,12.999999998191159,0.4478116744592121,,False,13.0,False,False,True
TBS adaptive diffusion topology alpha=0.01 edge=0.001,N3588,N3339,0.0023683141960103627,14,10,12.999999977225515,0.44781167607866446,,False,13.0,False,False,True
TBS adaptive diffusion topology alpha=0.01 edge=0.001,N3589,L1775,0.011991787352662098,4,1,2.999999999994712,0.3916251762719044,,False,3.0,False,False,True
TBS adaptive diffusion topology alpha=0.01 edge=0.001,N3589,N3206,0.0035950175138549116,4,3,2.9999999990920876,0.3916251764110713,,False,3.0,False,False,True
TBS adaptive diffusion topology alpha=0.01 edge=0.001,N3590,L695,0.012005114719741913,3,1,1.9999999999996685,0.3678794411715034,,False,2.0,False,False,True
TBS adaptive diffusion topology alpha=0.01 edge=0.001,N3590,N3451,0.0015095311653499483,3,2,1.9999999999889408,0.3678794411734766,,False,2.0,False,False,True
TBS adaptive diffusion topology alpha=0.01 edge=0.001,N3591,N3023,0.005174050511292741,6,2,4.999999999986239,0.415880186997187,,False,5.0,False,False,True
TBS adaptive diffusion topology alpha=0.01 edge=0.001,N3591,N3476,0.0012431739705442695,6,4,4.999999999870351,0.41588018701133056,,False,5.0,False,False,True
TBS adaptive diffusion topology alpha=0.01 edge=0.001,N3592,L2319,0.012043541870186473,4,1,2.9999999999998908,0.3916251762711058,,False,3.0,False,False,True
TBS adaptive diffusion topology alpha=0.01 edge=0.001,N3592,N2878,0.006529742872321829,4,3,2.9999999999829305,0.3916251762737205,,False,3.0,False,False,True
TBS adaptive diffusion topology alpha=0.01 edge=0.001,N3593,N3306,0.002685434165048171,11,7,9.999999997475207,0.44049328528672205,,False,10.0,False,False,True
TBS adaptive diffusion topology alpha=0.01 edge=0.001,N3593,N3341,0.0023839645359795348,11,4,9.999999999463952,0.4404932851122416,,False,10.0,False,False,True
TBS adaptive diffusion topology alpha=0.01 edge=0.001,N3594,N2623,0.008740458312458883,7,3,5.9999999999262945,0.42319008113510004,,False,6.0,False,False,True
TBS adaptive diffusion topology alpha=0.01 edge=0.001,N3594,N3436,0.0017050845371951683,7,4,5.999999999817145,0.42319008114732726,,False,6.0,False,False,True
TBS adaptive diffusion topology alpha=0.01 edge=0.001,N3595,L352,0.012059934353411197,4,1,2.999999999981714,0.39162517627390836,,False,3.0,False,False,True
TBS adaptive diffusion topology alpha=0.01 edge=0.001,N3595,N3350,0.0023524008081188823,4,3,2.999999995604039,0.39162517694885957,,False,3.0,False,False,True
TBS adaptive diffusion topology alpha=0.01 edge=0.001,N3596,L54,0.012064875379208275,2,1,0.9999999999996207,0.31731050786300297,,False,1.0,False,False,True
TBS adaptive diffusion topology alpha=0.01 edge=0.001,N3596,L615,0.012064875379208275,2,1,0.9999999999996207,0.31731050786300297,,False,1.0,False,False,True
TBS adaptive diffusion topology alpha=0.01 edge=0.001,N3597,L2185,0.012073075527018074,3,1,1.9999999999999218,0.36787944117145677,,False,2.0,False,False,True
TBS adaptive diffusion topology alpha=0.01 edge=0.001,N3597,N3221,0.003528541708198857,3,2,1.9999999999991882,0.36787944117159166,,False,2.0,False,False,True
TBS adaptive diffusion topology alpha=0.01 edge=0.001,N3598,L843,0.012099331639412184,2,1,0.9999999999998355,0.317310507862951,,False,1.0,False,False,True
TBS adaptive diffusion topology alpha=0.01 edge=0.001,N3598,L966,0.012099331639412184,2,1,0.9999999999998355,0.317310507862951,,False,1.0,False,False,True
TBS adaptive diffusion topology alpha=0.01 edge=0.001,N3599,L2206,0.01212932894123263,2,1,0.9999999999998701,0.3173105078629427,,False,1.0,False,False,True
TBS adaptive diffusion topology alpha=0.01 edge=0.001,N3599,L2264,0.01212932894123263,2,1,0.9999999999998701,0.3173105078629427,,False,1.0,False,False,True
TBS adaptive diffusion topology alpha=0.01 edge=0.001,N3600,N3059,0.005017501660177488,14,2,12.999999999969233,0.44781167432186786,,False,13.0,False,False,True
TBS adaptive diffusion topology alpha=0.01 edge=0.001,N3600,N3333,0.002577182975902361,14,12,12.999999997817342,0.4478116744880869,,False,13.0,False,False,True
TBS adaptive diffusion topology alpha=0.01 edge=0.001,N3601,N2868,0.00672766913992802,12,4,10.999999996333795,0.4432632787336096,,False,11.0,False,False,True
TBS adaptive diffusion topology alpha=0.01 edge=0.001,N3601,N3097,0.004675669892592221,12,8,10.999999973721856,0.44326328062797404,,False,11.0,False,False,True
TBS adaptive diffusion topology alpha=0.01 edge=0.001,N3602,L276,0.012146406455500431,2,1,0.9999999999267761,0.31731050788062926,,False,1.0,False,False,True
TBS adaptive diffusion topology alpha=0.01 edge=0.001,N3602,L335,0.012146406455500431,2,1,0.9999999999267761,0.31731050788062926,,False,1.0,False,False,True
TBS adaptive diffusion topology alpha=0.01 edge=0.001,N3603,L403,0.012156472117655704,2,1,0.9999999999998048,0.31731050786295845,,False,1.0,False,False,True
TBS adaptive diffusion topology alpha=0.01 edge=0.001,N3603,L1481,0.012156472117655704,2,1,0.9999999999998048,0.31731050786295845,,False,1.0,False,False,True
TBS adaptive diffusion topology alpha=0.01 edge=0.001,N3604,L1877,0.012162379011719309,2,1,0.9999999999999636,0.31731050786292003,,False,1.0,False,False,True
TBS adaptive diffusion topology alpha=0.01 edge=0.001,N3604,L1937,0.012162379011719309,2,1,0.9999999999999636,0.31731050786292003,,False,1.0,False,False,True
TBS adaptive diffusion topology alpha=0.01 edge=0.001,N3605,L16,0.012170950505199075,3,1,1.9999999999961144,0.367879441172157,,False,2.0,False,False,True
TBS adaptive diffusion topology alpha=0.01 edge=0.001,N3605,N3456,0.0016218138665031387,3,2,1.9999999998639348,0.3678794411964701,,False,2.0,False,False,True
TBS adaptive diffusion topology alpha=0.01 edge=0.001,N3606,L696,0.012182414101402583,2,1,0.9999999999993192,0.31731050786307596,,False,1.0,False,False,True
TBS adaptive diffusion topology alpha=0.01 edge=0.001,N3606,L900,0.012182414101402583,2,1,0.9999999999993192,0.31731050786307596,,False,1.0,False,False,True
TBS adaptive diffusion topology alpha=0.01 edge=0.001,N3607,L410,0.01218650147414663,7,1,5.999999999996305,0.4231900811272574,,False,6.0,False,False,True
TBS adaptive diffusion topology alpha=0.01 edge=0.001,N3607,N3410,0.0020074530661482737,7,6,5.999999998640137,0.4231900812791768,,False,6.0,False,False,True
TBS adaptive diffusion topology alpha=0.01 edge=0.001,N3608,N2906,0.006438510793223608,5,2,3.9999999999610414,0.4060058497151108,,False,4.0,False,False,True
TBS adaptive diffusion topology alpha=0.01 edge=0.001,N3608,N3376,0.0023088179712240768,5,3,3.999999999836948,0.4060058497319048,,False,4.0,False,False,True
TBS adaptive diffusion topology alpha=0.01 edge=0.001,N3609,N3229,0.0036000798411141553,9,4,7.999999999171932,0.4334701204475976,,False,8.0,False,False,True
TBS adaptive diffusion topology alpha=0.01 edge=0.001,N3609,N3271,0.00314497523931459,9,5,7.999999998391798,0.43347012052380374,,False,8.0,False,False,True
TBS adaptive diffusion topology alpha=0.01 edge=0.001,N3610,L2069,0.012245615002158334,3,1,1.9999999999982416,0.3678794411717658,,False,2.0,False,False,True
TBS adaptive diffusion topology alpha=0.01 edge=0.001,N3610,N3054,0.005176671361049357,3,2,1.999999999938283,0.3678794411827946,,False,2.0,False,False,True
TBS adaptive diffusion topology alpha=0.01 edge=0.001,N3611,N2806,0.007220495158818587,8,2,6.999999999894393,0.42887985756405045,,False,7.0,False,False,True
TBS adaptive diffusion topology alpha=0.01 edge=0.001,N3611,N3504,0.001086153523922642,8,6,6.999999996186285,0.4288798579501376,,False,7.0,False,False,True
TBS adaptive diffusion topology alpha=0.01 edge=0.001,N3612,L370,0.012250964996657036,2,1,0.9999999999998308,0.3173105078629522,,False,1.0,False,False,True
TBS adaptive diffusion topology alpha=0.01 edge=0.001,N3612,L1111,0.012250964996657036,2,1,0.9999999999998308,0.3173105078629522,,False,1.0,False,False,True
TBS adaptive diffusion topology alpha=0.01 edge=0.001,N3613,L1058,0.012253118779235869,4,1,2.99999999999642,0.39162517627164095,,False,3.0,False,False,True
TBS adaptive diffusion topology alpha=0.01 edge=0.001,N3613,N3511,0.0010403569891406558,4,3,2.9999999995522364,0.39162517634012517,,False,3.0,False,False,True
TBS adaptive diffusion topology alpha=0.01 edge=0.001,N3614,L1062,0.012260035810276685,3,1,1.9999999999775582,0.36787944117557025,,False,2.0,False,False,True
TBS adaptive diffusion topology alpha=0.01 edge=0.001,N3614,N3513,0.0010239096522546983,3,2,1.9999999991112232,0.3678794413349238,,False,2.0,False,False,True
TBS adaptive diffusion topology alpha=0.01 edge=0.001,N3615,L1835,0.012275829736748733,4,1,2.9999999999950786,0.39162517627184756,,False,3.0,False,False,True
TBS adaptive diffusion topology alpha=0.01 edge=0.001,N3615,N3340,0.002620293772929353,4,3,2.99999999899023,0.39162517642677563,,False,3.0,False,False,True
TBS adaptive diffusion topology alpha=0.01 edge=0.001,N3616,L1548,0.012288185176599175,4,1,2.9999999999944373,0.3916251762719466,,False,3.0,False,False,True
TBS adaptive diffusion topology alpha=0.01 edge=0.001,N3616,N3524,0.0009867861611067433,4,3,2.9999999989936983,0.39162517642624073,,False,3.0,False,False,True
TBS adaptive diffusion topology alpha=0.01 edge=0.001,N3617,L107,0.012289630870570776,4,1,2.999999999982272,0.3916251762738222,,False,3.0,False,False,True
TBS adaptive diffusion topology alpha=0.01 edge=0.001,N3617,N3321,0.0028080920423244555,4,3,2.999999995586033,0.3916251769516358,,False,3.0,False,False,True
TBS adaptive diffusion topology alpha=0.01 edge=0.001,N3618,L2194,0.012310162504202086,2,1,0.9999999999851523,0.3173105078665039,,False,1.0,False,False,True
TBS adaptive diffusion topology alpha=0.01 edge=0.001,N3618,L2228,0.012310162504202086,2,1,0.9999999999851523,0.3173105078665039,,False,1.0,False,False,True
TBS adaptive diffusion topology alpha=0.01 edge=0.001,N3619,L1444,0.012312594017728537,5,1,3.9999999999981855,0.4060058497100839,,False,4.0,False,False,True
TBS adaptive diffusion topology alpha=0.01 edge=0.001,N3619,N3364,0.0025095151248407076,5,4,3.9999999993667146,0.4060058497955443,,False,4.0,False,False,True
TBS adaptive diffusion topology alpha=0.01 edge=0.001,N3620,L1914,0.012323515198287626,3,1,1.9999999999998597,0.36787944117146815,,False,2.0,False,False,True
TBS adaptive diffusion topology alpha=0.01 edge=0.001,N3620,N2845,0.00701028888234875,3,2,1.9999999999963793,0.36787944117210836,,False,2.0,False,False,True
TBS adaptive diffusion topology alpha=0.01 edge=0.001,N3621,L198,0.012324362656402854,3,1,1.9999999999218523,0.36787944118581684,,False,2.0,False,False,True
TBS adaptive diffusion topology alpha=0.01 edge=0.001,N3621,N3174,0.004163974594931926,3,2,1.9999999967935966,0.3678794417612272,,False,2.0,False,False,True
TBS adaptive diffusion topology alpha=0.01 edge=0.001,N3622,N3179,0.004173270661817198,14,5,12.999999998517792,0.44781167443398195,,False,13.0,False,False,True
TBS adaptive diffusion topology alpha=0.01 edge=0.001,N3622,N3183,0.004157106556519892,14,9,12.999999993335452,0.44781167483428197,,False,13.0,False,False,True
TBS adaptive diffusion topology alpha=0.01 edge=0.001,N3623,N3028,0.005481969143069156,11,3,9.99999999897674,0.44049328515498665,,False,10.0,False,False,True
TBS adaptive diffusion topology alpha=0.01 edge=0.001,N3623,N3535,0.0009513301195655599,11,8,9.999999981737792,0.4404932866674234,,False,10.0,False,False,True
TBS adaptive diffusion topology alpha=0.01 edge=0.001,N3624,L702,0.012398833181259186,3,1,1.9999999999967928,0.36787944117203214,,False,2.0,False,False,True
TBS adaptive diffusion topology alpha=0.01 edge=0.001,N3624,N2836,0.007149928100668392,3,2,1.9999999998807323,0.36787944119338034,,False,2.0,False,False,True
TBS adaptive diffusion topology alpha=0.01 edge=0.001,N3625,L507,0.012421013519592442,2,1,0.9999999999981943,0.31731050786334813,,False,1.0,False,False,True
TBS adaptive diffusion topology alpha=0.01 edge=0.001,N3625,L1479,0.012421013519592442,2,1,0.9999999999981943,0.31731050786334813,,False,1.0,False,False,True
TBS adaptive diffusion topology alpha=0.01 edge=0.001,N3626,N3280,0.00330453767270037,12,5,10.999999997749487,0.44326327861500703,,False,11.0,False,False,True
TBS adaptive diffusion topology alpha=0.01 edge=0.001,N3626,N3322,0.0029338982166056517,12,7,10.99999999431838,0.44326327890245565,,False,11.0,False,False,True
TBS adaptive diffusion topology alpha=0.01 edge=0.001,N3627,N3101,0.0049684475174693234,6,2,4.999999999869942,0.4158801870113804,,False,5.0,False,False,True
TBS adaptive diffusion topology alpha=0.01 edge=0.001,N3627,N3575,0.0006317940718654033,6,4,4.999999998539311,0.41588018717377284,,False,5.0,False,False,True
TBS adaptive diffusion topology alpha=0.01 edge=0.001,N3628,N3117,0.004832998851274773,4,2,2.9999999999974127,0.39162517627148763,,False,3.0,False,False,True
TBS adaptive diffusion topology alpha=0.01 edge=0.001,N3628,N3230,0.0038455543141370546,4,2,2.9999999999974127,0.39162517627148763,,False,3.0,False,False,True
TBS adaptive diffusion topology alpha=0.01 edge=0.001,N3629,L59,0.012519591946144812,2,1,0.999999999895957,0.31731050788808657,,False,1.0,False,False,True
TBS adaptive diffusion topology alpha=0.01 edge=0.001,N3629,L1072,0.012519591946144812,2,1,0.999999999895957,0.31731050788808657,,False,1.0,False,False,True
TBS adaptive diffusion topology alpha=0.01 edge=0.001,N3630,N3431,0.0022176961536155377,10,4,8.999999999767885,0.43727418893529324,,False,9.0,False,False,True
TBS adaptive diffusion topology alpha=0.01 edge=0.001,N3630,N3526,0.0012020829888751096,10,6,8.999999999263874,0.43727418898181813,,False,9.0,False,False,True
TBS adaptive diffusion topology alpha=0.01 edge=0.001,N3631,L1153,0.012523647816703646,4,1,2.9999999999976197,0.391625176271456,,False,3.0,False,False,True
TBS adaptive diffusion topology alpha=0.01 edge=0.001,N3631,N3265,0.003463669328497967,4,3,2.999999999693845,0.3916251763182921,,False,3.0,False,False,True
TBS adaptive diffusion topology alpha=0.01 edge=0.001,N3632,L252,0.012538306002044497,3,1,1.9999999999986118,0.36787944117169774,,False,2.0,False,False,True
TBS adaptive diffusion topology alpha=0.01 edge=0.001,N3632,N3554,0.0008898876104759695,3,2,1.9999999999731537,0.3678794411763805,,False,2.0,False,False,True
TBS adaptive diffusion topology alpha=0.01 edge=0.001,N3633,N3044,0.0055326896327734425,8,3,6.99999999942073,0.428879857613368,,False,7.0,False,False,True
TBS adaptive diffusion topology alpha=0.01 edge=0.001,N3633,N3276,0.0034298135571989787,8,5,6.999999997181941,0.4288798578464702,,False,7.0,False,False,True
TBS adaptive diffusion topology alpha=0.01 edge=0.001,N3634,N3123,0.004888268000075517,9,3,7.999999998308652,0.4334701205319258,,False,8.0,False,False,True
TBS adaptive diffusion topology alpha=0.01 edge=0.001,N3634,N3320,0.003139151341703116,9,6,7.99999998595367,0.4334701217388024,,False,8.0,False,False,True
TBS adaptive diffusion topology alpha=0.01 edge=0.001,N3635,L2298,0.012588073085598395,2,1,0.9999999999998952,0.3173105078629366,,False,1.0,False,False,True
TBS adaptive diffusion topology alpha=0.01 edge=0.001,N3635,L2339,0.012588073085598395,2,1,0.9999999999998952,0.3173105078629366,,False,1.0,False,False,True
TBS adaptive diffusion topology alpha=0.01 edge=0.001,N3636,L222,0.01259148066837853,3,1,1.999999999999917,0.3678794411714576,,False,2.0,False,False,True
TBS adaptive diffusion topology alpha=0.01 edge=0.001,N3636,N3216,0.00409612284413176,3,2,1.999999999999324,0.3678794411715666,,False,2.0,False,False,True
TBS adaptive diffusion topology alpha=0.01 edge=0.001,N3637,N3344,0.002912062936038431,5,3,3.999999999860553,0.40600584972871046,,False,4.0,False,False,True
TBS adaptive diffusion topology alpha=0.01 edge=0.001,N3637,N3477,0.0018019659369143963,5,2,3.9999999999667493,0.4060058497143386,,False,4.0,False,False,True
TBS adaptive diffusion topology alpha=0.01 edge=0.001,N3638,N3284,0.0034161798916173864,17,7,15.99999999938956,0.45296080952959894,,False,16.0,False,False,True
TBS adaptive diffusion topology alpha=0.01 edge=0.001,N3638,N3481,0.0017459672573536039,17,10,15.999999998494312,0.4529608095920814,,False,16.0,False,False,True
TBS adaptive diffusion topology alpha=0.01 edge=0.001,N3639,L1273,0.012606019466448811,2,1,0.9999999999952451,0.31731050786406173,,False,1.0,False,False,True
TBS adaptive diffusion topology alpha=0.01 edge=0.001,N3639,L1301,0.012606019466448811,2,1,0.9999999999952451,0.31731050786406173,,False,1.0,False,False,True
TBS adaptive diffusion topology alpha=0.01 edge=0.001,N3640,L1569,0.012607938355787222,3,1,1.9999999999992149,0.3678794411715867,,False,2.0,False,False,True
TBS adaptive diffusion topology alpha=0.01 edge=0.001,N3640,N3247,0.0037276549152254505,3,2,1.9999999999778182,0.36787944117552246,,False,2.0,False,False,True
TBS adaptive diffusion topology alpha=0.01 edge=0.001,N3641,N3254,0.0036903141289258003,9,6,7.999999998200213,0.43347012054251843,,False,8.0,False,False,True
TBS adaptive diffusion topology alpha=0.01 edge=0.001,N3641,N3507,0.0014411320836707033,9,3,7.99999999976834,0.4334701203893384,,False,8.0,False,False,True
TBS adaptive diffusion topology alpha=0.01 edge=0.001,N3642,L2431,0.012646501486394636,3,1,1.9999999999992584,0.36787944117157884,,False,2.0,False,False,True
TBS adaptive diffusion topology alpha=0.01 edge=0.001,N3642,N3355,0.0029196574530872405,3,2,1.9999999999799245,0.36787944117513505,,False,2.0,False,False,True
TBS adaptive diffusion topology alpha=0.01 edge=0.001,N3643,N3037,0.005675322721324379,8,2,6.999999999987816,0.42887985755432323,,False,7.0,False,False,True
TBS adaptive diffusion topology alpha=0.01 edge=0.001,N3643,N3483,0.001785578257467536,8,6,6.999999999746095,0.4288798575794911,,False,7.0,False,False,True
TBS adaptive diffusion topology alpha=0.01 edge=0.001,N3644,L217,0.012654936447272605,4,1,2.9999999999993108,0.3916251762711952,,False,3.0,False,False,True
TBS adaptive diffusion topology alpha=0.01 edge=0.001,N3644,N3026,0.00578097196772054,4,3,2.9999999998954037,0.3916251762872156,,False,3.0,False,False,True
TBS adaptive diffusion topology alpha=0.01 edge=0.001,N3645,L24,0.012660848154139603,5,1,3.999999999972885,0.40600584971350784,,False,4.0,False,False,True
TBS adaptive diffusion topology alpha=0.01 edge=0.001,N3645,N3595,0.0006009138007284056,5,4,3.999999977549819,0.4060058527481397,,False,4.0,False,False,True
TBS adaptive diffusion topology alpha=0.01 edge=0.001,N3646,L1687,0.012676016010071943,2,1,0.999999999994627,0.31731050786421133,,False,1.0,False,False,True
TBS adaptive diffusion topology alpha=0.01 edge=0.001,N3646,L1979,0.012676016010071943,2,1,0.999999999994627,0.31731050786421133,,False,1.0,False,False,True
TBS adaptive diffusion topology alpha=0.01 edge=0.001,N3647,N3140,0.004839694239175394,4,2,2.999999999899332,0.39162517628661,,False,3.0,False,False,True
TBS adaptive diffusion topology alpha=0.01 edge=0.001,N3647,N3403,0.0025239706907301,4,2,2.999999999899332,0.39162517628661,,False,3.0,False,False,True
TBS adaptive diffusion topology alpha=0.01 edge=0.001,N3648,N3067,0.005470150970099679,7,3,5.999999999916715,0.4231900811361732,,False,6.0,False,False,True
TBS adaptive diffusion topology alpha=0.01 edge=0.001,N3648,N3539,0.00120427164383508,7,4,5.999999999796907,0.4231900811495941,,False,6.0,False,False,True
TBS adaptive diffusion topology alpha=0.01 edge=0.001,N3649,L32,0.012727215286503665,3,1,1.9999999999970228,0.36787944117198995,,False,2.0,False,False,True
TBS adaptive diffusion topology alpha=0.01 edge=0.001,N3649,N3393,0.002665256523626245,3,2,1.9999999999156335,0.3678794411869607,,False,2.0,False,False,True
TBS adaptive diffusion topology alpha=0.01 edge=0.001,N3650,L2442,0.012745935097712014,2,1,0.9999999999997085,0.3173105078629818,,False,1.0,False,False,True
TBS adaptive diffusion topology alpha=0.01 edge=0.001,N3650,L2475,0.012745935097712014,2,1,0.9999999999997085,0.3173105078629818,,False,1.0,False,False,True
TBS adaptive diffusion topology alpha=0.01 edge=0.001,N3651,L590,0.012771873035861128,3,1,1.9999999999979354,0.36787944117182203,,False,2.0,False,False,True
TBS adaptive diffusion topology alpha=0.01 edge=0.001,N3651,N3366,0.0029372194665904672,3,2,1.999999999954737,0.36787944117976795,,False,2.0,False,False,True
TBS adaptive diffusion topology alpha=0.01 edge=0.001,N3652,L1580,0.012780215867645536,7,1,5.999999999995648,0.42319008112733103,,False,6.0,False,False,True
TBS adaptive diffusion topology alpha=0.01 edge=0.001,N3652,N3337,0.003181391377860085,7,6,5.999999996604386,0.42319008150722337,,False,6.0,False,False,True
TBS adaptive diffusion topology alpha=0.01 edge=0.001,N3653,L868,0.012790845939779465,2,1,0.9999999999872811,0.31731050786598886,,False,1.0,False,False,True
TBS adaptive diffusion topology alpha=0.01 edge=0.001,N3653,L1064,0.012790845939779465,2,1,0.9999999999872811,0.31731050786598886,,False,1.0,False,False,True
TBS adaptive diffusion topology alpha=0.01 edge=0.001,N3654,N3080,0.005500194872914387,9,2,7.999999999905732,0.4334701203759175,,False,8.0,False,False,True
TBS adaptive diffusion topology alpha=0.01 edge=0.001,N3654,N3491,0.0017913027032715498,9,7,7.9999999948161875,0.4334701208730817,,False,8.0,False,False,True
TBS adaptive diffusion topology alpha=0.01 edge=0.001,N3655,L2366,0.012814837449069276,4,1,2.9999999999945484,0.3916251762719295,,False,3.0,False,False,True
TBS adaptive diffusion topology alpha=0.01 edge=0.001,N3655,N3186,0.004596758575340213,4,3,2.9999999987702397,0.3916251764606937,,False,3.0,False,False,True
TBS adaptive diffusion topology alpha=0.01 edge=0.001,N3656,L1621,0.012820147400620478,4,1,2.99999999957032,0.3916251763373372,,False,3.0,False,False,True
TBS adaptive diffusion topology alpha=0.01 edge=0.001,N3656,N3442,0.002409890910351728,4,3,2.9999998914458663,0.39162519300800136,,False,3.0,False,False,True
TBS adaptive diffusion topology alpha=0.01 edge=0.001,N3657,N3398,0.0027176657092882603,13,4,11.99999999964594,0.4456796413930463,,False,12.0,False,False,True
TBS adaptive diffusion topology alpha=0.01 edge=0.001,N3657,N3469,0.002125036140316326,13,9,11.999999996877673,0.4456796416153703,,False,12.0,False,False,True
TBS adaptive diffusion topology alpha=0.01 edge=0.001,N3658,L1182,0.012838579176084147,3,1,1.9999999999971236,0.3678794411719714,,False,2.0,False,False,True
TBS adaptive diffusion topology alpha=0.01 edge=0.001,N3658,N3106,0.005272534165379275,3,2,1.9999999999225397,0.3678794411856904,,False,2.0,False,False,True
TBS adaptive diffusion topology alpha=0.01 edge=0.001,N3659,L361,0.012847611936936084,3,1,1.9999999999981233,0.36787944117178756,,False,2.0,False,False,True
TBS adaptive diffusion topology alpha=0.01 edge=0.001,N3659,N3471,0.0021217639367758184,3,2,1.9999999999575375,0.3678794411792528,,False,2.0,False,False,True
TBS adaptive diffusion topology alpha=0.01 edge=0.001,N3660,L822,0.012848605646421249,2,1,0.9999999999991296,0.3173105078631218,,False,1.0,False,False,True
TBS adaptive diffusion topology alpha=0.01 edge=0.001,N3660,L1367,0.012848605646421249,2,1,0.9999999999991296,0.3173105078631218,,False,1.0,False,False,True
TBS adaptive diffusion topology alpha=0.01 edge=0.001,N3661,N3314,0.0034665919272704004,8,5,6.999999999331883,0.4288798576226188,,False,7.0,False,False,True
TBS adaptive diffusion topology alpha=0.01 edge=0.001,N3661,N3485,0.001955182884081089,8,3,6.999999999859245,0.42887985756770997,,False,7.0,False,False,True
TBS adaptive diffusion topology alpha=0.01 edge=0.001,N3662,L282,0.012883810316357608,3,1,1.9999999999997762,0.3678794411714836,,False,2.0,False,False,True
TBS adaptive diffusion topology alpha=0.01 edge=0.001,N3662,N3258,0.00390644184675184,3,2,1.9999999999959792,0.36787944117218196,,False,2.0,False,False,True
TBS adaptive diffusion topology alpha=0.01 edge=0.001,N3663,L1133,0.012884581142370871,2,1,0.9999999999893627,0.31731050786548515,,False,1.0,False,False,True
TBS adaptive diffusion topology alpha=0.01 edge=0.001,N3663,L1234,0.012884581142370871,2,1,0.9999999999893627,0.31731050786548515,,False,1.0,False,False,True
TBS adaptive diffusion topology alpha=0.01 edge=0.001,N3664,L498,0.012886778525651071,2,1,0.9999999999991895,0.3173105078631073,,False,1.0,False,False,True
TBS adaptive diffusion topology alpha=0.01 edge=0.001,N3664,L572,0.012886778525651071,2,1,0.9999999999991895,0.3173105078631073,,False,1.0,False,False,True
TBS adaptive diffusion topology alpha=0.01 edge=0.001,N3665,L2445,0.012889810849003706,2,1,0.9999999999995441,0.3173105078630215,,False,1.0,False,False,True
TBS adaptive diffusion topology alpha=0.01 edge=0.001,N3665,L2472,0.012889810849003706,2,1,0.9999999999995441,0.3173105078630215,,False,1.0,False,False,True
TBS adaptive diffusion topology alpha=0.01 edge=0.001,N3666,L12,0.012922827553147375,2,1,0.9999999999970985,0.31731050786361337,,False,1.0,False,False,True
TBS adaptive diffusion topology alpha=0.01 edge=0.001,N3666,L1427,0.012922827553147375,2,1,0.9999999999970985,0.31731050786361337,,False,1.0,False,False,True
TBS adaptive diffusion topology alpha=0.01 edge=0.001,N3667,L0,0.012923443504782934,3,1,1.9999999999998448,0.3678794411714709,,False,2.0,False,False,True
TBS adaptive diffusion topology alpha=0.01 edge=0.001,N3667,N3368,0.0030814989160243616,3,2,1.999999999997916,0.3678794411718256,,False,2.0,False,False,True
TBS adaptive diffusion topology alpha=0.01 edge=0.001,N3668,N3131,0.005156170335097667,10,4,8.999999842503613,0.43727420345221235,,False,9.0,False,False,True
TBS adaptive diffusion topology alpha=0.01 edge=0.001,N3668,N3401,0.0028099624118978687,10,6,8.9999994806241,0.43727423685697564,,False,9.0,False,False,True
TBS adaptive diffusion topology alpha=0.01 edge=0.001,N3669,L1083,0.0129454411760363,2,1,0.9999999999982843,0.3173105078633264,,False,1.0,False,False,True
TBS adaptive diffusion topology alpha=0.01 edge=0.001,N3669,L1123,0.0129454411760363,2,1,0.9999999999982843,0.3173105078633264,,False,1.0,False,False,True
TBS adaptive diffusion topology alpha=0.01 edge=0.001,N3670,L1688,0.012956641420965472,8,1,6.999999999993305,0.4288798575537519,,False,7.0,False,False,True
TBS adaptive diffusion topology alpha=0.01 edge=0.001,N3670,N3479,0.002129128731938537,8,7,6.999999998013512,0.42887985775988724,,False,7.0,False,False,True
TBS adaptive diffusion topology alpha=0.01 edge=0.001,N3671,L1559,0.012992172628790731,3,1,1.9999999999984055,0.36787944117173565,,False,2.0,False,False,True
TBS adaptive diffusion topology alpha=0.01 edge=0.001,N3671,N2629,0.009616393078351998,3,2,1.9999999999484654,0.36787944118092164,,False,2.0,False,False,True
TBS adaptive diffusion topology alpha=0.01 edge=0.001,N3672,N3363,0.0032054817611219285,12,5,10.999999997175404,0.4432632786631021,,False,11.0,False,False,True
TBS adaptive diffusion topology alpha=0.01 edge=0.001,N3672,N3607,0.0008135206752215255,12,7,10.999999992828915,0.4432632790272385,,False,11.0,False,False,True
TBS adaptive diffusion topology alpha=0.01 edge=0.001,N3673,L1395,0.013028825651367395,3,1,1.9999999999976623,0.3678794411718723,,False,2.0,False,False,True
TBS adaptive diffusion topology alpha=0.01 edge=0.001,N3673,N3203,0.0046816600560750645,3,2,1.9999999999416307,0.3678794411821788,,False,2.0,False,False,True
TBS adaptive diffusion topology alpha=0.01 edge=0.001,N3674,N3051,0.005987384905859765,6,3,4.999999999978036,0.4158801869981884,,False,5.0,False,False,True
TBS adaptive diffusion topology alpha=0.01 edge=0.001,N3674,N3636,0.0004442710487666275,6,3,4.9999999999780425,0.41588018699818774,,False,5.0,False,False,True
TBS adaptive diffusion topology alpha=0.01 edge=0.001,N3675,N3046,0.006024765939656807,6,3,4.99999999965787,0.4158801870372618,,False,5.0,False,False,True
TBS adaptive diffusion topology alpha=0.01 edge=0.001,N3675,N3147,0.005138892374555562,6,3,4.999999999657872,0.4158801870372616,,False,5.0,False,False,True
TBS adaptive diffusion topology alpha=0.01 edge=0.001,N3676,L1309,0.013078422420144287,3,1,1.9999999999943139,0.36787944117248833,,False,2.0,False,False,True
TBS adaptive diffusion topology alpha=0.01 edge=0.001,N3676,N3238,0.004319022535447364,3,2,1.9999999997831754,0.36787944121132504,,False,2.0,False,False,True
TBS adaptive diffusion topology alpha=0.01 edge=0.001,N3677,N3199,0.0047769787911909715,8,2,6.99999999996321,0.4288798575568854,,False,7.0,False,False,True
TBS adaptive diffusion topology alpha=0.01 edge=0.001,N3677,N3377,0.003173704381009146,8,6,6.9999999986737365,0.4288798576911447,,False,7.0,False,False,True
TBS adaptive diffusion topology alpha=0.01 edge=0.001,N3678,L1330,0.013098139379201634,8,1,6.99999999999028,0.42887985755406666,,False,7.0,False,False,True
TBS adaptive diffusion topology alpha=0.01 edge=0.001,N3678,N3567,0.0013226796617708944,8,7,6.999999978960982,0.4288798597436324,,False,7.0,False,False,True
TBS adaptive diffusion topology alpha=0.01 edge=0.001,N3679,L1818,0.013102357390854353,2,1,0.9999999999985785,0.3173105078632552,,False,1.0,False,False,True
TBS adaptive diffusion topology alpha=0.01 edge=0.001,N3679,L1960,0.013102357390854353,2,1,0.9999999999985785,0.3173105078632552,,False,1.0,False,False,True
TBS adaptive diffusion topology alpha=0.01 edge=0.001,N3680,N2797,0.008116910546494552,9,3,7.999999998191585,0.4334701205433612,,False,8.0,False,False,True
TBS adaptive diffusion topology alpha=0.01 edge=0.001,N3680,N3530,0.0017262127555500643,9,6,7.99999998499201,0.4334701218327406,,False,8.0,False,False,True
TBS adaptive diffusion topology alpha=0.01 edge=0.001,N3681,L1454,0.01312016154960274,3,1,1.999999999999924,0.3678794411714563,,False,2.0,False,False,True
TBS adaptive diffusion topology alpha=0.01 edge=0.001,N3681,N2547,0.010953235114153116,3,2,1.9999999999980793,0.3678794411717956,,False,2.0,False,False,True
TBS adaptive diffusion topology alpha=0.01 edge=0.001,N3682,N3457,0.0025734611597110265,12,3,10.99999999965437,0.44326327845542124,,False,11.0,False,False,True
TBS adaptive diffusion topology alpha=0.01 edge=0.001,N3682,N3577,0.0012948315672784085,12,9,10.999999991798116,0.4432632791135961,,False,11.0,False,False,True
TBS adaptive diffusion topology alpha=0.01 edge=0.001,N3683,N2910,0.007334997689232761,4,2,2.9999999999424127,0.39162517627996773,,False,3.0,False,False,True
TBS adaptive diffusion topology alpha=0.01 edge=0.001,N3683,N3184,0.0049294205959305205,4,2,2.9999999999424127,0.39162517627996773,,False,3.0,False,False,True
TBS adaptive diffusion topology alpha=0.01 edge=0.001,N3684,N3345,0.003456606626660568,5,2,3.9999999999864344,0.40600584971167397,,False,4.0,False,False,True
TBS adaptive diffusion topology alpha=0.01 edge=0.001,N3684,N3455,0.002599406767365744,5,3,3.999999999947752,0.40600584971690934,,False,4.0,False,False,True
TBS adaptive diffusion topology alpha=0.01 edge=0.001,N3685,L1827,0.013144778388495466,9,1,7.999999999992147,0.4334701203674761,,False,8.0,False,False,True
TBS adaptive diffusion topology alpha=0.01 edge=0.001,N3685,N3548,0.0015263913536741718,9,8,7.99999999731318,0.4334701206291669,,False,8.0,False,False,True
TBS adaptive diffusion topology alpha=0.01 edge=0.001,N3686,L1376,0.013158933751358914,2,1,0.9999999999999438,0.31731050786292486,,False,1.0,False,False,True
TBS adaptive diffusion topology alpha=0.01 edge=0.001,N3686,L1525,0.013158933751358914,2,1,0.9999999999999438,0.31731050786292486,,False,1.0,False,False,True
TBS adaptive diffusion topology alpha=0.01 edge=0.001,N3687,L2192,0.01315935371307427,2,1,0.9999999999998594,0.31731050786294523,,False,1.0,False,False,True
TBS adaptive diffusion topology alpha=0.01 edge=0.001,N3687,L2202,0.01315935371307427,2,1,0.9999999999998594,0.31731050786294523,,False,1.0,False,False,True
TBS adaptive diffusion topology alpha=0.01 edge=0.001,N3688,L2150,0.013171043247957707,3,1,1.9999999999996925,0.36787944117149896,,False,2.0,False,False,True
TBS adaptive diffusion topology alpha=0.01 edge=0.001,N3688,N3160,0.005103931225558511,3,2,1.9999999999939009,0.36787944117256427,,False,2.0,False,False,True
TBS adaptive diffusion topology alpha=0.01 edge=0.001,N3689,L2482,0.0131815378943964,3,1,1.9999999999999423,0.367879441171453,,False,2.0,False,False,True
TBS adaptive diffusion topology alpha=0.01 edge=0.001,N3689,N2579,0.010457079407803445,3,2,1.999999999999586,0.36787944117151855,,False,2.0,False,False,True
TBS adaptive diffusion topology alpha=0.01 edge=0.001,N3690,L908,0.01319831025149641,2,1,0.999999999999593,0.3173105078630097,,False,1.0,False,False,True
TBS adaptive diffusion topology alpha=0.01 edge=0.001,N3690,L1082,0.01319831025149641,2,1,0.999999999999593,0.3173105078630097,,False,1.0,False,False,True
TBS adaptive diffusion topology alpha=0.01 edge=0.001,N3691,L450,0.013216208784731608,2,1,0.9999999999981348,0.3173105078633625,,False,1.0,False,False,True
TBS adaptive diffusion topology alpha=0.01 edge=0.001,N3691,L1407,0.013216208784731608,2,1,0.9999999999981348,0.3173105078633625,,False,1.0,False,False,True
TBS adaptive diffusion topology alpha=0.01 edge=0.001,N3692,L171,0.013220575491823181,2,1,0.999999999999724,0.31731050786297804,,False,1.0,False,False,True
TBS adaptive diffusion topology alpha=0.01 edge=0.001,N3692,L301,0.013220575491823181,2,1,0.999999999999724,0.31731050786297804,,False,1.0,False,False,True
TBS adaptive diffusion topology alpha=0.01 edge=0.001,N3693,L1965,0.013254270918670194,3,1,1.9999999999995177,0.36787944117153115,,False,2.0,False,False,True
TBS adaptive diffusion topology alpha=0.01 edge=0.001,N3693,N3195,0.004962644148680984,3,2,1.999999999993785,0.36787944117258553,,False,2.0,False,False,True
TBS adaptive diffusion topology alpha=0.01 edge=0.001,N3694,L885,0.01328081259952674,3,1,1.9999999999989102,0.36787944117164295,,False,2.0,False,False,True
TBS adaptive diffusion topology alpha=0.01 edge=0.001,N3694,N2618,0.010032252698442056,3,2,1.9999999999616789,0.3678794411784912,,False,2.0,False,False,True
TBS adaptive diffusion topology alpha=0.01 edge=0.001,N3695,L694,0.0132858204003746,2,1,0.9999999998755498,0.31731050789302456,,False,1.0,False,False,True
TBS adaptive diffusion topology alpha=0.01 edge=0.001,N3695,L767,0.0132858204003746,2,1,0.9999999998755498,0.31731050789302456,,False,1.0,False,False,True
TBS adaptive diffusion topology alpha=0.01 edge=0.001,N3696,N3316,0.0038913521605399054,6,3,4.999999999976315,0.41588018699839835,,False,5.0,False,False,True
TBS adaptive diffusion topology alpha=0.01 edge=0.001,N3696,N3427,0.0030127612622836896,6,3,4.999999999976309,0.4158801869983991,,False,5.0,False,False,True
TBS adaptive diffusion topology alpha=0.01 edge=0.001,N3697,L2112,0.013290984870465032,3,1,1.999999999999674,0.36787944117150234,,False,2.0,False,False,True
TBS adaptive diffusion topology alpha=0.01 edge=0.001,N3697,N3375,0.0033885718961094886,3,2,1.9999999999913878,0.36787944117302634,,False,2.0,False,False,True
TBS adaptive diffusion topology alpha=0.01 edge=0.001,N3698,L2050,0.013301652863856593,2,1,0.9999999999613656,0.3173105078722596,,False,1.0,False,False,True
TBS adaptive diffusion topology alpha=0.01 edge=0.001,N3698,L2055,0.013301652863856593,2,1,0.9999999999613656,0.3173105078722596,,False,1.0,False,False,True
TBS adaptive diffusion topology alpha=0.01 edge=0.001,N3699,N3324,0.0037899284901668495,14,7,12.999999968988108,0.44781167671494715,,False,13.0,False,False,True
TBS adaptive diffusion topology alpha=0.01 edge=0.001,N3699,N3528,0.00196928306616289,14,7,12.999999968988098,0.4478116767149479,,False,13.0,False,False,True
TBS adaptive diffusion topology alpha=0.01 edge=0.001,N3700,L2411,0.013321736902926708,3,1,1.9999999999994091,0.367879441171551,,False,2.0,False,False,True
TBS adaptive diffusion topology alpha=0.01 edge=0.001,N3700,N3156,0.00530473946664014,3,2,1.9999999999820548,0.3678794411747431,,False,2.0,False,False,True
TBS adaptive diffusion topology alpha=0.01 edge=0.001,N3701,L789,0.013322166918636023,2,1,0.9999999999973241,0.31731050786355874,,False,1.0,False,False,True
TBS adaptive diffusion topology alpha=0.01 edge=0.001,N3701,L1263,0.013322166918636023,2,1,0.9999999999973241,0.31731050786355874,,False,1.0,False,False,True
TBS adaptive diffusion topology alpha=0.01 edge=0.001,N3702,L2232,0.013323758435387726,2,1,0.9999999999741769,0.31731050786915965,,False,1.0,False,False,True
TBS adaptive diffusion topology alpha=0.01 edge=0.001,N3702,L2252,0.013323758435387726,2,1,0.9999999999741769,0.31731050786915965,,False,1.0,False,False,True
TBS adaptive diffusion topology alpha=0.01 edge=0.001,N3703,L273,0.01333945082222394,2,1,0.9999999999997624,0.3173105078629687,,False,1.0,False,False,True
TBS adaptive diffusion topology alpha=0.01 edge=0.001,N3703,L1354,0.01333945082222394,2,1,0.9999999999997624,0.3173105078629687,,False,1.0,False,False,True
TBS adaptive diffusion topology alpha=0.01 edge=0.001,N3704,N2983,0.006885087785683078,4,2,2.9999999999877502,0.39162517627297744,,False,3.0,False,False,True
TBS adaptive diffusion topology alpha=0.01 edge=0.001,N3704,N3191,0.005106671540680826,4,2,2.9999999999877502,0.39162517627297744,,False,3.0,False,False,True
TBS adaptive diffusion topology alpha=0.01 edge=0.001,N3705,N3193,0.005072406150398676,23,3,21.99999999857277,0.4598887027788767,,False,22.0,False,False,True
TBS adaptive diffusion topology alpha=0.01 edge=0.001,N3705,N3553,0.0017207603807591386,23,20,21.999999771210813,0.4598887163498915,,False,22.0,False,False,True
TBS adaptive diffusion topology alpha=0.01 edge=0.001,N3706,N3293,0.004103295910317589,11,4,9.999999904106813,0.44049329347827515,,False,10.0,False,False,True
TBS adaptive diffusion topology alpha=0.01 edge=0.001,N3706,N3532,0.0019659302596449495,11,7,9.999999515578656,0.4404933275652828,,False,10.0,False,False,True
TBS adaptive diffusion topology alpha=0.01 edge=0.001,N3707,L2096,0.013375833417160563,2,1,0.9999999999999818,0.31731050786291565,,False,1.0,False,False,True
TBS adaptive diffusion topology alpha=0.01 edge=0.001,N3707,L2361,0.013375833417160563,2,1,0.9999999999999818,0.31731050786291565,,False,1.0,False,False,True
TBS adaptive diffusion topology alpha=0.01 edge=0.001,N3708,N3200,0.005082853778235326,6,3,4.999999999364003,0.41588018707312613,,False,5.0,False,False,True
TBS adaptive diffusion topology alpha=0.01 edge=0.001,N3708,N3446,0.002947953700735255,6,3,4.99999999936399,0.4158801870731279,,False,5.0,False,False,True
TBS adaptive diffusion topology alpha=0.01 edge=0.001,N3709,L2032,0.01338784631566255,3,1,1.9999999999996585,0.3678794411715052,,False,2.0,False,False,True
TBS adaptive diffusion topology alpha=0.01 edge=0.001,N3709,N3173,0.005241455122701244,3,2,1.9999999999899745,0.36787944117328647,,False,2.0,False,False,True
TBS adaptive diffusion topology alpha=0.01 edge=0.001,N3710,L2317,0.013395181026462701,3,1,1.9999999999988038,0.36787944117166244,,False,2.0,False,False,True
TBS adaptive diffusion topology alpha=0.01 edge=0.001,N3710,N2720,0.009115689569531488,3,2,1.999999999952117,0.36787944118024996,,False,2.0,False,False,True
TBS adaptive diffusion topology alpha=0.01 edge=0.001,N3711,L1226,0.013399412040162621,3,1,1.9999999999988534,0.36787944117165333,,False,2.0,False,False,True
TBS adaptive diffusion topology alpha=0.01 edge=0.001,N3711,N3629,0.0008798200940178099,3,2,1.99999999998405,0.3678794411743762,,False,2.0,False,False,True
TBS adaptive diffusion topology alpha=0.01 edge=0.001,N3712,L1907,0.013411682767388645,9,1,7.999999999991465,0.43347012036754273,,False,8.0,False,False,True
TBS adaptive diffusion topology alpha=0.01 edge=0.001,N3712,N3251,0.00451205906789787,9,8,7.999999958513512,0.43347012441925037,,False,8.0,False,False,True
TBS adaptive diffusion topology alpha=0.01 edge=0.001,N3713,L1453,0.013439792210073246,3,1,1.9999999999993445,0.36787944117156296,,False,2.0,False,False,True
TBS adaptive diffusion topology alpha=0.01 edge=0.001,N3713,N3408,0.0032742921245573252,3,2,1.9999999999913594,0.36787944117303173,,False,2.0,False,False,True
TBS adaptive diffusion topology alpha=0.01 edge=0.001,N3714,N2750,0.008795585981110103,4,2,2.999999999846101,0.3916251762948172,,False,3.0,False,False,True
TBS adaptive diffusion topology alpha=0.01 edge=0.001,N3714,N3164,0.0053319380157376825,4,2,2.999999999846101,0.3916251762948172,,False,3.0,False,False,True
TBS adaptive diffusion topology alpha=0.01 edge=0.001,N3715,L84,0.013444681458576784,2,1,0.9999999999989855,0.3173105078631567,,False,1.0,False,False,True
TBS adaptive diffusion topology alpha=0.01 edge=0.001,N3715,L1570,0.013444681458576784,2,1,0.9999999999989855,0.3173105078631567,,False,1.0,False,False,True
TBS adaptive diffusion topology alpha=0.01 edge=0.001,N3716,L231,0.013456145703301944,4,1,2.999999999998384,0.3916251762713381,,False,3.0,False,False,True
TBS adaptive diffusion topology alpha=0.01 edge=0.001,N3716,N3277,0.00432300386211935,4,3,2.9999999998198676,0.39162517629886173,,False,3.0,False,False,True
TBS adaptive diffusion topology alpha=0.01 edge=0.001,N3717,L2075,0.013460397733221621,2,1,0.9999999999999145,0.3173105078629319,,False,1.0,False,False,True
TBS adaptive diffusion topology alpha=0.01 edge=0.001,N3717,L2400,0.013460397733221621,2,1,0.9999999999999145,0.3173105078629319,,False,1.0,False,False,True
TBS adaptive diffusion topology alpha=0.01 edge=0.001,N3718,L451,0.013468349208624525,6,1,4.9999999999964775,0.415880186995938,,False,5.0,False,False,True
TBS adaptive diffusion topology alpha=0.01 edge=0.001,N3718,N3415,0.0032575759659737367,6,5,4.999999997047622,0.41588018735582066,,False,5.0,False,False,True
TBS adaptive diffusion topology alpha=0.01 edge=0.001,N3719,N3290,0.004228703967819819,6,4,4.9999999998373434,0.415880187015359,,False,5.0,False,False,True
TBS adaptive diffusion topology alpha=0.01 edge=0.001,N3719,N3297,0.0041684335008893795,6,2,4.9999999999849685,0.41588018699734264,,False,5.0,False,False,True
TBS adaptive diffusion topology alpha=0.01 edge=0.001,N3720,L1119,0.01348383450700535,3,1,1.999999999998779,0.367879441171667,,False,2.0,False,False,True
TBS adaptive diffusion topology alpha=0.01 edge=0.001,N3720,N3246,0.004609577403832624,3,2,1.9999999999604128,0.36787944117872395,,False,2.0,False,False,True
TBS adaptive diffusion topology alpha=0.01 edge=0.001,N3721,L2175,0.01351007550687451,2,1,0.9999999999996407,0.31731050786299814,,False,1.0,False,False,True
TBS adaptive diffusion topology alpha=0.01 edge=0.001,N3721,L2235,0.01351007550687451,2,1,0.9999999999996407,0.31731050786299814,,False,1.0,False,False,True
TBS adaptive diffusion topology alpha=0.01 edge=0.001,N3722,L501,0.013518901346072016,3,1,1.999999999979706,0.36787944117517535,,False,2.0,False,False,True
TBS adaptive diffusion topology alpha=0.01 edge=0.001,N3722,N3075,0.006252850095567488,3,2,1.999999999190866,0.3678794413202743,,False,2.0,False,False,True
TBS adaptive diffusion topology alpha=0.01 edge=0.001,N3723,L63,0.013523341943031458,2,1,0.9999999999977822,0.3173105078634479,,False,1.0,False,False,True
TBS adaptive diffusion topology alpha=0.01 edge=0.001,N3723,L1414,0.013523341943031458,2,1,0.9999999999977822,0.3173105078634479,,False,1.0,False,False,True
TBS adaptive diffusion topology alpha=0.01 edge=0.001,N3724,L1109,0.01353337404339301,5,1,3.9999999999929976,0.4060058497107859,,False,4.0,False,False,True
TBS adaptive diffusion topology alpha=0.01 edge=0.001,N3724,N3509,0.0023280152259410277,5,4,3.999999994317035,0.406005850478944,,False,4.0,False,False,True
TBS adaptive diffusion topology alpha=0.01 edge=0.001,N3725,N3126,0.005824391594313337,4,2,2.9999999999734364,0.39162517627518456,,False,3.0,False,False,True
TBS adaptive diffusion topology alpha=0.01 edge=0.001,N3725,N3390,0.00349827222304521,4,2,2.9999999999734364,0.39162517627518456,,False,3.0,False,False,True
TBS adaptive diffusion topology alpha=0.01 edge=0.001,N3726,L956,0.013544231457837959,3,1,1.9999999999999842,0.3678794411714453,,False,2.0,False,False,True
TBS adaptive diffusion topology alpha=0.01 edge=0.001,N3726,N2955,0.00736875607719802,3,2,1.9999999999998412,0.3678794411714716,,False,2.0,False,False,True
TBS adaptive diffusion topology alpha=0.01 edge=0.001,N3727,L2138,0.013550737990680966,2,1,0.9999999999999909,0.3173105078629135,,False,1.0,False,False,True
TBS adaptive diffusion topology alpha=0.01 edge=0.001,N3727,L2278,0.013550737990680966,2,1,0.9999999999999909,0.3173105078629135,,False,1.0,False,False,True
TBS adaptive diffusion topology alpha=0.01 edge=0.001,N3728,L2023,0.013561127419496695,3,1,1.9999999999971914,0.3678794411719589,,False,2.0,False,False,True
TBS adaptive diffusion topology alpha=0.01 edge=0.001,N3728,N3404,0.003405488299984533,3,2,1.9999999999035385,0.3678794411891855,,False,2.0,False,False,True
TBS adaptive diffusion topology alpha=0.01 edge=0.001,N3729,L114,0.01357982818581167,2,1,0.9999999999997498,0.3173105078629718,,False,1.0,False,False,True
TBS adaptive diffusion topology alpha=0.01 edge=0.001,N3729,L577,0.01357982818581167,2,1,0.9999999999997498,0.3173105078629718,,False,1.0,False,False,True
TBS adaptive diffusion topology alpha=0.01 edge=0.001,N3730,L1046,0.013602578850343092,3,1,1.9999999999813354,0.3678794411748755,,False,2.0,False,False,True
TBS adaptive diffusion topology alpha=0.01 edge=0.001,N3730,N3299,0.004267461026110816,3,2,1.9999999992303676,0.36787944131300837,,False,2.0,False,False,True
TBS adaptive diffusion topology alpha=0.01 edge=0.001,N3731,L143,0.013617926648607188,3,1,1.9999999999993348,0.3678794411715647,,False,2.0,False,False,True
TBS adaptive diffusion topology alpha=0.01 edge=0.001,N3731,N2982,0.007148656839278981,3,2,1.9999999999784546,0.36787944117540544,,False,2.0,False,False,True
TBS adaptive diffusion topology alpha=0.01 edge=0.001,N3732,L1962,0.013627246368561467,3,1,1.99999999999994,0.3678794411714534,,False,2.0,False,False,True
TBS adaptive diffusion topology alpha=0.01 edge=0.001,N3732,N2770,0.008830958532214276,3,2,1.9999999999996765,0.3678794411715019,,False,2.0,False,False,True
TBS adaptive diffusion topology alpha=0.01 edge=0.001,N3733,N2698,0.009535848901017165,5,2,3.999999995581746,0.40600585030778347,,False,4.0,False,False,True
TBS adaptive diffusion topology alpha=0.01 edge=0.001,N3733,N3489,0.0026693022184830907,5,3,3.9999999804200117,0.40600585235970155,,False,4.0,False,False,True
TBS adaptive diffusion topology alpha=0.01 edge=0.001,N3734,N3159,0.005592191174588682,8,5,6.999999999129144,0.42887985764372794,,False,7.0,False,False,True
TBS adaptive diffusion topology alpha=0.01 edge=0.001,N3734,N3441,0.0032735612184302937,8,3,6.999999999820664,0.428879857571727,,False,7.0,False,False,True
TBS adaptive diffusion topology alpha=0.01 edge=0.001,N3735,N3105,0.006100349872303569,7,4,5.999999999615695,0.42319008116989376,,False,6.0,False,False,True
TBS adaptive diffusion topology alpha=0.01 edge=0.001,N3735,N3354,0.003948703597864197,7,3,5.999999999838625,0.42319008114492085,,False,6.0,False,False,True
TBS adaptive diffusion topology alpha=0.01 edge=0.001,N3736,L1115,0.013683482618611785,5,1,3.9999999999947926,0.406005849710543,,False,4.0,False,False,True
TBS adaptive diffusion topology alpha=0.01 edge=0.001,N3736,N3493,0.0026540655615924958,5,4,3.9999999978475347,0.40600585000114287,,False,4.0,False,False,True
TBS adaptive diffusion topology alpha=0.01 edge=0.001,N3737,L1673,0.013684808651445697,4,1,2.999999999999546,0.3916251762711589,,False,3.0,False,False,True
TBS adaptive diffusion topology alpha=0.01 edge=0.001,N3737,N3192,0.005420534709121885,4,3,2.9999999999773777,0.3916251762745767,,False,3.0,False,False,True
TBS adaptive diffusion topology alpha=0.01 edge=0.001,N3738,L811,0.013688661675174154,2,1,0.999999999999535,0.3173105078630237,,False,1.0,False,False,True
TBS adaptive diffusion topology alpha=0.01 edge=0.001,N3738,L829,0.013688661675174154,2,1,0.999999999999535,0.3173105078630237,,False,1.0,False,False,True
TBS adaptive diffusion topology alpha=0.01 edge=0.001,N3739,N3157,0.00567500102019842,5,2,3.9999999965242155,0.4060058501802344,,False,4.0,False,False,True
TBS adaptive diffusion topology alpha=0.01 edge=0.001,N3739,N3452,0.0031996378954648576,5,3,3.9999999845961893,0.4060058517945173,,False,4.0,False,False,True
TBS adaptive diffusion topology alpha=0.01 edge=0.001,N3740,L846,0.01372165755107531,6,1,4.999999999992731,0.41588018699639495,,False,5.0,False,False,True
TBS adaptive diffusion topology alpha=0.01 edge=0.001,N3740,N3494,0.0026583862402001926,6,5,4.99999999435786,0.4158801876840835,,False,5.0,False,False,True
TBS adaptive diffusion topology alpha=0.01 edge=0.001,N3741,N2659,0.010001275191149616,5,2,3.999999999985965,0.4060058497117376,,False,4.0,False,False,True
TBS adaptive diffusion topology alpha=0.01 edge=0.001,N3741,N3257,0.004749694404470238,5,3,3.9999999999394094,0.40600584971803855,,False,4.0,False,False,True
TBS adaptive diffusion topology alpha=0.01 edge=0.001,N3742,L1068,0.013745346911287636,3,1,1.999999999999465,0.3678794411715408,,False,2.0,False,False,True
TBS adaptive diffusion topology alpha=0.01 edge=0.001,N3742,N2710,0.009518790689301521,3,2,1.9999999999889897,0.3678794411734675,,False,2.0,False,False,True
TBS adaptive diffusion topology alpha=0.01 edge=0.001,N3743,N2625,0.01040166147983987,11,3,9.999999999759924,0.4404932850862754,,False,10.0,False,False,True
TBS adaptive diffusion topology alpha=0.01 edge=0.001,N3743,N3352,0.004043910250371407,11,8,9.999999995838408,0.4404932854303244,,False,10.0,False,False,True
TBS adaptive diffusion topology alpha=0.01 edge=0.001,N3744,L279,0.013789913547951055,6,1,4.99999999997067,0.41588018699908724,,False,5.0,False,False,True
TBS adaptive diffusion topology alpha=0.01 edge=0.001,N3744,N3608,0.00157823384880752,6,5,4.999999938937749,0.4158801944476379,,False,5.0,False,False,True
TBS adaptive diffusion topology alpha=0.01 edge=0.001,N3745,L844,0.013801665677949833,3,1,1.9999999999891838,0.36787944117343196,,False,2.0,False,False,True
TBS adaptive diffusion topology alpha=0.01 edge=0.001,N3745,N3396,0.0037097633874265674,3,2,1.9999999995744417,0.36787944124971944,,False,2.0,False,False,True
TBS adaptive diffusion topology alpha=0.01 edge=0.001,N3746,L340,0.013808949410811162,6,1,4.999999999996684,0.41588018699591234,,False,5.0,False,False,True
TBS adaptive diffusion topology alpha=0.01 edge=0.001,N3746,N3637,0.0012134892860925413,6,5,4.999999999384366,0.4158801870706407,,False,5.0,False,False,True
TBS adaptive diffusion topology alpha=0.01 edge=0.001,N3747,L1477,0.013815632401498936,5,1,3.9999999999964055,0.4060058497103247,,False,4.0,False,False,True
TBS adaptive diffusion topology alpha=0.01 edge=0.001,N3747,N3462,0.003208779186366099,5,4,3.999999999764036,0.4060058497417727,,False,4.0,False,False,True
TBS adaptive diffusion topology alpha=0.01 edge=0.001,N3748,L707,0.013839800767558823,3,1,1.999999999999705,0.3678794411714966,,False,2.0,False,False,True
TBS adaptive diffusion topology alpha=0.01 edge=0.001,N3748,N3382,0.003913941741191216,3,2,1.9999999999958598,0.36787944117220384,,False,2.0,False,False,True
TBS adaptive diffusion topology alpha=0.01 edge=0.001,N3749,N2838,0.008592837467404663,6,3,4.99999999968081,0.4158801870344624,,False,5.0,False,False,True
TBS adaptive diffusion topology alpha=0.01 edge=0.001,N3749,N3094,0.006397245024230768,6,3,4.99999999968082,0.41588018703446117,,False,5.0,False,False,True
TBS adaptive diffusion topology alpha=0.01 edge=0.001,N3750,N2614,0.010639396157047983,5,2,3.9999999999893996,0.40600584971127296,,False,4.0,False,False,True
TBS adaptive diffusion topology alpha=0.01 edge=0.001,N3750,N3538,0.002370074926772366,5,3,3.9999999999547193,0.4060058497159664,,False,4.0,False,False,True
TBS adaptive diffusion topology alpha=0.01 edge=0.001,N3751,L2381,0.013872646276691818,3,1,1.9999999999792406,0.3678794411752609,,False,2.0,False,False,True
TBS adaptive diffusion topology alpha=0.01 edge=0.001,N3751,N2744,0.009300121150430291,3,2,1.9999999991512922,0.36787944132755346,,False,2.0,False,False,True
TBS adaptive diffusion topology alpha=0.01 edge=0.001,N3752,N3127,0.006111276448799285,8,5,6.9999975034937965,0.42888011748876453,,False,7.0,False,False,True
TBS adaptive diffusion topology alpha=0.01 edge=0.001,N3752,N3440,0.0034943208590771974,8,3,6.999999496317633,0.42887990999635117,,False,7.0,False,False,True
TBS adaptive diffusion topology alpha=0.01 edge=0.001,N3753,N3287,0.004673128437078919,8,4,6.999999995938052,0.4288798579759836,,False,7.0,False,False,True
TBS adaptive diffusion topology alpha=0.01 edge=0.001,N3753,N3475,0.0030986677782496273,8,4,6.999999995938052,0.4288798579759836,,False,7.0,False,False,True
TBS adaptive diffusion topology alpha=0.01 edge=0.001,N3754,N3034,0.0069390682411677165,4,2,2.999999976163191,0.3916251799462561,,False,3.0,False,False,True
TBS adaptive diffusion topology alpha=0.01 edge=0.001,N3754,N3371,0.0040141620311116245,4,2,2.999999976163191,0.3916251799462561,,False,3.0,False,False,True
TBS adaptive diffusion topology alpha=0.01 edge=0.001,N3755,L1071,0.013899836004091677,2,1,0.9999999999998943,0.3173105078629368,,False,1.0,False,False,True
TBS adaptive diffusion topology alpha=0.01 edge=0.001,N3755,L1360,0.013899836004091677,2,1,0.9999999999998943,0.3173105078629368,,False,1.0,False,False,True
TBS adaptive diffusion topology alpha=0.01 edge=0.001,N3756,L1236,0.013900262780436967,7,1,5.99999999999734,0.42319008112714174,,False,6.0,False,False,True
TBS adaptive diffusion topology alpha=0.01 edge=0.001,N3756,N3444,0.0034811463213845484,7,6,5.999999996655426,0.4231900815015057,,False,6.0,False,False,True
TBS adaptive diffusion topology alpha=0.01 edge=0.001,N3757,L1411,0.013909409562034715,15,1,13.999999999960732,0.44971105585162474,,False,14.0,False,False,True
TBS adaptive diffusion topology alpha=0.01 edge=0.001,N3757,N3587,0.0019291281624799447,15,14,13.999999865877509,0.44971106584101095,,False,14.0,False,False,True
TBS adaptive diffusion topology alpha=0.01 edge=0.001,N3758,N2800,0.008908925735153067,4,2,2.9999999999804707,0.39162517627409976,,False,3.0,False,False,True
TBS adaptive diffusion topology alpha=0.01 edge=0.001,N3758,N3049,0.0068691403538446785,4,2,2.9999999999804707,0.39162517627409976,,False,3.0,False,False,True
TBS adaptive diffusion topology alpha=0.01 edge=0.001,N3759,L2386,0.013915896505432191,4,1,2.999999999999298,0.3916251762711972,,False,3.0,False,False,True
TBS adaptive diffusion topology alpha=0.01 edge=0.001,N3759,N3578,0.0020604059890327675,4,3,2.9999999999259703,0.3916251762825028,,False,3.0,False,False,True
TBS adaptive diffusion topology alpha=0.01 edge=0.001,N3760,N3391,0.003866134173767215,6,2,4.999999999946187,0.4158801870020754,,False,5.0,False,False,True
TBS adaptive diffusion topology alpha=0.01 edge=0.001,N3760,N3503,0.00275848679932659,6,4,4.999999999430169,0.41588018706505114,,False,5.0,False,False,True
TBS adaptive diffusion topology alpha=0.01 edge=0.001,N3761,N2951,0.007759255832366966,8,3,6.999999997947283,0.4288798577667833,,False,7.0,False,False,True
TBS adaptive diffusion topology alpha=0.01 edge=0.001,N3761,N3448,0.003476642532903088,8,5,6.99999998990973,0.4288798586036512,,False,7.0,False,False,True
TBS adaptive diffusion topology alpha=0.01 edge=0.001,N3762,L1337,0.013937517772918451,5,1,3.999999999999571,0.4060058497098963,,False,4.0,False,False,True
TBS adaptive diffusion topology alpha=0.01 edge=0.001,N3762,N2946,0.00784101159999067,5,4,3.999999999937721,0.4060058497182668,,False,4.0,False,False,True
TBS adaptive diffusion topology alpha=0.01 edge=0.001,N3763,L165,0.013980460897120867,2,1,0.9999999999927585,0.31731050786466347,,False,1.0,False,False,True
TBS adaptive diffusion topology alpha=0.01 edge=0.001,N3763,L1387,0.013980460897120867,2,1,0.9999999999927585,0.31731050786466347,,False,1.0,False,False,True
TBS adaptive diffusion topology alpha=0.01 edge=0.001,N3764,L56,0.013985832751336587,3,1,1.9999999999999132,0.3678794411714584,,False,2.0,False,False,True
TBS adaptive diffusion topology alpha=0.01 edge=0.001,N3764,N3466,0.0033226840666072737,3,2,1.9999999999987645,0.3678794411716696,,False,2.0,False,False,True
TBS adaptive diffusion topology alpha=0.01 edge=0.001,N3765,L796,0.01398678076261167,2,1,0.9999999999907958,0.31731050786513837,,False,1.0,False,False,True
TBS adaptive diffusion topology alpha=0.01 edge=0.001,N3765,L806,0.01398678076261167,2,1,0.9999999999907958,0.31731050786513837,,False,1.0,False,False,True
TBS adaptive diffusion topology alpha=0.01 edge=0.001,N3766,N2619,0.010757427143635211,4,2,2.9999999999941878,0.391625176271985,,False,3.0,False,False,True
TBS adaptive diffusion topology alpha=0.01 edge=0.001,N3766,N3240,0.005238268048454663,4,2,2.9999999999941878,0.391625176271985,,False,3.0,False,False,True
TBS adaptive diffusion topology alpha=0.01 edge=0.001,N3767,L70,0.014026899185828685,7,1,5.9999999999937526,0.4231900811275435,,False,6.0,False,False,True
TBS adaptive diffusion topology alpha=0.01 edge=0.001,N3767,N3402,0.003898297366897923,7,6,5.999999997801993,0.4231900813730666,,False,6.0,False,False,True
TBS adaptive diffusion topology alpha=0.01 edge=0.001,N3768,N2884,0.008495798377337792,8,3,6.999999999786863,0.4288798575752464,,False,7.0,False,False,True
TBS adaptive diffusion topology alpha=0.01 edge=0.001,N3768,N3414,0.0038325328401753733,8,5,6.999999998984398,0.42887985765879866,,False,7.0,False,False,True
TBS adaptive diffusion topology alpha=0.01 edge=0.001,N3769,L2173,0.014044146260868664,3,1,1.999999999999769,0.36787944117148486,,False,2.0,False,False,True
TBS adaptive diffusion topology alpha=0.01 edge=0.001,N3769,N3342,0.004378010359263073,3,2,1.9999999999980806,0.36787944117179544,,False,2.0,False,False,True
TBS adaptive diffusion topology alpha=0.01 edge=0.001,N3770,L1693,0.014049244965553258,2,1,0.9999999999975766,0.31731050786349757,,False,1.0,False,False,True
TBS adaptive diffusion topology alpha=0.01 edge=0.001,N3770,L1732,0.014049244965553258,2,1,0.9999999999975766,0.31731050786349757,,False,1.0,False,False,True
TBS adaptive diffusion topology alpha=0.01 edge=0.001,N3771,N3175,0.0058862850238745506,7,5,5.99999999897021,0.4231900812422015,,False,6.0,False,False,True
TBS adaptive diffusion topology alpha=0.01 edge=0.001,N3771,N3259,0.005041215501380149,7,2,5.9999999999502975,0.4231900811324112,,False,6.0,False,False,True
TBS adaptive diffusion topology alpha=0.01 edge=0.001,N3772,L2036,0.01406497830351762,2,1,0.9999999999998572,0.3173105078629458,,False,1.0,False,False,True
TBS adaptive diffusion topology alpha=0.01 edge=0.001,N3772,L2047,0.01406497830351762,2,1,0.9999999999998572,0.3173105078629458,,False,1.0,False,False,True
TBS adaptive diffusion topology alpha=0.01 edge=0.001,N3773,L78,0.014071752188473384,2,1,0.9999999999999718,0.3173105078629181,,False,1.0,False,False,True
TBS adaptive diffusion topology alpha=0.01 edge=0.001,N3773,L1417,0.014071752188473384,2,1,0.9999999999999718,0.3173105078629181,,False,1.0,False,False,True
TBS adaptive diffusion topology alpha=0.01 edge=0.001,N3774,L49,0.014089341994891999,2,1,0.9999999999795457,0.3173105078678606,,False,1.0,False,False,True
TBS adaptive diffusion topology alpha=0.01 edge=0.001,N3774,L257,0.014089341994891999,2,1,0.9999999999795457,0.3173105078678606,,False,1.0,False,False,True
TBS adaptive diffusion topology alpha=0.01 edge=0.001,N3775,L1527,0.014092785933899208,3,1,1.9999999999993698,0.3678794411715584,,False,2.0,False,False,True
TBS adaptive diffusion topology alpha=0.01 edge=0.001,N3775,N3367,0.0042567558233935696,3,2,1.999999999990496,0.3678794411731905,,False,2.0,False,False,True
TBS adaptive diffusion topology alpha=0.01 edge=0.001,N3776,L484,0.014107929789672307,2,1,0.9999999999965807,0.31731050786373854,,False,1.0,False,False,True
TBS adaptive diffusion topology alpha=0.01 edge=0.001,N3776,L537,0.014107929789672307,2,1,0.9999999999965807,0.31731050786373854,,False,1.0,False,False,True
TBS adaptive diffusion topology alpha=0.01 edge=0.001,N3777,N3490,0.003174879655036865,18,4,16.99999909469861,0.45436617512558064,,False,17.0,False,False,True
TBS adaptive diffusion topology alpha=0.01 edge=0.001,N3777,N3600,0.0020381614844374937,18,14,16.999972900140037,0.45436794983076034,,False,17.0,False,False,True
TBS adaptive diffusion topology alpha=0.01 edge=0.001,N3778,L45,0.014177463379739687,2,1,0.9999999999997202,0.31731050786297893,,False,1.0,False,False,True
TBS adaptive diffusion topology alpha=0.01 edge=0.001,N3778,L47,0.014177463379739687,2,1,0.9999999999997202,0.31731050786297893,,False,1.0,False,False,True
TBS adaptive diffusion topology alpha=0.01 edge=0.001,N3779,L1321,0.01418563803661076,4,1,2.9999999999445373,0.39162517627964044,,False,3.0,False,False,True
TBS adaptive diffusion topology alpha=0.01 edge=0.001,N3779,N3582,0.002315526816450789,4,3,2.9999999859619706,0.39162517843547695,,False,3.0,False,False,True
TBS adaptive diffusion topology alpha=0.01 edge=0.001,N3780,N3237,0.005505811522068523,8,3,6.999999999617341,0.42887985759289715,,False,7.0,False,False,True
TBS adaptive diffusion topology alpha=0.01 edge=0.001,N3780,N3296,0.004917304653239041,8,5,6.999999998156336,0.42887985774501625,,False,7.0,False,False,True
TBS adaptive diffusion topology alpha=0.01 edge=0.001,N3781,L1740,0.014233825539949823,5,1,3.999999999996138,0.4060058497103608,,False,4.0,False,False,True
TBS adaptive diffusion topology alpha=0.01 edge=0.001,N3781,N3656,0.0014136781393293445,5,4,3.999999998803451,0.40600584987177335,,False,4.0,False,False,True
TBS adaptive diffusion topology alpha=0.01 edge=0.001,N3782,L69,0.014235703147061945,2,1,0.999999999999658,0.317310507862994,,False,1.0,False,False,True
TBS adaptive diffusion topology alpha=0.01 edge=0.001,N3782,L1073,0.014235703147061945,2,1,0.999999999999658,0.317310507862994,,False,1.0,False,False,True
TBS adaptive diffusion topology alpha=0.01 edge=0.001,N3783,N3072,0.006996120765612449,5,3,3.99999999986624,0.40600584972794074,,False,4.0,False,False,True
TBS adaptive diffusion topology alpha=0.01 edge=0.001,N3783,N3309,0.004887596230917519,5,2,3.999999999968445,0.4060058497141089,,False,4.0,False,False,True
TBS adaptive diffusion topology alpha=0.01 edge=0.001,N3784,L1384,0.014270941241863897,3,1,1.9999999999971805,0.36787944117196086,,False,2.0,False,False,True
TBS adaptive diffusion topology alpha=0.01 edge=0.001,N3784,N3423,0.004012588667404233,3,2,1.999999999911287,0.3678794411877603,,False,2.0,False,False,True
TBS adaptive diffusion topology alpha=0.01 edge=0.001,N3785,L295,0.014284643212819212,4,1,2.999999999999812,0.3916251762711178,,False,3.0,False,False,True
TBS adaptive diffusion topology alpha=0.01 edge=0.001,N3785,N3149,0.006336023917414944,4,3,2.999999999994435,0.39162517627194704,,False,3.0,False,False,True
TBS adaptive diffusion topology alpha=0.01 edge=0.001,N3786,N3222,0.005758335525548424,13,2,11.99999999968546,0.44567964138987215,,False,12.0,False,False,True
TBS adaptive diffusion topology alpha=0.01 edge=0.001,N3786,N3593,0.0022650833783081133,13,11,11.999999951145623,0.4456796452881827,,False,12.0,False,False,True
TBS adaptive diffusion topology alpha=0.01 edge=0.001,N3787,L1669,0.014332876677680769,2,1,0.9999999999997995,0.3173105078629597,,False,1.0,False,False,True
TBS adaptive diffusion topology alpha=0.01 edge=0.001,N3787,L1930,0.014332876677680769,2,1,0.9999999999997995,0.3173105078629597,,False,1.0,False,False,True
TBS adaptive diffusion topology alpha=0.01 edge=0.001,N3788,N3152,0.006376989167627934,4,2,2.9999999978748755,0.3916251765987413,,False,3.0,False,False,True
TBS adaptive diffusion topology alpha=0.01 edge=0.001,N3788,N3357,0.004595660211776679,4,2,2.9999999978748755,0.3916251765987413,,False,3.0,False,False,True
TBS adaptive diffusion topology alpha=0.01 edge=0.001,N3789,L275,0.014356086616069104,2,1,0.9999999999822484,0.3173105078672066,,False,1.0,False,False,True
TBS adaptive diffusion topology alpha=0.01 edge=0.001,N3789,L473,0.014356086616069104,2,1,0.9999999999822484,0.3173105078672066,,False,1.0,False,False,True
TBS adaptive diffusion topology alpha=0.01 edge=0.001,N3790,L1316,0.014407013853712842,4,1,2.9999999999981455,0.39162517627137483,,False,3.0,False,False,True
TBS adaptive diffusion topology alpha=0.01 edge=0.001,N3790,N3621,0.0020826511973099874,4,3,2.999999999832527,0.39162517629691007,,False,3.0,False,False,True
TBS adaptive diffusion topology alpha=0.01 edge=0.001,N3791,L1458,0.014454472676890342,3,1,1.9999999999995186,0.36787944117153093,,False,2.0,False,False,True
TBS adaptive diffusion topology alpha=0.01 edge=0.001,N3791,N3239,0.00568094109612392,3,2,1.9999999999913944,0.3678794411730252,,False,2.0,False,False,True
TBS adaptive diffusion topology alpha=0.01 edge=0.001,N3792,L412,0.014455962569487385,2,1,0.9999999999999503,0.3173105078629233,,False,1.0,False,False,True
TBS adaptive diffusion topology alpha=0.01 edge=0.001,N3792,L1535,0.014455962569487385,2,1,0.9999999999999503,0.3173105078629233,,False,1.0,False,False,True
TBS adaptive diffusion topology alpha=0.01 edge=0.001,N3793,N3204,0.006079458708314833,10,4,8.999999999096529,0.43727418899726556,,False,9.0,False,False,True
TBS adaptive diffusion topology alpha=0.01 edge=0.001,N3793,N3361,0.004677138303564189,10,6,8.999999997061575,0.4372741891851104,,False,9.0,False,False,True
TBS adaptive diffusion topology alpha=0.01 edge=0.001,N3794,N3119,0.006797527494868981,12,10,10.999999990655052,0.4432632792093588,,False,11.0,False,False,True
TBS adaptive diffusion topology alpha=0.01 edge=0.001,N3794,N3373,0.004572555162945834,12,2,10.999999999918693,0.4432632784332772,,False,11.0,False,False,True
TBS adaptive diffusion topology alpha=0.01 edge=0.001,N3795,N3356,0.00476026074470719,11,2,9.999999995261717,0.4404932854809196,,False,10.0,False,False,True
TBS adaptive diffusion topology alpha=0.01 edge=0.001,N3795,N3641,0.0018746987345207107,11,9,9.999999460075314,0.4404933324347955,,False,10.0,False,False,True
TBS adaptive diffusion topology alpha=0.01 edge=0.001,N3796,L2158,0.014503594814675842,3,1,1.9999999999993259,0.3678794411715664,,False,2.0,False,False,True
TBS adaptive diffusion topology alpha=0.01 edge=0.001,N3796,N3687,0.0013442411016015732,3,2,1.9999999999876812,0.36787944117370824,,False,2.0,False,False,True
TBS adaptive diffusion topology alpha=0.01 edge=0.001,N3797,L2159,0.014511683764040753,2,1,0.9999999999978333,0.3173105078634355,,False,1.0,False,False,True
TBS adaptive diffusion topology alpha=0.01 edge=0.001,N3797,L2299,0.014511683764040753,2,1,0.9999999999978333,0.3173105078634355,,False,1.0,False,False,True
TBS adaptive diffusion topology alpha=0.01 edge=0.001,N3798,L1214,0.014546978676595464,3,1,1.9999999999996576,0.3678794411715054,,False,2.0,False,False,True
TBS adaptive diffusion topology alpha=0.01 edge=0.001,N3798,N3653,0.0017561327368159991,3,2,1.9999999999924496,0.3678794411728311,,False,2.0,False,False,True
TBS adaptive diffusion topology alpha=0.01 edge=0.001,N3799,L1081,0.01454966041066779,2,1,0.9999999999994904,0.31731050786303455,,False,1.0,False,False,True
TBS adaptive diffusion topology alpha=0.01 edge=0.001,N3799,L1188,0.01454966041066779,2,1,0.9999999999994904,0.31731050786303455,,False,1.0,False,False,True
TBS adaptive diffusion topology alpha=0.01 edge=0.001,N3800,N2904,0.008806809518392368,5,2,3.999999999606035,0.40600584976315557,,False,4.0,False,False,True
TBS adaptive diffusion topology alpha=0.01 edge=0.001,N3800,N3334,0.0049936413508902,5,3,3.9999999982671954,0.4060058499443481,,False,4.0,False,False,True
TBS adaptive diffusion topology alpha=0.01 edge=0.001,N3801,L1282,0.01455547882649831,11,1,9.999999999990692,0.4404932850660289,,False,10.0,False,False,True
TBS adaptive diffusion topology alpha=0.01 edge=0.001,N3801,N3536,0.0031183235878224722,11,10,9.999999982666482,0.4404932865859459,,False,10.0,False,False,True
TBS adaptive diffusion topology alpha=0.01 edge=0.001,N3802,L930,0.014562907316296139,3,1,1.9999999999886917,0.36787944117352245,,False,2.0,False,False,True
TBS adaptive diffusion topology alpha=0.01 edge=0.001,N3802,N3394,0.0044895762012386355,3,2,1.9999999995898645,0.36787944124688254,,False,2.0,False,False,True
TBS adaptive diffusion topology alpha=0.01 edge=0.001,N3803,L1769,0.014567542603411136,4,1,2.9999999999937073,0.3916251762720592,,False,3.0,False,False,True
TBS adaptive diffusion topology alpha=0.01 edge=0.001,N3803,N3378,0.0046600185421213,4,3,2.99999999867068,0.391625176476044,,False,3.0,False,False,True
TBS adaptive diffusion topology alpha=0.01 edge=0.001,N3804,N2843,0.009264326986320294,8,2,6.999999999735457,0.42887985758059866,,False,7.0,False,False,True
TBS adaptive diffusion topology alpha=0.01 edge=0.001,N3804,N3760,0.0006532321741424799,8,6,6.999999990313078,0.42887985856165467,,False,7.0,False,False,True
TBS adaptive diffusion topology alpha=0.01 edge=0.001,N3805,L195,0.014573903719283455,2,1,0.9999999999999034,0.3173105078629346,,False,1.0,False,False,True
TBS adaptive diffusion topology alpha=0.01 edge=0.001,N3805,L1359,0.014573903719283455,2,1,0.9999999999999034,0.3173105078629346,,False,1.0,False,False,True
TBS adaptive diffusion topology alpha=0.01 edge=0.001,N3806,L2180,0.01458227941735122,3,1,1.999999999996817,0.3678794411720278,,False,2.0,False,False,True
TBS adaptive diffusion topology alpha=0.01 edge=0.001,N3806,N3303,0.005231907435671158,3,2,1.9999999998945448,0.3678794411908398,,False,2.0,False,False,True
TBS adaptive diffusion topology alpha=0.01 edge=0.001,N3807,N3470,0.0038796166350014787,8,5,6.999999995403386,0.42887985803165285,,False,7.0,False,False,True
TBS adaptive diffusion topology alpha=0.01 edge=0.001,N3807,N3540,0.0031045597710306016,8,3,6.999999999061115,0.42887985765081105,,False,7.0,False,False,True
TBS adaptive diffusion topology alpha=0.01 edge=0.001,N3808,L636,0.01461675460489792,4,1,2.999999999998374,0.39162517627133964,,False,3.0,False,False,True
TBS adaptive diffusion topology alpha=0.01 edge=0.001,N3808,N3245,0.005745570806498048,4,3,2.999999999736242,0.3916251763117552,,False,3.0,False,False,True
TBS adaptive diffusion topology alpha=0.01 edge=0.001,N3809,L1328,0.014619750789060712,3,1,1.9999999999997413,0.36787944117148996,,False,2.0,False,False,True
TBS adaptive diffusion topology alpha=0.01 edge=0.001,N3809,N3429,0.004322712023422836,3,2,1.9999999999955227,0.3678794411722659,,False,2.0,False,False,True
TBS adaptive diffusion topology alpha=0.01 edge=0.001,N3810,L512,0.014629798321208101,3,1,1.9999999999961955,0.36787944117214216,,False,2.0,False,False,True
TBS adaptive diffusion topology alpha=0.01 edge=0.001,N3810,N3268,0.005556795779281174,3,2,1.9999999998585833,0.36787944119745436,,False,2.0,False,False,True
TBS adaptive diffusion topology alpha=0.01 edge=0.001,N3811,L970,0.014634693921245915,2,1,0.9999999999998948,0.3173105078629367,,False,1.0,False,False,True
TBS adaptive diffusion topology alpha=0.01 edge=0.001,N3811,L1147,0.014634693921245915,2,1,0.9999999999998948,0.3173105078629367,,False,1.0,False,False,True
TBS adaptive diffusion topology alpha=0.01 edge=0.001,N3812,L2218,0.014642901370670489,2,1,0.9999999999998384,0.31731050786295034,,False,1.0,False,False,True
TBS adaptive diffusion topology alpha=0.01 edge=0.001,N3812,L2226,0.014642901370670489,2,1,0.9999999999998384,0.31731050786295034,,False,1.0,False,False,True
TBS adaptive diffusion topology alpha=0.01 edge=0.001,N3813,L2041,0.01464519642008075,2,1,0.9999999985013353,0.3173105082255442,,False,1.0,False,False,True
TBS adaptive diffusion topology alpha=0.01 edge=0.001,N3813,L2097,0.01464519642008075,2,1,0.9999999985013353,0.3173105082255442,,False,1.0,False,False,True
TBS adaptive diffusion topology alpha=0.01 edge=0.001,N3814,L962,0.01465363293686432,13,1,11.999999999974994,0.4456796413666192,,False,12.0,False,False,True
TBS adaptive diffusion topology alpha=0.01 edge=0.001,N3814,N3672,0.001653610787496164,13,12,11.999999629494818,0.4456796711204649,,False,12.0,False,False,True
TBS adaptive diffusion topology alpha=0.01 edge=0.001,N3815,L504,0.014663327055604162,3,1,1.9999999999995848,0.3678794411715187,,False,2.0,False,False,True
TBS adaptive diffusion topology alpha=0.01 edge=0.001,N3815,N3497,0.0035769787091831755,3,2,1.9999999999918567,0.36787944117294014,,False,2.0,False,False,True
TBS adaptive diffusion topology alpha=0.01 edge=0.001,N3816,N3172,0.006541637821346528,5,2,3.999999999291717,0.4060058498056939,,False,4.0,False,False,True
TBS adaptive diffusion topology alpha=0.01 edge=0.001,N3816,N3730,0.0010783260812454124,5,3,3.99999999686266,0.4060058501344307,,False,4.0,False,False,True
TBS adaptive diffusion topology alpha=0.01 edge=0.001,N3817,L2015,0.014709836125248402,2,1,0.999999999999853,0.3173105078629468,,False,1.0,False,False,True
TBS adaptive diffusion topology alpha=0.01 edge=0.001,N3817,L2134,0.014709836125248402,2,1,0.999999999999853,0.3173105078629468,,False,1.0,False,False,True
TBS adaptive diffusion topology alpha=0.01 edge=0.001,N3818,L2152,0.01470997790024869,2,1,0.9999999999991638,0.31731050786311354,,False,1.0,False,False,True
TBS adaptive diffusion topology alpha=0.01 edge=0.001,N3818,L2174,0.01470997790024869,2,1,0.9999999999991638,0.31731050786311354,,False,1.0,False,False,True
TBS adaptive diffusion topology alpha=0.01 edge=0.001,N3819,L1612,0.01472281411437337,5,1,3.999999999998211,0.40600584971008047,,False,4.0,False,False,True
TBS adaptive diffusion topology alpha=0.01 edge=0.001,N3819,N3534,0.0033101990284689037,5,4,3.999999998989244,0.4060058498466289,,False,4.0,False,False,True
TBS adaptive diffusion topology alpha=0.01 edge=0.001,N3820,L1285,0.014729172202168819,4,1,2.9999999999964597,0.3916251762716346,,False,3.0,False,False,True
TBS adaptive diffusion topology alpha=0.01 edge=0.001,N3820,N2909,0.008942940993173035,4,3,2.99999999965625,0.39162517632408844,,False,3.0,False,False,True
TBS adaptive diffusion topology alpha=0.01 edge=0.001,N3821,L585,0.014750853242803416,2,1,0.9999999999996685,0.3173105078629914,,False,1.0,False,False,True
TBS adaptive diffusion topology alpha=0.01 edge=0.001,N3821,L589,0.014750853242803416,2,1,0.9999999999996685,0.3173105078629914,,False,1.0,False,False,True
TBS adaptive diffusion topology alpha=0.01 edge=0.001,N3822,L2131,0.014765776417669307,2,1,0.9999999999984717,0.317310507863281,,False,1.0,False,False,True
TBS adaptive diffusion topology alpha=0.01 edge=0.001,N3822,L2170,0.014765776417669307,2,1,0.9999999999984717,0.317310507863281,,False,1.0,False,False,True
TBS adaptive diffusion topology alpha=0.01 edge=0.001,N3823,L758,0.01476810954023889,2,1,0.9999999999838376,0.317310507866822,,False,1.0,False,False,True
TBS adaptive diffusion topology alpha=0.01 edge=0.001,N3823,L947,0.01476810954023889,2,1,0.9999999999838376,0.317310507866822,,False,1.0,False,False,True
TBS adaptive diffusion topology alpha=0.01 edge=0.001,N3824,L587,0.014773017280827038,3,1,1.9999999999981513,0.3678794411717824,,False,2.0,False,False,True
TBS adaptive diffusion topology alpha=0.01 edge=0.001,N3824,N3692,0.0015524417890038571,3,2,1.9999999999449278,0.3678794411815723,,False,2.0,False,False,True
TBS adaptive diffusion topology alpha=0.01 edge=0.001,N3825,L813,0.014817323172351939,6,1,4.999999999982164,0.4158801869976847,,False,5.0,False,False,True
TBS adaptive diffusion topology alpha=0.01 edge=0.001,N3825,N3724,0.0012839491289589277,6,5,4.999999961976744,0.41588019163592427,,False,5.0,False,False,True
TBS adaptive diffusion topology alpha=0.01 edge=0.001,N3826,N3329,0.005279162048368017,12,5,10.999999999392799,0.44326327847733515,,False,11.0,False,False,True
TBS adaptive diffusion topology alpha=0.01 edge=0.001,N3826,N3574,0.0029938747214444832,12,7,10.999999998461968,0.4432632785553172,,False,11.0,False,False,True
TBS adaptive diffusion topology alpha=0.01 edge=0.001,N3827,N3323,0.005375350829545961,5,3,3.999999999929411,0.4060058497193917,,False,4.0,False,False,True
TBS adaptive diffusion topology alpha=0.01 edge=0.001,N3827,N3569,0.0031124662789152996,5,2,3.9999999999823745,0.40600584971222364,,False,4.0,False,False,True
TBS adaptive diffusion topology alpha=0.01 edge=0.001,N3828,N3458,0.004321831378175988,4,2,2.9999999989623745,0.3916251764310704,,False,3.0,False,False,True
TBS adaptive diffusion topology alpha=0.01 edge=0.001,N3828,N3550,0.0032776016396426403,4,2,2.9999999989623745,0.3916251764310704,,False,3.0,False,False,True
TBS adaptive diffusion topology alpha=0.01 edge=0.001,N3829,N2942,0.008850259486412142,4,2,2.999999999997491,0.39162517627147586,,False,3.0,False,False,True
TBS adaptive diffusion topology alpha=0.01 edge=0.001,N3829,N3422,0.004662673869122458,4,2,2.999999999997491,0.39162517627147586,,False,3.0,False,False,True
TBS adaptive diffusion topology alpha=0.01 edge=0.001,N3830,N3601,0.0027777386589231397,19,12,17.999999841091594,0.4556526147909584,,False,18.0,False,False,True
TBS adaptive diffusion topology alpha=0.01 edge=0.001,N3830,N3735,0.001253176224556218,19,7,17.999999961000693,0.45565260689160825,,False,18.0,False,False,True
TBS adaptive diffusion topology alpha=0.01 edge=0.001,N3831,L2026,0.014939990243434571,2,1,0.999999999998961,0.3173105078631626,,False,1.0,False,False,True
TBS adaptive diffusion topology alpha=0.01 edge=0.001,N3831,L2087,0.014939990243434571,2,1,0.999999999998961,0.3173105078631626,,False,1.0,False,False,True
TBS adaptive diffusion topology alpha=0.01 edge=0.001,N3832,L2352,0.014960797319967082,5,1,3.9999999999998908,0.406005849709853,,False,4.0,False,False,True
TBS adaptive diffusion topology alpha=0.01 edge=0.001,N3832,N3592,0.0029172554497806096,5,4,3.9999999999851266,0.40600584971185105,,False,4.0,False,False,True
TBS adaptive diffusion topology alpha=0.01 edge=0.001,N3833,N2505,0.014227743381595733,5,2,3.9999999998922044,0.40600584972442655,,False,4.0,False,False,True
TBS adaptive diffusion topology alpha=0.01 edge=0.001,N3833,N3365,0.005170992351300621,5,3,3.9999999995233226,0.4060058497743494,,False,4.0,False,False,True
TBS adaptive diffusion topology alpha=0.01 edge=0.001,N3834,L298,0.01508894059933466,5,1,3.9999999999985847,0.40600584971002973,,False,4.0,False,False,True
TBS adaptive diffusion topology alpha=0.01 edge=0.001,N3834,N3439,0.004713030802296099,5,4,3.999999999309354,0.40600584980330734,,False,4.0,False,False,True
TBS adaptive diffusion topology alpha=0.01 edge=0.001,N3835,L1248,0.015088998186291535,2,1,0.9999999999996252,0.3173105078630019,,False,1.0,False,False,True
TBS adaptive diffusion topology alpha=0.01 edge=0.001,N3835,L1295,0.015088998186291535,2,1,0.9999999999996252,0.3173105078630019,,False,1.0,False,False,True
TBS adaptive diffusion topology alpha=0.01 edge=0.001,N3836,L984,0.015102140487077894,2,1,0.9999999999998814,0.3173105078629399,,False,1.0,False,False,True
TBS adaptive diffusion topology alpha=0.01 edge=0.001,N3836,L1166,0.015102140487077894,2,1,0.9999999999998814,0.3173105078629399,,False,1.0,False,False,True
TBS adaptive diffusion topology alpha=0.01 edge=0.001,N3837,N3542,0.0036080939468492983,7,3,5.999999999558637,0.42319008117628576,,False,6.0,False,False,True
TBS adaptive diffusion topology alpha=0.01 edge=0.001,N3837,N3704,0.0017548460708385187,7,4,5.999999998883397,0.42319008125192625,,False,6.0,False,False,True
TBS adaptive diffusion topology alpha=0.01 edge=0.001,N3838,L2329,0.015127990730079954,2,1,0.999999999964513,0.317310507871498,,False,1.0,False,False,True
TBS adaptive diffusion topology alpha=0.01 edge=0.001,N3838,L2391,0.015127990730079954,2,1,0.999999999964513,0.317310507871498,,False,1.0,False,False,True
TBS adaptive diffusion topology alpha=0.01 edge=0.001,N3839,L761,0.015140474540976435,2,1,0.9999999999991953,0.31731050786310594,0.31731050786310594,False,1.0,False,True,False
TBS adaptive diffusion topology alpha=0.01 edge=0.001,N3839,L1332,0.015140474540976435,2,1,0.9999999999991953,0.31731050786310594,0.31731050786310594,False,1.0,False,True,False
TBS adaptive diffusion topology alpha=0.01 edge=0.001,N3840,N3432,0.004842558767940272,16,9,14.999999982078483,0.4514172125166511,,False,15.0,False,False,True
TBS adaptive diffusion topology alpha=0.01 edge=0.001,N3840,N3594,0.0030894094918815294,16,7,14.999999990770673,0.4514172118905335,,False,15.0,False,False,True
TBS adaptive diffusion topology alpha=0.01 edge=0.001,N3841,L609,0.01515807545070252,6,1,4.999999999987688,0.41588018699701035,,False,5.0,False,False,True
TBS adaptive diffusion topology alpha=0.01 edge=0.001,N3841,N3388,0.005139258437386126,6,5,4.999999976071669,0.41588018991575826,,False,5.0,False,False,True
TBS adaptive diffusion topology alpha=0.01 edge=0.001,N3842,L536,0.015180001765034656,3,1,1.9999999999995577,0.36787944117152377,,False,2.0,False,False,True
TBS adaptive diffusion topology alpha=0.01 edge=0.001,N3842,N3453,0.004671209416255291,3,2,1.9999999999846099,0.3678794411742732,,False,2.0,False,False,True
TBS adaptive diffusion topology alpha=0.01 edge=0.001,N3843,L1084,0.015219358433841045,4,1,2.9999999999992166,0.39162517627120963,,False,3.0,False,False,True
TBS adaptive diffusion topology alpha=0.01 edge=0.001,N3843,N3667,0.002295914929058112,4,3,2.9999999999158034,0.39162517628407045,,False,3.0,False,False,True
TBS adaptive diffusion topology alpha=0.01 edge=0.001,N3844,N3318,0.005802866413386182,13,4,11.999999996624881,0.445679641635672,,False,12.0,False,False,True
TBS adaptive diffusion topology alpha=0.01 edge=0.001,N3844,N3680,0.0021116125655422477,13,9,11.999999967107138,0.4456796440062887,,False,12.0,False,False,True
TBS adaptive diffusion topology alpha=0.01 edge=0.001,N3845,L678,0.015223178333528714,4,1,2.9999999999941007,0.39162517627199855,,False,3.0,False,False,True
TBS adaptive diffusion topology alpha=0.01 edge=0.001,N3845,N3459,0.004627472528957747,4,3,2.9999999987376773,0.39162517646571415,,False,3.0,False,False,True
TBS adaptive diffusion topology alpha=0.01 edge=0.001,N3846,N3136,0.007420028517946303,8,4,6.99999999964868,0.4288798575896339,,False,7.0,False,False,True
TBS adaptive diffusion topology alpha=0.01 edge=0.001,N3846,N3647,0.0025476650163887217,8,4,6.99999999964868,0.4288798575896339,,False,7.0,False,False,True
TBS adaptive diffusion topology alpha=0.01 edge=0.001,N3847,N3549,0.003608554207419921,17,4,15.999999997564359,0.4529608096569856,,False,16.0,False,False,True
TBS adaptive diffusion topology alpha=0.01 edge=0.001,N3847,N3657,0.0024014169487736625,17,13,15.99999994292715,0.4529608134702956,,False,16.0,False,False,True
TBS adaptive diffusion topology alpha=0.01 edge=0.001,N3848,L576,0.015231216026448375,7,1,5.999999999998044,0.4231900811270627,,False,6.0,False,False,True
TBS adaptive diffusion topology alpha=0.01 edge=0.001,N3848,N3627,0.002765666752713676,7,6,5.999999999421993,0.4231900811915924,,False,6.0,False,False,True
TBS adaptive diffusion topology alpha=0.01 edge=0.001,N3849,L228,0.01527823750848801,2,1,0.999999999998471,0.3173105078632812,,False,1.0,False,False,True
TBS adaptive diffusion topology alpha=0.01 edge=0.001,N3849,L378,0.01527823750848801,2,1,0.999999999998471,0.3173105078632812,,False,1.0,False,False,True
TBS adaptive diffusion topology alpha=0.01 edge=0.001,N3850,L1766,0.015330815757929578,2,1,0.9999999999675522,0.31731050787076265,,False,1.0,False,False,True
TBS adaptive diffusion topology alpha=0.01 edge=0.001,N3850,L1794,0.015330815757929578,2,1,0.9999999999675522,0.31731050787076265,,False,1.0,False,False,True
TBS adaptive diffusion topology alpha=0.01 edge=0.001,N3851,N3480,0.004504683500533959,12,7,10.999999995914855,0.4432632787687072,,False,11.0,False,False,True
TBS adaptive diffusion topology alpha=0.01 edge=0.001,N3851,N3619,0.003020442386175473,12,5,10.999999998397561,0.4432632785607129,,False,11.0,False,False,True
TBS adaptive diffusion topology alpha=0.01 edge=0.001,N3852,N3225,0.006766333176019513,12,3,10.999999999334209,0.44326327848224356,,False,11.0,False,False,True
TBS adaptive diffusion topology alpha=0.01 edge=0.001,N3852,N3654,0.002527395987693067,12,9,10.999999984543557,0.4432632797213627,,False,11.0,False,False,True
TBS adaptive diffusion topology alpha=0.01 edge=0.001,N3853,N3430,0.005058062036359299,9,4,7.999999999797182,0.4334701203865209,,False,8.0,False,False,True
TBS adaptive diffusion topology alpha=0.01 edge=0.001,N3853,N3531,0.003963245124559762,9,5,7.999999999625062,0.4334701204033342,,False,8.0,False,False,True
TBS adaptive diffusion topology alpha=0.01 edge=0.001,N3854,N3169,0.007272544869380568,4,2,2.9999999999231406,0.391625176282939,,False,3.0,False,False,True
TBS adaptive diffusion topology alpha=0.01 edge=0.001,N3854,N3765,0.001411876380705215,4,2,2.9999999999231406,0.391625176282939,,False,3.0,False,False,True
TBS adaptive diffusion topology alpha=0.01 edge=0.001,N3855,N3425,0.005129614812784323,18,6,16.999999984889065,0.4543661148144149,,False,17.0,False,False,True
TBS adaptive diffusion topology alpha=0.01 edge=0.001,N3855,N3626,0.002952757694256844,18,12,16.999999906463525,0.45436612012781274,,False,17.0,False,False,True
TBS adaptive diffusion topology alpha=0.01 edge=0.001,N3856,N2565,0.012895391038235874,5,2,3.999999999997936,0.40600584971011744,,False,4.0,False,False,True
TBS adaptive diffusion topology alpha=0.01 edge=0.001,N3856,N3597,0.0033427918776950793,5,3,3.9999999999920273,0.40600584971091713,,False,4.0,False,False,True
TBS adaptive diffusion topology alpha=0.01 edge=0.001,N3857,N3100,0.007983735019294221,5,3,3.999999999637608,0.40600584975888254,,False,4.0,False,False,True
TBS adaptive diffusion topology alpha=0.01 edge=0.001,N3857,N3495,0.004411691077222459,5,2,3.9999999999128435,0.40600584972163367,,False,4.0,False,False,True
TBS adaptive diffusion topology alpha=0.01 edge=0.001,N3858,N2907,0.009710406770005186,4,2,2.999999995422634,0.3916251769768285,,False,3.0,False,False,True
TBS adaptive diffusion topology alpha=0.01 edge=0.001,N3858,N3500,0.004368756362866111,4,2,2.999999995422634,0.3916251769768285,,False,3.0,False,False,True
TBS adaptive diffusion topology alpha=0.01 edge=0.001,N3859,L2219,0.015498121476603996,2,1,0.9999999999998483,0.31731050786294795,,False,1.0,False,False,True
TBS adaptive diffusion topology alpha=0.01 edge=0.001,N3859,L2236,0.015498121476603996,2,1,0.9999999999998483,0.31731050786294795,,False,1.0,False,False,True
TBS adaptive diffusion topology alpha=0.01 edge=0.001,N3860,N3110,0.007906999128570472,7,2,5.999999999947625,0.4231900811327106,,False,6.0,False,False,True
TBS adaptive diffusion topology alpha=0.01 edge=0.001,N3860,N3736,0.001830811458666925,7,5,5.999999999112088,0.4231900812263082,,False,6.0,False,False,True
TBS adaptive diffusion topology alpha=0.01 edge=0.001,N3861,L1169,0.015516453498299365,3,1,1.9999999999997622,0.36787944117148613,,False,2.0,False,False,True
TBS adaptive diffusion topology alpha=0.01 edge=0.001,N3861,N3283,0.006334690163346015,3,2,1.9999999999955473,0.36787944117226135,,False,2.0,False,False,True
TBS adaptive diffusion topology alpha=0.01 edge=0.001,N3862,L610,0.015518493382985818,3,1,1.9999999999992748,0.3678794411715757,,False,2.0,False,False,True
TBS adaptive diffusion topology alpha=0.01 edge=0.001,N3862,N2628,0.012143933317107098,3,2,1.9999999999870788,0.3678794411738191,,False,2.0,False,False,True
TBS adaptive diffusion topology alpha=0.01 edge=0.001,N3863,L697,0.015538161621129072,2,1,0.9999999999998959,0.3173105078629364,,False,1.0,False,False,True
TBS adaptive diffusion topology alpha=0.01 edge=0.001,N3863,L850,0.015538161621129072,2,1,0.9999999999998959,0.3173105078629364,,False,1.0,False,False,True
TBS adaptive diffusion topology alpha=0.01 edge=0.001,N3864,L1814,0.015558103905028426,2,1,0.9999999999995841,0.31731050786301185,,False,1.0,False,False,True
TBS adaptive diffusion topology alpha=0.01 edge=0.001,N3864,L1863,0.015558103905028426,2,1,0.9999999999995841,0.31731050786301185,,False,1.0,False,False,True
TBS adaptive diffusion topology alpha=0.01 edge=0.001,N3865,L2233,0.015569466773055662,2,1,0.999999999999408,0.3173105078630545,,False,1.0,False,False,True
TBS adaptive diffusion topology alpha=0.01 edge=0.001,N3865,L2300,0.015569466773055662,2,1,0.999999999999408,0.3173105078630545,,False,1.0,False,False,True
TBS adaptive diffusion topology alpha=0.01 edge=0.001,N3866,N3304,0.006221529132898815,6,2,4.999999999204654,0.41588018709257335,,False,5.0,False,False,True
TBS adaptive diffusion topology alpha=0.01 edge=0.001,N3866,N3543,0.00405731895599565,6,4,4.999999991048983,0.4158801880879036,,False,5.0,False,False,True
TBS adaptive diffusion topology alpha=0.01 edge=0.001,N3867,L839,0.01558189345144327,2,1,0.9999999999989417,0.3173105078631673,,False,1.0,False,False,True
TBS adaptive diffusion topology alpha=0.01 edge=0.001,N3867,L1088,0.01558189345144327,2,1,0.9999999999989417,0.3173105078631673,,False,1.0,False,False,True
TBS adaptive diffusion topology alpha=0.01 edge=0.001,N3868,N3232,0.006950822118729731,7,3,5.999999999993406,0.4231900811275825,,False,6.0,False,False,True
TBS adaptive diffusion topology alpha=0.01 edge=0.001,N3868,N3551,0.0039631494494002046,7,4,5.999999999983656,0.4231900811286746,,False,6.0,False,False,True
TBS adaptive diffusion topology alpha=0.01 edge=0.001,N3869,L2344,0.015603175463411735,5,1,3.9999999999961036,0.4060058497103657,,False,4.0,False,False,True
TBS adaptive diffusion topology alpha=0.01 edge=0.001,N3869,N3759,0.0016872789579795433,5,4,3.9999999984715062,0.4060058499166975,,False,4.0,False,False,True
TBS adaptive diffusion topology alpha=0.01 edge=0.001,N3870,N3428,0.00535358389839356,5,3,3.999999999868189,0.4060058497276767,,False,4.0,False,False,True
TBS adaptive diffusion topology alpha=0.01 edge=0.001,N3870,N3468,0.004946222676994592,5,2,3.9999999999673355,0.406005849714259,,False,4.0,False,False,True
TBS adaptive diffusion topology alpha=0.01 edge=0.001,N3871,N3310,0.0062798245260730695,14,5,12.999999964938954,0.44781167702771607,,False,13.0,False,False,True
TBS adaptive diffusion topology alpha=0.01 edge=0.001,N3871,N3712,0.0022399574593523386,14,9,12.999999823395315,0.4478116879609906,,False,13.0,False,False,True
TBS adaptive diffusion topology alpha=0.01 edge=0.001,N3872,L2149,0.015656146555255518,2,1,0.9999999999997791,0.3173105078629647,,False,1.0,False,False,True
TBS adaptive diffusion topology alpha=0.01 edge=0.001,N3872,L2165,0.015656146555255518,2,1,0.9999999999997791,0.3173105078629647,,False,1.0,False,False,True
TBS adaptive diffusion topology alpha=0.01 edge=0.001,N3873,N2586,0.012857099983154834,4,2,2.999999999939892,0.3916251762803564,,False,3.0,False,False,True
TBS adaptive diffusion topology alpha=0.01 edge=0.001,N3873,N3565,0.003920585295352286,4,2,2.999999999939892,0.3916251762803564,,False,3.0,False,False,True
TBS adaptive diffusion topology alpha=0.01 edge=0.001,N3874,L2191,0.015692530374077165,2,1,0.9999999999997911,0.31731050786296183,,False,1.0,False,False,True
TBS adaptive diffusion topology alpha=0.01 edge=0.001,N3874,L2231,0.015692530374077165,2,1,0.9999999999997911,0.31731050786296183,,False,1.0,False,False,True
TBS adaptive diffusion topology alpha=0.01 edge=0.001,N3875,L718,0.015701867527809384,3,1,1.999999999997517,0.3678794411718991,,False,2.0,False,False,True
TBS adaptive diffusion topology alpha=0.01 edge=0.001,N3875,N3461,0.005096833031912578,3,2,1.9999999999183002,0.36787944118647026,,False,2.0,False,False,True
TBS adaptive diffusion topology alpha=0.01 edge=0.001,N3876,N3351,0.006016726489821461,17,4,15.999999984868118,0.452960810543098,,False,16.0,False,False,True
TBS adaptive diffusion topology alpha=0.01 edge=0.001,N3876,N3814,0.001073427582893037,17,13,15.99999962638384,0.4529608355628868,,False,16.0,False,False,True
TBS adaptive diffusion topology alpha=0.01 edge=0.001,N3877,N3556,0.004039763322799649,5,3,3.9999999997288698,0.40600584974653153,,False,4.0,False,False,True
TBS adaptive diffusion topology alpha=0.01 edge=0.001,N3877,N3797,0.0012228276853380041,5,2,3.999999999938598,0.406005849718148,,False,4.0,False,False,True
TBS adaptive diffusion topology alpha=0.01 edge=0.001,N3878,L1690,0.015751029386161085,2,1,0.999999999999355,0.3173105078630673,,False,1.0,False,False,True
TBS adaptive diffusion topology alpha=0.01 edge=0.001,N3878,L1975,0.015751029386161085,2,1,0.999999999999355,0.3173105078630673,,False,1.0,False,False,True
TBS adaptive diffusion topology alpha=0.01 edge=0.001,N3879,L1451,0.01575788546178142,5,1,3.99999999999889,0.40600584970998854,,False,4.0,False,False,True
TBS adaptive diffusion topology alpha=0.01 edge=0.001,N3879,N3758,0.0018473432579291995,5,4,3.999999999870651,0.40600584972734377,,False,4.0,False,False,True
TBS adaptive diffusion topology alpha=0.01 edge=0.001,N3880,N3757,0.0018569430867409118,17,15,15.999999973240019,0.45296081135466126,,False,16.0,False,False,True
TBS adaptive diffusion topology alpha=0.01 edge=0.001,N3880,N3789,0.001410266032706523,17,2,15.999999999888825,0.45296080949475315,,False,16.0,False,False,True
TBS adaptive diffusion topology alpha=0.01 edge=0.001,N3881,L1348,0.015788654634892377,3,1,1.9999999999998364,0.36787944117147253,,False,2.0,False,False,True
TBS adaptive diffusion topology alpha=0.01 edge=0.001,N3881,N2977,0.00939887431559516,3,2,1.9999999999977165,0.36787944117186233,,False,2.0,False,False,True
TBS adaptive diffusion topology alpha=0.01 edge=0.001,N3882,L2189,0.015801725427077213,2,1,0.9999999999983842,0.3173105078633023,,False,1.0,False,False,True
TBS adaptive diffusion topology alpha=0.01 edge=0.001,N3882,L2204,0.015801725427077213,2,1,0.9999999999983842,0.3173105078633023,,False,1.0,False,False,True
TBS adaptive diffusion topology alpha=0.01 edge=0.001,N3883,N3138,0.00800463987434517,5,2,3.9999999999982707,0.4060058497100727,,False,4.0,False,False,True
TBS adaptive diffusion topology alpha=0.01 edge=0.001,N3883,N3387,0.005839485820785538,5,3,3.99999999999309,0.40600584971077325,,False,4.0,False,False,True
TBS adaptive diffusion topology alpha=0.01 edge=0.001,N3884,L2011,0.015844188150063523,4,1,2.999999999999788,0.3916251762711215,,False,3.0,False,False,True
TBS adaptive diffusion topology alpha=0.01 edge=0.001,N3884,N3751,0.0019715418733717046,4,3,2.9999999999777978,0.391625176274512,,False,3.0,False,False,True
TBS adaptive diffusion topology alpha=0.01 edge=0.001,N3885,N3249,0.006966361022020404,6,2,4.999999998070216,0.4158801872310216,,False,5.0,False,False,True
TBS adaptive diffusion topology alpha=0.01 edge=0.001,N3885,N3572,0.004042490652718977,6,4,4.999999978179073,0.4158801896585671,,False,5.0,False,False,True
TBS adaptive diffusion topology alpha=0.01 edge=0.001,N3886,L1719,0.015867539568162663,2,1,0.9999999999997209,0.31731050786297876,,False,1.0,False,False,True
TBS adaptive diffusion topology alpha=0.01 edge=0.001,N3886,L1723,0.015867539568162663,2,1,0.9999999999997209,0.31731050786297876,,False,1.0,False,False,True
TBS adaptive diffusion topology alpha=0.01 edge=0.001,N3887,L380,0.0158770553120213,3,1,1.9999999999985714,0.36787944117170507,,False,2.0,False,False,True
TBS adaptive diffusion topology alpha=0.01 edge=0.001,N3887,N3273,0.0067675557580180465,3,2,1.9999999999625928,0.36787944117832305,,False,2.0,False,False,True
TBS adaptive diffusion topology alpha=0.01 edge=0.001,N3888,L706,0.01590949501162765,2,1,0.999999999999073,0.3173105078631356,,False,1.0,False,False,True
TBS adaptive diffusion topology alpha=0.01 edge=0.001,N3888,L1317,0.01590949501162765,2,1,0.999999999999073,0.3173105078631356,,False,1.0,False,False,True
TBS adaptive diffusion topology alpha=0.01 edge=0.001,N3889,L1601,0.015948370757270996,4,1,2.999999999999564,0.39162517627115623,,False,3.0,False,False,True
TBS adaptive diffusion topology alpha=0.01 edge=0.001,N3889,N2603,0.01292237254376256,4,3,2.9999999999693854,0.39162517627580906,,False,3.0,False,False,True
TBS adaptive diffusion topology alpha=0.01 edge=0.001,N3890,N3143,0.008174841197941384,4,2,2.999999999995873,0.3916251762717252,,False,3.0,False,False,True
TBS adaptive diffusion topology alpha=0.01 edge=0.001,N3890,N3460,0.0054197646535826234,4,2,2.999999999995873,0.3916251762717252,,False,3.0,False,False,True
TBS adaptive diffusion topology alpha=0.01 edge=0.001,N3891,L1428,0.01604887551493024,2,1,0.9999999999999651,0.3173105078629197,,False,1.0,False,False,True
TBS adaptive diffusion topology alpha=0.01 edge=0.001,N3891,L1587,0.01604887551493024,2,1,0.9999999999999651,0.3173105078629197,,False,1.0,False,False,True
TBS adaptive diffusion topology alpha=0.01 edge=0.001,N3892,L2390,0.016067599939948905,3,1,1.999999999999663,0.36787944117150445,,False,2.0,False,False,True
TBS adaptive diffusion topology alpha=0.01 edge=0.001,N3892,N3831,0.0011276096965143342,3,2,1.9999999999974651,0.3678794411719087,,False,2.0,False,False,True
TBS adaptive diffusion topology alpha=0.01 edge=0.001,N3893,N3399,0.005959415852446355,15,7,13.999999953111992,0.4497110593419208,,False,14.0,False,False,True
TBS adaptive diffusion topology alpha=0.01 edge=0.001,N3893,N3768,0.0020343579500902713,15,8,13.99999993297752,0.44971106084196666,,False,14.0,False,False,True
TBS adaptive diffusion topology alpha=0.01 edge=0.001,N3894,L1653,0.016132801267563925,2,1,0.9999999999999398,0.3173105078629258,,False,1.0,False,False,True
TBS adaptive diffusion topology alpha=0.01 edge=0.001,N3894,L1788,0.016132801267563925,2,1,0.9999999999999398,0.3173105078629258,,False,1.0,False,False,True
TBS adaptive diffusion topology alpha=0.01 edge=0.001,N3895,L921,0.01615779190412495,2,1,0.9999999999999662,0.3173105078629194,,False,1.0,False,False,True
TBS adaptive diffusion topology alpha=0.01 edge=0.001,N3895,L1205,0.01615779190412495,2,1,0.9999999999999662,0.3173105078629194,,False,1.0,False,False,True
TBS adaptive diffusion topology alpha=0.01 edge=0.001,N3896,N2850,0.0108467345633111,6,3,4.999999999836907,0.4158801870154121,,False,5.0,False,False,True
TBS adaptive diffusion topology alpha=0.01 edge=0.001,N3896,N3295,0.006862703903363963,6,3,4.999999999836905,0.4158801870154123,,False,5.0,False,False,True
TBS adaptive diffusion topology alpha=0.01 edge=0.001,N3897,N3274,0.007090273738080207,4,2,2.9999999999358296,0.3916251762809826,,False,3.0,False,False,True
TBS adaptive diffusion topology alpha=0.01 edge=0.001,N3897,N3537,0.004764823050029633,4,2,2.9999999999358296,0.3916251762809826,,False,3.0,False,False,True
TBS adaptive diffusion topology alpha=0.01 edge=0.001,N3898,L763,0.016213532388824826,2,1,0.9999999999998901,0.31731050786293785,,False,1.0,False,False,True
TBS adaptive diffusion topology alpha=0.01 edge=0.001,N3898,L867,0.016213532388824826,2,1,0.9999999999998901,0.31731050786293785,,False,1.0,False,False,True
TBS adaptive diffusion topology alpha=0.01 edge=0.001,N3899,L406,0.016223576078380066,2,1,0.9999999984493786,0.3173105082381162,,False,1.0,False,False,True
TBS adaptive diffusion topology alpha=0.01 edge=0.001,N3899,L583,0.016223576078380066,2,1,0.9999999984493786,0.3173105082381162,,False,1.0,False,False,True
TBS adaptive diffusion topology alpha=0.01 edge=0.001,N3900,L2377,0.01622860041700466,2,1,0.9999999999981413,0.317310507863361,,False,1.0,False,False,True
TBS adaptive diffusion topology alpha=0.01 edge=0.001,N3900,L2379,0.01622860041700466,2,1,0.9999999999981413,0.317310507863361,,False,1.0,False,False,True
TBS adaptive diffusion topology alpha=0.01 edge=0.001,N3901,L2325,0.016240499510713702,2,1,0.9999999999999689,0.31731050786291876,,False,1.0,False,False,True
TBS adaptive diffusion topology alpha=0.01 edge=0.001,N3901,L2342,0.016240499510713702,2,1,0.9999999999999689,0.31731050786291876,,False,1.0,False,False,True
TBS adaptive diffusion topology alpha=0.01 edge=0.001,N3902,L2414,0.016241424772778658,2,1,0.9999999999995539,0.3173105078630192,,False,1.0,False,False,True
TBS adaptive diffusion topology alpha=0.01 edge=0.001,N3902,L2451,0.016241424772778658,2,1,0.9999999999995539,0.3173105078630192,,False,1.0,False,False,True
TBS adaptive diffusion topology alpha=0.01 edge=0.001,N3903,L487,0.016241677052260275,2,1,0.9999999999998652,0.31731050786294385,,False,1.0,False,False,True
TBS adaptive diffusion topology alpha=0.01 edge=0.001,N3903,L1504,0.016241677052260275,2,1,0.9999999999998652,0.31731050786294385,,False,1.0,False,False,True
TBS adaptive diffusion topology alpha=0.01 edge=0.001,N3904,N3584,0.004331670951977117,19,13,17.999999984839967,0.45565260532112917,,False,18.0,False,False,True
TBS adaptive diffusion topology alpha=0.01 edge=0.001,N3904,N3841,0.0010946382679997496,19,6,17.999999997802608,0.45565260446717804,,False,18.0,False,False,True
TBS adaptive diffusion topology alpha=0.01 edge=0.001,N3905,L2110,0.016329839529051083,2,1,0.9999999999998743,0.3173105078629416,,False,1.0,False,False,True
TBS adaptive diffusion topology alpha=0.01 edge=0.001,N3905,L2387,0.016329839529051083,2,1,0.9999999999998743,0.3173105078629416,,False,1.0,False,False,True
TBS adaptive diffusion topology alpha=0.01 edge=0.001,N3906,L348,0.01633806600997225,4,1,2.9999999999987472,0.3916251762712819,,False,3.0,False,False,True
TBS adaptive diffusion topology alpha=0.01 edge=0.001,N3906,N3547,0.00473518649999892,4,3,2.9999999999281965,0.39162517628215954,,False,3.0,False,False,True
TBS adaptive diffusion topology alpha=0.01 edge=0.001,N3907,L582,0.01634861120276248,3,1,1.9999999999892544,0.3678794411734189,,False,2.0,False,False,True
TBS adaptive diffusion topology alpha=0.01 edge=0.001,N3907,N3729,0.002768783016950807,3,2,1.9999999995742803,0.36787944124974914,,False,2.0,False,False,True
TBS adaptive diffusion topology alpha=0.01 edge=0.001,N3908,L1665,0.01636392497191232,3,1,1.9999999999971423,0.36787944117196797,,False,2.0,False,False,True
TBS adaptive diffusion topology alpha=0.01 edge=0.001,N3908,N3359,0.0066104208407860065,3,2,1.9999999998859144,0.3678794411924272,,False,2.0,False,False,True
TBS adaptive diffusion topology alpha=0.01 edge=0.001,N3909,L1761,0.016370673280637425,2,1,0.9999999999997056,0.3173105078629825,,False,1.0,False,False,True
TBS adaptive diffusion topology alpha=0.01 edge=0.001,N3909,L1973,0.016370673280637425,2,1,0.9999999999997056,0.3173105078629825,,False,1.0,False,False,True
TBS adaptive diffusion topology alpha=0.01 edge=0.001,N3910,L974,0.01639893617238265,2,1,0.9999999999967522,0.31731050786369713,,False,1.0,False,False,True
TBS adaptive diffusion topology alpha=0.01 edge=0.001,N3910,L1018,0.01639893617238265,2,1,0.9999999999967522,0.31731050786369713,,False,1.0,False,False,True
TBS adaptive diffusion topology alpha=0.01 edge=0.001,N3911,L415,0.016430247283877798,2,1,0.9999999999999101,0.31731050786293297,,False,1.0,False,False,True
TBS adaptive diffusion topology alpha=0.01 edge=0.001,N3911,L1468,0.016430247283877798,2,1,0.9999999999999101,0.31731050786293297,,False,1.0,False,False,True
TBS adaptive diffusion topology alpha=0.01 edge=0.001,N3912,N3089,0.009055125325958122,8,4,6.999999999691661,0.4288798575851587,,False,7.0,False,False,True
TBS adaptive diffusion topology alpha=0.01 edge=0.001,N3912,N3527,0.005105894239121712,8,4,6.999999999691661,0.4288798575851587,,False,7.0,False,False,True
TBS adaptive diffusion topology alpha=0.01 edge=0.001,N3913,L1843,0.01647403573125643,4,1,2.9999999999968923,0.3916251762715681,,False,3.0,False,False,True
TBS adaptive diffusion topology alpha=0.01 edge=0.001,N3913,N3560,0.0047597229847311144,4,3,2.999999999721621,0.3916251763140094,,False,3.0,False,False,True
TBS adaptive diffusion topology alpha=0.01 edge=0.001,N3914,L233,0.016502493481002155,5,1,3.999999999999406,0.4060058497099185,,False,4.0,False,False,True
TBS adaptive diffusion topology alpha=0.01 edge=0.001,N3914,N3644,0.0038475570337295514,5,4,3.9999999999200067,0.4060058497206641,,False,4.0,False,False,True
TBS adaptive diffusion topology alpha=0.01 edge=0.001,N3915,N3564,0.0047509313822275785,5,2,3.999999996434582,0.4060058501923651,,False,4.0,False,False,True
TBS adaptive diffusion topology alpha=0.01 edge=0.001,N3915,N3676,0.0034383680359021582,5,3,3.999999984215106,0.4060058518460914,,False,4.0,False,False,True
TBS adaptive diffusion topology alpha=0.01 edge=0.001,N3916,L2045,0.01653971666025488,2,1,0.9999999999999725,0.31731050786291787,,False,1.0,False,False,True
TBS adaptive diffusion topology alpha=0.01 edge=0.001,N3916,L2161,0.01653971666025488,2,1,0.9999999999999725,0.31731050786291787,,False,1.0,False,False,True
TBS adaptive diffusion topology alpha=0.01 edge=0.001,N3917,L2168,0.016555105135900652,3,1,1.9999999999463565,0.3678794411813095,,False,2.0,False,False,True
TBS adaptive diffusion topology alpha=0.01 edge=0.001,N3917,N3727,0.0030043671452196856,3,2,1.999999997769903,0.3678794415816458,,False,2.0,False,False,True
TBS adaptive diffusion topology alpha=0.01 edge=0.001,N3918,N3328,0.0070184060233986715,10,3,8.999999999897383,0.4372741889233397,,False,9.0,False,False,True
TBS adaptive diffusion topology alpha=0.01 edge=0.001,N3918,N3652,0.0037767626378673574,10,7,8.999999998821737,0.4372741890226314,,False,9.0,False,False,True
TBS adaptive diffusion topology alpha=0.01 edge=0.001,N3919,N3014,0.009762821219825225,4,2,2.9999999999575104,0.39162517627764026,,False,3.0,False,False,True
TBS adaptive diffusion topology alpha=0.01 edge=0.001,N3919,N3559,0.004847294988217023,4,2,2.9999999999575104,0.39162517627764026,,False,3.0,False,False,True
TBS adaptive diffusion topology alpha=0.01 edge=0.001,N3920,L854,0.016573997723153096,4,1,2.9999999999985416,0.39162517627131377,,False,3.0,False,False,True
TBS adaptive diffusion topology alpha=0.01 edge=0.001,N3920,N3573,0.004755753547501066,4,3,2.9999999997010685,0.3916251763171784,,False,3.0,False,False,True
TBS adaptive diffusion topology alpha=0.01 edge=0.001,N3921,N2885,0.011017743452763672,5,2,3.999999993866536,0.40600585053991234,,False,4.0,False,False,True
TBS adaptive diffusion topology alpha=0.01 edge=0.001,N3921,N3383,0.00664767288229287,5,3,3.999999972828086,0.406005853387157,,False,4.0,False,False,True
TBS adaptive diffusion topology alpha=0.01 edge=0.001,N3922,L1007,0.016584179335217875,2,1,0.9999999999996376,0.31731050786299886,,False,1.0,False,False,True
TBS adaptive diffusion topology alpha=0.01 edge=0.001,N3922,L1193,0.016584179335217875,2,1,0.9999999999996376,0.31731050786299886,,False,1.0,False,False,True
TBS adaptive diffusion topology alpha=0.01 edge=0.001,N3923,L149,0.016591021278987293,7,1,5.999999999999172,0.42319008112693657,,False,6.0,False,False,True
TBS adaptive diffusion topology alpha=0.01 edge=0.001,N3923,N3825,0.001773698106635355,7,6,5.999999999033138,0.42319008123515245,,False,6.0,False,False,True
TBS adaptive diffusion topology alpha=0.01 edge=0.001,N3924,L2491,0.016630059972599167,3,1,1.9999999999999527,0.367879441171451,,False,2.0,False,False,True
TBS adaptive diffusion topology alpha=0.01 edge=0.001,N3924,N3005,0.009917358209599929,3,2,1.9999999999996203,0.3678794411715122,,False,2.0,False,False,True
TBS adaptive diffusion topology alpha=0.01 edge=0.001,N3925,N3252,0.0077314192753435255,5,2,3.9999999999984586,0.40600584971004705,,False,4.0,False,False,True
TBS adaptive diffusion topology alpha=0.01 edge=0.001,N3925,N3710,0.00324130431857958,5,3,3.9999999999935456,0.40600584971071185,,False,4.0,False,False,True
TBS adaptive diffusion topology alpha=0.01 edge=0.001,N3926,L387,0.016658647490511554,2,1,0.9999999999883127,0.3173105078657392,,False,1.0,False,False,True
TBS adaptive diffusion topology alpha=0.01 edge=0.001,N3926,L510,0.016658647490511554,2,1,0.9999999999883127,0.3173105078657392,,False,1.0,False,False,True
TBS adaptive diffusion topology alpha=0.01 edge=0.001,N3927,L781,0.01667646661938638,3,1,1.9999999999994855,0.36787944117153704,,False,2.0,False,False,True
TBS adaptive diffusion topology alpha=0.01 edge=0.001,N3927,N2905,0.010922648988783057,3,2,1.9999999999900895,0.36787944117326526,,False,2.0,False,False,True
TBS adaptive diffusion topology alpha=0.01 edge=0.001,N3928,L1836,0.016679001382794326,5,1,3.9999999999999125,0.4060058497098499,,False,4.0,False,False,True
TBS adaptive diffusion topology alpha=0.01 edge=0.001,N3928,N3766,0.0026554166853667073,5,4,3.999999999976703,0.40600584971299103,,False,4.0,False,False,True
TBS adaptive diffusion topology alpha=0.01 edge=0.001,N3929,L1915,0.01670563870216337,5,1,3.9999999999969145,0.40600584971025555,,False,4.0,False,False,True
TBS adaptive diffusion topology alpha=0.01 edge=0.001,N3929,N3737,0.003020830050717672,5,4,3.999999997761985,0.4060058500127208,,False,4.0,False,False,True
TBS adaptive diffusion topology alpha=0.01 edge=0.001,N3930,L138,0.016706889991946815,2,1,0.9999999999997431,0.31731050786297343,,False,1.0,False,False,True
TBS adaptive diffusion topology alpha=0.01 edge=0.001,N3930,L1377,0.016706889991946815,2,1,0.9999999999997431,0.31731050786297343,,False,1.0,False,False,True
TBS adaptive diffusion topology alpha=0.01 edge=0.001,N3931,N3583,0.004854394000235404,10,6,8.999999926481587,0.4372741957002836,,False,9.0,False,False,True
TBS adaptive diffusion topology alpha=0.01 edge=0.001,N3931,N3631,0.004232697365935416,10,4,8.999999977684045,0.43727419097383224,,False,9.0,False,False,True
TBS adaptive diffusion topology alpha=0.01 edge=0.001,N3932,L729,0.01678378088998798,2,1,0.999999999999293,0.31731050786308224,,False,1.0,False,False,True
TBS adaptive diffusion topology alpha=0.01 edge=0.001,N3932,L1255,0.01678378088998798,2,1,0.999999999999293,0.31731050786308224,,False,1.0,False,False,True
TBS adaptive diffusion topology alpha=0.01 edge=0.001,N3933,N3557,0.005100120532401866,13,4,11.999999994259468,0.445679641825642,,False,12.0,False,False,True
TBS adaptive diffusion topology alpha=0.01 edge=0.001,N3933,N3609,0.004565420338733236,13,9,11.999999944516809,0.4456796458205535,,False,12.0,False,False,True
TBS adaptive diffusion topology alpha=0.01 edge=0.001,N3934,L1404,0.016846977994214644,4,1,2.9999999999954268,0.39162517627179383,,False,3.0,False,False,True
TBS adaptive diffusion topology alpha=0.01 edge=0.001,N3934,N3862,0.0013284846112288254,4,3,2.9999999990989767,0.3916251764100088,,False,3.0,False,False,True
TBS adaptive diffusion topology alpha=0.01 edge=0.001,N3935,L1185,0.016851417166753906,5,1,3.99999999999863,0.40600584971002385,,False,4.0,False,False,True
TBS adaptive diffusion topology alpha=0.01 edge=0.001,N3935,N3828,0.001944493197600909,5,4,3.9999999995864766,0.40600584976580256,,False,4.0,False,False,True
TBS adaptive diffusion topology alpha=0.01 edge=0.001,N3936,L1373,0.016884885529295783,3,1,1.9999999999969194,0.3678794411720089,,False,2.0,False,False,True
TBS adaptive diffusion topology alpha=0.01 edge=0.001,N3936,N3612,0.004633920532638749,3,2,1.9999999998834312,0.36787944119288396,,False,2.0,False,False,True
TBS adaptive diffusion topology alpha=0.01 edge=0.001,N3937,L2008,0.016910626678051346,2,1,0.9999999999996423,0.31731050786299775,,False,1.0,False,False,True
TBS adaptive diffusion topology alpha=0.01 edge=0.001,N3937,L2136,0.016910626678051346,2,1,0.9999999999996423,0.31731050786299775,,False,1.0,False,False,True
TBS adaptive diffusion topology alpha=0.01 edge=0.001,N3938,L2038,0.016944266735294193,3,1,1.9999999999997027,0.36787944117149707,,False,2.0,False,False,True
TBS adaptive diffusion topology alpha=0.01 edge=0.001,N3938,N3812,0.0023013653646237016,3,2,1.9999999999944906,0.3678794411724557,,False,2.0,False,False,True
TBS adaptive diffusion topology alpha=0.01 edge=0.001,N3939,L588,0.01695407251545958,3,1,1.9999999999991958,0.3678794411715903,,False,2.0,False,False,True
TBS adaptive diffusion topology alpha=0.01 edge=0.001,N3939,N3120,0.009277948019735966,3,2,1.9999999999814555,0.3678794411748534,,False,2.0,False,False,True
TBS adaptive diffusion topology alpha=0.01 edge=0.001,N3940,N3633,0.004397010535255875,16,8,43598026922.18893,0.0,,False,15.0,False,False,True
TBS adaptive diffusion topology alpha=0.01 edge=0.001,N3940,N3807,0.0023698159865773285,16,8,43598026922.18893,0.0,,False,15.0,False,False,True
TBS adaptive diffusion topology alpha=0.01 edge=0.001,N3941,L1146,0.016982597277161417,3,1,1.9999999999997682,0.3678794411714851,,False,2.0,False,False,True
TBS adaptive diffusion topology alpha=0.01 edge=0.001,N3941,N3669,0.004037156101125118,3,2,1.999999999996718,0.36787944117204596,,False,2.0,False,False,True
TBS adaptive diffusion topology alpha=0.01 edge=0.001,N3942,L1036,0.01698430477249791,6,1,4.999999999999138,0.41588018699561324,,False,5.0,False,False,True
TBS adaptive diffusion topology alpha=0.01 edge=0.001,N3942,N3437,0.006628050982126771,6,5,4.999999999389311,0.4158801870700375,,False,5.0,False,False,True
TBS adaptive diffusion topology alpha=0.01 edge=0.001,N3943,L2313,0.017052217002006136,2,1,0.9999999999992986,0.317310507863081,,False,1.0,False,False,True
TBS adaptive diffusion topology alpha=0.01 edge=0.001,N3943,L2330,0.017052217002006136,2,1,0.9999999999992986,0.317310507863081,,False,1.0,False,False,True
TBS adaptive diffusion topology alpha=0.01 edge=0.001,N3944,L1135,0.0170668876863229,3,1,1.9999999999995675,0.367879441171522,,False,2.0,False,False,True
TBS adaptive diffusion topology alpha=0.01 edge=0.001,N3944,N3326,0.007529064277088629,3,2,1.9999999999933489,0.36787944117266563,,False,2.0,False,False,True
TBS adaptive diffusion topology alpha=0.01 edge=0.001,N3945,N3739,0.0033832201904801414,17,5,15.999999992782863,0.45296080999070176,,False,16.0,False,False,True
TBS adaptive diffusion topology alpha=0.01 edge=0.001,N3945,N3826,0.002256998934724947,17,12,15.999999926639799,0.45296081460704285,,False,16.0,False,False,True
TBS adaptive diffusion topology alpha=0.01 edge=0.001,N3946,L215,0.01710630883827763,4,1,2.99999999998945,0.39162517627271554,,False,3.0,False,False,True
TBS adaptive diffusion topology alpha=0.01 edge=0.001,N3946,N3659,0.004258696901341545,4,3,2.999999997752032,0.3916251766176815,,False,3.0,False,False,True
TBS adaptive diffusion topology alpha=0.01 edge=0.001,N3947,L1293,0.017161252479458957,4,1,2.99999999999895,0.3916251762712508,,False,3.0,False,False,True
TBS adaptive diffusion topology alpha=0.01 edge=0.001,N3947,N3386,0.0071867282550036075,4,3,2.9999999999190297,0.39162517628357296,,False,3.0,False,False,True
TBS adaptive diffusion topology alpha=0.01 edge=0.001,N3948,N2786,0.012296854536613815,7,2,5.999999999928107,0.423190081134897,,False,6.0,False,False,True
TBS adaptive diffusion topology alpha=0.01 edge=0.001,N3948,N3762,0.0032529958681370382,7,5,5.999999998436026,0.4231900813020416,,False,6.0,False,False,True
TBS adaptive diffusion topology alpha=0.01 edge=0.001,N3949,L876,0.017198568530971913,3,1,1.999999999955719,0.3678794411795873,,False,2.0,False,False,True
TBS adaptive diffusion topology alpha=0.01 edge=0.001,N3949,N3581,0.005333119862842998,3,2,1.9999999981834555,0.36787944150557705,,False,2.0,False,False,True
TBS adaptive diffusion topology alpha=0.01 edge=0.001,N3950,N3706,0.0038396520967040426,14,11,12.999999960477524,0.4478116773723311,,False,13.0,False,False,True
TBS adaptive diffusion topology alpha=0.01 edge=0.001,N3950,N3941,0.00022119697985532457,14,3,12.99999999902529,0.4478116743947812,,False,13.0,False,False,True
TBS adaptive diffusion topology alpha=0.01 edge=0.001,N3951,N3379,0.007308657238657939,7,3,5.999999997787474,0.42319008137469283,,False,6.0,False,False,True
TBS adaptive diffusion topology alpha=0.01 edge=0.001,N3951,N3561,0.005498368632956713,7,4,5.999999994404738,0.4231900817536298,,False,6.0,False,False,True
TBS adaptive diffusion topology alpha=0.01 edge=0.001,N3952,N3488,0.006272748670724479,17,8,32127924320.879005,0.0,,False,16.0,False,False,True
TBS adaptive diffusion topology alpha=0.01 edge=0.001,N3952,N3634,0.004644011818829669,17,9,25385095428.394344,0.0,,False,16.0,False,False,True
TBS adaptive diffusion topology alpha=0.01 edge=0.001,N3953,N3385,0.007278121983634783,5,2,3.999999999959773,0.40600584971528253,,False,4.0,False,False,True
TBS adaptive diffusion topology alpha=0.01 edge=0.001,N3953,N3875,0.0015377479596284706,5,3,3.999999999826499,0.4060058497333191,,False,4.0,False,False,True
TBS adaptive diffusion topology alpha=0.01 edge=0.001,N3954,L1480,0.01728664314121692,3,1,1.99999999999993,0.3678794411714552,,False,2.0,False,False,True
TBS adaptive diffusion topology alpha=0.01 edge=0.001,N3954,N3625,0.004865629621624481,3,2,1.9999999999992168,0.36787944117158644,,False,2.0,False,False,True
TBS adaptive diffusion topology alpha=0.01 edge=0.001,N3955,L453,0.017289361098483114,8,1,6.99999999999125,0.4288798575539655,,False,7.0,False,False,True
TBS adaptive diffusion topology alpha=0.01 edge=0.001,N3955,N3358,0.007541530732894884,8,7,6.999999956810366,0.42887986204994966,,False,7.0,False,False,True
TBS adaptive diffusion topology alpha=0.01 edge=0.001,N3956,N3347,0.007630117843252266,7,4,5.999999999358519,0.4231900811987028,,False,6.0,False,False,True
TBS adaptive diffusion topology alpha=0.01 edge=0.001,N3956,N3791,0.0028687756416792805,7,3,5.9999999997444,0.4231900811554762,,False,6.0,False,False,True
TBS adaptive diffusion topology alpha=0.01 edge=0.001,N3957,N3282,0.008170922237943514,33,10,418.9341537948162,4.118144533006226e-70,,False,30.0,False,False,True
TBS adaptive diffusion topology alpha=0.01 edge=0.001,N3957,N3705,0.003981805917019076,33,23,418.93413320334224,4.1181841130570186e-70,,False,30.0,False,False,True
TBS adaptive diffusion topology alpha=0.01 edge=0.001,N3958,L575,0.01736949699712105,3,1,1.9999999999993194,0.36787944117156757,,False,2.0,False,False,True
TBS adaptive diffusion topology alpha=0.01 edge=0.001,N3958,N3568,0.005592602073463661,3,2,1.9999999999902769,0.3678794411732308,,False,2.0,False,False,True
TBS adaptive diffusion topology alpha=0.01 edge=0.001,N3959,N3211,0.008946756405435758,11,3,9.999999999472925,0.4404932851114546,,False,10.0,False,False,True
TBS adaptive diffusion topology alpha=0.01 edge=0.001,N3959,N3677,0.004303813418239342,11,8,9.99999999042977,0.44049328590484405,,False,10.0,False,False,True
TBS adaptive diffusion topology alpha=0.01 edge=0.001,N3960,L477,0.01739743600179616,3,1,1.999999999999934,0.36787944117145444,,False,2.0,False,False,True
TBS adaptive diffusion topology alpha=0.01 edge=0.001,N3960,N3035,0.010437724520069878,3,2,1.9999999999991471,0.3678794411715993,,False,2.0,False,False,True
TBS adaptive diffusion topology alpha=0.01 edge=0.001,N3961,N3800,0.002855224766391613,16,5,14.999999997481053,0.45141721140716995,,False,15.0,False,False,True
TBS adaptive diffusion topology alpha=0.01 edge=0.001,N3961,N3801,0.0028510652907953967,16,11,14.99999998045411,0.45141721263365886,,False,15.0,False,False,True
TBS adaptive diffusion topology alpha=0.01 edge=0.001,N3962,L2320,0.017413988771458874,2,1,0.9999999999996456,0.3173105078629969,,False,1.0,False,False,True
TBS adaptive diffusion topology alpha=0.01 edge=0.001,N3962,L2327,0.017413988771458874,2,1,0.9999999999996456,0.3173105078629969,,False,1.0,False,False,True
TBS adaptive diffusion topology alpha=0.01 edge=0.001,N3963,N3586,0.005450773708343406,20,10,4179081461.146106,0.0,,False,19.0,False,False,True
TBS adaptive diffusion topology alpha=0.01 edge=0.001,N3963,N3793,0.002959548528955977,20,10,4179081461.146118,0.0,,False,19.0,False,False,True
TBS adaptive diffusion topology alpha=0.01 edge=0.001,N3964,L304,0.017437406904513418,8,1,6.999999999988698,0.4288798575542315,,False,7.0,False,False,True
TBS adaptive diffusion topology alpha=0.01 edge=0.001,N3964,N3767,0.0034105077186847342,8,7,6.999999939608368,0.4288798638410175,,False,7.0,False,False,True
TBS adaptive diffusion topology alpha=0.01 edge=0.001,N3965,L235,0.01744259200164073,5,1,3.9999999999960405,0.406005849710374,,False,4.0,False,False,True
TBS adaptive diffusion topology alpha=0.01 edge=0.001,N3965,N3808,0.0028258373967428095,5,4,3.9999999974111455,0.40600585006020184,,False,4.0,False,False,True
TBS adaptive diffusion topology alpha=0.01 edge=0.001,N3966,L1221,0.017459404966550154,4,1,2.999999999999543,0.39162517627115934,,False,3.0,False,False,True
TBS adaptive diffusion topology alpha=0.01 edge=0.001,N3966,N3810,0.002829606645342053,4,3,2.9999999999518554,0.391625176278512,,False,3.0,False,False,True
TBS adaptive diffusion topology alpha=0.01 edge=0.001,N3967,L1056,0.017464522011402108,4,1,2.9999999999962164,0.39162517627167215,,False,3.0,False,False,True
TBS adaptive diffusion topology alpha=0.01 edge=0.001,N3967,N3614,0.005204486201125422,4,3,2.99999999953871,0.3916251763422107,,False,3.0,False,False,True
TBS adaptive diffusion topology alpha=0.01 edge=0.001,N3968,L1620,0.017468204317383523,3,1,1.9999999999990472,0.36787944117161764,,False,2.0,False,False,True
TBS adaptive diffusion topology alpha=0.01 edge=0.001,N3968,N3301,0.008122025302128678,3,2,1.9999999999710678,0.367879441176764,,False,2.0,False,False,True
TBS adaptive diffusion topology alpha=0.01 edge=0.001,N3969,L225,0.01749637896928872,6,1,4.999999999995588,0.41588018699604656,,False,5.0,False,False,True
TBS adaptive diffusion topology alpha=0.01 edge=0.001,N3969,N3645,0.004835530815149117,6,5,4.999999993968241,0.41588018773163304,,False,5.0,False,False,True
TBS adaptive diffusion topology alpha=0.01 edge=0.001,N3970,L2253,0.017507073184064997,4,1,2.9999999999996048,0.3916251762711499,,False,3.0,False,False,True
TBS adaptive diffusion topology alpha=0.01 edge=0.001,N3970,N3498,0.0064205413745170884,4,3,2.999999999910983,0.3916251762848135,,False,3.0,False,False,True
TBS adaptive diffusion topology alpha=0.01 edge=0.001,N3971,L1106,0.01757169022272864,4,1,2.999999999999731,0.39162517627113047,,False,3.0,False,False,True
TBS adaptive diffusion topology alpha=0.01 edge=0.001,N3971,N3726,0.00402745876489068,4,3,2.999999999957716,0.3916251762776082,,False,3.0,False,False,True
TBS adaptive diffusion topology alpha=0.01 edge=0.001,N3972,L1792,0.017609333327551196,5,1,3.999999999999384,0.4060058497099216,,False,4.0,False,False,True
TBS adaptive diffusion topology alpha=0.01 edge=0.001,N3972,N3628,0.005122823972990786,5,4,3.9999999996842326,0.4060058497525726,,False,4.0,False,False,True
TBS adaptive diffusion topology alpha=0.01 edge=0.001,N3973,N3761,0.0036915577259249662,24,8,8637260141.05431,0.0,,False,23.0,False,False,True
TBS adaptive diffusion topology alpha=0.01 edge=0.001,N3973,N3940,0.0006546310507004041,24,16,2159304382.905377,0.0,,False,23.0,False,False,True
TBS adaptive diffusion topology alpha=0.01 edge=0.001,N3974,L1847,0.017617617982452552,2,1,0.9999999999998246,0.31731050786295373,,False,1.0,False,False,True
TBS adaptive diffusion topology alpha=0.01 edge=0.001,N3974,L1974,0.017617617982452552,2,1,0.9999999999998246,0.31731050786295373,,False,1.0,False,False,True
TBS adaptive diffusion topology alpha=0.01 edge=0.001,N3975,N3668,0.004692876114140946,23,10,52037727354.251755,0.0,,False,22.0,False,False,True
TBS adaptive diffusion topology alpha=0.01 edge=0.001,N3975,N3786,0.0033211200829494493,23,13,30791565996.831787,0.0,,False,22.0,False,False,True
TBS adaptive diffusion topology alpha=0.01 edge=0.001,N3976,L963,0.017651340608797625,4,1,2.9999999999980704,0.3916251762713864,,False,3.0,False,False,True
TBS adaptive diffusion topology alpha=0.01 edge=0.001,N3976,N3234,0.008975323542357036,4,3,2.999999999583529,0.3916251763353005,,False,3.0,False,False,True
TBS adaptive diffusion topology alpha=0.01 edge=0.001,N3977,N3478,0.0068468111191578454,10,5,8.999999989095429,0.43727418992045797,,False,9.0,False,False,True
TBS adaptive diffusion topology alpha=0.01 edge=0.001,N3977,N3733,0.004026805095566589,10,5,8.99999998909544,0.4372741899204572,,False,9.0,False,False,True
TBS adaptive diffusion topology alpha=0.01 edge=0.001,N3978,L303,0.01766531821010147,3,1,1.9999999999999496,0.3678794411714517,,False,2.0,False,False,True
TBS adaptive diffusion topology alpha=0.01 edge=0.001,N3978,N3849,0.0023870807016134602,3,2,1.9999999999993385,0.367879441171564,,False,2.0,False,False,True
TBS adaptive diffusion topology alpha=0.01 edge=0.001,N3979,L108,0.017665658616991795,9,1,7.999999999962623,0.43347012037036015,,False,8.0,False,False,True
TBS adaptive diffusion topology alpha=0.01 edge=0.001,N3979,N3678,0.004567519237790162,9,8,7.99999957520005,0.43347016186261667,,False,8.0,False,False,True
TBS adaptive diffusion topology alpha=0.01 edge=0.001,N3980,L2080,0.017759195604872192,2,1,0.9999999999999667,0.31731050786291926,,False,1.0,False,False,True
TBS adaptive diffusion topology alpha=0.01 edge=0.001,N3980,L2402,0.017759195604872192,2,1,0.9999999999999667,0.31731050786291926,,False,1.0,False,False,True
TBS adaptive diffusion topology alpha=0.01 edge=0.001,N3981,L654,0.017778213713171995,3,1,1.999999999999594,0.36787944117151705,,False,2.0,False,False,True
TBS adaptive diffusion topology alpha=0.01 edge=0.001,N3981,N2900,0.012090599943149925,3,2,1.9999999999905562,0.36787944117317933,,False,2.0,False,False,True
TBS adaptive diffusion topology alpha=0.01 edge=0.001,N3982,L2021,0.017780353095140252,3,1,1.9999999999912876,0.3678794411730448,,False,2.0,False,False,True
TBS adaptive diffusion topology alpha=0.01 edge=0.001,N3982,N2604,0.014726182320064675,3,2,1.9999999996380964,0.36787944123801075,,False,2.0,False,False,True
TBS adaptive diffusion topology alpha=0.01 edge=0.001,N3983,N3847,0.0025635146143839476,27,17,6301425309.742904,0.0,,False,26.0,False,False,True
TBS adaptive diffusion topology alpha=0.01 edge=0.001,N3983,N3918,0.001234735516875099,27,10,18211119494.054207,0.0,,False,26.0,False,False,True
TBS adaptive diffusion topology alpha=0.01 edge=0.001,N3984,N3566,0.006035117852328726,11,3,9.99999999994353,0.4404932850701666,,False,10.0,False,False,True
TBS adaptive diffusion topology alpha=0.01 edge=0.001,N3984,N3611,0.005556416459591347,11,8,9.99999999928315,0.4404932851281044,,False,10.0,False,False,True
TBS adaptive diffusion topology alpha=0.01 edge=0.001,N3985,L1175,0.017839837947512094,11,1,9.999999999996847,0.44049328506548924,,False,10.0,False,False,True
TBS adaptive diffusion topology alpha=0.01 edge=0.001,N3985,N3630,0.005320086349649573,11,10,9.999999985766406,0.4404932863139782,,False,10.0,False,False,True
TBS adaptive diffusion topology alpha=0.01 edge=0.001,N3986,L1791,0.017872716411290193,3,1,1.9999999999992522,0.3678794411715799,,False,2.0,False,False,True
TBS adaptive diffusion topology alpha=0.01 edge=0.001,N3986,N3850,0.002541900653360617,3,2,1.9999999999850129,0.3678794411741991,,False,2.0,False,False,True
TBS adaptive diffusion topology alpha=0.01 edge=0.001,N3987,L1888,0.017886851251455307,3,1,1.9999999999994886,0.3678794411715365,,False,2.0,False,False,True
TBS adaptive diffusion topology alpha=0.01 edge=0.001,N3987,N3514,0.006648980936406389,3,2,1.999999999988654,0.3678794411735293,,False,2.0,False,False,True
TBS adaptive diffusion topology alpha=0.01 edge=0.001,N3988,N3624,0.005502090076835331,15,3,13.999999999220442,0.4497110559067774,,False,14.0,False,False,True
TBS adaptive diffusion topology alpha=0.01 edge=0.001,N3988,N3682,0.004764406682701498,15,12,13.999999961828054,0.44971105869256167,,False,14.0,False,False,True
TBS adaptive diffusion topology alpha=0.01 edge=0.001,N3989,L432,0.01791095078134924,3,1,1.9999999999811877,0.3678794411749026,,False,2.0,False,False,True
TBS adaptive diffusion topology alpha=0.01 edge=0.001,N3989,N3723,0.004387608838317783,3,2,1.9999999992276223,0.3678794413135133,,False,2.0,False,False,True
TBS adaptive diffusion topology alpha=0.01 edge=0.001,N3990,N2771,0.013153479730719028,5,2,3.9999999919176785,0.40600585080366114,,False,4.0,False,False,True
TBS adaptive diffusion topology alpha=0.01 edge=0.001,N3990,N3662,0.005073652062858505,5,3,3.999999964179623,0.40600585455759886,,False,4.0,False,False,True
TBS adaptive diffusion topology alpha=0.01 edge=0.001,N3991,N3699,0.004641710131816645,30,14,37102108316.96025,0.0,,False,29.0,False,False,True
TBS adaptive diffusion topology alpha=0.01 edge=0.001,N3991,N3840,0.0028111729995174205,30,16,28406279633.171284,0.0,,False,29.0,False,False,True
TBS adaptive diffusion topology alpha=0.01 edge=0.001,N3992,L1066,0.017998918558712825,7,1,5.999999999976692,0.4231900811294548,,False,6.0,False,False,True
TBS adaptive diffusion topology alpha=0.01 edge=0.001,N3992,N3675,0.004939624968938269,7,6,5.9999998959982985,0.4231900927772084,,False,6.0,False,False,True
TBS adaptive diffusion topology alpha=0.01 edge=0.001,N3993,N2605,0.014954921235857276,5,2,3.9999999999506297,0.4060058497165199,,False,4.0,False,False,True
TBS adaptive diffusion topology alpha=0.01 edge=0.001,N3993,N3688,0.004838640781644386,5,3,3.99999999978861,0.4060058497384469,,False,4.0,False,False,True
TBS adaptive diffusion topology alpha=0.01 edge=0.001,N3994,N3640,0.005406652432927621,11,3,9.999999999826713,0.4404932850804155,,False,10.0,False,False,True
TBS adaptive diffusion topology alpha=0.01 edge=0.001,N3994,N3734,0.004357617113704343,11,8,9.999999997171049,0.4404932853134069,,False,10.0,False,False,True
TBS adaptive diffusion topology alpha=0.01 edge=0.001,N3995,L622,0.01801586611421308,6,1,4.999999999997315,0.4158801869958356,,False,5.0,False,False,True
TBS adaptive diffusion topology alpha=0.01 edge=0.001,N3995,N3747,0.004200233712714143,6,5,4.99999999978055,0.4158801870222901,,False,5.0,False,False,True
TBS adaptive diffusion topology alpha=0.01 edge=0.001,N3996,L1754,0.018028195986248982,5,1,3.999999999994625,0.40600584971056564,,False,4.0,False,False,True
TBS adaptive diffusion topology alpha=0.01 edge=0.001,N3996,N3615,0.005752366249500249,5,4,3.9999999967692768,0.40600585014706914,,False,4.0,False,False,True
TBS adaptive diffusion topology alpha=0.01 edge=0.001,N3997,L1932,0.018030655175479283,3,1,1.999999999997312,0.36787944117193677,,False,2.0,False,False,True
TBS adaptive diffusion topology alpha=0.01 edge=0.001,N3997,N3151,0.010072882644615972,3,2,1.99999999991757,0.3678794411866046,,False,2.0,False,False,True
TBS adaptive diffusion topology alpha=0.01 edge=0.001,N3998,N3188,0.009816001399270444,9,3,7.999999999312204,0.4334701204338953,,False,8.0,False,False,True
TBS adaptive diffusion topology alpha=0.01 edge=0.001,N3998,N3744,0.004251607094667253,9,6,7.999999994368553,0.4334701209168079,,False,8.0,False,False,True
TBS adaptive diffusion topology alpha=0.01 edge=0.001,N3999,L2239,0.018102129446546624,3,1,1.9999999999329556,0.3678794411837744,,False,2.0,False,False,True
TBS adaptive diffusion topology alpha=0.01 edge=0.001,N3999,N3092,0.010672152919826523,3,2,1.999999997225657,0.36787944168175424,,False,2.0,False,False,True
TBS adaptive diffusion topology alpha=0.01 edge=0.001,N4000,L859,0.018131957967509556,2,1,0.9999999999983813,0.31731050786330295,,False,1.0,False,False,True
TBS adaptive diffusion topology alpha=0.01 edge=0.001,N4000,L1037,0.018131957967509556,2,1,0.9999999999983813,0.31731050786330295,,False,1.0,False,False,True
TBS adaptive diffusion topology alpha=0.01 edge=0.001,N4001,N3681,0.00503008093223594,7,3,5.999999999579032,0.4231900811740008,,False,6.0,False,False,True
TBS adaptive diffusion topology alpha=0.01 edge=0.001,N4001,N3785,0.0038655992690194685,7,4,5.999999998937717,0.4231900812458418,,False,6.0,False,False,True
TBS adaptive diffusion topology alpha=0.01 edge=0.001,N4002,N3777,0.003982106262435282,37,18,797.2299962578028,2.3255998454668452e-148,,False,30.0,False,False,True
TBS adaptive diffusion topology alpha=0.01 edge=0.001,N4002,N3904,0.0018996858787404354,37,19,797.2299945910308,2.3256017156959143e-148,,False,30.0,False,False,True
TBS adaptive diffusion topology alpha=0.01 edge=0.001,N4003,L2132,0.01817674535529194,5,1,3.9999999999932556,0.40600584971075104,,False,4.0,False,False,True
TBS adaptive diffusion topology alpha=0.01 edge=0.001,N4003,N3884,0.002332557205228418,5,4,3.9999999947726312,0.40600585041728565,,False,4.0,False,False,True
TBS adaptive diffusion topology alpha=0.01 edge=0.001,N4004,N3424,0.00797545749727924,11,5,9.999999982189472,0.44049328662779597,,False,10.0,False,False,True
TBS adaptive diffusion topology alpha=0.01 edge=0.001,N4004,N3718,0.004771497611736343,11,6,9.999999969993041,0.44049328769783347,,False,10.0,False,False,True
TBS adaptive diffusion topology alpha=0.01 edge=0.001,N4005,L1318,0.01828275983308447,2,1,0.9999999999999174,0.31731050786293125,,False,1.0,False,False,True
TBS adaptive diffusion topology alpha=0.01 edge=0.001,N4005,L1552,0.01828275983308447,2,1,0.9999999999999174,0.31731050786293125,,False,1.0,False,False,True
TBS adaptive diffusion topology alpha=0.01 edge=0.001,N4006,L2046,0.018283506903550076,3,1,1.9999999999955198,0.36787944117226645,,False,2.0,False,False,True
TBS adaptive diffusion topology alpha=0.01 edge=0.001,N4006,N2855,0.012942110488774874,3,2,1.9999999998293767,0.3678794412028268,,False,2.0,False,False,True
TBS adaptive diffusion topology alpha=0.01 edge=0.001,N4007,L86,0.01836255982426958,2,1,0.9999999999993696,0.31731050786306375,,False,1.0,False,False,True
TBS adaptive diffusion topology alpha=0.01 edge=0.001,N4007,L1107,0.01836255982426958,2,1,0.9999999999993696,0.31731050786306375,,False,1.0,False,False,True
TBS adaptive diffusion topology alpha=0.01 edge=0.001,N4008,N3585,0.006439264505396097,8,3,6.999999745671369,0.4288798840336949,,False,7.0,False,False,True
TBS adaptive diffusion topology alpha=0.01 edge=0.001,N4008,N3827,0.0034814680478106215,8,5,6.9999987392916925,0.4288799888177316,,False,7.0,False,False,True
TBS adaptive diffusion topology alpha=0.01 edge=0.001,N4009,N2978,0.01198487231571944,5,2,3.9999999996635873,0.4060058497553666,,False,4.0,False,False,True
TBS adaptive diffusion topology alpha=0.01 edge=0.001,N4009,N3709,0.004990190971037862,5,3,3.9999999985138035,0.4060058499109731,,False,4.0,False,False,True
TBS adaptive diffusion topology alpha=0.01 edge=0.001,N4010,N3690,0.005184446013236197,9,2,7.999999999869232,0.43347012037948296,,False,8.0,False,False,True
TBS adaptive diffusion topology alpha=0.01 edge=0.001,N4010,N3756,0.004482493484295641,9,7,7.9999999926991405,0.4334701210798818,,False,8.0,False,False,True
TBS adaptive diffusion topology alpha=0.01 edge=0.001,N4011,N3696,0.0051078025655770815,10,6,8.99999999871606,0.4372741890323867,,False,9.0,False,False,True
TBS adaptive diffusion topology alpha=0.01 edge=0.001,N4011,N3788,0.0040626254137367595,10,4,8.999999999589178,0.4372741889517898,,False,9.0,False,False,True
TBS adaptive diffusion topology alpha=0.01 edge=0.001,N4012,N3327,0.008861477412406704,17,2,15.999999993727691,0.4529608099247593,,False,16.0,False,False,True
TBS adaptive diffusion topology alpha=0.01 edge=0.001,N4012,N3988,0.0004990958173325373,17,15,15.999997459087812,0.45296098682556885,,False,16.0,False,False,True
TBS adaptive diffusion topology alpha=0.01 edge=0.001,N4013,N3683,0.005273929740765128,8,4,6.999999996053474,0.428879857963966,,False,7.0,False,False,True
TBS adaptive diffusion topology alpha=0.01 edge=0.001,N4013,N3803,0.0038436092372491877,8,4,6.999999996053474,0.428879857963966,,False,7.0,False,False,True
TBS adaptive diffusion topology alpha=0.01 edge=0.001,N4014,N3036,0.011467156596870849,14,3,12.999999999775632,0.4478116743368229,,False,13.0,False,False,True
TBS adaptive diffusion topology alpha=0.01 edge=0.001,N4014,N3795,0.003947102440832941,14,11,12.999999991919191,0.4478116749436786,,False,13.0,False,False,True
TBS adaptive diffusion topology alpha=0.01 edge=0.001,N4015,L2176,0.018445784263588522,2,1,0.9999999999998723,0.3173105078629421,,False,1.0,False,False,True
TBS adaptive diffusion topology alpha=0.01 edge=0.001,N4015,L2245,0.018445784263588522,2,1,0.9999999999998723,0.3173105078629421,,False,1.0,False,False,True
TBS adaptive diffusion topology alpha=0.01 edge=0.001,N4016,L119,0.018478598963152505,2,1,0.9999999999995395,0.3173105078630226,,False,1.0,False,False,True
TBS adaptive diffusion topology alpha=0.01 edge=0.001,N4016,L366,0.018478598963152505,2,1,0.9999999999995395,0.3173105078630226,,False,1.0,False,False,True
TBS adaptive diffusion topology alpha=0.01 edge=0.001,N4017,L555,0.01849374455311131,2,1,0.9999999999976275,0.3173105078634853,,False,1.0,False,False,True
TBS adaptive diffusion topology alpha=0.01 edge=0.001,N4017,L1557,0.01849374455311131,2,1,0.9999999999976275,0.3173105078634853,,False,1.0,False,False,True
TBS adaptive diffusion topology alpha=0.01 edge=0.001,N4018,L1871,0.018496819109171767,6,1,4.999999999962202,0.41588018700012097,,False,5.0,False,False,True
TBS adaptive diffusion topology alpha=0.01 edge=0.001,N4018,N3781,0.004262993569221945,6,5,4.999999925873344,0.41588019604203796,,False,5.0,False,False,True
TBS adaptive diffusion topology alpha=0.01 edge=0.001,N4019,N3571,0.006740100724950568,8,4,6.999999999215858,0.42887985763469927,,False,7.0,False,False,True
TBS adaptive diffusion topology alpha=0.01 edge=0.001,N4019,N3845,0.003323856990147383,8,4,6.999999999215858,0.42887985763469927,,False,7.0,False,False,True
TBS adaptive diffusion topology alpha=0.01 edge=0.001,N4020,L2307,0.018553640829974037,2,1,0.9999999999999567,0.3173105078629217,,False,1.0,False,False,True
TBS adaptive diffusion topology alpha=0.01 edge=0.001,N4020,L2336,0.018553640829974037,2,1,0.9999999999999567,0.3173105078629217,,False,1.0,False,False,True
TBS adaptive diffusion topology alpha=0.01 edge=0.001,N4021,N3591,0.006577299542985695,13,6,11.999999977516051,0.44567964317033226,,False,12.0,False,False,True
TBS adaptive diffusion topology alpha=0.01 edge=0.001,N4021,N3951,0.0013897541888155686,13,7,11.999999965561159,0.4456796441304488,,False,12.0,False,False,True
TBS adaptive diffusion topology alpha=0.01 edge=0.001,N4022,N3541,0.007162049444433368,14,3,12.999999990709345,0.4478116750371307,,False,13.0,False,False,True
TBS adaptive diffusion topology alpha=0.01 edge=0.001,N4022,N3959,0.0012665884191576376,14,11,12.999999614565052,0.447811704091695,,False,13.0,False,False,True
TBS adaptive diffusion topology alpha=0.01 edge=0.001,N4023,L2215,0.018650822484391236,4,1,2.999999999998653,0.3916251762712968,,False,3.0,False,False,True
TBS adaptive diffusion topology alpha=0.01 edge=0.001,N4023,N3769,0.004606676223522572,4,3,2.999999999686545,0.3916251763194175,,False,3.0,False,False,True
TBS adaptive diffusion topology alpha=0.01 edge=0.001,N4024,L2398,0.01867833742763504,3,1,1.999999999988761,0.36787944117350974,,False,2.0,False,False,True
TBS adaptive diffusion topology alpha=0.01 edge=0.001,N4024,N3421,0.008439956413967295,3,2,1.9999999995413675,0.367879441255803,,False,2.0,False,False,True
TBS adaptive diffusion topology alpha=0.01 edge=0.001,N4025,L559,0.018682322127935004,2,1,0.9999999999998819,0.3173105078629398,,False,1.0,False,False,True
TBS adaptive diffusion topology alpha=0.01 edge=0.001,N4025,L1516,0.018682322127935004,2,1,0.9999999999998819,0.3173105078629398,,False,1.0,False,False,True
TBS adaptive diffusion topology alpha=0.01 edge=0.001,N4026,L2035,0.01869794144725118,2,1,0.9999999999999467,0.31731050786292414,,False,1.0,False,False,True
TBS adaptive diffusion topology alpha=0.01 edge=0.001,N4026,L2052,0.01869794144725118,2,1,0.9999999999999467,0.31731050786292414,,False,1.0,False,False,True
TBS adaptive diffusion topology alpha=0.01 edge=0.001,N4027,N3552,0.007102062847372776,8,3,6.999999999853945,0.42887985756826197,,False,7.0,False,False,True
TBS adaptive diffusion topology alpha=0.01 edge=0.001,N4027,N3750,0.004890203545633573,8,5,6.99999999928952,0.4288798576270294,,False,7.0,False,False,True
TBS adaptive diffusion topology alpha=0.01 edge=0.001,N4028,L2062,0.018750818999300294,6,1,4.999999999998112,0.41588018699573825,,False,5.0,False,False,True
TBS adaptive diffusion topology alpha=0.01 edge=0.001,N4028,N4009,0.0003727817125998797,6,5,4.999999998134687,0.4158801872231537,,False,5.0,False,False,True
TBS adaptive diffusion topology alpha=0.01 edge=0.001,N4029,L2199,0.01875853955949357,2,1,0.9999999999999074,0.31731050786293363,,False,1.0,False,False,True
TBS adaptive diffusion topology alpha=0.01 edge=0.001,N4029,L2217,0.01875853955949357,2,1,0.9999999999999074,0.31731050786293363,,False,1.0,False,False,True
TBS adaptive diffusion topology alpha=0.01 edge=0.001,N4030,N3074,0.011497363753559569,5,2,3.999999999979056,0.40600584971267273,,False,4.0,False,False,True
TBS adaptive diffusion topology alpha=0.01 edge=0.001,N4030,N3409,0.008586861502341855,5,3,3.999999999912286,0.40600584972170917,,False,4.0,False,False,True
TBS adaptive diffusion topology alpha=0.01 edge=0.001,N4031,L2364,0.01876016793173383,2,1,0.9999999999999771,0.3173105078629168,,False,1.0,False,False,True
TBS adaptive diffusion topology alpha=0.01 edge=0.001,N4031,L2382,0.01876016793173383,2,1,0.9999999999999771,0.3173105078629168,,False,1.0,False,False,True
TBS adaptive diffusion topology alpha=0.01 edge=0.001,N4032,L212,0.018788335809967555,2,1,0.9999999999999882,0.31731050786291415,,False,1.0,False,False,True
TBS adaptive diffusion topology alpha=0.01 edge=0.001,N4032,L392,0.018788335809967555,2,1,0.9999999999999882,0.31731050786291415,,False,1.0,False,False,True
TBS adaptive diffusion topology alpha=0.01 edge=0.001,N4033,L2430,0.018802350098649948,4,1,2.999999999996489,0.3916251762716302,,False,3.0,False,False,True
TBS adaptive diffusion topology alpha=0.01 edge=0.001,N4033,N3380,0.008888020166518212,4,3,2.999999999215345,0.39162517639206706,,False,3.0,False,False,True
TBS adaptive diffusion topology alpha=0.01 edge=0.001,N4034,L2455,0.018816041823249575,2,1,0.9999999999994107,0.31731050786305376,,False,1.0,False,False,True
TBS adaptive diffusion topology alpha=0.01 edge=0.001,N4034,L2499,0.018816041823249575,2,1,0.9999999999994107,0.31731050786305376,,False,1.0,False,False,True
TBS adaptive diffusion topology alpha=0.01 edge=0.001,N4035,L770,0.018819140297395457,5,1,3.999999999997512,0.40600584971017506,,False,4.0,False,False,True
TBS adaptive diffusion topology alpha=0.01 edge=0.001,N4035,N3714,0.005377273290162932,5,4,3.9999999989204893,0.40600584985593424,,False,4.0,False,False,True
TBS adaptive diffusion topology alpha=0.01 edge=0.001,N4036,L1048,0.018842232324309163,2,1,0.9999999999997955,0.3173105078629608,,False,1.0,False,False,True
TBS adaptive diffusion topology alpha=0.01 edge=0.001,N4036,L1296,0.018842232324309163,2,1,0.9999999999997955,0.3173105078629608,,False,1.0,False,False,True
TBS adaptive diffusion topology alpha=0.01 edge=0.001,N4037,L10,0.018856184335798692,2,1,0.9999999999977016,0.3173105078634673,,False,1.0,False,False,True
TBS adaptive diffusion topology alpha=0.01 edge=0.001,N4037,L692,0.018856184335798692,2,1,0.9999999999977016,0.3173105078634673,,False,1.0,False,False,True
TBS adaptive diffusion topology alpha=0.01 edge=0.001,N4038,L698,0.01887750324213592,3,1,1.9999999999997788,0.3678794411714831,,False,2.0,False,False,True
TBS adaptive diffusion topology alpha=0.01 edge=0.001,N4038,N3639,0.006271483775687108,3,2,1.9999999999966618,0.36787944117205634,,False,2.0,False,False,True
TBS adaptive diffusion topology alpha=0.01 edge=0.001,N4039,N3853,0.003522833201657936,14,9,12.999999992980857,0.44781167486167184,,False,13.0,False,False,True
TBS adaptive diffusion topology alpha=0.01 edge=0.001,N4039,N3870,0.0032354753359439326,14,5,12.999999998579847,0.44781167442918823,,False,13.0,False,False,True
TBS adaptive diffusion topology alpha=0.01 edge=0.001,N4040,L1383,0.018899046983369527,2,1,0.9999999999998868,0.31731050786293863,,False,1.0,False,False,True
TBS adaptive diffusion topology alpha=0.01 edge=0.001,N4040,L1486,0.018899046983369527,2,1,0.9999999999998868,0.31731050786293863,,False,1.0,False,False,True
TBS adaptive diffusion topology alpha=0.01 edge=0.001,N4041,N2887,0.013334574128169656,7,4,5.999999999818577,0.42319008114716694,,False,6.0,False,False,True
TBS adaptive diffusion topology alpha=0.01 edge=0.001,N4041,N3523,0.007613899274721095,7,3,5.999999999927636,0.42319008113494994,,False,6.0,False,False,True
TBS adaptive diffusion topology alpha=0.01 edge=0.001,N4042,N3771,0.004860096724261226,19,7,17.999999991402813,0.4556526048887831,,False,18.0,False,False,True
TBS adaptive diffusion topology alpha=0.01 edge=0.001,N4042,N3852,0.003576836734876489,19,12,17.999999965072156,0.4556526066233888,,False,18.0,False,False,True
TBS adaptive diffusion topology alpha=0.01 edge=0.001,N4043,N3194,0.010628229904312914,6,3,4.9999999890987326,0.41588018832591533,,False,5.0,False,False,True
TBS adaptive diffusion topology alpha=0.01 edge=0.001,N4043,N3722,0.005399072149578418,6,3,4.999999989098946,0.41588018832588936,,False,5.0,False,False,True
TBS adaptive diffusion topology alpha=0.01 edge=0.001,N4044,L44,0.01896495890750852,4,1,2.9999999999987903,0.39162517627127547,,False,3.0,False,False,True
TBS adaptive diffusion topology alpha=0.01 edge=0.001,N4044,N3649,0.006237743621004853,4,3,2.9999999998757527,0.3916251762902453,,False,3.0,False,False,True
TBS adaptive diffusion topology alpha=0.01 edge=0.001,N4045,L179,0.018968969307213535,2,1,0.9999999997858902,0.31731050791471954,,False,1.0,False,False,True
TBS adaptive diffusion topology alpha=0.01 edge=0.001,N4045,L627,0.018968969307213535,2,1,0.9999999997858902,0.31731050791471954,,False,1.0,False,False,True
TBS adaptive diffusion topology alpha=0.01 edge=0.001,N4046,N3447,0.008533450437453143,5,3,3.999999998903028,0.40600584985829735,,False,4.0,False,False,True
TBS adaptive diffusion topology alpha=0.01 edge=0.001,N4046,N3663,0.006091483568374706,5,2,3.9999999997520335,0.40600584974339693,,False,4.0,False,False,True
TBS adaptive diffusion topology alpha=0.01 edge=0.001,N4047,N3331,0.009476499490690257,6,4,4.999999999495516,0.4158801870570761,,False,5.0,False,False,True
TBS adaptive diffusion topology alpha=0.01 edge=0.001,N4047,N3472,0.008295990826870107,6,2,4.999999999942424,0.4158801870025346,,False,5.0,False,False,True
TBS adaptive diffusion topology alpha=0.01 edge=0.001,N4048,N3272,0.009995771219599122,8,3,6.999999997197245,0.4288798578448768,,False,7.0,False,False,True
TBS adaptive diffusion topology alpha=0.01 edge=0.001,N4048,N3915,0.0025772677815318282,8,5,6.999999986141932,0.4288798589959535,,False,7.0,False,False,True
TBS adaptive diffusion topology alpha=0.01 edge=0.001,N4049,N3219,0.010629709778590152,5,2,3.9999999948578697,0.40600585040574977,,False,4.0,False,False,True
TBS adaptive diffusion topology alpha=0.01 edge=0.001,N4049,N3775,0.005060948855196027,5,3,3.9999999772115418,0.4060058527939202,,False,4.0,False,False,True
TBS adaptive diffusion topology alpha=0.01 edge=0.001,N4050,L199,0.01918706846232247,2,1,0.9999999999996299,0.3173105078630008,,False,1.0,False,False,True
TBS adaptive diffusion topology alpha=0.01 edge=0.001,N4050,L983,0.01918706846232247,2,1,0.9999999999996299,0.3173105078630008,,False,1.0,False,False,True
TBS adaptive diffusion topology alpha=0.01 edge=0.001,N4051,N3661,0.006353408254825559,18,8,34936083731.77681,0.0,,False,17.0,False,False,True
TBS adaptive diffusion topology alpha=0.01 edge=0.001,N4051,N3931,0.0024530365879657768,18,10,22359246645.58071,0.0,,False,17.0,False,False,True
TBS adaptive diffusion topology alpha=0.01 edge=0.001,N4052,L395,0.019218991275840702,4,1,2.9999999999996563,0.3916251762711419,,False,3.0,False,False,True
TBS adaptive diffusion topology alpha=0.01 edge=0.001,N4052,N2847,0.01390034318259351,4,3,2.999999999960082,0.3916251762772437,,False,3.0,False,False,True
TBS adaptive diffusion topology alpha=0.01 edge=0.001,N4053,N3545,0.007679911183558583,11,4,9.99999995893916,0.44049328866763093,,False,10.0,False,False,True
TBS adaptive diffusion topology alpha=0.01 edge=0.001,N4053,N3837,0.004116448037533039,11,7,9.999999792561168,0.4404933032645858,,False,10.0,False,False,True
TBS adaptive diffusion topology alpha=0.01 edge=0.001,N4054,L825,0.019238621861620675,3,1,1.9999999999996092,0.3678794411715143,,False,2.0,False,False,True
TBS adaptive diffusion topology alpha=0.01 edge=0.001,N4054,N3695,0.005952801461246076,3,2,1.9999999999948983,0.36787944117238075,,False,2.0,False,False,True
TBS adaptive diffusion topology alpha=0.01 edge=0.001,N4055,N2764,0.014488660766262958,4,2,2.999999999987044,0.39162517627308635,,False,3.0,False,False,True
TBS adaptive diffusion topology alpha=0.01 edge=0.001,N4055,N3307,0.009884893116717974,4,2,2.999999999987044,0.39162517627308635,,False,3.0,False,False,True
TBS adaptive diffusion topology alpha=0.01 edge=0.001,N4056,L320,0.01925127494683309,3,1,1.999999999999945,0.36787944117145255,,False,2.0,False,False,True
TBS adaptive diffusion topology alpha=0.01 edge=0.001,N4056,N3508,0.008058072619322244,3,2,1.9999999999995322,0.3678794411715285,,False,2.0,False,False,True
TBS adaptive diffusion topology alpha=0.01 edge=0.001,N4057,N3520,0.008048129768379566,10,2,8.99999999986378,0.4372741889264412,,False,9.0,False,False,True
TBS adaptive diffusion topology alpha=0.01 edge=0.001,N4057,N3643,0.006675240486468052,10,8,8.999999989545096,0.4372741898789494,,False,9.0,False,False,True
TBS adaptive diffusion topology alpha=0.01 edge=0.001,N4058,N3407,0.009192595407701183,8,2,6.999999999881697,0.42887985756537206,,False,7.0,False,False,True
TBS adaptive diffusion topology alpha=0.01 edge=0.001,N4058,N3563,0.007591959500479291,8,6,6.999999996112663,0.42887985795780337,,False,7.0,False,False,True
TBS adaptive diffusion topology alpha=0.01 edge=0.001,N4059,L37,0.019393262967292723,2,1,0.9999999999989138,0.3173105078631741,,False,1.0,False,False,True
TBS adaptive diffusion topology alpha=0.01 edge=0.001,N4059,L76,0.019393262967292723,2,1,0.9999999999989138,0.3173105078631741,,False,1.0,False,False,True
TBS adaptive diffusion topology alpha=0.01 edge=0.001,N4060,L376,0.019399213604857506,4,1,2.9999999999959255,0.3916251762717169,,False,3.0,False,False,True
TBS adaptive diffusion topology alpha=0.01 edge=0.001,N4060,N3745,0.005597547926907673,4,3,2.999999999349237,0.3916251763714239,,False,3.0,False,False,True
TBS adaptive diffusion topology alpha=0.01 edge=0.001,N4061,L1174,0.019466940542257248,5,1,3.999999999994494,0.4060058497105833,,False,4.0,False,False,True
TBS adaptive diffusion topology alpha=0.01 edge=0.001,N4061,N3291,0.010206759463225313,5,4,3.99999999824598,0.4060058499472189,,False,4.0,False,False,True
TBS adaptive diffusion topology alpha=0.01 edge=0.001,N4062,N3269,0.010399574268943732,6,2,4.999999999798459,0.4158801870201043,,False,5.0,False,False,True
TBS adaptive diffusion topology alpha=0.01 edge=0.001,N4062,N3426,0.009198283055223909,6,4,4.999999997798641,0.415880187264165,,False,5.0,False,False,True
TBS adaptive diffusion topology alpha=0.01 edge=0.001,N4063,N3336,0.009888192918850049,10,5,8.999999999873346,0.4372741889255587,,False,9.0,False,False,True
TBS adaptive diffusion topology alpha=0.01 edge=0.001,N4063,N3925,0.002847022935952473,10,5,8.999999999873365,0.4372741889255566,,False,9.0,False,False,True
TBS adaptive diffusion topology alpha=0.01 edge=0.001,N4064,L1607,0.019499141105344696,3,1,1.9999999999994795,0.3678794411715382,,False,2.0,False,False,True
TBS adaptive diffusion topology alpha=0.01 edge=0.001,N4064,N3482,0.008637838351987588,3,2,1.9999999999823643,0.3678794411746862,,False,2.0,False,False,True
TBS adaptive diffusion topology alpha=0.01 edge=0.001,N4065,L939,0.01952711746297411,7,1,5.999999999986505,0.42319008112835554,,False,6.0,False,False,True
TBS adaptive diffusion topology alpha=0.01 edge=0.001,N4065,N3708,0.006140873452945321,7,6,5.999999991931444,0.42319008203069053,,False,6.0,False,False,True
TBS adaptive diffusion topology alpha=0.01 edge=0.001,N4066,L2090,0.01956531046555847,3,1,1.999999999999598,0.3678794411715163,,False,2.0,False,False,True
TBS adaptive diffusion topology alpha=0.01 edge=0.001,N4066,N3772,0.00550033216204085,3,2,1.999999999994028,0.3678794411725408,,False,2.0,False,False,True
TBS adaptive diffusion topology alpha=0.01 edge=0.001,N4067,N3045,0.012550430192714266,4,2,2.999999999985795,0.3916251762732791,,False,3.0,False,False,True
TBS adaptive diffusion topology alpha=0.01 edge=0.001,N4067,N3579,0.007725056978658631,4,2,2.999999999985795,0.3916251762732791,,False,3.0,False,False,True
TBS adaptive diffusion topology alpha=0.01 edge=0.001,N4068,L125,0.019584201903409565,6,1,4.999999999985048,0.41588018699733265,,False,5.0,False,False,True
TBS adaptive diffusion topology alpha=0.01 edge=0.001,N4068,N3684,0.006442095327568176,6,5,4.9999999787848655,0.4158801895846356,,False,5.0,False,False,True
TBS adaptive diffusion topology alpha=0.01 edge=0.001,N4069,L554,0.019595189723720118,3,1,1.9999999999963545,0.3678794411721128,,False,2.0,False,False,True
TBS adaptive diffusion topology alpha=0.01 edge=0.001,N4069,N3235,0.010889850120884266,3,2,1.9999999998928337,0.3678794411911545,,False,2.0,False,False,True
TBS adaptive diffusion topology alpha=0.01 edge=0.001,N4070,N3300,0.01027717047153954,10,2,8.999999990667526,0.43727418977533916,,False,9.0,False,False,True
TBS adaptive diffusion topology alpha=0.01 edge=0.001,N4070,N3804,0.005043621062923689,10,8,8.999999218507305,0.4372742610527349,,False,9.0,False,False,True
TBS adaptive diffusion topology alpha=0.01 edge=0.001,N4071,L1180,0.019645306911542135,2,1,0.99999999954631,0.3173105079726909,,False,1.0,False,False,True
TBS adaptive diffusion topology alpha=0.01 edge=0.001,N4071,L1189,0.019645306911542135,2,1,0.99999999954631,0.3173105079726909,,False,1.0,False,False,True
TBS adaptive diffusion topology alpha=0.01 edge=0.001,N4072,N3438,0.009276017717510613,6,2,4.9999999999803935,0.41588018699790075,,False,5.0,False,False,True
TBS adaptive diffusion topology alpha=0.01 edge=0.001,N4072,N3450,0.009159728730115077,6,4,4.9999999997885745,0.4158801870213109,,False,5.0,False,False,True
TBS adaptive diffusion topology alpha=0.01 edge=0.001,N4073,L2270,0.019674815091631336,5,1,3.999999999994765,0.40600584971054676,,False,4.0,False,False,True
TBS adaptive diffusion topology alpha=0.01 edge=0.001,N4073,N3858,0.004187791125200053,5,4,3.999999997836934,0.4060058500025773,,False,4.0,False,False,True
TBS adaptive diffusion topology alpha=0.01 edge=0.001,N4074,N3622,0.007340482249518376,22,14,36078454753.69765,0.0,,False,21.0,False,False,True
TBS adaptive diffusion topology alpha=0.01 edge=0.001,N4074,N3964,0.0022607148210848425,22,8,110490887252.39752,0.0,,False,21.0,False,False,True
TBS adaptive diffusion topology alpha=0.01 edge=0.001,N4075,N3660,0.006890600168025801,4,2,2.9999999999459015,0.39162517627942983,,False,3.0,False,False,True
TBS adaptive diffusion topology alpha=0.01 edge=0.001,N4075,N3888,0.003829710802819401,4,2,2.9999999999459015,0.39162517627942983,,False,3.0,False,False,True
TBS adaptive diffusion topology alpha=0.01 edge=0.001,N4076,N3416,0.009530229525365932,5,2,3.9999999999920055,0.40600584971092035,,False,4.0,False,False,True
TBS adaptive diffusion topology alpha=0.01 edge=0.001,N4076,N3806,0.005163978382043827,5,3,3.999999999975075,0.4060058497132112,,False,4.0,False,False,True
TBS adaptive diffusion topology alpha=0.01 edge=0.001,N4077,N3501,0.008614819134286682,7,5,5.999999995576137,0.42319008162240856,,False,6.0,False,False,True
TBS adaptive diffusion topology alpha=0.01 edge=0.001,N4077,N3774,0.005659371030874405,7,2,5.999999999795322,0.42319008114977175,,False,6.0,False,False,True
TBS adaptive diffusion topology alpha=0.01 edge=0.001,N4078,L468,0.01975935113230066,3,1,1.999999999999333,0.36787944117156507,,False,2.0,False,False,True
TBS adaptive diffusion topology alpha=0.01 edge=0.001,N4078,N3570,0.007964500985372207,3,2,1.9999999999811149,0.36787944117491606,,False,2.0,False,False,True
TBS adaptive diffusion topology alpha=0.01 edge=0.001,N4079,N3824,0.00503123865395258,10,3,8.999999999270068,0.43727418898124626,,False,9.0,False,False,True
TBS adaptive diffusion topology alpha=0.01 edge=0.001,N4079,N3848,0.004573039908331243,10,7,8.99999999078521,0.4372741897644761,,False,9.0,False,False,True
TBS adaptive diffusion topology alpha=0.01 edge=0.001,N4080,L814,0.019828428348955342,2,1,0.9999999999927915,0.3173105078646554,,False,1.0,False,False,True
TBS adaptive diffusion topology alpha=0.01 edge=0.001,N4080,L1008,0.019828428348955342,2,1,0.9999999999927915,0.3173105078646554,,False,1.0,False,False,True
TBS adaptive diffusion topology alpha=0.01 edge=0.001,N4081,L2065,0.019841918596354407,2,1,0.9999999999953411,0.3173105078640386,,False,1.0,False,False,True
TBS adaptive diffusion topology alpha=0.01 edge=0.001,N4081,L2076,0.019841918596354407,2,1,0.9999999999953411,0.3173105078640386,,False,1.0,False,False,True
TBS adaptive diffusion topology alpha=0.01 edge=0.001,N4082,N3740,0.006120288208866096,8,6,6.999999697856144,0.4288798890122052,,False,7.0,False,False,True
TBS adaptive diffusion topology alpha=0.01 edge=0.001,N4082,N3922,0.0032577664247235303,8,2,6.999999992013273,0.4288798583846306,,False,7.0,False,False,True
TBS adaptive diffusion topology alpha=0.01 edge=0.001,N4083,N3369,0.010000979551215265,7,2,5.999999952998937,0.4231900863919451,,False,6.0,False,False,True
TBS adaptive diffusion topology alpha=0.01 edge=0.001,N4083,N3834,0.004766508601196224,7,5,5.999998949616092,0.4231901987918084,,False,6.0,False,False,True
TBS adaptive diffusion topology alpha=0.01 edge=0.001,N4084,L1514,0.019863919144777992,3,1,1.9999999999995755,0.36787944117152055,,False,2.0,False,False,True
TBS adaptive diffusion topology alpha=0.01 edge=0.001,N4084,N3374,0.009975852262169453,3,2,1.9999999999889262,0.36787944117347926,,False,2.0,False,False,True
TBS adaptive diffusion topology alpha=0.01 edge=0.001,N4085,L48,0.019873957522241924,2,1,0.9999999999999758,0.3173105078629171,,False,1.0,False,False,True
TBS adaptive diffusion topology alpha=0.01 edge=0.001,N4085,L795,0.019873957522241924,2,1,0.9999999999999758,0.3173105078629171,,False,1.0,False,False,True
TBS adaptive diffusion topology alpha=0.01 edge=0.001,N4086,L2214,0.01990944509540043,5,1,3.9999999999993596,0.4060058497099248,,False,4.0,False,False,True
TBS adaptive diffusion topology alpha=0.01 edge=0.001,N4086,N3384,0.00996631285039922,5,4,3.999999999858515,0.406005849728986,,False,4.0,False,False,True
TBS adaptive diffusion topology alpha=0.01 edge=0.001,N4087,L1344,0.01992144770783719,3,1,1.9999999999985554,0.367879441171708,,False,2.0,False,False,True
TBS adaptive diffusion topology alpha=0.01 edge=0.001,N4087,N3738,0.006232786032663037,3,2,1.9999999999661386,0.36787944117767074,,False,2.0,False,False,True
TBS adaptive diffusion topology alpha=0.01 edge=0.001,N4088,L464,0.01999244527510743,2,1,0.9999999999642284,0.3173105078715669,,False,1.0,False,False,True
TBS adaptive diffusion topology alpha=0.01 edge=0.001,N4088,L624,0.01999244527510743,2,1,0.9999999999642284,0.3173105078715669,,False,1.0,False,False,True
TBS adaptive diffusion topology alpha=0.01 edge=0.001,N4089,N3360,0.010241873202757368,5,2,3.9999999999331446,0.4060058497188862,,False,4.0,False,False,True
TBS adaptive diffusion topology alpha=0.01 edge=0.001,N4089,N4006,0.0017179802985230362,5,3,3.99999999973956,0.406005849745085,,False,4.0,False,False,True
TBS adaptive diffusion topology alpha=0.01 edge=0.001,N4090,L5,0.02003569044421104,2,1,0.9999999999987219,0.31731050786322046,,False,1.0,False,False,True
TBS adaptive diffusion topology alpha=0.01 edge=0.001,N4090,L187,0.02003569044421104,2,1,0.9999999999987219,0.31731050786322046,,False,1.0,False,False,True
TBS adaptive diffusion topology alpha=0.01 edge=0.001,N4091,N3719,0.006556561919120294,13,6,11.999999999516803,0.44567964140341754,0.44567964142332694,False,12.0,False,True,False
TBS adaptive diffusion topology alpha=0.01 edge=0.001,N4091,N3868,0.0044362188282209974,13,7,11.999999999268894,0.44567964142332694,0.44567964142332694,False,12.0,False,True,False
TBS adaptive diffusion topology alpha=0.01 edge=0.001,N4092,L675,0.020042012293601044,2,1,0.9999999999995763,0.31731050786301374,,False,1.0,False,False,True
TBS adaptive diffusion topology alpha=0.01 edge=0.001,N4092,L1553,0.020042012293601044,2,1,0.9999999999995763,0.31731050786301374,,False,1.0,False,False,True
TBS adaptive diffusion topology alpha=0.01 edge=0.001,N4093,L1490,0.0200544573997291,4,1,2.999999999995062,0.39162517627185034,,False,3.0,False,False,True
TBS adaptive diffusion topology alpha=0.01 edge=0.001,N4093,N3981,0.0022762436865571014,4,3,2.999999998876099,0.39162517644437245,,False,3.0,False,False,True
TBS adaptive diffusion topology alpha=0.01 edge=0.001,N4094,L388,0.02006731498325739,2,1,0.999999999999958,0.31731050786292136,,False,1.0,False,False,True
TBS adaptive diffusion topology alpha=0.01 edge=0.001,N4094,L667,0.02006731498325739,2,1,0.999999999999958,0.31731050786292136,,False,1.0,False,False,True
TBS adaptive diffusion topology alpha=0.01 edge=0.001,N4095,L1689,0.02007354775294673,2,1,0.9999999999996501,0.31731050786299586,,False,1.0,False,False,True
TBS adaptive diffusion topology alpha=0.01 edge=0.001,N4095,L1720,0.02007354775294673,2,1,0.9999999999996501,0.31731050786299586,,False,1.0,False,False,True
TBS adaptive diffusion topology alpha=0.01 edge=0.001,N4096,L1418,0.020074239688602,3,1,1.9999999999998685,0.36787944117146654,,False,2.0,False,False,True
TBS adaptive diffusion topology alpha=0.01 edge=0.001,N4096,N3891,0.004025364173671758,3,2,1.9999999999985685,0.3678794411717057,,False,2.0,False,False,True
TBS adaptive diffusion topology alpha=0.01 edge=0.001,N4097,N3544,0.008542325299726367,9,3,7.999999999359934,0.4334701204292326,,False,8.0,False,False,True
TBS adaptive diffusion topology alpha=0.01 edge=0.001,N4097,N3969,0.0025874837791028562,9,6,7.999999994782751,0.43347012087634773,,False,8.0,False,False,True
TBS adaptive diffusion topology alpha=0.01 edge=0.001,N4098,L1883,0.020102755261308086,3,1,1.9999999999389568,0.3678794411826707,,False,2.0,False,False,True
TBS adaptive diffusion topology alpha=0.01 edge=0.001,N4098,N3787,0.0057698785836273175,3,2,1.9999999974811624,0.3678794416347566,,False,2.0,False,False,True
TBS adaptive diffusion topology alpha=0.01 edge=0.001,N4099,N3405,0.009943714448627966,8,5,6.9999999992003925,0.4288798576363094,,False,7.0,False,False,True
TBS adaptive diffusion topology alpha=0.01 edge=0.001,N4099,N3620,0.0077810589874715876,8,3,6.99999999983607,0.4288798575701228,,False,7.0,False,False,True
TBS adaptive diffusion topology alpha=0.01 edge=0.001,N4100,N2920,0.01422449541190855,15,4,13.999999999629388,0.44971105587631033,0.4497110562715595,False,14.0,False,True,False
TBS adaptive diffusion topology alpha=0.01 edge=0.001,N4100,N3743,0.006352224877248847,15,11,13.999999994324128,0.4497110562715595,0.4497110562715595,False,14.0,False,True,False
TBS adaptive diffusion topology alpha=0.01 edge=0.001,N4101,L1824,0.020150381626045075,2,1,0.9999999999999218,0.31731050786293014,,False,1.0,False,False,True
TBS adaptive diffusion topology alpha=0.01 edge=0.001,N4101,L1892,0.020150381626045075,2,1,0.9999999999999218,0.31731050786293014,,False,1.0,False,False,True
TBS adaptive diffusion topology alpha=0.01 edge=0.001,N4102,N3205,0.011782478647910717,6,3,4.999999989094205,0.4158801883264678,,False,5.0,False,False,True
TBS adaptive diffusion topology alpha=0.01 edge=0.001,N4102,N3713,0.006738557361769147,6,3,4.999999989094149,0.41588018832647466,,False,5.0,False,False,True
TBS adaptive diffusion topology alpha=0.01 edge=0.001,N4103,L1130,0.020194555244686198,2,1,0.9999999999971709,0.31731050786359577,,False,1.0,False,False,True
TBS adaptive diffusion topology alpha=0.01 edge=0.001,N4103,L1162,0.020194555244686198,2,1,0.9999999999971709,0.31731050786359577,,False,1.0,False,False,True
TBS adaptive diffusion topology alpha=0.01 edge=0.001,N4104,N3397,0.010107040173260924,7,3,5.999999999975678,0.42319008112956824,,False,6.0,False,False,True
TBS adaptive diffusion topology alpha=0.01 edge=0.001,N4104,N3890,0.00418514085117933,7,4,5.999999999939069,0.4231900811336693,,False,6.0,False,False,True
TBS adaptive diffusion topology alpha=0.01 edge=0.001,N4105,N3003,0.013537562606047838,6,3,4.999999999791934,0.41588018702090046,,False,5.0,False,False,True
TBS adaptive diffusion topology alpha=0.01 edge=0.001,N4105,N3939,0.003256940538972741,6,3,4.999999999791927,0.41588018702090135,,False,5.0,False,False,True
TBS adaptive diffusion topology alpha=0.01 edge=0.001,N4106,N3820,0.005503905047091332,9,4,7.999999992748119,0.43347012107509764,,False,8.0,False,False,True
TBS adaptive diffusion topology alpha=0.01 edge=0.001,N4106,N3935,0.003381660082506243,9,5,7.999999985829808,0.4334701217509016,,False,8.0,False,False,True
TBS adaptive diffusion topology alpha=0.01 edge=0.001,N4107,L1947,0.020244316890119466,6,1,4.99999999998457,0.41588018699739115,,False,5.0,False,False,True
TBS adaptive diffusion topology alpha=0.01 edge=0.001,N4107,N3996,0.002216120903870484,6,5,4.999999971633147,0.41588019045744196,,False,5.0,False,False,True
TBS adaptive diffusion topology alpha=0.01 edge=0.001,N4108,L1726,0.02028717522019119,3,1,1.9999999999993074,0.36787944117156973,,False,2.0,False,False,True
TBS adaptive diffusion topology alpha=0.01 edge=0.001,N4108,N3082,0.0129549384292414,3,2,1.9999999999930909,0.36787944117271326,,False,2.0,False,False,True
TBS adaptive diffusion topology alpha=0.01 edge=0.001,N4109,N3517,0.009052699522259297,7,3,5.999999999644133,0.4231900811667081,,False,6.0,False,False,True
TBS adaptive diffusion topology alpha=0.01 edge=0.001,N4109,N3934,0.0034673572899936865,7,4,5.999999999114029,0.42319008122609103,,False,6.0,False,False,True
TBS adaptive diffusion topology alpha=0.01 edge=0.001,N4110,L2292,0.020390563386662154,4,1,2.9999999999999205,0.39162517627110105,,False,3.0,False,False,True
TBS adaptive diffusion topology alpha=0.01 edge=0.001,N4110,N3917,0.0038354582507615018,4,3,2.999999999994273,0.3916251762719717,,False,3.0,False,False,True
TBS adaptive diffusion topology alpha=0.01 edge=0.001,N4111,N3353,0.010687754464591156,4,2,2.999999999996822,0.3916251762715788,,False,3.0,False,False,True
TBS adaptive diffusion topology alpha=0.01 edge=0.001,N4111,N3943,0.0033490709889279313,4,2,2.999999999996822,0.3916251762715788,,False,3.0,False,False,True
TBS adaptive diffusion topology alpha=0.01 edge=0.001,N4112,L1014,0.02041512301661181,2,1,0.9999999999992697,0.31731050786308795,,False,1.0,False,False,True
TBS adaptive diffusion topology alpha=0.01 edge=0.001,N4112,L1294,0.02041512301661181,2,1,0.9999999999992697,0.31731050786308795,,False,1.0,False,False,True
TBS adaptive diffusion topology alpha=0.01 edge=0.001,N4113,N3731,0.0068459177758161205,7,3,5.999984069561743,0.42319186567130473,,False,6.0,False,False,True
TBS adaptive diffusion topology alpha=0.01 edge=0.001,N4113,N3920,0.003889846701270212,7,4,5.999959653083454,0.4231946008400981,,False,6.0,False,False,True
TBS adaptive diffusion topology alpha=0.01 edge=0.001,N4114,L1352,0.02047827123661407,4,1,2.9999999999993907,0.3916251762711829,,False,3.0,False,False,True
TBS adaptive diffusion topology alpha=0.01 edge=0.001,N4114,N3486,0.009563376231698133,4,3,2.999999999903516,0.39162517628596494,,False,3.0,False,False,True
TBS adaptive diffusion topology alpha=0.01 edge=0.001,N4115,L2347,0.02050872508675558,7,1,5.9999999999953335,0.42319008112736667,,False,6.0,False,False,True
TBS adaptive diffusion topology alpha=0.01 edge=0.001,N4115,N3896,0.004340276501996798,7,6,5.999999999034116,0.42319008123504276,,False,6.0,False,False,True
TBS adaptive diffusion topology alpha=0.01 edge=0.001,N4116,L788,0.020572918441372847,2,1,0.9999999999998874,0.31731050786293846,,False,1.0,False,False,True
TBS adaptive diffusion topology alpha=0.01 edge=0.001,N4116,L1161,0.020572918441372847,2,1,0.9999999999998874,0.31731050786293846,,False,1.0,False,False,True
TBS adaptive diffusion topology alpha=0.01 edge=0.001,N4117,L1870,0.02060804336096159,2,1,0.999999999999934,0.3173105078629272,,False,1.0,False,False,True
TBS adaptive diffusion topology alpha=0.01 edge=0.001,N4117,L1936,0.02060804336096159,2,1,0.999999999999934,0.3173105078629272,,False,1.0,False,False,True
TBS adaptive diffusion topology alpha=0.01 edge=0.001,N4118,L586,0.02062003882882703,8,1,6.999999999993629,0.4288798575537178,,False,7.0,False,False,True
TBS adaptive diffusion topology alpha=0.01 edge=0.001,N4118,N4077,0.0008713258030606289,8,7,6.999999993711159,0.42887985820784713,,False,7.0,False,False,True
TBS adaptive diffusion topology alpha=0.01 edge=0.001,N4119,N3871,0.004972252781440927,18,14,16.99999999461936,0.454366114155179,,False,17.0,False,False,True
TBS adaptive diffusion topology alpha=0.01 edge=0.001,N4119,N3897,0.0044142240799529536,18,4,16.999999999761894,0.45436611380676784,,False,17.0,False,False,True
TBS adaptive diffusion topology alpha=0.01 edge=0.001,N4120,L60,0.02064522632333275,2,1,0.9999999999997531,0.31731050786297105,,False,1.0,False,False,True
TBS adaptive diffusion topology alpha=0.01 edge=0.001,N4120,L206,0.02064522632333275,2,1,0.9999999999997531,0.31731050786297105,,False,1.0,False,False,True
TBS adaptive diffusion topology alpha=0.01 edge=0.001,N4121,L1022,0.02066831852989121,3,1,1.9999999999996454,0.3678794411715076,,False,2.0,False,False,True
TBS adaptive diffusion topology alpha=0.01 edge=0.001,N4121,N2950,0.014506022287527311,3,2,1.9999999999949396,0.36787944117237315,,False,2.0,False,False,True
TBS adaptive diffusion topology alpha=0.01 edge=0.001,N4122,L448,0.0206891267974612,2,1,0.9999999999995235,0.31731050786302656,,False,1.0,False,False,True
TBS adaptive diffusion topology alpha=0.01 edge=0.001,N4122,L1473,0.0206891267974612,2,1,0.9999999999995235,0.31731050786302656,,False,1.0,False,False,True
TBS adaptive diffusion topology alpha=0.01 edge=0.001,N4123,N3618,0.008379461356518375,6,2,4.999999999859701,0.4158801870126303,,False,5.0,False,False,True
TBS adaptive diffusion topology alpha=0.01 edge=0.001,N4123,N3919,0.004130467192999704,6,4,4.999999998426366,0.4158801871875567,,False,5.0,False,False,True
TBS adaptive diffusion topology alpha=0.01 edge=0.001,N4124,L1252,0.020729703893164034,5,1,3.9999999999963247,0.4060058497103354,,False,4.0,False,False,True
TBS adaptive diffusion topology alpha=0.01 edge=0.001,N4124,N3854,0.00533104674984715,5,4,3.999999998567631,0.4060058499036884,,False,4.0,False,False,True
TBS adaptive diffusion topology alpha=0.01 edge=0.001,N4125,L765,0.020745274048804888,2,1,0.9999999999999616,0.3173105078629206,,False,1.0,False,False,True
TBS adaptive diffusion topology alpha=0.01 edge=0.001,N4125,L1104,0.020745274048804888,2,1,0.9999999999999616,0.3173105078629206,,False,1.0,False,False,True
TBS adaptive diffusion topology alpha=0.01 edge=0.001,N4126,L106,0.02081859689418622,3,1,1.9999999999993756,0.3678794411715573,,False,2.0,False,False,True
TBS adaptive diffusion topology alpha=0.01 edge=0.001,N4126,N4007,0.00245603706991664,3,2,1.9999999999911182,0.3678794411730761,,False,2.0,False,False,True
TBS adaptive diffusion topology alpha=0.01 edge=0.001,N4127,N3546,0.009259917106361145,15,7,13.999999056720437,0.44971112612433994,,False,14.0,False,False,True
TBS adaptive diffusion topology alpha=0.01 edge=0.001,N4127,N3846,0.005623868021459518,15,8,13.99999864776912,0.44971115659178407,,False,14.0,False,False,True
TBS adaptive diffusion topology alpha=0.01 edge=0.001,N4128,L1733,0.020855111041033835,2,1,0.9999999999994849,0.3173105078630359,,False,1.0,False,False,True
TBS adaptive diffusion topology alpha=0.01 edge=0.001,N4128,L1924,0.020855111041033835,2,1,0.9999999999994849,0.3173105078630359,,False,1.0,False,False,True
TBS adaptive diffusion topology alpha=0.01 edge=0.001,N4129,N3725,0.00732494473141027,6,4,4.999999986295609,0.4158801886680129,,False,5.0,False,False,True
TBS adaptive diffusion topology alpha=0.01 edge=0.001,N4129,N3776,0.006750924517778771,6,2,4.9999999987864765,0.4158801871436084,,False,5.0,False,False,True
TBS adaptive diffusion topology alpha=0.01 edge=0.001,N4130,L344,0.020866768658639675,5,1,3.999999999999909,0.40600584970985065,,False,4.0,False,False,True
TBS adaptive diffusion topology alpha=0.01 edge=0.001,N4130,N3525,0.009551249148233399,5,4,3.9999999999730442,0.4060058497134861,,False,4.0,False,False,True
TBS adaptive diffusion topology alpha=0.01 edge=0.001,N4131,L1743,0.02087502949521204,2,1,0.9999999999998856,0.31731050786293896,,False,1.0,False,False,True
TBS adaptive diffusion topology alpha=0.01 edge=0.001,N4131,L1850,0.02087502949521204,2,1,0.9999999999998856,0.31731050786293896,,False,1.0,False,False,True
TBS adaptive diffusion topology alpha=0.01 edge=0.001,N4132,L2247,0.020932869835274617,3,1,1.9999999999998301,0.36787944117147353,,False,2.0,False,False,True
TBS adaptive diffusion topology alpha=0.01 edge=0.001,N4132,N3144,0.013067922527742292,3,2,1.9999999999964102,0.3678794411721026,,False,2.0,False,False,True
TBS adaptive diffusion topology alpha=0.01 edge=0.001,N4133,N3515,0.00972497507748509,22,9,84701129.98413238,0.0,,False,21.0,False,False,True
TBS adaptive diffusion topology alpha=0.01 edge=0.001,N4133,N3933,0.0041677944560995035,22,13,40596750.901623406,0.0,,False,21.0,False,False,True
TBS adaptive diffusion topology alpha=0.01 edge=0.001,N4134,L38,0.02099293273433582,3,1,1.9999999999985916,0.3678794411717014,,False,2.0,False,False,True
TBS adaptive diffusion topology alpha=0.01 edge=0.001,N4134,N3171,0.012854198978969101,3,2,1.9999999999698168,0.3678794411769942,,False,2.0,False,False,True
TBS adaptive diffusion topology alpha=0.01 edge=0.001,N4135,L1077,0.021004843372819937,2,1,0.9999999999985822,0.31731050786325427,,False,1.0,False,False,True
TBS adaptive diffusion topology alpha=0.01 edge=0.001,N4135,L1229,0.021004843372819937,2,1,0.9999999999985822,0.31731050786325427,,False,1.0,False,False,True
TBS adaptive diffusion topology alpha=0.01 edge=0.001,N4136,L435,0.021004857437182986,3,1,1.9999999999996014,0.36787944117151566,,False,2.0,False,False,True
TBS adaptive diffusion topology alpha=0.01 edge=0.001,N4136,N3419,0.010778280116667892,3,2,1.999999999992248,0.3678794411728682,,False,2.0,False,False,True
TBS adaptive diffusion topology alpha=0.01 edge=0.001,N4137,N3381,0.011086144233513185,24,10,16850894816.712452,0.0,,False,23.0,False,False,True
TBS adaptive diffusion topology alpha=0.01 edge=0.001,N4137,N3588,0.009020579136889598,24,14,8597388709.94787,0.0,,False,23.0,False,False,True
TBS adaptive diffusion topology alpha=0.01 edge=0.001,N4138,N3348,0.011364893219737092,4,2,2.999999999922409,0.39162517628305193,,False,3.0,False,False,True
TBS adaptive diffusion topology alpha=0.01 edge=0.001,N4138,N3650,0.008315665442449596,4,2,2.999999999922409,0.39162517628305193,,False,3.0,False,False,True
TBS adaptive diffusion topology alpha=0.01 edge=0.001,N4139,N3885,0.005208727535928998,23,6,21.999999959372197,0.4598887051187214,,False,22.0,False,False,True
TBS adaptive diffusion topology alpha=0.01 edge=0.001,N4139,N3952,0.003844137429723137,23,17,21.999999412288386,0.4598887377736234,,False,22.0,False,False,True
TBS adaptive diffusion topology alpha=0.01 edge=0.001,N4140,L2098,0.0211270389735577,2,1,0.999999999999672,0.3173105078629906,,False,1.0,False,False,True
TBS adaptive diffusion topology alpha=0.01 edge=0.001,N4140,L2101,0.0211270389735577,2,1,0.999999999999672,0.3173105078629906,,False,1.0,False,False,True
TBS adaptive diffusion topology alpha=0.01 edge=0.001,N4141,L2029,0.02113140194497345,2,1,0.9999999999994118,0.3173105078630535,,False,1.0,False,False,True
TBS adaptive diffusion topology alpha=0.01 edge=0.001,N4141,L2282,0.02113140194497345,2,1,0.9999999999994118,0.3173105078630535,,False,1.0,False,False,True
TBS adaptive diffusion topology alpha=0.01 edge=0.001,N4142,N3529,0.009834564484835794,6,2,4.99999999959797,0.4158801870445722,,False,5.0,False,False,True
TBS adaptive diffusion topology alpha=0.01 edge=0.001,N4142,N3829,0.006282070319427091,6,4,4.999999995450082,0.41588018755078715,,False,5.0,False,False,True
TBS adaptive diffusion topology alpha=0.01 edge=0.001,N4143,L887,0.02119865491994236,2,1,0.9999999999950315,0.31731050786411347,,False,1.0,False,False,True
TBS adaptive diffusion topology alpha=0.01 edge=0.001,N4143,L938,0.02119865491994236,2,1,0.9999999999950315,0.31731050786411347,,False,1.0,False,False,True
TBS adaptive diffusion topology alpha=0.01 edge=0.001,N4144,N3748,0.0073858830999530565,26,3,24.999999996854328,0.4623736631029096,,False,25.0,False,False,True
TBS adaptive diffusion topology alpha=0.01 edge=0.001,N4144,N3975,0.003595614483758357,26,23,24.999999438993076,0.46237369436777764,,False,25.0,False,False,True
TBS adaptive diffusion topology alpha=0.01 edge=0.001,N4145,L1896,0.021246542560349264,6,1,4.99999999999834,0.4158801869957104,,False,5.0,False,False,True
TBS adaptive diffusion topology alpha=0.01 edge=0.001,N4145,N3929,0.004540903858185893,6,5,4.999999998543095,0.4158801871733109,,False,5.0,False,False,True
TBS adaptive diffusion topology alpha=0.01 edge=0.001,N4146,N3648,0.00858152958721911,13,7,11.99999985339159,0.4456796531389632,,False,12.0,False,False,True
TBS adaptive diffusion topology alpha=0.01 edge=0.001,N4146,N3995,0.0032525494703260966,13,6,11.999999904300726,0.4456796490503703,,False,12.0,False,False,True
TBS adaptive diffusion topology alpha=0.01 edge=0.001,N4147,L414,0.0212772761750525,2,1,0.999999999999492,0.3173105078630341,,False,1.0,False,False,True
TBS adaptive diffusion topology alpha=0.01 edge=0.001,N4147,L596,0.0212772761750525,2,1,0.999999999999492,0.3173105078630341,,False,1.0,False,False,True
TBS adaptive diffusion topology alpha=0.01 edge=0.001,N4148,L1127,0.021287538745433793,2,1,0.9999999999851497,0.3173105078665045,,False,1.0,False,False,True
TBS adaptive diffusion topology alpha=0.01 edge=0.001,N4148,L1140,0.021287538745433793,2,1,0.9999999999851497,0.3173105078665045,,False,1.0,False,False,True
TBS adaptive diffusion topology alpha=0.01 edge=0.001,N4149,L1729,0.021351734252826715,2,1,0.9999999999983225,0.31731050786331716,,False,1.0,False,False,True
TBS adaptive diffusion topology alpha=0.01 edge=0.001,N4149,L1821,0.021351734252826715,2,1,0.9999999999983225,0.31731050786331716,,False,1.0,False,False,True
TBS adaptive diffusion topology alpha=0.01 edge=0.001,N4150,L2142,0.021354632409874754,5,1,3.9999999999997384,0.40600584970987363,,False,4.0,False,False,True
TBS adaptive diffusion topology alpha=0.01 edge=0.001,N4150,N4023,0.0027038099254835185,5,4,3.9999999999314886,0.40600584971911025,,False,4.0,False,False,True
TBS adaptive diffusion topology alpha=0.01 edge=0.001,N4151,L632,0.021375820540320924,3,1,1.9999999999994775,0.36787944117153853,,False,2.0,False,False,True
TBS adaptive diffusion topology alpha=0.01 edge=0.001,N4151,N3664,0.008489042014669853,3,2,1.999999999980995,0.36787944117493815,,False,2.0,False,False,True
TBS adaptive diffusion topology alpha=0.01 edge=0.001,N4152,N3880,0.005631582104946428,27,17,20842960.284608964,0.0,,False,26.0,False,False,True
TBS adaptive diffusion topology alpha=0.01 edge=0.001,N4152,N4057,0.0020727517789110575,27,10,60225787.10321107,0.0,,False,26.0,False,False,True
TBS adaptive diffusion topology alpha=0.01 edge=0.001,N4153,L1159,0.02141123953995871,4,1,2.9999999999962816,0.39162517627166227,,False,3.0,False,False,True
TBS adaptive diffusion topology alpha=0.01 edge=0.001,N4153,N4087,0.0014897918321215187,4,3,2.999999999344565,0.3916251763721439,,False,3.0,False,False,True
TBS adaptive diffusion topology alpha=0.01 edge=0.001,N4154,L1449,0.0214261620836632,3,1,1.9999999999993443,0.36787944117156296,,False,2.0,False,False,True
TBS adaptive diffusion topology alpha=0.01 edge=0.001,N4154,N3691,0.008209953298931594,3,2,1.9999999999873974,0.3678794411737604,,False,2.0,False,False,True
TBS adaptive diffusion topology alpha=0.01 edge=0.001,N4155,L599,0.021428283142426407,3,1,1.9999999999998301,0.36787944117147353,,False,2.0,False,False,True
TBS adaptive diffusion topology alpha=0.01 edge=0.001,N4155,N2746,0.01682159521171138,3,2,1.9999999999986209,0.3678794411716961,,False,2.0,False,False,True
TBS adaptive diffusion topology alpha=0.01 edge=0.001,N4156,L935,0.021458931996112963,3,1,1.999999999998006,0.36787944117180904,,False,2.0,False,False,True
TBS adaptive diffusion topology alpha=0.01 edge=0.001,N4156,N3701,0.008136765077476939,3,2,1.9999999999237665,0.36787944118546473,,False,2.0,False,False,True
TBS adaptive diffusion topology alpha=0.01 edge=0.001,N4157,L1284,0.02147127489443848,2,1,0.9999999999993725,0.3173105078630631,,False,1.0,False,False,True
TBS adaptive diffusion topology alpha=0.01 edge=0.001,N4157,L1463,0.02147127489443848,2,1,0.9999999999993725,0.3173105078630631,,False,1.0,False,False,True
TBS adaptive diffusion topology alpha=0.01 edge=0.001,N4158,N3638,0.00894116320102545,23,17,21.99999942104236,0.459888737251107,,False,22.0,False,False,True
TBS adaptive diffusion topology alpha=0.01 edge=0.001,N4158,N4102,0.0013623548724320286,23,6,21.999999959949957,0.4598887050842343,,False,22.0,False,False,True
TBS adaptive diffusion topology alpha=0.01 edge=0.001,N4159,L2039,0.02162617903372274,2,1,0.999999999999938,0.3173105078629262,,False,1.0,False,False,True
TBS adaptive diffusion topology alpha=0.01 edge=0.001,N4159,L2060,0.02162617903372274,2,1,0.999999999999938,0.3173105078629262,,False,1.0,False,False,True
TBS adaptive diffusion topology alpha=0.01 edge=0.001,N4160,L372,0.021645614235598645,2,1,0.9999999999991702,0.317310507863112,,False,1.0,False,False,True
TBS adaptive diffusion topology alpha=0.01 edge=0.001,N4160,L1009,0.021645614235598645,2,1,0.9999999999991702,0.317310507863112,,False,1.0,False,False,True
TBS adaptive diffusion topology alpha=0.01 edge=0.001,N4161,N3835,0.006558479271137859,7,2,5.99999999994973,0.4231900811324747,,False,6.0,False,False,True
TBS adaptive diffusion topology alpha=0.01 edge=0.001,N4161,N4061,0.0021805369151721454,7,5,5.999999999021906,0.42319008123641066,,False,6.0,False,False,True
TBS adaptive diffusion topology alpha=0.01 edge=0.001,N4162,L2463,0.021694306996228437,2,1,0.9999999999994553,0.317310507863043,,False,1.0,False,False,True
TBS adaptive diffusion topology alpha=0.01 edge=0.001,N4162,L2468,0.021694306996228437,2,1,0.9999999999994553,0.317310507863043,,False,1.0,False,False,True
TBS adaptive diffusion topology alpha=0.01 edge=0.001,N4163,N3855,0.006301579140745873,29,18,1593899122.2705727,0.0,,False,28.0,False,False,True
TBS adaptive diffusion topology alpha=0.01 edge=0.001,N4163,N3994,0.003691867713555365,29,11,4267940679.88122,0.0,,False,28.0,False,False,True
TBS adaptive diffusion topology alpha=0.01 edge=0.001,N4164,L616,0.02172275949086081,2,1,0.9999999999999598,0.3173105078629209,,False,1.0,False,False,True
TBS adaptive diffusion topology alpha=0.01 edge=0.001,N4164,L1466,0.02172275949086081,2,1,0.9999999999999598,0.3173105078629209,,False,1.0,False,False,True
TBS adaptive diffusion topology alpha=0.01 edge=0.001,N4165,L975,0.021744271022801222,2,1,0.9999999999998752,0.3173105078629414,,False,1.0,False,False,True
TBS adaptive diffusion topology alpha=0.01 edge=0.001,N4165,L1357,0.021744271022801222,2,1,0.9999999999998752,0.3173105078629414,,False,1.0,False,False,True
TBS adaptive diffusion topology alpha=0.01 edge=0.001,N4166,N3886,0.005879608244092468,8,2,6.999999622991185,0.42887989680712846,,False,7.0,False,False,True
TBS adaptive diffusion topology alpha=0.01 edge=0.001,N4166,N4018,0.0032503287030833617,8,6,6.999985700138758,0.42888134645290776,,False,7.0,False,False,True
TBS adaptive diffusion topology alpha=0.01 edge=0.001,N4167,N3906,0.00541126937035393,10,4,8.999999994812471,0.437274189392723,,False,9.0,False,False,True
TBS adaptive diffusion topology alpha=0.01 edge=0.001,N4167,N4068,0.002165133476916615,10,6,8.99999998304034,0.43727419047939764,,False,9.0,False,False,True
TBS adaptive diffusion topology alpha=0.01 edge=0.001,N4168,N4002,0.0036028614831312995,48,37,226.1662603551556,5.656850259277389e-32,,False,30.0,False,False,True
TBS adaptive diffusion topology alpha=0.01 edge=0.001,N4168,N4004,0.0035154142602131385,48,11,226.16626099805734,5.656848663779485e-32,,False,30.0,False,False,True
TBS adaptive diffusion topology alpha=0.01 edge=0.001,N4169,L1582,0.021768967091644505,3,1,1.9999999999832556,0.36787944117452226,,False,2.0,False,False,True
TBS adaptive diffusion topology alpha=0.01 edge=0.001,N4169,N3596,0.009704091712436231,3,2,1.9999999993196185,0.36787944129659156,,False,2.0,False,False,True
TBS adaptive diffusion topology alpha=0.01 edge=0.001,N4170,N3576,0.009954080712628646,7,4,5.999998511725536,0.42319024784471504,,False,6.0,False,False,True
TBS adaptive diffusion topology alpha=0.01 edge=0.001,N4170,N3796,0.007291058394982715,7,3,5.9999994123873,0.4231901469517524,,False,6.0,False,False,True
TBS adaptive diffusion topology alpha=0.01 edge=0.001,N4171,N3632,0.009274060375426352,6,3,4.999999999197907,0.4158801870933968,,False,5.0,False,False,True
TBS adaptive diffusion topology alpha=0.01 edge=0.001,N4171,N3651,0.009040493341609722,6,3,4.9999999991979,0.41588018709339747,,False,5.0,False,False,True
TBS adaptive diffusion topology alpha=0.01 edge=0.001,N4172,L1762,0.021834708547730956,2,1,0.9999999999999585,0.3173105078629213,,False,1.0,False,False,True
TBS adaptive diffusion topology alpha=0.01 edge=0.001,N4172,L1866,0.021834708547730956,2,1,0.9999999999999585,0.3173105078629213,,False,1.0,False,False,True
TBS adaptive diffusion topology alpha=0.01 edge=0.001,N4173,N3754,0.007967493048051251,9,4,7.999999994060764,0.43347012094687387,0.4334701214998167,False,8.0,False,True,False
TBS adaptive diffusion topology alpha=0.01 edge=0.001,N4173,N3990,0.0039002904147770984,9,5,7.999999988400204,0.4334701214998167,0.4334701214998167,False,8.0,False,True,False
TBS adaptive diffusion topology alpha=0.01 edge=0.001,N4174,L1313,0.021887996950915194,3,1,1.9999999999995677,0.3678794411715219,,False,2.0,False,False,True
TBS adaptive diffusion topology alpha=0.01 edge=0.001,N4174,N3910,0.005489060778532544,3,2,1.9999999999909233,0.3678794411731119,,False,2.0,False,False,True
TBS adaptive diffusion topology alpha=0.01 edge=0.001,N4175,L2453,0.021906459895221143,2,1,0.9999999999993971,0.3173105078630571,,False,1.0,False,False,True
TBS adaptive diffusion topology alpha=0.01 edge=0.001,N4175,L2478,0.021906459895221143,2,1,0.9999999999993971,0.3173105078630571,,False,1.0,False,False,True
TBS adaptive diffusion topology alpha=0.01 edge=0.001,N4176,L65,0.021958745607009864,4,1,2.99999999999982,0.3916251762711167,,False,3.0,False,False,True
TBS adaptive diffusion topology alpha=0.01 edge=0.001,N4176,N4056,0.002707470660176774,4,3,2.9999999999955556,0.39162517627177407,,False,3.0,False,False,True
TBS adaptive diffusion topology alpha=0.01 edge=0.001,N4177,L1085,0.021971189087821495,2,1,0.9999999999902283,0.3173105078652757,,False,1.0,False,False,True
TBS adaptive diffusion topology alpha=0.01 edge=0.001,N4177,L1472,0.021971189087821495,2,1,0.9999999999902283,0.3173105078652757,,False,1.0,False,False,True
TBS adaptive diffusion topology alpha=0.01 edge=0.001,N4178,N3555,0.01033479443789622,6,2,4.999999999995279,0.4158801869960842,,False,5.0,False,False,True
TBS adaptive diffusion topology alpha=0.01 edge=0.001,N4178,N3655,0.009169165010978069,6,4,4.999999999958192,0.41588018700061036,,False,5.0,False,False,True
TBS adaptive diffusion topology alpha=0.01 edge=0.001,N4179,L2458,0.021990630044348557,2,1,0.9999999999948879,0.3173105078641482,,False,1.0,False,False,True
TBS adaptive diffusion topology alpha=0.01 edge=0.001,N4179,L2494,0.021990630044348557,2,1,0.9999999999948879,0.3173105078641482,,False,1.0,False,False,True
TBS adaptive diffusion topology alpha=0.01 edge=0.001,N4180,N3798,0.007478980205847038,6,3,4.999986996458674,0.41588177396953774,,False,5.0,False,False,True
TBS adaptive diffusion topology alpha=0.01 edge=0.001,N4180,N3861,0.006509505384143138,6,3,4.999986996457298,0.4158817739697056,,False,5.0,False,False,True
TBS adaptive diffusion topology alpha=0.01 edge=0.001,N4181,L845,0.02205705361201619,2,1,0.9999999999985854,0.3173105078632536,,False,1.0,False,False,True
TBS adaptive diffusion topology alpha=0.01 edge=0.001,N4181,L1369,0.02205705361201619,2,1,0.9999999999985854,0.3173105078632536,,False,1.0,False,False,True
TBS adaptive diffusion topology alpha=0.01 edge=0.001,N4182,N3362,0.012287884733631774,7,3,5.999999999911892,0.4231900811367134,,False,6.0,False,False,True
TBS adaptive diffusion topology alpha=0.01 edge=0.001,N4182,N4114,0.0016013173232403823,7,4,5.999999999792145,0.4231900811501277,,False,6.0,False,False,True
TBS adaptive diffusion topology alpha=0.01 edge=0.001,N4183,L1702,0.022097173396928318,2,1,0.9999999999998144,0.31731050786295617,,False,1.0,False,False,True
TBS adaptive diffusion topology alpha=0.01 edge=0.001,N4183,L1721,0.022097173396928318,2,1,0.9999999999998144,0.31731050786295617,,False,1.0,False,False,True
TBS adaptive diffusion topology alpha=0.01 edge=0.001,N4184,L242,0.022124595479721187,3,1,1.9999999999997322,0.3678794411714917,,False,2.0,False,False,True
TBS adaptive diffusion topology alpha=0.01 edge=0.001,N4184,N3312,0.012750739170706307,3,2,1.9999999999930886,0.36787944117271365,,False,2.0,False,False,True
TBS adaptive diffusion topology alpha=0.01 edge=0.001,N4185,L2461,0.02213781910042153,2,1,0.9999999999997138,0.3173105078629805,,False,1.0,False,False,True
TBS adaptive diffusion topology alpha=0.01 edge=0.001,N4185,L2465,0.02213781910042153,2,1,0.9999999999997138,0.3173105078629805,,False,1.0,False,False,True
TBS adaptive diffusion topology alpha=0.01 edge=0.001,N4186,L1518,0.022148242196296616,4,1,2.9999999999996394,0.39162517627114435,,False,3.0,False,False,True
TBS adaptive diffusion topology alpha=0.01 edge=0.001,N4186,N3815,0.007484915140692453,4,3,2.999999999960797,0.39162517627713334,,False,3.0,False,False,True
TBS adaptive diffusion topology alpha=0.01 edge=0.001,N4187,N3124,0.014468755718603257,7,3,5.99999999999475,0.42319008112743184,,False,6.0,False,False,True
TBS adaptive diffusion topology alpha=0.01 edge=0.001,N4187,N3580,0.010313127659198113,7,4,5.999999999987546,0.42319008112823864,,False,6.0,False,False,True
TBS adaptive diffusion topology alpha=0.01 edge=0.001,N4188,L680,0.022193214396350813,5,1,3.9999999999986873,0.40600584971001585,,False,4.0,False,False,True
TBS adaptive diffusion topology alpha=0.01 edge=0.001,N4188,N3889,0.006244843639079817,5,4,3.999999999535078,0.40600584977275855,,False,4.0,False,False,True
TBS adaptive diffusion topology alpha=0.01 edge=0.001,N4189,N4003,0.004018019984989693,16,5,14.99999999642359,0.4514172114833416,,False,15.0,False,False,True
TBS adaptive diffusion topology alpha=0.01 edge=0.001,N4189,N4053,0.0029623054233706876,16,11,14.999999970726918,0.45141721333433016,,False,15.0,False,False,True
TBS adaptive diffusion topology alpha=0.01 edge=0.001,N4190,N3007,0.01547880194620478,6,2,4.999999999995639,0.41588018699604035,,False,5.0,False,False,True
TBS adaptive diffusion topology alpha=0.01 edge=0.001,N4190,N3970,0.0047084287808446985,6,4,4.9999999999618705,0.4158801870001614,,False,5.0,False,False,True
TBS adaptive diffusion topology alpha=0.01 edge=0.001,N4191,N3799,0.007668158861639596,5,2,3.99999998416887,0.4060058518523486,,False,4.0,False,False,True
TBS adaptive diffusion topology alpha=0.01 edge=0.001,N4191,N4078,0.002458468140006725,5,3,3.999999929819309,0.40600585920776155,,False,4.0,False,False,True
TBS adaptive diffusion topology alpha=0.01 edge=0.001,N4192,L1961,0.022247798653663452,3,1,1.9999999999957034,0.3678794411722326,,False,2.0,False,False,True
TBS adaptive diffusion topology alpha=0.01 edge=0.001,N4192,N3646,0.00957178264359151,3,2,1.9999999998491365,0.3678794411991922,,False,2.0,False,False,True
TBS adaptive diffusion topology alpha=0.01 edge=0.001,N4193,L131,0.022263078899091408,3,1,1.999999999998221,0.3678794411717696,,False,2.0,False,False,True
TBS adaptive diffusion topology alpha=0.01 edge=0.001,N4193,N3248,0.013381867701166226,3,2,1.9999999999428002,0.3678794411819636,,False,2.0,False,False,True
TBS adaptive diffusion topology alpha=0.01 edge=0.001,N4194,N3465,0.011605030188724826,9,4,7.999999999671484,0.43347012039879973,,False,8.0,False,False,True
TBS adaptive diffusion topology alpha=0.01 edge=0.001,N4194,N3869,0.006664927296899016,9,5,7.9999999993701945,0.43347012042823074,,False,8.0,False,False,True
TBS adaptive diffusion topology alpha=0.01 edge=0.001,N4195,N3372,0.01239509060488307,10,2,8.999999999708994,0.43727418894072956,,False,9.0,False,False,True
TBS adaptive diffusion topology alpha=0.01 edge=0.001,N4195,N4058,0.0029244359602417034,10,8,8.999999977786619,0.4372741909643637,,False,9.0,False,False,True
TBS adaptive diffusion topology alpha=0.01 edge=0.001,N4196,L130,0.022290293617559402,2,1,0.9999999999975859,0.31731050786349535,,False,1.0,False,False,True
TBS adaptive diffusion topology alpha=0.01 edge=0.001,N4196,L240,0.022290293617559402,2,1,0.9999999999975859,0.31731050786349535,,False,1.0,False,False,True
TBS adaptive diffusion topology alpha=0.01 edge=0.001,N4197,N3866,0.006722221477704879,19,6,17.999999976862142,0.455652605846691,,False,18.0,False,False,True
TBS adaptive diffusion topology alpha=0.01 edge=0.001,N4197,N4021,0.0036895570254872273,19,13,17.99999982564481,0.455652615808559,,False,18.0,False,False,True
TBS adaptive diffusion topology alpha=0.01 edge=0.001,N4198,L2067,0.022356631376427714,2,1,0.9999999999965161,0.3173105078637542,,False,1.0,False,False,True
TBS adaptive diffusion topology alpha=0.01 edge=0.001,N4198,L2074,0.022356631376427714,2,1,0.9999999999965161,0.3173105078637542,,False,1.0,False,False,True
TBS adaptive diffusion topology alpha=0.01 edge=0.001,N4199,L278,0.022372299425113394,3,1,1.9999999999981686,0.36787944117177923,,False,2.0,False,False,True
TBS adaptive diffusion topology alpha=0.01 edge=0.001,N4199,N3778,0.008194836045373705,3,2,1.9999999999444276,0.3678794411816644,,False,2.0,False,False,True
TBS adaptive diffusion topology alpha=0.01 edge=0.001,N4200,L219,0.02237860125751483,3,1,1.9999999999984566,0.36787944117172633,,False,2.0,False,False,True
TBS adaptive diffusion topology alpha=0.01 edge=0.001,N4200,N3805,0.007804697538231376,3,2,1.9999999999443852,0.3678794411816721,,False,2.0,False,False,True
TBS adaptive diffusion topology alpha=0.01 edge=0.001,N4201,L2242,0.022520434710476274,3,1,1.9999999999991964,0.3678794411715902,,False,2.0,False,False,True
TBS adaptive diffusion topology alpha=0.01 edge=0.001,N4201,N3702,0.009196676275088548,3,2,1.9999999999848215,0.3678794411742344,,False,2.0,False,False,True
TBS adaptive diffusion topology alpha=0.01 edge=0.001,N4202,L2028,0.022524391414010428,2,1,0.9999999999998763,0.3173105078629412,,False,1.0,False,False,True
TBS adaptive diffusion topology alpha=0.01 edge=0.001,N4202,L2120,0.022524391414010428,2,1,0.9999999999998763,0.3173105078629412,,False,1.0,False,False,True
TBS adaptive diffusion topology alpha=0.01 edge=0.001,N4203,N3779,0.00834051114281982,13,4,11.999999766034549,0.4456796601547438,,False,12.0,False,False,True
TBS adaptive diffusion topology alpha=0.01 edge=0.001,N4203,N4010,0.004143392914697973,13,9,11.999997692991741,0.4456798266440857,,False,12.0,False,False,True
TBS adaptive diffusion topology alpha=0.01 edge=0.001,N4204,L2061,0.022546158916707915,4,1,2.9999999999991522,0.39162517627121973,,False,3.0,False,False,True
TBS adaptive diffusion topology alpha=0.01 edge=0.001,N4204,N3892,0.0064785589767590085,4,3,2.999999999896148,0.3916251762871007,,False,3.0,False,False,True
TBS adaptive diffusion topology alpha=0.01 edge=0.001,N4205,L342,0.022552163476105717,2,1,0.9999999999999873,0.3173105078629143,,False,1.0,False,False,True
TBS adaptive diffusion topology alpha=0.01 edge=0.001,N4205,L396,0.022552163476105717,2,1,0.9999999999999873,0.3173105078629143,,False,1.0,False,False,True
TBS adaptive diffusion topology alpha=0.01 edge=0.001,N4206,L2094,0.02256438324296475,2,1,0.9999999999995748,0.3173105078630141,,False,1.0,False,False,True
TBS adaptive diffusion topology alpha=0.01 edge=0.001,N4206,L2106,0.02256438324296475,2,1,0.9999999999995748,0.3173105078630141,,False,1.0,False,False,True
TBS adaptive diffusion topology alpha=0.01 edge=0.001,N4207,L1583,0.022565203546527763,8,1,6.999999999993312,0.428879857553751,,False,7.0,False,False,True
TBS adaptive diffusion topology alpha=0.01 edge=0.001,N4207,N4083,0.0027097543459968783,8,7,6.999999985884591,0.42887985902274806,,False,7.0,False,False,True
TBS adaptive diffusion topology alpha=0.01 edge=0.001,N4208,L661,0.022580659408658613,8,1,6.999999999992723,0.4288798575538121,,False,7.0,False,False,True
TBS adaptive diffusion topology alpha=0.01 edge=0.001,N4208,N3956,0.005257411090088991,8,7,6.999999980296995,0.4288798596045269,,False,7.0,False,False,True
TBS adaptive diffusion topology alpha=0.01 edge=0.001,N4209,N3784,0.008311151555584106,9,3,7.999999994992053,0.4334701208559024,,False,8.0,False,False,True
TBS adaptive diffusion topology alpha=0.01 edge=0.001,N4209,N4105,0.002371079743015683,9,6,7.999999958406445,0.4334701244297092,,False,8.0,False,False,True
TBS adaptive diffusion topology alpha=0.01 edge=0.001,N4210,L2022,0.022600576243628958,4,1,2.9999999999985936,0.39162517627130566,,False,3.0,False,False,True
TBS adaptive diffusion topology alpha=0.01 edge=0.001,N4210,N3610,0.010354961241470626,4,3,2.999999999776732,0.3916251763055124,,False,3.0,False,False,True
TBS adaptive diffusion topology alpha=0.01 edge=0.001,N4211,L2259,0.0226028143338739,6,1,4.999999999998854,0.4158801869956479,,False,5.0,False,False,True
TBS adaptive diffusion topology alpha=0.01 edge=0.001,N4211,N3877,0.006868302884495141,6,5,4.999999999727946,0.4158801870287101,,False,5.0,False,False,True
TBS adaptive diffusion topology alpha=0.01 edge=0.001,N4212,L2081,0.022622396166809493,7,1,5.999999999976642,0.4231900811294602,,False,6.0,False,False,True
TBS adaptive diffusion topology alpha=0.01 edge=0.001,N4212,N4123,0.001932772306089033,7,6,5.999999905077772,0.42319009176011735,,False,6.0,False,False,True
TBS adaptive diffusion topology alpha=0.01 edge=0.001,N4213,N3613,0.010377501828502243,12,4,10.999999997657843,0.44326327862268455,,False,11.0,False,False,True
TBS adaptive diffusion topology alpha=0.01 edge=0.001,N4213,N3752,0.008754175162075398,12,8,10.999999983319675,0.443263279823896,,False,11.0,False,False,True
TBS adaptive diffusion topology alpha=0.01 edge=0.001,N4214,N3945,0.0055540212107411,31,17,202808745.64824438,0.0,,False,30.0,False,False,True
TBS adaptive diffusion topology alpha=0.01 edge=0.001,N4214,N4039,0.0037583714958259145,31,14,299039310.20465523,0.0,,False,30.0,False,False,True
TBS adaptive diffusion topology alpha=0.01 edge=0.001,N4215,L105,0.02264006141212497,11,1,9.999999999970566,0.4404932850677945,,False,10.0,False,False,True
TBS adaptive diffusion topology alpha=0.01 edge=0.001,N4215,N4079,0.0028358054773453515,11,10,9.999999216614375,0.4404933537945228,,False,10.0,False,False,True
TBS adaptive diffusion topology alpha=0.01 edge=0.001,N4216,N3325,0.013139115844926427,9,5,7.999999982106295,0.4334701221146271,,False,8.0,False,False,True
TBS adaptive diffusion topology alpha=0.01 edge=0.001,N4216,N4044,0.0037047620311963163,9,4,7.999999990840019,0.4334701212614872,,False,8.0,False,False,True
TBS adaptive diffusion topology alpha=0.01 edge=0.001,N4217,L1311,0.022699441593508188,3,1,1.999999999999912,0.36787944117145865,,False,2.0,False,False,True
TBS adaptive diffusion topology alpha=0.01 edge=0.001,N4217,N2762,0.017947731934759237,3,2,1.9999999999991491,0.36787944117159893,,False,2.0,False,False,True
TBS adaptive diffusion topology alpha=0.01 edge=0.001,N4218,N2915,0.016883555769484512,7,2,5.999999999932523,0.42319008113440226,,False,6.0,False,False,True
TBS adaptive diffusion topology alpha=0.01 edge=0.001,N4218,N3833,0.007733872441398022,7,5,5.999999998519747,0.4231900812926628,,False,6.0,False,False,True
TBS adaptive diffusion topology alpha=0.01 edge=0.001,N4219,L1485,0.02278817676280198,3,1,1.9999999999994862,0.36787944117153687,,False,2.0,False,False,True
TBS adaptive diffusion topology alpha=0.01 edge=0.001,N4219,N3926,0.006129529272290426,3,2,1.9999999999877052,0.3678794411737038,,False,2.0,False,False,True
TBS adaptive diffusion topology alpha=0.01 edge=0.001,N4220,N3967,0.005352713182178206,7,4,5.999999995159168,0.42319008166911776,,False,6.0,False,False,True
TBS adaptive diffusion topology alpha=0.01 edge=0.001,N4220,N4134,0.0018243024592444945,7,3,5.999999998087061,0.4231900813411327,,False,6.0,False,False,True
TBS adaptive diffusion topology alpha=0.01 edge=0.001,N4221,N3056,0.015740959613886985,4,2,2.999999999795852,0.3916251763025643,,False,3.0,False,False,True
TBS adaptive diffusion topology alpha=0.01 edge=0.001,N4221,N3496,0.011732963145817564,4,2,2.999999999795852,0.3916251763025643,,False,3.0,False,False,True
TBS adaptive diffusion topology alpha=0.01 edge=0.001,N4222,N3961,0.005427046952815496,27,16,6473589563.802434,0.0,,False,26.0,False,False,True
TBS adaptive diffusion topology alpha=0.01 edge=0.001,N4222,N3985,0.004993753122597106,27,11,13696179876.074875,0.0,,False,26.0,False,False,True
TBS adaptive diffusion topology alpha=0.01 edge=0.001,N4223,L2412,0.022834445787138242,2,1,0.9999999999999147,0.31731050786293186,,False,1.0,False,False,True
TBS adaptive diffusion topology alpha=0.01 edge=0.001,N4223,L2420,0.022834445787138242,2,1,0.9999999999999147,0.31731050786293186,,False,1.0,False,False,True
TBS adaptive diffusion topology alpha=0.01 edge=0.001,N4224,L1040,0.02283918901480375,2,1,0.9999999999968285,0.31731050786367865,,False,1.0,False,False,True
TBS adaptive diffusion topology alpha=0.01 edge=0.001,N4224,L1307,0.02283918901480375,2,1,0.9999999999968285,0.31731050786367865,,False,1.0,False,False,True
TBS adaptive diffusion topology alpha=0.01 edge=0.001,N4225,L2155,0.022853606606049407,3,1,1.9999999999994322,0.36787944117154686,,False,2.0,False,False,True
TBS adaptive diffusion topology alpha=0.01 edge=0.001,N4225,N3882,0.007051881178972193,3,2,1.9999999999864602,0.36787944117393284,,False,2.0,False,False,True
TBS adaptive diffusion topology alpha=0.01 edge=0.001,N4226,N3973,0.005387655180598629,34,24,451.6290491874729,9.327771121385653e-77,,False,30.0,False,False,True
TBS adaptive diffusion topology alpha=0.01 edge=0.001,N4226,N4011,0.004602531007467344,34,10,451.6290683456917,9.327687283738483e-77,,False,30.0,False,False,True
TBS adaptive diffusion topology alpha=0.01 edge=0.001,N4227,N3982,0.005252949210981512,7,3,5.999999998745397,0.423190081267385,,False,6.0,False,False,True
TBS adaptive diffusion topology alpha=0.01 edge=0.001,N4227,N4067,0.003451958656871219,7,4,5.999999996825269,0.42319008148247994,,False,6.0,False,False,True
TBS adaptive diffusion topology alpha=0.01 edge=0.001,N4228,L2266,0.023049320332672315,3,1,1.9999999999992513,0.3678794411715801,,False,2.0,False,False,True
TBS adaptive diffusion topology alpha=0.01 edge=0.001,N4228,N3721,0.009539244825797806,3,2,1.9999999999912514,0.36787944117305155,,False,2.0,False,False,True
TBS adaptive diffusion topology alpha=0.01 edge=0.001,N4229,N3213,0.014650519187824087,5,2,3.9999999999574136,0.40600584971560183,,False,4.0,False,False,True
TBS adaptive diffusion topology alpha=0.01 edge=0.001,N4229,N3658,0.010276284323507466,5,3,3.9999999998275415,0.4060058497331779,,False,4.0,False,False,True
TBS adaptive diffusion topology alpha=0.01 edge=0.001,N4230,N3783,0.008876026554551036,17,5,15.999999967038459,0.45296081178748815,,False,16.0,False,False,True
TBS adaptive diffusion topology alpha=0.01 edge=0.001,N4230,N3851,0.007799040302113498,17,12,15.999999654710221,0.4529608335858961,,False,16.0,False,False,True
TBS adaptive diffusion topology alpha=0.01 edge=0.001,N4231,N3492,0.01213189038836841,10,2,8.999999999255365,0.4372741889826035,,False,9.0,False,False,True
TBS adaptive diffusion topology alpha=0.01 edge=0.001,N4231,N4118,0.0025277487184553766,10,8,8.999999939242617,0.4372741945223244,,False,9.0,False,False,True
TBS adaptive diffusion topology alpha=0.01 edge=0.001,N4232,N4030,0.004408695650412345,24,5,22.999999999036035,0.4607708906085838,,False,23.0,False,False,True
TBS adaptive diffusion topology alpha=0.01 edge=0.001,N4232,N4042,0.0042570307169925645,24,19,22.999999973534894,0.46077089209775446,,False,23.0,False,False,True
TBS adaptive diffusion topology alpha=0.01 edge=0.001,N4233,L1497,0.023171992344603255,2,1,0.999999999999903,0.3173105078629347,,False,1.0,False,False,True
TBS adaptive diffusion topology alpha=0.01 edge=0.001,N4233,L1579,0.023171992344603255,2,1,0.999999999999903,0.3173105078629347,,False,1.0,False,False,True
TBS adaptive diffusion topology alpha=0.01 edge=0.001,N4234,L562,0.023202569128491113,7,1,5.999999999999513,0.42319008112689815,,False,6.0,False,False,True
TBS adaptive diffusion topology alpha=0.01 edge=0.001,N4234,N3674,0.010166817411345955,7,6,5.999999999272521,0.42319008120833657,,False,6.0,False,False,True
TBS adaptive diffusion topology alpha=0.01 edge=0.001,N4235,N3823,0.008439050909443859,12,2,10.999999999242597,0.4432632784899183,,False,11.0,False,False,True
TBS adaptive diffusion topology alpha=0.01 edge=0.001,N4235,N3977,0.005542823673525525,12,10,10.999999892911719,0.4432632873980187,,False,11.0,False,False,True
TBS adaptive diffusion topology alpha=0.01 edge=0.001,N4236,N3936,0.006362460203792375,7,3,5.999999998774754,0.42319008126409685,,False,6.0,False,False,True
TBS adaptive diffusion topology alpha=0.01 edge=0.001,N4236,N4060,0.003848132128230653,7,4,5.999999996916197,0.42319008147229387,,False,6.0,False,False,True
TBS adaptive diffusion topology alpha=0.01 edge=0.001,N4237,L1023,0.023251893915637988,2,1,0.9999999999968558,0.31731050786367204,,False,1.0,False,False,True
TBS adaptive diffusion topology alpha=0.01 edge=0.001,N4237,L1074,0.023251893915637988,2,1,0.9999999999968558,0.31731050786367204,,False,1.0,False,False,True
TBS adaptive diffusion topology alpha=0.01 edge=0.001,N4238,N3406,0.01310143806830562,10,3,8.999999999860279,0.4372741889267645,,False,9.0,False,False,True
TBS adaptive diffusion topology alpha=0.01 edge=0.001,N4238,N4115,0.002755040581934444,10,7,8.99999999839011,0.4372741890624744,,False,9.0,False,False,True
TBS adaptive diffusion topology alpha=0.01 edge=0.001,N4239,N3264,0.014232140678091344,7,3,5.999999999802257,0.42319008114899515,,False,6.0,False,False,True
TBS adaptive diffusion topology alpha=0.01 edge=0.001,N4239,N4033,0.004487344008491478,7,4,5.99999999950206,0.42319008118262336,,False,6.0,False,False,True
TBS adaptive diffusion topology alpha=0.01 edge=0.001,N4240,L1565,0.023306125682960702,4,1,2.999999999997939,0.3916251762714067,,False,3.0,False,False,True
TBS adaptive diffusion topology alpha=0.01 edge=0.001,N4240,N3671,0.010313953054169973,4,3,2.9999999998217013,0.3916251762985793,,False,3.0,False,False,True
TBS adaptive diffusion topology alpha=0.01 edge=0.001,N4241,L1797,0.023318206143459117,9,1,7.999999999988248,0.43347012036785704,,False,8.0,False,False,True
TBS adaptive diffusion topology alpha=0.01 edge=0.001,N4241,N3753,0.009441652390461849,9,8,7.999999901503923,0.4334701299881415,,False,8.0,False,False,True
TBS adaptive diffusion topology alpha=0.01 edge=0.001,N4242,L286,0.023406623046673434,5,1,3.9999999999985407,0.4060058497100356,,False,4.0,False,False,True
TBS adaptive diffusion topology alpha=0.01 edge=0.001,N4242,N4052,0.00418763177083273,5,4,3.9999999997553104,0.4060058497429534,,False,4.0,False,False,True
TBS adaptive diffusion topology alpha=0.01 edge=0.001,N4243,N2923,0.017483756059130044,4,2,2.9999999999983142,0.39162517627134874,,False,3.0,False,False,True
TBS adaptive diffusion topology alpha=0.01 edge=0.001,N4243,N3962,0.005999385901596005,4,2,2.9999999999983142,0.39162517627134874,,False,3.0,False,False,True
TBS adaptive diffusion topology alpha=0.01 edge=0.001,N4244,L2099,0.023511113575723417,3,1,1.9999999999888811,0.3678794411734876,,False,2.0,False,False,True
TBS adaptive diffusion topology alpha=0.01 edge=0.001,N4244,N3698,0.010209460711866824,3,2,1.999999999587494,0.3678794412473186,,False,2.0,False,False,True
TBS adaptive diffusion topology alpha=0.01 edge=0.001,N4245,L2040,0.02352765687001091,2,1,0.9999999999999873,0.3173105078629143,,False,1.0,False,False,True
TBS adaptive diffusion topology alpha=0.01 edge=0.001,N4245,L2338,0.02352765687001091,2,1,0.9999999999999873,0.3173105078629143,,False,1.0,False,False,True
TBS adaptive diffusion topology alpha=0.01 edge=0.001,N4246,N3790,0.009155021865849886,9,4,7.9999999854217005,0.43347012179076694,,False,8.0,False,False,True
TBS adaptive diffusion topology alpha=0.01 edge=0.001,N4246,N3921,0.006987967873863071,9,5,7.999999971513624,0.4334701231493556,,False,8.0,False,False,True
TBS adaptive diffusion topology alpha=0.01 edge=0.001,N4247,N3623,0.011207092422919836,14,11,12.999999997757529,0.44781167449270687,,False,13.0,False,False,True
TBS adaptive diffusion topology alpha=0.01 edge=0.001,N4247,N4136,0.002575290163777452,14,3,12.999999999924936,0.4478116743252898,,False,13.0,False,False,True
TBS adaptive diffusion topology alpha=0.01 edge=0.001,N4248,L2190,0.023583242250955292,2,1,0.9999999999999507,0.31731050786292314,,False,1.0,False,False,True
TBS adaptive diffusion topology alpha=0.01 edge=0.001,N4248,L2240,0.023583242250955292,2,1,0.9999999999999507,0.31731050786292314,,False,1.0,False,False,True
TBS adaptive diffusion topology alpha=0.01 edge=0.001,N4249,N3859,0.008091681110265312,4,2,2.9999999995809827,0.39162517633569316,,False,3.0,False,False,True
TBS adaptive diffusion topology alpha=0.01 edge=0.001,N4249,N3874,0.007897272212792142,4,2,2.9999999995809827,0.39162517633569316,,False,3.0,False,False,True
TBS adaptive diffusion topology alpha=0.01 edge=0.001,N4250,L28,0.02365610363102748,9,1,7.999999999982075,0.4334701203684601,0.4334701213863109,False,8.0,False,True,False
TBS adaptive diffusion topology alpha=0.01 edge=0.001,N4250,N3912,0.007211748040709211,9,8,7.999999989562179,0.4334701213863109,0.4334701213863109,False,8.0,False,True,False
TBS adaptive diffusion topology alpha=0.01 edge=0.001,N4251,L2012,0.02375190831528652,3,1,1.9999999999997375,0.3678794411714907,,False,2.0,False,False,True
TBS adaptive diffusion topology alpha=0.01 edge=0.001,N4251,N3916,0.007212191655031641,3,2,1.9999999999904299,0.3678794411732027,,False,2.0,False,False,True
TBS adaptive diffusion topology alpha=0.01 edge=0.001,N4252,L230,0.023754411596898794,4,1,2.9999999955138126,0.39162517696277066,,False,3.0,False,False,True
TBS adaptive diffusion topology alpha=0.01 edge=0.001,N4252,N3907,0.007405800394136315,4,3,2.9999988621962617,0.3916253516980779,,False,3.0,False,False,True
TBS adaptive diffusion topology alpha=0.01 edge=0.001,N4253,N3521,0.012485080803694896,7,5,5.999988462806533,0.4231913735349261,,False,6.0,False,False,True
TBS adaptive diffusion topology alpha=0.01 edge=0.001,N4253,N3878,0.008012208512420921,7,2,5.999999483712434,0.42319013896184576,,False,6.0,False,False,True
TBS adaptive diffusion topology alpha=0.01 edge=0.001,N4254,N3843,0.008548205080063886,6,4,4.608678910900594,0.46547553750842086,,False,5.0,False,False,True
TBS adaptive diffusion topology alpha=0.01 edge=0.001,N4254,N4037,0.004911379178106238,6,2,4.905821880674242,0.42748171202290475,,False,5.0,False,False,True
TBS adaptive diffusion topology alpha=0.01 edge=0.001,N4255,L2223,0.023844770977521752,6,1,4.999999999998772,0.4158801869956581,,False,5.0,False,False,True
TBS adaptive diffusion topology alpha=0.01 edge=0.001,N4255,N3856,0.0084289035728086,6,5,4.999999998761947,0.4158801871466019,,False,5.0,False,False,True
TBS adaptive diffusion topology alpha=0.01 edge=0.001,N4256,N2509,0.022916112009068783,7,2,5.999999999979106,0.4231900811291842,,False,6.0,False,False,True
TBS adaptive diffusion topology alpha=0.01 edge=0.001,N4256,N3928,0.007183817982365719,7,5,5.999999999553816,0.42319008117682555,,False,6.0,False,False,True
TBS adaptive diffusion topology alpha=0.01 edge=0.001,N4257,N3617,0.011612807287689448,7,4,5.999999999941298,0.4231900811334194,,False,6.0,False,False,True
TBS adaptive diffusion topology alpha=0.01 edge=0.001,N4257,N4064,0.0044032970529155275,7,3,5.999999999975117,0.4231900811296313,,False,6.0,False,False,True
TBS adaptive diffusion topology alpha=0.01 edge=0.001,N4258,L1267,0.023913367249892303,2,1,0.9999999999998717,0.31731050786294224,,False,1.0,False,False,True
TBS adaptive diffusion topology alpha=0.01 edge=0.001,N4258,L1550,0.023913367249892303,2,1,0.9999999999998717,0.31731050786294224,,False,1.0,False,False,True
TBS adaptive diffusion topology alpha=0.01 edge=0.001,N4259,L1343,0.023961097058736797,8,1,6.999999999995684,0.4288798575535042,,False,7.0,False,False,True
TBS adaptive diffusion topology alpha=0.01 edge=0.001,N4259,N3948,0.006770583417681306,8,7,6.999999986901526,0.42887985891686475,,False,7.0,False,False,True
TBS adaptive diffusion topology alpha=0.01 edge=0.001,N4260,L1505,0.02400322684637595,3,1,1.9999999999997229,0.36787944117149346,,False,2.0,False,False,True
TBS adaptive diffusion topology alpha=0.01 edge=0.001,N4260,N3686,0.010844293095017039,3,2,1.9999999999899214,0.36787944117329624,,False,2.0,False,False,True
TBS adaptive diffusion topology alpha=0.01 edge=0.001,N4261,L121,0.024045543758792497,5,1,3.999999999999059,0.40600584970996556,,False,4.0,False,False,True
TBS adaptive diffusion topology alpha=0.01 edge=0.001,N4261,N3966,0.006586138792242342,5,4,3.9999999997713402,0.4060058497407839,,False,4.0,False,False,True
TBS adaptive diffusion topology alpha=0.01 edge=0.001,N4262,L2013,0.02406421593022735,3,1,1.9999999999998157,0.36787944117147625,,False,2.0,False,False,True
TBS adaptive diffusion topology alpha=0.01 edge=0.001,N4262,N3435,0.013720918131885,3,2,1.9999999999987994,0.36787944117166327,,False,2.0,False,False,True
TBS adaptive diffusion topology alpha=0.01 edge=0.001,N4263,N3780,0.009839293105253864,15,8,13.999999998362801,0.44971105597067207,,False,14.0,False,False,True
TBS adaptive diffusion topology alpha=0.01 edge=0.001,N4263,N4253,0.00030361045907122765,15,7,13.999999998840817,0.44971105593505933,,False,14.0,False,False,True
TBS adaptive diffusion topology alpha=0.01 edge=0.001,N4264,N3968,0.006616817417924214,6,3,4.999999984266299,0.4158801889156727,,False,5.0,False,False,True
TBS adaptive diffusion topology alpha=0.01 edge=0.001,N4264,N3987,0.00619817048385243,6,3,4.999999984266228,0.41588018891568157,,False,5.0,False,False,True
TBS adaptive diffusion topology alpha=0.01 edge=0.001,N4265,N4051,0.004888293925481059,31,18,270175228.041945,0.0,,False,30.0,False,False,True
TBS adaptive diffusion topology alpha=0.01 edge=0.001,N4265,N4203,0.0015715265166553166,31,13,517968786.33820647,0.0,,False,30.0,False,False,True
TBS adaptive diffusion topology alpha=0.01 edge=0.001,N4266,N3749,0.010290290731918963,25,6,23.999999979231,0.46159733425127236,,False,24.0,False,False,True
TBS adaptive diffusion topology alpha=0.01 edge=0.001,N4266,N3830,0.009221037442418803,25,19,23.99999966141038,0.46159735242551314,,False,24.0,False,False,True
TBS adaptive diffusion topology alpha=0.01 edge=0.001,N4267,N3720,0.010716949529496724,5,3,3.9999999999671494,0.40600584971428433,,False,4.0,False,False,True
TBS adaptive diffusion topology alpha=0.01 edge=0.001,N4267,N4085,0.004326826514260148,5,2,3.9999999999923954,0.4060058497108676,,False,4.0,False,False,True
TBS adaptive diffusion topology alpha=0.01 edge=0.001,N4268,L659,0.024201656058894423,4,1,2.999999993064323,0.391625177340434,,False,3.0,False,False,True
TBS adaptive diffusion topology alpha=0.01 edge=0.001,N4268,N3989,0.006290705277545182,4,3,2.999998241192433,0.3916254474446993,,False,3.0,False,False,True
TBS adaptive diffusion topology alpha=0.01 edge=0.001,N4269,N3679,0.01114036320262304,24,2,22.99999999950138,0.46077089058140996,,False,23.0,False,False,True
TBS adaptive diffusion topology alpha=0.01 edge=0.001,N4269,N4133,0.003272889816693678,24,22,22.99999976759129,0.46077090412408694,,False,23.0,False,False,True
TBS adaptive diffusion topology alpha=0.01 edge=0.001,N4270,N3844,0.009041085286322519,36,13,219.48268357720394,1.055211278623797e-30,,False,30.0,False,False,True
TBS adaptive diffusion topology alpha=0.01 edge=0.001,N4270,N4158,0.0027218593696693282,36,23,219.482682830365,1.055211622904928e-30,,False,30.0,False,False,True
TBS adaptive diffusion topology alpha=0.01 edge=0.001,N4271,L2432,0.024263834899922742,5,1,3.999999999999363,0.4060058497099245,,False,4.0,False,False,True
TBS adaptive diffusion topology alpha=0.01 edge=0.001,N4271,N4221,0.0014450231900158626,5,4,3.9999999997203277,0.40600584974768794,,False,4.0,False,False,True
TBS adaptive diffusion topology alpha=0.01 edge=0.001,N4272,N3302,0.014921521702955961,11,3,9.999999997778604,0.4404932852601038,,False,10.0,False,False,True
TBS adaptive diffusion topology alpha=0.01 edge=0.001,N4272,N3670,0.011311434758595121,11,8,9.999999959922622,0.4404932885813483,,False,10.0,False,False,True
TBS adaptive diffusion topology alpha=0.01 edge=0.001,N4273,N4013,0.005983054165395568,14,8,12.999999970056317,0.44781167663243526,,False,13.0,False,False,True
TBS adaptive diffusion topology alpha=0.01 edge=0.001,N4273,N4047,0.005366893953240044,14,6,12.999999986333954,0.4478116753750998,,False,13.0,False,False,True
TBS adaptive diffusion topology alpha=0.01 edge=0.001,N4274,L2227,0.02440107512659998,3,1,1.9999999999954725,0.3678794411722751,,False,2.0,False,False,True
TBS adaptive diffusion topology alpha=0.01 edge=0.001,N4274,N3505,0.0132350459504568,3,2,1.9999999998530296,0.3678794411984761,,False,2.0,False,False,True
TBS adaptive diffusion topology alpha=0.01 edge=0.001,N4275,L693,0.024410270608339453,4,1,2.9999999999992637,0.3916251762712025,,False,3.0,False,False,True
TBS adaptive diffusion topology alpha=0.01 edge=0.001,N4275,N4121,0.003741952078448242,4,3,2.9999999999731095,0.39162517627523485,,False,3.0,False,False,True
TBS adaptive diffusion topology alpha=0.01 edge=0.001,N4276,L864,0.02442704585971998,2,1,0.9999999999999305,0.31731050786292797,,False,1.0,False,False,True
TBS adaptive diffusion topology alpha=0.01 edge=0.001,N4276,L897,0.02442704585971998,2,1,0.9999999999999305,0.31731050786292797,,False,1.0,False,False,True
TBS adaptive diffusion topology alpha=0.01 edge=0.001,N4277,L1265,0.024431651286568025,4,1,2.9999999999966516,0.3916251762716051,,False,3.0,False,False,True
TBS adaptive diffusion topology alpha=0.01 edge=0.001,N4277,N3802,0.009868743970271888,4,3,2.999999999632742,0.3916251763277129,,False,3.0,False,False,True
TBS adaptive diffusion topology alpha=0.01 edge=0.001,N4278,N3506,0.013305094743135112,6,2,4.999999999806477,0.415880187019126,,False,5.0,False,False,True
TBS adaptive diffusion topology alpha=0.01 edge=0.001,N4278,N3873,0.008783316741107172,6,4,4.999999997883365,0.41588018725382525,,False,5.0,False,False,True
TBS adaptive diffusion topology alpha=0.01 edge=0.001,N4279,L316,0.024477235552839028,8,1,6.999999999994134,0.4288798575536654,,False,7.0,False,False,True
TBS adaptive diffusion topology alpha=0.01 edge=0.001,N4279,N4113,0.004013391128415719,8,7,6.999999987838041,0.4288798588193551,,False,7.0,False,False,True
TBS adaptive diffusion topology alpha=0.01 edge=0.001,N4280,N3434,0.014239650803621473,8,2,6.999999999974407,0.42887985755571933,,False,7.0,False,False,True
TBS adaptive diffusion topology alpha=0.01 edge=0.001,N4280,N4142,0.0033776754531211956,8,6,6.999999999119715,0.4288798576447097,,False,7.0,False,False,True
TBS adaptive diffusion topology alpha=0.01 edge=0.001,N4281,L2376,0.024582980041506587,11,1,9.999999999996216,0.4404932850655441,,False,10.0,False,False,True
TBS adaptive diffusion topology alpha=0.01 edge=0.001,N4281,N4063,0.005099471760511833,11,10,9.999999986083115,0.4404932862861919,,False,10.0,False,False,True
TBS adaptive diffusion topology alpha=0.01 edge=0.001,N4282,L2166,0.024588186168123336,8,1,6.999999999986638,0.4288798575544459,,False,7.0,False,False,True
TBS adaptive diffusion topology alpha=0.01 edge=0.001,N4282,N4212,0.001965790001313843,8,7,6.999999895997781,0.4288798683817422,,False,7.0,False,False,True
TBS adaptive diffusion topology alpha=0.01 edge=0.001,N4283,L227,0.02465059634929402,2,1,0.9999999999965539,0.3173105078637451,,False,1.0,False,False,True
TBS adaptive diffusion topology alpha=0.01 edge=0.001,N4283,L237,0.02465059634929402,2,1,0.9999999999965539,0.3173105078637451,,False,1.0,False,False,True
TBS adaptive diffusion topology alpha=0.01 edge=0.001,N4284,N3965,0.007216976836052113,7,5,5.99999999810618,0.42319008133899094,,False,6.0,False,False,True
TBS adaptive diffusion topology alpha=0.01 edge=0.001,N4284,N4164,0.0029368093468320304,7,2,5.999999999911589,0.4231900811367473,,False,6.0,False,False,True
TBS adaptive diffusion topology alpha=0.01 edge=0.001,N4285,N3876,0.008993240114056639,31,17,28626413883.926228,0.0,,False,30.0,False,False,True
TBS adaptive diffusion topology alpha=0.01 edge=0.001,N4285,N4247,0.0011401530328535576,31,14,42209275574.06008,0.0,,False,30.0,False,False,True
TBS adaptive diffusion topology alpha=0.01 edge=0.001,N4286,N3983,0.006943215694072192,38,27,372.7788000263778,8.537079087235994e-61,,False,30.0,False,False,True
TBS adaptive diffusion topology alpha=0.01 edge=0.001,N4286,N4215,0.0020948683043352143,38,11,372.7788082799094,8.537046487830764e-61,,False,30.0,False,False,True
TBS adaptive diffusion topology alpha=0.01 edge=0.001,N4287,L1722,0.024804880708063238,2,1,0.9999999999998779,0.31731050786294074,,False,1.0,False,False,True
TBS adaptive diffusion topology alpha=0.01 edge=0.001,N4287,L1971,0.024804880708063238,2,1,0.9999999999998779,0.31731050786294074,,False,1.0,False,False,True
TBS adaptive diffusion topology alpha=0.01 edge=0.001,N4288,N3979,0.007142940464615995,19,9,3403062.8207028545,0.0,,False,18.0,False,False,True
TBS adaptive diffusion topology alpha=0.01 edge=0.001,N4288,N4070,0.0051931040417925005,19,10,2756513.611152019,0.0,,False,18.0,False,False,True
TBS adaptive diffusion topology alpha=0.01 edge=0.001,N4289,N3978,0.007181077751798682,5,3,3.9999999999665734,0.40600584971436215,,False,4.0,False,False,True
TBS adaptive diffusion topology alpha=0.01 edge=0.001,N4289,N4120,0.004201169638567404,5,2,3.9999999999919678,0.40600584971092524,,False,4.0,False,False,True
TBS adaptive diffusion topology alpha=0.01 edge=0.001,N4290,L1730,0.024850946864055125,34,1,27.94163218892205,0.5735298587136689,,False,30.0,False,False,True
TBS adaptive diffusion topology alpha=0.01 edge=0.001,N4290,N3957,0.007507918357186076,34,33,27.941630743506224,0.5735299353105328,,False,30.0,False,False,True
TBS adaptive diffusion topology alpha=0.01 edge=0.001,N4291,N3746,0.011072736769808106,26,6,24.99999998625567,0.46237366369690336,,False,25.0,False,False,True
TBS adaptive diffusion topology alpha=0.01 edge=0.001,N4291,N3963,0.007464697374819158,26,20,24.999999734070723,0.4623736778303976,,False,25.0,False,False,True
TBS adaptive diffusion topology alpha=0.01 edge=0.001,N4292,N3519,0.013641298755541001,6,3,4.999999999817943,0.41588018701772667,,False,5.0,False,False,True
TBS adaptive diffusion topology alpha=0.01 edge=0.001,N4292,N3764,0.010932178826906294,6,3,4.999999999817949,0.415880187017726,,False,5.0,False,False,True
TBS adaptive diffusion topology alpha=0.01 edge=0.001,N4293,N3842,0.009775113481856581,6,3,4.999999999983534,0.4158801869975174,,False,5.0,False,False,True
TBS adaptive diffusion topology alpha=0.01 edge=0.001,N4293,N4155,0.0035268321044648293,6,3,4.999999999983552,0.4158801869975154,,False,5.0,False,False,True
TBS adaptive diffusion topology alpha=0.01 edge=0.001,N4294,N4046,0.00603915727864758,17,5,15.999999886407766,0.4529608174149674,,False,16.0,False,False,True
TBS adaptive diffusion topology alpha=0.01 edge=0.001,N4294,N4213,0.0023846013816550436,17,12,15.999998806796489,0.45296089276456764,,False,16.0,False,False,True
TBS adaptive diffusion topology alpha=0.01 edge=0.001,N4295,N3166,0.016925663558790407,10,5,8.999999996870203,0.4372741892027757,,False,9.0,False,False,True
TBS adaptive diffusion topology alpha=0.01 edge=0.001,N4295,N4086,0.005129187966398431,10,5,8.999999996870207,0.4372741892027754,,False,9.0,False,False,True
TBS adaptive diffusion topology alpha=0.01 edge=0.001,N4296,L1231,0.025047183484470586,6,1,4.999999999999327,0.41588018699559015,,False,5.0,False,False,True
TBS adaptive diffusion topology alpha=0.01 edge=0.001,N4296,N3816,0.010366278552882082,6,5,4.999999999875742,0.41588018701067253,,False,5.0,False,False,True
TBS adaptive diffusion topology alpha=0.01 edge=0.001,N4297,L2324,0.025090150184945422,3,1,1.9999999999992957,0.36787944117157195,,False,2.0,False,False,True
TBS adaptive diffusion topology alpha=0.01 edge=0.001,N4297,N3838,0.009962159454865466,3,2,1.9999999999891858,0.3678794411734315,,False,2.0,False,False,True
TBS adaptive diffusion topology alpha=0.01 edge=0.001,N4298,N4150,0.003747044003528503,11,5,9.99999999984994,0.4404932850783778,,False,10.0,False,False,True
TBS adaptive diffusion topology alpha=0.01 edge=0.001,N4298,N4190,0.002886174448493561,11,6,9.999999999747764,0.440493285087342,,False,10.0,False,False,True
TBS adaptive diffusion topology alpha=0.01 edge=0.001,N4299,N3717,0.011649042066765092,8,2,6.9999999999812035,0.4288798575550118,,False,7.0,False,False,True
TBS adaptive diffusion topology alpha=0.01 edge=0.001,N4299,N4178,0.0031254373399393688,8,6,6.999999999623576,0.42887985759224756,,False,7.0,False,False,True
TBS adaptive diffusion topology alpha=0.01 edge=0.001,N4300,L1745,0.025166223406396303,2,1,0.999999999999738,0.31731050786297466,,False,1.0,False,False,True
TBS adaptive diffusion topology alpha=0.01 edge=0.001,N4300,L1753,0.025166223406396303,2,1,0.999999999999738,0.31731050786297466,,False,1.0,False,False,True
TBS adaptive diffusion topology alpha=0.01 edge=0.001,N4301,N3190,0.016942992210588446,4,2,2.9999999999945386,0.39162517627193083,,False,3.0,False,False,True
TBS adaptive diffusion topology alpha=0.01 edge=0.001,N4301,N3604,0.013026432133652167,4,2,2.9999999999945386,0.39162517627193083,,False,3.0,False,False,True
TBS adaptive diffusion topology alpha=0.01 edge=0.001,N4302,L1211,0.025239115272662004,2,1,0.9999999999998599,0.3173105078629451,,False,1.0,False,False,True
TBS adaptive diffusion topology alpha=0.01 edge=0.001,N4302,L1224,0.025239115272662004,2,1,0.9999999999998599,0.3173105078629451,,False,1.0,False,False,True
TBS adaptive diffusion topology alpha=0.01 edge=0.001,N4303,N3499,0.014172115618329366,5,2,3.9999999999102127,0.40600584972198983,,False,4.0,False,False,True
TBS adaptive diffusion topology alpha=0.01 edge=0.001,N4303,N3673,0.012254642307811819,5,3,3.999999999619445,0.4060058497613408,,False,4.0,False,False,True
TBS adaptive diffusion topology alpha=0.01 edge=0.001,N4304,N3400,0.015168087523533418,11,4,9.99999999996209,0.44049328506853846,,False,10.0,False,False,True
TBS adaptive diffusion topology alpha=0.01 edge=0.001,N4304,N4001,0.007134349126774938,11,7,9.999999999828393,0.44049328508026786,,False,10.0,False,False,True
TBS adaptive diffusion topology alpha=0.01 edge=0.001,N4305,N3864,0.009729134955780356,8,2,6.999999999951522,0.4288798575581022,,False,7.0,False,False,True
TBS adaptive diffusion topology alpha=0.01 edge=0.001,N4305,N4145,0.00404069630045952,8,6,6.999999998577846,0.4288798577011288,,False,7.0,False,False,True
TBS adaptive diffusion topology alpha=0.01 edge=0.001,N4306,N3991,0.0073331409147596414,33,30,31.961548609700685,0.3693178099278222,,False,30.0,False,False,True
TBS adaptive diffusion topology alpha=0.01 edge=0.001,N4306,N4098,0.005190631779247873,33,3,31.961548967510463,0.36931779324685543,,False,30.0,False,False,True
TBS adaptive diffusion topology alpha=0.01 edge=0.001,N4307,L1555,0.025299192292652723,3,1,1.999999999997052,0.3678794411719846,,False,2.0,False,False,True
TBS adaptive diffusion topology alpha=0.01 edge=0.001,N4307,N3911,0.008868945008774925,3,2,1.9999999998903841,0.36787944119160504,,False,2.0,False,False,True
TBS adaptive diffusion topology alpha=0.01 edge=0.001,N4308,L2225,0.0253316413308268,2,1,0.9999999999998399,0.31731050786295,,False,1.0,False,False,True
TBS adaptive diffusion topology alpha=0.01 edge=0.001,N4308,L2254,0.0253316413308268,2,1,0.9999999999998399,0.31731050786295,,False,1.0,False,False,True
TBS adaptive diffusion topology alpha=0.01 edge=0.001,N4309,L716,0.02537704545968631,2,1,0.999999999611823,0.3173105079568386,,False,1.0,False,False,True
TBS adaptive diffusion topology alpha=0.01 edge=0.001,N4309,L976,0.02537704545968631,2,1,0.999999999611823,0.3173105079568386,,False,1.0,False,False,True
TBS adaptive diffusion topology alpha=0.01 edge=0.001,N4310,N4014,0.006946270754963359,23,14,966720406.9130151,0.0,,False,22.0,False,False,True
TBS adaptive diffusion topology alpha=0.01 edge=0.001,N4310,N4216,0.00271819653559695,23,9,2339226106.768547,0.0,,False,22.0,False,False,True
TBS adaptive diffusion topology alpha=0.01 edge=0.001,N4311,L2031,0.02545626742707565,6,1,4.999999999996533,0.415880186995931,,False,5.0,False,False,True
TBS adaptive diffusion topology alpha=0.01 edge=0.001,N4311,N4089,0.005454780225002537,6,5,4.9999999987726165,0.41588018714529984,,False,5.0,False,False,True
TBS adaptive diffusion topology alpha=0.01 edge=0.001,N4312,L97,0.02549704864899944,9,1,7.999999999992216,0.43347012036746924,,False,8.0,False,False,True
TBS adaptive diffusion topology alpha=0.01 edge=0.001,N4312,N4027,0.006754979499690972,9,8,7.999999916730641,0.43347012850074396,,False,8.0,False,False,True
TBS adaptive diffusion topology alpha=0.01 edge=0.001,N4313,N3562,0.013837306221675415,26,2,24.99999999945243,0.4623736629573014,,False,25.0,False,False,True
TBS adaptive diffusion topology alpha=0.01 edge=0.001,N4313,N4232,0.0023928252594070014,26,24,24.999999796847533,0.46237367431212395,,False,25.0,False,False,True
TBS adaptive diffusion topology alpha=0.01 edge=0.001,N4314,N3863,0.010117776359895811,9,2,7.999999999768503,0.4334701203893223,,False,8.0,False,False,True
TBS adaptive diffusion topology alpha=0.01 edge=0.001,N4314,N3992,0.007657019422312057,9,7,7.999999988627814,0.4334701214775828,,False,8.0,False,False,True
TBS adaptive diffusion topology alpha=0.01 edge=0.001,N4315,N4119,0.005087451646131165,42,18,159.49072916969303,1.3582535790115861e-19,,False,30.0,False,False,True
TBS adaptive diffusion topology alpha=0.01 edge=0.001,N4315,N4269,0.0014686240608356826,42,24,159.49072912066276,1.3582536065494447e-19,,False,30.0,False,False,True
TBS adaptive diffusion topology alpha=0.01 edge=0.001,N4316,L167,0.025769701442470178,2,1,0.9999999999992502,0.31731050786309273,,False,1.0,False,False,True
TBS adaptive diffusion topology alpha=0.01 edge=0.001,N4316,L379,0.025769701442470178,2,1,0.9999999999992502,0.31731050786309273,,False,1.0,False,False,True
TBS adaptive diffusion topology alpha=0.01 edge=0.001,N4317,L1523,0.025807387113337885,4,1,2.99999999999922,0.3916251762712092,,False,3.0,False,False,True
TBS adaptive diffusion topology alpha=0.01 edge=0.001,N4317,N3954,0.008520743972120964,4,3,2.9999999999135802,0.3916251762844133,,False,3.0,False,False,True
TBS adaptive diffusion topology alpha=0.01 edge=0.001,N4318,N4050,0.006641189599603547,9,2,7.999999999821961,0.43347012038410027,,False,8.0,False,False,True
TBS adaptive diffusion topology alpha=0.01 edge=0.001,N4318,N4236,0.0025809123288378574,9,7,7.999999990521765,0.43347012129257545,,False,8.0,False,False,True
TBS adaptive diffusion topology alpha=0.01 edge=0.001,N4319,L236,0.025832738929522914,3,1,1.9999999999998828,0.36787944117146404,,False,2.0,False,False,True
TBS adaptive diffusion topology alpha=0.01 edge=0.001,N4319,N3522,0.014551675626382942,3,2,1.999999999999032,0.3678794411716204,,False,2.0,False,False,True
TBS adaptive diffusion topology alpha=0.01 edge=0.001,N4320,L1279,0.02588849425775137,3,1,1.9999999999994318,0.3678794411715469,,False,2.0,False,False,True
TBS adaptive diffusion topology alpha=0.01 edge=0.001,N4320,N3755,0.011988658253659695,3,2,1.999999999980468,0.367879441175035,,False,2.0,False,False,True
TBS adaptive diffusion topology alpha=0.01 edge=0.001,N4321,L842,0.025996277174302064,2,1,0.9999999999997855,0.31731050786296305,,False,1.0,False,False,True
TBS adaptive diffusion topology alpha=0.01 edge=0.001,N4321,L1280,0.025996277174302064,2,1,0.9999999999997855,0.31731050786296305,,False,1.0,False,False,True
TBS adaptive diffusion topology alpha=0.01 edge=0.001,N4322,L518,0.026013235528973246,23,1,21.99999999984987,0.45988870270264837,,False,22.0,False,False,True
TBS adaptive diffusion topology alpha=0.01 edge=0.001,N4322,N4074,0.006315113803374986,23,22,21.999995725728407,0.45988895782083694,,False,22.0,False,False,True
TBS adaptive diffusion topology alpha=0.01 edge=0.001,N4323,N3903,0.0098121354827422,4,2,2.99999999999688,0.39162517627157,,False,3.0,False,False,True
TBS adaptive diffusion topology alpha=0.01 edge=0.001,N4323,N4040,0.007154765551632948,4,2,2.99999999999688,0.39162517627157,,False,3.0,False,False,True
TBS adaptive diffusion topology alpha=0.01 edge=0.001,N4324,N4144,0.004878735951134207,53,26,122.41120959222813,4.0144499926569016e-13,,False,30.0,False,False,True
TBS adaptive diffusion topology alpha=0.01 edge=0.001,N4324,N4222,0.0032708287485368843,53,27,122.41120958730006,4.014450000331533e-13,,False,30.0,False,False,True
TBS adaptive diffusion topology alpha=0.01 edge=0.001,N4325,N4104,0.005920436973324502,13,7,11.999999998699062,0.445679641469091,,False,12.0,False,False,True
TBS adaptive diffusion topology alpha=0.01 edge=0.001,N4325,N4211,0.0035263240673101565,13,6,11.99999999914846,0.44567964143299954,,False,12.0,False,False,True
TBS adaptive diffusion topology alpha=0.01 edge=0.001,N4326,L1515,0.026185052748057956,3,1,1.999999999999833,0.36787944117147314,,False,2.0,False,False,True
TBS adaptive diffusion topology alpha=0.01 edge=0.001,N4326,N3715,0.012740371289481172,3,2,1.9999999999963736,0.3678794411721094,,False,2.0,False,False,True
TBS adaptive diffusion topology alpha=0.01 edge=0.001,N4327,N3950,0.00899781963010994,37,14,925.6017716888958,2.4920094020909283e-175,,False,30.0,False,False,True
TBS adaptive diffusion topology alpha=0.01 edge=0.001,N4327,N4139,0.005135315150533114,37,23,925.6017623937043,2.492020634387769e-175,,False,30.0,False,False,True
TBS adaptive diffusion topology alpha=0.01 edge=0.001,N4328,N3716,0.012747597702894525,6,4,4.9999999998453575,0.4158801870143807,,False,5.0,False,False,True
TBS adaptive diffusion topology alpha=0.01 edge=0.001,N4328,N4160,0.004558129170597825,6,2,4.999999999984231,0.41588018699743234,,False,5.0,False,False,True
TBS adaptive diffusion topology alpha=0.01 edge=0.001,N4329,L14,0.026231598109127705,2,1,0.9999999999999507,0.31731050786292314,,False,1.0,False,False,True
TBS adaptive diffusion topology alpha=0.01 edge=0.001,N4329,L136,0.026231598109127705,2,1,0.9999999999999507,0.31731050786292314,,False,1.0,False,False,True
TBS adaptive diffusion topology alpha=0.01 edge=0.001,N4330,N3955,0.008967154615552498,17,8,13080349048.118778,0.0,,False,16.0,False,False,True
TBS adaptive diffusion topology alpha=0.01 edge=0.001,N4330,N3998,0.008214995071417304,17,9,10335089702.352077,0.0,,False,16.0,False,False,True
TBS adaptive diffusion topology alpha=0.01 edge=0.001,N4331,L2349,0.02626618127918051,2,1,0.9999999999998408,0.3173105078629498,,False,1.0,False,False,True
TBS adaptive diffusion topology alpha=0.01 edge=0.001,N4331,L2368,0.02626618127918051,2,1,0.9999999999998408,0.3173105078629498,,False,1.0,False,False,True
TBS adaptive diffusion topology alpha=0.01 edge=0.001,N4332,L1364,0.026382489662580177,20,1,18.999999999894587,0.4568361255987249,,False,19.0,False,False,True
TBS adaptive diffusion topology alpha=0.01 edge=0.001,N4332,N4288,0.001573890580972389,20,19,18.99999961911991,0.45683615002617484,,False,19.0,False,False,True
TBS adaptive diffusion topology alpha=0.01 edge=0.001,N4333,L2444,0.026398043907083498,3,1,1.9999999999258655,0.36787944118507865,,False,2.0,False,False,True
TBS adaptive diffusion topology alpha=0.01 edge=0.001,N4333,N4162,0.004703736910855062,3,2,1.9999999969262996,0.3678794417368179,,False,2.0,False,False,True
TBS adaptive diffusion topology alpha=0.01 edge=0.001,N4334,N3763,0.012454449103998504,7,2,5.999999995281614,0.4231900816554014,,False,6.0,False,False,True
TBS adaptive diffusion topology alpha=0.01 edge=0.001,N4334,N4242,0.0030282869544459375,7,5,5.999999894687719,0.42319009292402054,,False,6.0,False,False,True
TBS adaptive diffusion topology alpha=0.01 edge=0.001,N4335,N4048,0.007395660320331911,23,8,55146741869.55706,0.0,,False,22.0,False,False,True
TBS adaptive diffusion topology alpha=0.01 edge=0.001,N4335,N4127,0.005638743738732351,23,15,15686120222.048317,0.0,,False,22.0,False,False,True
TBS adaptive diffusion topology alpha=0.01 edge=0.001,N4336,L1938,0.02653110246948493,4,1,2.999999999997178,0.39162517627152416,,False,3.0,False,False,True
TBS adaptive diffusion topology alpha=0.01 edge=0.001,N4336,N3732,0.012903856100923466,4,3,2.9999999993317776,0.39162517637411554,,False,3.0,False,False,True
TBS adaptive diffusion topology alpha=0.01 edge=0.001,N4337,L1149,0.026535478584126398,5,1,3.999999999945027,0.4060058497172778,,False,4.0,False,False,True
TBS adaptive diffusion topology alpha=0.01 edge=0.001,N4337,N4153,0.0051242390441676895,5,4,3.999999953450999,0.4060058560095605,,False,4.0,False,False,True
TBS adaptive diffusion topology alpha=0.01 edge=0.001,N4338,L2434,0.02658283118924138,2,1,0.9999999999997495,0.3173105078629718,,False,1.0,False,False,True
TBS adaptive diffusion topology alpha=0.01 edge=0.001,N4338,L2435,0.02658283118924138,2,1,0.9999999999997495,0.3173105078629718,,False,1.0,False,False,True
TBS adaptive diffusion topology alpha=0.01 edge=0.001,N4339,N4019,0.00803615279646248,16,8,1745178510.3240807,0.0,,False,15.0,False,False,True
TBS adaptive diffusion topology alpha=0.01 edge=0.001,N4339,N4208,0.004002528711479964,16,8,1745178510.3240807,0.0,,False,15.0,False,False,True
TBS adaptive diffusion topology alpha=0.01 edge=0.001,N4340,L1645,0.026589685226804462,15,1,13.999999999977213,0.4497110558503963,,False,14.0,False,False,True
TBS adaptive diffusion topology alpha=0.01 edge=0.001,N4340,N4273,0.0021954792207485724,15,14,13.999999108921168,0.4497111222353122,,False,14.0,False,False,True
TBS adaptive diffusion topology alpha=0.01 edge=0.001,N4341,L1954,0.026641428493062932,4,1,2.999999999997071,0.3916251762715405,,False,3.0,False,False,True
TBS adaptive diffusion topology alpha=0.01 edge=0.001,N4341,N4192,0.0043936298393994775,4,3,2.9999999997163993,0.39162517631481464,,False,3.0,False,False,True
TBS adaptive diffusion topology alpha=0.01 edge=0.001,N4342,L85,0.026677141923829074,2,1,0.9999999999999838,0.3173105078629152,,False,1.0,False,False,True
TBS adaptive diffusion topology alpha=0.01 edge=0.001,N4342,L687,0.026677141923829074,2,1,0.9999999999999838,0.3173105078629152,,False,1.0,False,False,True
TBS adaptive diffusion topology alpha=0.01 edge=0.001,N4343,N4149,0.005326816570475904,35,2,31.158858119640648,0.40762753624502834,,False,30.0,False,False,True
TBS adaptive diffusion topology alpha=0.01 edge=0.001,N4343,N4306,0.00138516378274666,35,33,31.15885729767284,0.4076275763388938,,False,30.0,False,False,True
TBS adaptive diffusion topology alpha=0.01 edge=0.001,N4344,N3944,0.009701125572084301,22,3,20.99999999983992,0.4589442089025978,,False,21.0,False,False,True
TBS adaptive diffusion topology alpha=0.01 edge=0.001,N4344,N4197,0.0044702317094074155,22,19,20.999999987448234,0.45894420965937954,,False,21.0,False,False,True
TBS adaptive diffusion topology alpha=0.01 edge=0.001,N4345,N4171,0.004962221884662493,16,6,14.999999998255966,0.4514172113513517,,False,15.0,False,False,True
TBS adaptive diffusion topology alpha=0.01 edge=0.001,N4345,N4231,0.0036268007148509323,16,10,14.999999993492898,0.4514172116944458,,False,15.0,False,False,True
TBS adaptive diffusion topology alpha=0.01 edge=0.001,N4346,N3605,0.014632787063339984,5,3,3.99999999976974,0.4060058497410003,,False,4.0,False,False,True
TBS adaptive diffusion topology alpha=0.01 edge=0.001,N4346,N4090,0.006768047124328019,5,2,3.999999999947056,0.4060058497170035,,False,4.0,False,False,True
TBS adaptive diffusion topology alpha=0.01 edge=0.001,N4347,L174,0.026825227837798896,2,1,0.999999999999923,0.3173105078629299,,False,1.0,False,False,True
TBS adaptive diffusion topology alpha=0.01 edge=0.001,N4347,L305,0.026825227837798896,2,1,0.999999999999923,0.3173105078629299,,False,1.0,False,False,True
TBS adaptive diffusion topology alpha=0.01 edge=0.001,N4348,L439,0.0268452915999764,3,1,1.9999999988257857,0.36787944138742706,,False,2.0,False,False,True
TBS adaptive diffusion topology alpha=0.01 edge=0.001,N4348,N4017,0.008351547046865087,3,2,1.99999995115911,0.36787945015522217,,False,2.0,False,False,True
TBS adaptive diffusion topology alpha=0.01 edge=0.001,N4349,L310,0.02688037705374198,4,1,2.9999999998837468,0.39162517628901294,,False,3.0,False,False,True
TBS adaptive diffusion topology alpha=0.01 edge=0.001,N4349,N4193,0.004617298154650572,4,3,2.999999970845459,0.3916251807661457,,False,3.0,False,False,True
TBS adaptive diffusion topology alpha=0.01 edge=0.001,N4350,L2009,0.026906824020806495,2,1,0.9999999999844009,0.31731050786668574,,False,1.0,False,False,True
TBS adaptive diffusion topology alpha=0.01 edge=0.001,N4350,L2068,0.026906824020806495,2,1,0.9999999999844009,0.31731050786668574,,False,1.0,False,False,True
TBS adaptive diffusion topology alpha=0.01 edge=0.001,N4351,N3177,0.018752687452715848,4,2,2.9999999999315548,0.39162517628164184,,False,3.0,False,False,True
TBS adaptive diffusion topology alpha=0.01 edge=0.001,N4351,N3900,0.010705503926426644,4,2,2.9999999999315548,0.39162517628164184,,False,3.0,False,False,True
TBS adaptive diffusion topology alpha=0.01 edge=0.001,N4352,L1813,0.02700933284305216,3,1,1.999999999999742,0.36787944117148985,,False,2.0,False,False,True
TBS adaptive diffusion topology alpha=0.01 edge=0.001,N4352,N3974,0.009391714860599606,3,2,1.999999999993624,0.3678794411726152,,False,2.0,False,False,True
TBS adaptive diffusion topology alpha=0.01 edge=0.001,N4353,N3947,0.009864566034841411,7,4,5.999999998830235,0.4231900812578815,,False,6.0,False,False,True
TBS adaptive diffusion topology alpha=0.01 edge=0.001,N4353,N4054,0.007787196652679692,7,3,5.999999999533879,0.4231900811790589,,False,6.0,False,False,True
TBS adaptive diffusion topology alpha=0.01 edge=0.001,N4354,L2437,0.027075149790635165,2,1,0.9999999999999591,0.31731050786292114,,False,1.0,False,False,True
TBS adaptive diffusion topology alpha=0.01 edge=0.001,N4354,L2438,0.027075149790635165,2,1,0.9999999999999591,0.31731050786292114,,False,1.0,False,False,True
TBS adaptive diffusion topology alpha=0.01 edge=0.001,N4355,N4110,0.006707821101590736,6,4,4.9999999999246025,0.4158801870047094,,False,5.0,False,False,True
TBS adaptive diffusion topology alpha=0.01 edge=0.001,N4355,N4245,0.003570727618241978,6,2,4.999999999993101,0.4158801869963501,,False,5.0,False,False,True
TBS adaptive diffusion topology alpha=0.01 edge=0.001,N4356,N4075,0.007381563144944284,10,4,8.999999942551522,0.43727419421688274,,False,9.0,False,False,True
TBS adaptive diffusion topology alpha=0.01 edge=0.001,N4356,N4328,0.0009170255531948659,10,6,8.999999810553215,0.43727420640152403,,False,9.0,False,False,True
TBS adaptive diffusion topology alpha=0.01 edge=0.001,N4357,N3603,0.015006386761346649,6,2,4.99999999994021,0.41588018700280494,,False,5.0,False,False,True
TBS adaptive diffusion topology alpha=0.01 edge=0.001,N4357,N4240,0.003856733196041649,6,4,4.999999999374862,0.41588018707180097,,False,5.0,False,False,True
TBS adaptive diffusion topology alpha=0.01 edge=0.001,N4358,L731,0.027237311017401917,3,1,1.9999999999984803,0.3678794411717219,,False,2.0,False,False,True
TBS adaptive diffusion topology alpha=0.01 edge=0.001,N4358,N4125,0.00649203696859703,3,2,1.9999999999403122,0.3678794411824213,,False,2.0,False,False,True
TBS adaptive diffusion topology alpha=0.01 edge=0.001,N4359,N3898,0.011095061752253658,5,2,3.9999999999890274,0.40600584971132325,,False,4.0,False,False,True
TBS adaptive diffusion topology alpha=0.01 edge=0.001,N4359,N4038,0.008431090898942565,5,3,3.9999999999531863,0.4060058497161739,,False,4.0,False,False,True
TBS adaptive diffusion topology alpha=0.01 edge=0.001,N4360,L874,0.027387140632444563,2,1,0.9999999999998261,0.3173105078629533,,False,1.0,False,False,True
TBS adaptive diffusion topology alpha=0.01 edge=0.001,N4360,L1034,0.027387140632444563,2,1,0.9999999999998261,0.3173105078629533,,False,1.0,False,False,True
TBS adaptive diffusion topology alpha=0.01 edge=0.001,N4361,N3616,0.015132136050297932,40,4,35.26195945170503,0.23323361740516793,,False,30.0,False,False,True
TBS adaptive diffusion topology alpha=0.01 edge=0.001,N4361,N4270,0.0031577574129533583,40,36,35.26195918441352,0.2332336268758194,,False,30.0,False,False,True
TBS adaptive diffusion topology alpha=0.01 edge=0.001,N4362,L994,0.027436112146197927,5,1,3.999999999999912,0.4060058497098501,,False,4.0,False,False,True
TBS adaptive diffusion topology alpha=0.01 edge=0.001,N4362,N4176,0.0054773665391880605,5,4,3.9999999999746145,0.406005849713274,,False,4.0,False,False,True
TBS adaptive diffusion topology alpha=0.01 edge=0.001,N4363,L178,0.027469701447257924,4,1,2.9999999997584457,0.3916251763083317,,False,3.0,False,False,True
TBS adaptive diffusion topology alpha=0.01 edge=0.001,N4363,N4169,0.005700734355613417,4,3,2.9999999392360674,0.39162518563969206,,False,3.0,False,False,True
TBS adaptive diffusion topology alpha=0.01 edge=0.001,N4364,L2230,0.027473977765067797,4,1,2.999999999990858,0.3916251762724985,,False,3.0,False,False,True
TBS adaptive diffusion topology alpha=0.01 edge=0.001,N4364,N3938,0.010529711029773608,4,3,2.999999997893883,0.39162517659581064,,False,3.0,False,False,True
TBS adaptive diffusion topology alpha=0.01 edge=0.001,N4365,L1493,0.02749175334011218,3,1,1.9999999999991338,0.3678794411716017,,False,2.0,False,False,True
TBS adaptive diffusion topology alpha=0.01 edge=0.001,N4365,N3666,0.014568925786964802,3,2,1.9999999999678093,0.36787944117736343,,False,2.0,False,False,True
TBS adaptive diffusion topology alpha=0.01 edge=0.001,N4366,N4152,0.006131029267563733,31,27,29.999998788008767,0.4656537710196973,,False,30.0,False,False,True
TBS adaptive diffusion topology alpha=0.01 edge=0.001,N4366,N4268,0.0033273079623913644,31,4,29.999999973399845,0.46565371030641534,,False,30.0,False,False,True
TBS adaptive diffusion topology alpha=0.01 edge=0.001,N4367,N4174,0.005656262849187054,9,3,7.999999999680165,0.43347012039795174,,False,8.0,False,False,True
TBS adaptive diffusion topology alpha=0.01 edge=0.001,N4367,N4180,0.005518300917659745,9,6,7.999999997351711,0.4334701206254029,,False,8.0,False,False,True
TBS adaptive diffusion topology alpha=0.01 edge=0.001,N4368,N3443,0.017160567661309578,5,3,3.99999999992085,0.4060058497205503,,False,4.0,False,False,True
TBS adaptive diffusion topology alpha=0.01 edge=0.001,N4368,N3811,0.012941080987925265,5,2,3.9999999999814264,0.40600584971235165,,False,4.0,False,False,True
TBS adaptive diffusion topology alpha=0.01 edge=0.001,N4369,N4025,0.008943961513527266,6,2,4.999999999974912,0.41588018699856977,,False,5.0,False,False,True
TBS adaptive diffusion topology alpha=0.01 edge=0.001,N4369,N4093,0.0075718262417331745,6,4,4.999999999768744,0.415880187023731,,False,5.0,False,False,True
TBS adaptive diffusion topology alpha=0.01 edge=0.001,N4370,L2212,0.027692734425858276,6,1,4.99999999999515,0.41588018699609985,,False,5.0,False,False,True
TBS adaptive diffusion topology alpha=0.01 edge=0.001,N4370,N4076,0.00794647662646323,6,5,4.999999997829134,0.41588018726044385,,False,5.0,False,False,True
TBS adaptive diffusion topology alpha=0.01 edge=0.001,N4371,L2394,0.027706774521388415,4,1,2.999999999994574,0.3916251762719255,,False,3.0,False,False,True
TBS adaptive diffusion topology alpha=0.01 edge=0.001,N4371,N4297,0.002616624336442995,4,3,2.9999999990118758,0.3916251764234383,,False,3.0,False,False,True
TBS adaptive diffusion topology alpha=0.01 edge=0.001,N4372,N3223,0.019158178676485203,4,2,2.999999999999343,0.3916251762711902,,False,3.0,False,False,True
TBS adaptive diffusion topology alpha=0.01 edge=0.001,N4372,N3865,0.012144759571935176,4,2,2.999999999999343,0.3916251762711902,,False,3.0,False,False,True
TBS adaptive diffusion topology alpha=0.01 edge=0.001,N4373,L459,0.02772215825197558,4,1,2.999999999988578,0.3916251762728501,,False,3.0,False,False,True
TBS adaptive diffusion topology alpha=0.01 edge=0.001,N4373,N4307,0.0024229659593228573,4,3,2.999999997206091,0.3916251767018547,,False,3.0,False,False,True
TBS adaptive diffusion topology alpha=0.01 edge=0.001,N4374,L1957,0.02772643286235862,2,1,0.9999999999999476,0.3173105078629239,,False,1.0,False,False,True
TBS adaptive diffusion topology alpha=0.01 edge=0.001,N4374,L1963,0.02772643286235862,2,1,0.9999999999999476,0.3173105078629239,,False,1.0,False,False,True
TBS adaptive diffusion topology alpha=0.01 edge=0.001,N4375,N3463,0.017129504508344853,4,2,2.9999999999525944,0.3916251762783981,,False,3.0,False,False,True
TBS adaptive diffusion topology alpha=0.01 edge=0.001,N4375,N3599,0.01563104517640715,4,2,2.9999999999525944,0.3916251762783981,,False,3.0,False,False,True
TBS adaptive diffusion topology alpha=0.01 edge=0.001,N4376,L2221,0.0277775493978825,3,1,1.9999999999996314,0.3678794411715102,,False,2.0,False,False,True
TBS adaptive diffusion topology alpha=0.01 edge=0.001,N4376,N3518,0.01651371273713982,3,2,1.9999999999961033,0.367879441172159,,False,2.0,False,False,True
TBS adaptive diffusion topology alpha=0.01 edge=0.001,N4377,N4234,0.004732258355233032,18,7,16.999999999044807,0.45436611385535164,,False,17.0,False,False,True
TBS adaptive diffusion topology alpha=0.01 edge=0.001,N4377,N4304,0.002650235875110526,18,11,16.99999999702389,0.45436611399226945,,False,17.0,False,False,True
TBS adaptive diffusion topology alpha=0.01 edge=0.001,N4378,N4082,0.008107681934359904,10,8,8.999999994371047,0.43727418943347074,,False,9.0,False,False,True
TBS adaptive diffusion topology alpha=0.01 edge=0.001,N4378,N4181,0.005892574082285119,10,2,8.99999999990876,0.4372741889222894,,False,9.0,False,False,True
TBS adaptive diffusion topology alpha=0.01 edge=0.001,N4379,N3946,0.011150093846571348,35,4,31.924209101485985,0.3710605748369457,,False,30.0,False,False,True
TBS adaptive diffusion topology alpha=0.01 edge=0.001,N4379,N4214,0.005619242594870338,35,31,31.924208645506322,0.3710605961436029,,False,30.0,False,False,True
TBS adaptive diffusion topology alpha=0.01 edge=0.001,N4380,N4106,0.008164260748424272,14,9,12.99999999490027,0.4478116747134101,,False,13.0,False,False,True
TBS adaptive diffusion topology alpha=0.01 edge=0.001,N4380,N4124,0.007667634104520386,14,5,12.999999998752427,0.447811674415858,,False,13.0,False,False,True
TBS adaptive diffusion topology alpha=0.01 edge=0.001,N4381,N3932,0.011657432441453794,14,2,12.999999999571067,0.44781167435262337,,False,13.0,False,False,True
TBS adaptive diffusion topology alpha=0.01 edge=0.001,N4381,N4235,0.005234052881759026,14,12,12.999999919872437,0.4478116805087955,,False,13.0,False,False,True
TBS adaptive diffusion topology alpha=0.01 edge=0.001,N4382,N3832,0.013483916384206018,16,5,14.999999496036915,0.4514172475273044,,False,15.0,False,False,True
TBS adaptive diffusion topology alpha=0.01 edge=0.001,N4382,N4281,0.0038617336626665137,16,11,14.999995741024238,0.4514175180092401,,False,15.0,False,False,True
TBS adaptive diffusion topology alpha=0.01 edge=0.001,N4383,N3315,0.019135325953848332,8,5,6.9999999984688985,0.4288798577124725,,False,7.0,False,False,True
TBS adaptive diffusion topology alpha=0.01 edge=0.001,N4383,N3473,0.01777947299745834,8,3,6.999999999688236,0.4288798575855155,,False,7.0,False,False,True
TBS adaptive diffusion topology alpha=0.01 edge=0.001,N4384,L1339,0.02853903277706187,3,1,1.9999999999988987,0.367879441171645,,False,2.0,False,False,True
TBS adaptive diffusion topology alpha=0.01 edge=0.001,N4384,N4342,0.0018618908532327945,3,2,1.9999999999568954,0.36787944117937094,,False,2.0,False,False,True
TBS adaptive diffusion topology alpha=0.01 edge=0.001,N4385,N3893,0.012523244600915409,20,15,18.999999983879782,0.45683612662610573,,False,19.0,False,False,True
TBS adaptive diffusion topology alpha=0.01 edge=0.001,N4385,N3953,0.01135916702389392,20,5,18.999999998684142,0.45683612567637744,,False,19.0,False,False,True
TBS adaptive diffusion topology alpha=0.01 edge=0.001,N4386,N4035,0.009780208877466737,12,5,10.999999997781533,0.4432632786123222,,False,11.0,False,False,True
TBS adaptive diffusion topology alpha=0.01 edge=0.001,N4386,N4284,0.003939780337169351,12,7,10.99999999429935,0.4432632789040496,,False,11.0,False,False,True
TBS adaptive diffusion topology alpha=0.01 edge=0.001,N4387,L1090,0.028644445030616462,8,1,6.999999999996642,0.4288798575534042,,False,7.0,False,False,True
TBS adaptive diffusion topology alpha=0.01 edge=0.001,N4387,N4182,0.0065648564707620075,8,7,6.99999999798098,0.4288798577632743,,False,7.0,False,False,True
TBS adaptive diffusion topology alpha=0.01 edge=0.001,N4388,L1143,0.028655176905986214,4,1,2.999999999998078,0.39162517627138527,,False,3.0,False,False,True
TBS adaptive diffusion topology alpha=0.01 edge=0.001,N4388,N3694,0.015374364306459472,4,3,2.9999999996214806,0.39162517632944893,,False,3.0,False,False,True
TBS adaptive diffusion topology alpha=0.01 edge=0.001,N4389,L775,0.028684405027913973,2,1,0.9999999999938713,0.3173105078643942,,False,1.0,False,False,True
TBS adaptive diffusion topology alpha=0.01 edge=0.001,N4389,L1342,0.028684405027913973,2,1,0.9999999999938713,0.3173105078643942,,False,1.0,False,False,True
TBS adaptive diffusion topology alpha=0.01 edge=0.001,N4390,L831,0.028688640481522754,3,1,1.9999999999984104,0.3678794411717348,,False,2.0,False,False,True
TBS adaptive diffusion topology alpha=0.01 edge=0.001,N4390,N3598,0.01658930884211057,3,2,1.9999999999582818,0.367879441179116,,False,2.0,False,False,True
TBS adaptive diffusion topology alpha=0.01 edge=0.001,N4391,L1129,0.028739315261592853,3,1,1.999999999996375,0.36787944117210913,,False,2.0,False,False,True
TBS adaptive diffusion topology alpha=0.01 edge=0.001,N4391,N4103,0.008544760016906657,3,2,1.9999999999008986,0.367879441189671,,False,2.0,False,False,True
TBS adaptive diffusion topology alpha=0.01 edge=0.001,N4392,N4059,0.009390336691268103,7,2,5.999999999883041,0.4231900811399455,,False,6.0,False,False,True
TBS adaptive diffusion topology alpha=0.01 edge=0.001,N4392,N4346,0.001979862090021767,7,5,5.999999997441128,0.4231900814134909,,False,6.0,False,False,True
TBS adaptive diffusion topology alpha=0.01 edge=0.001,N4393,L2063,0.028894392148216593,2,1,0.9999999999998919,0.31731050786293746,,False,1.0,False,False,True
TBS adaptive diffusion topology alpha=0.01 edge=0.001,N4393,L2093,0.028894392148216593,2,1,0.9999999999998919,0.31731050786293746,,False,1.0,False,False,True
TBS adaptive diffusion topology alpha=0.01 edge=0.001,N4394,N3895,0.01279545670941785,4,2,2.999999999999774,0.3916251762711236,,False,3.0,False,False,True
TBS adaptive diffusion topology alpha=0.01 edge=0.001,N4394,N4036,0.010111016289233637,4,2,2.999999999999774,0.3916251762711236,,False,3.0,False,False,True
TBS adaptive diffusion topology alpha=0.01 edge=0.001,N4395,N3464,0.018425397317928645,5,2,3.9999999999233635,0.4060058497202099,,False,4.0,False,False,True
TBS adaptive diffusion topology alpha=0.01 edge=0.001,N4395,N4390,0.00037037108597860003,5,3,3.9999999996806683,0.40600584975305487,,False,4.0,False,False,True
TBS adaptive diffusion topology alpha=0.01 edge=0.001,N4396,N4097,0.009021175429605986,14,9,12.999999972354562,0.4478116764549117,,False,13.0,False,False,True
TBS adaptive diffusion topology alpha=0.01 edge=0.001,N4396,N4261,0.005059494419205065,14,5,12.999999994494203,0.447811674744776,,False,13.0,False,False,True
TBS adaptive diffusion topology alpha=0.01 edge=0.001,N4397,N4069,0.009528509723277128,9,3,7.9999999998230304,0.4334701203839958,,False,8.0,False,False,True
TBS adaptive diffusion topology alpha=0.01 edge=0.001,N4397,N4357,0.001960840567994895,9,6,7.9999999985632915,0.4334701205070517,,False,8.0,False,False,True
TBS adaptive diffusion topology alpha=0.01 edge=0.001,N4398,L2113,0.029145600858684464,2,1,0.9999999999995526,0.3173105078630195,,False,1.0,False,False,True
TBS adaptive diffusion topology alpha=0.01 edge=0.001,N4398,L2121,0.029145600858684464,2,1,0.9999999999995526,0.3173105078630195,,False,1.0,False,False,True
TBS adaptive diffusion topology alpha=0.01 edge=0.001,N4399,L1052,0.02927312364338342,3,1,1.9999999999997282,0.3678794411714924,,False,2.0,False,False,True
TBS adaptive diffusion topology alpha=0.01 edge=0.001,N4399,N2597,0.0263087530207901,3,2,1.9999999999930478,0.3678794411727211,,False,2.0,False,False,True
TBS adaptive diffusion topology alpha=0.01 edge=0.001,N4400,N3233,0.02064138954726332,5,2,3.9999999988374104,0.4060058498671776,,False,4.0,False,False,True
TBS adaptive diffusion topology alpha=0.01 edge=0.001,N4400,N3392,0.019240891282190902,5,3,3.999999994851151,0.4060058504066587,,False,4.0,False,False,True
TBS adaptive diffusion topology alpha=0.01 edge=0.001,N4401,L2261,0.029350280144054015,3,1,1.9999999999999536,0.3678794411714508,,False,2.0,False,False,True
TBS adaptive diffusion topology alpha=0.01 edge=0.001,N4401,N3635,0.01676220705845562,3,2,1.9999999999992946,0.36787944117157206,,False,2.0,False,False,True
TBS adaptive diffusion topology alpha=0.01 edge=0.001,N4402,N3484,0.018479818489257952,6,3,4.999999987860262,0.41588018847706,,False,5.0,False,False,True
TBS adaptive diffusion topology alpha=0.01 edge=0.001,N4402,N4024,0.010677462189583747,6,3,4.999999987860273,0.41588018847705843,,False,5.0,False,False,True
TBS adaptive diffusion topology alpha=0.01 edge=0.001,N4403,L677,0.029422734575668016,4,1,2.9999999999991758,0.39162517627121607,,False,3.0,False,False,True
TBS adaptive diffusion topology alpha=0.01 edge=0.001,N4403,N4084,0.009558815430890025,4,3,2.9999999999468874,0.39162517627927773,,False,3.0,False,False,True
TBS adaptive diffusion topology alpha=0.01 edge=0.001,N4404,L1919,0.02955102816686988,3,1,1.999999999999103,0.3678794411716074,,False,2.0,False,False,True
TBS adaptive diffusion topology alpha=0.01 edge=0.001,N4404,N4128,0.008695917125836046,3,2,1.999999999968966,0.36787944117715077,,False,2.0,False,False,True
TBS adaptive diffusion topology alpha=0.01 edge=0.001,N4405,N3993,0.011577914855173323,13,5,11.99999990262263,0.4456796491851408,,False,12.0,False,False,True
TBS adaptive diffusion topology alpha=0.01 edge=0.001,N4405,N4282,0.00499941271665208,13,8,11.999999639526497,0.4456796703148046,,False,12.0,False,False,True
TBS adaptive diffusion topology alpha=0.01 edge=0.001,N4406,L2103,0.029604857630626046,3,1,1.9999999999915734,0.36787944117299226,,False,2.0,False,False,True
TBS adaptive diffusion topology alpha=0.01 edge=0.001,N4406,N2848,0.024285073504371882,3,2,1.999999999659958,0.3678794412339895,,False,2.0,False,False,True
TBS adaptive diffusion topology alpha=0.01 edge=0.001,N4407,L2384,0.02965109300295611,3,1,1.9999999999992821,0.3678794411715744,,False,2.0,False,False,True
TBS adaptive diffusion topology alpha=0.01 edge=0.001,N4407,N3707,0.016275259585795548,3,2,1.9999999999744427,0.36787944117614335,,False,2.0,False,False,True
TBS adaptive diffusion topology alpha=0.01 edge=0.001,N4408,N3972,0.012055910219662019,12,5,10.999999999942366,0.44326327843129365,,False,11.0,False,False,True
TBS adaptive diffusion topology alpha=0.01 edge=0.001,N4408,N4256,0.005802424182053171,12,7,10.999999999852404,0.4432632784388306,,False,11.0,False,False,True
TBS adaptive diffusion topology alpha=0.01 edge=0.001,N4409,L2302,0.029751602099739427,2,1,0.999999999999948,0.31731050786292375,,False,1.0,False,False,True
TBS adaptive diffusion topology alpha=0.01 edge=0.001,N4409,L2359,0.029751602099739427,2,1,0.999999999999948,0.31731050786292375,,False,1.0,False,False,True
TBS adaptive diffusion topology alpha=0.01 edge=0.001,N4410,N3813,0.015122968276783957,6,2,4.999999999881113,0.41588018701001706,,False,5.0,False,False,True
TBS adaptive diffusion topology alpha=0.01 edge=0.001,N4410,N4055,0.010524228821025827,6,4,4.999999998680001,0.4158801871566027,,False,5.0,False,False,True
TBS adaptive diffusion topology alpha=0.01 edge=0.001,N4411,L2485,0.0298455842390536,4,1,2.9999999984511905,0.39162517650988493,,False,3.0,False,False,True
TBS adaptive diffusion topology alpha=0.01 edge=0.001,N4411,N3689,0.0166640463446572,4,3,2.999999606954185,0.39162523687102635,,False,3.0,False,False,True
TBS adaptive diffusion topology alpha=0.01 edge=0.001,N4412,N4008,0.011564426328628604,21,8,199385155.75707248,0.0,,False,20.0,False,False,True
TBS adaptive diffusion topology alpha=0.01 edge=0.001,N4412,N4146,0.008672714038257392,21,13,75507437.50216746,0.0,,False,20.0,False,False,True
TBS adaptive diffusion topology alpha=0.01 edge=0.001,N4413,L1786,0.029942142701375126,3,1,1.9999999999999218,0.36787944117145677,,False,2.0,False,False,True
TBS adaptive diffusion topology alpha=0.01 edge=0.001,N4413,N3116,0.022294454339709238,3,2,1.99999999999957,0.36787944117152155,,False,2.0,False,False,True
TBS adaptive diffusion topology alpha=0.01 edge=0.001,N4414,N4226,0.006981845439753767,60,34,68.44898810028194,7.807558965268668e-05,,False,30.0,False,False,True
TBS adaptive diffusion topology alpha=0.01 edge=0.001,N4414,N4313,0.004422200677118511,60,26,68.44898812126971,7.80755891541035e-05,,False,30.0,False,False,True
TBS adaptive diffusion topology alpha=0.01 edge=0.001,N4415,L1079,0.02999252784151429,3,1,1.9999999999605997,0.36787944117868965,,False,2.0,False,False,True
TBS adaptive diffusion topology alpha=0.01 edge=0.001,N4415,N4143,0.008793872921571931,3,2,1.9999999983673682,0.36787944147174817,,False,2.0,False,False,True
TBS adaptive diffusion topology alpha=0.01 edge=0.001,N4416,L58,0.030090348566551794,2,1,0.9999999999999292,0.31731050786292836,,False,1.0,False,False,True
TBS adaptive diffusion topology alpha=0.01 edge=0.001,N4416,L1556,0.030090348566551794,2,1,0.9999999999999292,0.31731050786292836,,False,1.0,False,False,True
TBS adaptive diffusion topology alpha=0.01 edge=0.001,N4417,N3209,0.021742569175216567,13,3,11.99999998377757,0.4456796426674602,,False,12.0,False,False,True
TBS adaptive diffusion topology alpha=0.01 edge=0.001,N4417,N4195,0.007886380340558469,13,10,11.99999947073437,0.44567968387076573,,False,12.0,False,False,True
TBS adaptive diffusion topology alpha=0.01 edge=0.001,N4418,N3533,0.018777889131098242,10,3,8.99999999605502,0.4372741892780244,,False,9.0,False,False,True
TBS adaptive diffusion topology alpha=0.01 edge=0.001,N4418,N4109,0.009862895131763194,10,7,8.999999950184689,0.4372741935122725,,False,9.0,False,False,True
TBS adaptive diffusion topology alpha=0.01 edge=0.001,N4419,N4275,0.005785398603834992,6,4,4.999999999848543,0.4158801870139921,,False,5.0,False,False,True
TBS adaptive diffusion topology alpha=0.01 edge=0.001,N4419,N4302,0.004956553939512439,6,2,4.9999999999843245,0.41588018699742113,,False,5.0,False,False,True
TBS adaptive diffusion topology alpha=0.01 edge=0.001,N4420,L1157,0.030225097462481722,2,1,0.9999999999998468,0.31731050786294834,,False,1.0,False,False,True
TBS adaptive diffusion topology alpha=0.01 edge=0.001,N4420,L1178,0.030225097462481722,2,1,0.9999999999998468,0.31731050786294834,,False,1.0,False,False,True
TBS adaptive diffusion topology alpha=0.01 edge=0.001,N4421,L2229,0.030313340182944994,3,1,1.9999999999909526,0.3678794411731065,,False,2.0,False,False,True
TBS adaptive diffusion topology alpha=0.01 edge=0.001,N4421,N4081,0.010471421586590588,3,2,1.9999999996297861,0.36787944123953936,,False,2.0,False,False,True
TBS adaptive diffusion topology alpha=0.01 edge=0.001,N4422,N3867,0.014798905140112997,5,2,3.999999999704002,0.4060058497498972,,False,4.0,False,False,True
TBS adaptive diffusion topology alpha=0.01 edge=0.001,N4422,N3881,0.014592143956663887,5,3,3.9999999986928323,0.40600584988674415,,False,4.0,False,False,True
TBS adaptive diffusion topology alpha=0.01 edge=0.001,N4423,N3984,0.012708963551897486,46,11,54.10036191860475,0.004480462542962257,,False,30.0,False,False,True
TBS adaptive diffusion topology alpha=0.01 edge=0.001,N4423,N4343,0.003835190878471599,46,35,54.10036157311298,0.004480462940737276,,False,30.0,False,False,True
TBS adaptive diffusion topology alpha=0.01 edge=0.001,N4424,L292,0.03055647396101715,7,1,5.999999999934131,0.4231900811342222,,False,6.0,False,False,True
TBS adaptive diffusion topology alpha=0.01 edge=0.001,N4424,N4293,0.005601358714125913,7,6,5.999999694196642,0.4231901153832133,,False,6.0,False,False,True
TBS adaptive diffusion topology alpha=0.01 edge=0.001,N4425,L1432,0.030574897215380033,3,1,1.9999999999996407,0.3678794411715085,,False,2.0,False,False,True
TBS adaptive diffusion topology alpha=0.01 edge=0.001,N4425,N3930,0.013868007223433218,3,2,1.999999999994319,0.3678794411724874,,False,2.0,False,False,True
TBS adaptive diffusion topology alpha=0.01 edge=0.001,N4426,N3602,0.018448310870397656,9,2,7.999999999755643,0.43347012039057875,,False,8.0,False,False,True
TBS adaptive diffusion topology alpha=0.01 edge=0.001,N4426,N3860,0.015080423248619376,9,7,7.999999986665766,0.4334701216692427,,False,8.0,False,False,True
TBS adaptive diffusion topology alpha=0.01 edge=0.001,N4427,L751,0.03066951825102586,4,1,2.9999999999987144,0.3916251762712871,,False,3.0,False,False,True
TBS adaptive diffusion topology alpha=0.01 edge=0.001,N4427,N3742,0.016924171339738225,4,3,2.9999999997606643,0.3916251763079899,,False,3.0,False,False,True
TBS adaptive diffusion topology alpha=0.01 edge=0.001,N4428,N2591,0.027823860322043092,4,2,2.9999999999881273,0.3916251762729194,,False,3.0,False,False,True
TBS adaptive diffusion topology alpha=0.01 edge=0.001,N4428,N4177,0.008738460708515404,4,2,2.9999999999881273,0.3916251762729194,,False,3.0,False,False,True
TBS adaptive diffusion topology alpha=0.01 edge=0.001,N4429,N4291,0.005838936343309483,49,26,234.3798046950025,1.5269362512884454e-33,,False,30.0,False,False,True
TBS adaptive diffusion topology alpha=0.01 edge=0.001,N4429,N4322,0.004707386994955503,49,23,234.379804817871,1.526936168582473e-33,,False,30.0,False,False,True
TBS adaptive diffusion topology alpha=0.01 edge=0.001,N4430,N4179,0.008779000514402243,9,2,7.999999999977021,0.4334701203689537,,False,8.0,False,False,True
TBS adaptive diffusion topology alpha=0.01 edge=0.001,N4430,N4239,0.0074799364516093736,9,7,7.999999998883792,0.43347012047574396,,False,8.0,False,False,True
TBS adaptive diffusion topology alpha=0.01 edge=0.001,N4431,N4277,0.006371517836744201,14,4,12.999999999832115,0.4478116743324594,,False,13.0,False,False,True
TBS adaptive diffusion topology alpha=0.01 edge=0.001,N4431,N4356,0.0036824001639208927,14,10,12.999999998322016,0.4478116744491044,,False,13.0,False,False,True
TBS adaptive diffusion topology alpha=0.01 edge=0.001,N4432,L2186,0.03081001526051522,7,1,5.999999999968822,0.42319008113033596,,False,6.0,False,False,True
TBS adaptive diffusion topology alpha=0.01 edge=0.001,N4432,N4370,0.0031172808346569447,7,6,5.999999874621973,0.4231900951718034,,False,6.0,False,False,True
TBS adaptive diffusion topology alpha=0.01 edge=0.001,N4433,N4108,0.010549637374449408,37,3,34.90967893275619,0.2459417447246625,,False,30.0,False,False,True
TBS adaptive diffusion topology alpha=0.01 edge=0.001,N4433,N4290,0.005985865730585472,37,34,34.90967884090324,0.24594174809704109,,False,30.0,False,False,True
TBS adaptive diffusion topology alpha=0.01 edge=0.001,N4434,N4043,0.01194123316452968,12,6,10.999999995596868,0.4432632787953472,,False,11.0,False,False,True
TBS adaptive diffusion topology alpha=0.01 edge=0.001,N4434,N4278,0.006385842561635695,12,6,10.999999995596884,0.44326327879534555,,False,11.0,False,False,True
TBS adaptive diffusion topology alpha=0.01 edge=0.001,N4435,N3642,0.018252835750490328,5,3,3.99999999964078,0.40600584975845344,,False,4.0,False,False,True
TBS adaptive diffusion topology alpha=0.01 edge=0.001,N4435,N3902,0.014657912464106308,5,2,3.999999999916798,0.40600584972109843,,False,4.0,False,False,True
TBS adaptive diffusion topology alpha=0.01 edge=0.001,N4436,N3879,0.015144068464211022,12,5,10.999999993318527,0.4432632789862204,,False,11.0,False,False,True
TBS adaptive diffusion topology alpha=0.01 edge=0.001,N4436,N3923,0.01431093264700515,12,7,10.999999982738201,0.44326327987260994,,False,11.0,False,False,True
TBS adaptive diffusion topology alpha=0.01 edge=0.001,N4437,L1686,0.03095121471199311,2,1,0.9999999999993745,0.3173105078630626,,False,1.0,False,False,True
TBS adaptive diffusion topology alpha=0.01 edge=0.001,N4437,L1707,0.03095121471199311,2,1,0.9999999999993745,0.3173105078630626,,False,1.0,False,False,True
TBS adaptive diffusion topology alpha=0.01 edge=0.001,N4438,L807,0.03098539792698491,4,1,2.9999999999983236,0.3916251762713473,,False,3.0,False,False,True
TBS adaptive diffusion topology alpha=0.01 edge=0.001,N4438,N4156,0.009526465930871945,4,3,2.9999999998252105,0.39162517629803795,,False,3.0,False,False,True
TBS adaptive diffusion topology alpha=0.01 edge=0.001,N4439,N3685,0.01794414641230229,17,9,38781941638.62629,0.0,,False,16.0,False,False,True
TBS adaptive diffusion topology alpha=0.01 edge=0.001,N4439,N4166,0.009341776988542626,17,8,49083514574.88615,0.0,,False,16.0,False,False,True
TBS adaptive diffusion topology alpha=0.01 edge=0.001,N4440,L1327,0.031117982973671004,23,1,21.999999999676806,0.45988870271297777,,False,22.0,False,False,True
TBS adaptive diffusion topology alpha=0.01 edge=0.001,N4440,N4344,0.004349969715263801,23,22,21.99999758483171,0.45988884685274667,,False,22.0,False,False,True
TBS adaptive diffusion topology alpha=0.01 edge=0.001,N4441,N3942,0.014174812468107074,14,6,12.999999995130745,0.44781167469560823,,False,13.0,False,False,True
TBS adaptive diffusion topology alpha=0.01 edge=0.001,N4441,N4387,0.002514672209988523,14,8,12.999999989365115,0.4478116751409632,,False,13.0,False,False,True
TBS adaptive diffusion topology alpha=0.01 edge=0.001,N4442,L1181,0.031163104757640062,2,1,0.9999999999873148,0.31731050786598064,,False,1.0,False,False,True
TBS adaptive diffusion topology alpha=0.01 edge=0.001,N4442,L1184,0.031163104757640062,2,1,0.9999999999873148,0.31731050786598064,,False,1.0,False,False,True
TBS adaptive diffusion topology alpha=0.01 edge=0.001,N4443,N4173,0.009325090163755627,18,9,35847552.82832074,0.0,0.0,True,17.0,False,True,False
TBS adaptive diffusion topology alpha=0.01 edge=0.001,N4443,N4250,0.007526739326721357,18,9,35847552.82831932,0.0,0.0,True,17.0,False,True,False
TBS adaptive diffusion topology alpha=0.01 edge=0.001,N4444,N3901,0.015001029246299027,4,2,2.9999999999980487,0.3916251762713897,,False,3.0,False,False,True
TBS adaptive diffusion topology alpha=0.01 edge=0.001,N4444,N3980,0.013482333152140537,4,2,2.9999999999980487,0.3916251762713897,,False,3.0,False,False,True
TBS adaptive diffusion topology alpha=0.01 edge=0.001,N4445,N4071,0.011600882194224775,55,2,23.67487652447393,0.7865308667204041,,False,30.0,False,False,True
TBS adaptive diffusion topology alpha=0.01 edge=0.001,N4445,N4324,0.005141769287120824,55,53,23.674876314035103,0.7865308759750881,,False,30.0,False,False,True
TBS adaptive diffusion topology alpha=0.01 edge=0.001,N4446,L1929,0.031254622702591994,3,1,1.9999999999992486,0.3678794411715806,,False,2.0,False,False,True
TBS adaptive diffusion topology alpha=0.01 edge=0.001,N4446,N4287,0.006449741994528756,3,2,1.999999999978701,0.3678794411753601,,False,2.0,False,False,True
TBS adaptive diffusion topology alpha=0.01 edge=0.001,N4447,N4279,0.006796453198954469,17,8,2845696195.9892364,0.0,,False,16.0,False,False,True
TBS adaptive diffusion topology alpha=0.01 edge=0.001,N4447,N4312,0.0057766401027940575,17,9,2248488789.8883247,0.0,,False,16.0,False,False,True
TBS adaptive diffusion topology alpha=0.01 edge=0.001,N4448,L1212,0.03129607067099544,3,1,1.99999999999303,0.3678794411727244,,False,2.0,False,False,True
TBS adaptive diffusion topology alpha=0.01 edge=0.001,N4448,N3606,0.01911365656959286,3,2,1.9999999997313764,0.3678794412208529,,False,2.0,False,False,True
TBS adaptive diffusion topology alpha=0.01 edge=0.001,N4449,N3178,0.023115609911837583,11,2,9.999999999627388,0.440493285097903,,False,10.0,False,False,True
TBS adaptive diffusion topology alpha=0.01 edge=0.001,N4449,N4241,0.007979606120319291,11,9,9.999999958946445,0.44049328866699167,,False,10.0,False,False,True
TBS adaptive diffusion topology alpha=0.01 edge=0.001,N4450,L2154,0.031314432459158804,4,1,2.9999999999928355,0.3916251762721933,,False,3.0,False,False,True
TBS adaptive diffusion topology alpha=0.01 edge=0.001,N4450,N4251,0.0075625241438722806,4,3,2.999999998194816,0.39162517654941287,,False,3.0,False,False,True
TBS adaptive diffusion topology alpha=0.01 edge=0.001,N4451,N4049,0.01226014117758757,12,5,10.99999999828028,0.4432632785705385,,False,11.0,False,False,True
TBS adaptive diffusion topology alpha=0.01 edge=0.001,N4451,N4065,0.011886758503708695,12,7,10.999999995672665,0.4432632787889972,,False,11.0,False,False,True
TBS adaptive diffusion topology alpha=0.01 edge=0.001,N4452,N4318,0.005596172257870986,29,9,163992193046.01953,0.0,,False,28.0,False,False,True
TBS adaptive diffusion topology alpha=0.01 edge=0.001,N4452,N4332,0.0050419406572168235,29,20,33208342127.614826,0.0,,False,28.0,False,False,True
TBS adaptive diffusion topology alpha=0.01 edge=0.001,N4453,L2024,0.03145597640026426,3,1,1.9999999999996239,0.36787944117151156,,False,2.0,False,False,True
TBS adaptive diffusion topology alpha=0.01 edge=0.001,N4453,N4198,0.009099345023836549,3,2,1.9999999999972466,0.3678794411719488,,False,2.0,False,False,True
TBS adaptive diffusion topology alpha=0.01 edge=0.001,N4454,L2255,0.031512287887153066,3,1,1.999999999998296,0.36787944117175586,,False,2.0,False,False,True
TBS adaptive diffusion topology alpha=0.01 edge=0.001,N4454,N4029,0.012753748327659494,3,2,1.999999999956048,0.3678794411795268,,False,2.0,False,False,True
TBS adaptive diffusion topology alpha=0.01 edge=0.001,N4455,N4303,0.0062551464922735,15,5,13.999994271555176,0.44971148262588734,,False,14.0,False,False,True
TBS adaptive diffusion topology alpha=0.01 edge=0.001,N4455,N4418,0.0013613840354811894,15,10,13.999962013602193,0.44971388589197003,,False,14.0,False,False,True
TBS adaptive diffusion topology alpha=0.01 edge=0.001,N4456,L771,0.03158103315503112,3,1,1.9999999999996574,0.36787944117150545,,False,2.0,False,False,True
TBS adaptive diffusion topology alpha=0.01 edge=0.001,N4456,N4420,0.001355935692549403,3,2,1.9999999999933082,0.36787944117267324,,False,2.0,False,False,True
TBS adaptive diffusion topology alpha=0.01 edge=0.001,N4457,N4028,0.013042795034001704,9,6,7.999999999506479,0.43347012041491784,,False,8.0,False,False,True
TBS adaptive diffusion topology alpha=0.01 edge=0.001,N4457,N4066,0.012228303567743529,9,3,7.999999999928042,0.4334701203737382,,False,8.0,False,False,True
TBS adaptive diffusion topology alpha=0.01 edge=0.001,N4458,L2085,0.031795877900110014,5,1,3.9999999999969837,0.40600584971024656,,False,4.0,False,False,True
TBS adaptive diffusion topology alpha=0.01 edge=0.001,N4458,N4364,0.004321900135042217,5,4,3.9999999978172935,0.40600585000523526,,False,4.0,False,False,True
TBS adaptive diffusion topology alpha=0.01 edge=0.001,N4459,N3887,0.015983803228898013,19,3,17.999999998622442,0.45565260441316946,,False,18.0,False,False,True
TBS adaptive diffusion topology alpha=0.01 edge=0.001,N4459,N4345,0.0050862702787859695,19,16,17.999999870834642,0.45565261283155145,,False,18.0,False,False,True
TBS adaptive diffusion topology alpha=0.01 edge=0.001,N4460,N4254,0.008187121140186531,11,6,9.999999981725672,0.4404932866684864,,False,10.0,False,False,True
TBS adaptive diffusion topology alpha=0.01 edge=0.001,N4460,N4359,0.004646090513012978,11,5,9.999999989157994,0.4404932860164218,,False,10.0,False,False,True
TBS adaptive diffusion topology alpha=0.01 edge=0.001,N4461,L2408,0.03210814473330508,3,1,1.999999999999351,0.3678794411715617,,False,2.0,False,False,True
TBS adaptive diffusion topology alpha=0.01 edge=0.001,N4461,N4175,0.010201684838083935,3,2,1.9999999999794162,0.3678794411752285,,False,2.0,False,False,True
TBS adaptive diffusion topology alpha=0.01 edge=0.001,N4462,L2118,0.03214808679824076,11,1,9.999999999986361,0.44049328506640895,,False,10.0,False,False,True
TBS adaptive diffusion topology alpha=0.01 edge=0.001,N4462,N4238,0.008884321129550734,11,10,9.999999950362486,0.44049328942009436,,False,10.0,False,False,True
TBS adaptive diffusion topology alpha=0.01 edge=0.001,N4463,N3558,0.020445904531239352,4,2,2.99999999999586,0.3916251762717272,,False,3.0,False,False,True
TBS adaptive diffusion topology alpha=0.01 edge=0.001,N4463,N4196,0.009859748389274175,4,2,2.99999999999586,0.3916251762717272,,False,3.0,False,False,True
TBS adaptive diffusion topology alpha=0.01 edge=0.001,N4464,L2167,0.032183288859687464,3,1,1.999999999999524,0.36787944117152993,,False,2.0,False,False,True
TBS adaptive diffusion topology alpha=0.01 edge=0.001,N4464,N3474,0.02140699215862617,3,2,1.999999999991067,0.3678794411730855,,False,2.0,False,False,True
TBS adaptive diffusion topology alpha=0.01 edge=0.001,N4465,N4294,0.0071956975501875865,26,17,4931129150.508071,0.0,,False,25.0,False,False,True
TBS adaptive diffusion topology alpha=0.01 edge=0.001,N4465,N4314,0.006554981558555859,26,9,17593710726.541763,0.0,,False,25.0,False,False,True
TBS adaptive diffusion topology alpha=0.01 edge=0.001,N4466,L606,0.032212613242191206,6,1,4.999999999999751,0.4158801869955381,,False,5.0,False,False,True
TBS adaptive diffusion topology alpha=0.01 edge=0.001,N4466,N3883,0.01637522776190916,6,5,4.999999999849652,0.41588018701385665,,False,5.0,False,False,True
TBS adaptive diffusion topology alpha=0.01 edge=0.001,N4467,L1487,0.03224548733233667,3,1,1.9999999999998057,0.36787944117147814,,False,2.0,False,False,True
TBS adaptive diffusion topology alpha=0.01 edge=0.001,N4467,N4122,0.011556360534875465,3,2,1.999999999996842,0.3678794411720232,,False,2.0,False,False,True
TBS adaptive diffusion topology alpha=0.01 edge=0.001,N4468,N4209,0.009667728800093662,34,9,494.09655418287264,1.9591097156196258e-85,,False,30.0,False,False,True
TBS adaptive diffusion topology alpha=0.01 edge=0.001,N4468,N4266,0.008110122751127422,34,25,494.09653353915485,1.9591287962969935e-85,,False,30.0,False,False,True
TBS adaptive diffusion topology alpha=0.01 edge=0.001,N4469,L2396,0.03235016717133523,3,1,1.999999999999671,0.367879441171503,,False,2.0,False,False,True
TBS adaptive diffusion topology alpha=0.01 edge=0.001,N4469,N3817,0.017640331046086827,3,2,1.9999999999889413,0.3678794411734765,,False,2.0,False,False,True
TBS adaptive diffusion topology alpha=0.01 edge=0.001,N4470,N4259,0.00844196498241017,14,8,12.99999997878412,0.44781167595827265,0.44781167595827265,False,13.0,False,True,False
TBS adaptive diffusion topology alpha=0.01 edge=0.001,N4470,N4296,0.007355878556676379,14,6,12.999999990334203,0.4478116750661081,0.44781167595827265,False,13.0,False,True,False
TBS adaptive diffusion topology alpha=0.01 edge=0.001,N4471,N4129,0.011628623405750061,23,6,21.9999999949223,0.45988870299676954,,False,22.0,False,False,True
TBS adaptive diffusion topology alpha=0.01 edge=0.001,N4471,N4330,0.0062309619991655265,23,17,21.99999993168049,0.4598887067716121,,False,22.0,False,False,True
TBS adaptive diffusion topology alpha=0.01 edge=0.001,N4472,N3697,0.019206523274214862,5,3,3.9999999999969615,0.40600584971024944,,False,4.0,False,False,True
TBS adaptive diffusion topology alpha=0.01 edge=0.001,N4472,N4202,0.009973116730669465,5,2,3.9999999999989084,0.4060058497099861,,False,4.0,False,False,True
TBS adaptive diffusion topology alpha=0.01 edge=0.001,N4473,N4032,0.013741111219797448,4,2,2.9999999999978657,0.391625176271418,,False,3.0,False,False,True
TBS adaptive diffusion topology alpha=0.01 edge=0.001,N4473,N4329,0.006297848920637296,4,2,2.9999999999978657,0.391625176271418,,False,3.0,False,False,True
TBS adaptive diffusion topology alpha=0.01 edge=0.001,N4474,L602,0.03253899627475777,2,1,0.9999999999977272,0.31731050786346116,,False,1.0,False,False,True
TBS adaptive diffusion topology alpha=0.01 edge=0.001,N4474,L2238,0.03253899627475777,2,1,0.9999999999977272,0.31731050786346116,,False,1.0,False,False,True
TBS adaptive diffusion topology alpha=0.01 edge=0.001,N4475,N4168,0.010807459886396297,86,48,121.74338563732137,5.200584672542512e-13,,False,30.0,False,False,True
TBS adaptive diffusion topology alpha=0.01 edge=0.001,N4475,N4286,0.007827791250510118,86,38,121.74338567389435,5.200584598871419e-13,,False,30.0,False,False,True
TBS adaptive diffusion topology alpha=0.01 edge=0.001,N4476,N4265,0.008523444268111373,51,31,206.49590449646092,2.9954043725374477e-28,,False,30.0,False,False,True
TBS adaptive diffusion topology alpha=0.01 edge=0.001,N4476,N4385,0.004022337452865497,51,20,206.4959048239202,2.9954039478755794e-28,,False,30.0,False,False,True
TBS adaptive diffusion topology alpha=0.01 edge=0.001,N4477,L1873,0.03266107953298845,2,1,0.9999999994858793,0.31731050798731336,,False,1.0,False,False,True
TBS adaptive diffusion topology alpha=0.01 edge=0.001,N4477,L1925,0.03266107953298845,2,1,0.9999999994858793,0.31731050798731336,,False,1.0,False,False,True
TBS adaptive diffusion topology alpha=0.01 edge=0.001,N4478,L1500,0.032727372154751216,3,1,1.9999999999998574,0.36787944117146865,,False,2.0,False,False,True
TBS adaptive diffusion topology alpha=0.01 edge=0.001,N4478,N4258,0.008814004904858919,3,2,1.9999999999978888,0.36787944117183063,,False,2.0,False,False,True
TBS adaptive diffusion topology alpha=0.01 edge=0.001,N4479,L87,0.032963963994830925,2,1,0.9999999999999982,0.31731050786291165,,False,1.0,False,False,True
TBS adaptive diffusion topology alpha=0.01 edge=0.001,N4479,L1806,0.032963963994830925,2,1,0.9999999999999982,0.31731050786291165,,False,1.0,False,False,True
TBS adaptive diffusion topology alpha=0.01 edge=0.001,N4480,L1475,0.03298025974978685,3,1,1.9999999999999614,0.3678794411714495,,False,2.0,False,False,True
TBS adaptive diffusion topology alpha=0.01 edge=0.001,N4480,N4205,0.01042809627368113,3,2,1.9999999999992617,0.36787944117157817,,False,2.0,False,False,True
TBS adaptive diffusion topology alpha=0.01 edge=0.001,N4481,L2157,0.03315496968213757,2,1,0.9999999999999654,0.3173105078629196,,False,1.0,False,False,True
TBS adaptive diffusion topology alpha=0.01 edge=0.001,N4481,L2162,0.03315496968213757,2,1,0.9999999999999654,0.3173105078629196,,False,1.0,False,False,True
TBS adaptive diffusion topology alpha=0.01 edge=0.001,N4482,N4201,0.010661758878049288,6,3,4.99999999798033,0.4158801872419915,,False,5.0,False,False,True
TBS adaptive diffusion topology alpha=0.01 edge=0.001,N4482,N4376,0.0054046441906430605,6,3,4.999999997980328,0.4158801872419917,,False,5.0,False,False,True
TBS adaptive diffusion topology alpha=0.01 edge=0.001,N4483,L1290,0.033213299748600135,3,1,1.9999999999929352,0.3678794411727418,,False,2.0,False,False,True
TBS adaptive diffusion topology alpha=0.01 edge=0.001,N4483,N4276,0.008786253888880154,3,2,1.9999999997186517,0.36787944122319355,,False,2.0,False,False,True
TBS adaptive diffusion topology alpha=0.01 edge=0.001,N4484,N4263,0.009191050838318693,57,15,69.71522224668568,5.2999393407907574e-05,,False,30.0,False,False,True
TBS adaptive diffusion topology alpha=0.01 edge=0.001,N4484,N4315,0.007546554541658852,57,42,69.71522203443438,5.2999396868182034e-05,,False,30.0,False,False,True
TBS adaptive diffusion topology alpha=0.01 edge=0.001,N4485,N3819,0.018566650474557977,8,5,6.999999999673769,0.4288798575870215,,False,7.0,False,False,True
TBS adaptive diffusion topology alpha=0.01 edge=0.001,N4485,N4352,0.006280131745879188,8,3,6.999999999932161,0.42887985756011804,,False,7.0,False,False,True
TBS adaptive diffusion topology alpha=0.01 edge=0.001,N4486,N3335,0.02381056764228949,6,2,4.999999999972626,0.41588018699884866,,False,5.0,False,False,True
TBS adaptive diffusion topology alpha=0.01 edge=0.001,N4486,N4243,0.00996139553636551,6,4,4.999999999696804,0.4158801870325106,,False,5.0,False,False,True
TBS adaptive diffusion topology alpha=0.01 edge=0.001,N4487,N3836,0.01830070225342651,4,2,2.9999999997911715,0.3916251763032861,,False,3.0,False,False,True
TBS adaptive diffusion topology alpha=0.01 edge=0.001,N4487,N4157,0.011931567846065924,4,2,2.9999999997911715,0.3916251763032861,,False,3.0,False,False,True
TBS adaptive diffusion topology alpha=0.01 edge=0.001,N4488,L1375,0.033506178606490813,7,1,5.999999999999101,0.42319008112694445,,False,6.0,False,False,True
TBS adaptive diffusion topology alpha=0.01 edge=0.001,N4488,N4072,0.01385935482154731,7,6,5.999999998890104,0.4231900812511752,,False,6.0,False,False,True
TBS adaptive diffusion topology alpha=0.01 edge=0.001,N4489,L154,0.033597635867252985,3,1,1.9999999999990508,0.36787944117161697,,False,2.0,False,False,True
TBS adaptive diffusion topology alpha=0.01 edge=0.001,N4489,N4316,0.007827934424782811,3,2,1.9999999999882518,0.36787944117360327,,False,2.0,False,False,True
TBS adaptive diffusion topology alpha=0.01 edge=0.001,N4490,N4252,0.009918151029686855,16,4,14.999999894051488,0.45141721885743125,,False,15.0,False,False,True
TBS adaptive diffusion topology alpha=0.01 edge=0.001,N4490,N4386,0.005073213451723454,16,12,14.999997830704029,0.45141736748493744,,False,15.0,False,False,True
TBS adaptive diffusion topology alpha=0.01 edge=0.001,N4491,L817,0.03384163372955298,6,1,4.999999999999115,0.415880186995616,,False,5.0,False,False,True
TBS adaptive diffusion topology alpha=0.01 edge=0.001,N4491,N3914,0.017339140248550825,6,5,4.999999999672787,0.4158801870354414,,False,5.0,False,False,True
TBS adaptive diffusion topology alpha=0.01 edge=0.001,N4492,N4246,0.010284892479397324,19,9,63463259958.92032,0.0,,False,18.0,False,False,True
TBS adaptive diffusion topology alpha=0.01 edge=0.001,N4492,N4378,0.005897300504658742,19,10,51405192173.00695,0.0,,False,18.0,False,False,True
TBS adaptive diffusion topology alpha=0.01 edge=0.001,N4493,N4005,0.015637910869514847,5,2,3.999999999989779,0.40600584971122167,,False,4.0,False,False,True
TBS adaptive diffusion topology alpha=0.01 edge=0.001,N4493,N4260,0.009917443856223361,5,3,3.9999999999565157,0.4060058497157232,,False,4.0,False,False,True
TBS adaptive diffusion topology alpha=0.01 edge=0.001,N4494,N3589,0.021986045161574926,28,4,26.999999969227346,0.463794817280901,,False,27.0,False,False,True
TBS adaptive diffusion topology alpha=0.01 edge=0.001,N4494,N4137,0.012965842943119804,28,24,26.999997350734503,0.46379495856206376,,False,27.0,False,False,True
TBS adaptive diffusion topology alpha=0.01 edge=0.001,N4495,N4015,0.015536116915457615,4,2,2.9999999999441993,0.3916251762796922,,False,3.0,False,False,True
TBS adaptive diffusion topology alpha=0.01 edge=0.001,N4495,N4248,0.010398658928090844,4,2,2.9999999999441993,0.3916251762796922,,False,3.0,False,False,True
TBS adaptive diffusion topology alpha=0.01 edge=0.001,N4496,L889,0.034068055269518116,2,1,0.9999999999998841,0.3173105078629393,,False,1.0,False,False,True
TBS adaptive diffusion topology alpha=0.01 edge=0.001,N4496,L903,0.034068055269518116,2,1,0.9999999999998841,0.3173105078629393,,False,1.0,False,False,True
TBS adaptive diffusion topology alpha=0.01 edge=0.001,N4497,N4438,0.0031659404331053974,59,4,46.07940907593684,0.030536681070908865,,False,30.0,False,False,True
TBS adaptive diffusion topology alpha=0.01 edge=0.001,N4497,N4445,0.002905149254323396,59,55,46.07940893180714,0.030536682039131558,,False,30.0,False,False,True
TBS adaptive diffusion topology alpha=0.01 edge=0.001,N4498,N4308,0.008833577442752746,7,2,5.999999989137005,0.42319008234372624,,False,6.0,False,False,True
TBS adaptive diffusion topology alpha=0.01 edge=0.001,N4498,N4458,0.002369340873469527,7,5,5.999999757320389,0.4231901083120334,,False,6.0,False,False,True
TBS adaptive diffusion topology alpha=0.01 edge=0.001,N4499,N3665,0.021293114949117644,4,2,2.999999999974828,0.39162517627496995,,False,3.0,False,False,True
TBS adaptive diffusion topology alpha=0.01 edge=0.001,N4499,N4185,0.01204510669769982,4,2,2.999999999974828,0.39162517627496995,,False,3.0,False,False,True
TBS adaptive diffusion topology alpha=0.01 edge=0.001,N4500,N4255,0.010353561313010797,19,6,17.999999952222073,0.45565260746992475,,False,18.0,False,False,True
TBS adaptive diffusion topology alpha=0.01 edge=0.001,N4500,N4325,0.008069193889348496,19,13,17.99999963592393,0.4556526283069563,,False,18.0,False,False,True
TBS adaptive diffusion topology alpha=0.01 edge=0.001,N4501,L1069,0.034250825706751406,24,1,22.99999999969532,0.4607708905700838,,False,23.0,False,False,True
TBS adaptive diffusion topology alpha=0.01 edge=0.001,N4501,N4440,0.003132842733080401,24,23,22.999904538610053,0.4607764651500377,,False,23.0,False,False,True
TBS adaptive diffusion topology alpha=0.01 edge=0.001,N4502,N4305,0.00899060423414273,11,8,9.999999922467707,0.44049329186740616,,False,10.0,False,False,True
TBS adaptive diffusion topology alpha=0.01 edge=0.001,N4502,N4413,0.004335700393576386,11,3,9.999999995762103,0.4404932854370187,,False,10.0,False,False,True
TBS adaptive diffusion topology alpha=0.01 edge=0.001,N4503,L2146,0.03429953614148536,2,1,0.9999999999994045,0.3173105078630553,,False,1.0,False,False,True
TBS adaptive diffusion topology alpha=0.01 edge=0.001,N4503,L2148,0.03429953614148536,2,1,0.9999999999994045,0.3173105078630553,,False,1.0,False,False,True
TBS adaptive diffusion topology alpha=0.01 edge=0.001,N4504,L2056,0.03431522054995851,2,1,0.9999999999999605,0.3173105078629208,,False,1.0,False,False,True
TBS adaptive diffusion topology alpha=0.01 edge=0.001,N4504,L2070,0.03431522054995851,2,1,0.9999999999999605,0.3173105078629208,,False,1.0,False,False,True
TBS adaptive diffusion topology alpha=0.01 edge=0.001,N4505,N4207,0.011875018479960753,24,8,39824188424.951294,0.0,,False,23.0,False,False,True
TBS adaptive diffusion topology alpha=0.01 edge=0.001,N4505,N4339,0.007857033906349937,24,16,9956083077.395973,0.0,,False,23.0,False,False,True
TBS adaptive diffusion topology alpha=0.01 edge=0.001,N4506,N3512,0.023221385060379744,7,4,5.999999999491821,0.4231900811837702,,False,6.0,False,False,True
TBS adaptive diffusion topology alpha=0.01 edge=0.001,N4506,N3908,0.018091681136389332,7,3,5.9999999997983,0.42319008114943835,,False,6.0,False,False,True
TBS adaptive diffusion topology alpha=0.01 edge=0.001,N4507,L2086,0.03455754984207112,4,1,2.999999999999697,0.3916251762711357,,False,3.0,False,False,True
TBS adaptive diffusion topology alpha=0.01 edge=0.001,N4507,N3999,0.016455420395524497,4,3,2.9999999999583786,0.39162517627750626,,False,3.0,False,False,True
TBS adaptive diffusion topology alpha=0.01 edge=0.001,N4508,L1179,0.034562169416605296,6,1,4.999999999998893,0.4158801869956432,,False,5.0,False,False,True
TBS adaptive diffusion topology alpha=0.01 edge=0.001,N4508,N4422,0.004181370825049029,6,5,4.9999999997956035,0.4158801870204527,,False,5.0,False,False,True
TBS adaptive diffusion topology alpha=0.01 edge=0.001,N4509,L1121,0.03463101375314939,3,1,1.9999999999998654,0.36787944117146715,,False,2.0,False,False,True
TBS adaptive diffusion topology alpha=0.01 edge=0.001,N4509,N4347,0.007805785915350495,3,2,1.999999999995471,0.3678794411722754,,False,2.0,False,False,True
TBS adaptive diffusion topology alpha=0.01 edge=0.001,N4510,N4183,0.012553716315977426,8,2,6.999999999909778,0.4288798575624484,,False,7.0,False,False,True
TBS adaptive diffusion topology alpha=0.01 edge=0.001,N4510,N4264,0.010565867977598007,8,6,6.999999996785469,0.4288798578877505,,False,7.0,False,False,True
TBS adaptive diffusion topology alpha=0.01 edge=0.001,N4511,L1949,0.034714430022413,7,1,5.999999999993699,0.4231900811275493,,False,6.0,False,False,True
TBS adaptive diffusion topology alpha=0.01 edge=0.001,N4511,N4107,0.014470113132293532,7,6,5.999999993171438,0.4231900818917851,,False,6.0,False,False,True
TBS adaptive diffusion topology alpha=0.01 edge=0.001,N4512,L2145,0.03472352767813517,2,1,0.9999999999965918,0.3173105078637359,,False,1.0,False,False,True
TBS adaptive diffusion topology alpha=0.01 edge=0.001,N4512,L2163,0.03472352767813517,2,1,0.9999999999965918,0.3173105078637359,,False,1.0,False,False,True
TBS adaptive diffusion topology alpha=0.01 edge=0.001,N4513,L2341,0.03476137419802191,2,1,0.9999999999997888,0.31731050786296233,,False,1.0,False,False,True
TBS adaptive diffusion topology alpha=0.01 edge=0.001,N4513,L2351,0.03476137419802191,2,1,0.9999999999997888,0.31731050786296233,,False,1.0,False,False,True
TBS adaptive diffusion topology alpha=0.01 edge=0.001,N4514,L960,0.03487631699423273,3,1,1.999999999999529,0.367879441171529,,False,2.0,False,False,True
TBS adaptive diffusion topology alpha=0.01 edge=0.001,N4514,N4080,0.015047888645277386,3,2,1.9999999999942857,0.36787944117249344,,False,2.0,False,False,True
TBS adaptive diffusion topology alpha=0.01 edge=0.001,N4515,L2091,0.03493777784277634,4,1,2.999999999997464,0.39162517627147997,,False,3.0,False,False,True
TBS adaptive diffusion topology alpha=0.01 edge=0.001,N4515,N4244,0.011426664267052921,4,3,2.9999999997916844,0.39162517630320703,,False,3.0,False,False,True
TBS adaptive diffusion topology alpha=0.01 edge=0.001,N4516,L1921,0.03501595416496445,3,1,1.999999999999527,0.36787944117152943,,False,2.0,False,False,True
TBS adaptive diffusion topology alpha=0.01 edge=0.001,N4516,N3909,0.018645280884327018,3,2,1.9999999999906652,0.36787944117315935,,False,2.0,False,False,True
TBS adaptive diffusion topology alpha=0.01 edge=0.001,N4517,N4073,0.015372996003538959,8,5,6.999999999746813,0.4288798575794164,,False,7.0,False,False,True
TBS adaptive diffusion topology alpha=0.01 edge=0.001,N4517,N4225,0.01219420448912089,8,3,6.999999999941698,0.42887985755912506,,False,7.0,False,False,True
TBS adaptive diffusion topology alpha=0.01 edge=0.001,N4518,N3927,0.018463093252807306,5,3,3.999999998022737,0.4060058499774314,,False,4.0,False,False,True
TBS adaptive diffusion topology alpha=0.01 edge=0.001,N4518,N4116,0.014566641430820839,5,2,3.9999999995531974,0.4060058497703064,,False,4.0,False,False,True
TBS adaptive diffusion topology alpha=0.01 edge=0.001,N4519,N3197,0.026874335925719587,18,2,16.999999999786127,0.4543661138051265,,False,17.0,False,False,True
TBS adaptive diffusion topology alpha=0.01 edge=0.001,N4519,N4189,0.01297537319082289,18,16,16.99999994969725,0.45436611719869036,,False,17.0,False,False,True
TBS adaptive diffusion topology alpha=0.01 edge=0.001,N4520,N4112,0.014765015026471925,4,2,2.9999999999989293,0.39162517627125404,,False,3.0,False,False,True
TBS adaptive diffusion topology alpha=0.01 edge=0.001,N4520,N4354,0.00810498825244857,4,2,2.9999999999989293,0.39162517627125404,,False,3.0,False,False,True
TBS adaptive diffusion topology alpha=0.01 edge=0.001,N4521,L2079,0.03518603633500067,5,1,3.999999999997744,0.40600584971014353,,False,4.0,False,False,True
TBS adaptive diffusion topology alpha=0.01 edge=0.001,N4521,N4204,0.012639877418292757,5,4,3.9999999985169703,0.40600584991054445,,False,4.0,False,False,True
TBS adaptive diffusion topology alpha=0.01 edge=0.001,N4522,L1440,0.0352544392583644,4,1,2.9999999999997504,0.3916251762711276,,False,3.0,False,False,True
TBS adaptive diffusion topology alpha=0.01 edge=0.001,N4522,N4096,0.0151801995697624,4,3,2.9999999999751825,0.39162517627491533,,False,3.0,False,False,True
TBS adaptive diffusion topology alpha=0.01 edge=0.001,N4523,N4012,0.016854773945311086,34,17,500.87233912757625,8.001643944194455e-87,,False,30.0,False,False,True
TBS adaptive diffusion topology alpha=0.01 edge=0.001,N4523,N4447,0.003981104268944644,34,17,500.87233912757887,8.001643944184633e-87,,False,30.0,False,False,True
TBS adaptive diffusion topology alpha=0.01 edge=0.001,N4524,N3949,0.018100850842620083,16,3,14.999999999351186,0.4514172112724606,,False,15.0,False,False,True
TBS adaptive diffusion topology alpha=0.01 edge=0.001,N4524,N4417,0.005133158443437708,16,13,14.999999973246313,0.45141721315285255,,False,15.0,False,False,True
TBS adaptive diffusion topology alpha=0.01 edge=0.001,N4525,L1235,0.03530594135494952,3,1,1.9999999999997087,0.367879441171496,,False,2.0,False,False,True
TBS adaptive diffusion topology alpha=0.01 edge=0.001,N4525,N4165,0.013561670332148302,3,2,1.9999999999917417,0.36787944117296145,,False,2.0,False,False,True
TBS adaptive diffusion topology alpha=0.01 edge=0.001,N4526,L2293,0.035306901377724645,5,1,3.999999999999701,0.40600584970987863,,False,4.0,False,False,True
TBS adaptive diffusion topology alpha=0.01 edge=0.001,N4526,N4372,0.007592675032733809,5,4,3.9999999999626294,0.40600584971489584,,False,4.0,False,False,True
TBS adaptive diffusion topology alpha=0.01 edge=0.001,N4527,L234,0.03533120278966136,15,1,13.999999999968376,0.44971105585105486,,False,14.0,False,False,True
TBS adaptive diffusion topology alpha=0.01 edge=0.001,N4527,N4431,0.004528033666349136,15,14,13.999999734794875,0.44971107560684953,,False,14.0,False,False,True
TBS adaptive diffusion topology alpha=0.01 edge=0.001,N4528,L1272,0.03546644682690057,6,1,4.9999999999938884,0.4158801869962536,,False,5.0,False,False,True
TBS adaptive diffusion topology alpha=0.01 edge=0.001,N4528,N4229,0.012351583327308957,6,5,4.999999998592026,0.4158801871673393,,False,5.0,False,False,True
TBS adaptive diffusion topology alpha=0.01 edge=0.001,N4529,N4041,0.016577606007263004,44,7,36.44539524381273,0.1938551408545778,,False,30.0,False,False,True
TBS adaptive diffusion topology alpha=0.01 edge=0.001,N4529,N4433,0.004641674806598383,44,37,36.4453952023546,0.19385514214499996,,False,30.0,False,False,True
TBS adaptive diffusion topology alpha=0.01 edge=0.001,N4530,L2410,0.03553100905110982,5,1,3.9999999999997495,0.4060058497098722,,False,4.0,False,False,True
TBS adaptive diffusion topology alpha=0.01 edge=0.001,N4530,N4411,0.00568542481205622,5,4,3.9999999998589395,0.40600584972892884,,False,4.0,False,False,True
TBS adaptive diffusion topology alpha=0.01 edge=0.001,N4531,N3516,0.024398389049980644,6,4,4.999999999801033,0.4158801870197901,,False,5.0,False,False,True
TBS adaptive diffusion topology alpha=0.01 edge=0.001,N4531,N4223,0.01281259592054932,6,2,4.999999999981171,0.41588018699780605,,False,5.0,False,False,True
TBS adaptive diffusion topology alpha=0.01 edge=0.001,N4532,L2123,0.03566628002489284,3,1,1.9999999999999052,0.3678794411714598,,False,2.0,False,False,True
TBS adaptive diffusion topology alpha=0.01 edge=0.001,N4532,N4331,0.009400098745712331,3,2,1.9999999999990183,0.36787944117162297,,False,2.0,False,False,True
TBS adaptive diffusion topology alpha=0.01 edge=0.001,N4533,N4360,0.008292094456248955,13,2,11.999999999651479,0.4456796413926011,,False,12.0,False,False,True
TBS adaptive diffusion topology alpha=0.01 edge=0.001,N4533,N4460,0.003724550434602054,13,11,11.999999941060526,0.4456796460981326,,False,12.0,False,False,True
TBS adaptive diffusion topology alpha=0.01 edge=0.001,N4534,N3792,0.021247580909965397,4,2,2.9999999999733635,0.3916251762751958,,False,3.0,False,False,True
TBS adaptive diffusion topology alpha=0.01 edge=0.001,N4534,N4092,0.015661531185851736,4,2,2.9999999999733635,0.3916251762751958,,False,3.0,False,False,True
TBS adaptive diffusion topology alpha=0.01 edge=0.001,N4535,N4194,0.013479790197356095,20,9,12569424470.19047,0.0,,False,19.0,False,False,True
TBS adaptive diffusion topology alpha=0.01 edge=0.001,N4535,N4462,0.0035998061594260887,20,11,8414362225.4525,0.0,,False,19.0,False,False,True
TBS adaptive diffusion topology alpha=0.01 edge=0.001,N4536,N4358,0.008669848649666823,27,3,25.99999998985488,0.46310474765735743,,False,26.0,False,False,True
TBS adaptive diffusion topology alpha=0.01 edge=0.001,N4536,N4501,0.001656333960317336,27,24,25.999997398127206,0.4631048901243945,,False,26.0,False,False,True
TBS adaptive diffusion topology alpha=0.01 edge=0.001,N4537,L625,0.03594291179559577,4,1,2.9999999999997593,0.39162517627112603,,False,3.0,False,False,True
TBS adaptive diffusion topology alpha=0.01 edge=0.001,N4537,N4478,0.0032155396408445544,4,3,2.9999999999911044,0.3916251762724605,,False,3.0,False,False,True
TBS adaptive diffusion topology alpha=0.01 edge=0.001,N4538,L734,0.03616113699202184,3,1,1.9999999999992628,0.36787944117157795,,False,2.0,False,False,True
TBS adaptive diffusion topology alpha=0.01 edge=0.001,N4538,N4237,0.012909243076383858,3,2,1.999999999981197,0.3678794411749009,,False,2.0,False,False,True
TBS adaptive diffusion topology alpha=0.01 edge=0.001,N4539,N4353,0.009171002472702926,13,7,11.999999996715752,0.44567964162837426,,False,12.0,False,False,True
TBS adaptive diffusion topology alpha=0.01 edge=0.001,N4539,N4508,0.0016346515703979988,13,6,11.999999997846233,0.44567964153758355,,False,12.0,False,False,True
TBS adaptive diffusion topology alpha=0.01 edge=0.001,N4540,L2383,0.03620704046900358,13,1,11.999999999992038,0.4456796413652505,,False,12.0,False,False,True
TBS adaptive diffusion topology alpha=0.01 edge=0.001,N4540,N3794,0.02174747734233497,13,12,11.999999994563776,0.4456796418012027,,False,12.0,False,False,True
TBS adaptive diffusion topology alpha=0.01 edge=0.001,N4541,N4220,0.013401089680271237,42,7,38.440473409827646,0.13876507744383476,,False,30.0,False,False,True
TBS adaptive diffusion topology alpha=0.01 edge=0.001,N4541,N4379,0.007961922189002574,42,35,38.44047318751714,0.13876508282530756,,False,30.0,False,False,True
TBS adaptive diffusion topology alpha=0.01 edge=0.001,N4542,N3728,0.02266074312801783,6,3,4.9999999989020605,0.41588018712950237,,False,5.0,False,False,True
TBS adaptive diffusion topology alpha=0.01 edge=0.001,N4542,N4262,0.012157654617287173,6,3,4.9999999989020925,0.41588018712949837,,False,5.0,False,False,True
TBS adaptive diffusion topology alpha=0.01 edge=0.001,N4543,L383,0.03645924273735615,2,1,0.9999999999999782,0.3173105078629165,,False,1.0,False,False,True
TBS adaptive diffusion topology alpha=0.01 edge=0.001,N4543,L1368,0.03645924273735615,2,1,0.9999999999999782,0.3173105078629165,,False,1.0,False,False,True
TBS adaptive diffusion topology alpha=0.01 edge=0.001,N4544,N4326,0.010752836412621003,6,3,4.999999930652164,0.41588019545882315,,False,5.0,False,False,True
TBS adaptive diffusion topology alpha=0.01 edge=0.001,N4544,N4365,0.009446135820566783,6,3,4.999999930652719,0.41588019545875565,,False,5.0,False,False,True
TBS adaptive diffusion topology alpha=0.01 edge=0.001,N4545,N3905,0.020682986726496086,6,2,4.999999999682116,0.41588018703430296,,False,5.0,False,False,True
TBS adaptive diffusion topology alpha=0.01 edge=0.001,N4545,N4450,0.005698393796388369,6,4,4.999999996402167,0.4158801874345931,,False,5.0,False,False,True
TBS adaptive diffusion topology alpha=0.01 edge=0.001,N4546,N4126,0.016312262805302305,10,3,8.999999998166077,0.43727418908315485,,False,9.0,False,False,True
TBS adaptive diffusion topology alpha=0.01 edge=0.001,N4546,N4334,0.010695949698369156,10,7,8.999999976573921,0.4372741910763066,,False,9.0,False,False,True
TBS adaptive diffusion topology alpha=0.01 edge=0.001,N4547,L469,0.03720213483935831,2,1,0.9999999999999263,0.3173105078629291,,False,1.0,False,False,True
TBS adaptive diffusion topology alpha=0.01 edge=0.001,N4547,L1096,0.03720213483935831,2,1,0.9999999999999263,0.3173105078629291,,False,1.0,False,False,True
TBS adaptive diffusion topology alpha=0.01 edge=0.001,N4548,L2140,0.03726492411890204,5,1,3.9999999999999627,0.4060058497098432,,False,4.0,False,False,True
TBS adaptive diffusion topology alpha=0.01 edge=0.001,N4548,N3262,0.028235992623120185,5,4,3.999999999994753,0.4060058497105482,,False,4.0,False,False,True
TBS adaptive diffusion topology alpha=0.01 edge=0.001,N4549,L249,0.03727776861020572,10,1,8.99999999999686,0.43727418891415704,,False,9.0,False,False,True
TBS adaptive diffusion topology alpha=0.01 edge=0.001,N4549,N4367,0.009733508810103474,10,9,8.999999977268168,0.4372741910122214,,False,9.0,False,False,True
TBS adaptive diffusion topology alpha=0.01 edge=0.001,N4550,N4267,0.013110775315869615,8,5,6.999999999107282,0.4288798576460041,,False,7.0,False,False,True
TBS adaptive diffusion topology alpha=0.01 edge=0.001,N4550,N4320,0.011423065094620318,8,3,6.999999999817236,0.4288798575720837,,False,7.0,False,False,True
TBS adaptive diffusion topology alpha=0.01 edge=0.001,N4551,N4452,0.00588966760222213,48,29,56.38451714656748,0.002465670524864007,,False,30.0,False,False,True
TBS adaptive diffusion topology alpha=0.01 edge=0.001,N4551,N4492,0.003467169723059079,48,19,56.38451722558936,0.0024656704730574228,,False,30.0,False,False,True
TBS adaptive diffusion topology alpha=0.01 edge=0.001,N4552,N4299,0.012208962681207972,11,8,9.99999999859034,0.4404932851888872,,False,10.0,False,False,True
TBS adaptive diffusion topology alpha=0.01 edge=0.001,N4552,N4421,0.007005062298249691,11,3,9.999999999913413,0.44049328507280905,,False,10.0,False,False,True
TBS adaptive diffusion topology alpha=0.01 edge=0.001,N4553,L283,0.037430025935533864,5,1,3.999999999998652,0.4060058497100205,,False,4.0,False,False,True
TBS adaptive diffusion topology alpha=0.01 edge=0.001,N4553,N4373,0.009707867683558287,5,4,3.99999999928121,0.4060058498071156,,False,4.0,False,False,True
TBS adaptive diffusion topology alpha=0.01 edge=0.001,N4554,L621,0.037480098786248625,8,1,6.999999999992401,0.4288798575538457,,False,7.0,False,False,True
TBS adaptive diffusion topology alpha=0.01 edge=0.001,N4554,N4488,0.00397392017975781,8,7,6.9999999382085845,0.4288798639867629,,False,7.0,False,False,True
TBS adaptive diffusion topology alpha=0.01 edge=0.001,N4555,N4375,0.009772422805943594,7,4,5.999999999775613,0.4231900811519794,,False,6.0,False,False,True
TBS adaptive diffusion topology alpha=0.01 edge=0.001,N4555,N4453,0.0060768205233191095,7,3,5.999999999910496,0.4231900811368702,,False,6.0,False,False,True
TBS adaptive diffusion topology alpha=0.01 edge=0.001,N4556,N4088,0.017612197212225303,5,2,3.9999999999329607,0.40600584971891107,,False,4.0,False,False,True
TBS adaptive diffusion topology alpha=0.01 edge=0.001,N4556,N4154,0.01617848040366953,5,3,3.9999999997134577,0.40600584974861786,,False,4.0,False,False,True
TBS adaptive diffusion topology alpha=0.01 edge=0.001,N4557,L571,0.03769217065214441,3,1,1.9999999999997522,0.3678794411714881,,False,2.0,False,False,True
TBS adaptive diffusion topology alpha=0.01 edge=0.001,N4557,N4416,0.0076018220855926175,3,2,1.999999999997761,0.3678794411718542,,False,2.0,False,False,True
TBS adaptive diffusion topology alpha=0.01 edge=0.001,N4558,N4217,0.015016679973830452,6,3,4.999999999953089,0.41588018700123286,,False,5.0,False,False,True
TBS adaptive diffusion topology alpha=0.01 edge=0.001,N4558,N4399,0.008442997923955217,6,3,4.99999999995308,0.41588018700123386,,False,5.0,False,False,True
TBS adaptive diffusion topology alpha=0.01 edge=0.001,N4559,N4327,0.01153164205290435,96,37,134.37442739942833,3.6475217622713745e-15,,False,30.0,False,False,True
TBS adaptive diffusion topology alpha=0.01 edge=0.001,N4559,N4497,0.0035819175799407265,96,59,134.3744273611994,3.6475218177251076e-15,,False,30.0,False,False,True
TBS adaptive diffusion topology alpha=0.01 edge=0.001,N4560,N4111,0.017442361611817826,15,4,13.999999999852148,0.44971105585971416,,False,14.0,False,False,True
TBS adaptive diffusion topology alpha=0.01 edge=0.001,N4560,N4298,0.012741973189348634,15,11,13.999999997701172,0.44971105601996497,,False,14.0,False,False,True
TBS adaptive diffusion topology alpha=0.01 edge=0.001,N4561,N4163,0.016137576793398008,46,29,308.6390990891405,5.228232401999973e-48,,False,30.0,False,False,True
TBS adaptive diffusion topology alpha=0.01 edge=0.001,N4561,N4230,0.01471195858965071,46,17,308.63909974645526,5.228230838494449e-48,,False,30.0,False,False,True
TBS adaptive diffusion topology alpha=0.01 edge=0.001,N4562,L1171,0.03789522812342353,4,1,2.999999999997432,0.39162517627148485,,False,3.0,False,False,True
TBS adaptive diffusion topology alpha=0.01 edge=0.001,N4562,N4514,0.0030189111291908017,4,3,2.999999999501661,0.3916251763479228,,False,3.0,False,False,True
TBS adaptive diffusion topology alpha=0.01 edge=0.001,N4563,N4337,0.011395178789978049,9,5,7.999999999884431,0.4334701203779979,,False,8.0,False,False,True
TBS adaptive diffusion topology alpha=0.01 edge=0.001,N4563,N4427,0.007261139123078587,9,4,7.999999999937011,0.43347012037286214,,False,8.0,False,False,True
TBS adaptive diffusion topology alpha=0.01 edge=0.001,N4564,L1448,0.0379480438003512,5,1,3.9999999999957803,0.4060058497104093,,False,4.0,False,False,True
TBS adaptive diffusion topology alpha=0.01 edge=0.001,N4564,N4394,0.008994795186808402,5,4,3.999999996461903,0.4060058501886675,,False,4.0,False,False,True
TBS adaptive diffusion topology alpha=0.01 edge=0.001,N4565,N3510,0.026781925341325875,4,2,2.9999999995678306,0.3916251763377211,,False,3.0,False,False,True
TBS adaptive diffusion topology alpha=0.01 edge=0.001,N4565,N4140,0.01686402507763304,4,2,2.9999999995678306,0.3916251763377211,,False,3.0,False,False,True
TBS adaptive diffusion topology alpha=0.01 edge=0.001,N4566,N4167,0.01627977185183005,41,10,128.16593935285007,4.2447994717290654e-14,,False,30.0,False,False,True
TBS adaptive diffusion topology alpha=0.01 edge=0.001,N4566,N4285,0.013308806598342235,41,31,128.16593734336053,4.2448028226506906e-14,,False,30.0,False,False,True
TBS adaptive diffusion topology alpha=0.01 edge=0.001,N4567,L336,0.03806876764751362,5,1,3.999999999995634,0.4060058497104293,,False,4.0,False,False,True
TBS adaptive diffusion topology alpha=0.01 edge=0.001,N4567,N3976,0.020417427038715998,5,4,3.999999996531442,0.4060058501792564,,False,4.0,False,False,True
TBS adaptive diffusion topology alpha=0.01 edge=0.001,N4568,L204,0.0380949929262271,3,1,1.999999999999714,0.36787944117149496,,False,2.0,False,False,True
TBS adaptive diffusion topology alpha=0.01 edge=0.001,N4568,N4135,0.017090149553407166,3,2,1.999999999993462,0.36787944117264487,,False,2.0,False,False,True
TBS adaptive diffusion topology alpha=0.01 edge=0.001,N4569,N3818,0.02340174169758614,15,2,13.999999999789223,0.4497110558644024,,False,14.0,False,False,True
TBS adaptive diffusion topology alpha=0.01 edge=0.001,N4569,N4405,0.008524120713059413,15,13,13.999999949939141,0.4497110595783026,,False,14.0,False,False,True
TBS adaptive diffusion topology alpha=0.01 edge=0.001,N4570,N3971,0.020543599946847377,9,4,7.997948996643696,0.4336704950410425,,False,8.0,False,False,True
TBS adaptive diffusion topology alpha=0.01 edge=0.001,N4570,N4130,0.017248521510936345,9,5,7.9960073020645535,0.4338602380004648,,False,8.0,False,False,True
TBS adaptive diffusion topology alpha=0.01 edge=0.001,N4571,L2064,0.038174288772857355,7,1,5.999999999996427,0.42319008112724377,,False,6.0,False,False,True
TBS adaptive diffusion topology alpha=0.01 edge=0.001,N4571,N4402,0.00881848915563857,7,6,5.999999994389455,0.4231900817553417,,False,6.0,False,False,True
TBS adaptive diffusion topology alpha=0.01 edge=0.001,N4572,N4397,0.009129130873242887,95,9,39.098012402674065,0.12354805836484163,,False,30.0,False,False,True
TBS adaptive diffusion topology alpha=0.01 edge=0.001,N4572,N4475,0.005690109353269831,95,86,39.09801215582076,0.12354806381891117,,False,30.0,False,False,True
TBS adaptive diffusion topology alpha=0.01 edge=0.001,N4573,N4366,0.010743673075901164,52,31,40.626435076759776,0.09329030192119905,,False,30.0,False,False,True
TBS adaptive diffusion topology alpha=0.01 edge=0.001,N4573,N4412,0.008331507474390383,52,21,40.62643509807467,0.09329030154602862,,False,30.0,False,False,True
TBS adaptive diffusion topology alpha=0.01 edge=0.001,N4574,L1482,0.03835530238756635,5,1,3.999999999999411,0.40600584970991804,,False,4.0,False,False,True
TBS adaptive diffusion topology alpha=0.01 edge=0.001,N4574,N4186,0.016207060191269735,5,4,3.999999999862427,0.40600584972845677,,False,4.0,False,False,True
TBS adaptive diffusion topology alpha=0.01 edge=0.001,N4575,L95,0.03850383872002333,4,1,2.999999999993309,0.39162517627212046,,False,3.0,False,False,True
TBS adaptive diffusion topology alpha=0.01 edge=0.001,N4575,N4456,0.006922805564992208,4,3,2.9999999984041135,0.3916251765171431,,False,3.0,False,False,True
TBS adaptive diffusion topology alpha=0.01 edge=0.001,N4576,L2425,0.03851171749162946,6,1,4.99999999999943,0.4158801869955776,,False,5.0,False,False,True
TBS adaptive diffusion topology alpha=0.01 edge=0.001,N4576,N4271,0.014247882591706722,6,5,4.999999999759909,0.4158801870248089,,False,5.0,False,False,True
TBS adaptive diffusion topology alpha=0.01 edge=0.001,N4577,N3872,0.022921139106303483,7,2,5.999999999938745,0.4231900811337054,,False,6.0,False,False,True
TBS adaptive diffusion topology alpha=0.01 edge=0.001,N4577,N4526,0.003270384283834351,7,5,5.999999998645216,0.4231900812786078,,False,6.0,False,False,True
TBS adaptive diffusion topology alpha=0.01 edge=0.001,N4578,N4295,0.013548794100311625,23,10,13873958148.850702,0.0,,False,22.0,False,False,True
TBS adaptive diffusion topology alpha=0.01 edge=0.001,N4578,N4540,0.002380386693106903,23,13,8209469243.711771,0.0,,False,22.0,False,False,True
TBS adaptive diffusion topology alpha=0.01 edge=0.001,N4579,L715,0.038752680485572,3,1,1.9999999999995544,0.3678794411715243,,False,2.0,False,False,True
TBS adaptive diffusion topology alpha=0.01 edge=0.001,N4579,N4389,0.010068275457658028,3,2,1.9999999999949325,0.3678794411723745,,False,2.0,False,False,True
TBS adaptive diffusion topology alpha=0.01 edge=0.001,N4580,N4423,0.008287574672085293,103,46,310.43229575488704,2.3117673349885356e-48,,False,30.0,False,False,True
TBS adaptive diffusion topology alpha=0.01 edge=0.001,N4580,N4484,0.005543417177887582,103,57,310.43229570069786,2.3117673920147435e-48,,False,30.0,False,False,True
TBS adaptive diffusion topology alpha=0.01 edge=0.001,N4581,L955,0.03881882934379407,4,1,2.9999999999997753,0.3916251762711235,,False,3.0,False,False,True
TBS adaptive diffusion topology alpha=0.01 edge=0.001,N4581,N3809,0.024199078554733355,4,3,2.999999999986987,0.39162517627309523,,False,3.0,False,False,True
TBS adaptive diffusion topology alpha=0.01 edge=0.001,N4582,L1901,0.03895716575788916,4,1,2.9999999999987996,0.391625176271274,,False,3.0,False,False,True
TBS adaptive diffusion topology alpha=0.01 edge=0.001,N4582,N3997,0.020926510582409876,4,3,2.999999999962118,0.3916251762769297,,False,3.0,False,False,True
TBS adaptive diffusion topology alpha=0.01 edge=0.001,N4583,N4170,0.017199194429223748,22,7,20.999999660883333,0.45894422960323744,,False,21.0,False,False,True
TBS adaptive diffusion topology alpha=0.01 edge=0.001,N4583,N4569,0.0008821280410474772,22,15,20.99999760391645,0.4589443552256137,,False,21.0,False,False,True
TBS adaptive diffusion topology alpha=0.01 edge=0.001,N4584,L1510,0.03901332198708227,2,1,0.999999999998209,0.3173105078633446,,False,1.0,False,False,True
TBS adaptive diffusion topology alpha=0.01 edge=0.001,N4584,L1602,0.03901332198708227,2,1,0.999999999998209,0.3173105078633446,,False,1.0,False,False,True
TBS adaptive diffusion topology alpha=0.01 edge=0.001,N4585,N4310,0.01371460696193238,32,23,5132.948075681056,0.0,,False,30.0,False,False,True
TBS adaptive diffusion topology alpha=0.01 edge=0.001,N4585,N4426,0.00850780711033608,32,9,5132.9543754733,0.0,,False,30.0,False,False,True
TBS adaptive diffusion topology alpha=0.01 edge=0.001,N4586,L2422,0.03920495421262833,4,1,2.9999999999998446,0.3916251762711128,,False,3.0,False,False,True
TBS adaptive diffusion topology alpha=0.01 edge=0.001,N4586,N3700,0.025883217309701622,4,3,2.9999999999912204,0.39162517627244253,,False,3.0,False,False,True
TBS adaptive diffusion topology alpha=0.01 edge=0.001,N4587,N4191,0.017125760227101827,7,5,5.999999999802297,0.4231900811489906,,False,6.0,False,False,True
TBS adaptive diffusion topology alpha=0.01 edge=0.001,N4587,N4474,0.006804583224651441,7,2,5.999999999990356,0.423190081127924,,False,6.0,False,False,True
TBS adaptive diffusion topology alpha=0.01 edge=0.001,N4588,N4414,0.009384373894863988,102,60,122.72562946119945,3.5533211274388855e-13,,False,30.0,False,False,True
TBS adaptive diffusion topology alpha=0.01 edge=0.001,N4588,N4541,0.0031487528179869146,102,42,122.72562950463681,3.553321067519545e-13,,False,30.0,False,False,True
TBS adaptive diffusion topology alpha=0.01 edge=0.001,N4589,L2367,0.03949223710649738,3,1,1.9999999999988858,0.3678794411716473,,False,2.0,False,False,True
TBS adaptive diffusion topology alpha=0.01 edge=0.001,N4589,N4031,0.020732069174763546,3,2,1.9999999999601705,0.3678794411787687,,False,2.0,False,False,True
TBS adaptive diffusion topology alpha=0.01 edge=0.001,N4590,N4335,0.013253328146270671,37,23,269.993543690777,2.0086665998834154e-40,,False,30.0,False,False,True
TBS adaptive diffusion topology alpha=0.01 edge=0.001,N4590,N4381,0.011301833372739078,37,14,269.9935458438402,2.0086646599246332e-40,,False,30.0,False,False,True
TBS adaptive diffusion topology alpha=0.01 edge=0.001,N4591,L1944,0.03986476281892296,45,1,31.986852100871435,0.3681390961936811,,False,30.0,False,False,True
TBS adaptive diffusion topology alpha=0.01 edge=0.001,N4591,N4529,0.0043862754176839805,45,44,31.986851593778937,0.3681391197970102,,False,30.0,False,False,True
TBS adaptive diffusion topology alpha=0.01 edge=0.001,N4592,L2267,0.03989420896932558,7,1,5.999999999998511,0.4231900811270105,,False,6.0,False,False,True
TBS adaptive diffusion topology alpha=0.01 edge=0.001,N4592,N4545,0.002881382713778409,7,6,5.999999998059456,0.4231900813442254,,False,6.0,False,False,True
TBS adaptive diffusion topology alpha=0.01 edge=0.001,N4593,L391,0.040130896202825624,2,1,0.9999999999993505,0.31731050786306836,,False,1.0,False,False,True
TBS adaptive diffusion topology alpha=0.01 edge=0.001,N4593,L581,0.040130896202825624,2,1,0.9999999999993505,0.31731050786306836,,False,1.0,False,False,True
TBS adaptive diffusion topology alpha=0.01 edge=0.001,N4594,N3821,0.025449912523521925,7,2,5.999999999993869,0.4231900811275304,,False,6.0,False,False,True
TBS adaptive diffusion topology alpha=0.01 edge=0.001,N4594,N4574,0.0018454633787589917,7,5,5.999999999876677,0.42319008114065826,,False,6.0,False,False,True
TBS adaptive diffusion topology alpha=0.01 edge=0.001,N4595,L1647,0.0402193782052324,3,1,1.9999999999987976,0.36787944117166355,,False,2.0,False,False,True
TBS adaptive diffusion topology alpha=0.01 edge=0.001,N4595,N3894,0.02408657693766848,3,2,1.9999999999598792,0.3678794411788222,,False,2.0,False,False,True
TBS adaptive diffusion topology alpha=0.01 edge=0.001,N4596,N4401,0.010919479013224724,9,3,7.999999999888847,0.4334701203775667,,False,8.0,False,False,True
TBS adaptive diffusion topology alpha=0.01 edge=0.001,N4596,N4486,0.0068949889478583486,9,6,7.999999999118126,0.4334701204528535,,False,8.0,False,False,True
TBS adaptive diffusion topology alpha=0.01 edge=0.001,N4597,L2088,0.04048069606644207,3,1,1.999999999998752,0.36787944117167193,,False,2.0,False,False,True
TBS adaptive diffusion topology alpha=0.01 edge=0.001,N4597,N4206,0.01791631282347732,3,2,1.999999999964532,0.3678794411779663,,False,2.0,False,False,True
TBS adaptive diffusion topology alpha=0.01 edge=0.001,N4598,N4257,0.016618420170961126,12,7,10.999999988076098,0.4432632794254162,,False,11.0,False,False,True
TBS adaptive diffusion topology alpha=0.01 edge=0.001,N4598,N4289,0.015674462367321198,12,5,10.99999999537211,0.44326327881417693,,False,11.0,False,False,True
TBS adaptive diffusion topology alpha=0.01 edge=0.001,N4599,L2073,0.04063075550144326,3,1,1.999999999998943,0.3678794411716368,,False,2.0,False,False,True
TBS adaptive diffusion topology alpha=0.01 edge=0.001,N4599,N4504,0.00631553495148475,3,2,1.9999999999713531,0.36787944117671156,,False,2.0,False,False,True
TBS adaptive diffusion topology alpha=0.01 edge=0.001,N4600,N4022,0.022033998325415197,18,14,16.999999983396286,0.45436611491555234,0.45436611491555234,False,17.0,False,True,False
TBS adaptive diffusion topology alpha=0.01 edge=0.001,N4600,N4388,0.012029532159561313,18,4,16.999999999420925,0.45436611382986913,0.45436611491555234,False,17.0,False,True,False
TBS adaptive diffusion topology alpha=0.01 edge=0.001,N4601,L479,0.04076480512049689,2,1,0.9999999999999851,0.3173105078629149,,False,1.0,False,False,True
TBS adaptive diffusion topology alpha=0.01 edge=0.001,N4601,L1589,0.04076480512049689,2,1,0.9999999999999851,0.3173105078629149,,False,1.0,False,False,True
TBS adaptive diffusion topology alpha=0.01 edge=0.001,N4602,L503,0.04082170446247139,8,1,6.999999999997471,0.42887985755331803,,False,7.0,False,False,True
TBS adaptive diffusion topology alpha=0.01 edge=0.001,N4602,N4424,0.010265230501454238,8,7,6.999999994179044,0.4288798581591312,,False,7.0,False,False,True
TBS adaptive diffusion topology alpha=0.01 edge=0.001,N4603,N4377,0.012933386287226904,22,18,20.999999994048636,0.45894420925628154,,False,21.0,False,False,True
TBS adaptive diffusion topology alpha=0.01 edge=0.001,N4603,N4522,0.005613774512586645,22,4,20.999999999748873,0.45894420890815857,,False,21.0,False,False,True
TBS adaptive diffusion topology alpha=0.01 edge=0.001,N4604,N4520,0.0056881485827627596,19,4,17.999999998184773,0.45565260444200195,,False,18.0,False,False,True
TBS adaptive diffusion topology alpha=0.01 edge=0.001,N4604,N4527,0.005537083836185131,19,15,17.999999937220977,0.4556526084581638,,False,18.0,False,False,True
TBS adaptive diffusion topology alpha=0.01 edge=0.001,N4605,N4451,0.009460399324919357,28,12,2818204079.224292,0.0,,False,27.0,False,False,True
TBS adaptive diffusion topology alpha=0.01 edge=0.001,N4605,N4490,0.007201712665016514,28,16,1585240435.2710502,0.0,,False,27.0,False,False,True
TBS adaptive diffusion topology alpha=0.01 edge=0.001,N4606,L400,0.040990953093994136,5,1,3.9999999999918563,0.4060058497109402,,False,4.0,False,False,True
TBS adaptive diffusion topology alpha=0.01 edge=0.001,N4606,N4317,0.015183565980656248,5,4,3.999999993178251,0.4060058506330615,,False,4.0,False,False,True
TBS adaptive diffusion topology alpha=0.01 edge=0.001,N4607,L2037,0.041008352284329315,4,1,2.9999999999999334,0.39162517627109905,,False,3.0,False,False,True
TBS adaptive diffusion topology alpha=0.01 edge=0.001,N4607,N4132,0.020075482449054702,4,3,2.9999999999957336,0.39162517627174653,,False,3.0,False,False,True
TBS adaptive diffusion topology alpha=0.01 edge=0.001,N4608,L1137,0.041043034401160416,3,1,1.9999999999994726,0.3678794411715395,,False,2.0,False,False,True
TBS adaptive diffusion topology alpha=0.01 edge=0.001,N4608,N4496,0.006974979131642301,3,2,1.999999999988101,0.367879441173631,,False,2.0,False,False,True
TBS adaptive diffusion topology alpha=0.01 edge=0.001,N4609,L1950,0.04119566543246505,2,1,0.9999999999956228,0.31731050786397036,,False,1.0,False,False,True
TBS adaptive diffusion topology alpha=0.01 edge=0.001,N4609,L1966,0.04119566543246505,2,1,0.9999999999956228,0.31731050786397036,,False,1.0,False,False,True
TBS adaptive diffusion topology alpha=0.01 edge=0.001,N4610,N4147,0.020360608937357593,42,2,29.288458328781253,0.5024838041077082,,False,30.0,False,False,True
TBS adaptive diffusion topology alpha=0.01 edge=0.001,N4610,N4361,0.014217563885512987,42,40,29.28845773555106,0.502483835096754,,False,30.0,False,False,True
TBS adaptive diffusion topology alpha=0.01 edge=0.001,N4611,N4415,0.011746891039786815,6,3,4.99999998300145,0.415880189070037,,False,5.0,False,False,True
TBS adaptive diffusion topology alpha=0.01 edge=0.001,N4611,N4568,0.0036444259550740036,6,3,4.9999999830013,0.4158801890700552,,False,5.0,False,False,True
TBS adaptive diffusion topology alpha=0.01 edge=0.001,N4612,N4020,0.02319644645541866,8,2,6.99999999994842,0.4288798575584253,,False,7.0,False,False,True
TBS adaptive diffusion topology alpha=0.01 edge=0.001,N4612,N4355,0.014651702797139808,8,6,6.999999998086031,0.42887985775233683,,False,7.0,False,False,True
TBS adaptive diffusion topology alpha=0.01 edge=0.001,N4613,L433,0.041769742764794844,2,1,0.9999999999996991,0.3173105078629841,,False,1.0,False,False,True
TBS adaptive diffusion topology alpha=0.01 edge=0.001,N4613,L1406,0.041769742764794844,2,1,0.9999999999996991,0.3173105078629841,,False,1.0,False,False,True
TBS adaptive diffusion topology alpha=0.01 edge=0.001,N4614,N4233,0.01865256572145198,6,2,4.99999999966337,0.4158801870365909,,False,5.0,False,False,True
TBS adaptive diffusion topology alpha=0.01 edge=0.001,N4614,N4534,0.006121014586602454,6,4,4.999999996213066,0.4158801874576713,,False,5.0,False,False,True
TBS adaptive diffusion topology alpha=0.01 edge=0.001,N4615,L989,0.04209197540481421,4,1,2.999999999999587,0.3916251762711527,,False,3.0,False,False,True
TBS adaptive diffusion topology alpha=0.01 edge=0.001,N4615,N3590,0.030086860685072297,4,3,2.999999999986765,0.3916251762731294,,False,3.0,False,False,True
TBS adaptive diffusion topology alpha=0.01 edge=0.001,N4616,N4350,0.015242886629275825,5,2,3.9999999998303073,0.4060058497328034,,False,4.0,False,False,True
TBS adaptive diffusion topology alpha=0.01 edge=0.001,N4616,N4532,0.006483430625189476,5,3,3.999999999248992,0.4060058498114759,,False,4.0,False,False,True
TBS adaptive diffusion topology alpha=0.01 edge=0.001,N4617,N4062,0.022681662491366637,40,6,30.729789020177517,0.42877640823877,,False,30.0,False,False,True
TBS adaptive diffusion topology alpha=0.01 edge=0.001,N4617,N4468,0.009906565542949703,40,34,30.729788830653813,0.42877641767395586,,False,30.0,False,False,True
TBS adaptive diffusion topology alpha=0.01 edge=0.001,N4618,N4533,0.006485609917014249,23,13,1914423550.1778746,0.0,,False,22.0,False,False,True
TBS adaptive diffusion topology alpha=0.01 edge=0.001,N4618,N4549,0.004887076395502044,23,10,3235364705.556115,0.0,,False,22.0,False,False,True
TBS adaptive diffusion topology alpha=0.01 edge=0.001,N4619,N4138,0.021104082917524483,10,4,8.999999947374352,0.43727419377169197,,False,9.0,False,False,True
TBS adaptive diffusion topology alpha=0.01 edge=0.001,N4619,N4576,0.003653965966056629,10,6,8.99999982653312,0.437274204926434,,False,9.0,False,False,True
TBS adaptive diffusion topology alpha=0.01 edge=0.001,N4620,N4340,0.0156836084109344,32,15,1979.306803922045,0.0,,False,30.0,False,False,True
TBS adaptive diffusion topology alpha=0.01 edge=0.001,N4620,N4439,0.011184368836941109,32,17,1979.306795734835,0.0,,False,30.0,False,False,True
TBS adaptive diffusion topology alpha=0.01 edge=0.001,N4621,L1646,0.04233197201093603,2,1,0.9999999999994813,0.3173105078630367,,False,1.0,False,False,True
TBS adaptive diffusion topology alpha=0.01 edge=0.001,N4621,L1880,0.04233197201093603,2,1,0.9999999999994813,0.3173105078630367,,False,1.0,False,False,True
TBS adaptive diffusion topology alpha=0.01 edge=0.001,N4622,L2151,0.04236125052227337,4,1,2.99999999999938,0.3916251762711844,,False,3.0,False,False,True
TBS adaptive diffusion topology alpha=0.01 edge=0.001,N4622,N4464,0.010177961662585907,4,3,2.9999999999184945,0.3916251762836557,,False,3.0,False,False,True
TBS adaptive diffusion topology alpha=0.01 edge=0.001,N4623,N4148,0.021093380789178603,4,2,2.9999999998971822,0.3916251762869415,,False,3.0,False,False,True
TBS adaptive diffusion topology alpha=0.01 edge=0.001,N4623,N4547,0.005178784695254082,4,2,2.9999999998971822,0.3916251762869415,,False,3.0,False,False,True
TBS adaptive diffusion topology alpha=0.01 edge=0.001,N4624,L438,0.042405030209241364,25,1,23.999999999789267,0.4615973330756685,,False,24.0,False,False,True
TBS adaptive diffusion topology alpha=0.01 edge=0.001,N4624,N4505,0.007964808182752846,25,24,23.999996271279418,0.4615975462866354,,False,24.0,False,False,True
TBS adaptive diffusion topology alpha=0.01 edge=0.001,N4625,N4429,0.011732774950961424,90,49,183.1202566272352,6.76877730876679e-24,,False,30.0,False,False,True
TBS adaptive diffusion topology alpha=0.01 edge=0.001,N4625,N4566,0.004424290242733942,90,41,183.12025665860435,6.76877721863135e-24,,False,30.0,False,False,True
TBS adaptive diffusion topology alpha=0.01 edge=0.001,N4626,N4249,0.018918255885429777,7,4,5.999999999199546,0.42319008121651114,,False,6.0,False,False,True
TBS adaptive diffusion topology alpha=0.01 edge=0.001,N4626,N4274,0.018106983345699105,7,3,5.9999999996653735,0.42319008116432855,,False,6.0,False,False,True
TBS adaptive diffusion topology alpha=0.01 edge=0.001,N4627,N4509,0.008238748323173468,12,3,10.999999999756753,0.443263278446844,0.44326327892098993,False,11.0,False,True,False
TBS adaptive diffusion topology alpha=0.01 edge=0.001,N4627,N4563,0.004939104702218409,12,9,10.999999994097145,0.44326327892098993,0.44326327892098993,False,11.0,False,True,False
TBS adaptive diffusion topology alpha=0.01 edge=0.001,N4628,N4436,0.0120874889877671,15,12,13.99999998727261,0.4497110567969075,,False,14.0,False,False,True
TBS adaptive diffusion topology alpha=0.01 edge=0.001,N4628,N4480,0.010009183163972696,15,3,13.999999999725118,0.4497110558691776,,False,14.0,False,False,True
TBS adaptive diffusion topology alpha=0.01 edge=0.001,N4629,N4161,0.021351903796180585,103,7,18.621437130765862,0.9475817723060058,0.9475817739977194,False,30.0,False,True,False
TBS adaptive diffusion topology alpha=0.01 edge=0.001,N4629,N4559,0.0052661253135789475,103,96,18.62143704213314,0.9475817739977194,0.9475817739977194,False,30.0,False,True,False
TBS adaptive diffusion topology alpha=0.01 edge=0.001,N4630,L2139,0.043041493260274476,6,1,4.999999999996961,0.4158801869958788,,False,5.0,False,False,True
TBS adaptive diffusion topology alpha=0.01 edge=0.001,N4630,N4472,0.010543985115594583,6,5,4.999999997601098,0.4158801872882738,,False,5.0,False,False,True
TBS adaptive diffusion topology alpha=0.01 edge=0.001,N4631,N4219,0.020296481278694746,17,3,15.999999999125054,0.4529608095480594,,False,16.0,False,False,True
TBS adaptive diffusion topology alpha=0.01 edge=0.001,N4631,N4396,0.013979619863499167,17,14,15.999999936455293,0.45296081392198684,,False,16.0,False,False,True
TBS adaptive diffusion topology alpha=0.01 edge=0.001,N4632,N4159,0.02148242856923002,11,2,9.999999999456106,0.4404932851129303,,False,10.0,False,False,True
TBS adaptive diffusion topology alpha=0.01 edge=0.001,N4632,N4457,0.01131499356965076,11,9,9.999999938616147,0.4404932904506439,,False,10.0,False,False,True
TBS adaptive diffusion topology alpha=0.01 edge=0.001,N4633,N4434,0.012518834624843468,58,12,163.73796845943014,2.334476289000849e-20,,False,30.0,False,False,True
TBS adaptive diffusion topology alpha=0.01 edge=0.001,N4633,N4561,0.005534005989355365,58,46,163.73796729981595,2.3344774143798652e-20,,False,30.0,False,False,True
TBS adaptive diffusion topology alpha=0.01 edge=0.001,N4634,N4392,0.01460415277208865,11,7,9.999999961517874,0.44049328844139113,,False,10.0,False,False,True
TBS adaptive diffusion topology alpha=0.01 edge=0.001,N4634,N4463,0.011237710423815902,11,4,9.999999992370903,0.4404932857345414,,False,10.0,False,False,True
TBS adaptive diffusion topology alpha=0.01 edge=0.001,N4635,N4410,0.01367379804720587,10,6,8.999999995088462,0.4372741893672467,,False,9.0,False,False,True
TBS adaptive diffusion topology alpha=0.01 edge=0.001,N4635,N4515,0.008504184901294239,10,4,8.999999998471218,0.4372741890549876,,False,9.0,False,False,True
TBS adaptive diffusion topology alpha=0.01 edge=0.001,N4636,N3937,0.02654876279354211,6,2,4.999999999995564,0.41588018699604956,,False,5.0,False,False,True
TBS adaptive diffusion topology alpha=0.01 edge=0.001,N4636,N4210,0.020858813227964502,6,4,4.9999999999516564,0.41588018700140783,,False,5.0,False,False,True
TBS adaptive diffusion topology alpha=0.01 edge=0.001,N4637,N4228,0.02047209235187216,10,3,8.999999993916635,0.43727418947541685,,False,9.0,False,False,True
TBS adaptive diffusion topology alpha=0.01 edge=0.001,N4637,N4432,0.012711397424029257,10,7,8.999999922482148,0.43727419606946816,,False,9.0,False,False,True
TBS adaptive diffusion topology alpha=0.01 edge=0.001,N4638,L2416,0.04352167936785181,2,1,0.9999999999999853,0.3173105078629148,,False,1.0,False,False,True
TBS adaptive diffusion topology alpha=0.01 edge=0.001,N4638,L2462,0.04352167936785181,2,1,0.9999999999999853,0.3173105078629148,,False,1.0,False,False,True
TBS adaptive diffusion topology alpha=0.01 edge=0.001,N4639,N4292,0.01893205183954515,14,6,12.999999999121497,0.44781167438734937,,False,13.0,False,False,True
TBS adaptive diffusion topology alpha=0.01 edge=0.001,N4639,N4550,0.006538504065416341,14,8,12.99999999807648,0.44781167446807,,False,13.0,False,False,True
TBS adaptive diffusion topology alpha=0.01 edge=0.001,N4640,N4382,0.015460094887627647,31,16,3821031627.099582,0.0,,False,30.0,False,False,True
TBS adaptive diffusion topology alpha=0.01 edge=0.001,N4640,N4560,0.0060611589890488555,31,15,4347273454.162397,0.0,,False,30.0,False,False,True
TBS adaptive diffusion topology alpha=0.01 edge=0.001,N4641,N4406,0.014530494090898289,26,3,24.999999983249115,0.46237366386540335,,False,25.0,False,False,True
TBS adaptive diffusion topology alpha=0.01 edge=0.001,N4641,N4578,0.005547924559413854,26,23,24.999995987712968,0.46237388779189803,,False,25.0,False,False,True
TBS adaptive diffusion topology alpha=0.01 edge=0.001,N4642,L2443,0.044184673672228086,2,1,0.9999999999997855,0.31731050786296305,,False,1.0,False,False,True
TBS adaptive diffusion topology alpha=0.01 edge=0.001,N4642,L2470,0.044184673672228086,2,1,0.9999999999997855,0.31731050786296305,,False,1.0,False,False,True
TBS adaptive diffusion topology alpha=0.01 edge=0.001,N4643,N4454,0.012779258175530236,11,3,9.999999999388258,0.44049328511888275,,False,10.0,False,False,True
TBS adaptive diffusion topology alpha=0.01 edge=0.001,N4643,N4517,0.009243734967513004,11,8,9.999999989319116,0.44049328600228566,,False,10.0,False,False,True
TBS adaptive diffusion topology alpha=0.01 edge=0.001,N4644,N3958,0.02697443041194402,17,3,15.999999999544386,0.45296080951879336,,False,16.0,False,False,True
TBS adaptive diffusion topology alpha=0.01 edge=0.001,N4644,N4380,0.01594658941138065,17,14,15.999999976997223,0.4529608110924337,,False,16.0,False,False,True
TBS adaptive diffusion topology alpha=0.01 edge=0.001,N4645,L368,0.04439887056401926,2,1,0.999999999999982,0.3173105078629156,,False,1.0,False,False,True
TBS adaptive diffusion topology alpha=0.01 edge=0.001,N4645,L1378,0.04439887056401926,2,1,0.999999999999982,0.3173105078629156,,False,1.0,False,False,True
TBS adaptive diffusion topology alpha=0.01 edge=0.001,N4646,N4045,0.02545193064479262,54,2,28.420550218266825,0.5481614716899263,,False,30.0,False,False,True
TBS adaptive diffusion topology alpha=0.01 edge=0.001,N4646,N4573,0.006148262854819206,54,52,28.420549747865977,0.5481614965796734,,False,30.0,False,False,True
TBS adaptive diffusion topology alpha=0.01 edge=0.001,N4647,N4301,0.019286292160280417,8,4,6.999999999363778,0.4288798576192976,,False,7.0,False,False,True
TBS adaptive diffusion topology alpha=0.01 edge=0.001,N4647,N4336,0.01794400083616696,8,4,6.999999999363778,0.4288798576192976,,False,7.0,False,False,True
TBS adaptive diffusion topology alpha=0.01 edge=0.001,N4648,N4000,0.02638456471466687,5,2,3.999999999787432,0.4060058497386061,,False,4.0,False,False,True
TBS adaptive diffusion topology alpha=0.01 edge=0.001,N4648,N4538,0.00835538569015458,5,3,3.9999999990630393,0.4060058498366419,,False,4.0,False,False,True
TBS adaptive diffusion topology alpha=0.01 edge=0.001,N4649,N4494,0.010612543608774111,73,28,41.46371778869207,0.07948459979150496,,False,30.0,False,False,True
TBS adaptive diffusion topology alpha=0.01 edge=0.001,N4649,N4591,0.004725613304088174,73,45,41.46371775455471,0.0794846003175164,,False,30.0,False,False,True
TBS adaptive diffusion topology alpha=0.01 edge=0.001,N4650,L2417,0.04478074356700086,5,1,3.9999999999979905,0.4060058497101102,,False,4.0,False,False,True
TBS adaptive diffusion topology alpha=0.01 edge=0.001,N4650,N4499,0.010597817768879511,5,4,3.9999999992488156,0.4060058498114999,,False,4.0,False,False,True
TBS adaptive diffusion topology alpha=0.01 edge=0.001,N4651,N4351,0.017956367317423047,9,4,7.999999999824477,0.4334701203838548,,False,8.0,False,False,True
TBS adaptive diffusion topology alpha=0.01 edge=0.001,N4651,N4521,0.009704435325853678,9,5,7.999999999662058,0.43347012039972066,,False,8.0,False,False,True
TBS adaptive diffusion topology alpha=0.01 edge=0.001,N4652,N4319,0.01907333933607838,8,3,6.999999999999652,0.42887985755309077,,False,7.0,False,False,True
TBS adaptive diffusion topology alpha=0.01 edge=0.001,N4652,N4548,0.007641154146699257,8,5,6.999999999998543,0.42887985755320635,,False,7.0,False,False,True
TBS adaptive diffusion topology alpha=0.01 edge=0.001,N4653,L1642,0.04491558655293372,9,1,7.999999999992295,0.4334701203674617,,False,8.0,False,False,True
TBS adaptive diffusion topology alpha=0.01 edge=0.001,N4653,N4510,0.010264696840027976,9,8,7.999999931046393,0.4334701271023321,,False,8.0,False,False,True
TBS adaptive diffusion topology alpha=0.01 edge=0.001,N4654,N4362,0.01770516234523007,9,5,7.999999996426864,0.4334701207157451,,False,8.0,False,False,True
TBS adaptive diffusion topology alpha=0.01 edge=0.001,N4654,N4473,0.012611827461662995,9,4,7.999999998170134,0.43347012054545686,,False,8.0,False,False,True
TBS adaptive diffusion topology alpha=0.01 edge=0.001,N4655,L401,0.045225982267101776,3,1,1.9999999999982605,0.36787944117176236,,False,2.0,False,False,True
TBS adaptive diffusion topology alpha=0.01 edge=0.001,N4655,N3899,0.029002406188721706,3,2,1.9999999999789502,0.3678794411753143,,False,2.0,False,False,True
TBS adaptive diffusion topology alpha=0.01 edge=0.001,N4656,L2427,0.04529234805925792,3,1,1.9999999999997085,0.367879441171496,,False,2.0,False,False,True
TBS adaptive diffusion topology alpha=0.01 edge=0.001,N4656,N4034,0.02647630623600835,3,2,1.9999999999963565,0.36787944117211246,,False,2.0,False,False,True
TBS adaptive diffusion topology alpha=0.01 edge=0.001,N4657,L2322,0.045304484399877915,12,1,10.999999999990147,0.44326327842729085,,False,11.0,False,False,True
TBS adaptive diffusion topology alpha=0.01 edge=0.001,N4657,N4552,0.007986081918683226,12,11,10.999999839522621,0.4432632918708065,,False,11.0,False,False,True
TBS adaptive diffusion topology alpha=0.01 edge=0.001,N4658,N4368,0.017756158055872284,10,5,8.999999999324551,0.43727418897621717,0.4372741889762197,False,9.0,False,True,False
TBS adaptive diffusion topology alpha=0.01 edge=0.001,N4658,N4518,0.01019237309284978,10,5,8.999999999324523,0.4372741889762197,0.4372741889762197,False,9.0,False,True,False
TBS adaptive diffusion topology alpha=0.01 edge=0.001,N4659,N4151,0.024122529201948645,11,3,9.99999999989157,0.4404932850747254,,False,10.0,False,False,True
TBS adaptive diffusion topology alpha=0.01 edge=0.001,N4659,N4602,0.00467664527979818,11,8,9.9999999981614,0.44049328522651954,,False,10.0,False,False,True
TBS adaptive diffusion topology alpha=0.01 edge=0.001,N4660,N3467,0.034889275950747506,4,2,2.9999999999973515,0.3916251762714974,,False,3.0,False,False,True
TBS adaptive diffusion topology alpha=0.01 edge=0.001,N4660,N3703,0.03224323679269836,4,2,2.9999999999973515,0.3916251762714974,,False,3.0,False,False,True
TBS adaptive diffusion topology alpha=0.01 edge=0.001,N4661,N3782,0.03147073698210527,6,2,4.99999999962032,0.4158801870418445,,False,5.0,False,False,True
TBS adaptive diffusion topology alpha=0.01 edge=0.001,N4661,N4349,0.018826063075425236,6,4,4.999999995859641,0.4158801875008037,,False,5.0,False,False,True
TBS adaptive diffusion topology alpha=0.01 edge=0.001,N4662,N4091,0.025694384477730224,28,13,104241271340.56108,0.0,0.0,True,27.0,False,True,False
TBS adaptive diffusion topology alpha=0.01 edge=0.001,N4662,N4100,0.025623699489805304,28,15,78297310389.40067,0.0,0.0,True,27.0,False,True,False
TBS adaptive diffusion topology alpha=0.01 edge=0.001,N4663,N4311,0.020348398326054735,16,6,14.99999993352564,0.45141721601402074,0.4514172300401973,False,15.0,False,True,False
TBS adaptive diffusion topology alpha=0.01 edge=0.001,N4663,N4635,0.0023627030090598083,16,10,14.999999738804764,0.4514172300401973,0.4514172300401973,False,15.0,False,True,False
TBS adaptive diffusion topology alpha=0.01 edge=0.001,N4664,N4442,0.014684633911001603,29,2,27.99999999841029,0.46444756498110273,0.46444761015021074,False,28.0,False,True,False
TBS adaptive diffusion topology alpha=0.01 edge=0.001,N4664,N4536,0.009940579001572926,29,27,27.999999146075712,0.46444761015021074,0.46444761015021074,False,28.0,False,True,False
TBS adaptive diffusion topology alpha=0.01 edge=0.001,N4665,N3822,0.031195127864044398,9,2,7.99999999994611,0.4334701203719732,,False,8.0,False,False,True
TBS adaptive diffusion topology alpha=0.01 edge=0.001,N4665,N4577,0.007383618620154706,9,7,7.999999997051631,0.4334701206547156,,False,8.0,False,False,True
TBS adaptive diffusion topology alpha=0.01 edge=0.001,N4666,N4476,0.013512886740281116,85,51,135.86044430524584,2.01831554967969e-15,,False,30.0,False,False,True
TBS adaptive diffusion topology alpha=0.01 edge=0.001,N4666,N4523,0.010879213683740245,85,34,135.8604443465579,2.0183155164290377e-15,,False,30.0,False,False,True
TBS adaptive diffusion topology alpha=0.01 edge=0.001,N4667,N4428,0.01543526220724581,10,4,8.999999998707985,0.43727418903313175,0.4372741893020834,False,9.0,False,True,False
TBS adaptive diffusion topology alpha=0.01 edge=0.001,N4667,N4611,0.004405493122281606,10,6,8.999999995794386,0.4372741893020834,0.4372741893020834,False,9.0,False,True,False
TBS adaptive diffusion topology alpha=0.01 edge=0.001,N4668,L1124,0.04616354451128133,3,1,1.9999999999997917,0.36787944117148064,,False,2.0,False,False,True
TBS adaptive diffusion topology alpha=0.01 edge=0.001,N4668,N4321,0.020167267336979263,3,2,1.9999999999977884,0.3678794411718492,,False,2.0,False,False,True
TBS adaptive diffusion topology alpha=0.01 edge=0.001,N4669,L1704,0.04620121709036737,2,1,0.9999999999999925,0.317310507862913,,False,1.0,False,False,True
TBS adaptive diffusion topology alpha=0.01 edge=0.001,N4669,L1982,0.04620121709036737,2,1,0.9999999999999925,0.317310507862913,,False,1.0,False,False,True
TBS adaptive diffusion topology alpha=0.01 edge=0.001,N4670,L676,0.04627274475757263,2,1,0.9999999999993976,0.31731050786305703,,False,1.0,False,False,True
TBS adaptive diffusion topology alpha=0.01 edge=0.001,N4670,L1270,0.04627274475757263,2,1,0.9999999999993976,0.31731050786305703,,False,1.0,False,False,True
TBS adaptive diffusion topology alpha=0.01 edge=0.001,N4671,N4094,0.02624334761334205,4,2,2.99999999999871,0.3916251762712879,,False,3.0,False,False,True
TBS adaptive diffusion topology alpha=0.01 edge=0.001,N4671,N4543,0.00985141985924329,4,2,2.99999999999871,0.3916251762712879,,False,3.0,False,False,True
TBS adaptive diffusion topology alpha=0.01 edge=0.001,N4672,N4470,0.013994386821221904,32,14,980.3024589774907,7.358634230715502e-187,7.358651572752479e-187,True,30.0,False,True,False
TBS adaptive diffusion topology alpha=0.01 edge=0.001,N4672,N4600,0.005712739796821344,32,18,980.3024541258251,7.358651572752479e-187,7.358651572752479e-187,True,30.0,False,True,False
TBS adaptive diffusion topology alpha=0.01 edge=0.001,N4673,L2260,0.04641100515514128,2,1,0.9999999999999858,0.3173105078629147,,False,1.0,False,False,True
TBS adaptive diffusion topology alpha=0.01 edge=0.001,N4673,L2334,0.04641100515514128,2,1,0.9999999999999858,0.3173105078629147,,False,1.0,False,False,True
TBS adaptive diffusion topology alpha=0.01 edge=0.001,N4674,L1619,0.046535478187943964,9,1,7.999999999990436,0.4334701203676433,,False,8.0,False,False,True
TBS adaptive diffusion topology alpha=0.01 edge=0.001,N4674,N4485,0.013246013599012616,9,8,7.999999923644829,0.4334701278253422,,False,8.0,False,False,True
TBS adaptive diffusion topology alpha=0.01 edge=0.001,N4675,L691,0.04663677022211077,27,1,25.99999999885392,0.4631047471626807,,False,26.0,False,False,True
TBS adaptive diffusion topology alpha=0.01 edge=0.001,N4675,N4465,0.01442585068253003,27,26,25.999998356772835,0.4631048374277291,,False,26.0,False,False,True
TBS adaptive diffusion topology alpha=0.01 edge=0.001,N4676,L1353,0.046704940382181016,5,1,3.999999999964972,0.406005849714579,,False,4.0,False,False,True
TBS adaptive diffusion topology alpha=0.01 edge=0.001,N4676,N4562,0.008809712258757487,5,4,3.999999971860123,0.40600585351815643,,False,4.0,False,False,True
TBS adaptive diffusion topology alpha=0.01 edge=0.001,N4677,N4539,0.010509896655702396,16,13,14.999999864769274,0.4514172209666941,,False,15.0,False,False,True
TBS adaptive diffusion topology alpha=0.01 edge=0.001,N4677,N4579,0.007954037157133692,16,3,14.99999999779339,0.4514172113846716,,False,15.0,False,False,True
TBS adaptive diffusion topology alpha=0.01 edge=0.001,N4678,N4283,0.022147161057197905,14,2,12.99999999998262,0.4478116743208337,,False,13.0,False,False,True
TBS adaptive diffusion topology alpha=0.01 edge=0.001,N4678,N4598,0.006276899077270577,14,12,12.999999997959591,0.44781167447709924,,False,13.0,False,False,True
TBS adaptive diffusion topology alpha=0.01 edge=0.001,N4679,L2203,0.04704530662285021,7,1,5.9999999999988445,0.4231900811269732,,False,6.0,False,False,True
TBS adaptive diffusion topology alpha=0.01 edge=0.001,N4679,N4482,0.013863113034324649,7,6,5.999999999451656,0.4231900811882695,,False,6.0,False,False,True
TBS adaptive diffusion topology alpha=0.01 edge=0.001,N4680,N4466,0.015022428644176095,28,6,26.999999478229842,0.4637948437727418,0.46379556863598914,False,27.0,False,True,False
TBS adaptive diffusion topology alpha=0.01 edge=0.001,N4680,N4603,0.006366828115416258,28,22,26.999986043680025,0.46379556863598914,0.46379556863598914,False,27.0,False,True,False
TBS adaptive diffusion topology alpha=0.01 edge=0.001,N4681,N4407,0.017692198908597735,5,3,3.9999999999063367,0.4060058497225144,,False,4.0,False,False,True
TBS adaptive diffusion topology alpha=0.01 edge=0.001,N4681,N4409,0.01759168981181442,5,2,3.999999999978376,0.40600584971276465,,False,4.0,False,False,True
TBS adaptive diffusion topology alpha=0.01 edge=0.001,N4682,L665,0.0474335738379281,6,1,4.999999999998492,0.41588018699569207,,False,5.0,False,False,True
TBS adaptive diffusion topology alpha=0.01 edge=0.001,N4682,N4493,0.013512903135328784,6,5,4.999999998512951,0.4158801871769898,,False,5.0,False,False,True
TBS adaptive diffusion topology alpha=0.01 edge=0.001,N4683,N4513,0.012673406986994477,9,2,7.9999999999454054,0.4334701203720419,,False,8.0,False,False,True
TBS adaptive diffusion topology alpha=0.01 edge=0.001,N4683,N4592,0.007540572215690805,9,7,7.999999996874067,0.4334701206720609,,False,8.0,False,False,True
TBS adaptive diffusion topology alpha=0.01 edge=0.001,N4684,L2405,0.047447256537341984,2,1,0.9999999999999216,0.3173105078629302,,False,1.0,False,False,True
TBS adaptive diffusion topology alpha=0.01 edge=0.001,N4684,L2480,0.047447256537341984,2,1,0.9999999999999216,0.3173105078629302,,False,1.0,False,False,True
TBS adaptive diffusion topology alpha=0.01 edge=0.001,N4685,N4227,0.02451988195770481,10,7,8.99999998473414,0.43727419032304427,,False,9.0,False,False,True
TBS adaptive diffusion topology alpha=0.01 edge=0.001,N4685,N4469,0.015203017092491347,10,3,8.999999998803757,0.43727418902429127,,False,9.0,False,False,True
TBS adaptive diffusion topology alpha=0.01 edge=0.001,N4686,N4369,0.02013628405153456,9,6,7.999999997727807,0.43347012058866463,0.43347012058866463,False,8.0,False,True,False
TBS adaptive diffusion topology alpha=0.01 edge=0.001,N4686,N4557,0.010070397040852417,9,3,7.9999999997187645,0.433470120394181,0.43347012058866463,False,8.0,False,True,False
TBS adaptive diffusion topology alpha=0.01 edge=0.001,N4687,N4026,0.029093016654038104,6,2,4.999999999859158,0.41588018701269625,,False,5.0,False,False,True
TBS adaptive diffusion topology alpha=0.01 edge=0.001,N4687,N4565,0.009799894050098542,6,4,4.999999998433259,0.4158801871867156,,False,5.0,False,False,True
TBS adaptive diffusion topology alpha=0.01 edge=0.001,N4688,N4333,0.021590924904155803,6,3,4.999999999944382,0.41588018700229545,,False,5.0,False,False,True
TBS adaptive diffusion topology alpha=0.01 edge=0.001,N4688,N4461,0.015880824077934223,6,3,4.999999999944377,0.4158801870022961,,False,5.0,False,False,True
TBS adaptive diffusion topology alpha=0.01 edge=0.001,N4689,L2130,0.04814320799818883,19,1,17.99999999992147,0.45565260432759236,,False,18.0,False,False,True
TBS adaptive diffusion topology alpha=0.01 edge=0.001,N4689,N4519,0.012973069467084304,19,18,17.99999967690193,0.45565262560741515,,False,18.0,False,False,True
TBS adaptive diffusion topology alpha=0.01 edge=0.001,N4690,N4583,0.009375550973444655,33,22,8853.91289905534,0.0,,False,30.0,False,False,True
TBS adaptive diffusion topology alpha=0.01 edge=0.001,N4690,N4643,0.00407785254964366,33,11,8853.919383188371,0.0,,False,30.0,False,False,True
TBS adaptive diffusion topology alpha=0.01 edge=0.001,N4691,N4300,0.023216324274991318,105,2,53.83035344629871,0.004801659500544896,,False,30.0,False,False,True
TBS adaptive diffusion topology alpha=0.01 edge=0.001,N4691,N4580,0.009581231307528111,105,103,53.83035242438174,0.004801660756071405,,False,30.0,False,False,True
TBS adaptive diffusion topology alpha=0.01 edge=0.001,N4692,N3924,0.03176114963347006,10,3,8.999999999986652,0.43727418891509906,,False,9.0,False,False,True
TBS adaptive diffusion topology alpha=0.01 edge=0.001,N4692,N4187,0.026216168858767205,10,7,8.999999999863638,0.4372741889264544,,False,9.0,False,False,True
TBS adaptive diffusion topology alpha=0.01 edge=0.001,N4693,N4395,0.01947356776512549,15,5,13.99999999968122,0.4497110558724484,,False,14.0,False,False,True
TBS adaptive diffusion topology alpha=0.01 edge=0.001,N4693,N4546,0.011401719633138319,15,10,13.999999998381828,0.449711055969255,,False,14.0,False,False,True
TBS adaptive diffusion topology alpha=0.01 edge=0.001,N4694,L357,0.04875004840516152,18,1,16.99999999992147,0.4543661137959566,,False,17.0,False,False,True
TBS adaptive diffusion topology alpha=0.01 edge=0.001,N4694,N4644,0.004406120996096453,18,17,16.99999904156635,0.45436617872533724,,False,17.0,False,False,True
TBS adaptive diffusion topology alpha=0.01 edge=0.001,N4695,N4537,0.012880488356879802,8,4,6.999999999564043,0.42887985759844593,,False,7.0,False,False,True
TBS adaptive diffusion topology alpha=0.01 edge=0.001,N4695,N4671,0.002512737555876133,8,4,6.999999999564043,0.42887985759844593,,False,7.0,False,False,True
TBS adaptive diffusion topology alpha=0.01 edge=0.001,N4696,N4443,0.017677531867536355,30,18,49679404306.91033,0.0,0.0,True,29.0,False,True,False
TBS adaptive diffusion topology alpha=0.01 edge=0.001,N4696,N4627,0.005990612748962334,30,12,111778511826.58188,0.0,0.0,True,29.0,False,True,False
TBS adaptive diffusion topology alpha=0.01 edge=0.001,N4697,N4384,0.020468741291994774,17,3,15.999999997964487,0.4529608096290594,,False,16.0,False,False,True
TBS adaptive diffusion topology alpha=0.01 edge=0.001,N4697,N4441,0.01784865682845166,17,14,15.99999984868971,0.4529608200474333,,False,16.0,False,False,True
TBS adaptive diffusion topology alpha=0.01 edge=0.001,N4698,L82,0.04901587552438577,2,1,0.9999999999997078,0.31731050786298187,,False,1.0,False,False,True
TBS adaptive diffusion topology alpha=0.01 edge=0.001,N4698,L705,0.04901587552438577,2,1,0.9999999999997078,0.31731050786298187,,False,1.0,False,False,True
TBS adaptive diffusion topology alpha=0.01 edge=0.001,N4699,N4666,0.0031176280080500935,112,85,64.56482973739061,0.00024928213697614535,,False,30.0,False,False,True
TBS adaptive diffusion topology alpha=0.01 edge=0.001,N4699,N4675,0.0026148644904177088,112,27,64.56482986886151,0.000249282127363546,,False,30.0,False,False,True
TBS adaptive diffusion topology alpha=0.01 edge=0.001,N4700,N3741,0.03554389857181161,13,5,11.999999997206592,0.4456796415889539,,False,12.0,False,False,True
TBS adaptive diffusion topology alpha=0.01 edge=0.001,N4700,N4383,0.020736803282327583,13,8,11.999999989687716,0.445679642192807,,False,12.0,False,False,True
TBS adaptive diffusion topology alpha=0.01 edge=0.001,N4701,N3857,0.0341562613463937,28,5,26.99999997378651,0.4637948170349109,,False,27.0,False,False,True
TBS adaptive diffusion topology alpha=0.01 edge=0.001,N4701,N4471,0.01714572240766272,28,23,26.99999917172437,0.4637948603102884,,False,27.0,False,False,True
TBS adaptive diffusion topology alpha=0.01 edge=0.001,N4702,L15,0.04969310966593603,4,1,2.9999999999997806,0.3916251762711226,,False,3.0,False,False,True
TBS adaptive diffusion topology alpha=0.01 edge=0.001,N4702,N4467,0.01744762233359936,4,3,2.999999999970771,0.39162517627559557,,False,3.0,False,False,True
TBS adaptive diffusion topology alpha=0.01 edge=0.001,N4703,L1413,0.0497638885565723,4,1,2.999999999999432,0.39162517627117643,,False,3.0,False,False,True
TBS adaptive diffusion topology alpha=0.01 edge=0.001,N4703,N4483,0.016550588807972163,4,3,2.9999999999182414,0.39162517628369453,,False,3.0,False,False,True
TBS adaptive diffusion topology alpha=0.01 edge=0.001,N4704,L2304,0.04996554169495652,5,1,3.9999999999998828,0.4060058497098541,,False,4.0,False,False,True
TBS adaptive diffusion topology alpha=0.01 edge=0.001,N4704,N4607,0.008957189410627201,5,4,3.999999999980359,0.4060058497124964,,False,4.0,False,False,True
TBS adaptive diffusion topology alpha=0.01 edge=0.001,N4705,N4309,0.024628015868289034,5,2,3.999999999957594,0.4060058497155775,,False,4.0,False,False,True
TBS adaptive diffusion topology alpha=0.01 edge=0.001,N4705,N4448,0.018708990656979906,5,3,3.9999999998156235,0.4060058497347907,,False,4.0,False,False,True
TBS adaptive diffusion topology alpha=0.01 edge=0.001,N4706,L2089,0.05012505233494536,5,1,3.999999999998972,0.4060058497099772,,False,4.0,False,False,True
TBS adaptive diffusion topology alpha=0.01 edge=0.001,N4706,N4495,0.016143151155899222,5,4,3.99999999952139,0.40600584977461107,,False,4.0,False,False,True
TBS adaptive diffusion topology alpha=0.01 edge=0.001,N4707,N4572,0.012228629406928674,137,95,42.06052411745415,0.07072418533862375,,False,30.0,False,False,True
TBS adaptive diffusion topology alpha=0.01 edge=0.001,N4707,N4610,0.008843574614758714,137,42,42.060524151988616,0.07072418485632824,,False,30.0,False,False,True
TBS adaptive diffusion topology alpha=0.01 edge=0.001,N4708,N4323,0.024729881994365575,12,4,10.9999999975722,0.4432632786298595,,False,11.0,False,False,True
TBS adaptive diffusion topology alpha=0.01 edge=0.001,N4708,N4554,0.013303595743119427,12,8,10.999999982457023,0.44326327989616643,,False,11.0,False,False,True
TBS adaptive diffusion topology alpha=0.01 edge=0.001,N4709,N4558,0.013113154798771362,10,6,8.999999998411543,0.4372741890604961,,False,9.0,False,False,True
TBS adaptive diffusion topology alpha=0.01 edge=0.001,N4709,N4581,0.012010447022315934,10,4,8.999999999514849,0.4372741889586508,,False,9.0,False,False,True
TBS adaptive diffusion topology alpha=0.01 edge=0.001,N4710,N4500,0.016743979283872317,28,19,4039152794.779402,0.0,,False,27.0,False,False,True
TBS adaptive diffusion topology alpha=0.01 edge=0.001,N4710,N4596,0.010672552417126127,28,9,18001607430.10217,0.0,,False,27.0,False,False,True
TBS adaptive diffusion topology alpha=0.01 edge=0.001,N4711,N4341,0.024309922679984174,8,4,6.999992082532369,0.4288806819184675,,False,7.0,False,False,True
TBS adaptive diffusion topology alpha=0.01 edge=0.001,N4711,N4582,0.011994185415157945,8,4,6.999992082532369,0.4288806819184675,,False,7.0,False,False,True
TBS adaptive diffusion topology alpha=0.01 edge=0.001,N4712,L319,0.0509620167689351,2,1,0.9999999999996305,0.31731050786300063,,False,1.0,False,False,True
TBS adaptive diffusion topology alpha=0.01 edge=0.001,N4712,L1067,0.0509620167689351,2,1,0.9999999999996305,0.31731050786300063,,False,1.0,False,False,True
TBS adaptive diffusion topology alpha=0.01 edge=0.001,N4713,N4585,0.011941849511337454,134,32,119.71629390173874,1.1382271521164933e-12,,False,30.0,False,False,True
TBS adaptive diffusion topology alpha=0.01 edge=0.001,N4713,N4588,0.011677296255733155,134,102,119.71629376132792,1.1382272137227901e-12,,False,30.0,False,False,True
TBS adaptive diffusion topology alpha=0.01 edge=0.001,N4714,L2271,0.05110813691081928,2,1,0.9999999999999754,0.31731050786291715,,False,1.0,False,False,True
TBS adaptive diffusion topology alpha=0.01 edge=0.001,N4714,L2331,0.05110813691081928,2,1,0.9999999999999754,0.31731050786291715,,False,1.0,False,False,True
TBS adaptive diffusion topology alpha=0.01 edge=0.001,N4715,N4403,0.021732384242949983,9,4,7.999999999507314,0.43347012041483635,,False,8.0,False,False,True
TBS adaptive diffusion topology alpha=0.01 edge=0.001,N4715,N4556,0.013550476331285267,9,5,7.999999999048457,0.4334701204596587,,False,8.0,False,False,True
TBS adaptive diffusion topology alpha=0.01 edge=0.001,N4716,N4535,0.015473474285157704,39,20,671.6162595158482,4.015010306527126e-122,,False,30.0,False,False,True
TBS adaptive diffusion topology alpha=0.01 edge=0.001,N4716,N4689,0.00307815924463572,39,19,671.6162599005493,4.015009566335657e-122,,False,30.0,False,False,True
TBS adaptive diffusion topology alpha=0.01 edge=0.001,N4717,N4101,0.03117637619920898,14,2,12.999999999925159,0.4478116743252719,,False,13.0,False,False,True
TBS adaptive diffusion topology alpha=0.01 edge=0.001,N4717,N4408,0.021661514278040844,14,12,12.999999983671652,0.4478116755807441,,False,13.0,False,False,True
TBS adaptive diffusion topology alpha=0.01 edge=0.001,N4718,N4597,0.010896324095156505,14,3,12.99999999891771,0.4478116744030911,,False,13.0,False,False,True
TBS adaptive diffusion topology alpha=0.01 edge=0.001,N4718,N4632,0.00826841255864582,14,11,12.99999995585396,0.4478116777294696,,False,13.0,False,False,True
TBS adaptive diffusion topology alpha=0.01 edge=0.001,N4719,N4184,0.02929679274217851,5,3,3.9999999990306994,0.4060058498410185,,False,4.0,False,False,True
TBS adaptive diffusion topology alpha=0.01 edge=0.001,N4719,N4613,0.009651645457104854,5,2,3.9999999997810494,0.40600584973947007,,False,4.0,False,False,True
TBS adaptive diffusion topology alpha=0.01 edge=0.001,N4720,N4551,0.014352523778079372,66,48,164.6937987243687,1.5686325452938176e-20,,False,30.0,False,False,True
TBS adaptive diffusion topology alpha=0.01 edge=0.001,N4720,N4694,0.0029165732949369824,66,18,164.6937989635338,1.568632389152823e-20,,False,30.0,False,False,True
TBS adaptive diffusion topology alpha=0.01 edge=0.001,N4721,N4425,0.021130152039821427,10,3,8.999999999982773,0.43727418891545733,,False,9.0,False,False,True
TBS adaptive diffusion topology alpha=0.01 edge=0.001,N4721,N4587,0.012361469755792246,10,7,8.999999999820282,0.43727418893045633,,False,9.0,False,False,True
TBS adaptive diffusion topology alpha=0.01 edge=0.001,N4722,L159,0.052114936022438316,2,1,0.9999999999999876,0.31731050786291426,,False,1.0,False,False,True
TBS adaptive diffusion topology alpha=0.01 edge=0.001,N4722,L1362,0.052114936022438316,2,1,0.9999999999999876,0.31731050786291426,,False,1.0,False,False,True
TBS adaptive diffusion topology alpha=0.01 edge=0.001,N4723,L2257,0.052215990674344126,10,1,8.999999999997167,0.4372741889141286,,False,9.0,False,False,True
TBS adaptive diffusion topology alpha=0.01 edge=0.001,N4723,N4683,0.004781209489327741,10,9,8.999999992569503,0.4372741895997696,,False,9.0,False,False,True
TBS adaptive diffusion topology alpha=0.01 edge=0.001,N4724,N4095,0.03234895546800565,7,2,5.999999998106023,0.4231900813390086,,False,6.0,False,False,True
TBS adaptive diffusion topology alpha=0.01 edge=0.001,N4724,N4400,0.023121181049064524,7,5,5.99999995774509,0.42319008586027673,,False,6.0,False,False,True
TBS adaptive diffusion topology alpha=0.01 edge=0.001,N4725,N4374,0.0248021050759938,4,2,2.999999999991808,0.39162517627235205,,False,3.0,False,False,True
TBS adaptive diffusion topology alpha=0.01 edge=0.001,N4725,N4477,0.01986745840536397,4,2,2.999999999991808,0.39162517627235205,,False,3.0,False,False,True
TBS adaptive diffusion topology alpha=0.01 edge=0.001,N4726,L2466,0.05261536670492238,2,1,0.9999999999999787,0.3173105078629164,,False,1.0,False,False,True
TBS adaptive diffusion topology alpha=0.01 edge=0.001,N4726,L2473,0.05261536670492238,2,1,0.9999999999999787,0.3173105078629164,,False,1.0,False,False,True
TBS adaptive diffusion topology alpha=0.01 edge=0.001,N4727,N4117,0.03253405873473126,5,2,3.999999999892194,0.4060058497244281,,False,4.0,False,False,True
TBS adaptive diffusion topology alpha=0.01 edge=0.001,N4727,N4516,0.01812614793072841,5,3,3.9999999995233586,0.4060058497743444,,False,4.0,False,False,True
TBS adaptive diffusion topology alpha=0.01 edge=0.001,N4728,L1635,0.053346124585829185,10,1,8.999999999986485,0.4372741889151146,,False,9.0,False,False,True
TBS adaptive diffusion topology alpha=0.01 edge=0.001,N4728,N4674,0.006810646397885224,10,9,8.99999987300448,0.43727420063670563,,False,9.0,False,False,True
TBS adaptive diffusion topology alpha=0.01 edge=0.001,N4729,N4224,0.03059318090502419,5,2,3.99999997792691,0.4060058526971061,,False,4.0,False,False,True
TBS adaptive diffusion topology alpha=0.01 edge=0.001,N4729,N4608,0.012389335518667523,5,3,3.9999999021528803,0.40600586295200625,,False,4.0,False,False,True
TBS adaptive diffusion topology alpha=0.01 edge=0.001,N4730,N4200,0.03145563020347849,10,3,8.999999993940063,0.437274189473254,0.43727419606498463,False,9.0,False,True,False
TBS adaptive diffusion topology alpha=0.01 edge=0.001,N4730,N4218,0.031114516061267927,10,7,8.99999992253072,0.43727419606498463,0.43727419606498463,False,9.0,False,True,False
TBS adaptive diffusion topology alpha=0.01 edge=0.001,N4731,N4363,0.02660381356010928,58,4,43.32466765146893,0.05484135507845103,,False,30.0,False,False,True
TBS adaptive diffusion topology alpha=0.01 edge=0.001,N4731,N4646,0.009652615055361044,58,54,43.324667474248066,0.05484135706966487,,False,30.0,False,False,True
TBS adaptive diffusion topology alpha=0.01 edge=0.001,N4732,N4616,0.011975947844840825,11,5,9.999999996067535,0.4404932854102219,,False,10.0,False,False,True
TBS adaptive diffusion topology alpha=0.01 edge=0.001,N4732,N4636,0.010666269023329681,11,6,9.9999999933804,0.44049328564597434,,False,10.0,False,False,True
TBS adaptive diffusion topology alpha=0.01 edge=0.001,N4733,L1779,0.05446597820298128,2,1,0.9999999999992861,0.317310507863084,0.317310507863084,False,1.0,False,True,False
TBS adaptive diffusion topology alpha=0.01 edge=0.001,N4733,L1796,0.05446597820298128,2,1,0.9999999999992861,0.317310507863084,0.317310507863084,False,1.0,False,True,False
TBS adaptive diffusion topology alpha=0.01 edge=0.001,N4734,N4612,0.012856838661311347,39,8,174.67896930351776,2.4002847696452953e-22,,False,30.0,False,False,True
TBS adaptive diffusion topology alpha=0.01 edge=0.001,N4734,N4640,0.010702117354903297,39,31,174.6789684198313,2.4002856624417197e-22,,False,30.0,False,False,True
TBS adaptive diffusion topology alpha=0.01 edge=0.001,N4735,L1755,0.054609275493357604,2,1,0.9999999999979194,0.3173105078634147,,False,1.0,False,False,True
TBS adaptive diffusion topology alpha=0.01 edge=0.001,N4735,L1912,0.054609275493357604,2,1,0.9999999999979194,0.3173105078634147,,False,1.0,False,False,True
TBS adaptive diffusion topology alpha=0.01 edge=0.001,N4736,N4404,0.025143837965447727,14,3,12.99999999797051,0.4478116744762556,,False,13.0,False,False,True
TBS adaptive diffusion topology alpha=0.01 edge=0.001,N4736,N4502,0.020417023037366092,14,11,12.999999917720126,0.4478116806750466,,False,13.0,False,False,True
TBS adaptive diffusion topology alpha=0.01 edge=0.001,N4737,N4605,0.014001637666144694,43,28,167.82830438352372,4.2452149570905504e-21,,False,30.0,False,False,True
TBS adaptive diffusion topology alpha=0.01 edge=0.001,N4737,N4693,0.006343333625120011,43,15,167.82830465947282,4.2452144677284974e-21,,False,30.0,False,False,True
TBS adaptive diffusion topology alpha=0.01 edge=0.001,N4738,N4498,0.02076432753629093,14,7,12.99999996269595,0.44781167720097315,0.447811677200987,False,13.0,False,True,False
TBS adaptive diffusion topology alpha=0.01 edge=0.001,N4738,N4679,0.007884239687020265,14,7,12.99999996269577,0.447811677200987,0.447811677200987,False,13.0,False,True,False
TBS adaptive diffusion topology alpha=0.01 edge=0.001,N4739,L1390,0.055204284310700125,3,1,1.999999999999893,0.367879441171462,,False,2.0,False,False,True
TBS adaptive diffusion topology alpha=0.01 edge=0.001,N4739,N4584,0.016190962323617858,3,2,1.999999999998688,0.36787944117168364,,False,2.0,False,False,True
TBS adaptive diffusion topology alpha=0.01 edge=0.001,N4740,L1684,0.05533498818803597,3,1,1.999999990172996,0.3678794429790188,,False,2.0,False,False,True
TBS adaptive diffusion topology alpha=0.01 edge=0.001,N4740,N4437,0.024383773476042862,3,2,1.999999591151056,0.3678795163750105,,False,2.0,False,False,True
TBS adaptive diffusion topology alpha=0.01 edge=0.001,N4741,L1349,0.05544259448069731,7,1,5.999999999998854,0.4231900811269722,,False,6.0,False,False,True
TBS adaptive diffusion topology alpha=0.01 edge=0.001,N4741,N4491,0.021600960751144333,7,6,5.999999997960334,0.423190081355329,,False,6.0,False,False,True
TBS adaptive diffusion topology alpha=0.01 edge=0.001,N4742,N4633,0.01222375988810162,86,58,162.52210642991014,3.868488097812863e-20,,False,30.0,False,False,True
TBS adaptive diffusion topology alpha=0.01 edge=0.001,N4742,N4701,0.0059686010522613415,86,28,162.52210654759986,3.8684879088278143e-20,,False,30.0,False,False,True
TBS adaptive diffusion topology alpha=0.01 edge=0.001,N4743,L2481,0.05605622655674354,3,1,1.9999999999999587,0.36787944117145,,False,2.0,False,False,True
TBS adaptive diffusion topology alpha=0.01 edge=0.001,N4743,N4338,0.02947339536750216,3,2,1.9999999999996174,0.3678794411715127,,False,2.0,False,False,True
TBS adaptive diffusion topology alpha=0.01 edge=0.001,N4744,N4623,0.014323421273842911,9,4,7.999999999943207,0.4334701203722565,,False,8.0,False,False,True
TBS adaptive diffusion topology alpha=0.01 edge=0.001,N4744,N4676,0.009999400426274287,9,5,7.99999999989183,0.4334701203772756,,False,8.0,False,False,True
TBS adaptive diffusion topology alpha=0.01 edge=0.001,N4745,L2124,0.05700435534600045,11,1,9.999999999989264,0.44049328506615415,,False,10.0,False,False,True
TBS adaptive diffusion topology alpha=0.01 edge=0.001,N4745,N4685,0.009451171082173877,11,10,9.999999817990968,0.44049330103353546,,False,10.0,False,False,True
TBS adaptive diffusion topology alpha=0.01 edge=0.001,N4746,N4507,0.022521405753973437,18,4,16.999999995440557,0.4543661140995421,0.4543661229558088,False,17.0,False,True,False
TBS adaptive diffusion topology alpha=0.01 edge=0.001,N4746,N4718,0.005701935434445981,18,14,16.999999864722398,0.4543661229558088,0.4543661229558088,False,17.0,False,True,False
TBS adaptive diffusion topology alpha=0.01 edge=0.001,N4747,L2448,0.05724330879875529,2,1,0.9999999999997997,0.31731050786295967,,False,1.0,False,False,True
TBS adaptive diffusion topology alpha=0.01 edge=0.001,N4747,L2476,0.05724330879875529,2,1,0.9999999999997997,0.31731050786295967,,False,1.0,False,False,True
TBS adaptive diffusion topology alpha=0.01 edge=0.001,N4748,L2275,0.057277549572949706,4,1,2.9999999999993125,0.39162517627119486,,False,3.0,False,False,True
TBS adaptive diffusion topology alpha=0.01 edge=0.001,N4748,N4599,0.016646794071506446,4,3,2.9999999998766915,0.39162517629010063,,False,3.0,False,False,True
TBS adaptive diffusion topology alpha=0.01 edge=0.001,N4749,N4099,0.037239831843933084,18,8,35465357109.75207,0.0,,False,17.0,False,False,True
TBS adaptive diffusion topology alpha=0.01 edge=0.001,N4749,N4728,0.00399828144386311,18,10,22698373676.096283,0.0,,False,17.0,False,False,True
TBS adaptive diffusion topology alpha=0.01 edge=0.001,N4750,N4654,0.012204597422145143,12,9,10.999999931498062,0.4432632841653641,,False,11.0,False,False,True
TBS adaptive diffusion topology alpha=0.01 edge=0.001,N4750,N4739,0.0021415876028730153,12,3,10.999999997254148,0.44326327865650506,,False,11.0,False,False,True
TBS adaptive diffusion topology alpha=0.01 edge=0.001,N4751,N4664,0.011634735031854901,59,29,400.4989047971241,2.2164669816976963e-66,2.2164670007732566e-66,True,30.0,False,True,False
TBS adaptive diffusion topology alpha=0.01 edge=0.001,N4751,N4696,0.008622098875211376,59,30,400.49890477862505,2.2164670007732566e-66,2.2164670007732566e-66,True,30.0,False,True,False
TBS adaptive diffusion topology alpha=0.01 edge=0.001,N4752,N4280,0.033088506028322084,14,8,12.99999999201434,0.447811674936329,0.447811674936329,False,13.0,False,True,False
TBS adaptive diffusion topology alpha=0.01 edge=0.001,N4752,N4614,0.015835113477178024,14,6,12.999999996344453,0.44781167460185756,0.447811674936329,False,13.0,False,True,False
TBS adaptive diffusion topology alpha=0.01 edge=0.001,N4753,L2424,0.057805504627144295,2,1,0.9999999999999645,0.3173105078629198,,False,1.0,False,False,True
TBS adaptive diffusion topology alpha=0.01 edge=0.001,N4753,L2469,0.057805504627144295,2,1,0.9999999999999645,0.3173105078629198,,False,1.0,False,False,True
TBS adaptive diffusion topology alpha=0.01 edge=0.001,N4754,N4525,0.022546663640553216,7,3,5.999999999983006,0.42319008112874723,,False,6.0,False,False,True
TBS adaptive diffusion topology alpha=0.01 edge=0.001,N4754,N4615,0.015760629590688528,7,4,5.999999999960148,0.42319008113130774,,False,6.0,False,False,True
TBS adaptive diffusion topology alpha=0.01 edge=0.001,N4755,N4571,0.019785770900941472,19,7,17.99999993589942,0.4556526085452254,0.4556526215272334,False,18.0,False,True,False
TBS adaptive diffusion topology alpha=0.01 edge=0.001,N4755,N4657,0.012655575273920918,19,12,17.99999973883752,0.4556526215272334,0.4556526215272334,False,18.0,False,True,False
TBS adaptive diffusion topology alpha=0.01 edge=0.001,N4756,N4489,0.024367575373189846,7,3,5.999999999980275,0.4231900811290533,,False,6.0,False,False,True
TBS adaptive diffusion topology alpha=0.01 edge=0.001,N4756,N4575,0.019461372520419504,7,4,5.999999999952166,0.42319008113220213,,False,6.0,False,False,True
TBS adaptive diffusion topology alpha=0.01 edge=0.001,N4757,L2122,0.05818568224732957,2,1,0.9999999999933795,0.31731050786451315,,False,1.0,False,False,True
TBS adaptive diffusion topology alpha=0.01 edge=0.001,N4757,L2127,0.05818568224732957,2,1,0.9999999999933795,0.31731050786451315,,False,1.0,False,False,True
TBS adaptive diffusion topology alpha=0.01 edge=0.001,N4758,L2452,0.0583697000308311,6,1,4.99999999999504,0.4158801869961135,,False,5.0,False,False,True
TBS adaptive diffusion topology alpha=0.01 edge=0.001,N4758,N4650,0.013588956463830243,6,5,4.999999997088883,0.41588018735078514,,False,5.0,False,False,True
TBS adaptive diffusion topology alpha=0.01 edge=0.001,N4759,N3986,0.040718102436406486,6,3,4.999999987016139,0.415880188580078,,False,5.0,False,False,True
TBS adaptive diffusion topology alpha=0.01 edge=0.001,N4759,N4595,0.018371440642464282,6,3,4.999999987016275,0.4158801885800616,,False,5.0,False,False,True
TBS adaptive diffusion topology alpha=0.01 edge=0.001,N4760,L2156,0.05862040100944434,2,1,0.9999999999995,0.3173105078630322,,False,1.0,False,False,True
TBS adaptive diffusion topology alpha=0.01 edge=0.001,N4760,L2196,0.05862040100944434,2,1,0.9999999999995,0.3173105078630322,,False,1.0,False,False,True
TBS adaptive diffusion topology alpha=0.01 edge=0.001,N4761,N4601,0.017881429431113132,7,2,5.999999999993992,0.42319008112751677,,False,6.0,False,False,True
TBS adaptive diffusion topology alpha=0.01 edge=0.001,N4761,N4606,0.017655281457615888,7,5,5.999999999897035,0.42319008113837786,,False,6.0,False,False,True
TBS adaptive diffusion topology alpha=0.01 edge=0.001,N4762,N4677,0.012021010109694202,18,16,16.99999993154886,0.45436611842825947,0.45436611842825947,False,17.0,False,True,False
TBS adaptive diffusion topology alpha=0.01 edge=0.001,N4762,N4698,0.009711852228014125,18,2,16.999999999748233,0.45436611380769354,0.45436611842825947,False,17.0,False,True,False
TBS adaptive diffusion topology alpha=0.01 edge=0.001,N4763,N4419,0.02880467867559622,23,6,21.99999999918863,0.45988870274211635,,False,22.0,False,False,True
TBS adaptive diffusion topology alpha=0.01 edge=0.001,N4763,N4697,0.00999257381871402,23,17,21.999999992046757,0.45988870316840813,,False,22.0,False,False,True
TBS adaptive diffusion topology alpha=0.01 edge=0.001,N4764,N4604,0.018221407456180304,85,19,160.82275252189976,7.826462548224279e-20,,False,30.0,False,False,True
TBS adaptive diffusion topology alpha=0.01 edge=0.001,N4764,N4720,0.007423072381928295,85,66,160.8227520704412,7.82646401177409e-20,,False,30.0,False,False,True
TBS adaptive diffusion topology alpha=0.01 edge=0.001,N4765,L2153,0.05915214832848623,3,1,1.9999999999999771,0.36787944117144655,,False,2.0,False,False,True
TBS adaptive diffusion topology alpha=0.01 edge=0.001,N4765,N3445,0.04871647917250627,3,2,1.999999999999866,0.367879441171467,,False,2.0,False,False,True
TBS adaptive diffusion topology alpha=0.01 edge=0.001,N4766,N3389,0.04974559783115418,43,3,29.03700567240738,0.5156532548926289,,False,30.0,False,False,True
TBS adaptive diffusion topology alpha=0.01 edge=0.001,N4766,N4617,0.017616237742313818,43,40,29.037005330167542,0.5156532728603185,,False,30.0,False,False,True
TBS adaptive diffusion topology alpha=0.01 edge=0.001,N4767,L1495,0.05981424115648438,3,1,1.999999999999801,0.36787944117147897,,False,2.0,False,False,True
TBS adaptive diffusion topology alpha=0.01 edge=0.001,N4767,N4670,0.013541496398911747,3,2,1.999999999996966,0.3678794411720004,,False,2.0,False,False,True
TBS adaptive diffusion topology alpha=0.01 edge=0.001,N4768,N4624,0.01759590246425935,42,25,492.31473749052253,4.540493768401855e-85,,False,30.0,False,False,True
TBS adaptive diffusion topology alpha=0.01 edge=0.001,N4768,N4631,0.016916274632003986,42,17,492.31473799397645,4.540492690165012e-85,,False,30.0,False,False,True
TBS adaptive diffusion topology alpha=0.01 edge=0.001,N4769,N4141,0.03894247384385726,4,2,2.999999999998926,0.3916251762712545,,False,3.0,False,False,True
TBS adaptive diffusion topology alpha=0.01 edge=0.001,N4769,N4398,0.03092827493014625,4,2,2.999999999998926,0.3916251762712545,,False,3.0,False,False,True
TBS adaptive diffusion topology alpha=0.01 edge=0.001,N4770,N4511,0.02541918499303331,9,7,7.99999974146159,0.4334701456216222,,False,8.0,False,False,True
TBS adaptive diffusion topology alpha=0.01 edge=0.001,N4770,N4621,0.017801643004510273,9,2,7.999999995563281,0.43347012080010283,,False,8.0,False,False,True
TBS adaptive diffusion topology alpha=0.01 edge=0.001,N4771,L2418,0.06040669868550054,4,1,2.9999999999868274,0.39162517627312,,False,3.0,False,False,True
TBS adaptive diffusion topology alpha=0.01 edge=0.001,N4771,N4656,0.015114350626242617,4,3,2.9999999967566042,0.3916251767711567,,False,3.0,False,False,True
TBS adaptive diffusion topology alpha=0.01 edge=0.001,N4772,L604,0.06082104656053457,2,1,0.9999999999999316,0.31731050786292775,,False,1.0,False,False,True
TBS adaptive diffusion topology alpha=0.01 edge=0.001,N4772,L1365,0.06082104656053457,2,1,0.9999999999999316,0.31731050786292775,,False,1.0,False,False,True
TBS adaptive diffusion topology alpha=0.01 edge=0.001,N4773,L164,0.061068406694770164,5,1,3.999999999999508,0.40600584970990483,,False,4.0,False,False,True
TBS adaptive diffusion topology alpha=0.01 edge=0.001,N4773,N4487,0.027665563954265757,5,4,3.9999999998275992,0.40600584973317044,,False,4.0,False,False,True
TBS adaptive diffusion topology alpha=0.01 edge=0.001,N4774,N4542,0.02566102272238544,12,6,10.99999999373865,0.4432632789510237,,False,11.0,False,False,True
TBS adaptive diffusion topology alpha=0.01 edge=0.001,N4774,N4630,0.018841400009625486,12,6,10.999999993738545,0.44326327895103257,,False,11.0,False,False,True
TBS adaptive diffusion topology alpha=0.01 edge=0.001,N4775,N3773,0.04807329064749142,8,2,6.999999999947491,0.42887985755852176,0.4288798577279306,False,7.0,False,True,False
TBS adaptive diffusion topology alpha=0.01 edge=0.001,N4775,N4682,0.014711468998036697,8,6,6.999999998320433,0.4288798577279306,0.4288798577279306,False,7.0,False,True,False
TBS adaptive diffusion topology alpha=0.01 edge=0.001,N4776,L1459,0.06250129034917846,3,1,1.9999999999998481,0.3678794411714704,,False,2.0,False,False,True
TBS adaptive diffusion topology alpha=0.01 edge=0.001,N4776,N4722,0.01038635432674015,3,2,1.9999999999969784,0.36787944117199817,,False,2.0,False,False,True
TBS adaptive diffusion topology alpha=0.01 edge=0.001,N4777,L91,0.06265876048933654,8,1,6.999999999996514,0.4288798575534176,,False,7.0,False,False,True
TBS adaptive diffusion topology alpha=0.01 edge=0.001,N4777,N4756,0.004693549248893696,8,7,6.9999999915677735,0.42887985843101606,,False,7.0,False,False,True
TBS adaptive diffusion topology alpha=0.01 edge=0.001,N4778,N4446,0.031990537285963336,12,3,10.999999999795726,0.4432632784435788,,False,11.0,False,False,True
TBS adaptive diffusion topology alpha=0.01 edge=0.001,N4778,N4653,0.018329573435621607,12,9,10.999999995759604,0.4432632787817138,,False,11.0,False,False,True
TBS adaptive diffusion topology alpha=0.01 edge=0.001,N4779,L662,0.06331962286272257,2,1,0.9999999999999598,0.3173105078629209,,False,1.0,False,False,True
TBS adaptive diffusion topology alpha=0.01 edge=0.001,N4779,L1450,0.06331962286272257,2,1,0.9999999999999598,0.3173105078629209,,False,1.0,False,False,True
TBS adaptive diffusion topology alpha=0.01 edge=0.001,N4780,N4620,0.021242716876602705,137,32,68.63089382343594,7.386840329388321e-05,,False,30.0,False,False,True
TBS adaptive diffusion topology alpha=0.01 edge=0.001,N4780,N4691,0.015133462832953947,137,105,68.63089358613843,7.386840863584598e-05,,False,30.0,False,False,True
TBS adaptive diffusion topology alpha=0.01 edge=0.001,N4781,L849,0.06354819868253098,5,1,3.999999999997672,0.4060058497101533,,False,4.0,False,False,True
TBS adaptive diffusion topology alpha=0.01 edge=0.001,N4781,N4660,0.01796551106760868,5,4,3.999999998361711,0.40600584993155653,,False,4.0,False,False,True
TBS adaptive diffusion topology alpha=0.01 edge=0.001,N4782,L2447,0.06387004003944907,3,1,1.9999999999995497,0.3678794411715253,,False,2.0,False,False,True
TBS adaptive diffusion topology alpha=0.01 edge=0.001,N4782,N4726,0.011254673334526682,3,2,1.9999999999851208,0.3678794411741792,,False,2.0,False,False,True
TBS adaptive diffusion topology alpha=0.01 edge=0.001,N4783,N4348,0.03796194237489796,5,3,3.9999999986556114,0.40600584989178146,,False,4.0,False,False,True
TBS adaptive diffusion topology alpha=0.01 edge=0.001,N4783,N4593,0.024676337772048734,5,2,3.999999999695482,0.40600584975105003,,False,4.0,False,False,True
TBS adaptive diffusion topology alpha=0.01 edge=0.001,N4784,N4642,0.02080055678574089,4,2,2.9999999999779776,0.39162517627448434,,False,3.0,False,False,True
TBS adaptive diffusion topology alpha=0.01 edge=0.001,N4784,N4747,0.00774192165921369,4,2,2.9999999999779776,0.39162517627448434,,False,3.0,False,False,True
TBS adaptive diffusion topology alpha=0.01 edge=0.001,N4785,L349,0.06504754967053672,9,1,7.999999999993958,0.43347012036729926,0.4334701278794787,False,8.0,False,True,False
TBS adaptive diffusion topology alpha=0.01 edge=0.001,N4785,N4777,0.0023887891812001878,9,8,7.999999923090627,0.4334701278794787,0.4334701278794787,False,8.0,False,True,False
TBS adaptive diffusion topology alpha=0.01 edge=0.001,N4786,N4708,0.014607610734478561,19,12,17.99999961233313,0.45565262986106747,,False,18.0,False,False,True
TBS adaptive diffusion topology alpha=0.01 edge=0.001,N4786,N4761,0.00674507071223659,19,7,17.999999904742594,0.4556526105977685,,False,18.0,False,False,True
TBS adaptive diffusion topology alpha=0.01 edge=0.001,N4787,N4731,0.011782567005422283,100,58,104.27365632948096,3.879572043845253e-10,,False,30.0,False,False,True
TBS adaptive diffusion topology alpha=0.01 edge=0.001,N4787,N4768,0.005855149339288771,100,42,104.27365635058055,3.8795720136371246e-10,,False,30.0,False,False,True
TBS adaptive diffusion topology alpha=0.01 edge=0.001,N4788,L1050,0.06594923930878316,6,1,4.9999999998970015,0.41588018700807805,,False,5.0,False,False,True
TBS adaptive diffusion topology alpha=0.01 edge=0.001,N4788,N4729,0.012516869388955215,6,5,4.9999997763245165,0.4158802142932049,,False,5.0,False,False,True
TBS adaptive diffusion topology alpha=0.01 edge=0.001,N4789,L2446,0.06615732361903871,3,1,1.9999999999994025,0.3678794411715523,,False,2.0,False,False,True
TBS adaptive diffusion topology alpha=0.01 edge=0.001,N4789,N4753,0.00835181899189441,3,2,1.9999999999792528,0.36787944117525856,,False,2.0,False,False,True
TBS adaptive diffusion topology alpha=0.01 edge=0.001,N4790,L2133,0.0661922602762254,5,1,3.9999999999996,0.4060058497098926,,False,4.0,False,False,True
TBS adaptive diffusion topology alpha=0.01 edge=0.001,N4790,N4444,0.034950731519212686,5,4,3.999999999766196,0.40600584974148035,,False,4.0,False,False,True
TBS adaptive diffusion topology alpha=0.01 edge=0.001,N4791,N4430,0.03620712714489674,15,9,13.999999997777957,0.44971105601424466,,False,14.0,False,False,True
TBS adaptive diffusion topology alpha=0.01 edge=0.001,N4791,N4531,0.031329715995959975,15,6,13.999999999251772,0.4497110559044428,,False,14.0,False,False,True
TBS adaptive diffusion topology alpha=0.01 edge=0.001,N4792,N4625,0.024634527826337235,96,90,19.253185925792415,0.9345474282520283,,False,30.0,False,False,True
TBS adaptive diffusion topology alpha=0.01 edge=0.001,N4792,N4661,0.02138148517206019,96,6,19.25318602975999,0.9345474259436877,,False,30.0,False,False,True
TBS adaptive diffusion topology alpha=0.01 edge=0.001,N4793,L128,0.0672079653312792,11,1,9.999999999998648,0.4404932850653307,,False,10.0,False,False,True
TBS adaptive diffusion topology alpha=0.01 edge=0.001,N4793,N4721,0.015502916076077747,11,10,9.99999999871088,0.44049328517831166,,False,10.0,False,False,True
TBS adaptive diffusion topology alpha=0.01 edge=0.001,N4794,L1705,0.06744047199855108,3,1,1.9999999999997988,0.3678794411714794,,False,2.0,False,False,True
TBS adaptive diffusion topology alpha=0.01 edge=0.001,N4794,N4735,0.012831196505193479,3,2,1.9999999999941274,0.36787944117252264,,False,2.0,False,False,True
TBS adaptive diffusion topology alpha=0.01 edge=0.001,N4795,N4629,0.024749721307598487,162,103,102.71993494764979,6.873117281627195e-10,6.873117281627195e-10,True,30.0,False,True,False
TBS adaptive diffusion topology alpha=0.01 edge=0.001,N4795,N4751,0.0102666288607119,162,59,102.71993499090506,6.873117172483955e-10,6.873117281627195e-10,True,30.0,False,True,False
TBS adaptive diffusion topology alpha=0.01 edge=0.001,N4796,N4628,0.025240998811898518,23,15,6030818849.7943535,0.0,,False,22.0,False,False,True
TBS adaptive diffusion topology alpha=0.01 edge=0.001,N4796,N4695,0.019407041573182487,23,8,21202229883.868202,0.0,,False,22.0,False,False,True
TBS adaptive diffusion topology alpha=0.01 edge=0.001,N4797,N4391,0.03983047376857671,40,3,24.491740687490925,0.749336076768278,0.7493360827317526,False,30.0,False,True,False
TBS adaptive diffusion topology alpha=0.01 edge=0.001,N4797,N4590,0.028826742325988707,40,37,24.491740560609962,0.7493360827317526,0.7493360827317526,False,30.0,False,True,False
TBS adaptive diffusion topology alpha=0.01 edge=0.001,N4798,N4684,0.021482240995487935,5,2,3.9999999988824557,0.40600584986108146,,False,4.0,False,False,True
TBS adaptive diffusion topology alpha=0.01 edge=0.001,N4798,N4782,0.005059457493380852,5,3,3.9999999950493965,0.4060058503798297,,False,4.0,False,False,True
TBS adaptive diffusion topology alpha=0.01 edge=0.001,N4799,L2449,0.06893931189982944,6,1,4.999999999999871,0.4158801869955234,,False,5.0,False,False,True
TBS adaptive diffusion topology alpha=0.01 edge=0.001,N4799,N4530,0.03340830284871961,6,5,4.999999999985664,0.4158801869972575,,False,5.0,False,False,True
TBS adaptive diffusion topology alpha=0.01 edge=0.001,N4800,N4618,0.026932871949223416,28,23,26.999988938215576,0.46379541246083666,,False,27.0,False,False,True
TBS adaptive diffusion topology alpha=0.01 edge=0.001,N4800,N4705,0.019092655626955835,28,5,26.999999776613986,0.46379482767338254,,False,27.0,False,False,True
TBS adaptive diffusion topology alpha=0.01 edge=0.001,N4801,N3711,0.055701813694912415,137,3,12.256305859892827,0.9982885989929812,0.9982885994961072,False,30.0,False,True,False
TBS adaptive diffusion topology alpha=0.01 edge=0.001,N4801,N4713,0.018056851787503422,137,134,12.256305478015488,0.9982885994961072,0.9982885994961072,False,30.0,False,True,False
TBS adaptive diffusion topology alpha=0.01 edge=0.001,N4802,N4762,0.010839706135853073,27,18,352384105.99582195,0.0,0.0,True,26.0,False,True,False
TBS adaptive diffusion topology alpha=0.01 edge=0.001,N4802,N4785,0.004519884217716248,27,9,1409525881.900897,0.0,0.0,True,26.0,False,True,False
TBS adaptive diffusion topology alpha=0.01 edge=0.001,N4803,N4648,0.025074267298689144,117,5,39.451914497709296,0.11592337047497618,,False,30.0,False,False,True
TBS adaptive diffusion topology alpha=0.01 edge=0.001,N4803,N4699,0.020339155268337086,117,112,39.45191370121953,0.11592338720130846,,False,30.0,False,False,True
TBS adaptive diffusion topology alpha=0.01 edge=0.001,N4804,L1923,0.06982322921658944,3,1,1.9999999999998506,0.3678794411714699,,False,2.0,False,False,True
TBS adaptive diffusion topology alpha=0.01 edge=0.001,N4804,N3770,0.05577398425103619,3,2,1.999999999995996,0.3678794411721788,,False,2.0,False,False,True
TBS adaptive diffusion topology alpha=0.01 edge=0.001,N4805,N4626,0.027328807203041802,12,7,10.999999907172038,0.44326328620332955,,False,11.0,False,False,True
TBS adaptive diffusion topology alpha=0.01 edge=0.001,N4805,N4706,0.01971181334039553,12,5,10.999999964047065,0.44326328143850036,,False,11.0,False,False,True
TBS adaptive diffusion topology alpha=0.01 edge=0.001,N4806,N4555,0.03235394234311856,33,7,28.19562686135506,0.5600707272292524,0.5600707481794043,False,30.0,False,True,False
TBS adaptive diffusion topology alpha=0.01 edge=0.001,N4806,N4641,0.025751387545177595,33,26,28.195626465894232,0.5600707481794043,0.5600707481794043,False,30.0,False,True,False
TBS adaptive diffusion topology alpha=0.01 edge=0.001,N4807,L1724,0.07018437501192372,2,1,0.9999999999996119,0.31731050786300513,,False,1.0,False,False,True
TBS adaptive diffusion topology alpha=0.01 edge=0.001,N4807,L1958,0.07018437501192372,2,1,0.9999999999996119,0.31731050786300513,,False,1.0,False,False,True
TBS adaptive diffusion topology alpha=0.01 edge=0.001,N4808,N4651,0.025703303408936944,20,9,7021717578.004555,0.0,,False,19.0,False,False,True
TBS adaptive diffusion topology alpha=0.01 edge=0.001,N4808,N4732,0.01646811657486815,20,11,4700443464.802681,0.0,,False,19.0,False,False,True
TBS adaptive diffusion topology alpha=0.01 edge=0.001,N4809,N4528,0.035299829659647466,91,6,21.017559880977732,0.8873379870142004,0.8873379929759413,False,30.0,False,True,False
TBS adaptive diffusion topology alpha=0.01 edge=0.001,N4809,N4764,0.011676582404521236,91,85,21.017559690876723,0.8873379929759413,0.8873379929759413,False,30.0,False,True,False
TBS adaptive diffusion topology alpha=0.01 edge=0.001,N4810,L1706,0.07109582069839658,3,1,1.9999999999997087,0.367879441171496,,False,2.0,False,False,True
TBS adaptive diffusion topology alpha=0.01 edge=0.001,N4810,N4131,0.050220791203184525,3,2,1.999999999992689,0.3678794411727871,,False,2.0,False,False,True
TBS adaptive diffusion topology alpha=0.01 edge=0.001,N4811,L88,0.07182732414561026,3,1,1.9999999999998896,0.36787944117146265,,False,2.0,False,False,True
TBS adaptive diffusion topology alpha=0.01 edge=0.001,N4811,N4673,0.025416318990468978,3,2,1.9999999999963158,0.36787944117211996,,False,2.0,False,False,True
TBS adaptive diffusion topology alpha=0.01 edge=0.001,N4812,N4665,0.02599124145458967,48,9,162.10746081852963,4.594853664128978e-20,,False,30.0,False,False,True
TBS adaptive diffusion topology alpha=0.01 edge=0.001,N4812,N4734,0.01734521978959933,48,39,162.10746067300013,4.5948539415548086e-20,,False,30.0,False,False,True
TBS adaptive diffusion topology alpha=0.01 edge=0.001,N4813,L800,0.07200175604250994,7,1,5.999999999998814,0.42319008112697676,,False,6.0,False,False,True
TBS adaptive diffusion topology alpha=0.01 edge=0.001,N4813,N4544,0.03506386688183099,7,6,5.999999997205831,0.42319008143984904,,False,6.0,False,False,True
TBS adaptive diffusion topology alpha=0.01 edge=0.001,N4814,N4737,0.017304761404347672,48,43,35.416026182310425,0.22781805013274734,,False,30.0,False,False,True
TBS adaptive diffusion topology alpha=0.01 edge=0.001,N4814,N4773,0.011112267667324364,48,5,35.416026240887255,0.22781804809019704,,False,30.0,False,False,True
TBS adaptive diffusion topology alpha=0.01 edge=0.001,N4815,N4634,0.029114163780574263,34,11,2256.7852290855362,0.0,,False,30.0,False,False,True
TBS adaptive diffusion topology alpha=0.01 edge=0.001,N4815,N4763,0.013501568323453079,34,23,2256.7851060957837,0.0,,False,30.0,False,False,True
TBS adaptive diffusion topology alpha=0.01 edge=0.001,N4816,N4707,0.022300710064515228,140,137,16.915814149804117,0.9735705960806011,,False,30.0,False,False,True
TBS adaptive diffusion topology alpha=0.01 edge=0.001,N4816,N4767,0.012967928635199659,140,3,16.91581457800866,0.9735705910840387,,False,30.0,False,False,True
TBS adaptive diffusion topology alpha=0.01 edge=0.001,N4817,N4639,0.028954018864754103,21,14,19.99999999605128,0.4579297147188648,,False,20.0,False,False,True
TBS adaptive diffusion topology alpha=0.01 edge=0.001,N4817,N4754,0.014951477287039395,21,7,19.99999999927923,0.45792971451694053,,False,20.0,False,False,True
TBS adaptive diffusion topology alpha=0.01 edge=0.001,N4818,N4680,0.02611970345129507,36,28,550.7772189570824,4.381802909685742e-97,4.381802909685742e-97,True,30.0,False,True,False
TBS adaptive diffusion topology alpha=0.01 edge=0.001,N4818,N4775,0.011209702501697578,36,8,550.7772243996259,4.3817915895104547e-97,4.381802909685742e-97,True,30.0,False,True,False
TBS adaptive diffusion topology alpha=0.01 edge=0.001,N4819,L2429,0.07360476011014032,2,1,0.9999999999999771,0.3173105078629168,,False,1.0,False,False,True
TBS adaptive diffusion topology alpha=0.01 edge=0.001,N4819,L2433,0.07360476011014032,2,1,0.9999999999999771,0.3173105078629168,,False,1.0,False,False,True
TBS adaptive diffusion topology alpha=0.01 edge=0.001,N4820,N4793,0.007449174885774146,34,11,1282.308469619143,8.258351825418923e-251,,False,30.0,False,False,True
TBS adaptive diffusion topology alpha=0.01 edge=0.001,N4820,N4796,0.006426698491395291,34,23,1282.3084586002253,8.258396332667544e-251,,False,30.0,False,False,True
TBS adaptive diffusion topology alpha=0.01 edge=0.001,N4821,N4681,0.02736261888596915,15,5,13.999999996851518,0.44971105608326545,,False,14.0,False,False,True
TBS adaptive diffusion topology alpha=0.01 edge=0.001,N4821,N4723,0.02248992012317887,15,10,13.999999979373428,0.4497110573854075,,False,14.0,False,False,True
TBS adaptive diffusion topology alpha=0.01 edge=0.001,N4822,L2033,0.07498986823437906,2,1,0.9999999999999885,0.3173105078629141,,False,1.0,False,False,True
TBS adaptive diffusion topology alpha=0.01 edge=0.001,N4822,L2315,0.07498986823437906,2,1,0.9999999999999885,0.3173105078629141,,False,1.0,False,False,True
TBS adaptive diffusion topology alpha=0.01 edge=0.001,N4823,L547,0.07575224863788915,10,1,8.999999999998101,0.43727418891404257,0.4372741897528444,False,9.0,False,True,False
TBS adaptive diffusion topology alpha=0.01 edge=0.001,N4823,N4744,0.019047907829433847,10,9,8.999999990911217,0.4372741897528444,0.4372741897528444,False,9.0,False,True,False
TBS adaptive diffusion topology alpha=0.01 edge=0.001,N4824,N4663,0.03031105819111103,34,16,347.43178298096956,1.0227007106015654e-55,1.0227010479095673e-55,True,30.0,False,True,False
TBS adaptive diffusion topology alpha=0.01 edge=0.001,N4824,N4746,0.01903676834819686,34,18,347.431782263895,1.0227010479095673e-55,1.0227010479095673e-55,True,30.0,False,True,False
TBS adaptive diffusion topology alpha=0.01 edge=0.001,N4825,N4647,0.032139381215939754,13,8,11.999999986822356,0.4456796424229281,,False,12.0,False,False,True
TBS adaptive diffusion topology alpha=0.01 edge=0.001,N4825,N4727,0.02347238242589879,13,5,11.999999996424657,0.4456796416517522,,False,12.0,False,False,True
TBS adaptive diffusion topology alpha=0.01 edge=0.001,N4826,N4506,0.04274009516627133,20,7,18.99999999796006,0.4568361257228284,,False,19.0,False,False,True
TBS adaptive diffusion topology alpha=0.01 edge=0.001,N4826,N4700,0.027925661741599377,20,13,18.99999999075724,0.4568361261849042,,False,19.0,False,False,True
TBS adaptive diffusion topology alpha=0.01 edge=0.001,N4827,N4435,0.046612317880736776,15,5,13.999999999148937,0.4497110559121039,,False,14.0,False,False,True
TBS adaptive diffusion topology alpha=0.01 edge=0.001,N4827,N4619,0.035345971659935645,15,10,13.999999994529153,0.4497110562562847,,False,14.0,False,False,True
TBS adaptive diffusion topology alpha=0.01 edge=0.001,N4828,N4690,0.02923175380524385,35,33,30.304225597397057,0.45015433368936764,,False,30.0,False,False,True
TBS adaptive diffusion topology alpha=0.01 edge=0.001,N4828,N4760,0.018980751408126478,35,2,30.30422576971192,0.4501543249590477,,False,30.0,False,False,True
TBS adaptive diffusion topology alpha=0.01 edge=0.001,N4829,N4802,0.008486523602291308,37,27,508.56075640748696,2.117856731869725e-88,2.117856731869725e-88,True,30.0,False,True,False
TBS adaptive diffusion topology alpha=0.01 edge=0.001,N4829,N4823,0.002301708852655122,37,10,508.56075975051726,2.1178533859432786e-88,2.117856731869725e-88,True,30.0,False,True,False
TBS adaptive diffusion topology alpha=0.01 edge=0.001,N4830,N4393,0.05002364766013165,8,2,6.999999999913161,0.42887985756209657,0.4288798578521563,False,7.0,False,True,False
TBS adaptive diffusion topology alpha=0.01 edge=0.001,N4830,N4687,0.03112708170705895,8,6,6.99999999712733,0.4288798578521563,0.4288798578521563,False,7.0,False,True,False
TBS adaptive diffusion topology alpha=0.01 edge=0.001,N4831,N4716,0.027703039143821568,50,39,119.28883747174511,1.341998740865137e-12,,False,30.0,False,False,True
TBS adaptive diffusion topology alpha=0.01 edge=0.001,N4831,N4745,0.021920051040645667,50,11,119.28883786458819,1.3419985378557465e-12,,False,30.0,False,False,True
TBS adaptive diffusion topology alpha=0.01 edge=0.001,N4832,N4659,0.03347721736873079,16,11,14.999999471893927,0.4514172492663774,,False,15.0,False,False,True
TBS adaptive diffusion topology alpha=0.01 edge=0.001,N4832,N4719,0.027554178889100663,16,5,14.99999993750347,0.45141721572748916,,False,15.0,False,False,True
TBS adaptive diffusion topology alpha=0.01 edge=0.001,N4833,L2436,0.07909609908163556,7,1,5.999999999996291,0.4231900811272593,,False,6.0,False,False,True
TBS adaptive diffusion topology alpha=0.01 edge=0.001,N4833,N4688,0.031107130270396265,7,6,5.999999998829393,0.4231900812579762,,False,6.0,False,False,True
TBS adaptive diffusion topology alpha=0.01 edge=0.001,N4834,L2027,0.07920508811537066,5,1,3.999999999999426,0.4060058497099156,,False,4.0,False,False,True
TBS adaptive diffusion topology alpha=0.01 edge=0.001,N4834,N4371,0.05149831359398224,5,4,3.999999999930397,0.40600584971925824,,False,4.0,False,False,True
TBS adaptive diffusion topology alpha=0.01 edge=0.001,N4835,N4759,0.020646206463485757,143,6,64.50983007555587,0.0002533349513704489,,False,30.0,False,False,True
TBS adaptive diffusion topology alpha=0.01 edge=0.001,N4835,N4780,0.01572101479684087,143,137,64.50982971056963,0.00025333497847543395,,False,30.0,False,False,True
TBS adaptive diffusion topology alpha=0.01 edge=0.001,N4836,L1898,0.07941955527146705,3,1,1.9999999999996634,0.3678794411715044,,False,2.0,False,False,True
TBS adaptive diffusion topology alpha=0.01 edge=0.001,N4836,N4609,0.038223889839002,3,2,1.9999999999920663,0.3678794411729016,,False,2.0,False,False,True
TBS adaptive diffusion topology alpha=0.01 edge=0.001,N4837,N4742,0.023853481307176887,129,86,156.43978733545143,4.784019063588798e-19,,False,30.0,False,False,True
TBS adaptive diffusion topology alpha=0.01 edge=0.001,N4837,N4766,0.019682657597496902,129,43,156.43978744710708,4.784018843592528e-19,,False,30.0,False,False,True
TBS adaptive diffusion topology alpha=0.01 edge=0.001,N4838,L2213,0.07949781864486637,5,1,3.999999999998062,0.4060058497101008,,False,4.0,False,False,True
TBS adaptive diffusion topology alpha=0.01 edge=0.001,N4838,N4622,0.03713656812259299,5,4,3.9999999988924,0.40600584985973576,,False,4.0,False,False,True
TBS adaptive diffusion topology alpha=0.01 edge=0.001,N4839,L2369,0.08090503720925984,29,1,27.999999999484366,0.46444756492418227,,False,28.0,False,False,True
TBS adaptive diffusion topology alpha=0.01 edge=0.001,N4839,N4710,0.029962725634854977,29,28,27.999998080829094,0.46444766660250436,,False,28.0,False,False,True
TBS adaptive diffusion topology alpha=0.01 edge=0.001,N4840,N4702,0.03162724890475213,100,4,89.76460852356242,7.12940134856066e-08,,False,30.0,False,False,True
TBS adaptive diffusion topology alpha=0.01 edge=0.001,N4840,N4792,0.014232433269460748,100,96,89.76460825560501,7.129402014665171e-08,,False,30.0,False,False,True
TBS adaptive diffusion topology alpha=0.01 edge=0.001,N4841,N4016,0.06308905656414861,16,2,14.999999999960767,0.45141721122855105,,False,15.0,False,False,True
TBS adaptive diffusion topology alpha=0.01 edge=0.001,N4841,N4678,0.03476989812080918,16,14,14.999999992590165,0.4514172117594719,,False,15.0,False,False,True
TBS adaptive diffusion topology alpha=0.01 edge=0.001,N4842,N4638,0.03827804020899637,12,2,10.999999999827354,0.4432632784409294,,False,11.0,False,False,True
TBS adaptive diffusion topology alpha=0.01 edge=0.001,N4842,N4692,0.03340850997077895,12,10,10.999999974421927,0.44326328056932407,,False,11.0,False,False,True
TBS adaptive diffusion topology alpha=0.01 edge=0.001,N4843,N4805,0.012027832642923513,47,12,183.36980375462178,6.088330553138681e-24,,False,30.0,False,False,True
TBS adaptive diffusion topology alpha=0.01 edge=0.001,N4843,N4828,0.00426354590069359,47,35,183.36980305038284,6.0883323736958766e-24,,False,30.0,False,False,True
TBS adaptive diffusion topology alpha=0.01 edge=0.001,N4844,L2407,0.08193544312061692,2,1,0.999999999999718,0.3173105078629795,,False,1.0,False,False,True
TBS adaptive diffusion topology alpha=0.01 edge=0.001,N4844,L2495,0.08193544312061692,2,1,0.999999999999718,0.3173105078629795,,False,1.0,False,False,True
TBS adaptive diffusion topology alpha=0.01 edge=0.001,N4845,N3913,0.06547623955862299,15,4,13.999999965550616,0.44971105841522596,,False,14.0,False,False,True
TBS adaptive diffusion topology alpha=0.01 edge=0.001,N4845,N4272,0.05768219911031883,15,11,13.999999435473926,0.4497110979066772,,False,14.0,False,False,True
TBS adaptive diffusion topology alpha=0.01 edge=0.001,N4846,L1524,0.0822909984676839,10,1,8.999999999993047,0.43727418891450875,0.4372741895604749,False,9.0,False,True,False
TBS adaptive diffusion topology alpha=0.01 edge=0.001,N4846,N4715,0.031135879649065897,10,9,8.999999992995187,0.4372741895604749,0.4372741895604749,False,9.0,False,True,False
TBS adaptive diffusion topology alpha=0.01 edge=0.001,N4847,N4803,0.013475068948687314,151,117,266.63454449567496,9.053360889116477e-40,,False,30.0,False,False,True
TBS adaptive diffusion topology alpha=0.01 edge=0.001,N4847,N4815,0.010563942718329139,151,34,266.634544869382,9.05335937364732e-40,,False,30.0,False,False,True
TBS adaptive diffusion topology alpha=0.01 edge=0.001,N4848,N4199,0.06093298938766785,51,3,30.55774173514932,0.43737373122913287,0.4373737368568464,False,30.0,False,True,False
TBS adaptive diffusion topology alpha=0.01 edge=0.001,N4848,N4814,0.011124614450686717,51,48,30.55774162294181,0.4373737368568464,0.4373737368568464,False,30.0,False,True,False
TBS adaptive diffusion topology alpha=0.01 edge=0.001,N4849,N3839,0.06830155642838559,164,2,151.2044277895573,4.100616460220513e-18,4.100618704111053e-18,True,30.0,False,True,False
TBS adaptive diffusion topology alpha=0.01 edge=0.001,N4849,N4795,0.01569292840815357,164,162,151.2044264511724,4.100618704111053e-18,4.100618704111053e-18,True,30.0,False,True,False
TBS adaptive diffusion topology alpha=0.01 edge=0.001,N4850,N4564,0.04553646772078108,15,5,13.999999997768848,0.4497110560149228,,False,14.0,False,False,True
TBS adaptive diffusion topology alpha=0.01 edge=0.001,N4850,N4709,0.03265523515502228,15,10,13.999999985287928,0.44971105694476854,,False,14.0,False,False,True
TBS adaptive diffusion topology alpha=0.01 edge=0.001,N4851,N4736,0.029056708242594115,17,14,15.9999999562026,0.45296081254375775,,False,16.0,False,False,True
TBS adaptive diffusion topology alpha=0.01 edge=0.001,N4851,N4740,0.028416586186875748,17,3,15.999999999371315,0.4529608095308726,,False,16.0,False,False,True
TBS adaptive diffusion topology alpha=0.01 edge=0.001,N4852,N4750,0.02658181524944238,46,12,157.91772549176903,2.6012388904742724e-19,,False,30.0,False,False,True
TBS adaptive diffusion topology alpha=0.01 edge=0.001,N4852,N4820,0.009270546945962167,46,34,157.91772539137366,2.6012389982421486e-19,,False,30.0,False,False,True
TBS adaptive diffusion topology alpha=0.01 edge=0.001,N4853,N4724,0.03166385843512015,19,7,17.999999981421748,0.4556526055463137,,False,18.0,False,False,True
TBS adaptive diffusion topology alpha=0.01 edge=0.001,N4853,N4778,0.020841201667517194,19,12,17.999999924891906,0.45565260927037643,,False,18.0,False,False,True
TBS adaptive diffusion topology alpha=0.01 edge=0.001,N4854,N4662,0.03857514054497803,38,28,441.6893023787716,9.85136972535547e-75,9.85136972535547e-75,True,30.0,False,True,False
TBS adaptive diffusion topology alpha=0.01 edge=0.001,N4854,N4730,0.030471338948835882,38,10,441.689307714274,9.851345102441324e-75,9.85136972535547e-75,True,30.0,False,True,False
TBS adaptive diffusion topology alpha=0.01 edge=0.001,N4855,N4812,0.012377124914989011,77,48,66.20830844250715,0.00015332914792564304,,False,30.0,False,False,True
TBS adaptive diffusion topology alpha=0.01 edge=0.001,N4855,N4839,0.003424233442032543,77,29,66.20830846350641,0.00015332914696586863,,False,30.0,False,False,True
TBS adaptive diffusion topology alpha=0.01 edge=0.001,N4856,N4455,0.05288293012126184,155,15,27.958084896631426,0.5726579742498666,0.5726579905636047,False,30.0,False,True,False
TBS adaptive diffusion topology alpha=0.01 edge=0.001,N4856,N4816,0.011639374781030522,155,140,27.958084588788694,0.5726579905636047,0.5726579905636047,False,30.0,False,True,False
TBS adaptive diffusion topology alpha=0.01 edge=0.001,N4857,N4801,0.015779913216651512,228,137,463.12284536301377,4.226954813515535e-79,4.226954813515535e-79,True,30.0,False,True,False
TBS adaptive diffusion topology alpha=0.01 edge=0.001,N4857,N4809,0.01411486246517852,228,91,463.1228454631917,4.226954614534113e-79,4.226954813515535e-79,True,30.0,False,True,False
TBS adaptive diffusion topology alpha=0.01 edge=0.001,N4858,N4686,0.037343249051680155,19,9,8001025916.230495,0.0,0.0,True,18.0,False,True,False
TBS adaptive diffusion topology alpha=0.01 edge=0.001,N4858,N4846,0.0028148182769930927,19,10,6480812935.614881,0.0,0.0,True,18.0,False,True,False
TBS adaptive diffusion topology alpha=0.01 edge=0.001,N4859,L2441,0.0856428239567209,4,1,2.9999999999058407,0.39162517628560656,,False,3.0,False,False,True
TBS adaptive diffusion topology alpha=0.01 edge=0.001,N4859,N4789,0.0194855003376822,4,3,2.999999976143216,0.39162517994933566,,False,3.0,False,False,True
TBS adaptive diffusion topology alpha=0.01 edge=0.001,N4860,L447,0.08637643830204585,2,1,0.9999999999999305,0.31731050786292797,,False,1.0,False,False,True
TBS adaptive diffusion topology alpha=0.01 edge=0.001,N4860,L545,0.08637643830204585,2,1,0.9999999999999305,0.31731050786292797,,False,1.0,False,False,True
TBS adaptive diffusion topology alpha=0.01 edge=0.001,N4861,L2072,0.08770364334346444,2,1,0.9999999999999902,0.3173105078629136,,False,1.0,False,False,True
TBS adaptive diffusion topology alpha=0.01 edge=0.001,N4861,L2356,0.08770364334346444,2,1,0.9999999999999902,0.3173105078629136,,False,1.0,False,False,True
TBS adaptive diffusion topology alpha=0.01 edge=0.001,N4862,N4703,0.038233260639078406,32,4,30.86987191182758,0.42182455395477375,,False,30.0,False,False,True
TBS adaptive diffusion topology alpha=0.01 edge=0.001,N4862,N4800,0.018899432240719525,32,28,30.8698696914525,0.4218246637916438,,False,30.0,False,False,True
TBS adaptive diffusion topology alpha=0.01 edge=0.001,N4863,L1828,0.08841159985585277,14,1,12.99999999998311,0.44781167432079616,0.44781172869045693,False,13.0,False,True,False
TBS adaptive diffusion topology alpha=0.01 edge=0.001,N4863,N4825,0.011797115334261124,14,13,12.999999296106177,0.44781172869045693,0.44781172869045693,False,13.0,False,True,False
TBS adaptive diffusion topology alpha=0.01 edge=0.001,N4864,N4738,0.03408517494617987,22,14,5491844318.133438,0.0,0.0,True,21.0,False,True,False
TBS adaptive diffusion topology alpha=0.01 edge=0.001,N4864,N4830,0.010096681447702113,22,8,16818763299.310246,0.0,0.0,True,21.0,False,True,False
TBS adaptive diffusion topology alpha=0.01 edge=0.001,N4865,N4743,0.033039714543134056,10,3,8.999999999907246,0.437274188922429,,False,9.0,False,False,True
TBS adaptive diffusion topology alpha=0.01 edge=0.001,N4865,N4833,0.009999842018242026,10,7,8.999999998849935,0.4372741890200287,,False,9.0,False,False,True
TBS adaptive diffusion topology alpha=0.01 edge=0.001,N4866,N4586,0.05011472627552088,8,4,6.999999990233915,0.4288798585698973,0.4288798585698973,False,7.0,False,True,False
TBS adaptive diffusion topology alpha=0.01 edge=0.001,N4866,N4784,0.024334450030180227,8,4,6.999999990233915,0.4288798585698973,0.4288798585698973,False,7.0,False,True,False
TBS adaptive diffusion topology alpha=0.01 edge=0.001,N4867,L2337,0.08965954522428973,3,1,1.9999999999999463,0.36787944117145227,,False,2.0,False,False,True
TBS adaptive diffusion topology alpha=0.01 edge=0.001,N4867,N4714,0.038551408313470446,3,2,1.9999999999996294,0.36787944117151056,,False,2.0,False,False,True
TBS adaptive diffusion topology alpha=0.01 edge=0.001,N4868,N4752,0.032692891596294654,50,14,127.25732054326875,6.063591610751446e-14,6.063591855347748e-14,True,30.0,False,True,False
TBS adaptive diffusion topology alpha=0.01 edge=0.001,N4868,N4818,0.016997817801865538,50,36,127.25732044039009,6.063591855347748e-14,6.063591855347748e-14,True,30.0,False,True,False
TBS adaptive diffusion topology alpha=0.01 edge=0.001,N4869,N4172,0.07014383081084308,19,2,17.99999999984566,0.4556526043325868,,False,18.0,False,False,True
TBS adaptive diffusion topology alpha=0.01 edge=0.001,N4869,N4851,0.008226964983662313,19,17,17.99999994142958,0.45565260818091047,,False,18.0,False,False,True
TBS adaptive diffusion topology alpha=0.01 edge=0.001,N4870,N4772,0.03199478939035722,7,2,5.999999999837012,0.4231900811451016,,False,6.0,False,False,True
TBS adaptive diffusion topology alpha=0.01 edge=0.001,N4870,N4781,0.029267637268360815,7,5,5.999999996376885,0.4231900815327081,,False,6.0,False,False,True
TBS adaptive diffusion topology alpha=0.01 edge=0.001,N4871,N4808,0.0224720598748176,25,20,23.999999919059324,0.46159733769212596,,False,24.0,False,False,True
TBS adaptive diffusion topology alpha=0.01 edge=0.001,N4871,N4838,0.013568016299742521,25,5,23.999999997444448,0.4615973332097546,,False,24.0,False,False,True
TBS adaptive diffusion topology alpha=0.01 edge=0.001,N4872,N4594,0.053198148650572305,26,7,24.99999999636007,0.4623736631306098,,False,25.0,False,False,True
TBS adaptive diffusion topology alpha=0.01 edge=0.001,N4872,N4786,0.028007609153051026,26,19,24.99999996380314,0.46237366495523613,,False,25.0,False,False,True
TBS adaptive diffusion topology alpha=0.01 edge=0.001,N4873,N4813,0.022358044582966637,23,7,21.999999999029864,0.45988870275159277,,False,22.0,False,False,True
TBS adaptive diffusion topology alpha=0.01 edge=0.001,N4873,N4832,0.01538423351447622,23,16,21.999999993142286,0.4598887031030169,,False,22.0,False,False,True
TBS adaptive diffusion topology alpha=0.01 edge=0.001,N4874,N4704,0.0445703336601982,10,5,8.999999999712955,0.43727418894036385,,False,9.0,False,False,True
TBS adaptive diffusion topology alpha=0.01 edge=0.001,N4874,N4790,0.028343615078929307,10,5,8.999999999712948,0.4372741889403644,,False,9.0,False,False,True
TBS adaptive diffusion topology alpha=0.01 edge=0.001,N4875,N4758,0.03616652641020405,21,6,19.9999999991025,0.4579297145279959,,False,20.0,False,False,True
TBS adaptive diffusion topology alpha=0.01 edge=0.001,N4875,N4827,0.01702457132341341,21,15,19.999999992050228,0.4579297149691507,,False,20.0,False,False,True
TBS adaptive diffusion topology alpha=0.01 edge=0.001,N4876,N4667,0.04870925972453725,47,10,109.94027931256821,4.703306175017696e-11,4.7033076838129624e-11,True,30.0,False,True,False
TBS adaptive diffusion topology alpha=0.01 edge=0.001,N4876,N4829,0.016800214237575682,47,37,109.94027845844374,4.7033076838129624e-11,4.7033076838129624e-11,True,30.0,False,True,False
TBS adaptive diffusion topology alpha=0.01 edge=0.001,N4877,L1674,0.09508254399534048,4,1,2.9999999999932934,0.3916251762721229,,False,3.0,False,False,True
TBS adaptive diffusion topology alpha=0.01 edge=0.001,N4877,N4804,0.025259314778751037,4,3,2.9999999984316625,0.39162517651289563,,False,3.0,False,False,True
TBS adaptive diffusion topology alpha=0.01 edge=0.001,N4878,N4658,0.05008351480963391,42,10,231.22114962167774,6.137700330841703e-33,6.1377020215857764e-33,True,30.0,False,True,False
TBS adaptive diffusion topology alpha=0.01 edge=0.001,N4878,N4672,0.049017998912308514,42,32,231.22114899566233,6.1377020215857764e-33,6.1377020215857764e-33,True,30.0,False,True,False
TBS adaptive diffusion topology alpha=0.01 edge=0.001,N4879,N4797,0.027317667538403232,204,40,99.63399992884551,2.1209277387611683e-09,2.1209278663189055e-09,True,30.0,False,True,False
TBS adaptive diffusion topology alpha=0.01 edge=0.001,N4879,N4849,0.01244542559921076,204,164,99.63399976322759,2.1209278663189055e-09,2.1209278663189055e-09,True,30.0,False,True,False
TBS adaptive diffusion topology alpha=0.01 edge=0.001,N4880,N4481,0.06522134310898496,6,2,4.99999999999866,0.4158801869956714,,False,5.0,False,False,True
TBS adaptive diffusion topology alpha=0.01 edge=0.001,N4880,N4748,0.041098763218172824,6,4,4.999999999986858,0.4158801869971117,,False,5.0,False,False,True
TBS adaptive diffusion topology alpha=0.01 edge=0.001,N4881,N4831,0.01995834986709386,55,50,27.556229212755657,0.5939402699766915,,False,30.0,False,False,True
TBS adaptive diffusion topology alpha=0.01 edge=0.001,N4881,N4834,0.01967766813836932,55,5,27.55622934137424,0.5939402631727075,,False,30.0,False,False,True
TBS adaptive diffusion topology alpha=0.01 edge=0.001,N4882,N4459,0.06956033435436174,119,19,39.049814729737705,0.12461660253346449,0.1246166056245005,False,30.0,False,True,False
TBS adaptive diffusion topology alpha=0.01 edge=0.001,N4882,N4787,0.035565110882491556,119,100,39.049814590788465,0.1246166056245005,0.1246166056245005,False,30.0,False,True,False
TBS adaptive diffusion topology alpha=0.01 edge=0.001,N4883,N4524,0.06697160309717466,167,16,41.53208385744844,0.07843700097584748,0.07843700930439161,False,30.0,False,True,False
TBS adaptive diffusion topology alpha=0.01 edge=0.001,N4883,N4847,0.019205163541213773,167,151,41.53208331089495,0.07843700930439161,0.07843700930439161,False,30.0,False,True,False
TBS adaptive diffusion topology alpha=0.01 edge=0.001,N4884,L2284,0.10247080921120325,4,1,2.9999999999990408,0.3916251762712366,,False,3.0,False,False,True
TBS adaptive diffusion topology alpha=0.01 edge=0.001,N4884,N4589,0.06297857210470587,4,3,2.999999999764825,0.3916251763073485,,False,3.0,False,False,True
TBS adaptive diffusion topology alpha=0.01 edge=0.001,N4885,L1884,0.10269206972474516,3,1,1.9999999999999438,0.3678794411714527,,False,2.0,False,False,True
TBS adaptive diffusion topology alpha=0.01 edge=0.001,N4885,N4669,0.0564908526343778,3,2,1.9999999999994356,0.36787944117154625,,False,2.0,False,False,True
TBS adaptive diffusion topology alpha=0.01 edge=0.001,N4886,N4769,0.04335500627837516,29,4,27.999999966310597,0.4644475666822129,0.4644477683746193,False,28.0,False,True,False
TBS adaptive diffusion topology alpha=0.01 edge=0.001,N4886,N4871,0.010363047122596976,29,25,27.999996160404102,0.4644477683746193,0.4644477683746193,False,28.0,False,True,False
TBS adaptive diffusion topology alpha=0.01 edge=0.001,N4887,N4570,0.06673309047597864,17,9,25901437431.567547,0.0,,False,16.0,False,False,True
TBS adaptive diffusion topology alpha=0.01 edge=0.001,N4887,N4652,0.05994230237995337,17,8,32785249319.815556,0.0,,False,16.0,False,False,True
TBS adaptive diffusion topology alpha=0.01 edge=0.001,N4888,N3960,0.08765535369160836,8,3,6.999999994445265,0.4288798581314126,,False,7.0,False,False,True
TBS adaptive diffusion topology alpha=0.01 edge=0.001,N4888,N4567,0.06698402204589089,8,5,6.999999972468306,0.4288798604196483,,False,7.0,False,False,True
TBS adaptive diffusion topology alpha=0.01 edge=0.001,N4889,N4798,0.036315330270009355,9,5,7.999999999641448,0.4334701204017335,0.4334701204017335,False,8.0,False,True,False
TBS adaptive diffusion topology alpha=0.01 edge=0.001,N4889,N4859,0.019602003846118363,9,4,7.999999999813657,0.4334701203849115,0.4334701204017335,False,8.0,False,True,False
TBS adaptive diffusion topology alpha=0.01 edge=0.001,N4890,N4668,0.0597571309052616,24,3,22.99999999883484,0.4607708906203323,0.4607709014854333,False,23.0,False,True,False
TBS adaptive diffusion topology alpha=0.01 edge=0.001,N4890,N4817,0.033116593134000796,24,21,22.99999981277662,0.4607709014854333,0.4607709014854333,False,23.0,False,True,False
TBS adaptive diffusion topology alpha=0.01 edge=0.001,N4891,L476,0.10687249132867518,2,1,0.9999999999999907,0.3173105078629135,,False,1.0,False,False,True
TBS adaptive diffusion topology alpha=0.01 edge=0.001,N4891,L603,0.10687249132867518,2,1,0.9999999999999907,0.3173105078629135,,False,1.0,False,False,True
TBS adaptive diffusion topology alpha=0.01 edge=0.001,N4892,N4848,0.023682498472658128,206,51,288.29260352513035,5.307818611840846e-44,5.307819534346175e-44,True,30.0,False,True,False
TBS adaptive diffusion topology alpha=0.01 edge=0.001,N4892,N4856,0.022566242712724813,206,155,288.2926031404486,5.307819534346175e-44,5.307819534346175e-44,True,30.0,False,True,False
TBS adaptive diffusion topology alpha=0.01 edge=0.001,N4893,N4711,0.056615222064070464,151,8,20.203410851723497,0.911137101015385,0.9111371111955728,False,30.0,False,True,False
TBS adaptive diffusion topology alpha=0.01 edge=0.001,N4893,N4835,0.028329547925935134,151,143,20.203410476073596,0.9111371111955728,0.9111371111955728,False,30.0,False,True,False
TBS adaptive diffusion topology alpha=0.01 edge=0.001,N4894,N4811,0.035925508957170685,49,3,43.17955980439603,0.05649281162701903,,False,30.0,False,False,True
TBS adaptive diffusion topology alpha=0.01 edge=0.001,N4894,N4852,0.023825145939765417,49,46,43.179559756668276,0.056492812177174154,,False,30.0,False,False,True
TBS adaptive diffusion topology alpha=0.01 edge=0.001,N4895,L186,0.10805450195375016,4,1,2.9999999999998255,0.3916251762711159,,False,3.0,False,False,True
TBS adaptive diffusion topology alpha=0.01 edge=0.001,N4895,N4776,0.04555321160457169,4,3,2.999999999974138,0.3916251762750763,,False,3.0,False,False,True
TBS adaptive diffusion topology alpha=0.01 edge=0.001,N4896,N3502,0.09745346853327796,7,2,5.999999999991381,0.4231900811278093,,False,6.0,False,False,True
TBS adaptive diffusion topology alpha=0.01 edge=0.001,N4896,N4188,0.08641255849867571,7,5,5.999999999836459,0.42319008114516365,,False,6.0,False,False,True
TBS adaptive diffusion topology alpha=0.01 edge=0.001,N4897,N4512,0.07437211236902998,5,2,3.999999999981805,0.40600584971230047,,False,4.0,False,False,True
TBS adaptive diffusion topology alpha=0.01 edge=0.001,N4897,N4765,0.049943491718678915,5,3,3.9999999999212412,0.40600584972049725,,False,4.0,False,False,True
TBS adaptive diffusion topology alpha=0.01 edge=0.001,N4898,N4774,0.04832974189542487,14,12,12.999999961519087,0.44781167729187765,0.44781167729187765,False,13.0,False,True,False
TBS adaptive diffusion topology alpha=0.01 edge=0.001,N4898,N4822,0.035222766930945774,14,2,12.999999999820767,0.447811674333336,0.44781167729187765,False,13.0,False,True,False
TBS adaptive diffusion topology alpha=0.01 edge=0.001,N4899,N4844,0.02996720345185363,12,2,10.999999999938034,0.4432632784316566,0.44326327917242747,False,11.0,False,True,False
TBS adaptive diffusion topology alpha=0.01 edge=0.001,N4899,N4865,0.022806705472592954,12,10,10.999999991095878,0.44326327917242747,0.44326327917242747,False,11.0,False,True,False
TBS adaptive diffusion topology alpha=0.01 edge=0.001,N4900,L1734,0.11220443597044004,2,1,0.9999999999999483,0.31731050786292375,,False,1.0,False,False,True
TBS adaptive diffusion topology alpha=0.01 edge=0.001,N4900,L1948,0.11220443597044004,2,1,0.9999999999999483,0.31731050786292375,,False,1.0,False,False,True
TBS adaptive diffusion topology alpha=0.01 edge=0.001,N4901,N3693,0.09941868465188201,21,3,19.999999959621693,0.45792971699771845,0.4579300606282367,False,20.0,False,True,False
TBS adaptive diffusion topology alpha=0.01 edge=0.001,N4901,N4749,0.055328549540859924,21,18,19.999994466369785,0.4579300606282367,0.4579300606282367,False,20.0,False,True,False
TBS adaptive diffusion topology alpha=0.01 edge=0.001,N4902,N4770,0.053469211497063324,28,9,19622920159.448696,0.0,,False,27.0,False,False,True
TBS adaptive diffusion topology alpha=0.01 edge=0.001,N4902,N4869,0.0216242871539356,28,19,4402941497.229379,0.0,,False,27.0,False,False,True
TBS adaptive diffusion topology alpha=0.01 edge=0.001,N4903,N4717,0.0628854892660734,34,14,310.8020872643036,1.9535876069070928e-48,,False,30.0,False,False,True
TBS adaptive diffusion topology alpha=0.01 edge=0.001,N4903,N4826,0.03701654581675448,34,20,310.8020862831539,1.9535884795495143e-48,,False,30.0,False,False,True
TBS adaptive diffusion topology alpha=0.01 edge=0.001,N4904,N4757,0.05627417712041653,57,2,44.294526461652524,0.04483867418715867,0.04483867734104342,False,30.0,False,True,False
TBS adaptive diffusion topology alpha=0.01 edge=0.001,N4904,N4881,0.01557710311400612,57,55,44.29452612727474,0.04483867734104342,0.04483867734104342,False,30.0,False,True,False
TBS adaptive diffusion topology alpha=0.01 edge=0.001,N4905,N4637,0.0710422582046529,57,10,53.67543149070602,0.004995574298262792,0.004995574616802986,False,30.0,False,True,False
TBS adaptive diffusion topology alpha=0.01 edge=0.001,N4905,N4843,0.03269897257093298,57,47,53.67543124088053,0.004995574616802986,0.004995574616802986,False,30.0,False,True,False
TBS adaptive diffusion topology alpha=0.01 edge=0.001,N4906,L2464,0.11480786992529157,2,1,0.9999999999999931,0.31731050786291287,,False,1.0,False,False,True
TBS adaptive diffusion topology alpha=0.01 edge=0.001,N4906,L2493,0.11480786992529157,2,1,0.9999999999999931,0.31731050786291287,,False,1.0,False,False,True
TBS adaptive diffusion topology alpha=0.01 edge=0.001,N4907,L1886,0.11580082121901415,5,1,3.9999999999994102,0.40600584970991804,,False,4.0,False,False,True
TBS adaptive diffusion topology alpha=0.01 edge=0.001,N4907,N4877,0.02071827722367367,5,4,3.999999999790136,0.4060058497382403,,False,4.0,False,False,True
TBS adaptive diffusion topology alpha=0.01 edge=0.001,N4908,N4649,0.07192281990466357,88,73,36.85575188407908,0.18138493039939155,0.18138493039939155,False,30.0,False,True,False
TBS adaptive diffusion topology alpha=0.01 edge=0.001,N4908,N4845,0.034562920737795294,88,15,36.8557520455743,0.1813849256103303,0.18138493039939155,False,30.0,False,True,False
TBS adaptive diffusion topology alpha=0.01 edge=0.001,N4909,N4771,0.05623239475920368,19,4,17.999999987648,0.4556526051361418,0.4556526329982665,False,18.0,False,True,False
TBS adaptive diffusion topology alpha=0.01 edge=0.001,N4909,N4791,0.049662335741056676,19,15,17.999999564711647,0.4556526329982665,0.4556526329982665,False,18.0,False,True,False
TBS adaptive diffusion topology alpha=0.01 edge=0.001,N4910,N4712,0.06709175199389751,34,2,31.572524157617533,0.38766796541907295,0.38766797258624075,False,30.0,False,True,False
TBS adaptive diffusion topology alpha=0.01 edge=0.001,N4910,N4862,0.030056619567181912,34,32,31.572524007385645,0.38766797258624075,0.38766797258624075,False,30.0,False,True,False
TBS adaptive diffusion topology alpha=0.01 edge=0.001,N4911,N4819,0.04452720250379389,23,2,21.99999999948666,0.45988870272432747,0.4598887232458876,False,22.0,False,True,False
TBS adaptive diffusion topology alpha=0.01 edge=0.001,N4911,N4875,0.02359573617289907,23,21,21.99999965567876,0.4598887232458876,0.4598887232458876,False,22.0,False,True,False
TBS adaptive diffusion topology alpha=0.01 edge=0.001,N4912,N4741,0.06293893841028017,14,7,12.99999998747594,0.4478116752868888,,False,13.0,False,False,True
TBS adaptive diffusion topology alpha=0.01 edge=0.001,N4912,N4870,0.025565696940085696,14,7,12.999999987475833,0.447811675286897,,False,13.0,False,False,True
TBS adaptive diffusion topology alpha=0.01 edge=0.001,N4913,L2360,0.11862882328591606,3,1,1.9999999999999547,0.3678794411714507,,False,2.0,False,False,True
TBS adaptive diffusion topology alpha=0.01 edge=0.001,N4913,N4861,0.030925179942451624,3,2,1.99999999999887,0.3678794411716503,,False,2.0,False,False,True
TBS adaptive diffusion topology alpha=0.01 edge=0.001,N4914,N4837,0.04102587302731885,229,129,435.48057734821623,1.803208101169139e-73,,False,30.0,False,False,True
TBS adaptive diffusion topology alpha=0.01 edge=0.001,N4914,N4840,0.039160796936932786,229,100,435.4805774048586,1.8032080533677888e-73,,False,30.0,False,False,True
TBS adaptive diffusion topology alpha=0.01 edge=0.001,N4915,L607,0.12237831576519886,3,1,1.9999999999996192,0.36787944117151244,,False,2.0,False,False,True
TBS adaptive diffusion topology alpha=0.01 edge=0.001,N4915,N4891,0.015505824436523685,3,2,1.9999999999840314,0.36787944117437965,,False,2.0,False,False,True
TBS adaptive diffusion topology alpha=0.01 edge=0.001,N4916,N4788,0.05728218701501146,8,6,6.999999999952794,0.42887985755796976,0.42887985755796976,False,7.0,False,True,False
TBS adaptive diffusion topology alpha=0.01 edge=0.001,N4916,N4807,0.0530470513118709,8,2,6.9999999999985665,0.4288798575532041,0.42887985755796976,False,7.0,False,True,False
TBS adaptive diffusion topology alpha=0.01 edge=0.001,N4917,L623,0.12603876958426366,2,1,0.9999999999997937,0.31731050786296117,,False,1.0,False,False,True
TBS adaptive diffusion topology alpha=0.01 edge=0.001,N4917,L670,0.12603876958426366,2,1,0.9999999999997937,0.31731050786296117,,False,1.0,False,False,True
TBS adaptive diffusion topology alpha=0.01 edge=0.001,N4918,N4858,0.04237588489838878,225,19,453.86400633198554,3.268416607604346e-77,3.2684221146802914e-77,True,30.0,False,True,False
TBS adaptive diffusion topology alpha=0.01 edge=0.001,N4918,N4892,0.0204939143576264,225,206,453.86400274164754,3.2684221146802914e-77,3.2684221146802914e-77,True,30.0,False,True,False
TBS adaptive diffusion topology alpha=0.01 edge=0.001,N4919,N4878,0.03319275056732915,66,42,169.3954610045047,2.204600909769466e-21,2.204600909769466e-21,True,30.0,False,True,False
TBS adaptive diffusion topology alpha=0.01 edge=0.001,N4919,N4890,0.022687522925463603,66,24,169.39546104908325,2.2046008686416684e-21,2.204600909769466e-21,True,30.0,False,True,False
TBS adaptive diffusion topology alpha=0.01 edge=0.001,N4920,N4553,0.09312646115899502,28,5,26.999999995288547,0.4637948158747657,,False,27.0,False,False,True
TBS adaptive diffusion topology alpha=0.01 edge=0.001,N4920,N4873,0.036196686469052296,28,23,26.99999986859485,0.4637948227105414,,False,27.0,False,False,True
TBS adaptive diffusion topology alpha=0.01 edge=0.001,N4921,N4857,0.04604791942460265,275,228,685.7157985792884,4.655283834166375e-125,4.655283834166375e-125,True,30.0,False,True,False
TBS adaptive diffusion topology alpha=0.01 edge=0.001,N4921,N4876,0.03607488664820925,275,47,685.7158000590512,4.655280530029143e-125,4.655283834166375e-125,True,30.0,False,True,False
TBS adaptive diffusion topology alpha=0.01 edge=0.001,N4922,N4866,0.042964313272353186,20,8,38657736317.22041,0.0,0.0,True,19.0,False,True,False
TBS adaptive diffusion topology alpha=0.01 edge=0.001,N4922,N4899,0.020381347188031845,20,12,17181318150.087456,0.0,0.0,True,19.0,False,True,False
TBS adaptive diffusion topology alpha=0.01 edge=0.001,N4923,N4824,0.06011839873946753,91,34,646.2243938222678,7.653647080942469e-117,7.653649270124808e-117,True,30.0,False,True,False
TBS adaptive diffusion topology alpha=0.01 edge=0.001,N4923,N4904,0.021774263315962848,91,57,646.2243932243831,7.653649270124808e-117,7.653649270124808e-117,True,30.0,False,True,False
TBS adaptive diffusion topology alpha=0.01 edge=0.001,N4924,L2109,0.13654455131819446,4,1,2.9999999999994635,0.39162517627117155,,False,3.0,False,False,True
TBS adaptive diffusion topology alpha=0.01 edge=0.001,N4924,N4913,0.017915728032278398,4,3,2.9999999998814335,0.39162517628936966,,False,3.0,False,False,True
TBS adaptive diffusion topology alpha=0.01 edge=0.001,N4925,N4910,0.022581278323116117,42,34,600.7900640303079,2.0325394190553342e-107,2.0325394190553342e-107,True,30.0,False,True,False
TBS adaptive diffusion topology alpha=0.01 edge=0.001,N4925,N4916,0.017403620762154116,42,8,600.7900658370271,2.032537668218112e-107,2.0325394190553342e-107,True,30.0,False,True,False
TBS adaptive diffusion topology alpha=0.01 edge=0.001,N4926,N4863,0.05374990376069612,35,14,953.913653247083,2.7007914028071124e-181,2.7008027757786985e-181,True,30.0,False,True,False
TBS adaptive diffusion topology alpha=0.01 edge=0.001,N4926,N4901,0.029488548045996668,35,21,953.9136445710274,2.7008027757786985e-181,2.7008027757786985e-181,True,30.0,False,True,False
TBS adaptive diffusion topology alpha=0.01 edge=0.001,N4927,N4783,0.0814539041586739,31,5,29.999999974807064,0.4656537102343391,0.46565374383359404,False,30.0,False,True,False
TBS adaptive diffusion topology alpha=0.01 edge=0.001,N4927,N4872,0.05286222371665062,31,26,29.999999318801414,0.46565374383359404,0.46565374383359404,False,30.0,False,True,False
TBS adaptive diffusion topology alpha=0.01 edge=0.001,N4928,N4853,0.06662320182141997,24,19,22.999999879139533,0.4607708976100884,0.4607708976100884,False,23.0,False,True,False
TBS adaptive diffusion topology alpha=0.01 edge=0.001,N4928,N4907,0.03490874225847833,24,5,22.999999995987185,0.46077089078662514,0.4607708976100884,False,23.0,False,True,False
TBS adaptive diffusion topology alpha=0.01 edge=0.001,N4929,N4883,0.05016771095453523,209,167,416.2702338306433,1.4274984797951367e-69,1.4274984797951367e-69,True,30.0,False,True,False
TBS adaptive diffusion topology alpha=0.01 edge=0.001,N4929,N4925,0.011803686339353154,209,42,416.27023428636534,1.4274981762914623e-69,1.4274984797951367e-69,True,30.0,False,True,False
TBS adaptive diffusion topology alpha=0.01 edge=0.001,N4930,N4449,0.12421239823602492,15,11,13.999999996713909,0.44971105609351747,0.44971105609351747,False,14.0,False,True,False
TBS adaptive diffusion topology alpha=0.01 edge=0.001,N4930,N4725,0.10298167256145091,15,4,13.999999999788347,0.449711055864467,0.44971105609351747,False,14.0,False,True,False
TBS adaptive diffusion topology alpha=0.01 edge=0.001,N4931,L1160,0.15551831556288456,5,1,3.999999999999888,0.40600584970985365,,False,4.0,False,False,True
TBS adaptive diffusion topology alpha=0.01 edge=0.001,N4931,N4895,0.04746381360913441,5,4,3.999999999986434,0.4060058497116741,,False,4.0,False,False,True
TBS adaptive diffusion topology alpha=0.01 edge=0.001,N4932,N4779,0.0923200939660222,16,2,14.999999999984993,0.4514172112268058,,False,15.0,False,False,True
TBS adaptive diffusion topology alpha=0.01 edge=0.001,N4932,N4912,0.03725818393776728,16,14,14.999999996022654,0.45141721151222236,,False,15.0,False,False,True
TBS adaptive diffusion topology alpha=0.01 edge=0.001,N4933,N4755,0.09801958032794922,48,19,351.85910213649737,1.3331697474024264e-56,1.3331699473697279e-56,True,30.0,False,True,False
TBS adaptive diffusion topology alpha=0.01 edge=0.001,N4933,N4886,0.05255075793454219,48,29,351.85910181074513,1.3331699473697279e-56,1.3331699473697279e-56,True,30.0,False,True,False
TBS adaptive diffusion topology alpha=0.01 edge=0.001,N4934,N4799,0.08928181345975651,9,6,7.999999999995527,0.43347012036714594,0.43347012036714594,False,8.0,False,True,False
TBS adaptive diffusion topology alpha=0.01 edge=0.001,N4934,N4836,0.07880157008811889,9,3,7.999999999999394,0.43347012036676824,0.43347012036714594,False,8.0,False,True,False
TBS adaptive diffusion topology alpha=0.01 edge=0.001,N4935,N4503,0.12466020411220345,5,2,3.999999999999931,0.40600584970984765,,False,4.0,False,False,True
TBS adaptive diffusion topology alpha=0.01 edge=0.001,N4935,N4867,0.06930019502939908,5,3,3.9999999999997664,0.4060058497098695,,False,4.0,False,False,True
TBS adaptive diffusion topology alpha=0.01 edge=0.001,N4936,L2490,0.15943694599901634,18,1,16.999999999999535,0.4543661137906678,0.4543661157970398,False,17.0,False,True,False
TBS adaptive diffusion topology alpha=0.01 edge=0.001,N4936,N4887,0.054588565353461675,18,17,16.99999997038556,0.4543661157970398,0.4543661157970398,False,17.0,False,True,False
TBS adaptive diffusion topology alpha=0.01 edge=0.001,N4937,N4806,0.08985569286214753,47,33,567.4872838105956,1.5636935565270933e-100,1.5636935565270933e-100,True,30.0,False,True,False
TBS adaptive diffusion topology alpha=0.01 edge=0.001,N4937,N4898,0.04952979696352463,47,14,567.4872846672296,1.5636929196951864e-100,1.5636935565270933e-100,True,30.0,False,True,False
TBS adaptive diffusion topology alpha=0.01 edge=0.001,N4938,N4794,0.09249735822375868,5,3,3.999999999634215,0.40600584975934173,0.40600584975934173,False,4.0,False,True,False
TBS adaptive diffusion topology alpha=0.01 edge=0.001,N4938,N4900,0.04773339425186972,5,2,3.999999999916958,0.4060058497210768,0.40600584975934173,False,4.0,False,True,False
TBS adaptive diffusion topology alpha=0.01 edge=0.001,N4939,N4855,0.07572608787613616,81,77,52.81940685033361,0.0062060529806801865,0.0062060529806801865,False,30.0,False,True,False
TBS adaptive diffusion topology alpha=0.01 edge=0.001,N4939,N4884,0.057584549316225295,81,4,52.819406890496985,0.006206052917947692,0.0062060529806801865,False,30.0,False,True,False
TBS adaptive diffusion topology alpha=0.01 edge=0.001,N4940,L1631,0.16156121424073552,11,1,9.999999999999819,0.4404932850652281,0.4404932850705017,False,10.0,False,True,False
TBS adaptive diffusion topology alpha=0.01 edge=0.001,N4940,N4874,0.0670253388855808,11,10,9.99999999993971,0.4404932850705017,0.4404932850705017,False,10.0,False,True,False
TBS adaptive diffusion topology alpha=0.01 edge=0.001,N4941,N4860,0.07830656816029442,51,2,33.214615934072434,0.3133042328159604,0.31330423479139513,False,30.0,False,True,False
TBS adaptive diffusion topology alpha=0.01 edge=0.001,N4941,N4894,0.05693017335955934,51,49,33.21461588779451,0.31330423479139513,0.31330423479139513,False,30.0,False,True,False
TBS adaptive diffusion topology alpha=0.01 edge=0.001,N4942,L1985,0.16865571911983213,3,1,1.9999999999997184,0.3678794411714941,,False,2.0,False,False,True
TBS adaptive diffusion topology alpha=0.01 edge=0.001,N4942,N4479,0.13569175512500123,3,2,1.9999999999927194,0.3678794411727815,,False,2.0,False,False,True
TBS adaptive diffusion topology alpha=0.01 edge=0.001,N4943,N4854,0.08814017436977978,56,38,517.8140694870458,2.665330933359729e-90,2.665330933359729e-90,True,30.0,False,True,False
TBS adaptive diffusion topology alpha=0.01 edge=0.001,N4943,N4936,0.013008798780592645,56,18,517.8140699454103,2.6653303554101236e-90,2.665330933359729e-90,True,30.0,False,True,False
TBS adaptive diffusion topology alpha=0.01 edge=0.001,N4944,N4810,0.1018945195536816,31,3,29.999999996546734,0.46565370912087867,0.4656537243524833,False,30.0,False,True,False
TBS adaptive diffusion topology alpha=0.01 edge=0.001,N4944,N4902,0.05938751373956854,31,28,29.99999969915861,0.4656537243524833,0.4656537243524833,False,30.0,False,True,False
TBS adaptive diffusion topology alpha=0.01 edge=0.001,N4945,N4655,0.13023305935071852,232,3,15.370361681691556,0.9874722235791554,0.987472231741441,False,30.0,False,True,False
TBS adaptive diffusion topology alpha=0.01 edge=0.001,N4945,N4914,0.054977886110199374,232,229,15.370360446527643,0.987472231741441,0.987472231741441,False,30.0,False,True,False
TBS adaptive diffusion topology alpha=0.01 edge=0.001,N4946,N4880,0.07835324853533626,10,6,8.999999995771505,0.43727418930419526,0.43727418930419526,False,9.0,False,True,False
TBS adaptive diffusion topology alpha=0.01 edge=0.001,N4946,N4924,0.04018501000826432,10,4,8.99999999871698,0.43727418903230153,0.43727418930419526,False,9.0,False,True,False
TBS adaptive diffusion topology alpha=0.01 edge=0.001,N4947,N4821,0.10513395703410988,20,15,18.99999991583155,0.4568361309915352,,False,19.0,False,False,True
TBS adaptive diffusion topology alpha=0.01 edge=0.001,N4947,N4897,0.07074422778446775,20,5,18.99999999531423,0.4568361258925633,,False,19.0,False,False,True
TBS adaptive diffusion topology alpha=0.01 edge=0.001,N4948,N4841,0.10241686398751274,32,16,2885303.0004815883,0.0,,False,30.0,False,False,True
TBS adaptive diffusion topology alpha=0.01 edge=0.001,N4948,N4932,0.028344802686069096,32,16,2885303.0004815897,0.0,,False,30.0,False,False,True
TBS adaptive diffusion topology alpha=0.01 edge=0.001,N4949,N4864,0.09617968121109742,79,22,355.30134197472785,2.730527190192383e-57,2.7305280769193325e-57,True,30.0,False,True,False
TBS adaptive diffusion topology alpha=0.01 edge=0.001,N4949,N4905,0.0706307315779504,79,57,355.3013412700374,2.7305280769193325e-57,2.7305280769193325e-57,True,30.0,False,True,False
TBS adaptive diffusion topology alpha=0.01 edge=0.001,N4950,N4645,0.1426633504040633,5,2,3.999999999999054,0.4060058497099661,,False,4.0,False,False,True
TBS adaptive diffusion topology alpha=0.01 edge=0.001,N4950,N4915,0.06468390520288371,5,3,3.9999999999961315,0.4060058497103617,,False,4.0,False,False,True
TBS adaptive diffusion topology alpha=0.01 edge=0.001,N4951,N4733,0.13605765239523707,153,2,67.31200822478007,0.00011015358659978783,0.0001101536316336228,True,30.0,False,True,False
TBS adaptive diffusion topology alpha=0.01 edge=0.001,N4951,N4893,0.08295705736110077,153,151,67.31200686734728,0.0001101536316336228,0.0001101536316336228,True,30.0,False,True,False
TBS adaptive diffusion topology alpha=0.01 edge=0.001,N4952,N4868,0.10142163702239972,101,50,421.5654823941091,1.2055734537000179e-70,1.2055734547405987e-70,True,30.0,False,True,False
TBS adaptive diffusion topology alpha=0.01 edge=0.001,N4952,N4941,0.027091193699587342,101,51,421.56548239226066,1.2055734547405987e-70,1.2055734547405987e-70,True,30.0,False,True,False
TBS adaptive diffusion topology alpha=0.01 edge=0.001,N4953,N4921,0.06195227247027569,507,275,1229.3280328056849,1.463253363714343e-239,1.463253363714343e-239,True,30.0,False,True,False
TBS adaptive diffusion topology alpha=0.01 edge=0.001,N4953,N4945,0.017422289228784582,507,232,1229.3280329378133,1.4632532692437814e-239,1.463253363714343e-239,True,30.0,False,True,False
TBS adaptive diffusion topology alpha=0.01 edge=0.001,N4954,N4938,0.03427890301167793,158,5,84.75363039167834,4.0060130545266256e-07,4.0060141771126434e-07,True,30.0,False,True,False
TBS adaptive diffusion topology alpha=0.01 edge=0.001,N4954,N4951,0.003693102635769344,158,153,84.75362956777074,4.0060141771126434e-07,4.0060141771126434e-07,True,30.0,False,True,False
TBS adaptive diffusion topology alpha=0.01 edge=0.001,N4955,N4842,0.11494929225778729,14,12,12.999999996485151,0.44781167459098925,,False,13.0,False,False,True
TBS adaptive diffusion topology alpha=0.01 edge=0.001,N4955,N4906,0.08194114190934391,14,2,12.999999999982885,0.4478116743208135,,False,13.0,False,False,True
TBS adaptive diffusion topology alpha=0.01 edge=0.001,N4956,N4885,0.1081266516086108,37,3,33.49715609627083,0.30137838798969463,0.30137839353187795,False,30.0,False,True,False
TBS adaptive diffusion topology alpha=0.01 edge=0.001,N4956,N4903,0.09660647424202852,37,34,33.497155963457075,0.30137839353187795,0.30137839353187795,False,30.0,False,True,False
TBS adaptive diffusion topology alpha=0.01 edge=0.001,N4957,N4911,0.09983363812868254,43,23,757.6157997748103,4.566534858621233e-140,4.566534858621233e-140,True,30.0,False,True,False
TBS adaptive diffusion topology alpha=0.01 edge=0.001,N4957,N4922,0.08568160698211436,43,20,757.6158000542464,4.566534244109749e-140,4.566534858621233e-140,True,30.0,False,True,False
TBS adaptive diffusion topology alpha=0.01 edge=0.001,N4958,L1198,0.2226703200292105,205,1,155.48775746071956,7.078946056359475e-19,7.078959783437171e-19,True,30.0,False,True,False
TBS adaptive diffusion topology alpha=0.01 edge=0.001,N4958,N4879,0.12678286346063772,205,204,155.48775274631666,7.078959783437171e-19,7.078959783437171e-19,True,30.0,False,True,False
TBS adaptive diffusion topology alpha=0.01 edge=0.001,N4959,N4850,0.1458473432020377,20,15,18.999998770932944,0.45683620443905115,0.45683620443905115,False,19.0,False,True,False
TBS adaptive diffusion topology alpha=0.01 edge=0.001,N4959,N4931,0.07381353916028542,20,5,18.99999993232634,0.4568361299333613,0.45683620443905115,False,19.0,False,True,False
TBS adaptive diffusion topology alpha=0.01 edge=0.001,N4960,N4920,0.10052109826221903,33,28,31.33697683876565,0.398979039307483,0.398979039307483,False,30.0,False,True,False
TBS adaptive diffusion topology alpha=0.01 edge=0.001,N4960,N4950,0.04401536438866534,33,5,31.336976853450537,0.39897903859778505,0.398979039307483,False,30.0,False,True,False
TBS adaptive diffusion topology alpha=0.01 edge=0.001,N4961,N4918,0.10419409194067253,430,225,2013.3537508033858,0.0,0.0,True,30.0,False,True,False
TBS adaptive diffusion topology alpha=0.01 edge=0.001,N4961,N4958,0.009005473554527793,430,205,2013.353750928287,0.0,0.0,True,30.0,False,True,False
TBS adaptive diffusion topology alpha=0.01 edge=0.001,N4962,N4946,0.06052590567861565,517,10,3813.2793705087006,0.0,0.0,True,30.0,False,True,False
TBS adaptive diffusion topology alpha=0.01 edge=0.001,N4962,N4953,0.04437413615846954,517,507,3813.2791525565176,0.0,0.0,True,30.0,False,True,False
TBS adaptive diffusion topology alpha=0.01 edge=0.001,N4963,N4961,0.007297644341950338,947,430,6896.388698957084,0.0,0.0,True,30.0,False,True,False
TBS adaptive diffusion topology alpha=0.01 edge=0.001,N4963,N4962,0.0017179709206141959,947,517,6896.3886970903,0.0,0.0,True,30.0,False,True,False
TBS adaptive diffusion topology alpha=0.01 edge=0.001,N4964,N4889,0.13957621252740315,28,9,96390519326.05078,0.0,0.0,True,27.0,False,True,False
TBS adaptive diffusion topology alpha=0.01 edge=0.001,N4964,N4909,0.12818194688553822,28,19,21628507042.308445,0.0,0.0,True,27.0,False,True,False
TBS adaptive diffusion topology alpha=0.01 edge=0.001,N4965,N4934,0.09322017308329837,20,9,5648385249101.438,0.0,0.0,True,19.0,False,True,False
TBS adaptive diffusion topology alpha=0.01 edge=0.001,N4965,N4940,0.08988008420214878,20,11,3781150873693.4976,0.0,0.0,True,19.0,False,True,False
TBS adaptive diffusion topology alpha=0.01 edge=0.001,N4966,N4929,0.11293967579363845,1156,209,22346.862466930663,0.0,0.0,True,30.0,False,True,False
TBS adaptive diffusion topology alpha=0.01 edge=0.001,N4966,N4963,0.026404971293251707,1156,947,22346.862415052972,0.0,0.0,True,30.0,False,True,False
TBS adaptive diffusion topology alpha=0.01 edge=0.001,N4967,N4882,0.17755543015848624,1275,119,2359.0745781765,0.0,0.0,True,30.0,False,True,False
TBS adaptive diffusion topology alpha=0.01 edge=0.001,N4967,N4966,0.013598213834826931,1275,1156,2359.074549459691,0.0,0.0,True,30.0,False,True,False
TBS adaptive diffusion topology alpha=0.01 edge=0.001,N4968,N4954,0.09782043985020288,1433,158,33488.127316860584,0.0,0.0,True,30.0,False,True,False
TBS adaptive diffusion topology alpha=0.01 edge=0.001,N4968,N4967,0.013060550030423293,1433,1275,33488.12694916855,0.0,0.0,True,30.0,False,True,False
TBS adaptive diffusion topology alpha=0.01 edge=0.001,N4969,N4935,0.13722609796761814,25,5,23.999999998959446,0.46159733312312157,0.4615973348648993,False,24.0,False,True,False
TBS adaptive diffusion topology alpha=0.01 edge=0.001,N4969,N4947,0.11634597038967406,25,20,23.99999996850024,0.4615973348648993,0.4615973348648993,False,24.0,False,True,False
TBS adaptive diffusion topology alpha=0.01 edge=0.001,N4970,N4917,0.18321162175906805,34,2,30.536794864803745,0.4384247707186948,0.43842477338444785,False,30.0,False,True,False
TBS adaptive diffusion topology alpha=0.01 edge=0.001,N4970,N4948,0.1252658718285178,34,32,30.53679481169933,0.43842477338444785,0.43842477338444785,False,30.0,False,True,False
TBS adaptive diffusion topology alpha=0.01 edge=0.001,N4971,N4952,0.12701254681049196,1534,101,16751.676384426202,0.0,0.0,True,30.0,False,True,False
TBS adaptive diffusion topology alpha=0.01 edge=0.001,N4971,N4968,0.02674957388822901,1534,1433,16751.676163290445,0.0,0.0,True,30.0,False,True,False
TBS adaptive diffusion topology alpha=0.01 edge=0.001,N4972,N4923,0.19558590491008018,1625,91,8433.659921348437,0.0,0.0,True,30.0,False,True,False
TBS adaptive diffusion topology alpha=0.01 edge=0.001,N4972,N4971,0.013033280621369542,1625,1534,8433.65976405444,0.0,0.0,True,30.0,False,True,False
TBS adaptive diffusion topology alpha=0.01 edge=0.001,N4973,L2413,0.3332561487576739,15,1,13.999999999995964,0.4497110558489996,0.4497110827942976,False,14.0,False,True,False
TBS adaptive diffusion topology alpha=0.01 edge=0.001,N4973,N4955,0.13650713692303842,15,14,13.999999638320864,0.4497110827942976,0.4497110827942976,False,14.0,False,True,False
TBS adaptive diffusion topology alpha=0.01 edge=0.001,N4974,N4965,0.09120925562884256,1645,20,25567.647597868785,0.0,0.0,True,30.0,False,True,False
TBS adaptive diffusion topology alpha=0.01 edge=0.001,N4974,N4972,0.010830526477937748,1645,1625,25567.643657296496,0.0,0.0,True,30.0,False,True,False
TBS adaptive diffusion topology alpha=0.01 edge=0.001,N4975,N4949,0.16379262896748661,1724,79,2577.225784984069,0.0,0.0,True,30.0,False,True,False
TBS adaptive diffusion topology alpha=0.01 edge=0.001,N4975,N4974,0.006336477362907525,1724,1645,2577.2257527343318,0.0,0.0,True,30.0,False,True,False
TBS adaptive diffusion topology alpha=0.01 edge=0.001,N4976,N4919,0.22830918165824296,1790,66,3712.1647604722707,0.0,0.0,True,30.0,False,True,False
TBS adaptive diffusion topology alpha=0.01 edge=0.001,N4976,N4975,0.007930348565615104,1790,1724,3712.1646606256195,0.0,0.0,True,30.0,False,True,False
TBS adaptive diffusion topology alpha=0.01 edge=0.001,N4977,N4908,0.24900111706190234,1878,88,5738.6399148418905,0.0,0.0,True,30.0,False,True,False
TBS adaptive diffusion topology alpha=0.01 edge=0.001,N4977,N4976,0.008596933089327546,1878,1790,5738.639757553453,0.0,0.0,True,30.0,False,True,False
TBS adaptive diffusion topology alpha=0.01 edge=0.001,N4978,L1849,0.3734933132464179,8,1,6.9999999999998375,0.42887985755307134,0.4288798575704893,False,7.0,False,True,False
TBS adaptive diffusion topology alpha=0.01 edge=0.001,N4978,N4896,0.26488754035139134,8,7,6.999999999832551,0.4288798575704893,0.4288798575704893,False,7.0,False,True,False
TBS adaptive diffusion topology alpha=0.01 edge=0.001,N4979,N4939,0.21358401403160682,1959,81,17097.248285379927,0.0,0.0,True,30.0,False,True,False
TBS adaptive diffusion topology alpha=0.01 edge=0.001,N4979,N4977,0.008125059469458339,1959,1878,17097.24783592468,0.0,0.0,True,30.0,False,True,False
TBS adaptive diffusion topology alpha=0.01 edge=0.001,N4980,N4933,0.25775027159092134,2007,48,2958.432749499289,0.0,0.0,True,30.0,False,True,False
TBS adaptive diffusion topology alpha=0.01 edge=0.001,N4980,N4979,0.040090539033633986,2007,1959,2958.432648354575,0.0,0.0,True,30.0,False,True,False
TBS adaptive diffusion topology alpha=0.01 edge=0.001,N4981,N4888,0.32922634833831965,11,8,9.99999999985293,0.44049328507811536,0.44049328507811536,False,10.0,False,True,False
TBS adaptive diffusion topology alpha=0.01 edge=0.001,N4981,N4942,0.265623418911892,11,3,9.999999999990838,0.44049328506601626,0.44049328507811536,False,10.0,False,True,False
TBS adaptive diffusion topology alpha=0.01 edge=0.001,N4982,N4943,0.26343197793944295,2063,56,33055.53970979713,0.0,0.0,True,30.0,False,True,False
TBS adaptive diffusion topology alpha=0.01 edge=0.001,N4982,N4980,0.022147811126382557,2063,2007,33055.5387136719,0.0,0.0,True,30.0,False,True,False
TBS adaptive diffusion topology alpha=0.01 edge=0.001,N4983,N4927,0.29614818545407834,2094,31,3110.126560695778,0.0,0.0,True,30.0,False,True,False
TBS adaptive diffusion topology alpha=0.01 edge=0.001,N4983,N4982,0.006531600868574717,2094,2063,3110.1262585429668,0.0,0.0,True,30.0,False,True,False
TBS adaptive diffusion topology alpha=0.01 edge=0.001,N4984,N4937,0.2951624699321249,2141,47,1515.3655438924407,2.1040558383406304e-300,2.1040929810709855e-300,True,30.0,False,True,False
TBS adaptive diffusion topology alpha=0.01 edge=0.001,N4984,N4983,0.012495578473347774,2141,2094,1515.3655079231844,2.1040929810709855e-300,2.1040929810709855e-300,True,30.0,False,True,False
TBS adaptive diffusion topology alpha=0.01 edge=0.001,N4985,N4957,0.2490495586992139,2184,43,9210.511795398359,0.0,0.0,True,30.0,False,True,False
TBS adaptive diffusion topology alpha=0.01 edge=0.001,N4985,N4984,0.012110257380856249,2184,2141,9210.51109883424,0.0,0.0,True,30.0,False,True,False
TBS adaptive diffusion topology alpha=0.01 edge=0.001,N4986,N4969,0.19742350444779438,2209,25,3935.248739263214,0.0,0.0,True,30.0,False,True,False
TBS adaptive diffusion topology alpha=0.01 edge=0.001,N4986,N4985,0.02659418322727069,2209,2184,3935.2483478744493,0.0,0.0,True,30.0,False,True,False
TBS adaptive diffusion topology alpha=0.01 edge=0.001,N4987,N4960,0.2803852689108089,2242,33,10197.912768084916,0.0,0.0,True,30.0,False,True,False
TBS adaptive diffusion topology alpha=0.01 edge=0.001,N4987,N4986,0.01785351159845543,2242,2209,10197.91204496118,0.0,0.0,True,30.0,False,True,False
TBS adaptive diffusion topology alpha=0.01 edge=0.001,N4988,N4944,0.34221331303329444,2273,31,1032.580580530809,6.760800237117335e-198,6.760960516836875e-198,True,30.0,False,True,False
TBS adaptive diffusion topology alpha=0.01 edge=0.001,N4988,N4987,0.00374079901781587,2273,2242,1032.580531798107,6.760960516836875e-198,6.760960516836875e-198,True,30.0,False,True,False
TBS adaptive diffusion topology alpha=0.01 edge=0.001,N4989,N4956,0.30661760112637404,2310,37,3366.271990386138,0.0,0.0,True,30.0,False,True,False
TBS adaptive diffusion topology alpha=0.01 edge=0.001,N4989,N4988,0.0022326691743573715,2310,2273,3366.2717205754866,0.0,0.0,True,30.0,False,True,False
TBS adaptive diffusion topology alpha=0.01 edge=0.001,N4990,N4928,0.3705693343328788,2334,24,568.1019088540695,1.1674678103031155e-100,1.1674880147442036e-100,True,30.0,False,True,False
TBS adaptive diffusion topology alpha=0.01 edge=0.001,N4990,N4989,0.0038425753506412526,2334,2310,568.1018724545225,1.1674880147442036e-100,1.1674880147442036e-100,True,30.0,False,True,False
TBS adaptive diffusion topology alpha=0.01 edge=0.001,N4991,N4970,0.21669808710206587,2368,34,10525.00694851013,0.0,0.0,True,30.0,False,True,False
TBS adaptive diffusion topology alpha=0.01 edge=0.001,N4991,N4990,0.004669580635026282,2368,2334,10525.006073725655,0.0,0.0,True,30.0,False,True,False
TBS adaptive diffusion topology alpha=0.01 edge=0.001,N4992,N4964,0.28400621048140623,2396,28,3271.6025705742777,0.0,0.0,True,30.0,False,True,False
TBS adaptive diffusion topology alpha=0.01 edge=0.001,N4992,N4991,0.002878772366251086,2396,2368,3271.602468587365,0.0,0.0,True,30.0,False,True,False
TBS adaptive diffusion topology alpha=0.01 edge=0.001,N4993,N4926,0.39376520952266075,2431,35,3304.3015708162225,0.0,0.0,True,30.0,False,True,False
TBS adaptive diffusion topology alpha=0.01 edge=0.001,N4993,N4992,0.007099462327560981,2431,2396,3304.3014001761812,0.0,0.0,True,30.0,False,True,False
TBS adaptive diffusion topology alpha=0.01 edge=0.001,N4994,N4959,0.3741057239633153,2451,20,4058.3308952651396,0.0,0.0,True,30.0,False,True,False
TBS adaptive diffusion topology alpha=0.01 edge=0.001,N4994,N4993,0.06751086554727564,2451,2431,4058.3304421114735,0.0,0.0,True,30.0,False,True,False
TBS adaptive diffusion topology alpha=0.01 edge=0.001,N4995,N4973,0.34272440804080795,2466,15,2285.9484555682907,0.0,0.0,True,30.0,False,True,False
TBS adaptive diffusion topology alpha=0.01 edge=0.001,N4995,N4994,0.0725429781119966,2466,2451,2285.94804138118,0.0,0.0,True,30.0,False,True,False
TBS adaptive diffusion topology alpha=0.01 edge=0.001,N4996,N4930,0.5228764639056477,2481,15,3457.63323631989,0.0,0.0,True,30.0,False,True,False
TBS adaptive diffusion topology alpha=0.01 edge=0.001,N4996,N4995,0.002406117606969216,2481,2466,3457.6326494528644,0.0,0.0,True,30.0,False,True,False
TBS adaptive diffusion topology alpha=0.01 edge=0.001,N4997,N4981,0.3941189410903938,2492,11,28878.981493749383,0.0,0.0,True,30.0,False,True,False
TBS adaptive diffusion topology alpha=0.01 edge=0.001,N4997,N4996,0.15001140471666685,2492,2481,28878.96682186448,0.0,0.0,True,30.0,False,True,False
TBS adaptive diffusion topology alpha=0.01 edge=0.001,N4998,N4978,0.6265066867535821,2500,8,14953.849019772226,0.0,0.0,True,30.0,False,True,False
TBS adaptive diffusion topology alpha=0.01 edge=0.001,N4998,N4997,0.17160192087788206,2500,2492,14953.83680578093,0.0,0.0,True,30.0,False,True,False
