gene,mode_32,mode_33,mode_34,mode_35,mode_36,mode_37,mode_38,mode_39,mode_40,mode_41,mode_42,mode_43,mode_44,mode_45,mode_46,mode_47,mode_48,mode_49,mode_50,mode_51,mode_52
FCN3,0.04817494660810181,-0.05660492421134347,-0.019021152026315616,0.06248989877461718,0.021605876416540208,0.10104076966672308,-0.10788075952704444,0.026340544273096157,0.005963824656460502,-0.2175948071133048,0.051286114283096824,-0.004380430572674407,0.027271348552271486,-0.055259557675144136,0.0032736302810617585,-0.009887769327669304,0.1191653831100938,-0.16154864204181293,0.08360079976151083,-0.06420920892051482,0.04083678476379269
TTC7A,-0.06312494792892698,-0.05495363226410475,-0.02033676959471637,-0.04429829146484844,0.018662120827821236,-0.03517240293905945,-0.11621777774082985,0.011216313466519214,-0.0471194881590268,0.05773896382178938,0.011607728175041219,0.027715820762803427,0.0380098568490078,-0.021200987236123507,0.008237616441972545,-0.033013830497757905,-0.0768294869884267,0.006895909252763955,-0.07035772076960277,0.023661852864470104,-0.08062712918498674
MASP2,-0.04312212889362176,-0.020693016813870056,-0.03835907926618393,0.006928199049857923,0.007258079503249765,0.04456901097168885,-0.06643485674927868,0.020084609510666828,0.0107877831149158,-0.003712257767801356,0.011186011215395626,-0.026856344245362023,0.03707548221341924,-0.004839634744129237,0.014570837497039612,-0.041632636931162974,0.05036554663996276,-0.09646586685036562,0.017593638502020777,-0.029166591653502938,0.04014570805979512
RNASEH2B,0.024833190799452568,0.16967872005654103,-0.2553905932713722,0.13114835529298585,0.1803190710534997,-0.028841819286983972,-0.06510873118029896,-0.21360026983259311,-0.08726668497984612,-0.04360805853071351,0.047693522488495094,0.005031882869011773,0.10270207082629157,0.07080957088630177,0.05455786548858518,0.004825216224431161,-0.09308434550536433,-0.05073690339555046,0.1146231558826479,0.08416756133506176,0.025814139429392525
CARD14,-0.05898232726363649,0.015652510784592358,0.024815129046766606,0.03191637066997133,-0.0018946354548098226,0.0024027775519801053,-0.014759142957490923,-0.0031363974237406983,-0.04848119477912921,-0.042733938988360254,0.0714200046783109,-0.06032299129748506,-0.01157051597917449,-0.01255006488681419,-0.013016344760641193,0.026514167141236507,0.007340071918691983,0.02787585747812895,0.04370959278005717,0.00299273730912032,0.00408202322957823
C8B,0.004020582187376616,-0.11601273329458664,-0.1055725002311618,-0.05367363204317067,0.2474670853450571,-0.07272902454350612,0.14585964078728847,0.24440270601425482,-0.02705376029650663,0.09939413265904491,0.12575590447597224,0.004587204192725839,-0.05261906648656224,0.038832933377031795,-0.05914103156724645,0.10480838967843867,-0.07425731331725964,-0.04486697135369614,-0.005942407174156543,0.058191934901373754,-0.04635191675622097
IRF8,-0.023817858344198167,-0.006417626804869657,-0.07033653210706672,0.046006303154725675,0.050017030385370226,0.0855977836065612,0.020594325492350442,-0.020952758685279668,0.053938211122497914,-0.0773687973856698,-0.03181702549683243,-0.007611057986037815,-0.07631953362463319,-0.023375500161158656,-0.07265844509846195,-0.01485873486860149,-0.005007522742760008,-0.10793018594185863,-0.016701112679637576,0.015521292252914029,0.0039062041831709996
FERMT1,0.12179427362536906,0.0022092712807458034,-0.020039486685063904,0.06323591196974836,-0.09828986856752266,0.14632959092504405,-0.12961286218473622,-0.05787780173561093,0.05416198078899609,-0.10889595204965861,0.0401131633982076,0.01913772499600928,-0.06694588713334827,0.01978328120370093,-0.04710669373210995,0.08084940027142724,-0.009594610057018439,0.10071478331334252,0.17424420013538564,-0.06092175183167523,-0.02681565173283801
SH2D1A,0.016484526526403444,-0.00982918875555289,0.003089506114436838,-0.030110664336710263,0.008249856650805739,0.004992336637380904,0.0050583810221409954,-0.04889906195719069,-0.04980347592187564,-0.027003876588221228,-0.019025831189801015,0.008328296531973381,0.014041958449833936,0.025288952541650814,0.014378481851326175,0.03810154787630892,0.02363328530717418,-0.0036925047307501194,0.00498131363913539,0.0034229477070645336,-0.006603729372965605
C7,0.05039578053378783,-0.11543490935931411,-0.09695226010251931,0.028845208916573665,0.17564094003713876,-0.14600607890172618,0.1909354138247117,0.2595510224200404,-0.043747529219040245,0.2216909205420634,0.09177901301290563,-0.006043459033892984,0.07252323449299977,-0.1452946046054761,0.03989155729121756,-0.058621835483179,-0.028031952833681564,-0.030587811655312644,0.06100460860964817,-0.045030705422310496,-0.07574360941749506
IL10,0.015081383031662895,-0.02155893407530716,-0.04274721198529084,-0.0315369931779007,-0.038289787883219614,0.014576279063902077,0.06566450553378815,-0.011510270224444433,-0.003089636343050472,-0.07112282131239359,-0.010916591130887809,0.1690080435966867,0.08516351429717506,-0.0904987413263333,-0.023177778927760136,0.08376704475350379,0.044710025191464074,-0.027197114042467784,-0.07242831849664792,-0.060780218886880316,-0.05701140502958095
IL21,-0.05504754110460038,-0.04573695475827165,-0.03660645869082897,-0.1853004730637874,0.14191442615752298,0.09143250952089332,0.0451170582702592,-0.10340479858871963,0.020764235645201114,-0.03556176590926187,-0.1100752029199435,0.08640992690680234,0.048256846257190365,-0.11679829253681091,-0.07223796561900384,0.026633283896534788,-0.002574401525265558,0.050532004515670435,-0.05280018246041357,0.13493672839165555,-0.040791637315534
LAT,0.024530431062915685,-0.06959735615929899,0.0766917618319365,0.07182007123278106,-0.08872560541061167,-0.02648156351263489,-0.02389912706568869,-0.08301734811174705,-0.0002836451282834125,-0.001349099125768268,0.04995411756045128,0.09755736705664637,-0.08803429824149332,0.192985821812719,0.10495623985411823,-0.07526876478499209,0.1458681776673043,-0.0452996867754116,-0.05302547254547268,0.12814280172865622,-0.1928291398520651
C2,0.1964029389848615,-0.11217891793925372,0.07831874965428738,0.13757510067672374,-0.19144905695773332,-0.25613481258988724,0.013607796811208444,0.029322654641214967,-0.1312577952098931,-0.25628130942577326,0.0026795119479673616,-0.2501054781787737,0.039544091308508215,0.020448149375962857,-0.16212026877986818,0.020315959956625353,-0.24248452191076514,-0.233637381066103,-0.05072829919000339,0.00823157349853582,-0.21237742508049587
IL10RA,0.05122194432099717,-0.029763107500773107,0.0054140236817199925,0.050309924191981485,-0.13651607834125296,0.020308691381726137,-0.042981037806804546,-0.018468181784461725,-0.018461507148208142,0.05784778614720858,0.033562183577770285,0.12880179779387507,-0.002453327767629139,0.13458890184359887,0.13086695587781147,-0.013745002597694967,0.07653310978603799,-0.06186207521766783,-0.082435636167474,-0.023650906160216357,-0.15493594377420628
NFKB1,0.0050949909691557806,0.031217394864006494,-0.0141192249123955,-0.0021283794531413197,-0.01405368432300865,0.00952723715809116,0.04452548287193338,0.014074308515905968,-0.12521281484923777,0.025537894644187965,-0.038367583794542484,0.036434331804042264,-0.04679442577707241,0.015504367790076249,0.03759839666968121,0.06657263130301118,-0.023510174337743356,-0.006397548341891022,0.027098748377998402,0.00025651313424307075,-0.03454176957935141
COPA,0.02027413778374612,0.006525014750911354,0.030437349967432217,-0.00838414358011165,0.07160725983783425,-0.042050784662970034,0.030670732159701813,-0.06817797775682004,0.04734197449694769,0.026890261174108893,-0.02610113010548257,-0.056096779064992705,-0.06812141896525306,0.006013202033263289,0.0282605418165525,-0.12105582604005262,0.19852619810439118,0.005873767914147143,-0.012455531031160013,0.010622636615976977,0.004436499732990049
STAT1,-0.0026859134307553327,0.03869315554256934,-0.03523190708494044,0.04371980969663383,0.004432464999667639,0.060591256301870344,0.023850085374527437,0.019276587598733692,-0.023896113279792356,-0.005493046549889972,-0.09752645588079602,0.03007165627119488,-0.03458766929711168,0.030059413587256018,0.0030890163764370204,0.002381524727809337,0.007991964995737856,-0.06639862543520719,-0.04790108279936448,-0.05263227938128285,0.05916671802968178
CIITA,-0.032910098152620304,-0.008701836300893113,-0.12300498837969284,0.08007253169580826,-0.06906380890011031,0.09235290718454821,-0.0019639496562369285,0.026657152071568244,-0.060523440347081646,-0.011129053998731812,-0.05791133738539977,0.008883290355482572,-0.008563864476367285,0.002577109871103373,-0.09246841958216175,0.052973921592462336,0.0773591591173074,-0.015501268398900106,-0.01596966404225574,-0.033002942384620336,-0.023344565457045295
CFHR5,0.05137429411909489,0.03859106614431611,-0.0223539998071059,0.07290573886464238,-0.0036626762832035484,-0.022084515677176737,0.08941173920291128,0.0246978618308856,0.004055592736190072,0.03333279620995843,-0.008960900790884655,-0.05985403289252771,-0.03542330911324162,0.0012364934782541851,0.005608628446822854,0.0015304073010021797,0.027726859718783022,-0.03634251019531626,0.0017625894437997135,0.0020527499284248435,-0.06349725083465636
TRNT1,-0.05585796045092875,0.015190994236953024,-0.005168919177480781,-0.023160599603906745,-0.06327568649351477,-0.015295053615398945,0.007247596618986098,-0.00783848865649081,0.03943516814523142,0.01999584767877092,-0.06535199805364574,-0.01750644900269772,-0.052167511963094694,-0.008534205156646246,0.008837726749549708,0.028689587996966862,0.00251817158072587,-0.02469606388605003,0.03933061311841666,0.016008790587394232,-0.029500202813528244
NCF2,0.03860085888547594,-0.08754807648475128,0.06361441829656565,0.04513786028080319,0.019149123811464958,0.1282412605077747,0.009373653207387993,-0.14488223322879973,0.02706394924110351,-0.01609305494896274,0.03436414159744502,-0.06304079513493531,-0.008768699183241717,0.026127371474306802,0.12001069519919039,0.07495315509531308,0.03199820247904337,-0.034836709791067,0.04297102186871141,-0.0006482568818427077,0.018372043832443796
CD40,0.07218671662425967,0.023270132847420768,0.0186690100581637,0.013692787415495487,-0.02476904914122255,0.06346425961359964,-0.03141058672103173,0.09361928365194679,-0.05718089186199803,-0.029935505363933322,0.08368884832525167,0.051455688510005974,0.04849543873274151,-0.026333998968122385,0.010729877947259244,-0.06562122085963051,-0.08543756187734348,0.01285239902126262,0.008074914725227679,-0.03699703742512882,-0.04643545249497454
POMP,-0.02619135201844041,-0.022730386682050702,-0.04213561599498833,-0.07448116612713745,-0.028351923102786888,-0.07281081042825993,0.006870783161469313,-0.010515148437143115,-0.03025324389975283,0.019749973668772274,0.012434652136116192,0.003439930332086789,0.030856133763123093,0.002378996058202177,0.016942639800880104,0.0073546187011081935,-0.033647145091579435,-0.021261053406520986,-0.012241054659354045,-0.02572004677879927,0.039601383854088165
PSMB8,0.04102057818278835,0.050188510357304275,-0.003641159805609578,0.024944503805181126,0.02347131811910577,-0.002189211305929193,0.019635278806124524,-0.019486484114856595,0.001775429574699718,0.0015980986230037027,0.015559803676265315,-0.004527012942420584,-0.037455030889301244,-0.02431544087453579,0.006093366999284985,-0.023475342610420204,-0.07840737484871653,0.06142985435875047,-0.04608414533047116,0.08353232277336817,0.0031348167686713704
PSMA3,0.020300966000842142,0.02843664303228186,0.023135881073259687,-0.027022790923897956,-0.008702309913285054,-0.004231667610285789,0.04153366220516932,-0.007337363233626691,0.01558853165007291,-0.051483094019810396,0.05358611895936633,-0.006927987834257839,0.01219386680816927,-0.004125038515270743,-0.010388976834089415,-0.004747036614419236,0.013165174026991844,0.021490662243158282,-0.05400275722708689,0.005990378615015321,0.014698524507768339
POLA1,-0.014731362102290223,0.015371127355851312,-0.031299646975827496,0.010161086969526584,0.039657971148337245,-0.03340215262400114,-0.021469422094933705,-0.007219686123846733,0.10039717509229924,-0.04837048148625308,-0.07386923790353685,0.01694930865013688,-0.035933052402508006,0.04919874808744367,0.06576359700794437,-0.020883927025896983,0.00535127561817386,-0.04030380119939709,-0.027207249109747946,-0.03075063599794929,0.03706740632325176
C3,-0.001072924409575766,0.01198027654141777,0.02234974525784012,-2.0907742091605036e-05,-0.026632884946044242,-0.046358717306452905,-0.0033199373401576106,0.01257623471172312,-0.009527970806456693,-0.03338917382590747,-0.01794454696015297,-0.007971016199042186,0.00697844961800923,-0.0021212779699744575,-0.036940275529627094,-0.00048757061596777803,-0.018935017070731565,0.02289315438401405,0.01980476637637185,0.025211557583726365,-0.012979018537121256
MAGT1,0.13255325447332164,0.050655247393375874,0.015444775265835884,-0.007804302518287521,0.0025996653383863052,-0.010309797035094754,0.05290210767658938,-0.007068617525104173,0.031571247915461204,0.023971320978813968,-0.03869371854168796,0.01031621331833144,0.04155344688593899,0.046524064369018805,-0.12629575647920968,-0.05211273329609727,0.1168260745615471,-0.010591741696836413,0.051105509916540545,0.07103044409224404,-0.0560336764496624
CFH,0.0020727037651493167,0.0474786794098929,-0.02900730306064974,-0.018127463424977702,0.0007074537189113352,-0.008439153239901461,0.02618857444998592,-0.005150017246049632,0.018207912901935793,0.009188950993970532,-0.011831271453903884,-0.008788124895063212,-0.008973867456181818,0.01340343554476888,0.012327414473709827,0.00294294294382802,0.0016548140437266602,-0.023012763459065645,-0.0006848782704807744,-0.00011413884910167472,0.001276334807709802
DNMT3B,0.04543209167917979,0.04656447436114409,-0.00020496927958322465,0.078506155676571,-0.026714226944083038,0.00642419347560752,-0.011053778150949128,-0.025432913617635045,0.0798756891715659,-0.01171823612740406,0.03708304811240524,-0.03727491040326127,-0.01681070550482588,-0.005258522365218581,-0.028152245728821225,0.042561417838921346,0.03887363424200899,0.0023726358151002214,0.01750521484553606,-0.00243019106246467,-0.020188389199604424
NLRP12,0.1194162404697613,-0.034719084017794416,0.05240089768470398,-0.0002624961779845072,0.05031742662339009,0.00044630646399394336,0.09607787760463693,0.04918943919751203,0.028184636921881532,0.0735896416112101,0.022372334606607105,0.07776445317655283,0.014039355909220338,-0.0821954085235419,-0.07352744790973487,-0.0007243198035149607,-0.05942545220525932,-0.06903192990842219,-0.01397902471372015,-0.08010385156767261,-0.030610465108879728
STIM1,0.07312987682287966,-0.0023208775839010662,-0.024603946619140917,0.001342663575373348,0.016742138810423666,-0.02311031006654407,0.08841696901548647,-0.054899545396717486,-0.05920791416471316,0.05574353767319514,-0.0028065869776326725,-0.06226981139976821,-0.0073747659397905415,-0.06952376992395902,-0.005915495214134434,-0.053029624573664336,0.03061373841163284,-0.05870485606045952,0.0014804376866107292,0.024518713787594786,0.03958162125442488
ORAI1,-0.00563556875081797,-0.019949769757480116,-0.01292934574499797,-0.02730608995193258,0.12375135413931038,-0.010445433966585023,0.0223228927281849,-0.028695253016240246,-0.013517303908163998,0.02032119886687886,-0.034250280456348065,-0.08035925938677958,0.014075004758986534,-0.040987153615035174,-0.04675932198067874,-0.013323686317699947,0.0897359529737808,-0.0554661376716151,0.04159233300413114,-0.036570441159777346,0.012207965206055266
WAS,-0.07426597411108711,-0.014934835841672964,0.02967217912985897,0.006375304545618037,0.01962973565712496,-0.007759860414164241,0.04238644545117482,-0.023720195308525042,0.04501169249802029,-0.10346034860077723,0.009111907587250587,-0.014576287978891985,0.005912477643905533,0.011392723176957081,0.010156506675036621,0.01244263270184362,0.009549849836815703,0.01567936164446804,0.05321972661703718,-0.00014425184952580685,0.023260033815503955
ANKZF1,0.09858736780070626,-0.04782600477005731,0.11032268256347473,0.05867233452120544,0.015373086028364862,-0.011583941911613762,0.058838928974648944,-0.09737741064862421,-0.1404503105721824,0.08615212014052326,-0.09412018604381363,0.016821583822541945,0.04117023467415285,0.06475032413682019,-0.0075983858642952855,-0.13667957679584,0.010316372398495737,0.09180392235005556,0.07555916891730353,0.032696093521562795,-0.06498906657030266
PLCG2,0.06447427373377622,0.0035970156013564866,-0.004359632016408927,0.010233075602210255,0.027465692930350918,0.0181835108777264,-0.006437260008327361,-0.020003126078543338,-0.028585825794702195,0.0026830655386311216,-0.011909479758542002,-0.04397858512331219,0.02333604295977502,-0.016974062335236722,-0.013534397935566747,0.008447766142877582,0.0583208651562241,0.033103036838653024,-0.01768904600548222,0.0037859822463250314,-0.016448422988902967
ADGRE2,0.0745463119223358,0.034556163249078085,-0.08107149584198253,-0.09323948678883037,-0.0959504891840157,0.15891997804139144,-0.03361063487440756,0.03361403805056322,0.07477697609785697,0.11711271216716589,0.06949249957161463,0.0492681985980369,0.017768586913523808,0.03278099149327302,-0.013966121024332768,0.020237413919080488,-0.06528188083262547,0.14182034135664373,0.0533967771495732,-0.05358506886245322,0.16530682156393522
G6PC3,-0.0652516282410764,0.11961442027411408,0.055565723950737,-0.024470332405906303,0.003333409760587034,0.059254358866864545,0.01274741608771427,-0.026143444292877998,0.07360372530178345,-0.041609933376485865,-0.053647130806384946,-0.06697171424792916,-0.04000349255646945,-0.0365193496505095,-0.029210808826456443,-0.039721685587635634,-0.07841049421815183,-0.0002415775026272549,-0.02968165356949729,0.08193629724953613,-0.02555643690834786
IKBKB,-0.04225253721890457,0.007332184745613696,-0.08677961029995043,0.02160945215254033,-0.027890013075239743,0.04056938566123233,0.05922474904899328,-0.004017112709406422,-0.07953983584965651,-0.006039678218166188,-0.03874344907507566,0.10396865329658925,-0.06270762762458006,0.018642677702449876,-0.043821100994833564,0.009606164831073018,0.004103107659280641,-0.03550371330651533,-0.007927354734036555,-0.036199296217706775,-0.03385166463079209
C1S,-0.017254122126358153,0.045097905490376136,0.025871061586952737,-0.06914636212097902,0.06924921898245065,0.16154509524861685,-0.10692038874561959,0.029781671107534192,-0.033906227721648356,0.07758473587429086,0.00038455332161319353,-0.05753690894233906,-0.002125614120380708,-0.00901944508607596,-0.04263893045920118,-0.08243143029574278,0.06455548060010957,-0.20025485819767921,0.04946603764172581,0.04438602694495164,0.05811006038773391
TPP2,-0.038072670636259145,0.014960082707652846,0.010741410366154582,0.04224134388760342,0.013666722682367629,0.02210850556925936,-0.021414675881862726,-0.0242994992815461,-0.0033244241029389294,0.008608069004158109,-0.024300430360393064,-0.016384820829785072,-0.016327960818494847,-0.032851013882558726,0.029144762908655256,0.0009361963645554434,0.0052049328634494445,-0.03988746393068892,0.002710946229231699,0.013700049903361622,0.010951894319624171
HPS6,0.041009121376496004,0.12407727972239024,-0.046031427314640896,0.061089436655598406,-0.06595657680553194,0.03860512697967998,-0.006027654997648996,0.05971869925841847,-0.05250684142869511,-0.054883677808276854,-0.13235376888887035,0.03901653064364515,-0.004054607931181519,0.014974895022744378,0.10381278816641075,-0.03382560549887002,-0.035060394134236235,-0.03857505411167318,0.030791286910812416,0.08748656115765095,0.051963600484503714
PSMB4,-0.013135275579011927,0.010697682152434,-0.027031883456156907,0.008214648025382989,0.010541979488143591,0.007738494802373345,-0.0024165675939700417,0.003128509924553684,-0.0007209246865914592,-0.01590185115320951,0.01758103950793735,-0.012874047340828816,-0.01088025336741064,-0.009611408500412349,-0.007193050664863029,0.027921124037074474,0.009575863415098466,-0.00044061023530201173,0.0033110016238618646,-0.009166914415414073,-0.005063545064673418
ADA2,0.009201286486523822,-0.059742417868847694,-0.0005188758704683392,0.06792755148031328,0.0035774859146286116,0.007241491429047663,0.004106319938324574,0.01603430073792061,0.01796717240275108,0.016029339823986143,-0.015628995192444612,-0.061050574566380515,-0.0006212562812195237,0.006088493159736988,-0.0427393674292792,-0.04871381401853906,-0.007910652767394137,0.053574976564983494,-0.0328129547481947,-0.016242508376296923,0.04589465219524096
BTK,-0.05902791554138595,-0.010740810899943685,0.06293243898036395,-0.04556252275267149,-0.04733661997240238,0.025752794585112582,0.037213949071066496,-0.02305755902023326,0.048444995401119795,-0.096286077385246,0.023619506029243915,-0.038083204669895086,-0.023826932579812787,0.002613451636263415,0.09802592469708914,-0.05347370213142865,0.050719636840994876,-0.04264636870884035,0.10859552843011874,0.05465343869951945,-0.05654352910833058
TNFRSF13C,0.032915955061867876,-0.026244066539188086,-0.04247303158363877,-0.09936579271128224,0.026146305482316515,0.051928211540376114,0.00043431338338928844,-0.02600534424797316,-0.028512967381809508,-0.03050971203360894,-0.04547610253064869,0.04430074833544041,0.05478157924359438,-0.1331003597193407,-0.05254002577285132,0.04378833414897924,-0.02877084051764918,0.01974060256068494,-0.03025529549192064,0.030869478434196823,0.06623497188702174
TNFRSF1A,-0.08139577508222608,-0.05018897901063197,-0.0009043615256209532,0.03298866934037234,-0.0025689013724815384,-0.0362355785198785,-0.03820936840469331,0.01114692076669044,-0.0807422530422567,0.017992352230939184,-0.004829302954103892,-0.036649448729130854,-0.030586042505427697,0.03444390053379646,-0.03696047692890904,0.002762094011880716,-0.02258939144236777,0.12132270519297118,0.04370758551863298,0.0040698277497563514,-0.034070209109812566
CD55,0.011863211576212503,-0.01323028196978615,0.03258845060420949,-0.02265328185282362,-0.011495238275771529,-0.15800352816822447,0.09274593902374688,0.01932923518255198,0.03685080021191969,0.007879806213657142,-0.04811925413656042,0.03611887324165086,0.004819124100982257,0.03551853694824022,-0.1589518035467302,0.06785138180297201,-0.04011347666275996,-0.0031817871751771646,0.11869125247101932,0.08738265421383684,-0.037844307750690476
ZAP70,0.03490490040073533,0.0014953302827612764,-0.02311847002671639,-0.012405560813341546,-0.005977845797010208,0.015378663568332427,0.013435952461954677,-0.042783994826284574,-0.04430752277490242,-0.002150270889492831,-0.02490111989002322,0.006919107052978822,-0.006386419069848747,-0.01876871841119748,-0.007849947580548057,0.02500207333611382,0.023332656879050895,0.006947228408085383,0.00032930379785806334,-0.010485909477841235,-0.025059006124276112
IL1RN,0.028747123219157407,-0.012483101106873312,0.005430966671620714,0.022819387401985018,-0.0046027752250759725,0.007146916738689397,0.10014453475413017,-0.060077345268433086,-0.02473002353469119,-0.08206834760143773,-0.014054390151834921,0.02785801515907145,-0.003510645741991207,-0.04800882353202455,0.02944293116604822,0.01790386102438977,0.04545867181106993,0.0189338881040546,0.02699479304264755,-0.047505352236121796,0.03596035022894576
WIPF1,-0.12112391704115888,-0.04832610018932503,-0.004809139052545666,0.0283567679405638,0.0401947542396817,0.01449388909185658,0.12947011305521766,-0.04904413941868066,0.052461878423086986,-0.054063498755153344,-0.00682754596143648,0.006085468052448852,-0.018304439628719926,0.04311473121864476,0.030586792061810242,-0.06366157458509823,0.01565892434611637,0.0324800090593176,0.09976028445192428,-0.060412194245011076,0.06770294330658903
ITK,-0.030687202362067796,-0.02000017203462599,0.01532925378854208,-0.03965318645754618,-0.025070540810019883,0.0008840302420711286,0.02400230721304572,-0.014017334404196996,0.00739935125826818,-0.06648447894318418,-0.011679332774551352,0.0012340760141169515,0.0031837157068426783,-0.030858291140571814,0.01692656417775296,0.005736452511150113,0.012668901875115976,-0.0065688248537055195,0.041951299077197884,0.017664818887834978,-0.003914475616385089
RFXAP,0.011012810542985123,-0.1893047465967619,-0.04555195917220334,0.2151126081601184,-0.04796000450989649,0.14243126050133645,-0.09289383478083812,0.11951202701937969,0.1359190753386777,0.101220794678372,-0.015048367925591794,0.01902701412218282,-0.028722878705853334,-0.09859253872168967,0.017514307438174573,0.005728682517390048,-0.04285656463584791,0.017326815446480393,-0.11873842226782473,0.037616706968623737,-0.0032563617785615596
NOD2,-0.015292189485861632,-0.033627496164662686,0.10885731492800939,0.022447434038092663,-0.01082757858392679,0.0017236511944563567,0.07885945751838513,0.017877015273329494,-0.037405140377619855,0.052581933341709075,0.0362052335164087,-0.013067619576550471,-0.022204767759780877,-0.02486115573878519,0.02547203496483612,0.0036277870345245216,-0.05987332428602303,-0.0015567662754326992,0.011877016740979024,0.04425917357632275,-0.01595212461500075
DCLRE1C,-0.024163194239241733,-0.021176122849303324,0.06539242959356607,-0.1290987915991477,-0.04023937290180466,-0.002456742793470031,0.053256507327628246,-0.0047187788745902725,-0.08519522422961295,0.003876447486499654,0.10029581777640628,0.042185810656469085,-0.027834861206272918,-0.041861419959151804,-0.08287566767863397,-0.07653321136977881,-0.017146544914144628,0.03521647061133556,0.01603986227182324,-0.06382652804423963,-0.026501705381050525
ITCH,-0.06595141595255624,0.03781416993952164,0.04879044420876757,0.0969407575983543,0.04305611954625082,-0.02592861758930388,-0.04291045858574537,0.04697166717533709,0.036304212939469595,0.018973324423928246,0.07132714681079201,-0.049898148121961784,-0.010600759342496838,0.02444733171474753,0.019273244728687668,0.0442667210626181,-0.023915430365073525,0.018785036579442336,0.027831104344725705,-0.002425996560831217,0.044985627002392586
NFAT5,0.03723369331039337,0.016643028376548307,-0.0064556548463933746,-0.021131512944914332,0.09799153314848895,-0.023364674962099128,-0.010667169432379862,-0.07092418451977509,0.10150747599802629,-0.0428459763760209,0.08086478927116793,-0.006251199051595228,0.08069357556829508,-0.04533124320736553,0.029853677312545585,-0.06622737076355004,-0.08977419427823091,-0.025440704957766843,-0.048056981594237554,0.01538925524579074,0.03539945861180118
PTEN,0.010479594123227087,-0.050353250970310494,0.026230246057872757,0.0011092153108558875,-0.027722914025365416,-0.1505017011612007,-0.11698568626419656,0.05345176295268973,0.04852237481732335,0.12338019530381403,-0.07310857297126806,0.017089426795945148,-0.0002943799784066969,0.024986317664430463,0.04961959864590812,-0.02353548488137194,0.026948266077961937,0.06148927613610047,0.00967591179567592,0.022446430113276773,0.007537190219569946
IKBKG,-0.04379541925928214,0.004487001335500075,-0.04797432393438234,0.01683307001928413,0.006500659362091156,0.01049213672286013,0.04075929799789803,0.005803077986044529,-0.03631580485130018,-0.004810497142000702,-0.03466788793730555,0.05078551453796779,-0.047408705111079655,0.014886435676544496,-0.02655989456651562,0.05365551581773701,-0.004860690513329429,-0.011542582990627185,-0.012373221277226636,-0.006583193479710985,-0.009564089908264262
LYST,0.09459111718072459,-0.034810905738367676,-0.023066176674616534,-0.035227373547320036,0.11668656321676055,0.017389150634847087,0.01789438230442043,-0.06192786948539902,-0.04117523119911491,-0.05355057485114715,-0.0449620010122362,0.12347640694745181,-0.13238749459365212,-0.071046339181904,-0.0037650953629855795,-0.016385375741645402,-0.04783422855565016,-0.08654968117913846,0.03107745431506574,0.10109989994285638,0.057421306578339215
NLRP1,0.08012459908865767,-0.03863268009434996,0.06851967878919633,0.009154573952544208,-0.01615869492703985,0.03556057791447077,-0.003471232236910905,0.05914553379813474,0.062042576043186394,0.02780223475675231,-0.013484609509190256,-0.03130326414500022,-0.007510701411208655,-0.030145318952889712,0.06842388765989336,0.009491797900442524,-0.038516085853449455,-0.0341251820255255,0.05827935598519851,-0.0030155490987750348,-0.008599283811918008
CTLA4,-0.14514218685011177,-0.13358530417154538,0.06185204911804831,-0.013016658050700113,-0.0977917380688223,0.01649425650085022,0.12420367670210694,-0.07483099543138709,-0.020671966059763312,0.0932534002670242,0.25144705034620884,0.24923178582878386,0.10232965978930439,-0.08316255550076763,0.0546485736804542,0.2901320238084309,-0.024660001466252003,-0.1029600966394627,-0.09265087732524067,0.018033789535383312,-0.08831306657217658
RNASEH2A,-0.003896708241775587,0.12748703300024314,-0.23059856968424502,0.09907177703525075,0.1098141233317054,0.010551236352529005,-0.026292198216164183,-0.15238271232910852,-0.08176886921862438,-0.002935016648419802,0.062450146228061824,-0.010353453565929469,0.05677538110201599,0.0687112451223176,0.039711925446019,-0.0070860940757787585,-0.05160833630930047,0.03326899107363288,0.08212513053074219,0.0529992863470798,-0.004952887889253362
ACP5,-0.10564907276672046,-0.0654463442155687,0.011700076884854832,-0.024918919322758342,0.031848868655437006,0.06226614451086693,-0.07239315567788253,0.020718433619655596,-0.026637424631364547,0.05612041045364517,0.03984116093855459,0.07361555438649758,-0.0012788898157530147,-0.0009089111596464649,0.07011154543070529,-0.045586828319308735,-0.03429705331912475,0.0798646684807997,-0.07070317848089669,-0.0007069984602872613,0.01586775608643265
TREX1,-0.0055456709545757136,0.06597877064078615,-0.09369729651765331,0.01728156913034727,0.07905076017110388,0.005403746233049859,-0.04041038518556152,-0.11539187393909878,-0.0846120440542263,-0.009804557141757028,0.0017731208215131056,0.05962090571469254,0.015839545392638165,-0.021999033153653143,0.03926417543375683,0.012158541798966986,-0.024276603574152757,-0.0736861329116362,0.049877965443730986,0.1385710749925076,0.02076267874660808
CASP10,-0.007471542839507277,-0.05949696377799442,-0.010416874275190852,-0.0005994848493623113,0.005295880017415728,-0.011332309998462397,-0.03170945339299785,-0.01473157089375178,-0.0020389077551527727,0.03162990416737494,0.0010682174253534352,-0.055369667928750144,-0.023450207478137,-0.008705748756686307,-0.05150487081454234,-0.0004909589549512932,0.028394678987700518,0.03938346217774743,-0.04897946751112395,0.017711009578113113,-0.00419758968480671
NLRP3,0.07612427838074937,-0.009416783233928623,0.1086511539105106,-0.03882033356900847,-0.060566855867755946,-0.009500829552013196,0.09122780666123731,0.04193195761302035,0.07644499451597173,0.00913121211397694,-0.0665781727970086,0.03953243638716188,0.034356720256474974,-0.06698987516590231,0.10354995902071527,-0.016044645621301448,-0.005758759566139322,-0.026850478346582617,0.05841458664685558,0.02538773246449665,-0.012548647642746625
PRF1,0.0006228205685333884,0.09152292579517754,-0.06749520442760219,0.02782082289140674,0.006296239691339903,0.03742721881719105,0.050327048492126256,-0.014700323873716269,0.00816841027835134,-0.008497416900981441,0.019604525797965188,-0.10203692768908684,-0.039823378293442596,0.006700990898576407,0.12768130921966644,-0.008474621956627753,0.011497084272715662,-0.047425457981691815,-0.048828554169225026,-0.11015378431785616,0.01407256030609783
TAP1,-0.040755153529935355,0.10010534431264335,-0.028055442227092154,0.053945174421072675,-0.06887604400185891,-0.04304000714627192,0.03289711353321833,0.016883213376398178,-0.02828171487841701,-0.017973563548981913,-0.013539969318488,-0.053445567862174956,-0.014447030931868405,-0.017684057517313174,0.06994288879685095,-0.03386066376290061,-0.035699542037047394,0.05079922403901598,-0.011467882612056132,-0.004695599817087988,-0.005779326313714824
GATA2,0.019774594952002435,0.01878638255011475,-0.016341839443775822,0.025298548330847246,0.011028744496440425,0.057076673454977904,0.044666467596784803,-0.008006338710874899,-0.0018264669726835595,8.197253448966189e-05,0.03758329874220945,-0.004282493950757045,-0.05746207391096072,0.006303190644156939,0.002108943748268742,0.016834428673917632,-0.005962919410701655,-0.02035697210333301,0.025116133569854218,0.024834425960606532,-0.025620385242973016
ICOS,-0.003879357273635317,-0.026174824912351312,-0.022209699807945838,-0.005878409223903292,-0.04419488608911303,-0.025777096573836707,0.014314200889606268,-0.0664068955355304,0.01678190681362312,0.03195618593201855,0.03900865585469567,0.2390176907525269,-0.015523172420165045,-0.09996369987143332,-0.03516989755372627,0.08220437509264387,-0.03176333091181819,0.029986770368578147,-0.022794946555321955,0.14833167358771668,0.04417692517568251
LCK,0.05639738881658583,0.018879881985443256,-0.01544277375650766,-0.01760492521651554,-0.008961716066056254,0.013999311887419518,-0.01177217425330549,-0.02184775069168834,-0.02956615823643054,0.013292034475376033,-0.0031458628462919655,0.004510175004741189,-0.014876910639734137,-0.03208824706240591,0.008964080358917508,0.045278473087212175,0.019014439872873604,0.006920890275334697,-0.010740695038092433,0.003589609149661691,-0.02276412656806277
RNASEH2C,-0.0020355311794147918,0.15153954764443328,-0.2716433146831433,0.1427791541058838,0.1750993470396149,-0.020279264828783967,-0.08970890369333102,-0.23786265725705744,-0.11534441875291765,-0.018411095705291973,0.05962862461456216,-0.0064802589172312484,0.12771567632045844,0.06501399314680341,0.050935446257795114,-0.008857691129100082,-0.12212502098931777,-0.05240958591873681,0.15237169362467373,0.12775787100202435,0.03990936924736871
NCF4,0.038729041807302064,-0.015067067746138297,0.04081884848562223,-0.09279117060348453,-0.02536314421373831,0.05011005785873754,0.04434061484990853,0.02345963236091306,-0.024400828549651952,0.02638523073289575,0.1084057445926092,0.05028979921934568,0.0013872923625229377,-0.03488529586677164,0.010140546747956785,-0.03510659512297628,0.07085518821109697,0.017282530881212323,-0.03762227586970356,0.002948510402593876,-0.05461233362343464
C8A,-0.022672423083633955,-0.08253376376974117,-0.010560473360761411,-0.00800251666539123,0.05402288754203853,0.028019132056406857,0.07852741214115876,0.09968859281967524,-0.05547476739299541,0.07507777430024482,0.07134129506826395,-0.00131831312437903,0.004225534968592296,-0.04519365712591642,0.03801722169703066,-0.030143063949279094,-0.055795576885926915,-0.002793898625213644,-0.007745594473936195,0.04809974979100874,-0.0368229174033718
MALT1,-0.054273080893174994,-0.0554501947914916,-0.04506668351174999,0.022691690293185254,-0.007865412198174684,-0.007892636190227108,-0.012218413693079322,-0.015359155632341161,-0.09668129216049444,-0.013563715122041554,0.030056870277973796,-0.02086544062080422,-0.04137854914854539,0.002660003874864512,-0.0033768727660009206,0.025904099856552436,0.006948924899005722,0.029514206238640452,0.04791034178065055,-0.015040470967226575,-0.019917288920541072
SKIC3,-0.00805226816965652,0.21825998110689437,0.20281814659384872,-0.04317829805162223,-0.03656127310909815,0.04600013869235911,0.06885543801250013,0.0012974027448643074,-0.009767409067711678,-0.02150906641934427,0.09440268139602159,0.003161412389974315,-0.011543035888183643,0.03146150860586728,-0.016285721022467822,0.06576341619944066,-0.0011006844001273026,0.06962368755402738,-0.02747575077819169,0.018195942697335352,-0.011403136423922117
FASLG,-0.08714052853484987,-0.1113218673925244,0.06840018965653588,-0.014156902806711459,-0.007830979505047561,-0.03169318937165663,0.007277894337478098,-0.07784607901604439,0.07900843108840856,-0.10892782509048704,0.03362218956669367,0.00455246009050934,0.04551710846419727,0.07032213255777241,-0.0016837964144245249,-0.059863131861716615,-0.00609131000263367,0.04922692851455554,0.05127286959751554,-0.05656245544078864,-0.0036507845033761912
RBCK1,-0.016831293611728436,-0.009708880736570093,-0.009968815338421047,0.025974372010560624,0.00647088770519775,-0.035033049135267856,-0.04384516490482153,-0.042235852817206564,-0.0051546179548288785,-0.027854726502681837,0.05807229790806757,-0.029848341387690352,-0.0021408910356112538,-0.0293399741331305,0.03320917321242993,0.021373650763042384,-0.026986785262760663,-0.00455255875290094,0.024398054223190642,0.008072298948128831,0.018359422969758576
CFHR3,-0.013975698061001933,-0.006429624041029378,-0.05596565001984798,-0.015331156182298689,-0.041798934231682947,0.07786413429479737,-0.01749036583844172,-0.02429998145986752,-0.010220631556661548,0.04573245559174141,0.0396674853135038,0.024602838971056903,-0.02942379203401311,-0.00046795840535213866,0.06966788521100141,-0.01152393991353953,-0.04844913711312122,-0.037931378240302474,0.02006188250238897,-0.016781049977073824,0.0028040773118581637
RAG2,-0.055490769437284315,0.04942790468362407,0.027474081035408476,-0.060650873700860176,-0.006177633414073035,0.02422329642908041,0.013814926528853886,0.030351780580652087,0.09610666388350837,-0.09404304987670752,-0.09043944279783986,0.028712204186145566,0.09988881015483093,0.030431882033309522,0.12040596998773015,0.011780247668546323,-0.0011564612143336738,-0.010590366967357837,-0.07793389704309629,-0.04460018604957033,-0.012805982218768984
ADAM17,0.04859823556929663,0.0499344981983662,-0.07387344242857134,0.03657073108201252,-0.04687594557081753,-0.02360380503187178,0.02452672697692456,-0.022073500457675182,-0.007473902512279198,0.017583696243399217,-0.027356454190002565,-0.04037838524811378,-0.033084558915774526,0.005902440107203904,0.06977422697021576,-0.013955928908311785,-0.06891821521247768,-0.02574175891731855,-0.09926331344973219,-0.06461773284214768,0.050135426553279946
STING1,0.04637538335567482,0.11628973316906835,-0.09310802223583377,-0.0779125067368933,-0.058335458348369375,0.06488740729816733,0.06201762981810892,0.060500620397494285,0.10866724287873475,-0.018388001225845843,-0.06213942423040909,0.08312176346111526,0.04251761643791241,0.10746911496744171,-0.0848192274753761,-0.1235757102762327,-0.006230705159072414,-0.12428537404949677,-0.0032171852663073932,-0.058811419012999445,0.037195038161024
FADD,0.008346014737227219,-0.03943706972750523,-0.0033223748097525505,0.016826199968876937,0.03863138768986551,-0.01774950140921007,0.0035234096390782776,-0.007845394595554061,0.00634422172098098,0.01511556181395363,-0.002327177033262753,0.02633685880941805,0.001885761836134818,-0.0038154999737839103,-0.06866595594945918,-0.014000045716157065,-0.002892536039091952,0.023873728118098764,-0.06862403142758254,-0.007919519707274275,0.009416206727984405
PSMB9,-0.011728593267505307,0.02042302688337362,-0.04709394828897352,0.01963036335712678,-0.005281766068687803,0.014991743809842346,0.03311939750889619,0.011428798716062932,-0.0008242520532175117,0.01209144857290981,-0.004059861586843931,-0.0038273925252318335,-0.012666114751529163,-0.0033930049833062067,-0.015569945367371229,-0.016239940880258288,-0.010155667673499012,-0.006594560234550253,-0.018403980701313077,-0.03942297770760501,0.0007269437786255411
ARPC1B,-0.043574537342459765,-0.018984067850167645,-0.04097505250379468,0.1112360017163365,-0.05660345267385979,0.05984892366711642,0.10482252045095904,0.03467876493173061,0.04528909052286445,-0.0170924117963526,-0.06884834114037894,-0.0005749155869165429,0.06649272748894988,0.0009774883455609478,0.012125879850481898,0.019661348999656776,-0.06538680823102287,0.0308846094739887,0.001366703816564075,0.04349630677708515,0.06662107298688327
B2M,0.07940920566946284,0.09088098400142881,-0.0034471930254064147,0.08632962004430554,-0.05624290654864265,-0.06722136266193665,0.034925908815772046,0.02894462153619964,0.0193440567606263,-0.009517022505840435,-0.005349486482391949,-0.06418326555473587,0.010335248229014668,0.02174202459506185,0.0586739965294738,0.03764752600756448,-0.05969453183843478,0.027684532459614403,-0.006460037244845698,0.008820571589312329,0.02661209022654009
CFB,-0.06837590601661014,0.01122529009797316,0.01362980887504064,-0.02009714091293599,-0.02307800663839664,0.0013969133887310158,-0.09675162464124404,0.003917697717235713,-0.009353682497145781,0.04552859568807402,-0.028772996932240134,0.03313816693935223,0.03198463038102474,0.005243662005707804,-0.03811464940154813,-0.06983136340562467,-0.052541837685792576,-0.005031108829266067,-0.01423753305404631,0.012954853195898416,-0.014333645259273262
STK4,-0.11652660185326799,0.013282111883146092,-0.011715982893450579,-0.10408405189680496,-0.15430747652009927,-0.029575498174909266,0.010285423519499754,0.09295511733161622,-0.14443788811914138,0.01990545633122584,-0.09183875786668787,-0.06840580191257191,-0.03478148608031698,0.026602286657879805,0.06447170693634383,0.05339122231921165,0.005437314393448221,-0.034836141382801916,0.11368740711119031,0.044253297812538124,0.09162559770436181
TAPBP,0.013274522097910538,0.10578750867544981,-0.04767996275904404,0.03242566253788066,-0.0012071032358164817,-0.029105135243779983,0.11673552645891948,-0.01672339798703799,0.0184180244228757,0.0008046188913645964,0.0016832892351595122,-0.1030558162486949,-0.030914582111199785,0.03952210975857272,0.08356360669074382,0.00951925006495716,-0.019451522441974217,-0.025031527909890973,-0.01804644229043506,-0.10310821839104105,-0.01829573611628127
C1QB,0.012091864637598848,-0.03968095771581159,0.011871337230412978,0.03951962216535855,-0.05539752250900493,0.13725825454160445,-0.14041514752462425,-0.007687094815269393,-0.005435487450388355,-0.15670451977874428,0.06060926142420332,0.04442595015546695,0.01113777899031439,-0.05115718350186612,0.0030135357094016975,-0.018599706997366624,0.0721595705365372,-0.0198406783178481,0.04224580103302984,-0.004191084220686056,0.07816025547668508
FAS,-0.022712320521123257,0.0031578926688706796,0.03540997602577457,0.021877074948006208,0.029447028430256157,-0.02567452589455688,-0.08156890960101434,-0.009241527086540557,-0.02416759461342122,0.03798515366183748,0.024416210539452296,-0.1248833765697261,0.0013697483042607837,0.08220653507590386,-0.08328242315793036,0.02656751216522421,0.09156201199760594,0.06135993138010263,-0.05782981441974379,0.037625831996849095,-0.028124456654518664
C8G,0.07893394465961705,-0.09601132849850812,-0.10253199277860015,-0.001333696663730323,0.15714952995938425,-0.02520811140182215,0.15288925581744536,0.17843548317491884,0.02684731061468864,0.11261523208440866,0.10097464337048932,-0.050705203436643434,-0.1086268251423525,-0.03328597025936467,0.10059739515608478,0.007968985045016707,0.019321329038482236,0.1859779526478439,-0.027846978922738488,0.037690639588075815,0.0036709512911135256
PGM3,-0.03250954738982818,0.053782157721130895,0.009914584601761206,0.06724712480952108,-0.03861592854635302,-0.038300887979234845,-0.010765592679870038,-0.01288716422799423,0.011469915924562972,0.019109590691585507,0.0014279191243448965,0.007488433132678655,-0.0776399396771739,0.08570843602474264,-0.0388636391761415,-0.0346843542444293,0.003054481868131189,-0.03893969785023171,0.03548901019145596,-0.062294462308655714,-0.036124176451343984
PIK3R1,0.06935501466702669,0.07722140975961522,-0.05981370808102667,0.01712490855064623,0.02632958507531044,0.007411530018695678,-0.0465723925420553,0.06617485922265115,-0.003388332143288628,0.09328498566884642,-0.017037710497616168,-0.013233583392181695,0.02008081919030058,-0.03961822474622946,-0.07897068150667083,0.030051116798430623,0.01686109059162495,0.034939019498705065,-0.01616135531889686,0.045862692363256186,-0.016836422089095856
PIK3CD,0.07945498214044924,0.0477346167707661,-0.065951284254356,0.0040875900081058375,0.03073911816255899,-0.026678984609220278,-0.10576883602868574,0.0696942949178699,-0.008404807867365529,0.06794719285779517,-0.024869747415188354,-0.06484685469761263,0.023465423259787187,-0.011183176293753158,-0.05817459178553029,0.022622179671747907,0.0314916560437089,0.018633682163270607,-0.03597194982486547,0.08140325161874691,-0.011390689715183509
RAB27A,-0.027663252837331443,-0.05829746921102293,-0.00729491597628735,-0.003844764557364516,0.09116208324662595,-0.06412206702653164,-0.07331037526560598,0.0242915206680552,0.05242291233761752,-0.031859632491076074,0.015246864390740024,-0.08663969718616922,-0.016324197264766825,0.005345419387879122,-0.015652303684709,0.07498551094722629,-0.022052361857715842,-0.09722002713659106,-0.060204581642832974,-0.08673336724196012,-0.1359064498917196
CD27,0.06280590183666707,-0.032479811290369844,0.01214120951472945,-0.0586548974151084,0.0015308604216575955,-0.0033552082547584376,-0.02239458148008273,0.0179672013313378,0.014800445056259217,-0.04153507293698102,-0.005329631792943377,-0.004691325865738632,0.03635672999933662,-0.040229216543495774,-0.1083275354071606,0.050783716589635146,-0.04539595078063002,0.06643055888407752,-0.001708711829621713,0.053481458580121995,-0.027622601993075636
WDR1,-0.017873059944647378,-0.05453029918324535,0.053019343963450156,-0.15858825931657342,-0.10524946027135143,0.05489129321516911,0.0298692798407454,0.031172400221341212,-0.19945491757495085,-0.03387901339746365,-0.15285668073322783,0.010240476134469005,0.13761346452718054,0.08543516478543013,0.010752251017740843,-0.03817990498018096,0.0010839985999154303,-0.08971652969157295,-0.07272884794253301,0.11041305268126672,0.05289676915633507
HPS1,-0.002656135296150019,-0.17630846861235625,-0.1659163884428737,0.01697689130061851,-0.17448576726145715,-0.03616120759046937,0.06816510184143165,-0.060205221329597866,-0.06768520897341908,0.01189349752774496,0.19391615662396314,-0.07227852012331405,0.18006653587434038,-0.07157336570595672,-0.09671612956949782,-0.09089053350785593,0.11396249353531808,0.01827131552978252,0.01180810392541667,-0.014608412834800771,0.12580076732064768
CD3G,-0.028401133660125914,-0.08643613564253365,0.1122664521552679,0.10765021131702197,-0.0708352877953766,-0.0929148984485841,-0.05010702782376062,-0.09938085834548704,0.029883849480574223,-0.014985758992735363,0.02043515647867269,0.07823095961027063,-0.15925422670828174,0.2147826084066268,0.0736047253770334,-0.09758310814807039,0.18566228450149203,-0.07418305590705017,-0.14200184419310036,0.12470482696599797,-0.22041977810751703
PRKDC,0.02211000962486778,0.00898314692440761,0.10220960408822222,-0.024741782266161125,0.01775406675959073,0.02307971876168173,0.07832067728393628,0.0471100399445587,-0.07740953364039253,0.025448039077704716,-0.020689592576828272,0.04125034001682531,-0.01103690582736757,-0.04086916367274908,-0.05014745490648228,8.67301805637273e-06,-0.044487068367532766,0.060757828361424834,-0.019769644550788022,0.03652005311513617,0.025672044179747625
C1QC,0.06676937161727792,-0.04801722803722605,0.057717893195486994,0.05764329888071295,-0.0879854088683174,0.1265471757209419,-0.1508752176008446,0.0036044125982621447,-0.0022709388967483164,-0.23982774532333845,0.06194020500284568,0.08151325377484087,0.008705466012669819,-0.03135035973647223,-0.1416569981781629,0.07399457883087582,0.13005643826557906,-0.010610738726171878,0.19174753288623697,0.05020176121866757,0.04331696425607652
TRIM22,-0.051647359328187856,0.010549343264661276,-0.17374530046950118,-0.03253713719490421,-0.1520398740955509,0.005150146794196954,-0.04257505212059948,-0.027066003616244498,-0.07674410925792036,-0.07983859628281484,0.07959693140688064,0.002454788949553763,0.011647767763400235,-0.01274711467259489,-0.08789352633515377,-0.05592822955883043,0.015798476096947237,0.08355524529913873,-0.003158507393050355,0.010765066927071354,-0.002534407297028048
CD70,0.05469166529859415,0.032291816459549684,0.02529549059950587,0.05000709507171233,-0.12304827820560653,0.03583309237209703,-0.05333990157257544,0.08610277433501572,-0.071232155855105,-0.031051816571153853,0.047468503818540106,0.09391494221922422,0.0453981335096401,-0.008833942131625127,0.14827828082155414,-0.0042983146808411345,-0.144096371217248,0.001112294403642517,0.006622173187488493,0.025611704711590865,-0.04130595999933848
IFIH1,0.021693537298900677,0.03825024762596921,-0.022131621532731773,-0.03418585846831071,0.01070112394455276,0.01780701526627513,-0.019780460798618577,-0.01958343654644467,0.14966701456973178,-0.023897500337087013,-0.060801809999545195,0.007812554240717052,0.05243609372039015,-0.05645079800842393,0.06451637001132642,0.026855476221802302,0.04284056126774274,-0.11046188394518346,-0.09219753790401512,0.02440252406113516,0.05130295809467414
DOCK8,-0.0928428481540422,-0.020292789980694864,0.12578547295807618,0.10489586452907806,0.08382108949670991,0.08317829507623749,0.15967056632945367,0.013196637745191786,-0.01389507871535727,0.0032143401253887888,0.0003214457208660676,0.03390174145614837,-0.03273689745723804,0.0025718338637318715,-0.021713006994182264,-0.18043510277568162,-0.044856172370140085,-0.011536820414317254,-0.01909980355513379,0.01121432867584276,0.032645988513358246
ADA,-0.018379111737433836,-0.02324081836561718,-0.02513083953442934,-0.1353647520944307,-0.09860339457254828,0.04064798802985667,0.02086503101247726,0.03660531298097229,-0.15074175028548675,-0.02905117982082513,-0.07318911985515464,-0.02733022584686471,0.13802171361969715,0.06426638683096131,0.03848426548418894,0.01933269423433052,0.01578920648572587,-0.08372107488363674,-0.09877965749320432,0.07032348894502857,0.08247838223170285
DNASE1L3,-0.0005560948026422469,0.04287652304764252,-0.07213383460623123,0.029545492835484778,0.06402653206736471,0.02293071536051138,-0.05036238576082646,-0.09826456418693479,-0.09042897840789976,-0.0180256176466563,0.0014725865025161644,-0.010188255656303404,0.030996618519875167,-0.017198074842311215,0.056797574722963894,0.015871557620929455,-0.07563110381124312,-0.02312615702993263,0.06283069853152488,0.08125783522376914,0.019668485197403274
IL2RG,-0.07332595281708466,-0.0014555292544410656,0.0865437080875165,-0.00043539962878831904,0.008636754775724039,-0.0067846758458239365,0.0994918383038001,-0.012737178427885684,0.00262435416878689,-0.07084774822122812,0.045067639093446465,-0.10505538177919443,-0.01033898920410671,0.027955785701176,0.05641894148882646,-0.11294818868870865,-0.11009180873063927,0.07382814820129266,-0.008957041924866746,-0.024437775831095278,0.017676763288170243
HPS4,-0.010663675319745417,-0.165940836581975,-0.16223012320995817,0.017891536572157106,-0.17193763452619637,-0.04007630675170581,0.062273955559105046,-0.05882918428263659,-0.06662874528648476,-0.003096860516277327,0.19348562184714216,-0.07974128101451276,0.1694527246917266,-0.07124575064876504,-0.08647669366509177,-0.09370001121984475,0.10384578967182015,0.013768941377279943,0.01775115260357623,-0.011828286079572656,0.12545257174205257
AICDA,-0.029962093159817894,0.0014863920507065447,-0.06477046759942247,-0.018933118279059892,0.001978850788833263,0.05599790863281474,0.04557351149059432,0.031046689685817277,-0.15970651245275444,-0.032059780743434,-0.09113235459540212,-0.012268491081400969,-0.010935901663270757,0.033003263262998996,0.01975048401582599,0.04823559936170388,0.011817051358177382,0.02043591241742618,0.09184793792810071,0.00941392822396051,-0.030351714040475222
LPIN2,-0.06474670487128564,-0.05867720917367827,0.002204259690114562,-0.0401003769648726,-0.019360930889667744,0.04058227123869722,0.07090158324809909,0.03521573891595627,-0.01679549879097304,0.05936936101198106,0.11350136442127617,-0.10832877327032281,0.11792750621983082,-0.021983081884150463,0.13153931781581868,-0.04562888981863785,0.014236970882983866,-0.11067760949769291,0.05339213082686233,0.1646952846950108,-0.10767510501061335
RFX5,0.02240909389367889,-0.05353753819327359,-0.0024956289139179935,0.18433527597625196,-0.10941961775935559,0.11420348699615131,-0.0043015177345915815,0.1376432353586718,0.11358734200494347,0.09724370356468691,-0.026690285340714305,-0.019222426508438525,-0.05048561378319692,-0.07018496843433082,-0.058627779844168254,0.06820478633388145,-0.0008254715461678936,-0.05141252861665582,-0.0827179384915322,0.010944283929920466,-0.006726816834596397
CDC42,-0.019455074643176647,0.08919809355952478,-0.02511223471805579,0.029101625796239636,0.015270210568852092,0.00961034018474536,0.038965242045234764,0.037733890700281006,0.09324010046189177,-0.0584512710802611,0.020194015921130008,0.010589502971932003,-0.0180888916399522,-0.04328170896521673,-0.05063429994579644,-0.07029091332130043,-0.01583331603634809,0.07375087804936221,0.024355187159370392,-0.048697371370002074,-0.03506248951855456
IL10RB,-0.15398813534714165,-0.12347166697449752,0.06431135711495202,-0.01466279128993407,-0.10239890468364612,0.012673929712734705,0.13517285609500346,-0.0700711100006621,-0.004371834388164737,0.09237448653016404,0.24483884051190896,0.2416847282973943,0.1091313239639003,-0.0854557181569927,0.05783022192794223,0.2800104406182756,-0.03824608046121321,-0.10255847895602431,-0.08250285045320645,0.006340611872221307,-0.0761140984598178
OTULIN,0.015034352666238605,-0.029485217520834685,0.03550121874096843,0.015466662265894425,-0.0555701365301997,-0.09337749112391364,-0.11137259686124217,-0.060399844305888836,-0.032281314845834644,0.08869616352327453,-0.027715744364160445,-0.04339325300160031,0.01081881519165222,0.05273864181706677,0.0580420549253074,0.10402880736450434,0.0005494690433135828,0.09914850466102999,-0.031272368734707505,-0.051143551912306975,0.049856084882489875
RIGI,0.054646856654715616,0.045615450699786154,-0.02819006563873383,-0.03650113935422557,-0.015157705638971411,-0.05515627612861025,-0.07101036058376045,-0.01025449049902028,0.14753034903273057,0.02093126976971638,-0.08451599852343593,0.03025468158777693,-0.008299885585516266,0.008089577390105707,0.06322385963230065,0.0016932390870638317,0.01503028917224626,-0.1035433997758751,-0.05848017022843141,0.010824599337867205,0.01889293633942447
SERPING1,0.011247245588382653,0.05737215777693237,-0.042084544671998986,-0.033724770710023264,0.0023732952535677463,0.013591769153455046,-0.007422534530376367,0.014837265908533015,0.024159533725942574,0.07073789405337128,-0.027666683047608512,0.000790398842092396,-0.003353785461387733,0.04093446447684449,0.016023810588502645,-0.007239905149225047,-0.017242202342332136,-0.006400235931506059,-0.0298166681558525,0.012547385911039476,0.0005170527901163381
AIRE,0.03713617781988774,0.03806282867957917,0.016696770416587785,0.006288244241813545,-0.003737507045406433,-0.01372240262478425,-0.01038616707079191,-0.001685984459435621,-0.005127421432451135,-0.010787064323383593,0.04082763540454225,-0.0017810469117088374,0.020349715807774393,-0.011928854480336343,0.092840122440385,-0.07789940086284802,-0.04381871850764743,0.0022877261366050002,-0.046908492964441016,0.05731024951039668,0.05135510366029451
SLC37A4,-0.04571164414699286,-0.0048872608185911185,0.017377433063557133,0.041439374460344694,-0.06549659351256795,0.022816644369365698,0.018559411194317862,-0.1354460757053496,0.030913141627702742,-0.013092080661211834,-0.04712763131772875,-0.07478640355942943,-0.01643172510974125,-0.046721194208442125,-0.08426095970768294,-0.029450627462231385,-0.0010524028037940595,0.008601293312139033,0.01826495100902104,0.06868485851838556,-0.07000401414782717
XIAP,-0.016864230663371987,0.007153641823694172,0.06581869731566974,0.0015653690426002777,0.016855908442207655,-0.009835487689881595,-0.05460175692657454,0.058083101472523095,0.009281824633270647,0.006837970331446523,0.04823732462805297,-0.10274783571338934,0.021356189666991855,0.004737822884630347,0.01342373973799115,0.013153083868693818,-0.023923951076103733,-0.008978976057664881,0.017306036664312976,0.06349893147062444,0.0308127261878825
KRAS,0.01420630638482006,0.02667577929070322,-0.009888964855134337,0.018263267361757613,-0.01653563860093387,-0.056418073618571936,-0.08895890918065848,0.06906502391841464,0.03407595426325428,0.05365088417464024,0.04196186164560707,0.011455141420903573,0.03366871108248083,-0.0035159849374632934,-0.10199269925452341,-0.05579681709301223,-0.04901526956126227,-0.0191859972874455,-0.09638050601133696,0.10804520751979126,0.02667825628363237
BACH2,0.017352765054687285,0.01489560705121217,-0.03162574111777879,-0.005200382374403814,-0.007943741468480524,0.017552009749034012,0.022558141152465926,-0.02557733911943904,-0.00302700616244325,-0.029204283659654436,0.031888159889529304,0.0354288389140463,0.0013954217915861135,0.00534893243034058,-0.006477765780262336,-0.03394552961297597,-0.018328752130259255,0.01951986268028414,-0.021451984115833808,0.00254712788803818,-0.0027901194911823164
AP3B1,-0.062372318629131146,-0.03439481618187142,-0.07826660754088752,-0.046282952133052314,0.10485475524402885,-0.04717823486946984,-0.07020790088745438,0.0007348213458613942,-0.006793372033431292,-0.05949847054181683,-0.09693914162811132,0.0046832050887244975,0.11242281326989723,0.026455158870190038,0.1095958134219383,0.11737824292516831,-0.08563140977645113,0.039931483555049274,0.016076123398636608,-0.010149283090658084,-0.1447816256547635
ADAR,0.03906747057364951,0.03701208752030192,0.0348967075780966,0.10649844090547346,0.051751019575785324,0.03035130817437739,0.03842559147124746,-0.056943482159898536,0.06468988640223393,-0.016254567976575394,0.11870430706143716,-0.00048760748629157904,0.11155827116945866,-0.025652986409647027,-0.04918738909574858,-0.012779616328990209,-0.05816090963820006,0.01589194610888931,-0.06614699624956794,0.04521817343395607,0.0777096088615375
C1QA,0.07707730206390567,-0.020193035882848483,0.025567189891456725,0.07355155382115611,-0.10501813763487286,0.07133487813707048,-0.15424077084386983,-0.023572092008879136,0.050651948353840626,-0.18572249186714485,0.07365987236523562,0.11087706383751117,-0.04523964939325143,0.010284195804295073,-0.11524713643544518,0.09293740681014676,0.10729024721727207,0.07219472881493426,0.13582658324104122,0.03866378417172879,0.019658046568121583
C6,0.07195030778079313,-0.12639717893559094,-0.06792053508074798,-0.0027464556519684728,0.18623653177294291,-0.04677719864170509,0.1055643472031611,0.25119248990456494,-0.008368689882811264,0.07980825728721196,0.10327683291900505,-0.03171312147417831,-0.012924265196141605,-0.06707468485727781,0.04824178543071468,0.029780970849774987,-0.05492837266602133,0.08954156788705325,-0.005264559533630013,0.027262824976538497,-0.04637643864365629
MVK,-0.15677054501515328,0.10517894765158763,0.020205694907588095,0.11158448638293092,-0.055291922342925834,-0.12193891984825214,-0.01710786683239265,-0.013161993937399322,-0.07547615256373938,-0.01856903360314482,-0.08707387787732701,-0.02727664147082588,-0.033156145603110934,-0.2851104989670808,0.07313648327191719,0.0580265146163665,0.03765813735027452,0.008164272565724679,0.04420890098806325,-0.02387968907129071,-0.006820217857129385
NLRC4,0.036292537672299834,-0.04091316986737765,-0.012978709452719034,-0.005382917718254119,-0.036948755394915864,-0.043973465937317595,-0.01957305019124822,0.008567750214284676,-0.01626628459791997,0.029517983201824936,0.008704075141157029,-0.026898843373136527,-0.023213775464446466,-0.02876876330533406,0.02574303678249033,0.026168244360636153,0.012527455535578132,0.02204173753812166,0.03008593788996904,0.055852521547642434,-0.009536893283972201
NCF1,0.018194394091538096,-0.04449094397593568,0.0015756708845204679,0.018268766475913665,-0.04192328598384776,0.16134629704110703,0.026074354734777073,-0.05968526056624307,-0.06829894148614446,0.022408918873344143,0.06681900835689425,0.015587553454124638,0.015118855384373135,0.033934928269771264,0.16965847726382316,0.043734108268898404,0.015388716353440567,-0.036717044628196256,0.03155907439712221,0.018152994924477223,-0.024425900658284507
AP1S3,-0.10608752610272401,-0.056967536444863784,0.006446066991387498,-0.019527390412514643,0.08513429774870092,-0.059261188791997835,-0.013089452953651704,0.0236222765814365,0.044479698420740184,-0.0718615754812094,0.010672621403331443,-0.017540082133428708,-0.004296613333024883,0.07617080792058471,0.05091257964124641,0.06868707990378134,0.043000026552974885,-0.06155330224463037,-0.05427665183944592,0.017724256150575688,-0.06581497061790813
ZBTB24,-0.055371296539094415,-0.14550400967591295,-0.1491618500844832,-0.0903470055216515,-0.03449662878391057,-0.08877900557510619,-0.05260205227393706,0.10640726351813386,-0.0748987872956978,0.038541191843528444,-0.12883934994327453,0.015816908078233327,-0.13334464289085335,0.017294927536754327,0.04587718268894677,-0.03175289876590555,0.07574143320925329,0.08572032593279193,0.07952371754701006,-0.056651275842014924,-0.06268990054884777
STAT5B,-0.03685560339857981,-0.0028143330419527104,0.07006710501839082,-0.031517663138647116,-0.02158039951871611,0.009306526327024058,0.016804420134946086,-0.005758957896857024,-0.027006256583266473,-0.03159437036737447,-0.0290170770594572,-0.024144768140503127,0.014708556830520629,0.07200858423211554,0.032193382872302945,-0.052292572883214414,-0.010609779430366053,-0.010112153900020487,-0.027719127493757757,-0.08291020076541512,0.021367474346487312
STX11,-0.10138720659556605,-0.08649049047909528,0.05786852347520537,-0.1169809941604131,0.1533936109654674,0.01818994311615667,-0.08115397910645793,-0.011524780038288314,0.03054438287292882,-0.027705759950349053,-0.09979057567394725,-0.0035126109859115393,0.0035014168888053347,-0.09480794841071011,-0.025570207286520933,0.20200802075650715,-0.05429821016331947,-0.02314148608731204,-0.08237680702927444,0.007595399759592603,-0.042633531685531544
CFI,0.07777750478024699,-0.1275289458025686,0.06241911814733592,0.0020681016180820275,0.007205345473068926,-0.11975476328961991,0.0024288121195168814,0.015868182206653394,-0.02684484222326431,-0.03151271374979531,0.011960745785384762,0.008585224818004916,0.026130191083997195,-0.029596345921488375,-0.03950733678546866,-0.02056718458096433,-0.11558851174374833,0.042214325027315945,-0.046454854214850544,0.022427001255424406,0.04354832564055467
ATM,0.01982529199691148,-0.058428101271605436,0.040887188667208085,-0.06163041467286259,-0.0039408373581538035,0.015970191766562492,0.06145916329534301,-0.024230154807733627,-0.08049057224238482,-0.02173209400430381,0.07718069437590325,-0.003215520785111245,0.027566910981724434,-0.061296539209781994,-0.08860146457955757,-0.08076143661407206,-0.053431279884835786,0.08521676129229308,-0.0014222692551779418,-0.037443998383371056,0.02335707716698718
CASP8,0.03831098750917476,-0.046009311094923525,-0.028337700185145538,0.007331396459804703,-0.01434575960885019,-0.049692684092903304,-0.011017339426767228,0.01719370799035944,-0.00807941575947092,0.0022114063777491,-6.941152785217162e-05,0.019918925249078616,-0.00437081528269088,-0.002312910753178253,-0.005925007199029623,0.011247011579197021,0.014581632560243144,0.004814148534659129,-0.03298586136898705,-0.005003262425223994,0.014147183022420799
THBD,-0.013592731918005928,0.06396385602228553,-0.035534403180547555,0.017563917582101633,0.03263050597397053,0.05444502110468626,0.0019093838233105954,-0.02561369363539228,-0.009547422642170724,-0.0023282410364283694,0.03360144257022716,0.008496367635809712,-0.013471300272957745,-0.06204775179621368,-0.033225604092819494,-0.03713441798466391,0.10598475151585636,-0.0460884085660007,0.09330148479088902,0.03708080535163019,0.07717411119837123
TAP2,-0.007479151264899152,0.003522818249775425,0.00016443731525860508,0.05054582649507645,-0.020964844906954182,-0.04004967280899031,0.038145093837950526,-0.06318457092891638,-0.07074682790002779,0.013033235129251065,-0.14329596422389887,-0.0811486709452587,0.0206893041665615,-0.0789941332427627,0.08356870719602282,-0.08804879220340345,0.11201247396981243,0.06723260039470018,0.045705052463215524,0.006898150380042636,-0.09652695175433738
C5,-0.07258105726351796,0.037427263703737904,0.000612469312855516,0.024871346024478762,-0.0013885506614006561,-0.07790696235588304,-0.06629523910686153,0.03653551915459874,-0.03987120643699257,0.05091558999536819,-0.04236827658524903,0.04198313023655636,0.021746195624160754,-0.12879205085232145,-0.012457837299876155,-0.03130514919472023,-0.021636023165441123,0.0653357230092014,-0.03388411166272149,0.05775458965113995,0.02659864037473043
TGFBR2,-0.1327465852875692,0.024212772429839,0.047565892963356754,-0.021099188686907022,-0.020871943760219468,-0.10964680839137607,-0.030867554150523387,0.12262778535913406,0.11152975376459481,0.06487041023357187,0.04712103133613891,-0.09879793744361196,-0.017960753458549358,0.06469002518314858,-0.002913258423694632,-0.07208436022080428,0.01591253324185278,-0.015614717695040343,0.10675173662654333,0.10993260171834172,0.08140938141761919
CFP,0.10974154285467323,-0.19944529758897023,-0.014028338974747085,0.0006016820444391896,0.11237872613035357,-0.07085040603954637,0.03353410798680276,0.20156953049560955,-0.0029630432349885133,-0.09875403486954898,0.07692782358747825,-0.03878701436696294,0.005318711353177558,-0.06248639607717939,0.054268110720756636,0.09147419064091429,-0.062420384959807784,0.07708717775780552,0.004718515353238544,-0.01746046620284011,-0.06352115969360013
RFXANK,0.035681952304197,-0.12685356227180022,-0.0947440694061628,0.27631784023249156,-0.11882148486581387,0.10125298680918153,-0.0012040129392852596,0.13275995125026308,0.18644667132445167,0.11884010731376812,-0.009674155085319476,-0.06272068530331641,0.009135709486780608,-0.06635622092590979,-0.02918904610749771,0.043599650253200985,-0.01226953081360312,0.005915176303475796,-0.08957435416363808,0.040206307973599476,-0.012535355051286794
C4B,0.18482330667136296,-0.10877171329278497,0.07470104792546013,0.1367749162245058,-0.1901599508622636,-0.2579155538031622,0.019574189140124702,0.026436884099437143,-0.13258699756977266,-0.2613806020631494,0.0010024450285142194,-0.23886951243014898,0.04227918050499439,0.017988766102748986,-0.16914542411789443,0.01485531662546239,-0.24521465341146456,-0.23651273962496588,-0.05124897539504877,0.0047452063601080025,-0.21225478888880153
MEFV,0.03685215710961606,0.026572395403020456,-0.052097193505258196,-0.10388095247463575,-0.17088693424892604,-0.012264212754238678,-0.001787229416976082,-0.02324827753465876,-0.024179728124981228,-0.055991832893187474,0.040067799200517805,0.025616432371248034,-0.0069435147871648485,-0.07213615710079412,0.015851631585064935,-0.008984486436045418,0.022546440433079185,0.07288401875078111,0.0023947065107445703,0.0075564218522060815,-0.042765478517196115
PNP,-0.19335352323336572,-0.017922805021139365,-0.03711529877117546,-0.018345134384490373,-0.19085499891540905,0.0497824978497833,0.018906317123867283,-0.30478002863730086,0.14577913564668296,0.17157981175096743,-0.09366922656382241,-0.11769099540087771,-0.08102168971912252,-0.07528563028884158,-0.11234899143583879,0.12227539801267963,-0.06666358026934054,-0.015171851804467461,0.0069157493450236,0.017692561718438745,-0.09146513134012331
FOXP3,0.031887902711355755,0.03389094855504677,-0.06352379636934441,-0.13070225754364323,-0.005389901589427188,-0.12699995790325275,-0.05357504816578115,-0.0929359097651094,-0.03377675318170144,0.008188312214929926,0.024992330019929794,0.057536720401924285,0.0031473485638099305,-0.03198756456161183,0.04558830730095026,0.01605837016508524,0.005768595575901311,-0.00038622224517096386,0.02374126848007485,0.057991750546662196,-0.035485978022579696
STAT3,-0.0010235182531722097,0.01642861142066456,-0.016946476683412797,0.07907608195172211,0.028891069910182587,0.06783332610865114,0.02153859153427853,0.02687054529695661,-0.041306823446352045,-0.0070448818712756465,-0.05999510010991703,-0.015556432632270537,0.0016761421131173582,0.022361851663985226,0.009437670651130442,0.025973592664929067,0.01743879032504263,-0.02092676793304111,-0.012042873673446098,-0.019939846310530415,0.009006723495533726
IL2RA,0.02872717032660819,-0.0778852713931441,0.007555679691480843,-0.09783695237680178,0.08725531334799391,0.05628549560570743,-0.013571632553345744,-0.005293394252477042,0.019737979608090463,-0.07100318519493368,-0.11181261017529855,-0.06714548895110933,0.003926785978175826,-0.1116946810496525,0.0018303493811796408,0.03212992562978567,-0.0040307901730591966,0.03232049365940392,0.03986453376837022,0.08676059269439092,0.08278831590418295
ALPI,-0.06823385460960349,0.0686472939672634,0.00233354798191714,-0.04354733508861496,0.05524991149325988,0.07623157665296684,-0.09928086009146544,0.006466904444847926,-0.05389122408767013,0.055042752231649394,0.0006984522497973095,-0.08121871077000008,0.058967389471095324,-0.0357866484384623,0.029744412507657903,-0.01936884251444415,0.06999609947837997,-0.069140303876325,-0.031129521967241135,0.05003756463046833,-0.05095211222908852
NFKBIA,0.022807143367299925,0.011033667769207622,-0.006929744026722091,0.06889146604526886,-0.054684212976561244,0.041429863483808255,0.03359437399154658,0.01702752406818381,-0.049585912929430535,0.02366791900375418,0.017228313668568508,-0.011313665815427035,-0.051103667528391704,0.04188339176080759,0.01458343336331787,0.052476283203514815,-0.033161953519782864,0.04550891846310193,0.021028850559891975,-0.06619174237152196,-0.024751843416870294
C9,0.03054704387916906,0.0032124215770054703,-0.03300088000969105,0.0013487128691567949,0.0002739315756641329,0.013283697209642021,-0.03384527780949966,0.026945643452758492,0.03438981024904005,0.06197129982489142,-9.149747148960708e-06,0.01962214798394465,-0.02996758949290368,0.05357298084255049,-0.008139423391353224,0.018437620227224817,-0.011475591812629804,-0.026829384971781424,-0.030936517392106854,-0.007135218455676,0.001492430230050716
POLE,0.007758289222244429,-0.015741344399256018,-0.10458090905005436,0.05957867670920084,0.04249484186638308,-0.04836310154798154,-0.0622517301050348,-0.04320026379668427,0.0643350616824429,0.003422694010361399,-0.049540254110459495,0.00467951774397807,-0.00918227189572114,0.03515150299628858,0.010179973755604945,-0.0051950879404305235,0.009459644414091254,-0.04776839917187116,-0.02276805807533231,-0.06496020010652288,0.031572378202545805
RAG1,-0.022489069025416964,-0.02160903880212026,-0.015946694501428382,-0.037166978518118246,0.018162073930494523,0.029959475433409696,-0.05398914286678884,-0.04776595576808261,-0.019932663720464528,-0.03127158177699222,0.10355086334962145,-0.010460768491456128,-0.04068449999465042,-0.07966939180950386,0.06973447463297154,-0.01677168755349326,-0.036997216636471576,-0.13392581097242673,0.014204956977222124,0.02185050134534054,0.01102012885286073
SAMHD1,-0.04981218032436548,0.04246385120061536,-0.022400309255582562,-0.05239177131150998,0.058014465107548666,0.05767809569227426,0.09549336319816049,-0.01852667147146854,0.05931057413381847,-0.09303645333319104,-0.16484427844495533,0.08383446771583702,0.07618929118619704,0.07399444598771887,0.046640849213137575,-0.11904271375361689,-0.019901005215804478,-0.04177303411430174,-0.0014473020253250794,-0.0652554799229875,0.0040829183291528305
TNFAIP3,0.011237927788055062,0.01204622696531221,-0.07248879386103245,-0.020920547913342174,0.041942462892958915,-0.019221973039069674,0.008927929946829151,-0.05074229536478732,-0.02644915487473742,0.0010160188773864352,-0.02476098743044052,0.045364729190102863,-0.0197901740403097,0.003938588206668739,-0.018719920253688176,0.024171405125664215,0.028803315460701917,0.030566484210054035,-0.09214748151681221,-0.023453924625538115,0.005134087977269678
TNFRSF13B,0.03006584730560379,-0.044576030121649214,-0.050134351068211035,-0.03894906354124179,0.0684357439348185,0.047630453924234005,0.10400350565418848,-0.059765046536090355,0.00426513950517816,-0.06623264190623507,-0.07246561875486572,0.08334260346146413,0.022045370758368574,0.016587601697061534,-0.016263642055310227,-0.11881614074233039,0.03276692209434981,0.041020465354057234,-0.04164502893935184,-0.05723925487912118,0.014441603130627862
CFD,-0.19691940917581083,-0.10222147436097603,0.1348203866693242,0.004515982453484275,0.120810196246188,0.16723317998221426,-0.3117617968406889,0.1150601505217855,-0.08992906062173059,0.08610286407437306,0.0568436828822593,0.14034267548407278,0.026013810771779187,-0.05001254371519477,-0.03491695959889267,-0.13388824765614818,0.032084874944028834,0.06839362931124719,0.12382322219896032,-0.11417695431040402,-0.015896421460658998
PRKCD,-0.026976029107414867,-0.04699540037411906,0.002061262555683991,0.02831576858040747,0.037484215500636596,0.06443027511420318,0.05021629605111987,-0.04090472363272264,-0.07916298101497489,-0.004659219534099135,-0.0415521520408647,-0.004850531575772847,-0.007466562323674133,0.0765273878362152,0.08817794087194979,-0.05739146680953017,0.004553433319048222,-0.036761566559200876,0.05925286584030699,-0.0336650204232762,0.012994819485209138
TRAC,-0.029999553908039687,-0.010192188331681848,0.03938615111950638,-0.0072028935807297596,-0.021000772478319774,0.0852579127534713,-0.00722998232732089,0.0243922531688448,-0.03334889225851366,0.036725156849012286,0.08418652190541212,0.03725606450597204,0.02594747903073734,-0.02745872105018851,0.012781346510908283,0.06064708917537523,0.01210810510957907,-0.05347164727463361,0.01867610893251131,0.03267087244246795,-0.005009657291186762
CYBA,0.1255699014969123,-0.13535069604719352,0.09043140182270627,0.03650227995060475,0.06024427086420509,-0.04033713557859073,0.06492077844543613,-0.13416509457404385,0.014113520160438734,-0.04470346783639077,0.009616713230294201,-0.022065977832249978,-0.07153866851585057,0.0521567007327275,0.11892174424039867,0.04836872647694071,0.14301491902698538,-0.0773751588229061,0.012401726338208694,-0.09199261820591907,0.12930855448143036
DEF6,0.009286196826816405,-0.06983124300279604,0.05861394383805187,0.006913118409882996,0.06623030231008675,0.022125390928974944,-0.027477085760315316,-0.17076345894222825,0.11883250549097236,0.008909318147764385,-0.04059569608075031,0.04116643037980926,0.14900705851672583,0.009833978925325006,0.03710039248585467,-0.09263592524701572,-0.1769979881091049,0.019877870179616113,0.23583258449181874,-0.1890755075511577,-0.1719714252040511
PSTPIP1,-0.0632006108520567,0.0019432163074544725,0.06895911871390759,-0.030116973469422728,-0.049922121384842914,0.027230251318335785,0.08166401090785508,-0.01270464281508681,-0.044607207882967514,-0.05374827835171484,-0.01461801160758505,0.01735152706048989,0.045970043120004744,0.05585986831188951,-0.017977688133647446,0.019832079681992916,0.06950633131323278,-0.030167451859106117,-0.022371562269284603,-0.03932314726635538,0.025699430258409046
STXBP2,-0.06071824524534053,-0.12290355425995227,0.01934495350658074,-0.10432820991571659,0.1246704489662613,-0.008335127195634189,-0.09137499459327837,-0.03756851881903104,0.0659722315906304,-0.037954188515894084,-0.08552485108045495,-0.006258875026908795,0.0028690765110894155,-0.059049587296210876,-0.029669594726367043,0.16212194241256303,-0.08949639216320815,-0.016537676299910726,-0.10030893129708064,0.02174623159574565,-0.005911341280077147
LIG4,-0.03843690460404445,0.01638281877084066,0.018128168306462154,-0.003286836282507229,0.005910384806476679,0.003049774927357337,0.01831478294192271,-0.032128539462049126,0.04549936448083512,0.03980004629115784,-0.02349686073019678,-0.0001974160608556689,-0.0711906918220429,-0.02421700403412407,0.008842261470695393,-0.03379977046575755,0.008074876113577415,0.000873849793021161,-0.02071835882123736,0.10467089806254778,-0.02561204767154597
CD40LG,0.008520487974374632,0.25810613356142403,-0.031159422433393785,-0.015694911883835105,0.006658032365277019,0.13699226043978877,-0.009814361427713783,0.13900015796927792,0.11159288184955657,-0.014745354603980318,0.07282302758444437,0.07024650309156633,0.13850101100598353,-0.1179497157603411,-0.09444489938845478,-0.061306868374565206,0.04630171955834883,0.041315337045503005,-0.046556468940132975,0.053352912087182194,-0.267879529618931
CYBB,0.11795177197349953,-0.219981946330817,0.1875997492474576,0.05152838928296789,0.05494387584044804,-0.11714155486026177,0.004414067651656169,-0.09208939024235047,0.0322780583525177,-0.07009656324966432,-0.04946221690778096,0.04728147341966396,-0.02747174137599728,0.07254927241120382,0.11135603877731264,0.09517219588796298,0.02848409608313388,0.049909434799456594,0.0707058005789568,0.014755466892230012,0.2047703190591117
IL36RN,0.017893176058995226,0.01609788297323668,-0.06907681857594407,-0.040005697444149876,0.08530604093064072,-0.0030831891966150438,0.034094282558773885,-0.03787169890313067,-0.018490134534907436,-0.05078710837278756,-0.13265180630776033,0.09739133495225796,0.1274536780195847,0.02465548991955935,0.019770081538256476,-0.008661489748724348,-0.06629068907376433,0.02075045275336782,0.0457400945895884,-0.060868738052789605,-0.10316377106438998
LRBA,0.07799339502791114,-0.020978712319444596,-0.027745916034865335,0.13163042489096066,-0.1353475967973244,0.020498414455523827,-0.06423729677175659,0.09397779060957663,-0.054089864971115044,-0.0306854201003543,0.014986891823407886,0.12400165149592478,0.030297178355376514,0.019854355018780273,0.06290673943740761,-0.06532727722531971,-0.11148972104538882,-0.06925908486467883,-0.0021722435701589326,-0.014895114775705412,-0.001240650126325709
NFKB2,-0.05027212100241122,-0.008451893369260537,0.021366528954939918,0.031643613792831315,-0.04772770379205109,0.05323986039954544,0.0816948906361284,0.01728242255991882,-0.04807458438247187,-0.00869292445656622,0.017699680249934426,0.02077679797670425,-0.05204932459607347,0.023072717547559143,0.053940260406863505,-0.001946249918413681,-0.025296248215717503,-0.01072704678180557,0.06628610772994195,0.023225622867346897,-0.013391721765808233
SKIC2,0.007968610735045591,0.1758080374048098,0.15842813025369545,-0.05517076486749832,-0.020257342169567996,-0.064279416022266,0.045632159597952304,-0.1750208276372202,-0.04550846510296338,0.11315234827201559,0.13546838682345366,0.069368309508127,0.09522767797718532,-0.08834109445398895,-0.13850350013995982,-0.043349424630775686,0.07160383891461386,-0.12441588158746744,-0.037868237675987154,-0.2113121757567966,0.048722277842204814
C1R,-0.04844406196401517,-0.020959684135245193,0.07109890589919102,-0.014008830606893171,0.02309078590055019,0.07706104499633332,-0.14652830298823932,0.0010492088770344625,-0.07957566521433083,0.0030921620369181208,0.0480163684711397,-0.15349058009127534,0.03270427430708657,0.008456501522296808,-0.011317164489929483,-0.07124882988494352,0.043116617709299025,-0.010801354151173368,-0.0038758901622778946,0.07793258736955358,0.059996426604514944
RIPK1,-0.030325070675325267,0.00941794935650175,-0.05369296757315698,-0.011984331761102553,-0.013605346135336566,-0.05249773329899946,-0.02794477511548999,-0.003280334185618441,-0.009269838080541533,-0.044924565375805726,-0.021554133097220138,0.012854999090558471,-0.005488388190660783,0.0018609272241076964,-0.034886764853061955,-0.013258248235348272,0.0314779118516526,0.020655307206581094,-0.02992057108289726,0.015028414985084651,0.03574014533165021
CFHR1,0.08585067414420552,0.05345049046794479,-0.09269297062828408,-0.037594971073310765,0.021567200058530932,0.0671432613984382,0.15910587365415926,-0.00010330061019465765,0.05357906340199682,0.03314088787875114,0.03306711374782688,-0.03993580079075982,-0.042218219444212224,0.029814061395124096,0.09085500781717948,-0.0005595298031039186,0.048649247897743775,0.02034048164121109,-0.00292128426216294,0.029776342057202625,-0.015639406659309563
C4A,-0.027265116055147358,0.030611869378323966,0.012331675236942629,-0.0085996099341799,-0.006193791773337953,-0.029241353112722954,-0.018821919798205126,-0.010055384875323155,0.001631095293325444,0.0010332688795628286,-0.006563619972184958,-0.005895427989353657,0.0370569587572572,-0.07077263243647153,-0.07920531344886789,-0.013483677138524008,-0.013911709583659134,-0.02639534725117885,0.02291657958236085,2.3415760023675873e-05,0.020450643252201372
USP18,0.024857273006149747,0.03285704207443493,-0.06078757326119737,0.05089314483286301,0.0008387882076424957,0.02107158347539862,-0.03527486754304768,0.04127738047423857,0.05300683523418395,-0.03188479564519771,-0.02972887928390224,0.02257222983148957,0.015284773428917939,0.010423376126192476,-0.01088136971167697,-0.0006124975908704831,-0.010382007587858113,-0.09969650075328124,-0.02003537678807231,0.03569843443799009,0.05017755634488983
RNF31,-0.008576271464842624,-0.012811856450879741,0.021261258832525325,0.027683513644320052,-0.05612864793654165,-0.04232031745243453,-0.0184627939667343,0.011228229463292053,-0.037163370872957485,0.028179330790106167,0.008239379549889167,-0.023128025233435465,-0.044112885805203915,-0.031776550342519,0.04901985170352352,0.038556398736428,-0.02361663112276371,-0.013511789547643038,0.08340221959419629,0.0007197510404804596,-0.005617502251410546
SH3BP2,-0.041758909218430666,0.005675001018935338,0.026415671588493436,0.036037529887582506,0.02343244207184707,0.009593202579250733,0.009976246856047593,-0.021734774045844587,0.021809640578602386,-0.08988727034286005,0.01684942858756659,-0.006476525780481758,-0.027911531164251262,0.025307541918141514,-0.015893008033303336,-0.030850342933090517,0.032975728847976594,0.04049653165525893,0.008006109192933038,0.029521534647559647,-0.04345157545370607
AGPAT1,0.07114263934682294,0.05978611126950656,-0.09963164599163712,-0.03482517507012714,0.01819277019568171,0.05269879313357807,0.1433528727462417,-0.001889741803278152,0.04510770296960219,0.027606296317344545,0.0379450264957366,-0.03664436275832351,-0.042273429331980715,0.025012960729850455,0.09273639438451713,-0.00273699312111313,0.039044211361620326,0.023117799120654276,-0.01806168926247209,0.024651734022006048,-0.022888364549361787
ASPH,-0.05966104774642209,-0.039093368651719904,-0.018789285394533357,-0.18168615605459604,0.16705978166397395,0.09183320437959219,0.018655875219861232,-0.08383542523253365,0.0033496279414302666,-0.006326753452429488,-0.1131505594909451,0.0052553774424259365,0.03446021971566662,-0.08947639927724808,-0.06715322998570679,0.009025199184856971,0.012242832758317135,0.041227335862903794,-0.03471623208802662,0.162112097434783,-0.037532422564429437
PAF1,-0.007351342548594321,0.20998074506387032,0.19426848702488644,-0.039733573265834606,-0.03486493612413591,0.04872094749252415,0.06849211671791287,0.009421123583601709,-0.0020895298364492594,-0.027807226493514917,0.0899165295858526,0.003554500002677518,-0.01647703390963452,0.034394094505955354,-0.01463466443745503,0.06599601666841973,-0.0037109945276524985,0.07799866370783357,-0.029469563104507004,0.02436259505104564,-0.015164606759498152
MBL2,0.02407350710978098,-0.06679497494225052,-0.05255486588937258,0.051426382609250997,-0.0018182400568231888,0.027662869614483686,-0.04644457199700893,0.019206134761754194,0.06763008822125274,-0.10096096288080925,0.010503194667289098,0.025980865406468014,0.014666642076809327,-0.010569085896969468,0.026324373661092613,-0.04861008631916157,0.09931455904992582,-0.1470857838151498,0.04836560024847447,-0.05335032378134673,0.029387580044029294
HSPA4,0.10917434700739373,-0.028228472951479233,0.05753951717639475,0.004145266231341476,0.05841161975022493,-0.00037568944164367027,0.09432368786841948,0.05887571475366975,0.029096713350791285,0.06731576880014789,0.03518375006591573,0.0738875134285044,0.015533643969323701,-0.06519371974447807,-0.08613469853208805,-0.003978587873029676,-0.06401516081474601,-0.06878376785307429,-0.016362425494385442,-0.08065660702637276,-0.022266331816433668
KRTAP5-9,0.005491316394600913,0.005157125102220995,-0.01419642898961629,0.012478759129019211,0.005708521826925424,-0.005799260438843215,-0.0011282604049477518,-0.033723043164093865,-0.03540610197512329,-0.024570971052576704,0.01775256023527637,-0.014801674588997846,-0.012363439902866702,-0.023068894625366484,0.02714376566193966,0.012304048724348543,-0.015215499001451156,-0.006546286978344738,0.016142380316553975,0.009950148288709323,0.020656829197487275
AGA,-0.19245464940804285,-0.11129944418177125,0.13490819727663633,0.0048133040878675405,0.11757334736680282,0.15644575726717272,-0.3035323471285228,0.11517181057078538,-0.08814758722011153,0.08298598562256324,0.056388117200854085,0.14787728749768686,0.02540909147794603,-0.05146022562408123,-0.034040850731540395,-0.12909295556284434,0.02531370870422623,0.08142684325863432,0.1250092279034515,-0.11453361889493108,-0.019650945255496852
RNF128,-0.0038414601275094246,0.25792734362579817,-0.03383562084472355,0.0031178329131029904,0.02177729228448875,0.1191231699033152,-0.022076436656068375,0.14854226583219587,0.11785857174467917,-0.012253351477578273,0.06744341107469289,0.03540901064893324,0.13272857199123525,-0.10220952505630548,-0.10275569571993039,-0.07768205111033889,0.05674887045932557,0.03987084078447376,-0.03903770606990521,0.059923159908213564,-0.25859183502940536
PARK2,-0.23731617492051765,-0.012429218664593419,-0.01887166607515768,0.009377532775004485,-0.19548006283418673,0.06408880833299159,0.006713637346859987,-0.3498197130785932,0.1740530559868103,0.17903512945348135,-0.12078195232242436,-0.16836275105219192,-0.10968743638187947,-0.05858124468671925,-0.12946031073652528,0.10184680959161829,-0.052160365114186605,-0.008960819654179858,-0.004337207604760641,0.024142624258974028,-0.10545791130654919
KLK10,0.026365658816477816,0.013050458524960487,-0.015290701321552264,-0.027111523043702106,-0.010668716209722852,0.012558964953390882,-0.00481540576367009,-0.02020376984487393,0.030838878198212925,0.04354612093230537,-0.02988246540729804,0.01712525825353085,-0.007525060078438737,0.07062183233596404,0.016895794657177863,0.0053128000316599415,-0.01783551644849036,-0.019855225007528943,-0.046980768598425746,-0.012218340606339657,0.01951100586473629
HSPA8,-0.005104663958418484,-0.00011092200550088608,0.004764068600880598,-0.15398804230531055,-0.0462468580646109,-0.030824138701996146,-0.04464569791015645,0.03018395554294432,0.03552702773556416,-0.0017254686962277386,0.035727486436502406,-0.011275396396059395,-0.042540883286078385,-0.055695810943019876,0.028562457211299404,0.026437269948839107,0.02706214283695474,0.048346544726211714,-0.09334109067795165,-0.08651346877435138,-0.06383002320414898
PRKCA,0.012357465234260514,-0.06791162960846454,-0.05192923482959247,0.049531654424531196,-0.0317998817091452,0.08034775601390848,-0.015011739646352022,-0.05084626000864034,-0.04023788864031094,0.0589225167585133,0.10164213327838004,-0.019333438486599866,-0.04265845605226648,-0.008013425466351955,0.10834489653152946,0.00707661676348857,-0.0806609579581141,-0.08774648401220675,0.03150756622671161,-0.016795957502860354,0.0012744665967569528
VCP,0.08267656071835415,-0.08110123458152954,0.09875173223553095,0.06802494785614283,0.012643936414736006,-0.006575189743642972,0.040322706235662725,-0.06845053549552764,-0.1399832675408092,0.07813921803554802,-0.09260845540244252,0.025199959573568843,0.03989414527615629,0.05412551747530541,-0.013416560939608283,-0.07828117316687591,-0.014476003050426246,0.08619441674909088,0.024500670231323903,0.03223808416816608,-0.05153636090356459
UBL4B,0.1128617798608453,-0.06338552602996403,0.1438989816752156,0.030508282025269118,0.009389502558666721,0.0652935137339365,0.04503502158815695,-0.11213778804632342,-0.10444800528993681,0.08019807662742606,-0.1071944856149617,0.019763140162958354,0.09738158340948809,0.03797643566229573,-0.025300370341251734,-0.12704464964801623,-0.08771341818307606,0.09662188151814659,0.14670108611857446,0.005433327895757631,-0.15883326616310123
PYCARD,0.11442381159377182,-0.025489881928933616,0.026852697350605186,-0.031071878189790066,-0.03869548070740194,-0.006800863471502929,0.056700616677175394,0.028027773178596796,0.0648789244653166,0.019800832858724186,-0.022682725483263316,0.024008336872106784,-0.00831305928045168,-0.05033028554110526,0.08950267348474551,0.025732733307551395,0.00168982829851811,-0.031042946111292307,0.015771220716810874,0.0011768326604368207,-0.008720163786129507
RHBDD1,0.1271884572399556,-0.027778025668439392,-0.017847952277691998,-0.02081359448612854,0.037910795831341895,0.07712995148181816,0.0908903201741454,-0.00680106009555339,-0.004922710926424234,0.037894516503929075,0.012916606243435486,-0.009516943547424465,-0.011231221454649653,0.04839814604245491,0.026369637122502426,-0.007810165826573714,0.03624317683271384,0.000965160477250501,0.0594945451527601,-0.036104357350483236,0.009385088054074802
CCR1,-0.0277923921480814,-0.0033490319180793917,0.032837818925290856,0.0388190908213009,0.036752419663041665,-0.012579616601299843,-0.01571799526616023,-0.04214779193838742,-0.060297941554507,-0.05055615748340229,-0.015742771744995308,-0.022951095058354513,-0.005918491039224231,-0.18159895025523945,-0.014143843096755523,-0.043989590157592594,0.06813391470975563,-0.016355824261548826,0.055985827297146955,-0.02083998195557389,0.032966216561537316
CFHR2,0.08585067414420547,0.0534504904679446,-0.09269297062828397,-0.037594971073310765,0.021567200058530897,0.06714326139843821,0.15910587365415924,-0.0001033006101946225,0.05357906340199682,0.03314088787875107,0.033067113747826886,-0.03993580079075979,-0.042218219444212196,0.02981406139512399,0.0908550078171794,-0.0005595298031039592,0.04864924789774386,0.020340481641211043,-0.0029212842621629638,0.029776342057202705,-0.01563940665930963
CCDC141,0.02018327179283311,-0.08789743752253032,-0.04917785198915648,0.041426248205125596,0.0828507768613632,-0.11913536073876482,0.1009272132155716,0.10282145201697356,-0.044054670526893935,0.21527722519984682,0.03322283456455952,0.02129180847429761,0.08493177428832485,-0.0939284784632562,0.02983915709128657,-0.07987580829610133,0.02573560348749883,-0.08333405211639802,0.07765955181336337,-0.089420119293914,-0.0387693477997248
FABP6,-0.044792023580586676,0.014993569413045905,0.015835767753523362,0.047998335815624786,-0.04725771214394378,-0.1208228561781882,0.024240670110917576,0.0667162017346293,0.0026786689309116125,-0.04969592128245843,-0.018033335881416195,-0.09523355345620513,0.035791702017108594,-0.04952017189270858,-0.02750447252448422,-0.04552505736528759,-0.04242121358299526,-0.029467943451478584,0.02285784126617178,-0.0050498461862153446,-0.07257068233290394
SPTBN4,-0.013663147463542444,-0.06268967824704826,-0.027623745597529264,0.03028091067905451,-0.030177375687003842,-0.15026780188321673,-0.004286292461670434,0.019375357788217626,-0.01996881542272534,0.1575577884783544,-0.01959563331988315,0.12256292793954575,0.04920953107460774,-0.03203317318322122,0.01058121572946311,-0.07887589533501625,-0.000167189523189463,-0.08550356683573256,-0.04393935148036452,-0.012096097443729586,0.04776414109254998
DPY19L3,-0.07611251881025986,0.050237262299702594,0.039183606059146545,0.022831228410076194,-0.05130386571838934,-0.06666949286593339,0.008439862162389705,0.03330322067300778,-0.07035794476395776,0.051897837216406305,-0.0981453181552303,-0.03291698222806878,0.019911664501063422,-0.06205972800906709,-0.02335033035196478,0.07873625391421459,-0.039827045352922856,0.012763069665639644,0.07800382374867583,-0.015279357046726231,0.15827728325823825
HSPA5,0.06707884241292036,-0.03995938696170929,0.01532507376449198,-0.05112271247056821,-0.014740880683267626,0.01989100400913974,0.010383782965810943,-0.024996246532945184,-0.022226098478230493,-0.12173191430042844,-0.028808530848572766,0.023752467910835726,0.049436530933199614,-0.04005673458882072,-0.07015758362439732,-0.012620843872547456,0.08323791885499937,0.08344105436970492,0.0027508541291906075,0.043698682179820945,-0.09178526233124017
MAVS,0.05154357862482911,0.12278373172315436,-0.044662206740235716,-0.06224982471112361,0.005129879397945336,-0.0661218646890522,-0.019620532223327672,0.03407458883353627,0.13165729438204218,-0.03165324399583704,-0.005424039109918938,0.03336977129168444,-0.018326067885797007,-0.0014970360941262016,0.02125319939130344,0.018403127130762476,0.034404643461860424,-0.0261938242646491,-0.03132786140829173,-0.007252478776579325,-0.0028009665838135576
UBE2U,-0.10207594978236977,0.05894784152019841,0.01868892252701474,-0.00033922924622165805,-0.011891746154372987,-0.024247681014810195,-0.06440125760918369,0.02468695629633642,0.01042235570000654,0.09761983248536538,0.001080716173840995,0.025521047947209087,0.026173075266057576,0.00748577777837267,-0.03434404247918238,-0.009885629268045336,-0.035394078169751104,-0.03037796635406866,-0.015585477237897325,-0.00204495510393884,-0.01362763126112265
PRKAA2,-0.043498243690233175,0.05112786983133884,-0.06931158540828845,-0.08863087204015928,-0.045625613284477916,-0.02638409087260692,0.009192544353993927,-0.06684015803034918,-0.07049600650851988,-0.01819778165492614,0.09753564955390377,0.009442876960421698,0.043668081059118596,-0.04459208572297031,-0.09730181527305426,-0.003962823185936698,-0.004110645569070343,0.020801696574106167,-0.007004905613162141,-0.04017164898881888,-0.060566588004909015
BIRC2,-0.04918248915884936,0.0034619452167931135,0.011525313309151547,0.007893800286466987,0.04042482843916384,0.022605053080628008,-0.05286307877254599,-0.003463894242979881,-0.038015996712418024,-0.0012703191789654878,0.028421671996330618,-0.10702121170708911,0.0641053430640024,0.022753179392697755,-0.03341704379011488,-0.031343484681633615,0.022482253195505224,0.01886811260170097,-0.02684538487585297,0.06491920494280787,-0.0012567205298994616
NUBP2,-0.002707595467552587,0.13014345051387857,-0.21499642263822435,0.0976315858350675,0.07616474987092764,-0.0071010191500222855,-0.07931588056946894,-0.10554452612046278,-0.11274821177240724,0.00022230925365234123,0.05722149954667021,-0.01758553436008924,0.09559524337997537,0.04023822159275865,-0.045709924518261384,0.014516950049872432,-0.04756804322362307,-0.04295979090559491,0.0878377264234531,0.09381527611825768,-0.016853783376388834
SKP2,-0.049052119789135866,0.01919281626784613,0.033478745089235075,-0.02233913547916911,0.011036567560592016,0.039714824726931594,0.029012482867477304,0.06503388069362376,0.0696340458027975,-0.0681034245172579,-0.16320521096020307,0.0752223595061348,0.11205494203896675,0.05547124416047312,0.05595981542297207,0.004077479466641366,0.02044997361630894,0.017697842635151343,-0.05081906417544194,-0.08365370280913957,0.008152692296439829
CBL,0.08129242167826482,0.04193203897075959,-0.03686887721910958,0.0048753177812559,0.030706820615236566,-0.0004417440267269813,-0.033628422129520844,0.03676523714423577,-0.0023787431934082486,0.08137968547917648,0.011375975337639213,-0.07586988168767003,-0.011930340503491699,-0.036820786259132286,0.005405817809364125,0.047610739534707625,-0.032380718137694796,0.016969998611956114,0.009973896520556204,0.009608806570940973,-0.0032911259962875735
UBC,-0.041475375376867,0.010971894185712155,0.1127789888990991,0.007199005641171166,0.004787288804474472,-0.0316699527178295,-0.08873808959637199,-0.05637133552161526,-0.027698544228631522,0.060611441259731356,0.010312339185122425,-0.033987623513176364,0.005976665350918843,-0.003108902296641302,0.10006622859923646,0.07307683945102578,-0.05612824386519437,-0.05282303714892287,0.014434295652610854,-0.005763347994509561,0.031308546397737155
EGFR,-0.01532537663588373,-0.05870815774795051,0.0659596444246566,0.0037379387396136127,0.057219226974997026,-0.07106266440301298,-0.027961224663833,0.020287329931100436,0.01764092867661776,-0.00714262357243558,-0.015675747793763573,-0.023371501441091652,-0.02458043148679126,0.05762218182496351,0.0017460374452165522,0.019506436137695114,-0.015146202863747033,-0.013387500244082732,-0.03731753565520896,0.027101689277145555,-0.01689162353854405
SH2D3A,-0.03932710979409798,-0.1866075940427954,0.03693676326646031,-0.03230591438860596,0.07582051735073848,0.11661480778024752,-0.16904925930980508,0.02875857361821366,-0.06385922050870942,-0.011343882941287268,0.038321262398479695,0.08076274284009721,-0.08021620704422662,-0.08748668607201032,0.029204797593555588,-0.09174268288165097,-0.023673199581014073,0.0673117766182103,-0.08655946068363367,0.029606611017987176,0.03552889556281302
CAMKV,-0.05449442106322313,0.017785333618152564,-0.026041552044261517,-0.07125030190005241,0.07385852779529349,0.019566275242154842,-0.0475395031419761,0.02544363156419475,0.000546723317219771,-0.06503049332617662,-0.0823225072157906,0.05918884295000417,0.06990429007345494,0.0008999428011752439,0.12029441644337777,0.12045483671741307,-0.1308237581908206,0.04452265321462104,0.026936938829241447,0.020161019527757593,-0.1296613141120849
C3ORF32,0.047058205275641765,0.022542482901074808,0.02025599806419634,0.024193620530167357,0.01240487224344703,-0.01208787639677231,0.07437470894789912,0.0002967302870147211,0.012242200479981525,-0.11053188810946761,0.04617562071816111,-0.037495515465567196,-0.017349015472591184,0.004364799776742089,0.006165027094700394,0.07469243218132376,0.04413795059198237,0.012185235030216918,0.008488792311303502,-0.02966747382006609,-0.02264968219991565
HSPA2,0.08389671711474929,0.08064181767233222,-0.010624936799789483,-0.09011041982211918,-0.011749651396586862,-0.0723526913028161,0.029908259462632293,-0.0016091645182165206,0.12341322672360708,-0.01865450617592727,0.04339810253091001,0.01506619848998985,0.029302408502207507,-0.058603918016355734,0.012747917954205277,0.02329539747769949,0.10131680273664326,-0.0271589242948444,-0.04635597627322711,-0.14635153222863295,-0.004674141339712631
ULK1,-0.026866006672406535,0.07114614105233734,-0.1516847404490136,-0.0984977449114837,-0.15047337184533469,-0.02917696084358733,-0.015831408680307177,-0.047816533952635965,-0.048888534659996395,-0.05041506321190123,0.09365128973647473,0.0038434813607964562,-0.03412712431941259,-0.02689190092066134,-0.003413259365580093,-0.04040491218811964,0.0032718114922893537,0.1197625551547293,0.025358886541434946,-0.008202197673856548,-0.01864681933177592
CACNB3,0.025696002840101945,0.08616498677133108,0.04465339996543796,0.026543933602228554,0.03482230582077078,-0.08926950888830118,-0.016526923413450266,-0.18796688050342977,-0.05926734787740037,0.16036747679789803,0.06052068463235778,0.08318194791602297,0.1089143962376251,-0.06253162793989019,-0.1073793216670981,-0.07407695372124086,0.07194780698946592,-0.16236922349418534,0.012139572086770658,-0.18333009701534994,0.059373301540286555
TRAF6,0.0007463404943287711,0.021609001420221496,-0.06063089307733556,0.01017373917168922,0.03957946589915406,-0.013035819381307196,3.091344683286757e-05,-0.005656849630114236,0.017270394757182957,-0.023550959567250992,-0.02778820792653472,0.0015662346361986618,-0.002259195013768952,0.027284307231339136,-0.020674501692532612,-0.04179776156119304,0.013502943359629031,0.0003901647496244659,-0.03343523877541471,0.01048922833552412,0.032689870642032694
SKIC8,0.003073380510568421,0.23508325165917307,0.1964685224781198,-0.01359131207044083,-0.02830639872157393,-0.0228738963626142,0.048185816810195674,-0.1383337868745672,-0.025929848581038813,0.09677241925658364,0.12989487393344232,0.06471997822175853,0.0410767605890036,-0.0476660366602639,-0.1291729137200053,0.009884452135748664,0.07074786542561026,-0.09929030812559739,-0.041724154812607085,-0.15343657941512323,0.06302156752734128
LIPC,-0.045783959057372266,-0.024347655600248676,0.02799533221630723,-0.07502833276509803,0.033774019312642456,0.0354957698018384,-0.16788930070894403,0.023519356175715513,-0.07177188877094487,0.03561369110371045,-0.03220389991752511,-0.043432959716721745,0.03523670487300198,0.03128647735797979,-0.020452011433878654,0.0005071818893092677,-0.015448755204975783,-0.052092800160534664,-0.10613963831852047,0.020836501010935767,-0.08800586511385175
GRB2,-0.016216485486215137,0.013813213796942836,0.015713821469681245,-0.002200242863832786,0.005231396297974402,-0.014463119307999726,-0.03382096131939192,0.021477368959697186,0.029285331431755112,-0.02101763603325754,0.005689512975999008,-0.02866730397242107,-0.016825504054415123,-0.012272890243630081,-0.01262734747267834,0.015650033061226424,0.012866368447549988,0.020990756486049506,0.015720764538564795,0.056599480440206844,-0.013107454480202573
XRCC6,0.015123681125052873,-0.016829791602176375,0.067711349963668,-0.05445263737609229,0.012423194311601705,-0.011584405773195654,0.02068190266277367,0.01743902734254173,-0.013559866684128704,0.01867181749421216,0.06473051890564577,0.016017996391975157,-0.011770498788965121,-0.04400984454986305,-0.031219583249332737,-0.030274211144970913,0.021111395588032104,0.01785739970336225,-0.04756232212470615,0.024734389155382026,0.007633942371344241
S,-0.17355665936735135,-0.012013502967627031,-0.056850956836949414,0.052314300514822644,-0.13974179669928372,0.08200674952976487,0.054405017144400394,-0.2883031788632496,0.15688129432390938,0.1689660846565501,-0.06682431392786904,-0.1691596012628184,-0.10987333061287138,-0.018904585296594896,-0.11471634081221169,0.050626901476045996,0.012026772109932492,0.04553702645015159,-0.031209370126221603,0.040531909725503454,-0.05253171900058493
TRIM25,0.04120922212683925,-0.005760038796647181,0.00032065361077050075,0.0042802591386388,0.06252307605023094,-0.03579799726995949,-0.047321233573097574,-0.049042291090350354,0.15130379671848826,-0.0013006643912914758,0.048521593054443035,-0.04424584983798492,0.11281626914646467,-0.03184900219148006,0.020839829176546164,-0.02236434064124063,0.010955007375524132,-0.023068782072269752,-0.04561124018118438,0.06354380929810959,0.037577746579123834
SQSTM1,-0.009109553284383731,0.01311771346770406,-0.0489395188331029,-0.031386143381398154,-0.04978128480707362,-0.04005887912747079,-0.004022112644403051,-0.044890564820147714,-0.012073061471578323,0.003366643860990628,0.03426791691872615,0.026023626672945766,-0.03960793928968065,0.04933666548982582,0.03889703331585752,0.003449869520049201,-0.03148085504858404,0.0015605675796607301,0.03951147120788496,0.013992967134435845,-0.005107025028962775
GABARAP,-0.01413771746731836,-0.005353682539369493,-0.10680296603330132,-0.11436759219206559,-0.15513390180478975,-0.03694790515231381,-0.019379941766801655,-0.03432787764618094,-0.07110660654964171,-0.07988012416932405,0.09277809092856053,0.028021716596402773,-0.004905803396161248,-0.006131572936467971,-0.08824727682370419,-0.015372674114207145,0.034716301961665974,0.07055547587356593,0.0027694933695242337,-0.03133086724433891,-0.0036558346898400407
GNG8,-0.012140422958405348,0.002379151762126602,-0.014186033491751545,-0.04236351936462439,-0.016951332664074607,0.017140888677364532,0.006840486855309735,-0.019355491724208803,0.02062203394269072,0.04063677318765213,-0.008200846536686995,-0.0020726694601671037,-0.002782458018478374,0.05994667609502573,0.0165197327629795,-0.0045201547042644005,-0.0028690888991782714,-0.01236656830351376,-0.0005914464758238466,0.005977561071665726,0.0016117170291892417
PIK3R3,-0.010617325259637002,0.02345277853833932,0.02770847149466789,-0.0034444850769221012,0.010978483347984848,-0.03796684173284631,-0.0705620221642968,0.0694148158691656,0.01445883864492783,0.02387784463129044,-0.01164753712315671,-0.09798673474308044,0.011206975490870857,0.03014701274528969,-0.014998049849331068,-0.04598000214103904,0.033608496934593446,0.02748568823788051,0.004781943523061125,0.05351681312564286,0.005532545531029331
PSMC5,0.03841182925612011,0.046702787646933835,0.02655522309618273,0.005250043879781954,0.026721333687311465,0.017170674634360557,0.040409335091671876,-0.0019496596915892185,-0.02488769239171204,-0.008777400687025655,-0.016865589995743304,0.006583293529955298,-0.01859381221511442,0.0028080270345041867,-0.020575971658885858,0.01821201616469537,-0.003044098061102082,0.042859858843751195,-0.0110687958083681,-0.02360049597343356,-0.027623999512022896
SIVA1,0.025040042427937045,-0.01170856213548767,0.02445082744889092,-0.053310162774879356,0.015248078382900012,0.00555914835693369,0.0016604450853641324,-0.0351738805295894,-0.03040452557492065,-0.01652786728300271,-0.055033344917137794,0.008233070174902006,0.05966352827019781,-0.008863805668084859,-0.05898390700661052,0.010270660785438026,0.024253383656278403,0.04849193893893397,-0.05557377722097428,-0.07400102885738517,-0.004704905521400968
MSN,0.033974091758536586,0.09660434136263331,-0.038571070011746075,-0.030819437086164345,-0.04162920148254048,0.06445434847981263,-0.016817606306276295,0.042865535986301787,0.0005559489358850177,0.04454755799173046,0.05966719809440302,0.08262661951733359,0.010928827428855942,-0.02022280970824603,0.03197228839732231,-0.059093944319703544,0.10572744294281866,-0.01255862110012001,-0.06567887988860467,0.0321914159780063,-0.10943913281294097
DSG4,0.028655511985693508,0.01771641941879273,-0.0001718899590550465,0.04967466510167069,-0.039178846652618726,-0.07097853365818964,0.038192142949254736,-0.033040430446868406,-0.10710327917162267,-0.06864918191560382,-0.0016883884381658964,-0.04218514438087999,0.020605201416445715,-0.06010111041021396,0.016707904992219504,-0.07215740900423319,0.004747451599397405,-0.005808938347271066,-0.043311530794528263,0.08792158905578179,0.02667377866191053
NOTCH2NLA,0.008758276173250801,0.01361260685606077,-0.021528346427256605,0.03777291030432325,-0.024784371840882353,-0.0070045574035092675,-0.013743370908306081,-0.025849439715384365,-0.029954331559023734,0.04978748187349774,-0.007536967200340008,-0.028362641301116428,-0.045778108184278,0.040414355812287084,0.031953411507432104,0.008656043956450532,-0.014850554105606687,-0.003146695368073621,-0.03012900848817069,-0.030050072104092006,0.034959030177417326
CASP1,0.10976997490737017,-0.04067451061285729,0.06637770576009143,-0.025228941137715784,-0.0464834669417939,0.01590275716469167,-0.004572031986209696,0.043410696769432364,0.049815053305362025,0.0357154895158246,-0.056704996659011825,-0.02146407336898357,-0.01351532586550602,-0.0527820781212417,0.13121813852878295,0.015583809475594129,0.015261432312244206,-0.07183489328515157,0.07891119995741747,0.019540769974353278,-0.00493206044343631
HDAC2,0.0284308606620302,0.02742403848090882,-0.022209204401517968,-0.1102714157248279,-0.0049612085976633805,-0.16388978953536495,-0.11718189549770414,-0.055330311563853554,0.019448102864838338,0.016698621217717362,0.06712871758405159,-0.029045820441837206,-0.025567128170903657,0.015489991855665339,0.07572428361782893,0.011420765141608943,0.022442544875797586,0.01019414462438077,0.08640779454582351,0.01688082685598469,-0.012500554229675508
PHF11,-0.04590797271914812,0.04478545911780062,0.01411645284681746,-0.01238204096571075,0.006922232084361461,-0.013354495146697853,0.014576453389339716,0.005552856140764071,0.011978139659819361,-0.0039647368457642945,-0.010763280911301068,-0.0007013512113132045,0.021009047441172293,-0.0014529867032656235,0.012578991104692192,-0.018463578978268957,-0.00034470056149287783,0.009697087811530076,-0.00839746610141519,-0.0017308067555133148,-0.005520319934401953
TNF,-0.030538045924846068,-0.019930933446743914,-0.03662316777848204,0.03311127054395073,-0.023699642013694563,-0.05757574047272452,-0.043274165993836815,-0.02745199477419553,-0.03530766478910595,0.028119388838451807,0.015701757402915434,0.05374278662051665,0.014013928843182578,-0.006454017786606418,-0.07136746818428384,0.03647235323036406,0.008809307579429389,0.03290776356431308,-0.03652329367835071,-0.03613413145418153,-0.01838365683595968
FOXP1,0.05410772299031062,0.004444507642055934,-0.06024769500516029,-0.0022315086721252804,-0.006709066394669822,-0.01165741934093823,0.014345399177460916,-0.07571341257899636,0.011582893870337055,-0.015908396456107213,0.06166594914331925,0.007120311105736723,0.049971709472921864,-0.015977756441909907,0.015726524353400047,-0.02417518913344055,0.0343924911345234,-0.0018005985486108389,-0.01569220866179257,0.05240967378620912,-0.008270005893374816
MYC,0.017698510103671104,-0.04377199270663695,0.03505836084865109,-0.018701707980836216,0.0009163831515933611,-0.013376425555966603,0.02146033029072835,-0.0075739979786327094,0.04594874385891138,-0.010529879700837855,-0.028304583357427276,0.04871856809230106,0.00043773219946166103,0.025859963007476623,-0.011005646690831173,-0.06213936952314782,-0.03306041155718738,0.01908395196914636,-0.044616598737064216,-0.012355219595713854,0.04654116804708518
REEP4,0.023438121903585987,-0.0041701794410697055,0.05772026033484597,-0.032438147169468266,0.0812501868079686,0.06844294428009746,0.02122918005484586,-0.03164912605605296,-0.02149804352038485,0.09344745008255861,0.03168336732744238,-0.01988531223910093,-0.05991511494025817,-0.044397389516531924,-0.039639217252247345,-0.04809851391159564,0.05182375462598887,-0.056984867105988025,0.011477964147791444,0.07735852019774853,0.08575155788270922
YWHAQ,0.12389517262839962,-0.03980911311830312,0.003645860971312274,-0.16216286635049107,0.20971808316733617,0.008059532707263669,0.00518969370702789,-0.13398504855562096,-0.06714284088278401,-0.057941294289781446,0.003325706949673612,0.048133263421800215,-0.24287337764452438,-0.0627531867281873,-0.09089209978937851,-0.015624582455550061,-0.06776041460131163,-0.04316042917266998,-0.021779999857739915,-0.06625900917821603,0.021271555659661507
TRIM21,0.021296301008996366,0.00030081257148454905,0.0011067287005269405,-0.01988445291636704,0.020831167604921572,0.038892892751847506,0.01933770477004805,-0.005801344971278988,0.0590478477342525,-0.0792371457856752,0.006844328856954354,0.032629441650749144,0.044934113722553355,-0.020058922078383775,0.02016146621666893,-0.04854400197239132,-0.02296570682587648,-0.056239420479102166,-0.03546024777249395,0.0047055660138184165,0.006481053118729526
CCDC6,0.04980278095992875,0.05737050492693781,0.049410415054151106,-0.03030173844706496,0.09726754241207752,0.05096166657790537,0.08710461770292763,-0.028406063180476542,-0.036063897770380944,-0.0008776478505422034,0.018020906743194953,0.014404646944648214,-0.04145137974957969,0.0576795232582425,0.0022612790754599076,0.11987757227317956,0.007198338851790402,0.005399933622547955,0.0185657712333509,-0.026393756916007132,-0.10460500983211576
NPAS1,0.08991485310849336,-0.03234492696345527,0.040120329799366306,0.07255583295239713,0.022135947841323163,-0.08420046054550925,-0.017712598633072504,0.027387845181862814,0.04073690887061508,0.007556592102483024,-0.03949699761312374,0.0456064147163147,0.04912927552492227,0.0786815810319514,0.03910873961362872,0.0388525503236892,0.13811691469878623,0.07342087490916137,-0.007468443623632587,0.03860168739152205,-0.015233166105853818
PPP4R1,-0.03678319800016831,-0.010580543674889201,0.013716118545589816,-0.026360251057360867,0.06466224664476572,0.0345167717283972,0.025055156875008665,-0.007782489871374646,-0.05250371651451822,0.04000757746681438,0.02016457499428225,0.02211404696086256,-0.016991613727840374,0.055947475845213396,-0.02654818408184392,0.15093194501238588,-0.002137800878770042,-0.06391175600210405,0.046629067083486346,0.03328318535901217,-0.10687501483231669
TP53,0.03194747017116071,-0.008111019965254483,0.08751646512291342,0.06755233504140706,0.05437546744488145,0.11979856079180956,0.09539909794338346,-0.007423374029039091,-0.05572716893415436,-0.030896365926396545,-0.05982487754682608,0.016699357684255414,0.033752091225175584,0.0073938115898231505,-0.0335412087858929,0.039416383066462626,-0.0005176742869423947,0.06853517015158496,-0.09097833592423978,-0.01405112062163442,-0.03968089351445456
C1RL,-0.007978473155623573,0.018338141748971873,-0.07662010600597392,-0.019480252361199428,-0.00564463284964618,0.08843272954746044,-0.02558882286305643,-0.06479808504884454,-0.04441785722442276,-0.038779162638760606,0.04670998229638996,-0.1055649285301577,-0.0055313424670795685,-0.029110748076501897,0.12271347838125078,-0.01930199841105627,-0.021684399225806984,-0.04639861154321263,-0.22527286646280764,-0.10674349829348184,0.0036672062530189566
EBP,-0.0662390498941371,0.024487001366913768,0.0034488654386717393,-0.028322510659004586,0.03865852519896124,0.019718404560547735,-0.03269385332491434,-0.010801829160754006,0.004710950760112143,0.008375573807487461,-0.020806104940144322,0.011110221914283562,-0.004609897583191245,-0.18966484940471084,-0.008007446712604118,0.08540717642509119,0.0028177497628162273,0.057286110528577384,0.037319806682819895,0.015644120425510444,0.09129742416137357
SLC10A1,0.049401428280266106,0.01726400927930907,-0.014476661235687142,-0.03243298845377232,-0.05150834997277519,0.06793368410227762,-0.032578515203240684,0.05101260440899414,-0.01666673343628502,0.011128464302515875,-0.016790916834043778,-0.07952324476727901,0.018306484409603054,-0.0020524476108933426,-0.03900233587019864,-0.04343821855759126,-0.08076234781972819,-0.045737036672416555,0.04551281957828292,0.011538733430248253,-0.03214207383163739
BTRC,-0.013617419648896699,-0.043997656720991964,0.05012111117207712,-0.06243314170713973,0.013419770201649913,-0.00144308942602378,0.08043735483875139,-0.012771419556380363,-0.1158485643654312,0.02039329343579926,0.030729685159614398,-0.05922584258359519,0.10472798763716212,0.12269822875046009,-0.006453199576355799,0.07054963147573753,0.10630171459304516,0.12939151928770054,-0.03514912470930537,-0.05040962394135833,-0.014636872773584273
CYLD,0.05594553148553495,0.027846782031092934,-0.0050360878532502654,0.024127537039194635,0.03727395415892828,-0.07146731734050944,-0.018725426129778764,-0.032265094688113026,0.048116565982192085,0.04364530346940074,-0.03678032444878447,0.034089584097595625,0.05375929556949946,0.024250879455546125,-0.003992511020386762,0.05176258174061615,0.008837607192795567,0.019822109585671346,-0.04281037824679978,-0.04916797933275955,0.004925953617327439
CRNN,0.01328059945931981,0.009539625665078497,0.02611380353848628,-0.019912328747592495,0.03660957578502847,0.016296688195798832,0.04846475410463595,-0.06177015304612048,-0.02673322919017724,0.007822891284490908,0.023195897398507557,-0.004045567113615398,0.009368931241474547,0.010583395837215813,-0.0255895482984057,-0.023110903550023734,0.0049982126241016256,-0.010865815946735235,-0.00746359200000704,0.021515025522718396,0.0244761791733803
DPP4,-0.0009333204509250756,-0.0610188357974598,0.06265974515858148,-0.12301736077424594,-0.09341381520926213,0.05241378215196784,-0.05383584435652552,0.03485163178494606,-0.18429548668004112,-0.05870761028242236,-0.09377871728364838,-0.0954504024569808,0.11088589599593283,0.09981371582278493,-0.026553962478101347,0.026048617053193286,-0.006194297363572705,-0.08380716624055397,-0.09849313655306187,0.0687410205683541,0.08940513390904517
HHIPL1,0.037574759112712415,-0.09988865458649898,0.020362407723306688,-0.024846044674425187,0.014317648981348326,0.02528291485345315,-0.03722760911544295,0.06282708268532892,-0.0035818980742863696,-0.12061967259441439,0.004495932314225033,0.02932170859782168,0.036791055666839205,-0.007321442220677556,-0.048302518032907804,0.06005578726919213,0.062225754002440924,0.11460627011570239,0.011960968676255653,0.05085375683522686,-0.03578168717542863
TRAF2,-0.04434495014095205,0.019096991595224114,0.06938075230625822,-0.014572501545599826,0.016706268638705515,-0.021749753975372044,-0.020007517624400107,0.023264825125650663,-0.05083779527709754,-0.028221794855428216,0.05587794450733597,-0.0906666594865105,0.02987883776410665,0.025206452334536614,-0.10147268870136614,-0.006778449852124467,0.016464194955196635,0.1635256282117792,0.009547134168646032,-0.04504228529043242,-0.011621013888360525
NPC2,-0.11509745076557322,0.008780434278144601,-0.0788026417539257,-0.020628255706029944,-0.08410501628702811,0.0972303001797086,-0.07944528918397639,-0.04631186599931052,-0.02742344509477149,0.008776339722439234,0.023624078355525553,-0.05674831415136604,-0.014418166596775334,0.010599706064877321,-0.07663915868894801,-0.10828057385472786,0.038657263373513946,0.09326284446146715,-0.085727478216421,0.05894832294888659,-0.053099363370389466
KDM1B,-0.10815802151678289,0.05538714031210316,-0.001532237418779826,-0.016653644470196415,0.11450704556574268,-0.03413884729763694,0.04768762509928185,0.04840235587056791,-0.013651945848666117,-0.045105686423479195,0.058050029158257556,0.07369696385570952,-0.00493556709744182,0.17601770939525402,-0.09770085096281181,0.016962171550421307,-0.04661497842440187,-0.058372507773854956,-0.0485957040123993,0.08165114389319207,0.015249595226944697
PAPSS2,-0.10832939106734399,0.01847384432406772,-0.0287041474973547,0.018453816829878372,0.13419108545952732,-0.055310469661840715,0.020826447549720142,0.014815765772593328,0.046003463335952545,-0.0154243362221744,0.06976103857374144,-0.026054177697024564,0.00036910723831608657,0.09831862847468541,-0.046067742178611065,0.0917041174032444,0.027873526814529148,-0.06376916216621835,0.011137233765628363,-0.004515327369964545,0.02417603800777575
ERGIC3,0.005605468336464632,0.06765511049131667,-0.02533890079305312,0.020438524878623673,-0.011675025554098564,0.021793410069865266,0.0375839482740242,0.004718943311429371,0.046843997518251836,0.04609692904229927,0.07167858797836098,0.020314145944169647,-0.05475511180337702,0.023560198642504145,0.04334803468801899,-0.0067543920005755645,0.06116832306194638,0.08681619721334345,0.021141026671714115,0.012578098775227954,0.0758587738109011
CUL3,-0.0753733702312715,-0.001351729191507557,-0.0683991458408587,0.07592662021026862,-0.037668161880879174,0.021704121467043997,0.07103804408957402,-0.05446961972167407,0.04848081321443414,0.110690128577756,-0.05881054171403046,-0.06163489555706799,-0.018221790892303222,0.016990327427663703,-0.08684644104865022,0.006830436755781711,0.07982413242798614,0.03141557063826685,-0.02194496131305912,-0.01766273295920947,0.07394051239749397
UBQLN2,0.08229348246912818,-0.027690281628339936,0.002598692018768737,-0.011106657574328715,-0.0403692447053424,0.03328286051774928,-0.005296920349830979,-0.01919641848679488,-0.023964266044392793,-0.12518812700536977,-0.021891596601521388,0.07834145152930357,0.050512168839555074,0.0354670186988312,-0.08012834059702456,0.008152867067285964,0.06790773529073035,0.10982659714430777,0.061911809842801396,0.05159340487261755,-0.08623423779237417
POTEF,-0.0029446303857345773,0.007880991236344384,-0.018414401914392343,-0.09666700739913346,-0.05286186710846619,0.015251456945871912,0.02933164464181838,0.008241096171068035,-0.06025327587697109,0.023963514190662283,-0.002948890409562863,-0.0017886243770395749,0.04439153920235509,0.05756537068571899,0.017505531835611366,0.002429326098136774,0.0023438024691119132,-0.03236240411002437,-0.028002540961616456,0.004374657584998989,0.04408571131317596
DDB1,-0.031071510834255845,-0.008474995589841177,-0.02475159052831233,-0.03892784891585141,0.0003027615022306516,0.02002724558654181,-0.028436264220616132,-0.006007696429128813,-0.02372622207002474,-0.05441193443843163,-0.08152905669595956,0.0434630868562543,-0.01826094726672199,0.0020527147900108182,-0.005218670879863297,0.014931288237114905,0.033716192250239405,0.01897376111902994,-0.010568453287636323,-0.04160239437849566,-0.05181861902100105
PIK3R2,0.044090426525342764,0.03964028067267248,-0.017144404673117317,-0.002917296798795544,0.016673855271330678,-0.047799581192788515,-0.116099740788944,0.07528744371900922,-0.012158929378271292,0.10588238174606313,-0.005500210619624593,-0.0695024401628402,0.022456544046957218,-0.0011371366997968682,-0.04005986258405968,0.014079202645869699,0.019575826596397658,0.027705458440402356,0.0012075226438085505,0.0883994677422027,0.024223583138682673
KRTAP10-8,-0.006349940518422657,0.05937401231285321,0.016823277436133505,-0.08287858328647464,-0.026606972664385067,-0.05592822925236929,-0.030864523697270635,0.027557316496242348,-0.015018770927448756,0.028482653313057438,-0.021400254799814764,0.03671114567284614,-0.02704421473566967,0.0003411128499467071,0.0250423770153123,-0.019016544088167386,-0.058792083188616555,-0.06730481339237948,0.008207381345990214,-0.007507096033489149,0.07691875691651674
HGS,-0.12697398040145505,-0.03623196677629817,0.08493493409537793,0.05530033404421686,-0.0020049038311727285,-0.019821997939698577,-0.036414371337102694,0.015235492769255394,-0.04059294516300797,0.011903133913290856,0.015255143235739987,-0.013682087374027714,0.02991047443984431,0.020546815619387152,0.06088893214158576,0.16855909695850987,-0.06883127906515067,-0.0182113365423968,-0.0416109545505726,-0.05135975161945588,0.0738419516790344
FAM209A,-0.1305767990515851,0.1209291377386823,0.03866450827343125,0.21724163745763164,-0.030303478815501328,-0.22278584674252477,0.021247894908576606,0.0019752675568069852,-0.14600597695452883,-0.08027901249212231,-0.07416424148663729,-0.026356629867143676,-0.009800346795328764,-0.33652289829619086,0.03992114566517879,-0.004905096735260334,0.0625305995532185,0.06677617612315051,0.033083134622358686,-0.05937608244897088,0.037302026486498004
B3GALTL,-0.012443469541831124,-0.08697558317759282,0.018069080595445847,-0.012320679256767369,0.05512735185705453,-0.0176701873130773,-6.968628258703892e-06,0.06321529040146237,0.0002561718602210588,-0.01040876299065204,0.008480874790610434,0.025697213984528587,0.0073060498510525,-0.015261890923080671,-0.005057401409458184,0.025941981236312743,0.02409874517846542,0.06959192066279454,0.035188627878470616,0.04823380237864227,-0.04209011463973935
MMGT1,0.03666061383561474,0.02407824973955452,-0.054759676135814936,-0.06754539323906399,0.0654964721888093,0.13039330839379776,-0.005643103190665051,0.02608357387640378,0.04543837354023241,0.12424031541826558,0.034606824756985385,0.07811905750018264,0.016573545163299064,0.10802721788814204,-0.050578818870502466,-0.04228410030324412,-0.005707374656831836,0.058120712880522854,0.027795395521155054,0.0025242221000639983,0.09586777954987198
YWHAZ,0.1051946345544857,-0.010174948722587316,0.005937096822560748,-0.14465259971273306,0.17930114227239952,-0.013605453227898929,-0.009741982010488839,-0.12165208201323739,-0.05905561577702139,-0.034166916190157645,0.009130557674319492,0.025645260799811463,-0.29082545750971417,-0.07282305909907809,-0.09930729506742844,0.005897258901929652,-0.0708517412878274,-0.046337617630370795,-0.012297208551364314,-0.0380011714533376,0.008535887691017301
SPI1,0.00022294526488101933,0.06531466497831213,-0.03411686082920609,0.0030827638509065528,0.03957018266472968,0.010200275215505596,-0.022392140290357264,-0.007015620014414637,0.0031642758692672353,-0.03237100372178172,-0.035430159217615304,-0.04663162194196843,-0.0625075399917196,0.012660916921807338,-0.019983930881538457,0.019764816182027453,0.040695102905588566,-0.039741797066970744,0.04964812504451893,0.05060536473484897,-0.01404567000266393
TMEM66,-0.023127203044915688,0.060737433742558765,-0.008197843654380064,0.017807476602150877,0.02489898077665719,0.07125557983338733,0.04069090975991912,0.018836485778260276,-0.02335206475093635,-0.04356779662517764,0.052773342921297636,-0.06738425091966975,-0.012438088578057279,0.00012930680433581641,0.03630113399895082,0.02152811020222316,0.045057090995303216,-0.008918426254606447,0.07303394588378062,-0.12706543937271939,-0.022947357387163265
UBE2D1,0.040025082372378666,0.06740873956824958,0.11589521518325552,0.010593511794536886,0.07867547209195504,0.021700991322831566,-0.09295699735301854,-0.05508615787514619,-0.011767261019871264,0.010981786769072499,0.017073074575601248,-0.06418675347321919,0.02623743076480087,-0.05038486904917735,0.07164111074331504,0.010859119734069932,-0.06361796348573713,-0.0807612484450992,0.020826510917553324,0.05197507670080024,0.032388849529357104
HSP90AA1,-0.1257704820407736,-0.008098831747212923,0.03571571957449663,-0.11957658278132284,-0.1265579949989604,-0.04725800373773377,0.023540814843224303,0.0741566577966926,0.13048642270067987,-0.07646603521048519,0.03342119492146587,0.05041939633666577,-0.0035084609475436283,-0.06532757134486028,0.07033855258497995,-0.12000437082387999,0.0013656008610626465,-0.05298951628404473,0.05974913329266641,0.03897724066949896,0.03692109737342488
BCL10,-0.05533618073643736,-0.007553000820323044,-0.10162237209807093,0.028471117316886434,0.043480489081657143,0.017703835296402404,0.05348739862153852,-0.050589202086417845,-0.08249918409861279,-0.003973255832970331,-0.0010958593448210563,0.030772112662058506,-0.007312779679204331,0.05709401027364817,-0.008196628454360788,0.030981008359997404,0.0148084996049308,-0.004697284873767037,-0.0015193346065809725,-0.01703891867817733,-0.03254824414542721
MAP3K7,-0.022831858963985693,0.041381351659594084,-0.05436793712938401,-0.010669682292691485,-0.039588930655625146,-0.06575838910881036,0.012043665951287013,0.028968792772955367,0.050780048490188544,-0.01047776538264182,-0.003626185783673028,0.017375060914454617,-0.05207856204980616,-0.018493552739087565,-0.011465833473167267,-0.006046187739590074,0.03236663720907635,-0.0364301247083173,0.01988074498707599,-0.020580825892036084,0.01972204978876589
TUBA4A,0.1199942719282868,0.1209777296385344,0.0568524875301589,0.052400787013823655,0.0741814558477367,0.01845490899835457,-0.07762535175411267,-0.019638745521000527,-0.03867183583546057,0.0861461981461109,-0.017819772955787728,0.0047186703683520775,0.021975344289807984,-0.0009466714102204608,-0.017150500254282806,0.028414665911644602,-0.015948165061458,0.022038172709046948,-0.03646057257354954,0.1111243171172453,-0.010653796487835685
MATN2,-0.11465617499805064,0.05583963004117,0.06843110393638961,0.005018396690704012,-0.03794722378938141,-0.07234729475206135,-0.12567809697852275,-0.011123561923009671,-0.0067798802960084914,0.055670438875741114,-0.05036647284875335,0.03607479947993936,0.06170115022562038,-0.0004030838835486784,-0.12885978115367006,-0.08775050221271476,-0.04864918647772024,-0.02588285583291443,-0.01777296447123115,0.009156310690089013,-0.036431812864176925
YWHAB,0.13074128536074528,-0.03756191482411936,0.004297806824658779,-0.15464124232047655,0.2081798926466942,-0.002854245861144727,0.001663837831368813,-0.14435882494041488,-0.07391387553479664,-0.046829699741333844,0.011610158659463896,0.04977673447196838,-0.2868059558172659,-0.062426234674888025,-0.09529507797067982,-0.01691286308651294,-0.06918138712115679,-0.05142562828559768,-0.02294197242649149,-0.04913123807135452,-0.0011757425155306516
MPI,-0.03678392800775998,-0.01304691576194033,-0.029152474109624387,-0.011899333038301917,-0.05759411736656155,0.0328694874644996,0.010212477734419191,-0.031356753516099345,-0.02116498800716849,0.01826137821959847,-0.020502454000062675,0.013655550254399068,-0.027767247516478764,0.012919461334453937,-0.03864565900887536,-0.003070065566878525,-0.022877310126880414,-0.050568464483550665,0.009665123429978481,0.004077897676737793,-0.005902659460568012
PIK3CG,0.05986955080115064,0.0616292926067769,-0.048749715390555906,-0.0373337060026238,-0.005056096231225854,0.018038024271130357,-0.0914967297737777,0.050283725338536596,-0.020460914946467727,0.04487434465526862,0.014655509929563229,-0.016343125251583768,0.03308048594650718,-0.023740208258641392,-0.024109144578110153,-0.012901940928909094,0.08972454294092883,-0.009946453222023066,-0.034889950163372076,0.046693944065324317,-0.033254069073151114
KPNA2,0.043542232153501934,0.08238973394100271,0.00958060156831671,-0.10266047531425368,0.014676635483542014,-0.1527746603384694,-0.06471739621282993,-0.060503764818509824,-0.02822651009743156,-0.01039897775930528,0.07366912207256926,0.004439339113532421,0.012927529102029264,0.01958569866271628,0.10559084906335409,-0.019549868063022266,-0.04003137215160148,0.023765146187065458,0.041031320875854836,0.005766364281296151,0.013593211191068452
FYN,0.018476791621950293,-0.05090039206993075,0.02131957780671626,0.04034034142791366,-0.014225997732898961,-0.04232136135435045,-0.024049047522160586,-0.07861141306137814,-0.030132268466313283,0.10256721035549994,-0.021539691117024667,0.08353408056188211,0.009889710434026205,0.019100919110913796,0.01743959744966067,-0.015280320104352735,-0.003180558355966484,-0.04881235660266263,0.04491511723599458,-0.06789143155031829,0.04965817600599336
AQP6,-0.16419352811181026,0.09983293171446685,0.02116779544170037,0.17010507203470432,-0.0032208682746801246,-0.0998255114970691,-0.039669981190695425,0.03726593767078201,-0.13848456100310538,-0.033933889933327924,-0.01574161307795182,0.07989613146299135,-0.004548911387247271,-0.23415472428247922,0.11134255323119609,0.010235011853624375,0.05625696151920375,0.08936006237576903,-0.009415563593027497,-0.09223871577919125,-0.04867665643938053
HSP90AB1,-0.12109110194595304,0.013280121380897373,0.054465483946750805,-0.11556676836747756,-0.10529646564870289,-0.048656042690287976,0.027470562914779055,0.06100155951454423,0.17766943520194015,-0.08106125514178794,-0.02613257449116086,0.05879920871530602,-0.013608084678698198,-0.03849734380697111,0.08031650356669297,-0.10878874268742522,0.007002443153313942,-0.06090753080074485,0.11274712787914015,0.06036905246593552,0.05364696173440431
TAF7,0.010607763862692935,-0.02709189793849688,-0.02533972011080709,-0.04219247854911906,0.006004262517432491,-0.05939652849069793,-0.061725164255311424,-0.006115267013106214,0.010267752271298829,0.017611838310881017,0.02579991874898775,-0.03686591015351406,-0.008860617796852167,0.011117109315090922,-0.003235271569760313,-0.054630305792839,0.010467344709777978,0.03406544779096191,0.010273392483392102,0.016011623332041616,0.00980442047754954
ZBTB14,0.037971766643284575,0.0038154597773596907,-0.07569483746289944,0.08379168446578238,0.09359471160955417,0.011621510804776348,0.009853664630361362,-0.053632161552111375,0.01039879352730418,-0.05458627841733731,-0.02664062851894607,0.03499561581900463,0.029147019608322642,0.03857920535434261,0.040525655321550016,0.011618077862045492,0.025646348707396602,0.06750933765381815,0.02075264705510154,0.05994868858730906,-0.04299336249530103
MUC1,-0.020780629904450728,0.004001950851102279,0.06511914868094698,0.13238437421615099,-0.008552401982288767,-0.10242019846022402,0.017144579324339482,0.016232043761311345,-0.15055588498057595,-0.05936395204913032,-0.054473180696656374,0.03156838262715446,0.005670941943382415,-0.10808528321324001,0.0014818894908072162,0.020334413085231488,-0.010885350955616317,-0.02473351766005526,-0.06130677518668216,-0.049735321101465634,-0.0733051580862677
PLCG1,0.027924040517513616,0.023169028344675522,-0.014317529410939063,0.018057318229165998,0.047774268917022016,0.011028466280473857,-0.02978490187537596,-0.013639056175374677,-0.02365789005017232,0.05026862515567466,-0.007271234164566593,-0.036513323793697386,0.0019969616086272465,-0.03937492918268126,-0.05508902692548751,0.03950353023764591,-0.009846989190378748,-0.023183043935798807,0.017868822221323032,-0.03268823702897331,-0.006936295811501957
ACOT9,-0.04245952621426195,0.010323149255841189,0.004150253809044125,0.010755074740357001,-0.029553457756556593,-0.038263106431565816,-0.004398883374928908,-0.024096615696713918,-0.009001539708703947,0.013472431162264794,-0.03747284928528856,-0.013065843062575919,0.018358663286777488,0.02468808559537096,-0.027846577515749687,0.10502263043524514,-0.012527096685090427,-0.0026771351983285907,0.02800753582924801,-0.04885639541630251,0.04246682664173626
CREB3L1,-0.027123367718013453,0.0505090826153265,0.011893996673224626,0.1025987482263,-0.03842101722827094,-0.07532847651467514,-0.013691702388829073,0.02346197955673157,-0.054148836015074295,-0.03150199324268701,0.05461147907475158,0.061059474342846434,0.01362801158062492,-0.15205208236329906,0.078584439763578,0.08304210413793355,0.0008532946174007546,0.08799153924785713,0.018789563848527657,-0.041340751857717586,-0.0012621558815275168
TAGLN,-0.05247358422770189,0.0964025871500311,0.07090894875932328,-0.05683024220201568,-0.009256480709980664,-0.02538199301232693,-0.06550147615073654,0.13884720423514535,0.07607153096467738,-0.026866644924864694,-0.07448545825292548,-0.05166734242852594,0.14525884371854986,0.020417163124460257,0.0815241009579527,0.0319748363958697,0.014058190261056395,0.027689870174595975,-0.043219809757691394,0.04503028590846273,0.028489177519288256
CER1,-0.042104904481707076,0.010588637292139137,0.003913282343133045,-0.004229785225543518,0.002458577520333876,-0.006944366775804696,-0.11354757542140333,0.05181295075495506,-0.007479774267921882,0.04373980564220348,0.013025208540854448,-0.004098571390891939,-0.0026187883549399073,0.025312132950782273,0.022005018721441436,0.009355324037974658,0.03986735664745031,-0.025768587617769935,0.08473901538032176,-0.07851658119761251,-0.014713678517247947
FAP,-0.04763826568979098,0.037104646118818634,-0.0003167904368894672,0.04573707523689665,0.0663220116494282,-0.012036017715280053,0.03370211041213246,0.00597107067792622,-0.11055680334765597,-0.05294998865060329,-0.04224602701573413,-0.008423708862198941,0.049262694359537645,0.18085607254481,-0.0636004130219535,-0.11086217609956212,0.004399177330829057,-0.053554800462790916,-0.06896102702777733,0.061729786965070754,0.012061265236750452
STOM,0.12226486302567202,-0.08475002512191303,-0.024254838778357126,-0.03847220586871063,-0.08193978777251221,-0.0011056799389590108,-0.05288113282257152,0.044012975556421405,0.03443569698034768,-0.0254263919795065,0.01425155774454635,-0.049799930583420776,0.0027087765312000063,0.19360059164449508,-0.09735639092587774,0.007961976588034535,-0.130268107182765,0.02819159198210219,-0.09539852525278122,-0.06575660450486125,0.09386098723626779
TRIP13,-0.024372305027487995,-0.014683372105002208,0.04134665651382587,0.020219189925367118,-0.004585568923797201,-0.0031017319745635413,0.024218743365309974,0.01551823441621041,0.011547651396561952,-0.015402409125485654,-0.029603968453353943,-0.07299896561049721,-0.025936668709833185,-0.016061547973341736,0.012797597451476756,-0.04824734853329101,0.011271955494413281,0.00015534138725454056,0.018332870558334737,-0.02927042640834474,0.022356242406473516
SLC9A3R2,-0.0516324732938623,-0.0003597526413271851,-0.07386546473973554,-0.04280906451143859,-0.020927208946485528,0.05173051337446681,-0.03611151322665602,0.0630269774717099,-0.005718403005633991,0.07134907259496212,0.02133203783706227,0.06725112454803538,-0.0009848002904801274,-0.05719275809526395,-0.03299334719814172,-0.07678856806042396,0.00044400059305711563,-0.052966785769341065,-0.014862160535723642,0.06667055003820085,-0.11969698890569698
TNFRSF10B,-0.16927679633315273,-0.028896008857871823,0.062023995889352125,-0.02231010901610935,0.004879396338499605,-0.08503626119165278,0.008759868327566131,0.0675009683510499,0.10298241501621185,0.023898290078082335,0.06711784100121551,-0.06485666305851369,-0.026571304980574122,0.01901348826926358,-0.053654813905851556,-0.07707318643012934,-0.019405063230243734,0.058591459021617616,0.056311277314772534,0.10214364434710559,0.0673988328651305
JUP,0.07359514678369528,-0.0655183871739306,0.04077173906581891,0.07822256486778163,-0.08909753743120596,-0.1248306909599848,-0.04165026600575233,-0.005125688545328437,-0.04596916360598212,0.037522067451124234,0.019118190708899745,0.1003877584320136,-0.031441431341101084,0.005627989573966491,-0.017006814071165322,-0.07955969055289788,-0.04679422054778605,0.07124918098459332,-0.10749692989126147,0.06093691374720731,0.0727830075818548
SLC35H1,0.11999801600948799,-0.021707169053372298,0.011770350955302543,0.02595594600570122,-0.15692756713463232,0.01671435255257197,0.029989518195583712,-0.037278376474516386,-0.027595096936863118,0.018127952693858914,0.10373673110787829,0.001607458041825058,0.010886979453220175,0.07642645808209109,0.0712444877761866,0.06240794706777078,0.01324896378263207,-0.022718063304012836,0.004934662902112142,0.032297538367614696,-0.1278526444844412
TRAF3,-0.004899479155504872,0.010878462593725463,-0.058578178819365695,-0.008771895090940037,0.025056479599692188,-0.010087756009885573,-0.0013412587329132148,-0.02000402973684871,0.006100706214761361,-0.04859369083490718,-0.023495921380995446,0.04169309677670004,0.014877945173397725,0.009526895434311454,-0.048030229535925104,0.0030001524928803002,0.023090644790491704,0.02891479290555795,-0.044038748788974146,-0.006952413165947925,0.015079258859173446
HSPA1A,0.0923883517568537,0.05101536346011932,-0.003388957227360909,-0.10433269559381228,-0.01730325270269166,-0.04845710008164447,0.0344893255741787,0.07437944247640009,0.16937449557795228,-0.008703296561726736,0.058544595453650664,-0.001166471528430118,-0.06760043036320205,-0.09037236494029607,0.03731634509831993,0.07670019002084588,0.05329181462517411,-0.03921996213820194,-0.023526364790854532,-0.1391910278221863,-0.015933675139774058
UBE2I,-0.00348732673586454,0.06133523711213506,0.021565648076395664,0.07930776737451657,0.0012632622769910855,0.04130672279448478,0.00105259406398368,0.047852640957400834,0.015491837279331035,0.027143120016257516,-0.006012891125989991,-0.07835804224200212,-0.028159478566975312,0.019050019655001298,0.01839714389052811,0.0223310789613966,-0.011085347046405559,-0.017110766803163542,0.057540992673044696,0.06530455120440605,0.02244192967922761
CSNK2A2,-0.010176947602796466,0.011061178146713596,0.055983035362803614,-0.04219388724234378,-0.01945862513894949,-0.019510409241312858,-0.033737853039857844,-0.023162748191089925,0.07114798217219159,-0.028697870311442494,0.05681347988892402,-0.03753298146692634,0.0342813581237491,-0.005786514704775555,0.029874115624656104,-0.013644095296144134,-0.048276777691106006,0.03719029407736152,0.03635510252503142,0.03222021225163625,-0.08990972016280599
CSNK2B,-0.0796026347501868,0.011853726118806956,0.10320888588299919,-0.0737036468132008,-0.014548639337024199,-0.04127989681888508,0.01870689638202214,0.011055672444612736,0.07046979965702467,-0.011548239119424788,0.01733112052466321,-0.03040891013977362,0.025794743414406848,0.009312464723160847,0.06402649550037226,-0.006822053100428127,-0.04382904767316789,0.04234675812733537,0.07167837466337743,0.07105059111793124,-0.046702916906798495
MBNL1,-0.03195509435866468,0.08040458653931369,-0.010140866484404638,-0.0020891124895382985,0.016977661941406402,-0.01596912816895702,0.06972241690259036,0.015369861758642961,0.06557738662862152,-0.06546957932082831,0.04072390262332152,-0.03749702985481157,-0.02442282795644252,-0.004633642779081476,0.004638776448630228,0.0707055435613915,0.09332484226309518,-0.01082249772971273,0.04773250533531611,-0.09265315416196433,-0.05027771697595811
ZBTB17,-0.0357635238330626,0.016941176602239757,0.008831199611272897,0.06463509054205188,0.004729345821490005,0.09512642760705374,0.0038265657040286896,-0.07474489806301712,0.06233565832767932,0.0032889559442516527,-0.030250221755592582,-0.04063356364107974,-0.029956232467557034,-0.00499218078923684,-0.0933771784205252,0.020638549904289236,0.040954114073953114,-0.030234361305147884,-0.071584078033582,0.06713345594877818,-0.029031814736260486
IRF1,-0.01141420724324168,0.048527900303632916,0.029421854516864455,0.09806322682613683,0.0625274226608138,0.09077438753045272,-0.007152969099480114,0.0438184724969318,-0.01995209438663004,-0.009230321593770073,-0.06390733208281432,-0.04863890867396672,-0.07138686152448821,0.02156365905887247,-0.010202789229898666,0.017846616149708026,-0.01805239567587829,-0.034193476411383414,0.02654001484226108,0.05550445847282688,0.05583837907469048
BCL2L1,0.0695758599888061,-0.047431008292786105,0.06259402710424623,0.04085126445559757,0.01642255287529048,0.032333195195187105,0.0001368620432421562,0.058479589079750954,0.037644466437774624,0.05174108574250882,0.041024940303351465,0.021169310327960322,0.005492946883905635,-0.00023294022828964682,0.006171861028834772,0.014583592164526284,-0.033583000594915105,-0.10308235937259413,0.00610340833474999,-0.0333160817693363,0.026257027230316775
PRKRA,-0.05670093855941391,-0.14725282560455666,-0.17433452171637479,-0.08564443101812606,-0.004661621707687711,-0.08997534852862232,-0.04274979693004206,0.07650671828485808,-0.011653631927025194,-0.0002579661859409575,-0.11327866576021559,0.023146016461304392,-0.0947961966754362,-0.00851918675911073,0.06774678165282583,-0.05365285194410223,0.057579874678239745,0.050771010965666795,0.09028476518189832,-0.02921031969906466,-0.07302836465329975
TNFSF13B,0.03212284664189911,-0.09978325876180742,0.019241706059637577,-0.03362150834148653,-0.05080640153618813,0.03175188176041173,-0.02213084370139556,0.034653730779890535,-0.0989283317613705,-0.022894136395176935,-0.02349925179660339,0.006829735415418197,0.0837786870819498,-0.0006498464513278238,-0.013648501712953016,-0.0007840009934812165,-0.024178329011790407,0.0741436753778637,-0.023628145009935448,-0.07977992682186642,0.01630559366246383
RELA,-0.018325005998233324,0.024504048656817937,-0.03464665717606303,0.07403487995133005,0.0027178339636628607,0.06592118478798928,0.020536953226027853,0.017703725316086685,-0.06796732171573848,0.02310439634050197,-0.03064498413026586,-0.022101994527851755,-0.02743085912614978,0.03336666223768394,0.014466979131469784,0.061218693455539354,0.009904834294840265,-0.029299716176595162,0.042969634670836386,0.013793862400067436,-0.005898331009878799
HUWE1,0.07942864154083362,0.06603862811029215,0.058857444399806454,0.020283441801178255,0.042910027960033334,-0.035795180327949996,-0.04639949452192869,-0.04434539665986503,0.03295153228805648,0.02468203151695332,-0.0021327003707728672,0.01639566861788386,-0.015249927169991113,-0.009349631058945727,0.017558357888675304,-0.00514439726211439,-0.07202995312018169,0.029918410925559094,-0.005927682970980892,0.15969262545326696,-0.001941556912925476
CCNF,-0.16182153530933568,0.02420975095407614,0.008943691852127905,0.02899684653790793,-0.12528023188340565,0.026193277664889665,0.0154016574529436,-0.11472974545615285,0.05192533786873438,0.04607017131017552,-0.06629589877492031,-0.07037444004733855,0.03185407317506228,0.029923735568775877,0.016848750418906218,-0.018633437442243977,-0.04691575753240638,0.04032598989073287,-0.029402639851824258,-0.0038606976712770172,0.01398068584090989
FBXW11,0.019629706445101733,-0.03270835644045089,0.06278619917345336,-0.06106879607834356,0.036165519033221585,-0.00043936252049219253,0.08755641145415279,-0.03869230275694971,-0.16664035210575398,0.03291460160923967,0.07006289291667528,-0.09721198461236938,0.09474761897010965,0.11482455306020121,-0.05462138569348372,0.1338201430935072,0.14812631119671535,0.12152014921298712,-0.029389577496841752,-0.05778636865606626,-0.05678396518853961
RAC1,0.003838484582345858,0.08126672575259503,-0.06190379505263936,0.015859663461542557,-0.02006133038661635,0.0008373488731176854,-0.012934624956011092,0.03094488240450035,0.04322532561432853,-0.037358055541208524,-0.002447748434025815,0.01973725279728502,-0.024927406489681243,-0.015240194617883838,-0.016373329321022295,-0.043628965453477074,-0.07183724417807019,0.0003896853727216323,-0.029981964196141995,-0.013897316683298204,-0.007854194916617202
PRPF31,0.04329970631830093,0.1324596552380356,0.17380642707101907,0.028654870180223585,-0.10759624041079248,0.104567026008354,0.026416976363195052,0.08042622556959451,-0.11462448693787114,0.043903616498013893,-0.035537767263274754,0.003311265647577112,-0.15093565782061572,-0.005022728165127715,-0.0851331947623197,0.019430910432150894,0.004719219728281198,-0.03414104036708491,-0.03327755563274784,-0.05033288370873907,0.00430335742480707
STX17,-0.034662662126801,-0.03965922686312772,0.01508004783668034,-0.003179764111419544,0.020351398714808077,-0.013469492467427204,-0.01485437441958196,-0.0021611436047819605,-0.00577947189030425,-0.12274935388633117,-0.014538114358627825,-0.016335720586193554,-0.012251400858951201,-0.04484751728936728,-0.032027259281724764,0.035747525820635666,0.01591999962808548,0.006269943891102761,-0.01711172153011247,-0.008456662752031868,0.01762541548125717
CHUK,-0.05271125032846982,0.013359257995290454,-0.04495780026927231,0.05097530853507295,-0.02666243481588683,0.08410717783983825,0.07526277703423358,0.0020307776542276756,-0.06981344906726128,-0.0033157956116625234,-0.0010318272641834812,0.06830647115735668,-0.03759528660737875,0.008931052157534125,-0.008727005600798567,0.025957760544953076,-0.0019088762584986345,-0.006763659880032441,0.03577390071902064,-0.004839425414124871,-0.060562133546213606
PRDX6,-0.07538875702004132,-0.13400230381357073,0.08741798096869789,0.009052118684303837,0.030834157922858842,0.06472565817245292,-0.07198732695571516,-0.20581054571938626,0.03678066958323302,0.060859381948530925,-0.0008761434436152501,-0.05736145148394509,-0.05607080074958524,0.007449823531275988,-0.010548917665524411,0.01203411638782193,-0.012945006589416991,0.010345592749194318,-0.07854275023862724,0.009449833472949816,0.035261777326189035
COPS2,-0.0579512677751791,-0.039093781935526435,-0.06213921746140922,0.019125600132276415,0.024828338867746765,0.0766830906600434,0.00861254716181381,-0.013915187402515468,-0.02081357470115435,-0.07208427031955354,0.033805531262156414,0.014407361957518402,-0.15263379021594523,-0.028573467171440558,-0.015207023558662621,-0.03829518891977787,-0.0704887750979358,-0.06795006580266792,0.002781440880108391,0.016179210832724958,0.02839283352960946
MAL,0.023359061447678894,-0.07616737826726709,0.07273119872409012,0.12284799653292461,-0.09701594598580322,-0.13206155022170765,-0.06991434383541614,-0.04932339567045099,0.017921660805212267,0.018573545953193122,-0.006938504893342692,0.13979983250864672,-0.11191702149766249,0.1581023839007987,0.08717766826628776,-0.11817662238631625,0.13539116967506973,-0.12179368353526429,-0.1354802792974108,0.13926984016003024,-0.2012507909821929
PINK1,-0.04975196380013041,0.027991815844036903,0.04267850557135513,0.09335611790716447,-0.004170375276303068,-0.08029697778883337,0.06435121662945241,0.03806324676729672,-0.023668244049173674,-0.09419343462245958,0.06840299477596497,0.06578360088219665,0.01127406362466907,-0.023270908732230526,-0.0685481814566123,-0.0027168502381718558,0.012104806452383642,-0.05572669240752823,0.03626609781043097,-0.03950924424415688,0.05492847955720753
ANLN,-0.10808868061048789,0.008531596583594729,-0.0998622992117795,-0.10200440869353965,-0.11611884895020054,0.02538892947647092,0.05367622087174204,0.11925937261792113,-0.19908761982883538,0.03158194949250094,-0.1555184377540858,-0.051770403782927826,0.0174732478871471,0.04771075567165874,0.01982496370360687,0.11421220532835193,0.07360178581314777,-0.06475498913561838,0.1190280167844949,0.03988433795003209,0.05576937496992019
MAPK1,0.02530576172105478,-0.03541048155407966,0.014238832020934384,0.10277269373737814,0.05219766342646494,0.07987271192171179,0.023610466418776573,-0.0003882172940522654,-0.024612574818148675,0.029333550545890846,-0.0628416674507345,0.003908877111926669,0.02068128449063561,0.0251696383589913,0.016388966667439636,-0.02993335111268637,-0.05496311651560998,-0.0022951792490886755,-0.006489592310177261,-0.009910674141478197,0.01346942393887223
POTEI,-0.05306875488494535,0.0015407049622765607,-0.014833590599659231,-0.18887782304508136,-0.15255235567965456,0.024877615231872676,0.08178722413046909,0.046874238791539326,-0.13694607542969756,0.0012629062227754728,-0.1493895996704533,0.008536205277194828,0.13103570342374438,0.036092793795314056,0.05971932351725493,0.02489849400782404,-0.013676044674533401,-0.11489474349320401,-0.02996135174771833,0.045962035629854174,0.13059493320082194
ZC3HAV1,-0.047070111654724,-0.1545121266705925,-0.18237006275476927,-0.03768200659848121,0.02830953283743176,-0.05714790987135781,-0.02066474473406615,0.03224168281813343,-0.024594688286439858,-0.0007586165383155585,-0.07095235764432044,0.012127275691275472,-0.029268251862365695,-0.011498204721153888,0.03973916195807618,-0.03263149293164032,0.03385634502771123,0.055041999840192285,0.07184583618837341,-0.03434866183195582,-0.07343684306299474
PML,-0.0006862886369679617,0.014924819626549402,-0.0010167351929051777,0.11042182794554836,0.0021258428059825474,0.08994341285922018,0.019813529160739432,0.04326875099719201,-0.03413006772949746,0.022681018572665097,-0.05396021544651437,-0.07168240505402201,-0.03263462905908776,-0.007302378401299322,0.024699397343480173,0.039474797099962954,0.009185164695394052,0.013840910151707034,0.0036536794774410376,0.05235542936994446,0.0019403063649186673
GLP1R,0.03537272966927277,-0.030585081411558534,-0.025022428116408254,-0.025836413838037,0.00785394996582051,0.01566998333703966,-0.014915851833435965,-0.0034469373798898086,0.018046576961914137,-0.0528058064684214,-0.02944453714200471,-0.057861782572882485,-0.012631450326154137,0.023944643985408128,-0.06175498823224214,0.007855212036117875,-0.026216820074052544,0.016346706106621017,-0.013856636339120642,0.005305965404846535,0.026652972848940627
WRNIP1,0.010364461443515452,0.017460217118871645,0.04087046240242741,-0.1095487683736529,-0.028788215918074476,-0.0672427270675177,-0.03362185957142436,0.02361588250497554,0.060408796291287446,0.008874675146761468,-0.037236563831978736,0.04583509933215695,-0.0638454722206515,0.002544595854952724,0.02653744008910592,-0.014223368385259026,0.015701622702654093,-0.06541057967709563,-0.046417557615275336,-0.052920028477022374,0.04448201625425704
SH3RF1,-0.08486078236238302,-0.010183393658343299,0.06453144555181642,0.040968514841860204,-0.0037854132031929517,0.0761982450557211,0.04479076654828378,-0.033363568030094014,0.008234899946868303,-0.04491957110334273,0.03670417145571303,0.013574042877337713,0.010573621706656775,0.03463818131499187,0.06671893834199834,0.011573214215352162,0.019521370908945204,-0.01024730631075989,0.03128457613201356,-0.01766271139625305,0.006597918457238315
APOE,-0.06641809914182355,-0.017696969417326187,0.027410696068751326,0.021965953765491496,-0.01841244244712043,-0.063264636871447,-0.14580283170999223,0.028999885434921505,0.012818485659155133,0.04693776564042518,-0.016630504571846918,0.06392293129089481,0.017164177562150433,0.03279995078803135,-0.08428781013357314,-0.03011821513548499,0.0013372343375047048,-0.08392189468679154,-0.011999180969931208,-0.024361793348158092,-0.002871985957580026
ATP2B3,0.0765871720323511,-0.08223676647615694,0.002766795011616789,-0.11131156853902972,0.0722940187630155,0.05643103235102577,-0.019269437493881107,-0.040657400550412184,0.023966296214093474,0.01793185804208379,-0.08117529959934298,-0.019164042517847316,0.01739435800438217,-0.08092336121844268,-0.033989695904908725,0.08972960246384201,0.052572394576041154,-0.023240989945948563,0.0059984181609755985,0.08057811591126536,-0.007769958903016406
OAF,-0.06037208359118595,0.0070994030706629805,-0.027797758659664964,-0.03700278367719172,0.020706213329181992,0.11113582204392244,-0.11252810590982255,-0.011717330609800184,-0.06377451057915534,-0.020860204461898357,0.03898572800498838,-0.0425549559449911,0.010012942635506113,-0.036950299517708056,0.08476645495581078,-0.06510893687666103,0.023196211567468598,-0.05893919495924702,-0.12949260801796791,-0.07253865449512406,0.004783733602304548
CFLAR,-0.02984352908742621,-0.04919108093580388,0.017151277121537578,0.03154000529928974,0.04485750504399493,0.0017426444154693417,-0.007562195569910642,-0.003590279971463344,-0.05396602927116681,0.0035189332005269567,-0.0011028718949779243,-0.03237919140054973,-0.016854179080348492,-0.004840565594762702,-0.0484999758159122,-0.01773849973451718,0.020444854809614724,0.016874934921271238,-0.033913657724492105,0.03346755208263716,0.027893481862247483
REL,-0.005178015931537494,0.046516509203401106,0.022373368658938176,-0.03468655381603701,-0.01139259900840576,-0.003152075393158873,0.010029850636309486,-0.0025252764016503067,0.025876348369282143,-0.012815072645316668,0.014035612176209765,0.034655550388863594,0.02902067922184003,-0.01997559302253901,0.003500875312964394,-0.07992784702621622,-0.057021344850538655,-0.03472374805896941,0.013032953915005934,-0.01479534875163846,0.029688762931898278
CD59,0.09546036075341972,-0.0418862415961562,0.016817342833614416,-0.00145801520958517,-0.018834401213312996,-0.08911305775666865,-0.010490141938832367,-0.0048054524882729585,0.019069709362906497,0.0351372631607592,0.033481309137316444,-0.0526827027001149,-0.10080045911779434,0.008928953723047405,-0.06810943333658777,-0.027805107476228445,-0.0025784971182413532,-0.05559513847756439,-0.006943223410840635,-0.0918008439534836,-0.0019096035461515326
KPNA1,0.015537639617738236,-0.020350153990346065,-0.07186722128001277,-0.13746345345292751,-0.0453701607365707,-0.15282552045390296,-0.07762668610415216,-0.03751207691357938,-0.10280167696320047,0.0021235787264150255,0.05038452326631034,0.008034532400508559,-0.018431326678140583,0.010312658552332087,0.08911657615782849,-0.026837323830444827,-0.03046157048906366,0.03956696889256387,0.07636020161600707,-0.013966241192395036,-0.019471570057612672
FBXO2,-0.0072032417103096045,-0.02768069435548006,-0.024648843991329047,-0.004892289587601891,-0.012849933409154397,-0.025551326991659042,-0.0186437508963251,-0.028165773619357782,-0.03005852203749332,0.041931120385176025,-0.010274127992827706,-0.032143223869724846,-0.014173553288941348,0.016815550938321086,0.017393106097173563,-0.04337831489621591,-0.04748534350632714,-0.022006843558722528,-0.09280648305695509,-0.017645685610984677,-0.013793964715114012
KHDRBS1,0.012768065426784379,-0.006673130371767121,0.029263110365090772,0.017831351800528226,0.056154419324896905,-0.0030735143978835623,0.02494622877155196,-0.10104533050407537,0.05189827417502529,-0.07440872213481024,0.08402270104553025,-0.007589772048566317,0.07974909163666913,-0.012494294039980727,-0.015202805812293158,-0.014208308152629736,0.019535612791958996,0.0007803636965190201,-0.0647081699514633,0.04669750267286991,0.06632858946593123
IRF6,-0.060968081846092856,-0.07557209046083452,-0.04672992673391894,0.001740153286420401,-0.05092416827227026,-0.011335600540432086,0.021568699472507984,-0.05449940370353076,0.02293725115291953,0.09744926251939856,-0.025668025557006587,-0.07352364000483018,0.06842388336777369,-0.01734577317729223,-0.042744164802091957,0.045113448409329016,0.024329988152422176,-0.05550262057355197,-0.0022565957603836034,-0.050651167560861805,0.06945522495032751
GPR45,-0.024341288027009782,0.030588666586314234,-0.007671877384124791,0.023382670887580996,-0.03556428393910278,-0.0011121685862865809,0.015020285795719426,0.004440241786251282,0.041670951694897804,-0.022904701101977176,0.07750413888304791,0.062089731077763374,-0.026489388260477503,0.08735964327587753,-0.012848477785857668,-0.009882577210135447,-0.025629036759493223,-0.031308119885519244,-0.0031868221778982493,0.006780700334136263,-0.07919855898751377
MTMR4,0.009990765402754795,-0.01054875599499196,0.04040297324409331,-0.041508529677996876,0.07035764098740373,-0.09884803973114395,-0.038651440627490326,0.013058372703620235,0.05917228164742617,0.05693674670059559,0.0018624154293154956,-0.057027558545419986,0.009626775961088048,0.046913174957862944,0.01837352592649201,0.08169310698726534,-0.02229226931028339,-0.030016406573695503,0.001988310470295407,-0.047162946312187176,-0.024421601520772846
TUBB3,0.1263534258731675,0.14183528590265918,0.010842870852255429,0.0012121822151323926,0.04597643171778432,-0.013264678601456598,-0.049222326289028576,-0.024606566664452524,-0.048993366756107624,0.09660194900215786,-0.032313085748516955,-0.03347235599879489,0.06670621560481371,0.009234413087079674,-0.02444671263643317,0.06160784939983452,0.039467850900525944,-0.02530224690935821,-0.04601233469332464,0.061029138975298,-0.015500535342021072
TNFSF9,0.015995127544783955,-0.03784786676357819,-0.018483469784862375,0.020335727722598274,-0.09158113478587288,-0.08381497676358517,0.018082436637623576,-0.06739152736428282,0.023111692437467572,0.058222054671763515,0.034120126986567904,0.23920692480875552,-0.023688123151821283,-0.030788964170050833,-0.049437575082621574,0.07047956157893408,-0.01899925629128907,0.03943864174784413,-0.0580602711449653,0.12073712680199605,0.04662952881063487
GOT1,0.0582086229808706,0.005079771970064898,-0.004539921569703602,0.006627259191611958,-0.05169197667910686,-0.05100881059292122,0.0836944313380292,-0.031301896124043584,-0.018692399971505118,-0.05405465915972779,0.013529311724028058,0.0018738334731824623,0.0015185327361462214,0.003984217465350238,-0.025212180791639102,0.060838313702681855,0.009889248362856427,-0.000733012610996716,-0.034003605875066255,0.019916760240042963,0.00864494214748427
FAM174A,-0.08928817517272249,0.050303156239876655,-0.013943477235928923,-0.01090480444652333,-0.07057521416129078,0.03297663614657185,-0.01976693927101425,-0.02783218215023288,0.05571931728190928,0.03420383170000702,0.018893512031244487,0.05102072460751789,-0.020695309021945923,0.07482064796849021,0.046364396567480176,0.07066298100682593,-0.04913719704975795,-0.08464653901344298,0.07370672627017712,-0.03204792959163851,-0.038509707936235184
ITFG3,0.06943424318445704,-0.0006671435071945827,0.06142139195527966,-0.023138300345955796,0.021461082010700905,0.012264804594930399,-0.024906241740060037,0.06576345473528278,-0.010304936130231998,-0.03650028636309983,0.04628585324334894,-0.004564551106134167,-0.023358089561997537,-0.040419362668092144,-0.022855060742348342,-0.08612741771490773,-0.03996916573542203,-0.0013187179171532937,-0.01928924489598285,-0.046398452827343985,0.03822606912716663
UBAC1,0.010707474712272982,-0.003260527839366408,0.05261982607977809,0.009781877736614956,-0.04045393381158563,-0.04665546856615115,-0.09059823195445131,-0.017642079089281993,-0.030009866964189832,0.07000838056468162,-0.03447297190076818,-0.014902494447393893,0.0035805040256881677,0.0729431722568215,0.0026825077651261727,0.062186138380397764,0.01171631196273625,0.03866754552586256,0.009298218024199898,0.00034275370895211387,0.04627333222244851
SRC,0.02989147945328895,-0.012773007304179436,-0.04782194410087862,0.07600215587206695,-0.010104100956440253,-0.021071397332260853,-0.04359184385001216,-0.04335360658136551,-0.025741476258355465,0.0837005784788243,-0.02537472635992505,0.045977918997567216,-0.020513692577258495,0.0542748784438856,0.01743962750316723,-0.07569023516308966,-0.0007607487243612135,0.01844952290094868,-0.009463217248787638,-0.04159105213738349,0.03462879458166588
NCK1,0.01193339620722341,0.015456223470237992,-0.03577092564985551,0.043299740713426654,0.015031263585099736,0.006525264222799535,0.004558959937972373,-0.03022528548225133,0.02251001277547086,-0.004152276169811759,0.01023149416978803,-0.00681089009310575,-0.0026208883463350397,-0.010584128122094803,0.005155619263022834,-0.0219002161015673,-0.03938572428867894,0.03952973297021303,0.036988104720839216,-0.057650281168402345,0.01178094187765627
RPA2,-0.057880212854093255,0.01778482633498596,-0.022941769819697273,-0.0369035620825343,0.01372996519517383,-0.037074476241245095,-0.04166541555284517,0.08541564813965687,-0.021529166303179206,0.0015811719104528114,0.031998221497948585,-0.04995238469404971,-0.1129612537343529,0.09082941217963914,-0.07035856894007034,0.1121228164252465,0.0851707644711361,-0.06567830028293663,-0.014587276801520752,-0.07188354756637043,-0.051702937177864124
MGAT5,-0.004572145807929032,-0.001440155786102371,0.020558401888707747,-0.047847062469416335,0.006625943936175569,-0.05394990732416498,0.12781992961767435,-0.025161065609146435,0.019622044293268942,0.050493823998237916,-0.03675511366873904,0.048150560102400236,0.02453925052771291,0.03484523329699014,-0.021343088725503927,0.06843185448708759,0.011916281790143875,-0.039084880588855904,0.045180148247567574,0.06011400154240066,-0.018946710792486034
METTL21B,-0.019566079387539147,-0.04036469264361083,-0.028811605035609665,0.1155592513611666,-0.03960745662771934,0.023469988139615806,0.004353075596897142,0.0757395096887911,0.15640928277760185,0.010985109332238315,-0.07312907965529646,-0.060985644638299336,-0.06632671869764173,-0.08591607529461623,0.019955181579443555,0.0398198096155395,-0.08859609548996353,-0.05345524714538368,0.028571415664628997,0.022520698961031333,0.013666911414321447
PSMA1,-0.030581192660816797,-0.01761677941552341,-0.050617111927571644,-0.008539363414225282,-0.02465174663693951,-0.03422403231531414,0.006626874486314122,0.002212848760575081,0.017293415433039586,0.015803872100970253,-0.019959637502499288,-0.006445980149004483,0.010372047019472,0.003516547619385372,0.01602596332950106,-0.008306252472627843,-0.011255214548002913,-0.01590689306190599,-0.028240367399496934,-0.012407877322949463,0.025047381095748278
PSMC3,0.0031606702535310494,-0.031283873800792464,-0.04284948711238045,0.015546636249910893,0.016246388005335313,-0.021405016203754693,0.015563098264842945,-0.04263101479252495,0.002306592538698068,0.022795484875512438,-0.042575565332530416,-0.009480742496070031,0.06836870108435313,0.024091138198496773,-0.03297309689143632,-0.005664509690059693,-0.016323710104319183,0.028146464119882815,0.005154393237497844,-0.025461344705484463,-0.01616535326643741
CYBC1,-0.08179984562406098,-0.020568797844207887,0.03744042007436233,0.04207908531211694,0.0549936804180454,-0.020131088866824968,-0.037168517471137294,-0.04868256095769143,-0.06992146115219806,-0.006054911817828138,-0.06321309446840509,0.08713874546015718,0.008566321565800018,-0.21335382768864677,0.13429828910370817,0.08402372611703504,0.06177538181079271,0.011200803342550029,-0.05750121810255955,0.024287953706129566,0.021010704576419747
HFE,-0.01323829230661882,0.053760137503447054,0.010884195901615172,0.03731509903203741,-0.011199237092430092,-0.01189971397819067,0.06520630390670339,0.03662764555855121,0.06357126260377437,0.07126816749202913,0.03496609047847103,0.018352270052297587,-0.011058732988302643,0.04433427060023267,-0.05927704271289419,0.03397689191507441,0.000251519635091711,-0.05314688641351598,0.18991507109048306,-0.06549733755066603,-0.011745695540216355
ST6GALNAC6,0.012373791909146302,-0.004823113081145969,0.043925646342420084,0.009585009021606193,-0.016868299178169857,-0.10049484190106699,0.0158900961508113,0.02983662006712647,-0.007780371500191735,-0.05432029195520273,0.018018562035563807,0.041713513113921526,0.038081584816636115,-0.0293979378071773,-0.09389039497753392,0.03956608780813877,-0.034768657692485785,0.030962889144369996,0.07346231707444678,0.04040489356918704,0.034375342156207724
RNF7,-0.061213266672736084,-0.06438560050757496,-0.05617227625168276,0.020732666040849602,-0.009180810712025976,0.04891606868477898,-0.010410589109053287,0.036694279110989804,-0.0196847777551077,-0.009371484841702107,0.0576773545676411,-0.007277272149387653,-0.028496455996816727,-0.04525901365070596,-0.0024834683429092214,0.004786926131411734,-0.02247583528272603,-0.13064313779500744,-0.010166611475949446,-0.0047672271814863205,0.0481281308529653
ERBB3,0.06935415913213397,0.05274364776242116,-0.05067574187143399,-0.015200588989042252,0.01206167615318636,-0.03261902072133283,-0.06873992906753439,0.029482438266427987,0.025017245366759266,0.05969877675384638,0.005937142502813313,-0.008317364434964027,-0.036867061700393465,-0.06428887324061719,-0.03403549020500224,0.04501313584312089,-0.005145438912307244,0.006935242437177214,-0.04795927425581743,-0.014093685154924531,-0.007687564965756752
HSD17B7,-0.14882468430050078,0.09568218094240348,0.003288096765365064,0.177938303744585,0.05924127074590389,-0.13562750238875496,0.009854963651939816,-0.013535654933450696,-0.0955204585357455,-0.10348917067643311,-0.053275018431082684,-0.004022702330964417,-0.05639397222478272,-0.21601958487174736,0.056330731854343626,0.0016848604742262655,0.06335199764044606,0.0042537645828401565,0.021135694608976102,-0.06864546729828924,0.014513972880467033
LY86,0.005568625458887196,0.03472805763562736,-0.06977815036827931,0.004523216161606315,-0.018438864422720386,0.057170453429627545,-0.028329105046590725,-0.041527441065810945,-0.03220001241385168,-0.010446613690507528,0.04835224666589848,-0.08637664592782074,-0.03219250282917999,-0.03205659738474103,0.14751841000311294,-0.030293545360388634,-0.041083429493044124,-0.030268856125570513,-0.18791566574552504,-0.0825030410123752,0.0016320301192106993
DDIT4L,0.02527851691636259,0.15169212409334454,0.14618073811094823,-0.016481563539117703,-0.09276932214707541,0.08326833871714677,0.022627830412287452,0.06909681862876627,-0.09605183461011801,0.038502523552633075,-0.09479751611115664,0.014684163205708183,-0.10600478724952694,0.007207345887741532,-0.050496517636502994,0.03445184019692367,-0.03359384997567856,-0.026319083886290017,0.0011854042988610153,-0.05784355888568416,-0.01896608587124829
CTTN,-0.054917798072486125,-0.012780336276698338,-0.006848104457338882,0.037720715998532696,0.0012855129221080142,0.013688398470069247,0.04554550523610306,-0.03415250342471692,0.014959892381757505,-0.051741558026268814,-0.02248863739886952,-0.006524087521499099,0.020317580741003614,-0.0009473881197392795,0.0190875386354862,-0.02623191836598699,-0.0015891232099086024,0.005224252150657641,0.04355330015320031,-0.05360565647413667,0.027491459721056353
CCDC109A,-0.19152689020077793,0.043119847613181814,-0.027215727333846553,0.022970958773336672,0.1889106759529791,-0.012630192265262111,0.008587019107664691,0.03706823499997958,0.015364251700168925,-0.08914253136363012,-0.009900158251635354,0.007351042224278748,-0.014977746684798766,0.06743809361222232,0.0459112958103181,0.05776939155294116,0.01795196509944568,0.033648482761416236,0.04529361317981234,-0.07596992945943445,0.0147132939109834
REEP6,-0.051470828325886585,-0.03440497577134699,0.08539207757944058,-0.010144912063488089,0.06371337747741947,-0.03905943260438701,-0.016679375624389564,0.04162653967069523,0.04297449251827925,0.0007651317418538904,3.924362509341098e-05,-0.06935947869373196,-0.04949722791013581,0.023096119763278893,0.05370598686100402,-0.10980798462635027,0.035845203014182044,-0.15605862880661384,0.022620144278177642,-0.057732065615529106,-0.027459921389036492
ATP2B4,0.04073555264596781,-0.07105992678370388,-0.026974274334991395,-0.08308441533619473,0.04444870547008435,0.048321682411228487,-0.018395327699985736,-0.04397044429505605,0.014409928977197228,0.016612975184558298,-0.0920520140538793,-0.040889865617801696,0.035729679120549994,-0.11735137246097348,-0.0025850797222157196,0.03942516405004312,0.047452869135096304,0.009567425354176423,0.0047616766061965975,0.04608292483222392,-0.02465816988304177
C17ORF101,-0.0015998973787307205,0.055766650756102445,-0.037597421856906225,0.016608118578759677,0.014019271199283248,0.05213806561364713,0.0037105265729190894,0.015596875538709115,0.027676600714767293,-0.01501175900718994,0.010662164944386253,-0.055359135487541795,-0.013077411545639775,0.019925528782451074,0.016529494121305364,0.029016470638332736,-0.018167270096009738,0.0016829910503438146,0.07452966165781322,-0.07941116531705775,0.0029012052795843375
AMBRA1,0.02417166827698776,0.04699876630608616,-0.06074205769903246,-0.07390040089322608,-0.07368044954174208,-0.0044311331660954155,0.022692651634500516,0.002325445146695298,-0.00013723084416117777,-0.05382958692728842,0.06939029699872877,0.0818203014162545,-0.0670118387615186,-0.0110043173256377,-0.0004433027781499774,0.0028356563753299327,-0.052542689344053733,0.010019642027799366,-0.02179418123229155,0.018958338127676857,0.004133661380770785
CALR,0.059417310601918266,-0.018230540618920328,0.02936357902420748,-0.02594605137727768,0.0015552776110854263,0.004595841173313306,-0.07187808445980157,-0.03361671682271873,-0.033054898756999025,-0.09159589820038548,0.008795075367907709,-0.07086649800085869,0.07565634544975335,-0.01419235395444784,0.05286851732600089,-0.030652715155291086,-0.022167093861470873,0.011112056264280315,-0.08188470321825998,0.002128160664415122,-0.060253312670500575
SEC11C,0.06691486010309138,0.005758541979260969,-0.03225608303268543,-0.06930983451656912,-0.07006949622896873,0.07902663796547862,-0.04282963454913808,0.03277290623133447,0.04305581544529325,0.091657928565241,0.010767848127239776,-0.04816082191942755,0.04525441367799965,0.05673759072690462,-0.11919533147735444,-0.014757925688723228,-0.0957574394180602,-0.034298983569198624,0.08003941984045473,-0.06227201273124628,0.06672896858361957
KAT2A,-0.009883323158769903,-0.05924847801992877,-0.06169776715925617,0.018385122751409272,-0.0009191854366455494,0.009768317544629252,-0.012926895303926843,-0.002555921573071625,-0.0009660994756232255,-0.00995780064016674,-0.02892628545795555,0.009202775486888642,-0.00820227004471812,-0.0004320586697807654,-0.05245166974846562,-0.033676065903476514,0.018604676872864444,-0.0019800933004920176,-0.03135786808824036,-0.04030064372553711,0.011492944820285856
UBE2D2,0.026227203196266778,0.055297015146375694,0.09753893918128008,0.021082594014109026,0.07484153053343905,0.017518421892222046,-0.08933777950568493,-0.04349987385263507,-0.006386635812923945,-0.00614606748863488,0.03842699414150061,-0.08071532417066729,0.02238526581610246,-0.049569765363548374,0.07622830993345593,0.022810814763344123,-0.049377782980176955,-0.09777096851032083,0.006024003194683343,0.055835605466690294,0.05826127015406702
SHARPIN,0.04847118328822583,-0.04102649017087223,0.001229043372864945,0.06968457394473601,-0.057052080095459895,-0.04510143877900003,-0.08630611132595783,-0.04324652205749682,-0.05818762057699138,0.11507041539362531,0.0017711436930788291,0.003216184168606408,-0.005558357042545965,0.024612741711152127,0.0530330375150199,0.02643721949230598,-0.07773956677135177,0.06459603049259177,0.01683682441698232,-0.06951592354054341,-0.003695244668461995
TNPO2,0.07280442260343853,-0.0018310419452175154,0.019622465102134626,0.032583254486331314,-0.07279273490730143,0.0040126216822538915,-0.0737209984244198,0.07771774572395479,-0.07593986625622277,0.011202710640798523,0.0635318855585135,0.0904555493620629,0.044666916249547335,-0.005828626390103491,0.0329467310821866,-0.04295798724173368,-0.09363705588047365,-0.030444436200458398,0.005732926998497285,-0.03236654976887263,0.023339007302887755
RHOA,0.02778572096317577,0.14523796293517235,-0.03380438273247663,0.09651756871012399,0.01255139865958584,-0.03192499261771043,-0.03181004239237707,0.06690581365923484,0.026377556886424545,0.006546523277662553,-0.011004670390598048,0.016562165015528336,-0.03946472213489585,-0.059513982293450014,-0.09387721156894024,-0.04670180974057714,-0.008157321570793732,0.06315165339904079,-0.06811350928546918,0.009027466897760659,-0.10260063389749963
PRKD1,0.0033291823139448336,-0.05692438725843013,0.009036811081919952,-0.06483426299591956,0.002220578292087883,0.08489194695649149,0.034224294113967595,0.02603871717415782,0.006672604876535136,0.08584809083043268,0.1309534895121941,-0.07609102066254615,-0.021576175856039093,-0.018778867997341256,0.09206779489801566,-0.048661683437422894,-0.05707454907794689,-0.10502343048337134,0.08583041348195145,0.10187920397637898,-0.05525121418712684
BCL2,0.056088136767530654,-0.03966214236997209,0.07999616180736988,0.021444637702128084,0.0324905426778225,0.030440254117970262,0.04637122804707647,0.037397640654403506,0.010746894649999212,0.04201303324315172,-0.0015010117328452424,0.0519659284512644,0.008300826890307993,0.009348669125981257,-0.007006819514669852,-0.017079176185708665,-0.02742392232295775,-0.07953172345559828,-0.01979834864991998,-0.06905660830537103,0.0010230323145900748
IGF2R,-0.11527775854747802,-0.11274026588271456,0.0830134688014044,-0.05120209529767235,0.08098627217325859,0.07478533460583282,-0.16813948033379955,0.06426988331402259,-0.03560684501198205,-0.003715733526338162,0.025474957600101347,0.03760384272431008,0.03217170804929024,0.041572406404709876,-0.015383891496365872,-0.0725728956492572,0.013740322110956481,0.03520581822789486,-0.08037689737394736,-0.0016654706585457067,-0.04433041950251954
DDA1,-0.03591732083076434,-0.05510568385279522,-0.12948151728567628,0.004321044338132533,0.000623321899673422,0.03801136300469244,0.018215009746023324,-0.001001295134417604,-0.07211215121126063,-0.011728792357323482,0.010729480999140025,0.026145400871440277,-0.174416979317617,-0.0070833517312194165,-0.030202152561061946,0.0026763466281022707,-0.040116790281789036,-0.04216589406162861,0.010794508605898534,0.016333968815941124,-0.003883233957740539
CCNA2,-0.04027635605341403,-0.021399176343063958,0.02552852232116621,-0.012482125935287122,0.007520745267956824,-0.01614045044148572,-0.0021972282635341063,0.03950418501631275,0.1294952003174382,-0.09737856076504878,-0.15976146844647937,0.047712787797649134,0.14120317478247396,0.06315228048445144,0.03904442214706742,0.0008853791983749276,0.08502736159087593,0.03316131578237024,-0.02629763865915356,-0.054546532781407246,0.033328257398879735
ERBB2,0.052482283920065355,-0.006523469695929835,-0.03574519543241134,-0.010902578727423565,0.025329491075662725,-0.0351384079482888,-0.02160242619942319,0.05147765772951224,-0.022974664441526068,0.056041543550194334,-0.003351037646961918,0.008715632150808781,0.0018598918498971538,-0.01496864992115612,-0.060830392497289686,0.0011407918103347936,-0.040374749072927374,-0.01591277289214238,-0.03864786548828147,0.00989596564176296,0.007035708320541761
C3ORF64,-0.0033818448838636127,0.030102338357923825,-0.04237480768613024,-0.013471443591990729,-0.004907360813132679,0.041707288595011875,-0.004761691300446817,-0.03481024229159211,-0.018601017834604463,-0.023888095530249294,0.014387912774783207,-0.06459249774411333,-0.015357886579843712,-0.028356908711799744,0.045536531125219146,-0.013854248187281318,0.008650517684503766,-0.0327836248122838,-0.10647822214144412,-0.02166096821290801,0.0012249393037500331
ZNF648,0.0031946116921040394,0.11579788192777135,0.0857148862725753,-0.07351346723619215,-0.037036634565254106,-0.001111206442150195,-0.02164235433171092,0.023589979224172896,-0.05789971150010668,-0.01583755319090684,0.02630102350581869,-0.007307332383298985,-0.025803337463411333,0.00886640843260015,-0.06711773992202277,-0.017520053446316974,-0.02436346671988876,0.04284511688203206,0.004331242638758737,-0.06484206976310296,0.03056853909397207
EDEM2,-0.007048493244483522,-0.04988943961969029,0.023453044204352454,-0.010095825349890251,0.028312205187875764,0.01670266593485664,-0.010042333620204348,-0.0026167179710287368,-0.053814539752556935,-0.010493054908441513,-0.03362801561051321,0.05741668291509547,0.030026292831652267,0.006381724292220392,-0.00032333301777431357,-0.042557794113291976,0.006422355371295892,0.07775837531392793,-0.040971072851873375,0.05610066635201055,-0.025654276345913038
COCH,-0.00742704011597217,-0.00035750868084400377,0.042237571956251295,-0.029978787495593344,0.010352803177064707,-0.10175520156683104,0.09577939832720399,0.009446326333658158,0.04782846254536835,0.020528941864363676,-0.06546048642155165,0.08387121624228369,0.010964827923202391,0.03160897388902774,-0.15473374774615992,0.06379156105380288,0.02828472621065765,0.0251272836765887,0.19916365081738482,0.13503222008718718,-0.02912106820759272
TRAF1,-0.05845983114584362,0.024446940920809634,0.043481555069042575,-0.03517385517386142,0.012043332270553462,-0.027804121923411383,-0.09321913909581654,0.0011174135356204831,-0.028591387685795975,-0.02797952605506988,0.035553712084036924,-0.0839414691941953,0.008535468912350868,0.023451525194226462,-0.06842343716244188,-0.03560591933841271,0.0015671382377298445,0.13295559782773353,-0.03036626534706635,-0.008997754977225516,0.02567592951498695
KIR2DL4,0.07544404983434784,-0.026963038893854253,0.005226534585781452,-0.01823031107362155,0.00649051963377626,0.0007454519604410232,-0.006723453110850516,0.010529375944786529,0.04577679227217242,-0.08662527485601772,-0.037850043494239496,-0.08061620209278199,0.01001619446858585,-0.09339005039893401,-0.061057929078748234,-0.030575816468423365,-0.05566064566893819,0.000781000026229275,-0.019223540250746993,0.07486290577946497,0.06888896550467964
SH3KBP1,-0.08769239684189101,-0.051302927983857584,0.07115985802766422,0.03591708212117597,0.06597866735112451,-0.0004520663943207091,0.03169947476733801,-0.04186652008486617,0.022941450058128837,-0.07704426663202103,0.03847001073069924,0.01229043526712337,-0.020262502955039154,0.035297444656712765,0.018701593983894278,0.000661758509084117,-0.019723096725950708,0.009322133814871363,0.03172933493853646,-0.012568228944575268,-0.01501366545247204
ITPK1,0.07600220122384002,0.0869004215411581,0.07607804714373002,0.02914739931779258,0.02932904647424959,-0.014845505536657777,-0.09878438999983008,0.07070638475640291,-0.06566917934443527,0.0033594824041284013,0.04941622147278316,-0.011882371722515928,0.059057017266382184,0.03732459989214753,0.03152985258368818,0.01463309973999703,0.03334859217177265,-0.054083895406094325,0.01673931753331679,-0.050304633472609286,-0.05529944379335148
SULT1C4,0.11997185454579597,0.06995328164629759,-0.055822476270258985,0.08466032834146124,0.0294502965412402,-0.05724189700230414,-0.023779359916726316,0.0096429739907957,0.007939831861049707,0.00535549597321017,-0.13929129193848874,0.040104725530855624,0.15968472078664797,0.044767692880181176,0.030031292962793523,0.08740314401446557,0.17532232520401436,-0.0365840856305225,0.03282264616272773,0.014648910043574685,0.05930380406401871
CCDC47,0.10233903074238607,0.03823003561643753,-0.05958986947211541,-0.04265275076230745,0.03175710725467663,0.05852539326716431,0.12295540870823894,-0.05148565562293676,0.025815568830850063,-0.029404929062306503,-0.13537212245451927,0.09672613518854309,0.058347682046192145,0.10399337708623257,-0.1176111370655392,-0.2720733033841973,0.06532518257585715,-0.010139983619394565,0.0008948853024694684,-0.027057620809568746,0.005315398839821707
SLC2A1,-0.010075544469165726,-0.034623203181205126,-0.03171480763638073,-0.02194994819768432,0.0645486904845775,-0.04815103964117612,-0.019661239367447503,0.04633185374200258,0.030729651627252223,-0.08181693554981588,0.005905921737917366,-0.038614305447776616,-0.029025690851005842,0.16978101121564482,-0.10734890044161821,-0.004133149534101809,-0.023737477968284612,-0.005638255131175446,-0.08788890615191064,-0.016908770343317125,0.06643517965548626
TRHDE,-0.035466529238601205,0.006631518495823193,-0.027565144300207966,-0.03724545162800429,-0.0026141201748640696,-0.01650326157373047,0.05606027138885492,-0.04683699612078578,-0.006463048082753054,0.021375616511244734,-0.008081271748129303,-0.002368236621092424,0.02906103900260063,-0.026326876444565824,0.06376710391598672,0.02589251824117834,-0.027909986894924892,-0.028621168748907147,-0.15685750553539118,-0.04762909406554041,-0.010417056974069513
VAV1,0.010997059971980314,-0.006062199128614267,0.005311491010092632,-0.006405039713601645,0.017836077159252558,0.03130715326845886,-0.020989935843361472,-0.03051759149276813,-0.039304988857832575,-0.03710204844775072,0.005678132015559499,-0.03886262543127872,0.004422597761922318,-0.028756317028975853,-0.02177535740603924,0.003743792697594332,0.009645003698336232,0.030509808214936037,-0.003102858770985074,0.005265581827947575,-0.01714155162471664
EEF1A1,-0.025698106122222265,-0.07616388426717516,-0.0326853273896941,-0.025352265683456537,0.029512285712155837,-0.015949181945267517,0.021695944495720796,0.016806952933695718,-0.004651366341229846,-0.009783227500554796,-0.05591435109006111,-0.03664260246263688,-0.025487729068523222,-0.0056364908753173655,-0.038238998061418776,-0.014400752146856004,0.038367214248073905,0.03142634821828828,-0.01896286711838551,-0.035424632628391094,-0.07780972087044001
CDC37,-0.09426418193133022,0.04515785669747836,0.02273799853137189,-0.08540723950675541,-0.07868537174159054,-0.07741815456848776,-0.000982516322742244,0.04528846805193355,0.12255693654684911,-0.038043340488781566,-0.02984956315669965,0.010625291645160897,0.018145908339916163,-0.07375363407543842,0.04229001522170657,-0.09747780067229862,0.006827039447834599,-0.024074365668957754,0.06253364683743902,0.02040877440314239,0.057448894204322754
SCGB2A2,-0.04473656145834031,-0.0025600667603334717,0.04654459908965277,-0.021998502355328565,0.021272014843118026,-0.11725765760199218,0.13503524710984346,0.02603352996513608,0.06376620402158684,0.05570904806420714,-0.06816058716368716,0.08153411962171167,0.00035018053515918185,0.03745546059916845,-0.11948858080553174,0.06675451772858663,0.007066430429684254,0.020530026468246223,0.18863171253004282,0.11001408404195953,-0.017239640745254192
SLC27A2,0.010805973266569839,0.0076310373013288675,-0.035385614772374445,0.02744939086021548,-0.07007807338575264,-0.02706511755931839,0.005804236706339152,0.03171615514077839,-0.0031018152243118685,-0.009110253913510112,0.04215357222843129,-0.027809376830211473,0.050117126964533326,0.07251726805785719,0.022188142978837228,-0.00680743288055721,-0.04090242087817371,0.049765304502978905,-0.029053765381535514,-0.0074728101519848655,-0.017145687192919572
FAM175B,0.038287141366919346,-0.015754566676585854,0.16108430184848185,-0.014351318343781165,-0.02415127508824276,0.08409452890776502,0.013569784550484262,-0.05577183757279129,-0.01704101317539079,0.05734904592921074,-0.07563086034890842,0.027070988996620728,0.05036356435637401,-0.010611609392016443,0.0033773717218403485,-0.03532024177586726,-0.1487535180127255,0.08906464844948299,0.15614126648160256,-0.13529749876316252,-0.1781730717281046
ABL1,0.023799820625320996,-0.0012440001891912541,0.04258155748505116,-0.014252408239513117,0.00672244719759088,0.029087140247211627,0.012734639103916404,-0.0030036792442832525,-0.04220311421138267,0.026056588275137797,-0.03879895594936326,0.005482112852703622,-0.0010817431504028543,-0.0517386487843945,-0.02825636379020826,0.02753940803292707,-0.05308441227119001,0.024100366952795098,-0.017871973241146435,-0.0040242681731833966,0.05241094236883289
SALL1,0.030697785696397275,-0.011922554963934717,-0.06447795116607026,-0.08043379669105596,-0.02877688531279725,-0.11621152643698521,-0.0777904931282809,-0.07540034832083184,0.06445067159588612,-0.009974932919814888,0.1177570616072168,-0.04426119510383159,0.054160182619781,0.010657231817259536,0.013363923294960492,-0.042443414120562406,0.054637189258224514,-0.0008535888053145108,0.050686174898964376,-0.009630139218062762,-0.027518695337066267
SH3GL1,-0.057360418314054654,-0.06879402599239506,0.026031550508775078,0.02971020495819212,0.09582145283604947,-0.03999843036635107,-0.028273709735823285,-0.004961762020575417,0.06095904164816764,-0.05348443905989577,-0.02416829611755388,-0.017324528214539038,-0.07293845147086588,0.08899106925744461,0.01627087937026437,0.05384084516813092,0.006533837396791703,-0.01672681380148969,-0.034883967945350786,0.013232413667221925,-0.07964716552812745
SELENBP1,0.03453946944953009,0.0018896102473934283,-0.018834913107519977,0.059567603665393,0.01899529468915707,-0.00035148843515413604,0.023488914936342087,0.007811467044624742,0.010366175088841781,-0.03161065396260388,-0.028880759964211064,-0.006703951443234548,0.006041540479473267,0.018738017587195125,0.03971764196981548,0.016438846577532935,0.01448675554102621,0.04371806024848471,0.0006457216588755908,0.05622888362123381,0.027644153888148986
SALL2,-0.012152995943603142,0.0321409341003716,0.019828113180502382,-0.0380390145232257,-0.027818234056169507,-0.027118575213642335,-0.034301482295058194,0.002482716948403439,0.02796172342307639,0.022394600816694574,0.006943210366589982,0.010113999755348775,-0.0009559221500105,0.03057212105863414,-0.01447641246759338,0.02025469769950833,-0.02095311835968424,-0.03330268605114766,-0.025481571715627926,-0.010676478103032967,-0.006884697744875079
GLMN,-0.06650447850185542,-0.0871332839923195,-0.1384045075611576,-0.020141207395545837,-0.0698251024341472,0.034990582716623614,0.0382198902086648,0.03292241766011533,-0.0720139312644084,-0.020054075407668653,0.014564759811317577,0.07955062243114089,-0.0771763539490393,-0.04787205381618238,-0.10708330962703975,0.017687387691637982,0.0032332724083374647,-0.0803270654676274,-0.011239478380867364,-0.041863968217041116,0.04446961648605722
NEDD1,0.16480559095383468,0.06590451195581665,0.0016899635888565521,0.03125327304032156,0.06338483146875504,-0.05473896267269016,0.019266701202516615,-0.04458692785208841,-0.03542156724139042,0.021984268593038633,0.014678518452433783,-0.022725785025578118,0.04450745703166583,0.023947354090166042,0.03527038702625112,0.08551546366401497,0.05499178435798379,0.09146769312697126,-0.0037924333798242766,0.008278090278141876,-0.005307957566549955
NFE2L2,0.02263597000170108,-0.010029238518312132,-0.007629631005573147,0.08818226342137,0.05860470539421014,0.1171883325821152,0.10103622768855643,0.020890920213565124,-0.044713130081505674,-0.03011487451767154,-0.08884363500252224,0.013618059868488838,-0.049009767024574775,0.01645351195488207,-0.0278608244685699,0.040927030528237464,0.034960227935546755,0.007698043316032246,-0.0053061552942416665,0.012930507301189373,0.006158019183001536
CTNNB1,0.02610411646706073,0.0038419999669276977,0.030465814104688134,0.043091380947554506,-0.07627286627995765,-0.11938505674990223,-0.10098354357799219,-0.021357187473632046,-0.020186692604418528,0.10595878085617347,-0.02259955538629633,0.11178317031904637,-0.051138401666630424,0.08149156585598902,0.032506089553453826,-0.06921707852041814,0.022478690236049034,0.1016841074931671,-0.0985376443346651,0.036616954689828805,0.06236838357218982
ZBTB10,0.014000783889378293,-0.062396043891194235,-0.017884858689460454,-0.04764728564899033,-0.08043928898751435,-0.054935888726373804,0.026604014388674883,-0.03791942410250339,0.006104394186861555,0.011594702680729195,0.18904420333352906,-0.04134833846260341,0.09759072707147759,-0.05358055436138682,-0.061319302945698574,-0.06284494345397162,0.052143387445563606,0.04091345191681819,-0.007278567187354441,-0.002413590759562259,0.08251062488431732
FUZ,0.08866788115723945,-0.09845316648623254,-0.03548491158034392,0.11890315958386008,-0.08973844425671652,-0.025761705769679597,0.007268304446360295,0.011209400161863649,0.0512532873695125,0.10992152555084257,-0.0769145013415464,-0.045693876648745774,0.10534034163142279,0.04559436047392575,-0.0335278497688852,-0.01284524843580517,0.025935061366456142,0.11664992210392613,0.0455537593710639,-0.040271457660549334,-0.10507960976364866
DUSP16,0.11585737316516652,0.0009070081435048384,0.00819989746566276,0.07923952600973856,0.08537448125225489,-0.0656410350108347,-0.031777335571873254,-0.002853631044888291,-0.024977720235110176,0.04689600354244109,-0.008997002060882464,-0.07490309698173925,0.07825707368927655,0.05725823979839686,-0.020009226346480342,0.04868278832560428,0.1250241576501514,0.03724947147564636,0.020623004076504164,-0.07232180214060555,-0.00794296466131282
SLC30A2,0.03284277092330932,-0.0061501528934466655,-0.050345215254849585,-0.0034885632547426194,-0.05544472473536036,0.054795160026963066,-0.005625156767450189,-0.02528012450253219,0.011751601367357265,0.029993757841198374,0.02108432819097204,0.01613599950047624,0.015780242313195938,0.05125208243047017,0.11523767017686791,0.012503629947720543,0.08346178160079444,0.021369627683719698,0.01910321744408541,0.011839917153514038,-0.08490531060095588
TUBB8,0.11669547460376183,0.1099917894617941,0.04425426059960979,0.017420495130162496,0.04775716072549398,0.015748079204129944,-0.10072397252600969,0.0357307902061449,0.0012593406480709375,0.053916865148053224,-0.03047108801829195,-0.02156230397324149,0.11682882109122976,0.0027231263815067825,-0.045237968671419174,0.12857570872832544,0.18770472886263356,-0.05740475860327789,0.021222974358623886,0.011062651905539931,-0.05519268718766728
RFX7,0.08760551600510962,0.006342609285373296,-0.017423960364032647,-0.11311902591267493,0.15034349705120847,0.006746473900734287,0.019998185809726163,-0.04199349864627445,-0.03445461638344555,-0.023782696025979128,-0.0005250257408457099,0.042839263903562075,-0.20491893116709597,-0.049192951761933536,-0.011366340533775138,-0.013520182487409447,-0.05941959946488278,-0.07202144983430048,-0.053518767064600285,0.013953293010615219,-0.004790270974052002
MDM2,-0.009047351215589843,-0.006101646630348328,0.0788663967855986,0.04430369369670945,0.02327140445840994,0.07580817135749789,0.010617571742074776,0.027168595694891242,-0.009930353037376063,-0.013731006611209769,-0.03020624165202482,-0.04514709037864671,-0.02379432496646695,-0.01931116146308514,-0.011286065384517593,0.05269020547005798,-0.011700351013974757,-0.0059794994206091075,-0.016230262590761033,0.02985741682478431,-0.02405922512916378
PCDH1,0.008927730651788921,-0.031876518372714796,-0.025589129580876106,0.07042027246276142,-0.11227519083130576,-0.10999416317311639,-0.009560542380344815,-0.051759643142591606,0.04339971514908265,0.04891740326169825,0.030281664591142378,0.3478609761089034,-0.027918268428513252,-0.06822488781224094,-0.02981089303789715,0.039221919661998894,0.009259641724417787,0.06855778418498698,-0.07668133736923852,0.16428682264740202,0.0544881937637445
KLHL15,-0.047505588242265515,-0.06479935854120038,-0.14946305348722227,-0.018051745689130035,-0.024626634570903076,0.05835899557778329,0.05878206219413043,0.0207081496134572,-0.13597634217935417,0.008539100021951039,0.01668453576832352,0.06220274919419408,-0.07033496164240269,0.01509569948023635,-0.11360168558265989,-0.022991659363152707,-0.028328938353562517,-0.13829587442066751,0.0642792213272193,0.008832065941885129,0.006988976382316152
MTCH2,-0.1863658221102296,0.06441202964713137,-0.028480912293846892,0.04564865064619793,0.1177323453543252,-0.052258179167060416,0.03045457362376593,0.022049549133620686,0.037456733195359034,-0.04574130131899143,0.1044650793262163,0.13104253358158496,-0.004096870820446231,0.25527929189809956,-0.10752579162647237,0.05214137997383187,-0.03169248349599463,-0.06620044379302208,-0.07179144635731581,0.015064209421056747,0.039988826374523584
GGH,0.026459759793493652,-0.022518495271583117,-0.024881829388105136,-0.03389459315036511,0.01797217770652169,0.01775296310308254,0.03842345111536666,-0.06966940088992232,-0.03932192477529284,-0.019070989510781424,-0.030455870628765955,-0.06699894764716817,0.009932144214820162,-0.02220503119683413,0.10412594397863395,-0.02523037343358057,-0.04530056982181272,0.020137675327759307,-0.1742184327221458,-0.05778593784899725,-0.04611367412672153
CSNK1A1,0.012861827694668766,-0.0367737601652262,0.0672916449659681,-0.02271938681658604,-0.03151920836717154,0.021526223596678603,0.052840721151093,-0.011622350155744874,-0.04830799351547944,0.03662233551196954,0.061638330861774476,-0.01616966139785834,-0.07918253326425177,0.00254281031142588,0.024978961923144537,-0.030773804691924776,0.021303011198402697,0.012074521957210779,0.07461873852229853,-0.0009110507552407507,-0.015533730681109201
NOTCH1,0.0010032454914761068,0.03916502851258344,-0.003925265526665262,0.07042313723702412,0.00013395547499596452,-0.05380680981187803,-0.0457057504496905,0.042799080996383826,-0.008090195196745864,0.05838044797293938,-0.02140888161374986,0.00780078373989071,-0.068279379793314,0.02195629368251879,-0.008716533481910371,0.017240450202492656,-0.021001287805984488,-0.048578535701926016,0.033152437099235293,0.055310534164516895,0.03297874971019776
SF3B3,0.0271937172033255,0.02431965827438793,0.03372788916931987,0.041548390798649755,-0.06446435210627696,0.011089357964475823,-0.03215132070742555,0.00273271168630033,-0.03399105394326699,0.02489387434615472,-0.02467582899251769,0.01924257722907809,-0.08147929569526703,-0.0005219754637808286,-0.06382159852545125,0.0055519817324550975,0.04252049745901501,-0.04356200694386244,0.0014841767542401552,-0.08212291586188811,0.005415416258581487
TMEM2,0.0037620899885294624,0.027004815057627224,-0.0034823297101700566,-0.01222929465628348,0.0019132224771896465,-0.08916114939177196,0.09394598517805933,-0.01253852654317892,0.05135358398450313,0.03813227087617191,-0.04577845368246735,0.06173689770980727,-0.01663142751293417,0.02449619300439901,-0.07298308680936666,0.05942163859555665,-0.02243722983477839,0.03331325363544524,0.06169431896861576,0.05735429904136046,-0.018575261363532988
VPRBP,-0.04079920838210254,-0.14580714321254662,-0.18742555282241588,-0.04427992410979995,-0.026142939089122436,-0.022035646418032802,-0.06622010361063488,0.039858594996089604,-0.03870119918601916,-0.011792736808230803,-0.03605769972493544,0.023995022453834038,-0.13363452529595032,0.001233317706199253,0.03163565071350681,-0.0475609360677498,0.05360072901798723,-0.03626139132469941,0.037493001964665,-0.07044668696181827,-0.07888863471170562
TRIM28,0.03767463103394265,0.037616531960658686,0.04414481722106913,-0.00020792840532565,0.05722371487360609,0.0036419892238424424,-0.016707792610424366,-0.007794576230257939,0.025485427993471255,0.007479573891373364,0.03601669666869753,-0.03698508205152895,0.011140251847803083,-0.020226709252332727,0.07519520446032965,0.004687191056793007,-0.04671775068380874,-0.02921752961521509,-0.04738136914988832,0.09439399256637689,0.05525075367182145
AGR2,-0.057510676321593304,-0.05025262770706244,0.03028993861945763,-0.019199200563413968,-0.026408585557123717,0.04906377327873244,-0.03215640625014138,-0.09217616309509119,0.05405105364642822,0.032423178717163596,-0.045833251112864695,-0.0356259587388201,0.014680857262549418,-0.030043300405004487,-0.020849708675701222,0.008964989661351022,-0.005626439251269548,0.021568077008016908,-0.09082343469986764,0.01502036749760946,0.014344547984386264
CASP9,0.0245354416548934,-0.04124416213907644,0.07006557897292817,-0.0020461512549255043,0.008588659873008478,0.025963225209530708,-0.044994004754857056,0.042073753808330186,0.005376798233359294,0.011136261149368602,0.028683772019734342,-0.07867730962359883,0.0077283099518097075,-0.005020213780557645,0.01553855863544857,-0.03533942330250342,-0.00921565966504356,-0.004159179387192607,0.03617214704945536,0.02763794974352444,0.009694578817349529
TCEA1,-0.00026426427744096425,0.19962584907857875,0.09740883842934413,-0.015081680897293587,-0.004576067385837859,0.05140367454329623,0.051178884732494316,0.010143878444090927,-0.016624489286382955,-0.05223268268263128,-0.040261432001953104,0.05367723027879243,-0.06727113894421523,0.023032739226794923,0.06591827661622902,-0.0015269580853078798,-0.04938069226320977,0.006935030789836125,-0.013063531952929327,0.038859472135019536,0.016523909147941725
FAF1,0.059568559091687484,-0.025846126534160643,-0.025542796177000438,-0.061435547827792245,-0.06575228000085553,-0.014225230134930881,0.041080521462356925,0.031034916003014328,-0.0857885842429038,0.043092614654888915,-0.033024816222488054,-0.03976170976588855,-0.0591582682614295,0.041235995405680036,0.0307623679838303,-0.056859956733180596,0.04838598635850808,0.149718853753892,0.028681047291211778,-0.03668396081654916,-0.03673282245987617
LYN,0.04880940900110843,0.054897884282586094,-0.05113256617181251,-0.058341426761063214,0.005434954957511228,0.0126995854956035,-0.022451341401547815,0.011417260921362188,-0.0036852731640867283,-0.008126096586712567,-0.03487957516255847,-0.0035716090381295645,0.013612158970082156,-0.04392089921330522,-0.04635169293461208,0.011668401732650572,0.006159397772883172,0.004766936138978494,-0.02929569493412496,0.01571266719735375,-0.01980485669524392
TMEM14B,-0.09164258281188861,0.07439524335199477,-0.007276285474594973,0.01244648533093999,-0.02713117900354557,-0.005247398608702774,0.019845889138781943,0.011500772096697512,0.013594539035212676,-0.010891089406428543,0.10997952992493872,0.12968943767367036,0.012467285804002678,0.06294376964099115,0.10331373083661005,0.021301082098157297,0.012596366554615743,0.027107357250285704,0.012812717669112388,0.040522813865228956,-0.0031408978269083848
SLC5A6,-0.05198553892798609,-0.0022298007526288088,-0.03609740391373748,-0.06613660818011183,0.0837297418552299,0.06110561302501074,-0.021311500127656004,0.03496947486383148,0.041378712082601216,-0.04190168073323775,-0.06081404697043619,-0.11246631346573373,0.006722951448546571,-0.023933123021677553,-0.03803234699902257,0.020873245461747333,-0.03511434164403053,0.043963324240429404,0.027159066229639237,0.014829610377202011,-0.011011278155504374
JAK1,-0.1000546376612819,-0.030215061870407973,0.019044654120313174,-0.05170691102626991,-0.05375659472397559,-0.00947401278586977,0.057029617729352035,0.04076265030653822,0.04380697793789765,-0.0004307071149094386,-0.0021837531389982323,-0.02636161407954569,-0.005416365187160863,0.05914381763679701,0.009767304770249827,-0.08030451880992495,-0.006491031340168087,-0.02186820427236499,0.03997325879825069,-0.03826995333099799,0.07108433563917656
EZH2,0.039093533565250596,0.04165078872387292,-0.009679423823695937,-0.10685612505006001,0.04413386783269831,-0.18442542711741838,-0.12688821706950879,-0.06563342932106513,0.0585757325137678,0.022913018208080085,0.12250810537497345,-0.029507542460109892,-0.006693821418798341,0.0614836083135977,0.06107125601571147,0.03225667961325397,-0.008312279772834757,0.007391064335042896,0.06284090606228697,0.028348721196607838,-0.01728738038423656
SLC7A14,0.06101272070796609,0.012608025603764617,-0.07530509274672036,-0.0991855539004064,-0.07759592745044322,0.15843290012821687,-0.022339952855890622,0.04691369995340743,0.10707339736042565,0.10171836685130085,0.06383645304121933,0.052606064021899074,0.05723116143446161,0.1083891896182164,0.005274356241975587,0.05712717901039251,-0.08295822329513317,0.06892033527177802,0.05173741523109684,-0.08532945285511274,0.05189008107606336
ARL10,0.06182656391720414,-0.08415859292182606,0.0302126232222341,-0.03533845354681537,0.06335534335016295,0.03438244507399548,-0.01065293892026437,-0.08310474603996983,0.029555298191290647,0.03927588661128824,-0.06167738599480709,-0.03551217773653282,0.002879964121822352,-0.03200064071080365,0.06343964573844792,0.04499005978237072,0.1389690679959301,-0.03661307992482612,0.03747463720862586,0.03997933611884344,0.07087580443193053
RPA3,-0.056257520068018964,-0.012726519375174836,-0.044815562915505466,0.009046296268697494,0.0020457946532260744,-0.015255490835668744,-0.042698000154960766,0.09423367747500794,-0.016114658138347317,0.013155003361751719,0.04487279202001465,-0.05982184284437635,-0.058051068223587736,0.0618676034467049,-0.06555291784662365,0.11589466830613292,0.057764883027526324,-0.07374747857569193,-0.013755028239709874,-0.05010055295434367,-0.02686532166227972
SHC1,0.07243343194975975,0.01690520181036824,-0.027968129248695697,-0.026658060832590678,0.012299658132895382,-0.002872888464471308,-0.006536890657912884,0.019718263579845373,0.014129820488941887,0.03732687848256642,0.030889056839324743,-0.03451693469700298,-0.036910200588519654,-0.014126670985983216,0.02455115764438072,0.05927644421470789,-0.008430158310520446,0.013910564603554236,-0.046052351850444956,-0.07473544776301563,-0.0019204359690090525
SLC6A8,0.011643793607659257,-0.036316415167799376,-0.04067486664352355,-0.06766744717471185,0.061780052879763445,0.03909751607305349,-0.04226796033864184,-0.0008826155391239419,0.020680158101943527,-0.022972988793935882,-0.09895760629458974,-0.10611754110884732,-0.0017693867949966635,-0.0729123299123331,-0.03432705476093194,-0.024531799480379653,0.015999778265361742,0.028446041521542013,-0.017916263649003585,0.055164095723009066,-0.01600558621709513
DDX5,-0.0009116112233171034,0.014085495008993778,0.04375232560119963,0.061231721202170866,0.04102561249384268,0.02574395113370511,0.04504700001136695,-0.049207651063160315,0.035046211796470744,-0.025521908312396757,0.0972003881581471,0.019837049585795432,0.1031251259827397,-0.03218291176526271,-0.01912846057064799,-0.022834692901010173,-0.06955674407681181,0.0205924225314836,-0.041268402923482404,0.07444266389424192,0.06281572051813827
CDC20B,0.04388156076978963,-0.02058110663204649,-0.03853629945717677,0.03377270089560862,-0.013634857726518197,-0.05834771556244247,-0.022564337685659026,-0.010086322608600781,0.033107211893711845,-0.028545701494009222,-0.1068673526000987,0.10490916326272505,0.12278347400922926,0.025564833891631854,-0.0486636756127918,0.0266053237272928,0.09830581213408549,0.027106163385969193,-0.08158376123018762,-0.06520667861903089,0.0669109533588329
APAF1,0.03917663094030067,-0.04265701926221187,0.05028911913840469,-0.0046500279172212175,-0.059295805356721125,0.01610817917096632,-0.03323255707423201,0.0452543237426312,0.06861054828229933,0.004904212618534269,-0.04865365989201138,-0.0029307053830152697,-0.01715643190694949,-0.04648191266580625,0.1152343317769039,-0.038968203763078156,-0.05656314108505501,-0.017581497595421113,0.034270800408868984,0.10245354913361299,-0.026348817642862343
PTPN6,0.06466532336424775,-0.030615437005322644,-0.021031327437088274,-0.012416674730118194,0.008052028255230532,-0.012923245378068278,-0.02217966449100144,-0.012796628203119623,-0.0718450532816076,0.031179483357262724,-0.014276424877380607,0.007662197037936298,-0.019300709436965602,-0.007007956417808009,-0.04331896863460435,0.07985574161789322,-0.008350831424882644,0.046350500698653624,-0.029302057590967535,-0.04698123991589495,-0.018672147448233537
CAB39,-0.016553753794700202,0.06083260826828281,0.07233665184654965,-0.007989791134852089,0.020568830629488544,0.03169224957788825,-0.032096965461620074,-0.04870940325424841,0.010532582819945865,0.05274212838320474,-0.04957251331865589,-0.011741400126867347,-0.01337893942632303,-0.004197872743972825,0.009916954211748853,0.03118263895046696,-0.17579830600023996,0.06507329600866975,0.08287203264801908,0.046424897549249125,-0.0862285406556554
SEC24B,0.00962922319416578,0.10509578415985718,-0.09693132887450939,0.03953357831968758,-0.00011857283727959666,0.026324887903933936,0.06611262227940008,-0.059604116870253084,-0.05476414247881408,0.09600105333998919,0.07307667075839118,-0.10281939066177667,-0.06326034695227403,0.003601463834853156,0.09738097499555366,-0.10282073796380026,0.08232584116666958,0.11189083733273289,0.007323418456110512,0.0352489502055034,0.0677851573325128
CIZ1,0.042004812348392116,0.12639238007189996,0.0535265462254296,-0.2163502039123612,-0.044782695548379166,-0.1375288892326701,-0.10209076654460632,-0.05848322463224372,-0.10726096319193035,0.03796812767803286,0.013438877078328753,0.03909996500886069,-0.10913911636850089,0.00222503864236007,0.09242813422072518,0.004048778767918504,-0.054675005985491,-0.02175734810528764,0.059958919936038316,0.0212250787209578,-0.030821982814980924
EPSTI1,-0.12055569840185781,0.01924295313906088,-0.03530445799876901,-0.0022248729612367145,0.16994361761307097,0.006486954350442851,-0.014518861794324281,0.05589213262594479,0.010233855012049339,0.002429702355606069,0.07291492896168847,-0.005312562417697279,-0.010219465087411774,0.1453457288460984,-0.03501332241933007,0.052587250730950025,0.02137506414602568,-0.10428163007307073,0.04473238453996408,-0.03822471395559026,0.0380458266876979
ACY1,-0.05635358851848758,0.052545259752509385,-0.09190832818122503,0.11109088876983583,0.009574873575978717,0.03644940454949311,0.040252129608576714,0.007192306728686207,0.009285558760914565,0.1034974474867903,0.02732522282069814,-0.058891101401774,-0.08627500952324593,0.014151440514318287,0.03310498909300303,-0.03848444451659871,0.0770979904618748,0.15873894833815957,-0.04716584352218673,0.004275534564612682,0.023658652912410517
S1PR2,0.037034247818744696,-0.01500778156724853,-0.0046854230395147614,-0.009855910617486216,-0.03305425618334513,-0.07081282815900848,-0.052645978968772024,-0.007334391967819003,0.04479351935353756,0.000489015271519955,-0.014195847843893758,0.09486706258831772,-0.004052039841827358,-0.011190988111571551,-0.013967041575018985,-0.026779142783373504,-0.012295127796159619,0.0542345258767641,-0.05534597829334505,0.04299972791241015,0.03362471860082337
DOC2A,-0.02379034642075538,-0.15777630317751062,-0.02644994922880749,0.05165128886668255,0.038276781782533395,0.044794877050233016,-0.06617005185355006,0.003657769482053992,0.13226545647752538,-0.0024472657207374134,-0.1303984415627958,0.053045806860687626,0.0541143170276563,-0.07101796633971852,0.003971933935307578,0.1347916201814861,-0.0995470032631075,-0.0412669434120237,0.020713663269913484,-0.05720029921588269,-0.05909205244427285
ICOSLG,0.016989176283111057,-0.04919389166262985,0.01522616457809944,0.04639374733421511,-0.019125160248977056,-0.0804991417271453,-0.00738028055190336,-0.09961648029880346,0.024968785791704255,0.050785348049801705,-0.045140431998053336,0.09023265021544222,-0.06637531456374567,-0.046616656984082,0.05212130500019856,-0.10290882933668963,0.18537277070061906,-0.06682239194375057,-0.031555383661334646,0.09416932779804178,-0.04647034429325919
TAS2R14,-0.11337949599155969,0.021111604860363335,-0.0024041250191165747,0.03932303312157378,0.11383223308170135,-0.031711732823192264,0.007048407644559378,-0.020775325535081646,-0.013737568884736606,-0.07188034315943174,0.027627206571093472,0.0842923023787538,-0.01586925357442226,0.20150398439296488,-0.1123937295233568,-0.006986918819471703,-0.05449571935556186,0.0036472071903347492,-0.029593185544083283,0.05501125963432396,0.08370413148881478
ZNF187,-0.0040206065646684755,0.06470428257684999,0.019710966574195136,-0.09245777074657498,-0.030707231241347326,-0.060962545789094866,-0.03393142836169385,0.015553078599988914,-0.02153959695801794,0.01848646342171032,-0.0037857060424828655,0.029480268906098762,-0.022634978402045057,0.0022483078313769635,0.024309100866169542,-0.019028280793615147,-0.05408751190038588,-0.037819567052390306,0.012265117429498464,-0.014782902594096018,0.0798616609755632
PTK2,0.059565270690191054,0.036602595604707945,-0.047544979151062566,0.0348996837680125,-0.010025698043760918,0.02494867272061968,-0.0350725918114923,-0.003046309710408108,-0.048087956995226895,0.04878902710975409,-0.009328107463638883,-0.015283577862684907,-0.011756985376690683,0.008230480764823234,0.0037200776460864626,0.022795714888539927,-0.03520243627080234,0.03572632249261989,-0.02606804605890427,-0.057684579651838985,0.03932016917215098
ANKRA2,0.020060622884015986,-0.04997875299461016,-0.033659265423919275,0.011683727469137298,-0.008456713604419464,-0.03408321780325568,-0.04121934676217421,0.01750248234708784,0.10132901680942286,0.015074228178385767,0.07713210388871088,-0.020033515151294954,0.045500176705326,0.001549546488461508,0.014033680464146497,0.02360894054761123,0.0835304044983482,-0.05003794442539905,0.04482909222376313,0.0480198681365722,-0.06462441589081613
U2SURP,-0.016190441771277923,-0.03992552022313269,-0.05127343095603112,0.030492219814808964,-0.021242319089066188,0.03282482915788633,-0.001803741056524688,0.06195237405178166,-0.06494063231289048,0.007996214667239503,-0.0495466327582132,0.01315573802006071,-0.10538458071544916,-0.01587011459616942,-0.030026484855152722,-0.019936523923821767,0.025119222330168778,0.034047819920431176,0.01342180322665489,-0.02317639465763405,-0.040979571089094766
DYRK1A,-0.03689303152769147,-0.08854005055970106,0.0208473668708536,-0.019069708368425024,0.07479436618102119,-0.008745667975812237,0.0063039056644914465,-0.056003996771782596,0.05044102393839801,-0.0018070807001422861,0.018769139583651402,-0.03218668187887425,0.14566735333774153,0.03317453863057476,0.0012079237291073633,0.011359132804687111,0.03703852753656746,-0.0764040677608453,-0.029340777040720977,0.005813835614256073,-0.01811214420283742
LCP2,0.0415604951002202,0.017532161148086797,-0.038563148789125624,0.0067143013347781486,-0.006082986758610197,0.036816820683524196,0.0028913741702555566,-0.021884620184661703,-0.02407403651578177,-0.01182249287468516,0.006524851001768912,0.007016302370640228,-0.0002443134050386841,-0.04097762135254826,-0.016857891832597092,0.03640664398424319,0.004615526637492917,0.013607625081729125,-0.00894676039580609,0.008406472223529908,-0.012852054582036566
TBK1,-0.05615121817270322,0.015917998705614413,-0.06420949860152549,-0.05080418665362643,-0.002177180030211501,-0.03379823464585666,-0.01000243534285094,-0.006633318496442845,0.03264834375079443,-0.06189359606706371,-0.09046327808054343,0.0828147127971541,0.017842800594053486,-0.0325766527246246,-0.0328367442867073,0.06190325082969468,0.017212450525070977,-0.024708077702123677,-0.06901882904976725,-0.01997309023794734,0.025854528565345924
CSTF2T,-0.006115659582869799,-0.0036040539087269837,0.044544367275131246,0.07056413738032291,-0.06220534731581977,0.06893555865707368,-0.02907071493578894,0.03892304981149515,0.05654125079216763,-0.05626147091694266,0.08487450244899801,0.008115025623219821,-0.03076831028552203,-0.03448503082452722,-0.049436053434580726,0.12754159343588128,0.07613819375257087,-0.03540107148224194,-0.003553491922506933,0.007330748459398573,0.04320743659574084
XPO1,0.017802465644103926,0.00951142595827996,0.06835905261236873,0.06932672741929502,0.012820769758247126,-0.027239410735227104,-0.0008914202732747263,0.03920590635903917,0.012104283191424923,0.010832375575444609,0.010242983271977714,-0.015024044925237472,0.04269449263010432,0.012025194202148658,0.013265580162415466,-0.03271145797436545,-0.023681280383971944,0.06691695818578322,-0.05366925935838084,0.015976930400578005,0.07636406616999768
NCK2,-0.030536463173382707,-0.013238408428551092,-0.015832240830260316,0.035620993860010546,-0.00615841989167465,0.02251802489428749,0.08871646872036135,-0.03228661443299472,0.0370240722839281,-0.040906742268401304,0.03525792731362564,0.03932850170348117,-0.025647254943692948,-0.02799151190418871,-0.00827578079334229,-0.04073526152810861,-0.05246038594731336,0.017725799658790443,0.033083517441939304,-0.05270183257821449,0.07881283623517141
FLVCR1,-0.1317828812246963,0.008824337144917946,-0.013232581130022123,-0.011497824484287496,0.0708459041368512,0.013862939888434936,0.023244581741310253,0.0005305583715073907,0.013338240049150409,-0.053451831312247795,-0.03170898448919924,-0.05628524026907886,0.006933616851551447,0.004606176032045689,0.027709119382502624,-0.003775101064972872,0.0040418896467288795,0.08951947860206433,0.02808674182144562,-0.03526396831097456,-0.03146773849734245
SLC7A1,-0.021490398566936825,0.030440348960418293,-0.056732356670715536,-0.045736789415910986,-0.048232805003487124,0.12339170626848313,-0.022417948419456935,0.051791946698696814,0.04919622000321287,0.04810230819449766,0.08183522352800476,0.053790173219378734,0.05041451322402229,0.03045899564643845,0.047818502979480405,0.10964606239881725,-0.10432430846709388,0.11287636049083752,0.031211703197494885,-0.03227556771589555,-0.015203327637394176
SSBP2,0.04695190908722515,0.022672010232870823,0.046268968074931735,-0.005345672519459377,0.014874660278415937,0.00793330832020491,0.08982379815969956,-0.09129042140540791,0.008818388484697492,-0.01580645858090262,-0.018565193148452556,0.03224723424701844,0.05926048863207595,0.0033267998276153067,-0.016756125179382266,-0.07922429969637822,-0.07478448059610752,0.06350922949171894,0.08179032040603285,-0.01193171180774818,-0.10251703831570609
RNF34,-0.01413611575714398,-0.015451157383262845,-0.05683790428696047,-0.02319696579714907,-0.02996196116497322,-0.0721509197668304,-0.09248688535699313,-0.0136581989182103,-0.019764653261290125,-0.008081823574396822,0.08569019456743877,-0.11664751603794452,0.020270045731282337,0.010422064305871753,-0.03238724970171312,0.030488043315423225,-0.009442542190414169,0.07338298466047269,-0.009391591556693151,0.02331226440264321,0.004206256559741231
GOLGA2,0.08191821011693254,0.02465965279012164,0.05237197177350096,0.027303879031562037,0.058376694211283435,-0.06742470628349273,0.06432973816694407,-0.007494268103871235,0.04309422151861403,0.026370248406660548,0.016976804325825143,-0.008179185771394086,0.003743401837050869,0.03097233782993327,-0.07990179792100296,0.0679289574871006,0.1646921541875057,0.028495663466148905,0.02961462270304318,-0.08287483079505165,-0.015064707943054092
HCLS1,-0.09882635253688442,-0.08397851670967828,0.052646217960342016,0.020996463557555772,-0.009594528400804266,0.011538744221567027,0.007552632828325421,-0.05929082702939735,0.005513573376115271,-0.08356416239198271,0.01667553080367413,0.02162612058901304,-0.005083713044930766,0.04786555916917209,0.032745261568626255,0.015203797492122237,0.036541604576158786,0.01573770810477505,0.006274100435611122,0.04828665475594515,0.016090342923117895
SDF2L1,-0.00840819481773361,0.04467002812852761,-0.052929805258508,-0.03370722262271514,-0.0010658205263769651,0.0004241487214660618,0.033421594892504985,-0.0313166937415191,-0.011467386995427714,-0.04516637256802265,-0.001989456561248441,-0.09920520891555,0.006700621533604953,-0.030434899093181724,0.08747444515308239,-0.041388896786054834,0.0014419390248160081,-0.0636163765090913,-0.17553212547374594,-0.08219660908915594,-0.01822621713422501
PRNP,0.03368433551708766,-0.08959216701355566,0.0012288712918569354,0.0003409857354160789,0.032472041949486066,-0.059162473235801434,-0.05058139900173837,-0.07089477332318139,-0.02389326470296053,0.13688660240812794,-0.054971142599047076,0.04132370940270056,0.023737623293480777,0.01839070974429086,-0.05302295369242621,0.04035750291924549,-0.013316039955384067,-0.0516918542699971,-0.05840288797868803,-0.0318514158960323,-0.014488449837997729
NCOA1,-0.02716714111252415,0.019634154349880938,-0.038331212960194996,0.037224803472656366,-0.018660231856401484,0.08088400668896707,0.036564008784062484,0.0423096411745658,-0.09830323546303656,0.005414743208425013,-0.12914366355586138,0.03325732995365476,-0.014770354326920193,0.008224014515248542,-0.03053320205787917,0.010976629707297863,0.0212541994479426,-0.007527434625956204,-0.05052740824036675,-0.03861162600848106,-0.010993526461454017
RPA1,-0.054559018337259846,0.0030681781186921104,-0.00881610378944271,-0.09132017863827527,-0.03795853018216722,-0.04354084042496235,-0.011237226506730265,0.08701841223230465,-0.05272817455893866,-0.004937895790504101,0.01442699869596453,-0.018341738212695777,-0.12213483935653463,0.0824458652897959,-0.03724291907171257,0.07699929815044573,0.06692823171929667,-0.06063726336971517,0.018392627461360608,-0.06521008330560625,-0.01875946685728564
MAGI3,0.05432567089960158,-0.035784097872764216,-0.04548239299032268,0.11129898895719437,-0.002521445674086878,-0.05865575838483115,-0.13616640133318222,-0.00279405870881207,-0.0015005307870171007,0.18875194947804863,-0.04704571173611376,0.10949140818498701,0.0459810116984903,0.0406286265060702,0.01631152402862838,-0.06983521243909777,-0.08787385612712871,-0.04974423782975022,0.06778515753127577,-0.08196083312164365,0.06332747055518696
FERMT2,0.042927435034006034,0.08551599120475085,-0.09778475999817683,0.07458813873174377,-0.006336700282017773,0.03166779326639892,-0.05471025053148678,-0.002236299678333704,0.05738610651996799,0.07296191200270156,0.058314324132560255,-0.011427744000548008,-0.122180282271738,0.04377592589115016,0.0747508436613322,-0.022497952232587125,-0.06849577808684766,0.15986176571961638,0.005311528247393727,-0.07117074496388695,0.03300134233354283
IFI16,-0.002178766957515265,-0.07941135264706646,-0.10932979144332623,-0.03372079051657098,0.0025848890976087682,0.005040355565827787,0.027696563838592137,0.03949793045202042,-0.06120738113696043,-0.001857773031219182,-0.07774597854132002,-0.019954670377443518,-0.003221018414169423,-0.015233644397422048,0.03149607971630829,-0.004878681890348959,0.033018639671442855,0.053208062196353996,0.06914429575825823,0.028409075218392775,-0.05715145735672432
CUL4A,-0.02166295498425579,-0.0073987702905710506,-0.035814078565720484,-0.06488044305174201,-0.015922939773595036,0.012610819846728691,0.03860786312913401,-9.808283955711515e-05,0.02334267934356216,-0.07297628396203736,0.02370566608944775,0.03654864776741259,-0.08743508909108526,-0.07898486567256104,0.051681305406539424,-0.018477785596008323,-0.032288712822419394,-0.027296370428572157,-0.01364303443163899,0.016016972363791803,0.014830982028996572
RAD51,0.028260754179540337,0.009427332289600243,0.10049795329288232,-0.08715840733691083,0.012643264109568068,-0.04626331891325878,0.0077697465859923685,-0.028990154615705692,-0.05667975027076829,0.02556666364982321,0.05121189267049269,-0.004437821102835832,-0.01657165259596162,-0.0023853929092671404,0.020005152534312877,-0.005967009520907424,-0.04887611341732434,0.04037674695179539,0.03339474902615593,-0.040127924971328395,0.0033653241498428927
C1QTNF1,0.12121236570074687,-0.07067294989333744,0.011649750140849137,0.10752498775093702,-0.11065492274584786,0.16978984612060774,-0.17874218437373898,0.006826046340730585,0.006747951937754746,-0.3322757909083742,0.10213192911718755,0.04254795920283319,-0.021020606984741907,-0.034497309702291416,-0.0976164341626897,0.10696349454486756,0.1610346682509408,-0.05416019941671205,0.2213964954621147,-0.02657957209984292,0.06605569031531436
EP300,-0.014630187369497689,0.02261446381285544,-0.012438037247446868,0.03379300945314017,0.01052621278181611,0.043922583457442294,0.015035678547662626,0.010156492947898617,0.016352784652820432,-0.012457536733061906,-0.05253692586447383,0.01580437784670126,-0.05252583716957222,0.007256826227043248,-0.010022154255107135,-0.00816418250275317,0.01142246134146825,-0.06402601459205562,0.016328609326856064,0.03258346045267337,0.015361386455104719
CCNB1,-0.03184502955020635,-0.006773594835270773,0.07381262766864337,0.015145344096246193,0.030511476696536737,0.013921640761163697,0.03123475218849862,0.034739225992874725,0.07161200852241303,-0.031494499080614816,-0.2200774371021711,0.02678893533658566,0.12258665497216399,0.051308631305962984,0.0425072320914697,0.054636936389798024,0.08110294782049776,0.05325798073938584,-0.07451656027435316,-0.05009614508642204,0.05282389840524918
TUSC2,0.12981328337386255,0.12328198076776328,-0.007075138748964873,-0.08905926414731763,-0.026982495846566073,-0.03799545720544803,0.02114874767936315,0.0550465581041827,0.13412372347193957,-0.04733146057318997,0.004487665855043126,0.03560943500752264,-0.008636886132146526,-0.06911209709505564,0.1210469412413002,0.026276855899085738,0.06552561623941991,-0.02740990732330163,0.0023223347210874446,-0.03765745968457046,-0.006857548835102852
DBNL,-0.014977024385379555,-0.08467709891779406,0.10997680473970353,0.04319968304340462,-0.006511036021845471,-0.05191463611376535,-0.02185215545179963,-0.058153446115046685,0.07738646121898939,-0.050379796116507496,0.03233857142956645,0.09842413017269312,-0.10525727843213716,0.059877135285883,0.05948604560508933,-0.025504564543206536,0.12440295142846187,0.01816033634637234,-0.02855396840703678,0.09745067927015062,-0.028259622389098592
LPIN3,-0.06099321985658519,-0.05835340495218933,0.03537607368581229,-0.04961996672326561,-0.014107648246034561,0.03451929009146263,0.047254140652860155,0.014353275454494743,-0.08120989747621712,0.04009265418469524,0.07513095983557179,-0.1365193092405969,0.13456068163188592,0.00012656709331130317,0.09972692588949925,-0.052617713405856616,0.003665457428206067,-0.10310602563920666,0.01620826228079615,0.1576932113646584,-0.05891529604257747
TCL1B,0.037016412951624215,0.20343107041911748,0.10231915426860566,0.0412293813495778,-0.09927253115244884,0.1276134493100683,0.07573357681420928,0.11727420736433664,-0.06968626510710907,0.016737844723136802,-0.11221263995982436,0.0347897931791182,-0.15912554645868315,-0.00448618253003689,0.029448327577659267,-0.029172921938949128,-0.02167164211525936,0.0029656073313795335,0.006023350960651782,0.027372530212658945,0.027533178056208977
ELAVL1,0.010779720912793278,-0.029097630114139194,0.024507125850891598,0.1370906420576381,0.08721364025806055,0.07169119711534233,0.06297414231103671,-0.05507359850363221,0.08030762430700052,-0.02136308136147061,0.16198653580528677,-0.0133854669351053,0.17907590199441156,-0.0257298186133037,-0.032988278913325855,0.01888487903482656,-0.03755701034835378,0.004023101600068858,-0.04594866738725571,0.07322774935666829,0.044515101633556105
PSMD3,0.009867078551894821,0.03308144910549414,0.01617749539924132,0.021078918946425152,0.04578343989307492,0.036827395652586796,0.024786519962528078,-0.018453095190172616,-0.03602817866879104,-0.020204166742448963,-0.04452293890277074,0.02867051963759583,0.0057995620004216925,0.03771291936761578,-0.009892190092318948,-0.005167648252145625,-0.01931115822271309,-0.014721175887346881,0.026872914874573668,0.010867410570263797,-0.02856349435875319
FNTB,-0.09876333403807094,-0.04888864709940952,-0.041696789593343005,-0.011689394452330922,-0.06857550487044618,0.042497733083108405,0.037586670867990175,-0.11653035162543907,0.05136218282985277,0.08687012515171177,-0.0059993894358661625,-0.13953835526829245,0.07109439485942992,-0.008329031427393411,0.00617079129872829,0.02333610970732967,0.05606779852240598,-0.07318340002623692,-0.02056447354944134,0.042830785161797086,-0.006079422155458071
KCTD17,0.0024081874247036433,-0.09189201864258116,-0.024950531312148246,-0.0005405590661692461,-0.027606177461863047,0.004502540049545488,0.004505217551560145,-0.021868416602086497,-0.01818509388130933,0.11986593448277771,-0.007145177525760284,0.007708263973240403,0.011880068607288904,-0.03237182608567482,-0.02589155000089314,-0.09139204139331314,0.04252030955718065,-0.0797204062033963,0.09877248677568953,-0.0424359397708745,-0.07448362890470489
AQP3,-0.26819073584735864,0.1333811817409472,-0.0630180650244163,0.16300495649214772,0.16428138550216198,-0.12286304959572684,0.04007972873631306,0.07928746983155018,-0.06987025328903472,-0.0926738026716258,0.08498889762037071,0.12304328514172505,-0.039562392081626395,0.1905140223378095,0.01064116970850217,0.038222639257206044,-0.00784311927158584,0.001879596347453315,-0.0692820915772047,-0.06758039530550666,-0.010882955105663509
CD320,-0.19897635095204447,-0.029697360131366823,0.07980835803453033,-0.06599055705106821,-0.007496032836155548,-0.06542678148851805,0.03663844046908688,0.07747639128024303,0.08424306886111826,0.01822690227875083,0.045700719302623254,-0.11703365005480695,-0.002203217119231726,0.0517897407597161,0.0023679614563634193,-0.1155193242133265,-0.019111375400631982,0.01386147000693449,0.1244143757938833,0.052029469507978834,0.10104052400676397
CNP,0.039061382430551676,0.01806943771632658,-0.029632428989871992,0.0796822702459593,0.02945386533656557,-0.03701551848874353,-0.06756413172486347,-0.04568760769229706,0.029292176475261163,0.14594958019291907,-0.08613818751739179,0.0715126076209995,0.1012666900735286,0.04098238332298913,0.0008807215743523482,-0.0353061928503045,-0.005577605215861011,-0.07788843042675882,0.10962630087766426,-0.09716249153951685,-0.02358918148090334
HPS3,0.09553089805869659,0.01691008764233631,-0.14012038669424529,0.12170106544316701,-0.0058667540917015735,-0.0358484837917764,-0.019606629442456124,0.027357007479610694,-0.04255519463575521,-0.07692985610950674,-0.0999386607567015,0.07492806865404228,0.08507814742282764,0.023373498731866917,0.06279214611515528,-0.007722628623659218,0.009475258468943218,-0.08549496084474538,0.07919486222811778,0.05557632401386456,0.06277682761115194
BAG3,0.029013576871746074,0.033450764984701946,-0.0019186407851440569,-0.06796581270406363,0.022332083971846124,-0.014236582937519565,0.03940252729438018,0.01032435705396715,0.06743997340325504,0.0018318406748695467,0.05388154000571184,-0.017567767335342724,-0.037514481846892864,-0.04043370113647894,0.0430758999568416,-0.014083963187169729,0.054863089791989665,0.0544108264851301,-0.1007702611214862,-0.03721887369095425,0.02143342757803676
TMEM106A,0.05188101340588448,0.06653359303617895,-0.039778159633945785,0.009873485970321847,-0.01450255472829367,-0.09677181990189203,0.21054790571385487,-0.033891077167512634,0.06617764542086411,0.06235254771564417,-0.0804468983841913,-0.02577923966760064,-0.04703116214847673,0.03511610680993385,-0.0016427368855592252,0.01877508437282487,-0.030414414882034998,-0.015879058364151113,0.0305199488762526,-0.005334915362270808,0.05242553662278869
IQGAP1,-0.027140517263001814,0.04987177009143257,0.032458040676005065,0.01180087711432024,-0.023732147636831864,0.02620690444349778,0.024321632605118847,0.01737682283674618,-0.005686743076235475,-0.0233878297201851,-0.016733588602907388,0.003749125955865667,0.045864352763091344,0.0028906054127606343,-0.007720507678707272,-0.023253642772041946,-0.09045161157364935,0.04155413662515876,0.0050320186260950925,0.015617268001998861,0.08414204195445149
ITPA,-0.036599058003826096,-0.05254173046040792,0.19536801520221175,0.10711779396229595,0.023760270712489897,0.09522374264423947,0.09437511425722697,0.018747290002094644,-0.03228686019181785,0.028172312193816405,0.08964277659076757,-0.0327787347425832,-0.06554719520959988,0.016898463554052816,0.008771708043921871,-0.06495723305147774,-0.02851245261103388,0.030694591766364153,0.039695060256184966,0.03708806446743196,0.055386032948997
FERMT3,0.12369420419641936,-0.013310805640390664,-0.04702347410094778,0.08781679100340802,-0.061780111718576065,0.07854089080088496,-0.0947086140492842,-0.05176272309035572,-0.027069518791155628,-0.014782621025696092,0.03841259871619187,0.029091419668695294,-0.09573126812895745,0.0517686567860191,0.08793039430634463,0.01391650444472893,-0.09560686884352178,0.10166251518021654,-0.018566392226763463,-0.06502812651545753,0.11230731960958447
HPS5,0.042660808169175064,0.13311896683797164,-0.04246459195119702,0.06551090713650996,-0.049102013976700956,0.03847733348479641,0.015204627715612175,0.08370177914960439,-0.033509129026847044,-0.06612874410276445,-0.12406566231065758,0.04927534399110588,0.03824175994711378,0.0029542695117512957,0.1291777483346774,-0.01956717502647179,-0.05029884027329122,-0.05009687609063662,0.059191750789537485,0.11654794887387633,0.0678361873338272
NRD1,-0.03426569839350253,-0.034442368174355836,0.0032309295377280973,0.0010501019607624927,-0.05530910714452867,0.009681550224706565,0.008035510062773324,0.08395372502075611,-0.004088852898369424,0.020605212222740976,-0.014954548157210432,-0.029841508903047338,-0.042757278739780635,0.021230390445458266,-0.004808955650613026,0.08024303664183048,0.10874664907521214,0.029005286705700118,0.01808029837214323,0.022555036401405323,-0.02945410056144605
NTNG1,-0.06955949893142585,-0.009497484496227884,-0.03610984375344057,0.040935363576973,0.020742233731421058,-0.07466068168775633,-0.04102109906184111,0.0007398348980109102,0.10259821382915907,-0.010827921108114725,-0.02142982315760361,0.010944857992691192,-0.07250676170398991,0.028729620001589237,0.00890887647585022,0.017538062986723977,-0.0608310065630335,0.003430327653188608,-0.04080761100405826,-0.004363300384895259,-0.010298910629093699
LPIN1,-0.07144977714446224,-0.06209324987227061,0.036248174078653515,-0.05745012331579353,0.02068818240859458,0.04203767443568748,0.14414454556228906,-0.015462171696496536,-0.13014895572346522,0.028712852774622925,0.12438515264555354,-0.13142238250955324,0.1645241316507373,0.0626195636758827,0.07642749551550523,0.01173466310136571,0.08785333903913499,0.019913698842766486,0.022892764211096032,0.07568308322574249,-0.09395755146590512
DYRK1B,-0.0704471241244807,-0.053115922279637434,-0.004858121357972106,-0.041379258285018296,-0.015613174274663907,0.033646332006068015,0.03902046943881332,0.027493488771404152,0.07486881049245463,-0.03735517242163277,-0.02362367729302813,2.88348044123552e-05,0.07367291258793106,-0.005961631279043537,0.012764007438411279,-0.031494214677440555,0.05546674995436898,-0.08055822846719611,0.03185542887074959,0.049709250769195176,-0.028894359462951675
XRCC5,0.012122245887957968,-0.0096833436473102,0.08726143932030701,-0.06620841767848482,-0.006569689597708776,-0.010946687948729177,0.03295542836600858,-0.0044094549226945615,-0.03299568637433204,0.02292306856742571,0.02517948116595862,0.034457052991387446,-0.053589992437730105,-0.040437339020065396,-0.019448603024018202,-0.0538093705860026,-0.007894889794550903,0.0471349020775886,-0.024872702488722594,0.015854748917797663,0.022217322709490152
KEAP1,-0.040349661668189415,0.023108127986058807,-0.008647124406610519,-0.11640089683840606,-0.16362269500989277,0.0022279904416153,0.028862821754937446,0.01829740276948405,0.09300338520251719,-0.08609030985202293,0.03203860636198826,0.07077290727872838,-0.06349797838527904,-0.0263452420113457,0.013297963919136683,-0.011760087160901789,0.017516619986782837,0.01056347393135533,0.07919807665772843,-0.022331965039911406,-0.05144425025140735
RNF123,-0.007564730190704016,-0.008135964590610178,0.05346897681674124,0.041563458765004176,0.004306430029901892,-0.00878563200302928,-0.046130349669338676,0.02738635068877859,-0.0027240474995129695,0.030067627741976702,-0.07044091913065637,-0.020433573659362096,0.08840896040436791,0.028601405923386163,0.013708074182603714,0.051237037753037444,0.07674277051197913,-0.01395488872126934,-0.011971675772171059,-0.018805037833260693,0.059124497250725605
GPX8,0.001741530612716983,0.024554897086749437,-0.032325051729839925,-0.007446278559463479,-0.02682235554694891,-0.022182295982436553,0.03618850257843573,-0.02425623000748164,-0.018439022596067164,0.0119347143693571,-0.005093310265048235,-0.01879625897958872,-0.018447615212191702,-0.039506425902843714,-0.026274855812646002,-0.0651788304145076,0.03963253094610782,0.09331253327559566,-0.05581579299957056,0.0394795561544362,0.04676201505900314
TARSL2,0.05185524672105375,0.010317761179117669,-0.06735880459857808,-0.01434246987973521,0.017051608313521597,-0.05586152437073549,-0.10411522683386744,-0.032751292620869635,0.07820770199917049,-0.01608303960405901,0.028976885629499932,-0.029246680883468493,-0.05098901703281084,0.004314738129673066,0.046487371402622005,0.01896243579165414,0.008675580552400631,-0.04045864667249866,0.08541572633433132,-0.07553647201621119,-0.06629816344986578
USP34,0.013134794342425838,0.03463730713513018,0.029803421039524353,-0.010270579229324213,-0.02025376836837547,-0.05421663214708982,-0.09745317731332319,-0.01640983552839372,-0.011588815194022408,0.051320751555673325,0.01385568520793504,-0.047228009882293635,-0.059549461147610096,0.04807937143965201,0.05053324817505807,0.016783461193996638,0.02654212569557181,0.04083692099229912,0.017859089739641842,0.04399403376671551,0.07420069695840084
GPR17,0.09171966803569029,-0.022770405723850733,0.07390900494205971,-0.006482996592604939,0.04717846192155202,0.030581412620691553,-0.024066270341405113,0.07246006226978378,0.02663650885012122,-0.033692041629770554,-0.001309524978385558,-0.07597357315963019,-0.05030434717475223,-0.0814954479232372,-0.08483950912392546,-0.14261778865926297,0.009197408050911347,-0.08325716613963444,0.006115890745499229,-0.01400340031698089,0.034772933820244954
KIR2DL3,-0.08076738322159409,0.05166952629421369,0.007114097744086769,0.12963311285246057,-0.00870916709126781,-0.08736796904117088,0.004498992436107185,0.01981721279447252,-0.11523135671747786,-0.039754645800613074,0.006537816615470439,0.10010963216017478,-0.0004518595641364356,-0.08843190296087837,0.11978751797324155,0.00924342035187885,0.04411062688521723,-0.003816127851055856,-0.08028379299304411,-0.028416977896115664,-0.10011337915549076
AGO2,-0.0017718927701752644,-0.09211393698588996,-0.04662026405865098,0.05817011544690536,0.06957335310563172,0.002099340420129554,0.029056642365062297,-0.08118934059451258,0.1319797382542029,-0.05472608761188179,0.056864080619383965,0.03832593020253154,0.18909802767253392,-0.040332894829069134,0.012818659168481296,-0.025259930236236447,-0.06229186462078981,0.002551970832733802,0.005268415659995997,-0.007651615497778033,0.00544372067840062
INCA1,-0.04109440332602897,0.01485188430725251,0.02784638148695924,-0.04034191047547697,-0.014481061839538737,-0.014196012196865771,0.0018460634778580266,0.06065997426715865,0.07181581934839022,-0.03698455603758418,-0.12379486476126014,0.017095701795536634,0.07837505710166952,0.022769125721555084,0.06956445914380936,0.027190277960105747,0.004656431045125595,0.040306859059848224,-0.0572854986152601,-0.048647985241322154,-0.03169766046266266
CCDC50,0.02425685456578426,0.06509221001577091,0.009849007630184663,-0.04992695187361455,-0.012915897007360025,-0.06984937628475626,-0.09817078162157367,-0.006854065690507713,0.08135916897483716,0.006113829823505804,0.0026366908130874165,0.0037798572468357547,-0.007202228221455972,-0.015580893223577781,0.0697801229355632,0.03218610767597478,-0.0059257141843548616,-0.05027026327125007,-0.03846963486925413,0.00882313624461591,0.059021302621952
STUB1,0.00655106817466316,-0.01063346819159622,0.049030339654402295,-0.04974800968644557,0.0029342958071546066,-0.024500899394530967,0.031929959730468895,0.03146912760239835,0.09056436338260984,-0.014215228626498747,0.06586111276625302,-0.08533157807790495,0.013272851511165057,-0.047569349446012744,0.028970005678108292,-0.04216926877271302,0.03954673641151265,-0.025335403186890763,0.026180180802083636,-0.042152139389400774,0.007834652845900777
TAB1,-0.021811495694858025,0.11412414663007288,-0.01653884031290285,-0.07824492946794635,-0.011315489725768459,-0.09571732232733605,-0.01405597459563806,0.09376330049381804,0.12770069710176477,-0.006156017270381342,0.055037486213142445,-0.027011374850569796,-0.005614018450327926,-0.007414593538249724,-0.018314811257303144,0.013469914752012788,0.015479527146212993,-0.009356888442355337,0.029061079173661596,-0.07216928950174509,0.005033796849062954
NEDD8-MDP1,-0.09313044789048115,-0.019568170118752608,0.23234809677366722,0.11165724676320804,0.1033458661764292,0.029085517875444698,0.07991745418630469,0.048054229019108115,-0.00057268446973988,0.060282238645814896,0.04418675837896622,-0.0294691988318219,-0.02864994380058054,0.010296922458834151,0.01838755285836623,-0.02579951075670354,0.024303401377351957,-0.06150086473458412,-0.019906391385720517,0.08085193406884661,0.005838035553662287
KAT5,0.012879226373307155,-0.00420664229910601,-0.0379648178259497,0.025075987237072446,-0.007375806793198545,0.02316409338759484,0.034052143804112846,0.034433369276601636,-0.07657816815425117,0.011905151183127646,-0.06701408687548925,0.026471129003110817,0.03501576695170305,0.007291464558940392,-0.03148617926396459,0.061550637574906,-0.01849247259596575,0.017513652990437018,-0.03148217740585369,-0.004740688366986154,-0.0033567719651626444
IL4R,-0.09243885064539638,0.006452273366790149,0.028486835841933966,-0.0045849594804660216,-0.02295514956560757,-0.010576902141298361,0.09088988268234385,-0.021003584844701155,0.031107148051036437,-0.02054490339014984,-0.031594312119731634,0.0037264082018870852,0.04254780200979577,0.002614521307234486,0.03494311515190246,-0.0850538142900545,0.002418063924501836,-0.011017884559106662,0.011570180627477078,-0.153075317748128,0.04202394523890331
HLA-B,0.04375891715177914,0.04030806817574767,-0.04972263062868002,0.02663159326792056,-0.058007931021897594,-0.02436204975156925,0.022804124150319374,0.012992703589826172,0.023631762515257684,-0.0749937928223344,-0.026007216229061325,-0.05212915820119664,-0.033808117925623375,-0.006281010344757494,0.031219094211847657,0.006155139608093892,-0.09606672642872342,0.040125124332917365,-0.02538620656636707,0.05074743182750821,0.04247224883101922
PARP1,0.019284649467796487,0.013568255317772546,0.0635574204540896,-0.06664429941529128,-0.02607072753046212,-0.06219662817565212,-0.05089680188663223,0.013017377881390721,-0.007228615081722883,0.04036561784843941,0.04349278330168249,-0.021127582178560388,-0.11777549468660319,-0.01013837410370148,0.04615772825456502,-0.01600627428924118,-0.02584718721304183,0.014062173241393782,0.01947856686755464,0.025278237519637887,0.01493304544574046
RAF1,-0.04856280904510279,0.04181050828359119,0.01938822940480128,0.08402676903981228,0.02892303559336065,-0.030621930107918846,-0.039333766620464644,-0.02816242639809121,0.06249840269992382,-0.009855964875754014,0.030161443588606188,-0.009085768243778075,-0.035586375260187486,-0.0439517933114,-0.004323258428011267,-0.017544570473805594,-0.07986299112424654,0.0232498215476459,0.02882689463813752,0.040302185528612505,0.004958198475583314
APPBP2,-0.07328832816596088,-0.10078676013447442,-0.1570198722867853,-0.02322376067319883,0.0450717749370868,0.01671727628760042,0.10473089246012741,0.11610401767764375,-0.08771769447980632,0.022930324646082186,0.0684934144172478,0.046371273901878216,-0.09400275947372937,0.05273937766886722,-0.1446918985910709,0.05315754838288543,-0.03747690307469836,-0.1530913619374628,0.004423513057484727,0.0134415567192195,-0.004163639699422947
PRKCQ,-0.013979260750865597,-0.009292300208625226,-0.022256924058904302,-0.017132518543507037,-0.004144711275238418,0.0386292330145143,0.08212578659822231,-0.05769346164161338,-0.05555552527472492,-0.0318704766473746,0.026514667043758523,0.007746686080067234,0.0019164237187989195,-0.014864052874246489,0.035950581208769344,-0.003966130041085874,0.03490652820831021,-0.03291025420794293,0.06163437831239134,0.02221221148549691,-0.0557075066959772
ECEL1,0.01697043770379475,0.07952357183929096,-0.023317151277585987,0.04306888599657514,0.011704662811250422,-0.002240139743780591,0.04950245498242216,0.008596205392982182,0.01779788056666576,0.014953861373778113,0.019901652822636208,-0.03031428379357653,-0.020022914390144714,0.03440582066362261,0.036828213236010286,-0.004534714645210651,0.009189167950495057,-0.012564745572718687,0.057427332987962834,-0.09978695707254037,0.019188292960651755
TXN,0.04776524720486953,-0.045292866447367436,-0.017059840699630652,0.028380195440733058,0.08918355960308717,0.04693816989148589,0.05574081866063957,-0.08169397831798327,0.05205359720742989,-0.03568604265791744,-0.10323415539870888,0.06715518593457612,0.07709163825199288,0.03931157883318418,-0.019441519944768657,-0.11635822535785835,-0.06410773143881553,-0.017190388409796434,0.022581506366843435,-0.11830445923600075,-0.026957867372692675
SNX27,-0.08232568894305295,0.02465676012927718,-0.02089025460935546,-0.03922836003163072,0.010079355448153965,-0.0845607400244411,-0.01488591618319166,0.03892827690294364,0.054812399540325026,-0.00800670331358343,-0.043433960721946274,-0.025983486534360948,0.029014882997280528,0.045869773536372074,-0.028604930478309698,0.048643383722838614,-0.08264572601618368,-0.03247360447699616,-0.040520164425004196,0.02078886841717105,-0.06675921966175968
VIPR1,-0.1403909326922357,0.0983917730670705,-0.022554215679344014,0.12948133028417944,0.07347367808350855,-0.11853467713540344,-0.010823009582396171,0.03681247424393069,-0.034035161290009906,-0.10691418329184225,-0.008085353312440122,-0.008691623056704413,-0.051147132532018,0.04249053427723149,0.006614447421709543,-0.03795079186441741,0.032679578268109404,0.04826096188061275,-0.03384591931322346,-0.113280342161416,0.020364343902795904
ACTB,-0.04096456724092555,0.02274944696133982,-0.03142490538382067,-0.2518782131662503,-0.091869558901697,-0.06562969225808292,0.03113123739835813,0.01838243982116577,-0.13203195027984496,0.030165371559514476,-0.06300191874699033,0.04945804222093284,0.10896358792995911,0.010665925771388272,0.08995681155757303,0.01396294570205801,-0.036530411936001955,-0.0663433846786918,-0.0036860084566871635,0.04048607816230793,0.07478108544043281
PSMB1,-0.0313104441559724,0.024417301896625016,0.006678338261551744,-0.015403366454642096,-7.494803147543386e-05,-0.061705579262950026,-0.03348346775050696,0.01396675920927109,0.012799827038921754,0.02460024349461827,-0.03418239865701088,-0.014959214977645912,0.03225539421868179,0.03500468356002389,0.02887266071990612,0.019308884616788796,-0.00567473787812148,-0.00523422829526283,-0.025309710914688404,-0.0046171331249160955,0.07197004834409348
TUBA1A,0.028691858044068087,0.14440718407154018,0.056240648043433865,0.003114037331097138,0.10250553621957637,0.10999413271054696,-0.1915331519665835,0.061732878918926766,-0.06526393767068102,0.09818408253675577,0.0192949088567596,-0.04495244985674693,0.08597494350085544,0.007539249047274583,-0.008922003258757197,0.08513075056719956,0.17008493736502658,-0.14662743270188866,0.09590813947331332,-0.056695097777705275,-0.06950478512261479
PLA2G4A,0.026854285672100228,-0.07797296308752286,-0.008229580111434463,0.10379012579862112,-0.028093469608789532,0.0861293250944632,-0.06084322212340564,-0.11284960284145955,-0.04222485790946591,-0.025615175370514286,0.062215074177114534,-0.012352783331502184,-0.07832006429693125,0.046523316780001815,0.1485092345719321,0.04174996718908417,-0.09092531699557307,-0.01344272372557784,0.01845606122714405,-0.08683428154094448,0.0502001958954878
PDGFRA,-0.020127690292780324,0.026575857521538616,0.0239295167786179,-0.03668484048807808,-0.008805110552402294,-0.14598854403449266,0.11373042983183314,0.02705809796350168,0.06921330396061347,0.05271332190964668,-0.05242286919295581,0.03651459371418884,0.022508401756610962,0.015391244752022555,-0.1397064425470041,0.04340660496200618,0.01418623369750105,-0.013059733695142543,0.18359737377967694,0.12521363398987162,-0.0010878937402241562
PRKAB2,-0.08582653184239587,-0.001753434210150738,3.385428843848132e-05,-0.08250024112466957,-0.06628938004693607,0.005600398111014877,0.06875091943467565,-0.0437196573754407,-0.048581157287282226,-0.028032571635789514,0.04448258420182824,-0.01783331461612065,0.012228310881129486,-0.031211245494560197,-0.03322856065707894,0.004316174112163975,-0.010285951776790907,0.029311186290207267,0.012248460370757108,-0.08417700771919545,-0.0738778584479082
PSMA4,-0.06275058173362527,-0.0351225654367716,0.21868776390714098,0.10267982323291405,0.057659836323034314,0.04580704700779348,0.13267203281512394,0.021656951539496337,-0.03141381056494605,0.07102792979638628,0.04325667723937162,0.0014216939743268754,-0.050073725630997934,0.010421522942630894,0.0161668952711413,-0.055249979531733655,-0.049254158474797416,-0.01817515646884631,-0.006849913326724509,0.05285971475593288,0.04433232614823045
CMTM5,-0.14841102152139082,0.09153878958980198,-0.02369980516220288,0.04229801282297087,0.0030948247429217956,-0.0551178521827202,-0.04711087537830606,0.03498263797200263,0.008289936276248704,-0.009464665279241736,-0.018325732310905056,0.00797356801613113,0.013898624944264054,0.03758629529663826,0.04870562052539063,-0.0025967617405248736,-0.04208193672133106,0.07443981026517497,-0.02169532268961247,-0.03819481054832881,-0.07525684616265757
SLC4A1,0.015733760609470612,0.023243691157849085,0.16209424948189202,0.01701948596508343,-0.050461561408177404,0.08732740431503112,-0.016274031447726954,-0.002621150490980451,-0.08233991943238182,0.02697808477137489,-0.0733678796044014,0.010643833944774425,-0.15139551592803033,0.030764992168649384,-0.02837865944668074,-0.003207873798666878,0.10180847130189351,-0.06817680272900736,-0.03101702106009704,0.01619657378157646,-0.0748343771718511
VAC14,-0.027947302376288848,0.04023215775655329,-0.050486247069772276,0.023926508994008444,0.0419980732201465,-0.09367956494119663,-0.04517968241808086,0.03797617584482997,0.07544430316919683,-0.03434449171072255,-0.011679217856828664,-0.07521942692009968,0.026286837738283435,0.008253420611201386,-0.05819763263932253,-0.04434452193080664,-0.07490851342592578,-0.028646141185385356,0.00445655181657167,0.0021830708610019282,-0.01711675773689307
DPP9,0.06414760992437521,0.05277161950674572,0.16702107651396328,-0.02464538203366295,-0.03870223684136785,0.11209920859727462,-0.012102923864639271,-0.040690332149179595,0.04073543472264466,0.07170477510029663,-0.1559986924821693,0.013348171011484122,-0.01634046767320129,-0.010080080631586382,0.01156567456201516,0.04340841866164928,-0.1430976243013022,-0.0286503409913629,0.11182752713996334,-0.1333232886852779,-0.13822834725154354
NOTCH2,0.05129715091703795,0.02578287377212195,0.02489012740096033,0.02815215084063945,-0.044531426543286,-0.06130599064726625,-0.03954302330743697,0.00138793903044659,0.008681538408289464,-0.035894948442743255,0.02837377733797596,0.013653528139801543,-0.05076913367840359,-0.021298854558322526,-0.06784083084028109,-0.012814711148741364,0.005113608912712057,0.0027443003129496873,0.050180617592567645,0.0352051361644501,0.022921934246750788
PSMA6,0.010446503349626868,0.02650269138757055,0.0006151009619989398,-0.019787950367198947,-0.007458988216880963,0.015108121196245331,-0.007616600537683862,-0.0007998456163299722,-0.018980394391714703,-0.002148690313357635,-0.040191122609840944,0.005482630920782198,-0.016480663480984425,0.0022134135000398095,-0.003387043583466221,0.015906423609906958,0.016352376465303648,-0.008485472342877942,0.03334687235077165,0.002029578835837899,-0.03386607512122038
ST14,0.008016786243799628,0.02606837421849714,0.03227213964324892,0.024888088797650785,-0.028521120919213366,-0.09374519415680113,0.05474958885848545,0.021879839318104485,0.02846759643255398,0.03552456482033675,-0.03914824183982753,0.04323764702540379,-0.020907706941359405,0.0011754515605971092,-0.07721155959338465,0.00733153107783789,0.0094812308784322,0.016455196693820274,0.10440973634378807,0.10379261383722681,0.014207936308296783
YY1,0.01610959312854152,0.003986241324304967,-0.04139187448302644,0.006133776327784847,0.023690873194145493,-0.016941598876221525,-0.018096492072822323,-0.0023633312695642192,-0.0015082183254189125,0.009201786519338504,-0.015188799742322994,0.01658641476858998,-0.01969619521185701,-0.019013245535907823,-0.005846580794748266,0.026286108891286155,-0.0032596553654474455,-0.02875327897964833,0.025647105953790574,0.051138907812654684,0.012112453581122255
PSMA2,-0.014056482994528623,0.008555458626181595,-0.03344439014503395,0.0032276620527332193,-0.007427529627793604,0.006171014688004246,0.0039103039602742164,0.006727029664720444,-0.005780151561273221,-0.02856688713579427,0.023970207962849842,-0.011675949908235757,-0.02551998469125105,0.0026921188882671346,-0.004956088002453456,0.03220973692589886,0.01654335616240724,-0.0012408438218440493,0.007949663807757851,-0.019847295327632186,0.0008669565691442719
HIST3H3,-0.005011745738986714,-0.03377539508748943,-0.02611475478607251,0.002535054929732015,0.011369063975648769,-0.0018598700463597034,-0.027874979101352795,-0.02639210064735433,0.04498918715573933,-0.05326773849554597,-0.015488479091966491,-0.013325915394925173,0.017163913388544942,-0.013433038515689921,0.0008609168942005076,-0.03190431730255938,0.025051269133237537,-0.001606826009226836,0.01234536276612454,-0.00443816729936883,-0.022786203985562414
PSMB3,-0.013089899974419983,0.02827851081894652,-0.0448437381990196,0.002396446711047935,0.006502003484806669,-0.012456040050234795,0.014765536457403694,0.008598349715311926,0.022470710089645945,-0.007889888101861153,0.021635346598409273,-0.021516571965836312,-0.01301644175228497,-0.011667928978519166,0.005102508404618003,0.014676868297166717,0.0023707503673528895,0.006121988390049994,-0.003444238056561674,-0.007859294280436682,-0.010717013342425558
PSMB2,0.06250795516181312,0.015739668349169046,0.03385397302805442,-0.01372596403142091,0.02279172955957579,0.004767533279388913,0.009481705769593318,-0.028101796365959254,-0.0010465754267605877,0.020280468310996527,-0.02680230798428418,-0.004943585630385037,0.008490737055112219,0.012404453257741501,-0.014372400754624454,-0.03136807938957621,0.010344518062008439,0.05308167294288507,0.05622278944993252,0.01511339930639139,-0.07757248540737423
USP2,0.041528850103021306,0.06506618115900567,0.11405804930946761,-0.030835870762887834,0.06545372723719395,-0.06211274614900006,-0.07577243372912539,0.007851172944339594,-0.038400771006494305,0.0685633238317298,0.03133279222611354,-0.11964274944416536,0.030894147680539927,0.060920346745726446,-0.0367557234397834,0.15118493012558928,0.10756829562369884,0.11371734988389197,0.01203329978058198,-0.008721463687703594,0.050294057540110286
SLC30A1,0.04839947314817745,-0.07579475706094213,-0.01138862907782641,-0.027651125439835552,-0.01567167854320542,0.008352011746345079,0.023701646527527924,-0.04682357662374319,0.013319960589016156,0.01564779705377363,-0.06965845550135877,-0.06896396588139862,-0.03671037345907235,-0.021022624637967696,0.09687575855621247,0.050084664002818004,0.049650886322291615,0.059879540023446066,0.008115098010840182,0.019765807768423373,0.01593162063070014
MEOX2,0.01270960315829697,0.031546514604683,-0.015656889838365936,-0.01585919417645704,0.015011133811534403,-0.006448403624135252,-0.0031881596774371674,-0.0005504918590999071,0.019610020896658822,0.012311003619460349,-0.02093329912815314,0.047386964598641376,-0.012046440131973335,-0.003965165767890231,0.02713587362079635,-0.02418971893789775,-0.05315569702716753,-0.022264159889701075,-0.008992058796878978,0.009989257518436366,-0.015411953627664723
CLEC2B,0.04910955287408536,0.025509450962450723,0.008503490185808912,0.07804550138140842,-0.04466172733312176,-0.035645015947564355,0.07400020155761662,0.013466558351071299,-0.036061147256702515,0.026086957298855785,-0.027379622527675184,0.05708515955345656,0.004435528526461493,0.04306553323456843,0.020665426567393428,-0.09242187102647562,-0.06768272625681007,0.011025229618738369,0.05263767650585387,0.05938821348648089,0.04003605511578777
USP7,0.030206716330091914,0.05838933343723056,0.08411224934236772,-0.03159843343984029,0.022068586609533678,-0.022090992558365063,-0.05355028342792873,-0.03276472204630352,-0.011646652569565699,0.022189543162485004,0.008122633001764317,-0.03296357781696459,-0.05858964637104217,0.013199404470569177,0.010992679061683478,-0.026500434868231983,-0.02767406220457348,0.04522730324835858,0.06374023008270105,0.012212785400094295,-0.024711163257978154
FBXO11,-0.0884659315535427,-0.025185790858711088,-0.004148477891220383,-0.022800773707242414,-0.05192414257144457,-0.004402737787761509,0.032467206092264764,0.07347886755969416,-0.022020938407784,7.47877366805726e-05,0.07414784140684191,-0.01722228361688724,-0.05196581576495815,0.04396484496632379,-0.05504377605801892,0.00475122710218378,0.02334282054561079,-0.052662287328232305,0.08298453488061083,0.031202570169803153,0.03732984853944825
KRT40,-0.05034372543966636,0.06114095198012306,0.06829407112939033,-0.06333753528450795,-0.060792796780562146,-0.08103695767733493,-0.0251623323063553,0.04082089983102839,-0.07874362162347281,0.042963645744456845,-0.08252500642421218,-0.04579179059265203,0.022129856424570573,0.0009714109844823942,-0.014854653140552268,0.1501685634454257,-0.06750398037563805,-0.012368627783901352,0.042590281273605674,-0.05250068486726973,0.21713981179909447
JAK3,-0.026087269621923957,-0.022750091769525593,0.08309015648182876,-0.020540206556612834,-0.012780613660863898,0.014610262671595469,0.0824249260797384,-0.0464119309328401,-0.04032873863715134,-0.041083003790869696,0.04543053480913516,-0.020912523322062372,0.0077729400542027646,0.030551386916158448,0.020289886816030143,-0.04990161556592375,-0.002242451830598405,0.03317859140394139,-0.022581652618785857,-0.03211627621196657,-0.04879485005362732
SLC71A2,0.035861319143067324,0.014490036268375904,0.0023536879702539307,-0.013754890298490195,0.008922755219477696,0.04353746169124089,-0.019911762624564008,0.00599695891383795,-0.011929896014948461,0.026057984903126087,-0.016389434317864302,0.0025955565538112713,-0.00010569358530962663,-0.055927830889033345,-0.0008396267646971653,-0.04618297429692167,0.013902236657593303,-0.1524100097452179,0.01025128990684578,0.037085830233774056,-0.007783066718443347
SYK,0.05224591764629379,0.011534810873350905,-0.03302448342340346,-0.014348375349202335,-0.00042986562472813704,0.03610131846649479,0.004510532835136152,0.029572007399566898,-0.030598171870673492,0.01992689164933307,0.0002927694901507908,-0.0005241000868460042,0.005631485170353377,-0.026244279371128446,-0.021903208320651218,0.08113541725130784,-0.014737129244957858,-0.029188992478382535,-0.023096746771623617,0.024200127853401678,-0.020229453377130002
VIM,0.04344946094164843,-0.008556605440275079,0.05543034852056482,0.06610053125162356,0.03145177070834836,-0.02243133617101412,0.0015427853123984076,-0.03519770748458952,-0.11422511411866568,0.06402953185480958,-0.03167641858865239,-0.016492730876254524,0.06872177173151368,0.04435636681599376,-0.044664184577010074,0.13715987736630622,0.037533143604904375,-0.0027223472293108884,-0.036389441870382205,-0.03661939743499893,0.08725887652634222
PSME3,-0.01701813406460402,-0.019784046996851042,0.013028554997274532,0.008346244693023828,0.030192939291324904,0.04511266246303907,0.0337812812046666,0.008772789193887024,0.03294452449655843,-0.032603342772279435,-0.10118236104148798,0.014436129576063782,0.050855166989918876,0.01659423433710738,-0.010351868017527658,0.053585178793164046,0.008233172209859915,0.061411727791998195,-0.06247961117840341,-0.09195624685286168,-0.049431822589925546
PSMB5,0.0002290082678906614,0.014682301095211701,0.009513294571440296,0.027699697291784238,0.01875401778032446,0.0033169716858893546,-0.011143411727661676,0.025698357496229087,0.0067232120227241066,-0.006053081321266782,0.00800160122685952,0.004987161288741339,0.025132427450133794,-0.0004300921284014197,-0.01604957358470716,0.033568610493014794,0.014155636006912642,-0.02426484975868125,-0.012188826224647547,-0.007609096280423183,0.012607687425020532
CLEC4E,-0.03351483608218662,0.03993140569567787,0.004506049694783446,-0.015440880511472264,-0.010820158251392278,0.055475549562806675,-0.04194572578029857,0.019048783709157417,-0.0523459137032813,-0.03824349740434919,-0.011865761481942799,-0.040374658156165914,-0.0036925148595262683,0.04579019896932037,0.0001330141543758073,-0.0065889057950226804,-0.005528543480152848,-0.06951169988142424,0.003880342144910298,-0.01063199084990266,-0.0011176936407004704
C13ORF40,0.1129175088489729,-0.21892403893970408,0.1866414860175767,0.042581274741098775,0.05811411258374673,-0.11113526746451907,-0.001856197301276418,-0.08917058453597791,0.04029998156075324,-0.06614478731344575,-0.04609616254786924,0.053737839712366765,-0.023775141971469526,0.06536725511753368,0.1123557195720725,0.10199042616162622,0.02744515880282961,0.055261525545356835,0.08143521560525445,0.01424944626465365,0.20507070377043465
DVL2,-0.03565929810089063,-0.009530722755956926,0.006400311711288484,-0.020142714998953565,-0.033945519570754805,-0.07549454318959349,-0.030824933649560262,0.012003464126200495,0.04932210973276764,-0.03359261800032272,0.11358476159032008,-0.03338833474874975,-0.05369648736294,0.0939223338190651,0.007573951416795705,0.06197523867373565,0.053133184790091194,0.10273904922688323,-0.013956432383378226,-0.04491698131804256,-0.0519521275279495
PSMB7,-0.010073691457433575,0.021581352849527197,-0.035563310953082475,0.008357308158212059,0.01433617692919598,-0.003187031502295505,0.010187848379000166,0.014998892519812804,0.01718240487196908,-0.004275057640505168,0.021421258393856547,-0.013975651470950961,-0.016430518207221186,-0.014523306404867565,0.003159267898408673,0.008670403206195576,0.01418953271017725,-0.007881832020465641,0.00607863213705041,-0.005241690545852651,-0.008391243418915763
KRTAP5-7,-0.028199946241642865,-0.03506525044249619,0.02237398483031186,-0.021957016649594156,0.033583564494504586,-0.03565520252488511,0.013364798611922784,0.04564646708775066,0.023479779610715137,-0.03799621337244277,0.021498710967572512,-0.08643007403136649,-0.004754859878912323,-0.0016671311390882,0.08160011742054539,-0.004862753046616146,-0.04080980789297348,0.030759753147743814,0.04782013150898362,-0.08540529779710486,-0.026743015395597994
KRTAP1-3,0.0,0.0,0.0,0.0,0.0,0.0,0.0,0.0,0.0,0.0,0.0,0.0,0.0,0.0,0.0,0.0,0.0,0.0,0.0,0.0,0.0
SMC1A,0.04197393586898047,-0.013450534790497926,0.05056224945175188,0.03466859853881808,-0.05376719194244448,-0.004026266281731647,0.01872996133902674,0.04273812341698664,0.0555080393934199,0.014082146939953445,-0.02268533964286491,-0.003992016647661355,-0.005439312701233535,0.00030600165523878155,-0.04994084221589671,-0.007952469670469553,0.022939096201551445,0.03909195786143846,-0.03501735896001329,-0.054235053634173545,-0.009503086356621287
IL4,-0.06661428830739609,-0.007129851786786302,0.019882211326818926,-0.029782197525448598,-0.04033020456038924,-0.016755787122012915,0.08952567346871637,-0.02412959661627572,-0.009307268654408006,-0.06412295846452544,0.027856467569740744,0.018320884848175546,0.05594667156035384,-0.04234944064631391,0.024631066427925633,0.00608643434957245,-0.048525960662219085,0.050801397213898355,-0.04856697751064222,-0.09552052918550069,-0.02587092625250222
ARPC3,-0.06011592562650252,-0.08486792494127686,-0.05560572905020205,0.061665515114609826,-0.12743827169291108,0.06457140783935295,0.09985580702635764,0.10419450165126251,0.017669985083311024,0.025871860670528598,-0.10393549720759654,0.01695476455633826,0.08384983084804518,-0.01602983671849368,0.0018701237401613801,0.0269819607381174,-0.005092588706235136,-0.06014893550371602,0.006901597052302437,-0.006764413396471984,0.10291131439004501
WASL,-0.10957295892094705,-0.006434226003865958,0.007617452240730463,0.021594650552622784,0.03216050891071468,-0.008097918511761771,0.10492438202661705,-0.015581247074624084,0.052166995786155926,-0.12195869832008724,0.018037154563288676,0.008225210285526337,0.0018651534095693928,0.004371995743055152,-0.021568119488650013,-0.028556189234574408,-0.025093334388261904,0.016040675890474056,0.03550682853345308,-0.0454631498763794,0.03183291577766819
GLUL,-0.025743611772621383,-0.03322597520701324,-0.05951610754664644,0.04310373710998197,0.001007539856164658,0.017842566596673298,0.007676706579095474,-0.06106174148660801,-0.08364815634698734,-0.015692463710269222,-0.01821210311351196,-0.006085870713989261,-0.010657567145146738,-0.03877288388747193,0.026276836692360184,-0.028199082315391383,-0.0027884186541829886,0.050045938224227746,0.03737459225546469,0.04679092520435974,0.024161065522164765
FCER1G,0.1004034405140275,-0.0034859408198776726,-0.03915006252449679,-0.04521605159265136,-0.11591323150762432,0.11417490516975123,-0.038566121085636146,0.01903770120839755,0.010184835844561441,0.04141686048673815,0.0814143200773192,0.004335207061640097,0.02466719697633417,0.08243470211447017,0.06742663648307758,0.05414515171858295,-0.03264011552305376,0.05863102978407937,0.03820223901706571,-0.021389669963109308,-0.008216365240911919
CCDC107,0.03681991359072991,-0.02788370659308367,0.020388764557268135,0.012133985571704043,0.04215776961030886,-0.0753945535950374,0.03042863347882749,-0.08157620146813223,0.004092439897274303,0.08119419126309611,-0.02828424476396021,-0.039756326010708117,-0.040695237009414804,-0.08781828317331024,0.03350168655395104,-0.13163851113713337,0.2820901450936599,-0.09021771007216793,-0.002376008002920201,-0.030434647608447416,-0.005977616718760753
GPR152,0.010505466555775242,0.015745996184228842,0.017216714121115778,0.024005840992872576,0.0068671119575453255,-0.07398955578342424,0.001297791502482653,-0.010251566707868592,-0.03834322427648432,-0.0467178484197643,-0.02245662945560567,-0.04462273804992378,-0.015940755513703782,-0.215019730531639,-0.05980480350497377,0.0028694644968340084,0.0038195414291755975,0.03146049021828904,-0.0025256612185388617,0.04799377944906035,0.059177503355448344
IL15RA,-0.07793535776918402,-0.07366967137370871,0.08662877328786221,-0.03681196600510995,-0.06846311866258563,0.024114609595450576,0.0790567103941581,-0.01529662674845937,0.001533492243904101,-0.13955749515574448,0.018237685851854177,-0.008093670482404716,0.0324330420707419,0.041769742947566586,0.013497553830427658,-0.07065101812392495,-0.006944580743481436,-0.0009676655580675388,-0.0015481200460667408,-0.1064842752865934,0.008346430069518244
TAF9,-0.001960702524563274,-0.048669476343234194,-0.0328035680728053,0.032435209822111226,0.013635998888433637,0.013036229733699427,-0.002141245275073942,0.010894383266331478,0.02337565928798284,-0.0011351156596607142,-0.019038897388706556,-0.012896269531726439,-0.012092425502246644,0.007029008790507272,-0.06678603967397238,-0.03489497464064022,0.02085317015306637,0.005859413625469408,-0.018006015569827383,-0.027825116503960728,-0.01008069223166248
IRS4,0.011700288541514638,0.056492769036613565,0.02460561040107927,-0.07096110804889334,-0.011832130339718668,-0.0227043849541612,-0.10936882538202596,0.08566268393362743,0.04907067837356834,0.006228587782676119,0.010702764249026948,0.0023395436930340264,0.0018982831030391564,0.03182877529429009,-0.03141113978584072,-0.05024572480943278,0.04799375115710821,-0.07112701386946259,-0.019320619893542303,0.09128775036179519,0.027611313399516748
TAF12,-0.01523695107210709,-0.061299043117174,-0.01537879148723162,0.03491610932551805,-0.0012085728485845774,-0.005867775832660319,-0.01031411728426298,0.004951208121002997,0.04458056036460336,0.006792067800041804,0.01540101141588165,-0.028454038862226902,0.0005773086546388463,0.014109620815430414,-0.05023715592944941,-0.046421700631333544,0.017220316969221487,0.030343292074006864,-0.015310591444970042,-0.017543363204778194,0.014821125876438159
TAF10,0.0038628431909788785,-0.06198275753704652,-0.04976959217991944,0.016528100296356436,0.004563795822071839,-0.020088052458453583,-0.04891249827045011,0.004858840859675406,0.04094082061354593,-0.007818690830150275,-0.0055694671956400665,-0.03719655629031011,-0.016050639383226456,0.005532755338842846,-0.026693810800444785,-0.04914539894340891,0.009212772445711477,0.009845609809696515,0.016064717701175797,-0.05050654622129642,-0.020741167124007164
ATP6V0C,0.0754564309987725,-0.06918590562310721,-0.0466325557471739,-0.05187011198289161,-0.08666976294540697,0.01615716055050173,-0.06220536631269878,0.012777850575212099,0.029173154722344972,0.00021439163708197135,-0.005669723815023687,-0.029804465604792753,-0.013897055017492095,0.1882173690188578,-0.06267408804360343,-0.018308914374708725,-0.054166388049778066,0.04322889275319298,-0.08068136258166074,-0.09266489060754188,0.08931489200464192
CTPS2,-0.04777328461317232,0.020436706220848963,0.01777808284170019,0.0011936333681296942,-0.07256354244427894,-0.0016275926351425744,-0.01931187797232051,-0.09611890588924672,0.06058554234865679,0.07108051627345696,-0.05475055280918223,-0.035187831545366664,-0.03942934434239911,-0.0029705247878181063,-0.047207742924253206,0.08282038895263699,-0.07875784482079913,-0.022664189638618062,0.08377151971247464,-0.04353293644697408,-0.01900556651305572
TAF6,0.018232850521549895,0.016771691573952283,-0.06584116418837739,-0.08081635880648634,-0.016291243409041048,-0.10367249946652853,-0.09822743385185244,-0.04079959267541148,-0.000592287523056411,-0.008351259380133999,-0.0032421622781637284,0.003440073353130231,-0.0324164574681315,0.010002766605795185,0.053052823185702966,-0.037404414788498166,0.0006863742249949196,0.0023206262979330204,0.06148396749153845,0.006711085132852523,-0.026292746876645196
HNRNPA1,-0.02414572015934646,0.04646709266745629,0.009883610366396357,0.13348670344450697,0.043576645744853024,0.04870762314466515,0.034699838534963154,-0.057690700193693704,0.02861587902082622,-0.011499495518261349,0.13595710022262453,0.0034763194673043526,0.09658953003592226,-0.007676830836734741,-0.06933931136002953,-0.011285434909836458,-0.0702263464280263,0.0086190478676095,-0.033492966372016396,0.03399837020059961,0.05720654609353028
UBXN6,0.03520565218823032,-0.0834759635430576,-0.06995735375028046,0.20592769032849267,-0.08043252775046338,0.02473445579408973,-0.010612067352537152,0.09845236413098121,0.11608196770346532,0.05300448723488618,-0.07688085507430051,-0.07163847275632261,-0.045936245943888565,-0.02519046984120903,-0.05968214863371577,0.03054083025427097,-0.041768778717260965,-0.03194546996851093,-0.011010933996032701,-0.008842804057161983,-0.002357727121773021
TAF5,0.02324552891296074,-0.04698019316336203,-0.016305407104018555,0.04724849713976491,0.02185032469434045,0.002634397278126707,-0.0013052530339899102,-0.014081769364761708,0.018273384594927562,0.0010581995214171468,-0.002732192188782822,-0.04337450178951055,-0.020790343068198863,-0.000850066153066588,-0.04407863635015128,-0.07651548357464077,-0.018442851526546372,0.05906150684668979,-0.03316966781323245,0.012212348190619183,0.028637163477486936
UBE2H,-0.03833721937695855,-0.014950055523107991,0.04186281378554339,0.01743523232416486,0.035502434022500105,0.0391666802981687,-0.06080313624094635,0.008026532004699759,0.01969978833087108,-0.012841234978724863,0.059933609356798916,-0.0900488441420364,0.029340757703693186,-0.03766433575397278,0.011858310148910369,0.009281283008648878,-0.009416001046715,-0.001352323635363951,-0.02690501041364638,-0.037846686604430746,-0.011568024413324732
PSMA7,0.02043616357862048,0.03590611231722981,0.026892009197668647,-0.03619086774967263,-0.02564048999738453,-0.032114213481935626,-0.018549538846839214,-0.007624752069277414,-0.002959401501146012,0.004363904180316819,-0.006512652540750088,0.023246256992976038,-0.026266251494633873,0.01272594580736488,0.00990396405794875,0.01866700045860753,-0.0069751513510035315,0.037567468832600925,0.02309459656324145,0.01663727965288093,-0.015481668045732429
DLX6,0.0039600442296074505,0.03146368455080112,-0.014398412998702422,0.04958988837650612,0.03845421627267944,-0.00729166490470305,-0.03699775243404387,-0.0273771419562682,0.025386476073575446,-0.012567628807226767,-0.023438411088170227,0.06328674286237138,-0.05536709601709191,-0.032991407389041605,0.0321061247061927,0.021764391073538145,0.01918234308941019,-0.057573388743158246,0.010391870961989576,0.06679844100804005,0.036414867831121876
ELOVL4,0.04854303395343789,-0.015542736173035428,-0.023485768252911182,-0.0990615200688645,-0.05388920462839128,0.14649053301280818,-0.05285517988183196,0.03458399198416703,0.0732250637395925,0.09442165231252488,0.062245117037260406,0.041718527337559305,0.028100669271254843,0.00884039413383778,-0.0123074475781653,0.056756909452588315,-0.06123764248093101,0.0004996415081263101,0.041265097038852824,-0.0034463860557927264,0.08398138190365954
TAF1,-0.009856920218768779,-0.056732141978689136,-0.015242874323729052,0.025097308721819183,0.008066966064581247,0.02560858514610014,0.00616194373108258,0.026411620812566334,0.03670025838943306,-0.019295652252638018,0.00680267814847709,-0.03899898781229145,-0.008250718509549445,-0.020928606453225494,-0.011022795030135748,-0.051417216743201585,0.015811180855433617,0.01072597996514987,0.006170856910951251,0.015025774961409291,-0.002935803641307621
PSMA5,-0.01557574782260508,0.026896068676925403,-0.03789879008191999,0.0032667886021979582,-0.0026423447164098247,-0.016278513092027096,0.014220445179424284,0.00989160562959148,0.01664457546615854,-0.0036757421875412482,0.03100158155026671,-0.03162093744039884,-0.017655668489244554,-0.00942269708567968,-0.006305427535854474,0.030079024310840387,0.007021894442589736,0.018644784816413407,-0.001090696251657929,-0.008443737525355807,-0.010584259226710985
FHL2,0.019568387177434636,-0.08076667562616188,-0.05692201922542448,-0.0525193846433487,0.06615224615894012,-0.06039998475141254,-0.09400316936421442,-0.11980563281549844,0.15166306620542058,-0.052053581332279074,0.014400461320573864,0.023012789068209125,0.10809750184562347,-0.00941612301244812,0.04675730398851001,-0.06257239669689749,-0.0946224604785006,-0.029308104150537917,0.10805691145872987,-0.128425221763599,-0.11313209710913101
NUDT10,-0.02239084384173828,0.06921690903580564,0.014534932346708029,0.010509255288646715,0.0775222826512671,0.037954033102029876,0.0018417472038588234,-0.050780657894396355,-0.05529320057584206,-0.02232966063553405,0.0021145843672647317,0.0467988840532445,0.032403571437470614,0.04746801360028345,0.03968502063029264,0.07423501155771603,-0.057821250299952706,0.04192504170792178,0.04551434795803077,0.0017659515386387395,-0.06243734212018145
SIRT1,-0.03583980211137793,-0.03430712654630555,-0.02710912898346918,0.046687366298623995,-0.011391457104288301,0.06130285863967762,-0.015770922331846116,0.04807530474723709,-0.051087594937956685,0.038971155441439184,-0.06139274959947704,-0.019794655799429867,0.016317078556406475,-0.01587472125690145,-0.036173973866672045,0.04891583700028393,0.03964928567450337,0.020871205786605652,-0.006943085019116352,-0.014114090653529109,-0.035744326165849605
SGF29,-0.020987271169575984,-0.03877409920746131,0.01403211746643214,0.011071309875969078,-0.013747235773188447,-0.023163736152608732,-0.0033092192864490042,0.001347829324776381,-0.04323500763354401,0.028510937050607893,-0.004038762746552488,-0.052957772256581506,0.05558306145735631,0.016726590658484048,-0.033473999866208845,0.02986612272162743,0.006493888210512704,0.013021838438760355,-0.003077983206955995,-0.06037437529589921,0.07007526757954922
GDPD1,-0.14513005121472694,0.011365519926933135,0.07763476822318002,0.03973716218163872,-0.01337191115375478,-0.06454658870307907,-0.17057943561379463,0.020059276124608484,-0.043796043958802676,0.059005001368256996,-0.07933384804119196,0.04557298045940846,0.0576086192643596,-0.0179834859991225,-0.10745682225967014,-0.10012487841846063,-0.06504410359661296,-0.0022682155120123974,-0.02653394669053233,-0.01208266229108261,-0.04021243599911975
CBWD7,-0.13417506881268124,-0.020855163254576085,-0.1121781741722106,0.05548354170917878,0.003043602835989028,-0.04713462608003472,-0.004685057247112679,-0.021967567077057607,0.010689529890844688,0.019262572144469116,-0.027344399342808794,0.013947793522584833,-0.0743536796394373,0.049920318862384544,-0.011759852102808204,-0.006162026015018318,0.012302421608685754,0.03427747657615737,0.03578546779744442,-0.03099457682937384,-0.0020731851823174957
E6,-0.027547527375484968,-0.063569012459461,0.04626056692000066,0.051594992444354504,0.03751994683157954,-0.03434706829819028,-0.07188706952061899,-0.04232090396656259,0.01478438384277528,0.12472977046245093,-0.040118791429993285,0.09509810478956504,0.006576858967917913,0.05033084760296986,-0.007524450729864058,-0.06419546471071633,-0.07684230466084117,-0.059207482989522824,0.021613046715853415,-0.039489096292644944,0.007584995371225222
PRKCB,-0.053999938675654856,-0.059179861495911756,0.0064730519227927715,0.019309125722192497,-0.04176496745429226,0.04446882158189352,0.0230070434003851,0.020802541502145947,-0.033115045135122985,0.07854974481402478,0.07986797904071559,-0.05456737419851937,-0.04280738251619858,0.03546595964014755,0.11054643198513188,0.06934597474343304,0.0280271941362251,-0.10068378781893564,0.16770215808586497,0.04919823870451931,-0.016681845595432915
HOMER3,0.004597892954931334,-0.047709911883948436,-0.042822417629101404,0.014276390554878724,0.0717578169177377,-0.08100207621545572,0.0827822785960583,0.009702445967264472,-0.05815445355540198,0.18214356252297942,-0.01809769040131416,0.004987710390203397,0.09461703039318736,-0.11619440180461672,-0.018104946051863198,-0.05991193780327943,0.09304916343193279,-0.1268696336076141,0.07167726609299536,-0.14633440719697766,0.02629318103424502
