test_case,case_id,case_category,source_family,feature_representation,method,params,true_clusters,found_clusters,samples,features,noise,ari,nmi,ami,purity,homogeneity,completeness,v_measure,fowlkes_mallows,macro_recall,macro_f1,worst_cluster_recall,n_singleton_clusters,singleton_fraction,median_cluster_size,largest_cluster_fraction,effective_cluster_count,cluster_size_entropy,cluster_size_gini,noise_label_fraction,silhouette_score,davies_bouldin_index,calinski_harabasz_index,outlier_precision,outlier_recall,outlier_f1,singleton_outlier_isolated,grouped_outlier_cluster_recovered,cluster_count_abs_error,over_split,under_split,tree_build_sec,populate_divergences_sec,edge_gate_sec,edge_gate_contrast_covariance_sec,edge_gate_projection_sec,edge_gate_wald_statistic_sec,edge_gate_tree_bh_sec,spectral_context_sec,tangent_whitening_sec,eigensolve_sec,pca_projection_sec,sibling_gate_sec,sibling_gate_pair_record_collection_sec,sibling_gate_inflation_fit_sec,sibling_gate_adjusted_tests_sec,sibling_gate_fdr_sec,traversal_sec,status,skip_reason,labels_length,section,exact_k,cluster_error_signed,abs_cluster_error,over_split_flag,under_split_flag,noise_missing,noise_filled,log_samples,log_features,log_true_clusters,samples_per_cluster,features_per_cluster,samples_per_feature,log_samples_per_cluster,log_features_per_cluster,log_samples_per_feature,noise_cluster_interaction,noise_z,log_samples_z,log_features_z,log_true_clusters_z,log_samples_per_cluster_z,log_features_per_cluster_z,log_samples_per_feature_z,noise_cluster_interaction_z,audit_available,audit_root_split_rejected,audit_root_sibling_p,audit_root_sibling_neglog10_p,audit_sig_sibling_fraction,audit_sig_edge_fraction,audit_internal_nodes,audit_mean_branch_length,audit_root_sibling_neglog10_p_z,audit_sig_sibling_fraction_z,audit_sig_edge_fraction_z,audit_internal_nodes_z,audit_mean_branch_length_z
1,gauss_extreme_noise_3c,gaussian_extreme_noise,gaussian_blobs,median_binary,kl,"edge_alpha=0.001, sibling_alpha=0.01, tree_distance_metric=hamming, tree_distance_source=feature_metric, tree_linkage_method=average",3,3,30,30,5.0,1.0,1.0,1.0,1.0,1.0,1.0,1.0,1.0,1.0,1.0,1.0,0.0,0.0,10.0,0.3333333333333333,2.9999999999999996,1.0986122886681096,0.0,0.0,0.23026940063588208,1.5181967540832473,9.033382789317507,,,,,,0.0,0.0,0.0,0.00042675000076997094,0.0008674580021761358,0.009866458000033163,0.003124749011476524,9.359098112327047e-05,0.0014437529935094062,0.0006680000005871989,0.00252320900108316,0.0003122509842796717,0.0011368339910404757,0.00038662500082864426,0.015313459000026342,0.0031804579994059168,0.00020358300025691278,0.0052580830015358515,0.005848332999448758,1.9791998056462035e-05,ok,,30,gaussian,1.0,0,0,0.0,0.0,0.0,5.0,3.4339872044851463,3.4339872044851463,1.3862943611198906,10.0,10.0,1.0,2.3978952727983707,2.3978952727983707,0.6931471805599453,6.931471805599453,3.0208645957089266,-2.303628331410877,-1.5278729484016926,-0.8045680691885214,-1.7740061333405464,-1.2438883545754753,-0.21028211413154274,2.22675902806651,0.0,,,,,,,,0.0,0.0,0.0,0.0,0.0
1,gauss_extreme_noise_3c,gaussian_extreme_noise,gaussian_blobs,median_binary,kl_legacy_c2ef9a69,"edge_alpha=0.001, sibling_alpha=0.01, tree_builder=linkage, tree_distance_metric=hamming, tree_distance_source=feature_metric, tree_linkage_method=average, tree_rooting=linkage_root",3,3,30,30,5.0,1.0,1.0,1.0,1.0,1.0,1.0,1.0,1.0,1.0,1.0,1.0,0.0,0.0,10.0,0.3333333333333333,2.9999999999999996,1.0986122886681096,0.0,0.0,0.23026940063588208,1.5181967540832473,9.033382789317507,,,,,,0.0,0.0,0.0,0.0006725829989591148,0.0,0.0,0.0,0.0,0.0,0.0,0.0,0.0,0.0,0.0,0.0,0.0,0.0,0.0,0.0,0.0,ok,,30,gaussian,1.0,0,0,0.0,0.0,0.0,5.0,3.4339872044851463,3.4339872044851463,1.3862943611198906,10.0,10.0,1.0,2.3978952727983707,2.3978952727983707,0.6931471805599453,6.931471805599453,3.0208645957089266,-2.303628331410877,-1.5278729484016926,-0.8045680691885214,-1.7740061333405464,-1.2438883545754753,-0.21028211413154274,2.22675902806651,0.0,,,,,,,,0.0,0.0,0.0,0.0,0.0
2,gauss_extreme_noise_highd,gaussian_extreme_noise,gaussian_blobs,median_binary,kl_legacy_c2ef9a69,"edge_alpha=0.001, sibling_alpha=0.01, tree_builder=linkage, tree_distance_metric=hamming, tree_distance_source=feature_metric, tree_linkage_method=average, tree_rooting=linkage_root",4,4,40,20000,7.5,1.0,1.0,1.0,1.0,1.0,1.0,1.0,1.0,1.0,1.0,1.0,0.0,0.0,10.0,0.25,4.0,1.3862943611198906,0.0,0.0,0.1345081938822233,2.031357550293142,4.3918974850731285,,,,,,0.0,0.0,0.0,0.00024620799740660004,0.0,0.0,0.0,0.0,0.0,0.0,0.0,0.0,0.0,0.0,0.0,0.0,0.0,0.0,0.0,0.0,ok,,40,gaussian,1.0,0,0,0.0,0.0,0.0,7.5,3.713572066704308,9.90353755128617,1.6094379124341003,10.0,5000.0,0.002,2.3978952727983707,8.517393171418904,0.001998002662673056,12.070784343255752,4.847363102323984,-1.9365212518549832,3.8109850494935347,-0.3196421712667257,-1.7740061333405464,4.274353094075359,-1.3665215892613234,4.338943179677726,0.0,,,,,,,,0.0,0.0,0.0,0.0,0.0
3,gauss_extreme_noise_many,gaussian_extreme_noise,gaussian_blobs,median_binary,kl_legacy_c2ef9a69,"edge_alpha=0.001, sibling_alpha=0.01, tree_builder=linkage, tree_distance_metric=hamming, tree_distance_source=feature_metric, tree_linkage_method=average, tree_rooting=linkage_root",30,30,300,2000,2.0,1.0,1.0,1.0,1.0,1.0,1.0,1.0,1.0,1.0,1.0,1.0,0.0,0.0,10.0,0.03333333333333333,29.99999999999999,3.401197381662155,0.0,0.0,0.4990534216602028,0.7665014185020488,32.328793741915064,,,,,,0.0,0.0,0.0,0.0013445420008793008,0.0,0.0,0.0,0.0,0.0,0.0,0.0,0.0,0.0,0.0,0.0,0.0,0.0,0.0,0.0,0.0,ok,,300,gaussian,1.0,0,0,0.0,0.0,0.0,2.0,5.707110264748875,7.601402334583733,3.4339872044851463,10.0,66.66666666666667,0.15,2.3978952727983707,4.214593690373678,0.13976194237515868,6.8679744089702925,0.8290663877708582,0.6810810748889541,1.9111972195703246,3.6453893008038194,-1.7740061333405464,0.3943147584319314,-1.136053102227037,2.200662503707272,0.0,,,,,,,,0.0,0.0,0.0,0.0,0.0
3,gauss_extreme_noise_many,gaussian_extreme_noise,gaussian_blobs,median_binary,kl_internal_filter_branch_length_v1,"edge_alpha=0.001, enforce_internal_support_thresholds=True, sibling_alpha=0.01, spectral_include_internal_barycenters=True, spectral_internal_distribution_mode=branch_length_state, spectral_mp_row_count_mode=leaf_effective_rows, tree_distance_metric=hamming, tree_distance_source=feature_metric, tree_linkage_method=average",30,30,300,2000,2.0,1.0,1.0,1.0,1.0,1.0,1.0,1.0,1.0,1.0,1.0,1.0,0.0,0.0,10.0,0.03333333333333333,29.99999999999999,3.401197381662155,0.0,0.0,0.4990534216602028,0.7665014185020488,32.328793741915064,,,,,,0.0,0.0,0.0,0.0014740840015292633,0.049999499999103136,1.59494766699936,1.2903054589696694,0.003105952011537738,0.026763184963783715,0.0038893339988135267,0.26342079199821455,0.1508040050030104,0.07166720298482687,0.010132784998859279,0.839984917001857,0.6761750419973396,0.00054762499712524,0.13521291600045515,0.026728083001216874,0.00010225000005448237,ok,,300,gaussian,1.0,0,0,0.0,0.0,0.0,2.0,5.707110264748875,7.601402334583733,3.4339872044851463,10.0,66.66666666666667,0.15,2.3978952727983707,4.214593690373678,0.13976194237515868,6.8679744089702925,0.8290663877708582,0.6810810748889541,1.9111972195703246,3.6453893008038194,-1.7740061333405464,0.3943147584319314,-1.136053102227037,2.200662503707272,0.0,,,,,,,,0.0,0.0,0.0,0.0,0.0
4,gauss_clear_small,improved_gaussian,gaussian_blobs,median_binary,kl,"edge_alpha=0.001, sibling_alpha=0.01, tree_distance_metric=hamming, tree_distance_source=feature_metric, tree_linkage_method=average",3,3,30,20,0.5,1.0,1.0,1.0,1.0,1.0,1.0,1.0,1.0,1.0,1.0,1.0,0.0,0.0,10.0,0.3333333333333333,2.9999999999999996,1.0986122886681096,0.0,0.0,0.46141587369244236,0.9184521942793156,26.050781249999996,,,,,,0.0,0.0,0.0,0.00018562499826657586,0.0004929589995299466,0.007495459001802374,0.002427002022159286,7.867199747124687e-05,0.001318915998126613,0.00028200000087963417,0.0017689169981167652,0.0002412510038993787,0.00082000100883306,0.0001802099941414781,0.008141082998918137,0.0026927500002784654,0.0001855830014392268,0.002117083000484854,0.0024507079979230184,1.487500048824586e-05,ok,,30,gaussian,1.0,0,0,0.0,0.0,0.0,0.5,3.4339872044851463,3.044522437723423,1.3862943611198906,10.0,6.666666666666667,1.5,2.3978952727983707,2.03688192726104,0.9162907318741551,0.6931471805599453,-0.2668327161981761,-2.303628331410877,-1.8492704139848097,-0.8045680691885214,-1.7740061333405464,-1.5694312079048764,0.16301990358204224,-0.33710341638863006,0.0,,,,,,,,0.0,0.0,0.0,0.0,0.0
4,gauss_clear_small,improved_gaussian,gaussian_blobs,median_binary,kl_legacy_c2ef9a69,"edge_alpha=0.001, sibling_alpha=0.01, tree_builder=linkage, tree_distance_metric=hamming, tree_distance_source=feature_metric, tree_linkage_method=average, tree_rooting=linkage_root",3,3,30,20,0.5,1.0,1.0,1.0,1.0,1.0,1.0,1.0,1.0,1.0,1.0,1.0,0.0,0.0,10.0,0.3333333333333333,2.9999999999999996,1.0986122886681096,0.0,0.0,0.46141587369244236,0.9184521942793156,26.050781249999996,,,,,,0.0,0.0,0.0,0.00016999999934341758,0.0,0.0,0.0,0.0,0.0,0.0,0.0,0.0,0.0,0.0,0.0,0.0,0.0,0.0,0.0,0.0,ok,,30,gaussian,1.0,0,0,0.0,0.0,0.0,0.5,3.4339872044851463,3.044522437723423,1.3862943611198906,10.0,6.666666666666667,1.5,2.3978952727983707,2.03688192726104,0.9162907318741551,0.6931471805599453,-0.2668327161981761,-2.303628331410877,-1.8492704139848097,-0.8045680691885214,-1.7740061333405464,-1.5694312079048764,0.16301990358204224,-0.33710341638863006,0.0,,,,,,,,0.0,0.0,0.0,0.0,0.0
5,gauss_clear_medium,improved_gaussian,gaussian_blobs,median_binary,kl,"edge_alpha=0.001, sibling_alpha=0.01, tree_distance_metric=hamming, tree_distance_source=feature_metric, tree_linkage_method=average",4,4,60,40,0.6,1.0,1.0,1.0,1.0,1.0,1.0,1.0,1.0,1.0,1.0,1.0,0.0,0.0,15.0,0.25,4.0,1.3862943611198906,0.0,0.0,0.7125222787913502,0.46623964092414216,151.7187288708587,,,,,,0.0,0.0,0.0,0.00024558400036767125,0.0007954169996082783,0.015193041999737034,0.007192202992882812,0.00014337799439090304,0.0019484569784253836,0.0004903340013697743,0.0030628330023318995,0.000650998976198025,0.0013522480003302917,0.00021883101362618618,0.013886374999856343,0.006117042001278605,0.00022033300047041848,0.003118791999440873,0.003643416999693727,1.8791000911733136e-05,ok,,60,gaussian,1.0,0,0,0.0,0.0,0.0,0.6,4.110873864173311,3.713572066704308,1.6094379124341003,15.0,10.0,1.5,2.772588722239781,2.3978952727983707,0.9162907318741551,0.9656627474604601,-0.19377277593357387,-1.4148467183574505,-1.2971515229957864,-0.3196421712667257,-1.2538223421412034,-1.2438883545754753,0.16301990358204224,-0.22510340524762482,0.0,,,,,,,,0.0,0.0,0.0,0.0,0.0
5,gauss_clear_medium,improved_gaussian,gaussian_blobs,median_binary,kl_legacy_c2ef9a69,"edge_alpha=0.001, sibling_alpha=0.01, tree_builder=linkage, tree_distance_metric=hamming, tree_distance_source=feature_metric, tree_linkage_method=average, tree_rooting=linkage_root",4,4,60,40,0.6,1.0,1.0,1.0,1.0,1.0,1.0,1.0,1.0,1.0,1.0,1.0,0.0,0.0,15.0,0.25,4.0,1.3862943611198906,0.0,0.0,0.7125222787913502,0.46623964092414216,151.7187288708587,,,,,,0.0,0.0,0.0,0.0002507499993953388,0.0,0.0,0.0,0.0,0.0,0.0,0.0,0.0,0.0,0.0,0.0,0.0,0.0,0.0,0.0,0.0,ok,,60,gaussian,1.0,0,0,0.0,0.0,0.0,0.6,4.110873864173311,3.713572066704308,1.6094379124341003,15.0,10.0,1.5,2.772588722239781,2.3978952727983707,0.9162907318741551,0.9656627474604601,-0.19377277593357387,-1.4148467183574505,-1.2971515229957864,-0.3196421712667257,-1.2538223421412034,-1.2438883545754753,0.16301990358204224,-0.22510340524762482,0.0,,,,,,,,0.0,0.0,0.0,0.0,0.0
6,gauss_clear_large,improved_gaussian,gaussian_blobs,median_binary,kl,"edge_alpha=0.001, sibling_alpha=0.01, tree_distance_metric=hamming, tree_distance_source=feature_metric, tree_linkage_method=average",5,5,100,80,0.7,1.0,1.0,1.0,1.0,1.0,1.0,1.0,1.0,1.0,1.0,1.0,0.0,0.0,20.0,0.2,5.000000000000001,1.6094379124341005,0.0,0.0,0.5094345420588111,0.8135889510100981,70.87151394422311,,,,,,0.0,0.0,0.0,0.00042949999988195486,0.0015045410000311676,0.03763983399767312,0.020324918990809238,0.00033741600054781884,0.004967653992935084,0.0011857499994221143,0.008469125001283828,0.0017461609932070132,0.003930745977413608,0.001153747991338605,0.04994233300021733,0.014657874999102205,0.00026074999914271757,0.023345125002379064,0.010704124997573672,2.1042000298621133e-05,ok,,100,gaussian,1.0,0,0,0.0,0.0,0.0,0.7,4.61512051684126,4.394449154672439,1.791759469228055,20.0,16.0,1.25,3.044522437723423,2.833213344056216,0.8109302162163288,1.2542316284596384,-0.12071283566897162,-0.752748940360946,-0.7352722745438894,0.07657113679483718,-0.8762990326569172,-0.8513414064503217,-0.013240144493591795,-0.10650571097846001,0.0,,,,,,,,0.0,0.0,0.0,0.0,0.0
6,gauss_clear_large,improved_gaussian,gaussian_blobs,median_binary,kl_legacy_c2ef9a69,"edge_alpha=0.001, sibling_alpha=0.01, tree_builder=linkage, tree_distance_metric=hamming, tree_distance_source=feature_metric, tree_linkage_method=average, tree_rooting=linkage_root",5,5,100,80,0.7,1.0,1.0,1.0,1.0,1.0,1.0,1.0,1.0,1.0,1.0,1.0,0.0,0.0,20.0,0.2,5.000000000000001,1.6094379124341005,0.0,0.0,0.5094345420588111,0.8135889510100981,70.87151394422311,,,,,,0.0,0.0,0.0,0.00042187500002910383,0.0,0.0,0.0,0.0,0.0,0.0,0.0,0.0,0.0,0.0,0.0,0.0,0.0,0.0,0.0,0.0,ok,,100,gaussian,1.0,0,0,0.0,0.0,0.0,0.7,4.61512051684126,4.394449154672439,1.791759469228055,20.0,16.0,1.25,3.044522437723423,2.833213344056216,0.8109302162163288,1.2542316284596384,-0.12071283566897162,-0.752748940360946,-0.7352722745438894,0.07657113679483718,-0.8762990326569172,-0.8513414064503217,-0.013240144493591795,-0.10650571097846001,0.0,,,,,,,,0.0,0.0,0.0,0.0,0.0
6,gauss_clear_large,improved_gaussian,gaussian_blobs,median_binary,kl_internal_filter_branch_length_v1,"edge_alpha=0.001, enforce_internal_support_thresholds=True, sibling_alpha=0.01, spectral_include_internal_barycenters=True, spectral_internal_distribution_mode=branch_length_state, spectral_mp_row_count_mode=leaf_effective_rows, tree_distance_metric=hamming, tree_distance_source=feature_metric, tree_linkage_method=average",5,5,100,80,0.7,1.0,1.0,1.0,1.0,1.0,1.0,1.0,1.0,1.0,1.0,1.0,0.0,0.0,20.0,0.2,5.000000000000001,1.6094379124341005,0.0,0.0,0.5094345420588111,0.8135889510100981,70.87151394422311,,,,,,0.0,0.0,0.0,0.00047929100037436,0.0017394170026818756,0.042302874997403705,0.02091705000566435,0.00034783601222443394,0.005070664010418113,0.0009386249985254835,0.01224625000031665,0.0030848379828967154,0.005055795983935241,0.0010885399897233583,0.043319667001924245,0.01473295899995719,0.00030587500077672303,0.01954812499752734,0.007728374999715015,2.2541000362252817e-05,ok,,100,gaussian,1.0,0,0,0.0,0.0,0.0,0.7,4.61512051684126,4.394449154672439,1.791759469228055,20.0,16.0,1.25,3.044522437723423,2.833213344056216,0.8109302162163288,1.2542316284596384,-0.12071283566897162,-0.752748940360946,-0.7352722745438894,0.07657113679483718,-0.8762990326569172,-0.8513414064503217,-0.013240144493591795,-0.10650571097846001,0.0,,,,,,,,0.0,0.0,0.0,0.0,0.0
7,gauss_moderate_3c,improved_gaussian,gaussian_blobs,median_binary,kl,"edge_alpha=0.001, sibling_alpha=0.01, tree_distance_metric=hamming, tree_distance_source=feature_metric, tree_linkage_method=average",3,3,45,30,1.2,1.0,1.0,1.0,1.0,1.0,1.0,1.0,1.0,1.0,1.0,1.0,0.0,0.0,15.0,0.3333333333333333,2.9999999999999996,1.0986122886681096,0.0,0.0,0.427521066433312,1.0317627398922262,34.171339563862915,,,,,,0.0,0.0,0.0,0.0002009170020755846,0.0005900830001337454,0.012513999998191139,0.004787457997736055,0.0001389969875162933,0.0021598350103886332,0.0004100420010217931,0.0031586669974785764,0.0004319180006859824,0.001331376999587519,0.0003733729899977334,0.012798499999917112,0.0041566670006432105,0.00020195800243527628,0.00399575000119512,0.0037179169994487893,1.6833000699989498e-05,ok,,45,gaussian,1.0,0,0,0.0,0.0,0.0,1.2,3.828641396489095,3.4339872044851463,1.3862943611198906,15.0,10.0,1.5,2.772588722239781,2.3978952727983707,0.9162907318741551,1.6635532333438687,0.24458686565403978,-1.7854302189984408,-1.5278729484016926,-0.8045680691885214,-1.2538223421412034,-1.2438883545754753,0.16301990358204224,0.06171963052661395,0.0,,,,,,,,0.0,0.0,0.0,0.0,0.0
7,gauss_moderate_3c,improved_gaussian,gaussian_blobs,median_binary,kl_legacy_c2ef9a69,"edge_alpha=0.001, sibling_alpha=0.01, tree_builder=linkage, tree_distance_metric=hamming, tree_distance_source=feature_metric, tree_linkage_method=average, tree_rooting=linkage_root",3,3,45,30,1.2,1.0,1.0,1.0,1.0,1.0,1.0,1.0,1.0,1.0,1.0,1.0,0.0,0.0,15.0,0.3333333333333333,2.9999999999999996,1.0986122886681096,0.0,0.0,0.427521066433312,1.0317627398922262,34.171339563862915,,,,,,0.0,0.0,0.0,0.00024116700296872295,0.0,0.0,0.0,0.0,0.0,0.0,0.0,0.0,0.0,0.0,0.0,0.0,0.0,0.0,0.0,0.0,ok,,45,gaussian,1.0,0,0,0.0,0.0,0.0,1.2,3.828641396489095,3.4339872044851463,1.3862943611198906,15.0,10.0,1.5,2.772588722239781,2.3978952727983707,0.9162907318741551,1.6635532333438687,0.24458686565403978,-1.7854302189984408,-1.5278729484016926,-0.8045680691885214,-1.2538223421412034,-1.2438883545754753,0.16301990358204224,0.06171963052661395,0.0,,,,,,,,0.0,0.0,0.0,0.0,0.0
8,gauss_moderate_5c,improved_gaussian,gaussian_blobs,median_binary,kl,"edge_alpha=0.001, sibling_alpha=0.01, tree_distance_metric=hamming, tree_distance_source=feature_metric, tree_linkage_method=average",5,5,75,50,1.5,1.0,1.0,1.0,1.0,1.0,1.0,1.0,1.0,1.0,1.0,1.0,0.0,0.0,15.0,0.2,5.000000000000001,1.6094379124341005,0.0,0.0,0.4506776351667339,0.912159627011202,39.245848708487074,,,,,,0.0,0.0,0.0,0.0003142499990644865,0.0009620840028219391,0.023737542000162648,0.010760373999801232,0.00024355001005460508,0.0036001639637106564,0.0009220840001944453,0.006010082997818245,0.0009433289997105021,0.0029177869982959237,0.0008821259871183429,0.03347408300032839,0.008943249998992542,0.00025433300106669776,0.015003999997134088,0.008309791999636218,2.308300099684857e-05,ok,,75,gaussian,1.0,0,0,0.0,0.0,0.0,1.5,4.330733340286331,3.9318256327243257,1.791759469228055,15.0,10.0,1.5,2.772588722239781,2.3978952727983707,0.9162907318741551,2.6876392038420827,0.46376668644784663,-1.1261616674290822,-1.117042437502497,0.07657113679483718,-1.2538223421412034,-1.2438883545754753,0.16301990358204224,0.48260435799254586,0.0,,,,,,,,0.0,0.0,0.0,0.0,0.0
8,gauss_moderate_5c,improved_gaussian,gaussian_blobs,median_binary,kl_legacy_c2ef9a69,"edge_alpha=0.001, sibling_alpha=0.01, tree_builder=linkage, tree_distance_metric=hamming, tree_distance_source=feature_metric, tree_linkage_method=average, tree_rooting=linkage_root",5,5,75,50,1.5,1.0,1.0,1.0,1.0,1.0,1.0,1.0,1.0,1.0,1.0,1.0,0.0,0.0,15.0,0.2,5.000000000000001,1.6094379124341005,0.0,0.0,0.4506776351667339,0.912159627011202,39.245848708487074,,,,,,0.0,0.0,0.0,0.00032941700192168355,0.0,0.0,0.0,0.0,0.0,0.0,0.0,0.0,0.0,0.0,0.0,0.0,0.0,0.0,0.0,0.0,ok,,75,gaussian,1.0,0,0,0.0,0.0,0.0,1.5,4.330733340286331,3.9318256327243257,1.791759469228055,15.0,10.0,1.5,2.772588722239781,2.3978952727983707,0.9162907318741551,2.6876392038420827,0.46376668644784663,-1.1261616674290822,-1.117042437502497,0.07657113679483718,-1.2538223421412034,-1.2438883545754753,0.16301990358204224,0.48260435799254586,0.0,,,,,,,,0.0,0.0,0.0,0.0,0.0
9,gauss_noisy_3c,improved_gaussian,gaussian_blobs,median_binary,kl,"edge_alpha=0.001, sibling_alpha=0.01, tree_distance_metric=hamming, tree_distance_source=feature_metric, tree_linkage_method=average",3,3,60,40,2.5,1.0,1.0,1.0,1.0,1.0,1.0,1.0,1.0,1.0,1.0,1.0,0.0,0.0,20.0,0.3333333333333333,2.9999999999999996,1.0986122886681096,0.0,0.0,0.32989678565108693,1.2253745154091888,27.547197640117997,,,,,,0.0,0.0,0.0,0.0002878340019378811,0.0008234589986386709,0.018120500000804896,0.007330084012210136,0.0001808310262276791,0.002840998025931185,0.0009428750017832499,0.004806459000974428,0.0008267539851658512,0.002252830996440025,0.0006978349920245819,0.028807915998186218,0.00644141600059811,0.0002454999994370155,0.011922790999960853,0.0093098329998611,1.895800232887268e-05,ok,,60,gaussian,1.0,0,0,0.0,0.0,0.0,2.5,4.110873864173311,3.713572066704308,1.3862943611198906,20.0,13.333333333333334,1.5,3.044522437723423,2.662587827025453,0.9162907318741551,3.4657359027997265,1.1943660890938694,-1.4148467183574505,-1.2971515229957864,-0.8045680691885214,-0.8762990326569172,-1.005202526410651,0.16301990358204224,0.80239100336921,0.0,,,,,,,,0.0,0.0,0.0,0.0,0.0
9,gauss_noisy_3c,improved_gaussian,gaussian_blobs,median_binary,kl_legacy_c2ef9a69,"edge_alpha=0.001, sibling_alpha=0.01, tree_builder=linkage, tree_distance_metric=hamming, tree_distance_source=feature_metric, tree_linkage_method=average, tree_rooting=linkage_root",3,3,60,40,2.5,1.0,1.0,1.0,1.0,1.0,1.0,1.0,1.0,1.0,1.0,1.0,0.0,0.0,20.0,0.3333333333333333,2.9999999999999996,1.0986122886681096,0.0,0.0,0.32989678565108693,1.2253745154091888,27.547197640117997,,,,,,0.0,0.0,0.0,0.0002737499999057036,0.0,0.0,0.0,0.0,0.0,0.0,0.0,0.0,0.0,0.0,0.0,0.0,0.0,0.0,0.0,0.0,ok,,60,gaussian,1.0,0,0,0.0,0.0,0.0,2.5,4.110873864173311,3.713572066704308,1.3862943611198906,20.0,13.333333333333334,1.5,3.044522437723423,2.662587827025453,0.9162907318741551,3.4657359027997265,1.1943660890938694,-1.4148467183574505,-1.2971515229957864,-0.8045680691885214,-0.8762990326569172,-1.005202526410651,0.16301990358204224,0.80239100336921,0.0,,,,,,,,0.0,0.0,0.0,0.0,0.0
9,gauss_noisy_3c,improved_gaussian,gaussian_blobs,median_binary,kl_internal_filter_branch_length_v1,"edge_alpha=0.001, enforce_internal_support_thresholds=True, sibling_alpha=0.01, spectral_include_internal_barycenters=True, spectral_internal_distribution_mode=branch_length_state, spectral_mp_row_count_mode=leaf_effective_rows, tree_distance_metric=hamming, tree_distance_source=feature_metric, tree_linkage_method=average",3,3,60,40,2.5,1.0,1.0,1.0,1.0,1.0,1.0,1.0,1.0,1.0,1.0,1.0,0.0,0.0,20.0,0.3333333333333333,2.9999999999999996,1.0986122886681096,0.0,0.0,0.32989678565108693,1.2253745154091888,27.547197640117997,,,,,,0.0,0.0,0.0,0.00030308300119941123,0.0008810830004222225,0.018386667001323076,0.007303207003133139,0.00018770702081383206,0.0028476150037022308,0.0005551670001295861,0.005504584001755575,0.0010424999927636236,0.0022690370024065487,0.0005887499864911661,0.02155779100212385,0.006343124998238636,0.00023537499873782508,0.00810049999927287,0.005996833999233786,1.95419997908175e-05,ok,,60,gaussian,1.0,0,0,0.0,0.0,0.0,2.5,4.110873864173311,3.713572066704308,1.3862943611198906,20.0,13.333333333333334,1.5,3.044522437723423,2.662587827025453,0.9162907318741551,3.4657359027997265,1.1943660890938694,-1.4148467183574505,-1.2971515229957864,-0.8045680691885214,-0.8762990326569172,-1.005202526410651,0.16301990358204224,0.80239100336921,0.0,,,,,,,,0.0,0.0,0.0,0.0,0.0
10,gauss_noisy_many,improved_gaussian,gaussian_blobs,median_binary,kl,"edge_alpha=0.001, sibling_alpha=0.01, tree_distance_metric=hamming, tree_distance_source=feature_metric, tree_linkage_method=average",8,9,120,80,2.0,0.9904868494683827,0.9926921450777983,0.9916527828383633,1.0,1.0,0.9854903247572391,0.9926921450777983,0.991631652042901,1.0,1.0,1.0,1.0,0.008333333333333333,15.0,0.125,8.248718005748193,2.1100577950291655,0.10925925925925926,0.0,0.38254607848299155,0.918690158801215,33.55349779236721,,,,,,1.0,1.0,0.0,0.0005080409973743372,0.001780583999789087,0.04650941699946998,0.024703123028302798,0.0003852879744954407,0.006146945022919681,0.0018202499995823018,0.010597584001516225,0.002111212015734054,0.005104707001009956,0.001369961984892143,0.05669112500254414,0.017191791997902328,0.00028750000274158083,0.022229750000406057,0.015956999999616528,3.141600245726295e-05,ok,,120,gaussian,0.0,1,1,1.0,0.0,0.0,2.0,4.795790545596741,4.394449154672439,2.1972245773362196,15.0,10.0,1.5,2.772588722239781,2.3978952727983707,0.9162907318741551,4.394449154672439,0.8290663877708582,-0.5155213376457708,-0.7352722745438894,0.9577103427781962,-1.2538223421412034,-1.2438883545754753,0.16301990358204224,1.184078903769099,0.0,,,,,,,,0.0,0.0,0.0,0.0,0.0
10,gauss_noisy_many,improved_gaussian,gaussian_blobs,median_binary,kl_legacy_c2ef9a69,"edge_alpha=0.001, sibling_alpha=0.01, tree_builder=linkage, tree_distance_metric=hamming, tree_distance_source=feature_metric, tree_linkage_method=average, tree_rooting=linkage_root",8,8,120,80,2.0,1.0,1.0,1.0,1.0,1.0,1.0,1.0,1.0,1.0,1.0,1.0,0.0,0.0,15.0,0.125,7.999999999999998,2.0794415416798357,0.0,0.0,0.4239055591585755,0.950145396462565,37.97301349325337,,,,,,0.0,0.0,0.0,0.0005354159984563012,0.0,0.0,0.0,0.0,0.0,0.0,0.0,0.0,0.0,0.0,0.0,0.0,0.0,0.0,0.0,0.0,ok,,120,gaussian,1.0,0,0,0.0,0.0,0.0,2.0,4.795790545596741,4.394449154672439,2.1972245773362196,15.0,10.0,1.5,2.772588722239781,2.3978952727983707,0.9162907318741551,4.394449154672439,0.8290663877708582,-0.5155213376457708,-0.7352722745438894,0.9577103427781962,-1.2538223421412034,-1.2438883545754753,0.16301990358204224,1.184078903769099,0.0,,,,,,,,0.0,0.0,0.0,0.0,0.0
10,gauss_noisy_many,improved_gaussian,gaussian_blobs,median_binary,kl_internal_filter_branch_length_v1,"edge_alpha=0.001, enforce_internal_support_thresholds=True, sibling_alpha=0.01, spectral_include_internal_barycenters=True, spectral_internal_distribution_mode=branch_length_state, spectral_mp_row_count_mode=leaf_effective_rows, tree_distance_metric=hamming, tree_distance_source=feature_metric, tree_linkage_method=average",8,8,120,80,2.0,1.0,1.0,1.0,1.0,1.0,1.0,1.0,1.0,1.0,1.0,1.0,0.0,0.0,15.0,0.125,7.999999999999998,2.0794415416798357,0.0,0.0,0.4239055591585755,0.950145396462565,37.97301349325337,,,,,,0.0,0.0,0.0,0.0005539580015465617,0.0018495830008760095,0.04941287499968894,0.024553007999202237,0.00037444798726937734,0.005904191999434261,0.0012502919998951256,0.014572415999282384,0.0035420329986664,0.006189506966620684,0.0014402519700524863,0.060313207999570295,0.017304082997725345,0.0003177090002282057,0.030585540996980853,0.011151457998494152,2.829100048984401e-05,ok,,120,gaussian,1.0,0,0,0.0,0.0,0.0,2.0,4.795790545596741,4.394449154672439,2.1972245773362196,15.0,10.0,1.5,2.772588722239781,2.3978952727983707,0.9162907318741551,4.394449154672439,0.8290663877708582,-0.5155213376457708,-0.7352722745438894,0.9577103427781962,-1.2538223421412034,-1.2438883545754753,0.16301990358204224,1.184078903769099,0.0,,,,,,,,0.0,0.0,0.0,0.0,0.0
11,gauss_null_small,gaussian_null,gaussian_blobs,median_binary,kl_legacy_c2ef9a69,"edge_alpha=0.001, sibling_alpha=0.01, tree_builder=linkage, tree_distance_metric=hamming, tree_distance_source=feature_metric, tree_linkage_method=average, tree_rooting=linkage_root",1,1,60,30,1.0,1.0,1.0,1.0,1.0,1.0,1.0,1.0,1.0,1.0,1.0,1.0,0.0,0.0,60.0,1.0,1.0,-0.0,0.0,0.0,,,,,,,,,0.0,0.0,0.0,0.00029579100009868853,0.0,0.0,0.0,0.0,0.0,0.0,0.0,0.0,0.0,0.0,0.0,0.0,0.0,0.0,0.0,0.0,ok,,60,gaussian,1.0,0,0,0.0,0.0,0.0,1.0,4.110873864173311,3.4339872044851463,0.6931471805599453,60.0,30.0,2.0,4.110873864173311,3.4339872044851463,1.0986122886681098,0.6931471805599453,0.09846698512483526,-1.4148467183574505,-1.5278729484016926,-2.3108854910695285,0.6041077601185371,-0.3095951271302138,0.4680298607285436,-0.33710341638863006,0.0,,,,,,,,0.0,0.0,0.0,0.0,0.0
12,gauss_null_large,gaussian_null,gaussian_blobs,median_binary,kl_legacy_c2ef9a69,"edge_alpha=0.001, sibling_alpha=0.01, tree_builder=linkage, tree_distance_metric=hamming, tree_distance_source=feature_metric, tree_linkage_method=average, tree_rooting=linkage_root",1,1,200,80,1.0,1.0,1.0,1.0,1.0,1.0,1.0,1.0,1.0,1.0,1.0,1.0,0.0,0.0,200.0,1.0,1.0,-0.0,0.0,0.0,,,,,,,,,0.0,0.0,0.0,0.0008736249983485322,0.0,0.0,0.0,0.0,0.0,0.0,0.0,0.0,0.0,0.0,0.0,0.0,0.0,0.0,0.0,0.0,ok,,200,gaussian,1.0,0,0,0.0,0.0,0.0,1.0,5.303304908059076,4.394449154672439,0.6931471805599453,200.0,80.0,2.5,5.303304908059076,4.394449154672439,1.252762968495368,0.6931471805599453,0.09846698512483526,0.1508670853804095,-0.7352722745438894,-2.3108854910695285,2.2595498343715024,0.5564989595382822,0.7259121050171414,-0.33710341638863006,0.0,,,,,,,,0.0,0.0,0.0,0.0,0.0
13,gauss_clear_medium_continuous,continuous_gaussian_examples,gaussian_blobs,continuous,kl,"edge_alpha=0.001, sibling_alpha=0.01, tree_distance_metric=euclidean, tree_distance_source=precomputed, tree_linkage_method=average",4,4,60,40,0.6,1.0,1.0,1.0,1.0,1.0,1.0,1.0,1.0,1.0,1.0,1.0,0.0,0.0,15.0,0.25,4.0,1.3862943611198906,0.0,0.0,0.8964977139850939,0.14185207971886252,1416.633669993752,,,,,,0.0,0.0,0.0,0.0002563340021879412,0.0017897910001920536,0.02705045800030348,0.011776288996770745,0.00025675098004285246,0.0037361249887908343,0.0004689590023190249,0.00848441699781688,0.004055496981891338,0.002658500976394862,0.000754583023081068,0.013268540998979006,0.0093239169982553,0.00022233399795368314,0.0013670830012415536,0.001461708998249378,2.1792002371512353e-05,ok,,60,gaussian,1.0,0,0,0.0,0.0,0.0,0.6,4.110873864173311,3.713572066704308,1.6094379124341003,15.0,10.0,1.5,2.772588722239781,2.3978952727983707,0.9162907318741551,0.9656627474604601,-0.19377277593357387,-1.4148467183574505,-1.2971515229957864,-0.3196421712667257,-1.2538223421412034,-1.2438883545754753,0.16301990358204224,-0.22510340524762482,0.0,,,,,,,,0.0,0.0,0.0,0.0,0.0
13,gauss_clear_medium_continuous,continuous_gaussian_examples,gaussian_blobs,continuous,kl_legacy_c2ef9a69,"edge_alpha=0.001, sibling_alpha=0.01, tree_builder=linkage, tree_distance_metric=euclidean, tree_distance_source=precomputed, tree_linkage_method=average, tree_rooting=linkage_root",4,60,60,40,0.6,0.0,0.5058878647216384,3.738938805661707e-14,1.0,0.9999999999999993,0.3385876151975627,0.5058878647216385,0.0,1.0,1.0,1.0,60.0,1.0,1.0,0.016666666666666666,59.99999999999993,4.0943445622220995,0.0,0.0,,,,,,,,,56.0,1.0,0.0,0.00032295799974235706,0.0,0.0,0.0,0.0,0.0,0.0,0.0,0.0,0.0,0.0,0.0,0.0,0.0,0.0,0.0,0.0,ok,,60,gaussian,0.0,56,56,1.0,0.0,0.0,0.6,4.110873864173311,3.713572066704308,1.6094379124341003,15.0,10.0,1.5,2.772588722239781,2.3978952727983707,0.9162907318741551,0.9656627474604601,-0.19377277593357387,-1.4148467183574505,-1.2971515229957864,-0.3196421712667257,-1.2538223421412034,-1.2438883545754753,0.16301990358204224,-0.22510340524762482,0.0,,,,,,,,0.0,0.0,0.0,0.0,0.0
13,gauss_clear_medium_continuous,continuous_gaussian_examples,gaussian_blobs,continuous,kl_internal_filter_branch_length_v1,"edge_alpha=0.001, enforce_internal_support_thresholds=True, sibling_alpha=0.01, spectral_include_internal_barycenters=True, spectral_internal_distribution_mode=branch_length_state, spectral_mp_row_count_mode=leaf_effective_rows, tree_distance_metric=euclidean, tree_distance_source=precomputed, tree_linkage_method=average",4,1,60,40,0.6,0.0,0.0,0.0,0.25,0.0,1.0,0.0,0.4871223004474547,0.25,0.1,0.0,0.0,0.0,60.0,1.0,1.0,-0.0,0.0,0.0,,,,,,,,,3.0,0.0,1.0,0.0002849160009645857,0.0017189579994010273,0.02577329199993983,0.011482379031804157,0.0002495800035831053,0.0037852050336368848,0.0002791250008158386,0.007744416998320958,0.0022390029844245873,0.003130707988020731,0.0007292540067282971,0.010014916999352863,0.009053917001438094,0.0,0.0,9.929199950420298e-05,1.2417000107234344e-05,ok,,60,gaussian,0.0,-3,3,0.0,1.0,0.0,0.6,4.110873864173311,3.713572066704308,1.6094379124341003,15.0,10.0,1.5,2.772588722239781,2.3978952727983707,0.9162907318741551,0.9656627474604601,-0.19377277593357387,-1.4148467183574505,-1.2971515229957864,-0.3196421712667257,-1.2538223421412034,-1.2438883545754753,0.16301990358204224,-0.22510340524762482,0.0,,,,,,,,0.0,0.0,0.0,0.0,0.0
14,gauss_moderate_3c_continuous,continuous_gaussian_examples,gaussian_blobs,continuous,kl,"edge_alpha=0.001, sibling_alpha=0.01, tree_distance_metric=euclidean, tree_distance_source=precomputed, tree_linkage_method=average",3,3,45,30,1.2,1.0,1.0,1.0,1.0,1.0,1.0,1.0,1.0,1.0,1.0,1.0,0.0,0.0,15.0,0.3333333333333333,2.9999999999999996,1.0986122886681096,0.0,0.0,0.8163798532198043,0.25580277375243504,480.11166187161757,,,,,,0.0,0.0,0.0,0.0002054169999610167,0.0012660829997912515,0.01389004199882038,0.0052003719938511495,0.0001550070046505425,0.002388869997957954,0.0002966249994642567,0.003819583002041327,0.0007950849867484067,0.0017289959941990674,0.000514452996867476,0.008447416999842972,0.005046165999374352,0.00021041700165369548,0.0008225000019592699,0.0014818749987171032,1.7750000552041456e-05,ok,,45,gaussian,1.0,0,0,0.0,0.0,0.0,1.2,3.828641396489095,3.4339872044851463,1.3862943611198906,15.0,10.0,1.5,2.772588722239781,2.3978952727983707,0.9162907318741551,1.6635532333438687,0.24458686565403978,-1.7854302189984408,-1.5278729484016926,-0.8045680691885214,-1.2538223421412034,-1.2438883545754753,0.16301990358204224,0.06171963052661395,0.0,,,,,,,,0.0,0.0,0.0,0.0,0.0
14,gauss_moderate_3c_continuous,continuous_gaussian_examples,gaussian_blobs,continuous,kl_legacy_c2ef9a69,"edge_alpha=0.001, sibling_alpha=0.01, tree_builder=linkage, tree_distance_metric=euclidean, tree_distance_source=precomputed, tree_linkage_method=average, tree_rooting=linkage_root",3,45,45,30,1.2,0.0,0.4479309878815176,4.575280380612315e-14,1.0,0.9999999999999994,0.28860249407989813,0.44793098788151764,0.0,1.0,1.0,1.0,45.0,1.0,1.0,0.022222222222222223,44.99999999999999,3.8066624897703196,0.0,0.0,,,,,,,,,42.0,1.0,0.0,0.0002809169964166358,0.0,0.0,0.0,0.0,0.0,0.0,0.0,0.0,0.0,0.0,0.0,0.0,0.0,0.0,0.0,0.0,ok,,45,gaussian,0.0,42,42,1.0,0.0,0.0,1.2,3.828641396489095,3.4339872044851463,1.3862943611198906,15.0,10.0,1.5,2.772588722239781,2.3978952727983707,0.9162907318741551,1.6635532333438687,0.24458686565403978,-1.7854302189984408,-1.5278729484016926,-0.8045680691885214,-1.2538223421412034,-1.2438883545754753,0.16301990358204224,0.06171963052661395,0.0,,,,,,,,0.0,0.0,0.0,0.0,0.0
15,gauss_null_large_continuous,continuous_gaussian_examples,gaussian_blobs,continuous,kl,"edge_alpha=0.001, sibling_alpha=0.01, tree_distance_metric=euclidean, tree_distance_source=precomputed, tree_linkage_method=average",1,1,200,80,1.0,1.0,1.0,1.0,1.0,1.0,1.0,1.0,1.0,1.0,1.0,1.0,0.0,0.0,200.0,1.0,1.0,-0.0,0.0,0.0,,,,,,,,,0.0,0.0,0.0,0.0008737499993003439,0.010137125002074754,0.14753929200014682,0.09604607996152481,0.0009065480080607813,0.01214935606913059,0.0014955830010876525,0.032356374998926185,0.007389502989099128,0.019191451006918214,0.0023254650259332266,0.060181583001394756,0.058733083998959046,0.0,0.0,0.00011612500020419247,2.6375000743428245e-05,ok,,200,gaussian,1.0,0,0,0.0,0.0,0.0,1.0,5.303304908059076,4.394449154672439,0.6931471805599453,200.0,80.0,2.5,5.303304908059076,4.394449154672439,1.252762968495368,0.6931471805599453,0.09846698512483526,0.1508670853804095,-0.7352722745438894,-2.3108854910695285,2.2595498343715024,0.5564989595382822,0.7259121050171414,-0.33710341638863006,0.0,,,,,,,,0.0,0.0,0.0,0.0,0.0
15,gauss_null_large_continuous,continuous_gaussian_examples,gaussian_blobs,continuous,kl_legacy_c2ef9a69,"edge_alpha=0.001, sibling_alpha=0.01, tree_builder=linkage, tree_distance_metric=euclidean, tree_distance_source=precomputed, tree_linkage_method=average, tree_rooting=linkage_root",1,200,200,80,1.0,0.0,0.0,0.0,1.0,1.0,0.0,0.0,0.0,1.0,1.0,1.0,200.0,1.0,1.0,0.005,200.0000000000001,5.298317366548037,0.0,0.0,,,,,,,,,199.0,1.0,0.0,0.0010279999987687916,0.0,0.0,0.0,0.0,0.0,0.0,0.0,0.0,0.0,0.0,0.0,0.0,0.0,0.0,0.0,0.0,ok,,200,gaussian,0.0,199,199,1.0,0.0,0.0,1.0,5.303304908059076,4.394449154672439,0.6931471805599453,200.0,80.0,2.5,5.303304908059076,4.394449154672439,1.252762968495368,0.6931471805599453,0.09846698512483526,0.1508670853804095,-0.7352722745438894,-2.3108854910695285,2.2595498343715024,0.5564989595382822,0.7259121050171414,-0.33710341638863006,0.0,,,,,,,,0.0,0.0,0.0,0.0,0.0
15,gauss_null_large_continuous,continuous_gaussian_examples,gaussian_blobs,continuous,kl_internal_filter_branch_length_v1,"edge_alpha=0.001, enforce_internal_support_thresholds=True, sibling_alpha=0.01, spectral_include_internal_barycenters=True, spectral_internal_distribution_mode=branch_length_state, spectral_mp_row_count_mode=leaf_effective_rows, tree_distance_metric=euclidean, tree_distance_source=precomputed, tree_linkage_method=average",1,1,200,80,1.0,1.0,1.0,1.0,1.0,1.0,1.0,1.0,1.0,1.0,1.0,1.0,0.0,0.0,200.0,1.0,1.0,-0.0,0.0,0.0,,,,,,,,,0.0,0.0,0.0,0.0009091249994526152,0.010524542001803638,0.15971449999778997,0.09605757198733045,0.0009264930522476789,0.012674417037487729,0.0015432920008606743,0.04359604099954595,0.01276783399953274,0.02221433398881345,0.002403215014055604,0.060173999998369254,0.05885908299751463,0.0,0.0,0.00011783399895648472,2.7417001547291875e-05,ok,,200,gaussian,1.0,0,0,0.0,0.0,0.0,1.0,5.303304908059076,4.394449154672439,0.6931471805599453,200.0,80.0,2.5,5.303304908059076,4.394449154672439,1.252762968495368,0.6931471805599453,0.09846698512483526,0.1508670853804095,-0.7352722745438894,-2.3108854910695285,2.2595498343715024,0.5564989595382822,0.7259121050171414,-0.33710341638863006,0.0,,,,,,,,0.0,0.0,0.0,0.0,0.0
16,gauss_extreme_noise_highd_continuous,continuous_gaussian_examples,gaussian_blobs,continuous,kl_legacy_c2ef9a69,"edge_alpha=0.001, sibling_alpha=0.01, tree_builder=linkage, tree_distance_metric=euclidean, tree_distance_source=precomputed, tree_linkage_method=average, tree_rooting=linkage_root",4,40,40,20000,7.5,0.0,0.5463041903939284,5.4773800100223705e-14,1.0,1.0,0.3758036494182151,0.5463041903939284,0.0,1.0,1.0,1.0,40.0,1.0,1.0,0.025,40.0,3.6888794541139363,0.0,0.0,,,,,,,,,36.0,1.0,0.0,0.0003307920014776755,0.0,0.0,0.0,0.0,0.0,0.0,0.0,0.0,0.0,0.0,0.0,0.0,0.0,0.0,0.0,0.0,ok,,40,gaussian,0.0,36,36,1.0,0.0,0.0,7.5,3.713572066704308,9.90353755128617,1.6094379124341003,10.0,5000.0,0.002,2.3978952727983707,8.517393171418904,0.001998002662673056,12.070784343255752,4.847363102323984,-1.9365212518549832,3.8109850494935347,-0.3196421712667257,-1.7740061333405464,4.274353094075359,-1.3665215892613234,4.338943179677726,0.0,,,,,,,,0.0,0.0,0.0,0.0,0.0
17,dim_consolidated_4c_24f,gaussian_dimensionality_consolidated,dimensional_gaussian,median_binary,kl,"edge_alpha=0.001, sibling_alpha=0.01, tree_distance_metric=hamming, tree_distance_source=feature_metric, tree_linkage_method=average",4,5,160,24,1.0,0.5302883851206509,0.5842180257417371,0.5731456232996113,0.79375,0.6305118760562346,0.5442572204752868,0.5842180257417371,0.6366501703520879,0.7937500000000001,0.7986630553794734,0.65,0.0,0.0,33.0,0.2125,4.982821296490458,1.605996256021321,0.04,0.0,0.07285253495966085,2.837520187111074,9.93999028554295,,,,,,1.0,1.0,0.0,0.0006228340025700163,0.0013872919989807997,0.04025379100130522,0.015241256962326588,0.000524819981364999,0.008289653989777435,0.0024344160010514315,0.010406540997792035,0.001435291997040622,0.005017279992898693,0.0016650770012347493,0.07952470799864386,0.014239290998375509,0.00041970900201704353,0.04669166700114147,0.01692654200087418,2.9708000511163846e-05,ok,,160,gaussian,0.0,1,1,1.0,0.0,0.0,1.0,5.081404364984463,3.2188758248682006,1.6094379124341003,40.0,6.0,6.666666666666667,3.713572066704308,1.9459101490553132,2.03688192726104,1.6094379124341003,0.09846698512483526,-0.14049797520764143,-1.7053890117976713,-0.3196421712667257,0.05253698788902148,-1.651464774296896,2.0376828808731258,0.039479005472685375,0.0,,,,,,,,0.0,0.0,0.0,0.0,0.0
17,dim_consolidated_4c_24f,gaussian_dimensionality_consolidated,dimensional_gaussian,median_binary,kl_legacy_c2ef9a69,"edge_alpha=0.001, sibling_alpha=0.01, tree_builder=linkage, tree_distance_metric=hamming, tree_distance_source=feature_metric, tree_linkage_method=average, tree_rooting=linkage_root",4,4,160,24,1.0,0.5004075915358738,0.572665437633428,0.5633122272991402,0.79375,0.5598924496297593,0.5860348190538361,0.5726654376334281,0.632233056645437,0.7937500000000001,0.7986630553794734,0.65,0.0,0.0,34.0,0.40625,3.7601291030828365,1.324453292738625,0.178125,0.0,0.06604074052014197,2.8401666718126073,10.444669863132358,,,,,,0.0,0.0,0.0,0.0006787910024286248,0.0,0.0,0.0,0.0,0.0,0.0,0.0,0.0,0.0,0.0,0.0,0.0,0.0,0.0,0.0,0.0,ok,,160,gaussian,1.0,0,0,0.0,0.0,0.0,1.0,5.081404364984463,3.2188758248682006,1.6094379124341003,40.0,6.0,6.666666666666667,3.713572066704308,1.9459101490553132,2.03688192726104,1.6094379124341003,0.09846698512483526,-0.14049797520764143,-1.7053890117976713,-0.3196421712667257,0.05253698788902148,-1.651464774296896,2.0376828808731258,0.039479005472685375,0.0,,,,,,,,0.0,0.0,0.0,0.0,0.0
18,dim_consolidated_4c_72f,gaussian_dimensionality_consolidated,dimensional_gaussian,median_binary,kl,"edge_alpha=0.001, sibling_alpha=0.01, tree_distance_metric=hamming, tree_distance_source=feature_metric, tree_linkage_method=average",4,2,160,72,1.0,0.0009785802922182233,0.010109615617810045,0.0009102726647922728,0.29375,0.0075476335961248645,0.015304654435156191,0.010109615617810047,0.35312378288165214,0.29375,0.19556691645073185,0.0,0.0,0.0,80.0,0.56875,1.9811233668094592,0.6836640407948004,0.06875,0.0,0.038432021515305184,4.528585470025972,7.53399210218951,,,,,,2.0,0.0,1.0,0.0006539579990203492,0.0022898330025782343,0.05910441699961666,0.03061959199476405,0.000571129989111796,0.008275032003439264,0.0017211250014952384,0.01456112500090967,0.002634417003719136,0.007287120988621609,0.0019012500015378464,0.0846123749979597,0.021779792001325404,0.0003468750001047738,0.047620666002330836,0.01369670899657649,2.2207997972145677e-05,ok,,160,gaussian,0.0,-2,2,0.0,1.0,0.0,1.0,5.081404364984463,4.290459441148391,1.6094379124341003,40.0,18.0,2.2222222222222223,3.713572066704308,2.9444389791664403,1.1700712526502546,1.6094379124341003,0.09846698512483526,-0.14049797520764143,-0.8210875606126066,-0.3196421712667257,0.05253698788902148,-0.7510439768268703,0.5875752174334511,0.039479005472685375,0.0,,,,,,,,0.0,0.0,0.0,0.0,0.0
18,dim_consolidated_4c_72f,gaussian_dimensionality_consolidated,dimensional_gaussian,median_binary,kl_legacy_c2ef9a69,"edge_alpha=0.001, sibling_alpha=0.01, tree_builder=linkage, tree_distance_metric=hamming, tree_distance_source=feature_metric, tree_linkage_method=average, tree_rooting=linkage_root",4,2,160,72,1.0,0.0009785802922182233,0.010109615617810045,0.0009102726647922728,0.29375,0.0075476335961248645,0.015304654435156191,0.010109615617810047,0.35312378288165214,0.29375,0.19556691645073185,0.0,0.0,0.0,80.0,0.56875,1.9811233668094592,0.6836640407948004,0.06875,0.0,0.038432021515305184,4.528585470025972,7.53399210218951,,,,,,2.0,0.0,1.0,0.0006565419971593656,0.0,0.0,0.0,0.0,0.0,0.0,0.0,0.0,0.0,0.0,0.0,0.0,0.0,0.0,0.0,0.0,ok,,160,gaussian,0.0,-2,2,0.0,1.0,0.0,1.0,5.081404364984463,4.290459441148391,1.6094379124341003,40.0,18.0,2.2222222222222223,3.713572066704308,2.9444389791664403,1.1700712526502546,1.6094379124341003,0.09846698512483526,-0.14049797520764143,-0.8210875606126066,-0.3196421712667257,0.05253698788902148,-0.7510439768268703,0.5875752174334511,0.039479005472685375,0.0,,,,,,,,0.0,0.0,0.0,0.0,0.0
18,dim_consolidated_4c_72f,gaussian_dimensionality_consolidated,dimensional_gaussian,median_binary,kl_internal_filter_branch_length_v1,"edge_alpha=0.001, enforce_internal_support_thresholds=True, sibling_alpha=0.01, spectral_include_internal_barycenters=True, spectral_internal_distribution_mode=branch_length_state, spectral_mp_row_count_mode=leaf_effective_rows, tree_distance_metric=hamming, tree_distance_source=feature_metric, tree_linkage_method=average",4,2,160,72,1.0,0.0009785802922182233,0.010109615617810045,0.0009102726647922728,0.29375,0.0075476335961248645,0.015304654435156191,0.010109615617810047,0.35312378288165214,0.29375,0.19556691645073185,0.0,0.0,0.0,80.0,0.56875,1.9811233668094592,0.6836640407948004,0.06875,0.0,0.038432021515305184,4.528585470025972,7.53399210218951,,,,,,2.0,0.0,1.0,0.0008254169988504145,0.0023970840011315886,0.06236437499683234,0.029926129962404957,0.000503746992762899,0.007707275017310167,0.0018304170007468201,0.019063375002588145,0.003971494974393863,0.008776911010500044,0.001924170006532222,0.08601004099909915,0.02160891600215109,0.0003443329987931065,0.048829333998583024,0.01424350000161212,2.56669991358649e-05,ok,,160,gaussian,0.0,-2,2,0.0,1.0,0.0,1.0,5.081404364984463,4.290459441148391,1.6094379124341003,40.0,18.0,2.2222222222222223,3.713572066704308,2.9444389791664403,1.1700712526502546,1.6094379124341003,0.09846698512483526,-0.14049797520764143,-0.8210875606126066,-0.3196421712667257,0.05253698788902148,-0.7510439768268703,0.5875752174334511,0.039479005472685375,0.0,,,,,,,,0.0,0.0,0.0,0.0,0.0
19,dim_consolidated_4c_272f,gaussian_dimensionality_consolidated,dimensional_gaussian,median_binary,kl,"edge_alpha=0.001, sibling_alpha=0.01, tree_distance_metric=hamming, tree_distance_source=feature_metric, tree_linkage_method=average",4,2,160,272,1.0,-0.008227517001949874,0.001206493586058616,-0.008034899943065102,0.2625,0.000904326024453131,0.0018119209735073388,0.001206493586058616,0.34366750734882634,0.2625,0.174916573971079,0.0,0.0,0.0,80.0,0.525,1.9975005204422753,0.6918966592050799,0.025,0.0,0.03700300594008472,4.6398767257492946,7.3118283198083445,,,,,,2.0,0.0,1.0,0.0007113749998097774,0.004957000001013512,0.13787420799781103,0.09529391603791737,0.0006401629943866283,0.00874733003001893,0.002479582999512786,0.027005957999790553,0.008156076026352821,0.011976289009908214,0.0028253370292077307,0.1254947080014972,0.05811766700207954,0.000353082999936305,0.04534174999935203,0.020478582999203354,2.5249999453080818e-05,ok,,160,gaussian,0.0,-2,2,0.0,1.0,0.0,1.0,5.081404364984463,5.60947179518496,1.6094379124341003,40.0,68.0,0.5882352941176471,3.713572066704308,4.23410650459726,0.462623521948113,1.6094379124341003,0.09846698512483526,-0.14049797520764143,0.26739916229430905,-0.3196421712667257,0.05253698788902148,0.41191038833690524,-0.5959304843564126,0.039479005472685375,0.0,,,,,,,,0.0,0.0,0.0,0.0,0.0
19,dim_consolidated_4c_272f,gaussian_dimensionality_consolidated,dimensional_gaussian,median_binary,kl_legacy_c2ef9a69,"edge_alpha=0.001, sibling_alpha=0.01, tree_builder=linkage, tree_distance_metric=hamming, tree_distance_source=feature_metric, tree_linkage_method=average, tree_rooting=linkage_root",4,2,160,272,1.0,-0.008227517001949874,0.001206493586058616,-0.008034899943065102,0.2625,0.000904326024453131,0.0018119209735073388,0.001206493586058616,0.34366750734882634,0.2625,0.174916573971079,0.0,0.0,0.0,80.0,0.525,1.9975005204422753,0.6918966592050799,0.025,0.0,0.03700300594008472,4.6398767257492946,7.3118283198083445,,,,,,2.0,0.0,1.0,0.0007030000015220139,0.0,0.0,0.0,0.0,0.0,0.0,0.0,0.0,0.0,0.0,0.0,0.0,0.0,0.0,0.0,0.0,ok,,160,gaussian,0.0,-2,2,0.0,1.0,0.0,1.0,5.081404364984463,5.60947179518496,1.6094379124341003,40.0,68.0,0.5882352941176471,3.713572066704308,4.23410650459726,0.462623521948113,1.6094379124341003,0.09846698512483526,-0.14049797520764143,0.26739916229430905,-0.3196421712667257,0.05253698788902148,0.41191038833690524,-0.5959304843564126,0.039479005472685375,0.0,,,,,,,,0.0,0.0,0.0,0.0,0.0
19,dim_consolidated_4c_272f,gaussian_dimensionality_consolidated,dimensional_gaussian,median_binary,kl_internal_filter_branch_length_v1,"edge_alpha=0.001, enforce_internal_support_thresholds=True, sibling_alpha=0.01, spectral_include_internal_barycenters=True, spectral_internal_distribution_mode=branch_length_state, spectral_mp_row_count_mode=leaf_effective_rows, tree_distance_metric=hamming, tree_distance_source=feature_metric, tree_linkage_method=average",4,2,160,272,1.0,-0.008227517001949874,0.001206493586058616,-0.008034899943065102,0.2625,0.000904326024453131,0.0018119209735073388,0.001206493586058616,0.34366750734882634,0.2625,0.174916573971079,0.0,0.0,0.0,80.0,0.525,1.9975005204422753,0.6918966592050799,0.025,0.0,0.03700300594008472,4.6398767257492946,7.3118283198083445,,,,,,2.0,0.0,1.0,0.000703499998053303,0.004970458998286631,0.1489216249974561,0.09318491403610096,0.0005992900223645847,0.008364117969904328,0.0022342089978337754,0.04105862500000512,0.011853777952637756,0.020237496013578493,0.0028075749760319013,0.11957291699945927,0.05402579200017499,0.000357083001290448,0.047475999999733176,0.016601457999058766,2.8416998247848824e-05,ok,,160,gaussian,0.0,-2,2,0.0,1.0,0.0,1.0,5.081404364984463,5.60947179518496,1.6094379124341003,40.0,68.0,0.5882352941176471,3.713572066704308,4.23410650459726,0.462623521948113,1.6094379124341003,0.09846698512483526,-0.14049797520764143,0.26739916229430905,-0.3196421712667257,0.05253698788902148,0.41191038833690524,-0.5959304843564126,0.039479005472685375,0.0,,,,,,,,0.0,0.0,0.0,0.0,0.0
20,dim_diffuse_6c_36f,gaussian_dimensionality_diffuse,dimensional_gaussian,median_binary,kl_legacy_c2ef9a69,"edge_alpha=0.001, sibling_alpha=0.01, tree_builder=linkage, tree_distance_metric=hamming, tree_distance_source=feature_metric, tree_linkage_method=average, tree_rooting=linkage_root",6,2,180,36,1.0,0.014226207022167791,0.030411826360996704,0.01913118574262079,0.22777777777777777,0.02093605357497214,0.05555741938021458,0.030411826360996704,0.30145641844875937,0.22777777777777777,0.11341034181371508,0.0,0.0,0.0,90.0,0.5944444444444444,1.9644259164570486,0.6752000481610075,0.09444444444444444,0.0,0.04874389622414991,4.052888419451551,10.378375937133052,,,,,,4.0,0.0,1.0,0.0007942919983179308,0.0,0.0,0.0,0.0,0.0,0.0,0.0,0.0,0.0,0.0,0.0,0.0,0.0,0.0,0.0,0.0,ok,,180,gaussian,0.0,-4,4,0.0,1.0,0.0,1.0,5.198497031265826,3.6109179126442243,1.9459101490553132,30.0,6.0,5.0,3.4339872044851463,1.9459101490553132,1.791759469228055,1.9459101490553132,0.09846698512483526,0.013249786437151937,-1.3818646671931791,0.41156471554823,-0.3356083448034059,-1.651464774296896,1.6276118408107647,0.17776429566299634,0.0,,,,,,,,0.0,0.0,0.0,0.0,0.0
21,dim_diffuse_6c_136f,gaussian_dimensionality_diffuse,dimensional_gaussian,median_binary,kl,"edge_alpha=0.001, sibling_alpha=0.01, tree_distance_metric=hamming, tree_distance_source=feature_metric, tree_linkage_method=average",6,1,180,136,1.0,0.0,0.0,0.0,0.16666666666666666,0.0,1.0,0.0,0.4025061157105039,0.16666666666666666,0.047619047619047616,0.0,0.0,0.0,180.0,1.0,1.0,-0.0,0.0,0.0,,,,,,,,,5.0,0.0,1.0,0.0007701249996898696,0.0035141670014127158,0.09448891700230888,0.05741287897399161,0.0006267729804676492,0.009284975014452357,0.002544667000620393,0.02095591599936597,0.00496687999839196,0.0100177469830669,0.0024774580015218817,0.11146187499980442,0.03716562499903375,0.00035895799737772904,0.0515200840018224,0.021234957999695325,2.445800055284053e-05,ok,,180,gaussian,0.0,-5,5,0.0,1.0,0.0,1.0,5.198497031265826,4.919980925828125,1.9459101490553132,30.0,22.666666666666668,1.3235294117647058,3.4339872044851463,3.164067588373206,0.84308732785086,1.9459101490553132,0.09846698512483526,0.013249786437151937,-0.3015884249437511,0.41156471554823,-0.3356083448034059,-0.552994444869761,0.04055623270983531,0.17776429566299634,0.0,,,,,,,,0.0,0.0,0.0,0.0,0.0
21,dim_diffuse_6c_136f,gaussian_dimensionality_diffuse,dimensional_gaussian,median_binary,kl_legacy_c2ef9a69,"edge_alpha=0.001, sibling_alpha=0.01, tree_builder=linkage, tree_distance_metric=hamming, tree_distance_source=feature_metric, tree_linkage_method=average, tree_rooting=linkage_root",6,2,180,136,1.0,0.01324566294129525,0.027993663246835134,0.016740657763915492,0.23333333333333334,0.019353051837283714,0.05057323955136797,0.02799366324683513,0.2976084243786274,0.2333333333333333,0.11714172327660667,0.0,0.0,0.0,90.0,0.5611111111111111,1.9850802404974022,0.6856593367465331,0.06111111111111111,0.0,0.02884144834266213,5.212907533116885,6.439747301519399,,,,,,4.0,0.0,1.0,0.0009036250012286473,0.0,0.0,0.0,0.0,0.0,0.0,0.0,0.0,0.0,0.0,0.0,0.0,0.0,0.0,0.0,0.0,ok,,180,gaussian,0.0,-4,4,0.0,1.0,0.0,1.0,5.198497031265826,4.919980925828125,1.9459101490553132,30.0,22.666666666666668,1.3235294117647058,3.4339872044851463,3.164067588373206,0.84308732785086,1.9459101490553132,0.09846698512483526,0.013249786437151937,-0.3015884249437511,0.41156471554823,-0.3356083448034059,-0.552994444869761,0.04055623270983531,0.17776429566299634,0.0,,,,,,,,0.0,0.0,0.0,0.0,0.0
22,dim_diffuse_6c_536f,gaussian_dimensionality_diffuse,dimensional_gaussian,median_binary,kl,"edge_alpha=0.001, sibling_alpha=0.01, tree_distance_metric=hamming, tree_distance_source=feature_metric, tree_linkage_method=average",6,2,180,536,1.0,-0.004912280701754386,0.0053912441955028065,-0.006083072162080961,0.19444444444444445,0.0037384310735099975,0.009663704136554077,0.0053912441955028065,0.27950806400852946,0.19444444444444442,0.09722222222222221,0.0,0.0,0.0,90.0,0.5,2.0,0.6931471805599453,0.0,0.0,0.04528306485533687,4.254592509986822,9.819604861892202,,,,,,4.0,0.0,1.0,0.00079691599967191,0.00996383399979095,0.282255541998893,0.21367278201068984,0.0009463280257477891,0.01089752397092525,0.003493792002700502,0.04906750000009197,0.018183998996391892,0.021123409002029803,0.004030338011943968,0.19907437499932712,0.1156881249989965,0.0004117499993299134,0.05361070900107734,0.028172708000056446,2.7750000299420208e-05,ok,,180,gaussian,0.0,-4,4,0.0,1.0,0.0,1.0,5.198497031265826,6.285998094508865,1.9459101490553132,30.0,89.33333333333333,0.3358208955223881,3.4339872044851463,4.503506532211591,0.28954600588984364,1.9459101490553132,0.09846698512483526,0.013249786437151937,0.8256880155092537,0.41156471554823,-0.3356083448034059,0.6548411684886881,-0.8854758715517133,0.17776429566299634,0.0,,,,,,,,0.0,0.0,0.0,0.0,0.0
22,dim_diffuse_6c_536f,gaussian_dimensionality_diffuse,dimensional_gaussian,median_binary,kl_legacy_c2ef9a69,"edge_alpha=0.001, sibling_alpha=0.01, tree_builder=linkage, tree_distance_metric=hamming, tree_distance_source=feature_metric, tree_linkage_method=average, tree_rooting=linkage_root",6,2,180,536,1.0,-0.004912280701754386,0.0053912441955028065,-0.006083072162080961,0.19444444444444445,0.0037384310735099975,0.009663704136554077,0.0053912441955028065,0.27950806400852946,0.19444444444444442,0.09722222222222221,0.0,0.0,0.0,90.0,0.5,2.0,0.6931471805599453,0.0,0.0,0.04528306485533687,4.254592509986822,9.819604861892202,,,,,,4.0,0.0,1.0,0.001214167001307942,0.0,0.0,0.0,0.0,0.0,0.0,0.0,0.0,0.0,0.0,0.0,0.0,0.0,0.0,0.0,0.0,ok,,180,gaussian,0.0,-4,4,0.0,1.0,0.0,1.0,5.198497031265826,6.285998094508865,1.9459101490553132,30.0,89.33333333333333,0.3358208955223881,3.4339872044851463,4.503506532211591,0.28954600588984364,1.9459101490553132,0.09846698512483526,0.013249786437151937,0.8256880155092537,0.41156471554823,-0.3356083448034059,0.6548411684886881,-0.8854758715517133,0.17776429566299634,0.0,,,,,,,,0.0,0.0,0.0,0.0,0.0
22,dim_diffuse_6c_536f,gaussian_dimensionality_diffuse,dimensional_gaussian,median_binary,kl_internal_filter_branch_length_v1,"edge_alpha=0.001, enforce_internal_support_thresholds=True, sibling_alpha=0.01, spectral_include_internal_barycenters=True, spectral_internal_distribution_mode=branch_length_state, spectral_mp_row_count_mode=leaf_effective_rows, tree_distance_metric=hamming, tree_distance_source=feature_metric, tree_linkage_method=average",6,2,180,536,1.0,-0.004912280701754386,0.0053912441955028065,-0.006083072162080961,0.19444444444444445,0.0037384310735099975,0.009663704136554077,0.0053912441955028065,0.27950806400852946,0.19444444444444442,0.09722222222222221,0.0,0.0,0.0,90.0,0.5,2.0,0.6931471805599453,0.0,0.0,0.04528306485533687,4.254592509986822,9.819604861892202,,,,,,4.0,0.0,1.0,0.0008704159990884364,0.009710541999083944,0.30449408300046343,0.20256057800361305,0.0009348749808850698,0.011089406008977676,0.003088290999585297,0.08281245800026227,0.027661204014293617,0.04088761895764037,0.004313083980377996,0.1893974159975187,0.10968737499933923,0.00039170799936982803,0.059692790997360134,0.018508875000406988,2.695800139917992e-05,ok,,180,gaussian,0.0,-4,4,0.0,1.0,0.0,1.0,5.198497031265826,6.285998094508865,1.9459101490553132,30.0,89.33333333333333,0.3358208955223881,3.4339872044851463,4.503506532211591,0.28954600588984364,1.9459101490553132,0.09846698512483526,0.013249786437151937,0.8256880155092537,0.41156471554823,-0.3356083448034059,0.6548411684886881,-0.8854758715517133,0.17776429566299634,0.0,,,,,,,,0.0,0.0,0.0,0.0,0.0
23,dim_consolidated_4c_24f_continuous,continuous_dimensional_gaussian_examples,dimensional_gaussian,continuous,kl,"edge_alpha=0.001, sibling_alpha=0.01, tree_distance_metric=euclidean, tree_distance_source=precomputed, tree_linkage_method=average",4,4,160,24,1.0,1.0,1.0,1.0,1.0,1.0,1.0,1.0,1.0,1.0,1.0,1.0,0.0,0.0,40.0,0.25,4.0,1.3862943611198906,0.0,0.0,0.3679910613473738,1.07962911351017,68.33865341267163,,,,,,0.0,0.0,0.0,0.0006773329987481702,0.0032752500010246877,0.04358966599829728,0.01741915600723587,0.0005569160130107775,0.008723982984520262,0.0008095840021269396,0.012411833999067312,0.002601121006591711,0.005577211017225636,0.0017131670174421743,0.02274579100048868,0.016037625002354616,0.00037724999856436625,0.002999332999024773,0.002093832998070866,3.354199725436047e-05,ok,,160,gaussian,1.0,0,0,0.0,0.0,0.0,1.0,5.081404364984463,3.2188758248682006,1.6094379124341003,40.0,6.0,6.666666666666667,3.713572066704308,1.9459101490553132,2.03688192726104,1.6094379124341003,0.09846698512483526,-0.14049797520764143,-1.7053890117976713,-0.3196421712667257,0.05253698788902148,-1.651464774296896,2.0376828808731258,0.039479005472685375,0.0,,,,,,,,0.0,0.0,0.0,0.0,0.0
23,dim_consolidated_4c_24f_continuous,continuous_dimensional_gaussian_examples,dimensional_gaussian,continuous,kl_legacy_c2ef9a69,"edge_alpha=0.001, sibling_alpha=0.01, tree_builder=linkage, tree_distance_metric=euclidean, tree_distance_source=precomputed, tree_linkage_method=average, tree_rooting=linkage_root",4,160,160,24,1.0,0.0,0.4290957792512701,6.621226539271697e-15,1.0,1.0000000000000002,0.2731520951969643,0.4290957792512701,0.0,1.0,1.0,1.0,160.0,1.0,1.0,0.00625,159.99999999999994,5.075173815233827,0.0,0.0,,,,,,,,,156.0,1.0,0.0,0.0007449170007021166,0.0,0.0,0.0,0.0,0.0,0.0,0.0,0.0,0.0,0.0,0.0,0.0,0.0,0.0,0.0,0.0,ok,,160,gaussian,0.0,156,156,1.0,0.0,0.0,1.0,5.081404364984463,3.2188758248682006,1.6094379124341003,40.0,6.0,6.666666666666667,3.713572066704308,1.9459101490553132,2.03688192726104,1.6094379124341003,0.09846698512483526,-0.14049797520764143,-1.7053890117976713,-0.3196421712667257,0.05253698788902148,-1.651464774296896,2.0376828808731258,0.039479005472685375,0.0,,,,,,,,0.0,0.0,0.0,0.0,0.0
23,dim_consolidated_4c_24f_continuous,continuous_dimensional_gaussian_examples,dimensional_gaussian,continuous,kl_internal_filter_branch_length_v1,"edge_alpha=0.001, enforce_internal_support_thresholds=True, sibling_alpha=0.01, spectral_include_internal_barycenters=True, spectral_internal_distribution_mode=branch_length_state, spectral_mp_row_count_mode=leaf_effective_rows, tree_distance_metric=euclidean, tree_distance_source=precomputed, tree_linkage_method=average",4,1,160,24,1.0,0.0,0.0,0.0,0.25,0.0,1.0,0.0,0.4952605565436486,0.25,0.1,0.0,0.0,0.0,160.0,1.0,1.0,-0.0,0.0,0.0,,,,,,,,,3.0,0.0,1.0,0.0007129160003387369,0.0034986659993592184,0.04759199999898556,0.017144055014796322,0.000551537985302275,0.00929278600597172,0.0008069169998634607,0.01603758300188929,0.004091632985364413,0.0061184980331745464,0.0016132060445670504,0.01692820799871697,0.015739791000669356,0.0,0.0,0.00011345899838488549,2.2833002731204033e-05,ok,,160,gaussian,0.0,-3,3,0.0,1.0,0.0,1.0,5.081404364984463,3.2188758248682006,1.6094379124341003,40.0,6.0,6.666666666666667,3.713572066704308,1.9459101490553132,2.03688192726104,1.6094379124341003,0.09846698512483526,-0.14049797520764143,-1.7053890117976713,-0.3196421712667257,0.05253698788902148,-1.651464774296896,2.0376828808731258,0.039479005472685375,0.0,,,,,,,,0.0,0.0,0.0,0.0,0.0
24,dim_consolidated_4c_72f_continuous,continuous_dimensional_gaussian_examples,dimensional_gaussian,continuous,kl,"edge_alpha=0.001, sibling_alpha=0.01, tree_distance_metric=euclidean, tree_distance_source=precomputed, tree_linkage_method=average",4,1,160,72,1.0,0.0,0.0,0.0,0.25,0.0,1.0,0.0,0.4952605565436486,0.25,0.1,0.0,0.0,0.0,160.0,1.0,1.0,-0.0,0.0,0.0,,,,,,,,,3.0,0.0,1.0,0.0006384579974110238,0.006463833000452723,0.1010224579986243,0.06612592101373593,0.0007340489792113658,0.010368294024374336,0.0008327079995069653,0.018807790998835117,0.00508732401067391,0.008935798003221862,0.00205041300796438,0.042981624999811174,0.04184133399758139,0.0,0.0,0.0001139170017268043,2.195799970650114e-05,ok,,160,gaussian,0.0,-3,3,0.0,1.0,0.0,1.0,5.081404364984463,4.290459441148391,1.6094379124341003,40.0,18.0,2.2222222222222223,3.713572066704308,2.9444389791664403,1.1700712526502546,1.6094379124341003,0.09846698512483526,-0.14049797520764143,-0.8210875606126066,-0.3196421712667257,0.05253698788902148,-0.7510439768268703,0.5875752174334511,0.039479005472685375,0.0,,,,,,,,0.0,0.0,0.0,0.0,0.0
24,dim_consolidated_4c_72f_continuous,continuous_dimensional_gaussian_examples,dimensional_gaussian,continuous,kl_legacy_c2ef9a69,"edge_alpha=0.001, sibling_alpha=0.01, tree_builder=linkage, tree_distance_metric=euclidean, tree_distance_source=precomputed, tree_linkage_method=average, tree_rooting=linkage_root",4,160,160,72,1.0,0.0,0.4290957792512701,6.621226539271697e-15,1.0,1.0000000000000002,0.2731520951969643,0.4290957792512701,0.0,1.0,1.0,1.0,160.0,1.0,1.0,0.00625,159.99999999999994,5.075173815233827,0.0,0.0,,,,,,,,,156.0,1.0,0.0,0.0006778340029995888,0.0,0.0,0.0,0.0,0.0,0.0,0.0,0.0,0.0,0.0,0.0,0.0,0.0,0.0,0.0,0.0,ok,,160,gaussian,0.0,156,156,1.0,0.0,0.0,1.0,5.081404364984463,4.290459441148391,1.6094379124341003,40.0,18.0,2.2222222222222223,3.713572066704308,2.9444389791664403,1.1700712526502546,1.6094379124341003,0.09846698512483526,-0.14049797520764143,-0.8210875606126066,-0.3196421712667257,0.05253698788902148,-0.7510439768268703,0.5875752174334511,0.039479005472685375,0.0,,,,,,,,0.0,0.0,0.0,0.0,0.0
24,dim_consolidated_4c_72f_continuous,continuous_dimensional_gaussian_examples,dimensional_gaussian,continuous,kl_internal_filter_branch_length_v1,"edge_alpha=0.001, enforce_internal_support_thresholds=True, sibling_alpha=0.01, spectral_include_internal_barycenters=True, spectral_internal_distribution_mode=branch_length_state, spectral_mp_row_count_mode=leaf_effective_rows, tree_distance_metric=euclidean, tree_distance_source=precomputed, tree_linkage_method=average",4,1,160,72,1.0,0.0,0.0,0.0,0.25,0.0,1.0,0.0,0.4952605565436486,0.25,0.1,0.0,0.0,0.0,160.0,1.0,1.0,-0.0,0.0,0.0,,,,,,,,,3.0,0.0,1.0,0.0007402499977615662,0.007223917000374058,0.11153624999860767,0.06613512398689636,0.0007477990293409675,0.010870115027501015,0.0008384159991692286,0.028706916000373894,0.008643843018944608,0.013462589984555962,0.0020658390130847692,0.042572917001962196,0.041277790998719865,0.0,0.0,0.00011883299885084853,2.274999860674143e-05,ok,,160,gaussian,0.0,-3,3,0.0,1.0,0.0,1.0,5.081404364984463,4.290459441148391,1.6094379124341003,40.0,18.0,2.2222222222222223,3.713572066704308,2.9444389791664403,1.1700712526502546,1.6094379124341003,0.09846698512483526,-0.14049797520764143,-0.8210875606126066,-0.3196421712667257,0.05253698788902148,-0.7510439768268703,0.5875752174334511,0.039479005472685375,0.0,,,,,,,,0.0,0.0,0.0,0.0,0.0
25,dim_diffuse_6c_136f_continuous,continuous_dimensional_gaussian_examples,dimensional_gaussian,continuous,kl,"edge_alpha=0.001, sibling_alpha=0.01, tree_distance_metric=euclidean, tree_distance_source=precomputed, tree_linkage_method=average",6,1,180,136,1.0,0.0,0.0,0.0,0.16666666666666666,0.0,1.0,0.0,0.4025061157105039,0.16666666666666666,0.047619047619047616,0.0,0.0,0.0,180.0,1.0,1.0,-0.0,0.0,0.0,,,,,,,,,5.0,0.0,1.0,0.0008648330003779847,0.014366750001499895,0.2648881249988335,0.20965579897892894,0.00091141602024436,0.011380146974261152,0.0009312500005762558,0.037477750000107335,0.010487581996130757,0.02114840497961268,0.002696170031413203,0.11668383299911511,0.11279079200176056,0.00041583300117054023,0.0012200830024085008,0.0011749580007744953,2.433299960102886e-05,ok,,180,gaussian,0.0,-5,5,0.0,1.0,0.0,1.0,5.198497031265826,4.919980925828125,1.9459101490553132,30.0,22.666666666666668,1.3235294117647058,3.4339872044851463,3.164067588373206,0.84308732785086,1.9459101490553132,0.09846698512483526,0.013249786437151937,-0.3015884249437511,0.41156471554823,-0.3356083448034059,-0.552994444869761,0.04055623270983531,0.17776429566299634,0.0,,,,,,,,0.0,0.0,0.0,0.0,0.0
25,dim_diffuse_6c_136f_continuous,continuous_dimensional_gaussian_examples,dimensional_gaussian,continuous,kl_legacy_c2ef9a69,"edge_alpha=0.001, sibling_alpha=0.01, tree_builder=linkage, tree_distance_metric=euclidean, tree_distance_source=precomputed, tree_linkage_method=average, tree_rooting=linkage_root",6,180,180,136,1.0,0.0,0.5130514646864616,-1.3553009369869474e-13,1.0,0.9999999999999998,0.34503646394075055,0.5130514646864616,0.0,1.0,1.0,1.0,180.0,1.0,1.0,0.005555555555555556,180.00000000000034,5.192956850890212,0.0,0.0,,,,,,,,,174.0,1.0,0.0,0.0007886249986768235,0.0,0.0,0.0,0.0,0.0,0.0,0.0,0.0,0.0,0.0,0.0,0.0,0.0,0.0,0.0,0.0,ok,,180,gaussian,0.0,174,174,1.0,0.0,0.0,1.0,5.198497031265826,4.919980925828125,1.9459101490553132,30.0,22.666666666666668,1.3235294117647058,3.4339872044851463,3.164067588373206,0.84308732785086,1.9459101490553132,0.09846698512483526,0.013249786437151937,-0.3015884249437511,0.41156471554823,-0.3356083448034059,-0.552994444869761,0.04055623270983531,0.17776429566299634,0.0,,,,,,,,0.0,0.0,0.0,0.0,0.0
25,dim_diffuse_6c_136f_continuous,continuous_dimensional_gaussian_examples,dimensional_gaussian,continuous,kl_internal_filter_branch_length_v1,"edge_alpha=0.001, enforce_internal_support_thresholds=True, sibling_alpha=0.01, spectral_include_internal_barycenters=True, spectral_internal_distribution_mode=branch_length_state, spectral_mp_row_count_mode=leaf_effective_rows, tree_distance_metric=euclidean, tree_distance_source=precomputed, tree_linkage_method=average",6,1,180,136,1.0,0.0,0.0,0.0,0.16666666666666666,0.0,1.0,0.0,0.4025061157105039,0.16666666666666666,0.047619047619047616,0.0,0.0,0.0,180.0,1.0,1.0,-0.0,0.0,0.0,,,,,,,,,5.0,0.0,1.0,0.0008376670011784881,0.017118124997068662,0.2888072919995466,0.2132698809982685,0.0009974720051104669,0.012454459003492957,0.0010464170009072404,0.05580654200093704,0.017512189031549497,0.02975028999571805,0.002710047014261363,0.11577954199674423,0.11455558400120935,0.0,0.0,0.00011462500333436765,2.2667001758236438e-05,ok,,180,gaussian,0.0,-5,5,0.0,1.0,0.0,1.0,5.198497031265826,4.919980925828125,1.9459101490553132,30.0,22.666666666666668,1.3235294117647058,3.4339872044851463,3.164067588373206,0.84308732785086,1.9459101490553132,0.09846698512483526,0.013249786437151937,-0.3015884249437511,0.41156471554823,-0.3356083448034059,-0.552994444869761,0.04055623270983531,0.17776429566299634,0.0,,,,,,,,0.0,0.0,0.0,0.0,0.0
26,gauss_single_outlier_4c,gaussian_outlier_singleton,gaussian_outliers,median_binary,kl,"edge_alpha=0.001, sibling_alpha=0.01, tree_distance_metric=hamming, tree_distance_source=feature_metric, tree_linkage_method=average",5,5,161,40,0.006211180124223602,1.0,0.9999999999999999,0.9999999999999999,1.0,1.0,0.9999999999999999,0.9999999999999999,1.0,1.0,1.0,1.0,1.0,0.006211180124223602,40.0,0.2484472049689441,4.118286610464709,1.415437205616576,0.1937888198757764,0.0,0.6398313508004417,0.46019691340985436,272.67822109581306,1.0,1.0,1.0,1.0,,0.0,0.0,0.0,0.000667500000417931,0.0017727919985190965,0.039875874997960636,0.020366296030260855,0.0003787920068134554,0.005350367002392886,0.001468916998419445,0.007898833999206545,0.001827463012887165,0.0034132479631807655,0.0005648739861499052,0.03955320800014306,0.015510583001741907,0.0003356670022185426,0.016392749999795342,0.006243458999961149,4.045899913762696e-05,ok,,161,gaussian,1.0,0,0,0.0,0.0,0.0,0.006211180124223602,5.087596335232384,3.713572066704308,1.791759469228055,32.2,8.0,4.025,3.502549875922443,2.1972245773362196,1.6144254539451395,0.011128940802658726,-0.627594533032703,-0.13236764906491474,-1.2971515229957864,0.07657113679483718,-0.2404233598078653,-1.4248426367034994,1.3309456574302347,-0.6174031853888742,0.0,,,,,,,,0.0,0.0,0.0,0.0,0.0
26,gauss_single_outlier_4c,gaussian_outlier_singleton,gaussian_outliers,median_binary,kl_legacy_c2ef9a69,"edge_alpha=0.001, sibling_alpha=0.01, tree_builder=linkage, tree_distance_metric=hamming, tree_distance_source=feature_metric, tree_linkage_method=average, tree_rooting=linkage_root",5,5,161,40,0.006211180124223602,1.0,0.9999999999999999,0.9999999999999999,1.0,1.0,0.9999999999999999,0.9999999999999999,1.0,1.0,1.0,1.0,1.0,0.006211180124223602,40.0,0.2484472049689441,4.118286610464709,1.415437205616576,0.1937888198757764,0.0,0.6398313508004417,0.46019691340985436,272.67822109581306,1.0,1.0,1.0,1.0,,0.0,0.0,0.0,0.0007056659997033421,0.0,0.0,0.0,0.0,0.0,0.0,0.0,0.0,0.0,0.0,0.0,0.0,0.0,0.0,0.0,0.0,ok,,161,gaussian,1.0,0,0,0.0,0.0,0.0,0.006211180124223602,5.087596335232384,3.713572066704308,1.791759469228055,32.2,8.0,4.025,3.502549875922443,2.1972245773362196,1.6144254539451395,0.011128940802658726,-0.627594533032703,-0.13236764906491474,-1.2971515229957864,0.07657113679483718,-0.2404233598078653,-1.4248426367034994,1.3309456574302347,-0.6174031853888742,0.0,,,,,,,,0.0,0.0,0.0,0.0,0.0
26,gauss_single_outlier_4c,gaussian_outlier_singleton,gaussian_outliers,median_binary,kl_internal_filter_branch_length_v1,"edge_alpha=0.001, enforce_internal_support_thresholds=True, sibling_alpha=0.01, spectral_include_internal_barycenters=True, spectral_internal_distribution_mode=branch_length_state, spectral_mp_row_count_mode=leaf_effective_rows, tree_distance_metric=hamming, tree_distance_source=feature_metric, tree_linkage_method=average",5,5,161,40,0.006211180124223602,1.0,0.9999999999999999,0.9999999999999999,1.0,1.0,0.9999999999999999,0.9999999999999999,1.0,1.0,1.0,1.0,1.0,0.006211180124223602,40.0,0.2484472049689441,4.118286610464709,1.415437205616576,0.1937888198757764,0.0,0.6398313508004417,0.46019691340985436,272.67822109581306,1.0,1.0,1.0,1.0,,0.0,0.0,0.0,0.0007079169990902301,0.0017082499980460852,0.04189470799974515,0.019621907969849417,0.00033596701905480586,0.005052411957876757,0.0013474579973262735,0.011472541998955421,0.0030298370038508438,0.0038580740147153847,0.0005776710240752436,0.0330836659995839,0.015258750001521548,0.00033512500158394687,0.01102391600215924,0.005462375000206521,2.858299922081642e-05,ok,,161,gaussian,1.0,0,0,0.0,0.0,0.0,0.006211180124223602,5.087596335232384,3.713572066704308,1.791759469228055,32.2,8.0,4.025,3.502549875922443,2.1972245773362196,1.6144254539451395,0.011128940802658726,-0.627594533032703,-0.13236764906491474,-1.2971515229957864,0.07657113679483718,-0.2404233598078653,-1.4248426367034994,1.3309456574302347,-0.6174031853888742,0.0,,,,,,,,0.0,0.0,0.0,0.0,0.0
27,gauss_outlier_cluster_4c,gaussian_outlier_contamination,gaussian_outliers,median_binary,kl,"edge_alpha=0.001, sibling_alpha=0.01, tree_distance_metric=hamming, tree_distance_source=feature_metric, tree_linkage_method=average",5,7,166,40,0.03614457831325301,0.9763273135703379,0.9752562752331722,0.974011713411116,1.0,1.0,0.9517074871135063,0.9752562752331722,0.9818122747769613,1.0,1.0,1.0,1.0,0.006024096385542169,37.0,0.24096385542168675,4.7940292218630765,1.5673712315011403,0.39070567986230637,0.0,0.5213670204554726,0.7497756556416492,148.9552894242059,1.0,1.0,1.0,,1.0,2.0,1.0,0.0,0.0006912499993632082,0.0017081670011975802,0.04178137499911827,0.020644003958295798,0.00041416702151764184,0.006278031018155161,0.0015772080005262978,0.008871417001500959,0.0018394560138403904,0.003946581986383535,0.0006623390036111232,0.04574124999999185,0.016991833999782102,0.00035295899942866527,0.020536625001113862,0.006791707997763297,3.51249982486479e-05,ok,,166,gaussian,0.0,2,2,1.0,0.0,0.0,0.03614457831325301,5.117993812416755,3.713572066704308,1.791759469228055,33.2,8.0,4.15,3.5322256440685598,2.1972245773362196,1.6389967146756448,0.06476239045402608,-0.6057252101966325,-0.09245443993603779,-1.2971515229957864,0.07657113679483718,-0.19922473836408838,-1.4248426367034994,1.372051488875699,-0.5953606025492796,0.0,,,,,,,,0.0,0.0,0.0,0.0,0.0
27,gauss_outlier_cluster_4c,gaussian_outlier_contamination,gaussian_outliers,median_binary,kl_legacy_c2ef9a69,"edge_alpha=0.001, sibling_alpha=0.01, tree_builder=linkage, tree_distance_metric=hamming, tree_distance_source=feature_metric, tree_linkage_method=average, tree_rooting=linkage_root",5,7,166,40,0.03614457831325301,0.9763273135703379,0.9752562752331722,0.974011713411116,1.0,1.0,0.9517074871135063,0.9752562752331722,0.9818122747769613,1.0,1.0,1.0,1.0,0.006024096385542169,37.0,0.24096385542168675,4.7940292218630765,1.5673712315011403,0.39070567986230637,0.0,0.5213670204554726,0.7497756556416492,148.9552894242059,1.0,1.0,1.0,,1.0,2.0,1.0,0.0,0.0007120840018615127,0.0,0.0,0.0,0.0,0.0,0.0,0.0,0.0,0.0,0.0,0.0,0.0,0.0,0.0,0.0,0.0,ok,,166,gaussian,0.0,2,2,1.0,0.0,0.0,0.03614457831325301,5.117993812416755,3.713572066704308,1.791759469228055,33.2,8.0,4.15,3.5322256440685598,2.1972245773362196,1.6389967146756448,0.06476239045402608,-0.6057252101966325,-0.09245443993603779,-1.2971515229957864,0.07657113679483718,-0.19922473836408838,-1.4248426367034994,1.372051488875699,-0.5953606025492796,0.0,,,,,,,,0.0,0.0,0.0,0.0,0.0
27,gauss_outlier_cluster_4c,gaussian_outlier_contamination,gaussian_outliers,median_binary,kl_internal_filter_branch_length_v1,"edge_alpha=0.001, enforce_internal_support_thresholds=True, sibling_alpha=0.01, spectral_include_internal_barycenters=True, spectral_internal_distribution_mode=branch_length_state, spectral_mp_row_count_mode=leaf_effective_rows, tree_distance_metric=hamming, tree_distance_source=feature_metric, tree_linkage_method=average",5,5,166,40,0.03614457831325301,1.0,1.0,1.0,1.0,1.0,1.0,1.0,1.0,1.0,1.0,1.0,0.0,0.0,40.0,0.24096385542168675,4.444551376078503,1.4916789361059521,0.163855421686747,0.0,0.6116841632585022,0.7409412405509653,216.57436977481663,1.0,1.0,1.0,,1.0,0.0,0.0,0.0,0.0007097919988154899,0.0018836669987649657,0.0424473749990284,0.019652240011055255,0.00036287796683609486,0.005588862015429186,0.0012377909988572355,0.011861624996527098,0.003069064001465449,0.0041118670378637034,0.0006594519727514125,0.03565112499927636,0.01620441699924413,0.00031849999868427403,0.012925916998938192,0.005341916999896057,2.8875001589767635e-05,ok,,166,gaussian,1.0,0,0,0.0,0.0,0.0,0.03614457831325301,5.117993812416755,3.713572066704308,1.791759469228055,33.2,8.0,4.15,3.5322256440685598,2.1972245773362196,1.6389967146756448,0.06476239045402608,-0.6057252101966325,-0.09245443993603779,-1.2971515229957864,0.07657113679483718,-0.19922473836408838,-1.4248426367034994,1.372051488875699,-0.5953606025492796,0.0,,,,,,,,0.0,0.0,0.0,0.0,0.0
28,gauss_outlier_shell_4c,gaussian_outlier_contamination,gaussian_outliers,median_binary,kl,"edge_alpha=0.001, sibling_alpha=0.01, tree_distance_metric=hamming, tree_distance_source=feature_metric, tree_linkage_method=average",5,12,172,40,0.06976744186046512,0.9874909060017671,0.956258288684052,0.9527453418001948,1.0,1.0000000000000002,0.9161828815659795,0.956258288684052,0.9902221275531031,1.0,1.0,1.0,4.0,0.023255813953488372,2.0,0.23255813953488372,5.385656962625654,1.6837393017977005,0.6046511627906976,0.0,0.5157077754158736,0.8198195522419963,82.7542316701286,1.0,1.0,1.0,,0.0,7.0,1.0,0.0,0.0007379170019703452,0.0017917910008691251,0.041655625002022134,0.020711045985081,0.00040313798672286794,0.006033746001776308,0.0012594580002769362,0.009062416000233497,0.00186192599721835,0.0041394919717276935,0.0006833069965068717,0.04494562499894528,0.016812583002320025,0.000369167002645554,0.0197671670030104,0.007011084002442658,4.149999949731864e-05,ok,,172,gaussian,0.0,7,7,1.0,0.0,0.0,0.06976744186046512,5.153291594497779,3.713572066704308,1.791759469228055,34.4,8.0,4.3,3.5667118201397288,2.1972245773362196,1.667706820558076,0.12500647459730616,-0.5811603661737906,-0.046106917428158097,-1.2971515229957864,0.07657113679483718,-0.15134786771312753,-1.4248426367034994,1.4200812902818387,-0.5706011432201535,0.0,,,,,,,,0.0,0.0,0.0,0.0,0.0
28,gauss_outlier_shell_4c,gaussian_outlier_contamination,gaussian_outliers,median_binary,kl_legacy_c2ef9a69,"edge_alpha=0.001, sibling_alpha=0.01, tree_builder=linkage, tree_distance_metric=hamming, tree_distance_source=feature_metric, tree_linkage_method=average, tree_rooting=linkage_root",5,13,172,40,0.06976744186046512,0.9795310068645061,0.9482674833052568,0.9438127094173152,1.0,1.0000000000000002,0.9016241946054459,0.9482674833052568,0.984021751427202,1.0,1.0,1.0,5.0,0.029069767441860465,2.0,0.23255813953488372,5.534088875465763,1.71092694113201,0.6270125223613596,0.0,0.4435520808896821,0.8085788331458112,76.40788557853803,1.0,1.0,1.0,,0.0,8.0,1.0,0.0,0.0007891249988460913,0.0,0.0,0.0,0.0,0.0,0.0,0.0,0.0,0.0,0.0,0.0,0.0,0.0,0.0,0.0,0.0,ok,,172,gaussian,0.0,8,8,1.0,0.0,0.0,0.06976744186046512,5.153291594497779,3.713572066704308,1.791759469228055,34.4,8.0,4.3,3.5667118201397288,2.1972245773362196,1.667706820558076,0.12500647459730616,-0.5811603661737906,-0.046106917428158097,-1.2971515229957864,0.07657113679483718,-0.15134786771312753,-1.4248426367034994,1.4200812902818387,-0.5706011432201535,0.0,,,,,,,,0.0,0.0,0.0,0.0,0.0
28,gauss_outlier_shell_4c,gaussian_outlier_contamination,gaussian_outliers,median_binary,kl_internal_filter_branch_length_v1,"edge_alpha=0.001, enforce_internal_support_thresholds=True, sibling_alpha=0.01, spectral_include_internal_barycenters=True, spectral_internal_distribution_mode=branch_length_state, spectral_mp_row_count_mode=leaf_effective_rows, tree_distance_metric=hamming, tree_distance_source=feature_metric, tree_linkage_method=average",5,12,172,40,0.06976744186046512,0.9874909060017671,0.956258288684052,0.9527453418001948,1.0,1.0000000000000002,0.9161828815659795,0.956258288684052,0.9902221275531031,1.0,1.0,1.0,4.0,0.023255813953488372,2.0,0.23255813953488372,5.385656962625654,1.6837393017977005,0.6046511627906976,0.0,0.5157077754158736,0.8198195522419963,82.7542316701286,1.0,1.0,1.0,,0.0,7.0,1.0,0.0,0.0007610419997945428,0.0018011250031122472,0.04541474999859929,0.02103170702321222,0.00040091500704875216,0.0063970600022003055,0.0010962920023303013,0.012304583997320151,0.0030857459896651562,0.0044536259993037675,0.0006734620001225267,0.03830187499988824,0.017709959000058006,0.00039879199903225526,0.013940834000095492,0.005073374999483349,4.308400093577802e-05,ok,,172,gaussian,0.0,7,7,1.0,0.0,0.0,0.06976744186046512,5.153291594497779,3.713572066704308,1.791759469228055,34.4,8.0,4.3,3.5667118201397288,2.1972245773362196,1.667706820558076,0.12500647459730616,-0.5811603661737906,-0.046106917428158097,-1.2971515229957864,0.07657113679483718,-0.15134786771312753,-1.4248426367034994,1.4200812902818387,-0.5706011432201535,0.0,,,,,,,,0.0,0.0,0.0,0.0,0.0
29,gauss_single_outlier_4c_continuous,continuous_gaussian_outlier_examples,gaussian_outliers,continuous,kl,"edge_alpha=0.001, sibling_alpha=0.01, tree_distance_metric=euclidean, tree_distance_source=precomputed, tree_linkage_method=average",5,5,161,40,0.006211180124223602,1.0,1.0000000000000002,1.0000000000000002,1.0,1.0,1.0000000000000002,1.0000000000000002,1.0,1.0,1.0,1.0,1.0,0.006211180124223602,40.0,0.2484472049689441,4.118286610464709,1.415437205616576,0.1937888198757764,0.0,0.8265587076517094,0.17111830573054862,2328.3944272449894,1.0,1.0,1.0,1.0,,0.0,0.0,0.0,0.0007161670000641607,0.004761916999996174,0.06598174999817275,0.032301376977557084,0.0007268200024554972,0.010603570983221289,0.0009245830005966127,0.017024707998643862,0.0037148300143599045,0.008824289965559728,0.0019187130237696692,0.03138908300024923,0.023488832997827558,0.0004077499979757704,0.004237166998791508,0.002128708998498041,2.679199678823352e-05,ok,,161,gaussian,1.0,0,0,0.0,0.0,0.0,0.006211180124223602,5.087596335232384,3.713572066704308,1.791759469228055,32.2,8.0,4.025,3.502549875922443,2.1972245773362196,1.6144254539451395,0.011128940802658726,-0.627594533032703,-0.13236764906491474,-1.2971515229957864,0.07657113679483718,-0.2404233598078653,-1.4248426367034994,1.3309456574302347,-0.6174031853888742,0.0,,,,,,,,0.0,0.0,0.0,0.0,0.0
29,gauss_single_outlier_4c_continuous,continuous_gaussian_outlier_examples,gaussian_outliers,continuous,kl_legacy_c2ef9a69,"edge_alpha=0.001, sibling_alpha=0.01, tree_builder=linkage, tree_distance_metric=euclidean, tree_distance_source=precomputed, tree_linkage_method=average, tree_rooting=linkage_root",5,161,161,40,0.006211180124223602,0.0,0.43573086714060993,-5.463339548216894e-14,1.0,1.0000000000000002,0.278552365438625,0.4357308671406099,0.0,1.0,1.0,1.0,161.0,1.0,1.0,0.006211180124223602,161.00000000000003,5.081404364984463,0.0,0.0,,,,1.0,1.0,1.0,1.0,,156.0,1.0,0.0,0.0007203749992186204,0.0,0.0,0.0,0.0,0.0,0.0,0.0,0.0,0.0,0.0,0.0,0.0,0.0,0.0,0.0,0.0,ok,,161,gaussian,0.0,156,156,1.0,0.0,0.0,0.006211180124223602,5.087596335232384,3.713572066704308,1.791759469228055,32.2,8.0,4.025,3.502549875922443,2.1972245773362196,1.6144254539451395,0.011128940802658726,-0.627594533032703,-0.13236764906491474,-1.2971515229957864,0.07657113679483718,-0.2404233598078653,-1.4248426367034994,1.3309456574302347,-0.6174031853888742,0.0,,,,,,,,0.0,0.0,0.0,0.0,0.0
29,gauss_single_outlier_4c_continuous,continuous_gaussian_outlier_examples,gaussian_outliers,continuous,kl_internal_filter_branch_length_v1,"edge_alpha=0.001, enforce_internal_support_thresholds=True, sibling_alpha=0.01, spectral_include_internal_barycenters=True, spectral_internal_distribution_mode=branch_length_state, spectral_mp_row_count_mode=leaf_effective_rows, tree_distance_metric=euclidean, tree_distance_source=precomputed, tree_linkage_method=average",5,4,161,40,0.006211180124223602,0.9915772953178132,0.9895774896498216,0.9892915798516659,0.9937888198757764,0.9793699957326439,1.0000000000000002,0.9895774896498217,0.99365072945774,0.8,0.7975308641975308,0.0,0.0,0.0,40.0,0.2546583850931677,3.9997694822611214,1.3862367300245313,0.004658385093167702,0.0,0.8615974603175637,0.18963611399588082,2287.982095509144,0.0,0.0,0.0,0.0,,1.0,0.0,1.0,0.000739792001695605,0.00425179200101411,0.07174720800321666,0.03192937298808829,0.0007547509485448245,0.010159702997043496,0.0009118329980992712,0.024087333000352373,0.006158997988677584,0.011764736009354237,0.001778878016921226,0.03071799999815994,0.024310791999596404,0.00038591599877690896,0.0031000839990156237,0.0018980830027430784,2.662499900907278e-05,ok,,161,gaussian,0.0,-1,1,0.0,1.0,0.0,0.006211180124223602,5.087596335232384,3.713572066704308,1.791759469228055,32.2,8.0,4.025,3.502549875922443,2.1972245773362196,1.6144254539451395,0.011128940802658726,-0.627594533032703,-0.13236764906491474,-1.2971515229957864,0.07657113679483718,-0.2404233598078653,-1.4248426367034994,1.3309456574302347,-0.6174031853888742,0.0,,,,,,,,0.0,0.0,0.0,0.0,0.0
30,gauss_outlier_cluster_4c_continuous,continuous_gaussian_outlier_examples,gaussian_outliers,continuous,kl,"edge_alpha=0.001, sibling_alpha=0.01, tree_distance_metric=euclidean, tree_distance_source=precomputed, tree_linkage_method=average",5,5,166,40,0.03614457831325301,1.0,1.0,1.0,1.0,1.0,1.0,1.0,1.0,1.0,1.0,1.0,0.0,0.0,40.0,0.24096385542168675,4.444551376078503,1.4916789361059521,0.163855421686747,0.0,0.8004840418735629,0.20417646042596965,1668.9354037148585,1.0,1.0,1.0,,1.0,0.0,0.0,0.0,0.0008555829990655184,0.004083708001417108,0.06595525000011548,0.03198950101068476,0.0006803329633839894,0.00995368899020832,0.0010495839997020084,0.018382125002972316,0.003948788023990346,0.009356288981507532,0.0020467499816732015,0.03341841599831241,0.025360334002471063,0.0004292499979783315,0.004159874999459134,0.002357417000894202,3.3959000575123355e-05,ok,,166,gaussian,1.0,0,0,0.0,0.0,0.0,0.03614457831325301,5.117993812416755,3.713572066704308,1.791759469228055,33.2,8.0,4.15,3.5322256440685598,2.1972245773362196,1.6389967146756448,0.06476239045402608,-0.6057252101966325,-0.09245443993603779,-1.2971515229957864,0.07657113679483718,-0.19922473836408838,-1.4248426367034994,1.372051488875699,-0.5953606025492796,0.0,,,,,,,,0.0,0.0,0.0,0.0,0.0
30,gauss_outlier_cluster_4c_continuous,continuous_gaussian_outlier_examples,gaussian_outliers,continuous,kl_legacy_c2ef9a69,"edge_alpha=0.001, sibling_alpha=0.01, tree_builder=linkage, tree_distance_metric=euclidean, tree_distance_source=precomputed, tree_linkage_method=average, tree_rooting=linkage_root",5,166,166,40,0.03614457831325301,0.0,0.4517729311142267,9.494357041119208e-14,1.0,1.0000000000000002,0.29180017595181185,0.4517729311142266,0.0,1.0,1.0,1.0,166.0,1.0,1.0,0.006024096385542169,166.00000000000006,5.111987788356544,0.0,0.0,,,,1.0,1.0,1.0,,0.0,161.0,1.0,0.0,0.0007137499997043051,0.0,0.0,0.0,0.0,0.0,0.0,0.0,0.0,0.0,0.0,0.0,0.0,0.0,0.0,0.0,0.0,ok,,166,gaussian,0.0,161,161,1.0,0.0,0.0,0.03614457831325301,5.117993812416755,3.713572066704308,1.791759469228055,33.2,8.0,4.15,3.5322256440685598,2.1972245773362196,1.6389967146756448,0.06476239045402608,-0.6057252101966325,-0.09245443993603779,-1.2971515229957864,0.07657113679483718,-0.19922473836408838,-1.4248426367034994,1.372051488875699,-0.5953606025492796,0.0,,,,,,,,0.0,0.0,0.0,0.0,0.0
30,gauss_outlier_cluster_4c_continuous,continuous_gaussian_outlier_examples,gaussian_outliers,continuous,kl_internal_filter_branch_length_v1,"edge_alpha=0.001, enforce_internal_support_thresholds=True, sibling_alpha=0.01, spectral_include_internal_barycenters=True, spectral_internal_distribution_mode=branch_length_state, spectral_mp_row_count_mode=leaf_effective_rows, tree_distance_metric=euclidean, tree_distance_source=precomputed, tree_linkage_method=average",5,5,166,40,0.03614457831325301,1.0,1.0,1.0,1.0,1.0,1.0,1.0,1.0,1.0,1.0,1.0,0.0,0.0,40.0,0.24096385542168675,4.444551376078503,1.4916789361059521,0.163855421686747,0.0,0.8004840418735629,0.20417646042596965,1668.9354037148585,1.0,1.0,1.0,,1.0,0.0,0.0,0.0,0.0007671250023122411,0.004377042001578957,0.07340129099975456,0.03275116097938735,0.0007460329579771496,0.010686486948543461,0.0009866660002444405,0.023753749999741558,0.005877466948732035,0.011553966007340932,0.0018176250086980872,0.033726542002114,0.025557541001035133,0.00041333300032420084,0.004182583001238527,0.002294540998263983,2.7499998395796865e-05,ok,,166,gaussian,1.0,0,0,0.0,0.0,0.0,0.03614457831325301,5.117993812416755,3.713572066704308,1.791759469228055,33.2,8.0,4.15,3.5322256440685598,2.1972245773362196,1.6389967146756448,0.06476239045402608,-0.6057252101966325,-0.09245443993603779,-1.2971515229957864,0.07657113679483718,-0.19922473836408838,-1.4248426367034994,1.372051488875699,-0.5953606025492796,0.0,,,,,,,,0.0,0.0,0.0,0.0,0.0
31,binary_balanced_low_noise,binary_balanced_low_noise,binary_template,binary,kl,"edge_alpha=0.001, sibling_alpha=0.01, tree_distance_metric=hamming, tree_distance_source=feature_metric, tree_linkage_method=average",4,4,72,72,0.25,0.9624242057671661,0.9610177761184958,0.9590369105179047,0.9861111111111112,0.9607501893787048,0.961285511955549,0.9610177761184957,0.9714288951033926,0.9861111111111112,0.9861003861003861,0.9444444444444444,0.0,0.0,18.0,0.2638888888888889,3.99691318228767,1.3855223587746668,0.020833333333333332,0.0,0.12273061415013468,2.235741315775768,7.561809451772168,,,,,,0.0,0.0,0.0,0.0003266670028096996,0.0011178749991813675,0.026465167000424117,0.013392285010922933,0.0002400439880148042,0.003589908992580604,0.0008573330014769454,0.006311625002126675,0.0011500009932206012,0.003041244999621995,0.0008555390122637618,0.0366787499988277,0.009940166997694178,0.00024516699704690836,0.015705833000538405,0.009847834000538569,2.0375002350192517e-05,ok,,72,binary,1.0,0,0,0.0,0.0,0.0,0.25,4.290459441148391,4.290459441148391,1.6094379124341003,18.0,18.0,1.0,2.9444389791664403,2.9444389791664403,0.6931471805599453,0.40235947810852507,-0.44948256685968185,-1.1790430479784635,-0.8210875606126066,-0.3196421712667257,-1.0152440635511772,-0.7510439768268703,-0.21028211413154274,-0.45661301462789616,0.0,,,,,,,,0.0,0.0,0.0,0.0,0.0
31,binary_balanced_low_noise,binary_balanced_low_noise,binary_template,binary,kl_legacy_c2ef9a69,"edge_alpha=0.001, sibling_alpha=0.01, tree_builder=linkage, tree_distance_metric=hamming, tree_distance_source=feature_metric, tree_linkage_method=average, tree_rooting=linkage_root",4,4,72,72,0.25,0.9624242057671661,0.9610177761184958,0.9590369105179047,0.9861111111111112,0.9607501893787048,0.961285511955549,0.9610177761184957,0.9714288951033926,0.9861111111111112,0.9861003861003861,0.9444444444444444,0.0,0.0,18.0,0.2638888888888889,3.99691318228767,1.3855223587746668,0.020833333333333332,0.0,0.12273061415013468,2.235741315775768,7.561809451772168,,,,,,0.0,0.0,0.0,0.00033070800054701976,0.0,0.0,0.0,0.0,0.0,0.0,0.0,0.0,0.0,0.0,0.0,0.0,0.0,0.0,0.0,0.0,ok,,72,binary,1.0,0,0,0.0,0.0,0.0,0.25,4.290459441148391,4.290459441148391,1.6094379124341003,18.0,18.0,1.0,2.9444389791664403,2.9444389791664403,0.6931471805599453,0.40235947810852507,-0.44948256685968185,-1.1790430479784635,-0.8210875606126066,-0.3196421712667257,-1.0152440635511772,-0.7510439768268703,-0.21028211413154274,-0.45661301462789616,0.0,,,,,,,,0.0,0.0,0.0,0.0,0.0
31,binary_balanced_low_noise,binary_balanced_low_noise,binary_template,binary,kl_internal_filter_branch_length_v1,"edge_alpha=0.001, enforce_internal_support_thresholds=True, sibling_alpha=0.01, spectral_include_internal_barycenters=True, spectral_internal_distribution_mode=branch_length_state, spectral_mp_row_count_mode=leaf_effective_rows, tree_distance_metric=hamming, tree_distance_source=feature_metric, tree_linkage_method=average",4,4,72,72,0.25,0.9624242057671661,0.9610177761184958,0.9590369105179047,0.9861111111111112,0.9607501893787048,0.961285511955549,0.9610177761184957,0.9714288951033926,0.9861111111111112,0.9861003861003861,0.9444444444444444,0.0,0.0,18.0,0.2638888888888889,3.99691318228767,1.3855223587746668,0.020833333333333332,0.0,0.12273061415013468,2.235741315775768,7.561809451772168,,,,,,0.0,0.0,0.0,0.0003178330007358454,0.0012145000000600703,0.028636041999561712,0.013302000996191055,0.00022378699577529915,0.0035476579978421796,0.00039504100277554244,0.008962542000517715,0.0019825420167762786,0.003906999998434912,0.0009364540164824575,0.01435016699906555,0.009792500000912696,0.00028666599973803386,0.0016338750028808136,0.001814833998651011,1.8291000742465258e-05,ok,,72,binary,1.0,0,0,0.0,0.0,0.0,0.25,4.290459441148391,4.290459441148391,1.6094379124341003,18.0,18.0,1.0,2.9444389791664403,2.9444389791664403,0.6931471805599453,0.40235947810852507,-0.44948256685968185,-1.1790430479784635,-0.8210875606126066,-0.3196421712667257,-1.0152440635511772,-0.7510439768268703,-0.21028211413154274,-0.45661301462789616,0.0,,,,,,,,0.0,0.0,0.0,0.0,0.0
32,binary_balanced_low_noise__2,binary_balanced_low_noise,binary_template,binary,kl_legacy_c2ef9a69,"edge_alpha=0.001, sibling_alpha=0.01, tree_builder=linkage, tree_distance_metric=hamming, tree_distance_source=feature_metric, tree_linkage_method=average, tree_rooting=linkage_root",4,4,72,120,0.25,1.0,1.0,1.0,1.0,1.0,1.0,1.0,1.0,1.0,1.0,1.0,0.0,0.0,18.0,0.25,4.0,1.3862943611198906,0.0,0.0,0.11462310945037395,2.272888608154479,6.80300317505789,,,,,,0.0,0.0,0.0,0.0003367079989402555,0.0,0.0,0.0,0.0,0.0,0.0,0.0,0.0,0.0,0.0,0.0,0.0,0.0,0.0,0.0,0.0,ok,,72,binary,1.0,0,0,0.0,0.0,0.0,0.25,4.290459441148391,4.795790545596741,1.6094379124341003,18.0,30.0,0.6,2.9444389791664403,3.4339872044851463,0.4700036292457355,0.40235947810852507,-0.44948256685968185,-1.1790430479784635,-0.4040738789889184,-0.3196421712667257,-1.0152440635511772,-0.3095951271302138,-0.5835841318451276,-0.45661301462789616,0.0,,,,,,,,0.0,0.0,0.0,0.0,0.0
32,binary_balanced_low_noise__2,binary_balanced_low_noise,binary_template,binary,kl_internal_filter_branch_length_v1,"edge_alpha=0.001, enforce_internal_support_thresholds=True, sibling_alpha=0.01, spectral_include_internal_barycenters=True, spectral_internal_distribution_mode=branch_length_state, spectral_mp_row_count_mode=leaf_effective_rows, tree_distance_metric=hamming, tree_distance_source=feature_metric, tree_linkage_method=average",4,4,72,120,0.25,1.0,1.0,1.0,1.0,1.0,1.0,1.0,1.0,1.0,1.0,1.0,0.0,0.0,18.0,0.25,4.0,1.3862943611198906,0.0,0.0,0.11462310945037395,2.272888608154479,6.80300317505789,,,,,,0.0,0.0,0.0,0.0003275419985584449,0.001415915998222772,0.03774404199793935,0.020435709007870173,0.00026958399757859297,0.0039037829883454833,0.0005046250007580966,0.010399417002190603,0.002855091013771016,0.004187791990261758,0.0009680420080258045,0.024634499997773673,0.013471000002027722,0.0002549170021666214,0.006103624997194856,0.0039299590025621,1.9750001229112968e-05,ok,,72,binary,1.0,0,0,0.0,0.0,0.0,0.25,4.290459441148391,4.795790545596741,1.6094379124341003,18.0,30.0,0.6,2.9444389791664403,3.4339872044851463,0.4700036292457355,0.40235947810852507,-0.44948256685968185,-1.1790430479784635,-0.4040738789889184,-0.3196421712667257,-1.0152440635511772,-0.3095951271302138,-0.5835841318451276,-0.45661301462789616,0.0,,,,,,,,0.0,0.0,0.0,0.0,0.0
33,sparse_features_72x72,binary_sparse_features,binary_template,binary,kl,"edge_alpha=0.001, sibling_alpha=0.01, tree_distance_metric=hamming, tree_distance_source=feature_metric, tree_linkage_method=average",4,4,72,72,0.1,1.0,1.0,1.0,1.0,1.0,1.0,1.0,1.0,1.0,1.0,1.0,0.0,0.0,18.0,0.25,4.0,1.3862943611198906,0.0,0.0,0.4096986872616861,0.9740137258772337,37.15391522988505,,,,,,0.0,0.0,0.0,0.00035762499828706495,0.0011276250006631017,0.02708925000115414,0.01333988000988029,0.00022391801758203655,0.003478488008113345,0.0011240829990128987,0.00671745900035603,0.0012028309974994045,0.003378451001481153,0.0008603349997429177,0.03866116700010025,0.010598791999655077,0.00023520899776485749,0.015174249998381129,0.01138537500082748,2.099999983329326e-05,ok,,72,binary,1.0,0,0,0.0,0.0,0.0,0.1,4.290459441148391,4.290459441148391,1.6094379124341003,18.0,18.0,1.0,2.9444389791664403,2.9444389791664403,0.6931471805599453,0.16094379124341004,-0.5590724772565853,-1.1790430479784635,-0.8210875606126066,-0.3196421712667257,-1.0152440635511772,-0.7510439768268703,-0.21028211413154274,-0.5558314186480126,0.0,,,,,,,,0.0,0.0,0.0,0.0,0.0
33,sparse_features_72x72,binary_sparse_features,binary_template,binary,kl_legacy_c2ef9a69,"edge_alpha=0.001, sibling_alpha=0.01, tree_builder=linkage, tree_distance_metric=hamming, tree_distance_source=feature_metric, tree_linkage_method=average, tree_rooting=linkage_root",4,4,72,72,0.1,1.0,1.0,1.0,1.0,1.0,1.0,1.0,1.0,1.0,1.0,1.0,0.0,0.0,18.0,0.25,4.0,1.3862943611198906,0.0,0.0,0.4096986872616861,0.9740137258772337,37.15391522988505,,,,,,0.0,0.0,0.0,0.0003149170006508939,0.0,0.0,0.0,0.0,0.0,0.0,0.0,0.0,0.0,0.0,0.0,0.0,0.0,0.0,0.0,0.0,ok,,72,binary,1.0,0,0,0.0,0.0,0.0,0.1,4.290459441148391,4.290459441148391,1.6094379124341003,18.0,18.0,1.0,2.9444389791664403,2.9444389791664403,0.6931471805599453,0.16094379124341004,-0.5590724772565853,-1.1790430479784635,-0.8210875606126066,-0.3196421712667257,-1.0152440635511772,-0.7510439768268703,-0.21028211413154274,-0.5558314186480126,0.0,,,,,,,,0.0,0.0,0.0,0.0,0.0
33,sparse_features_72x72,binary_sparse_features,binary_template,binary,kl_internal_filter_branch_length_v1,"edge_alpha=0.001, enforce_internal_support_thresholds=True, sibling_alpha=0.01, spectral_include_internal_barycenters=True, spectral_internal_distribution_mode=branch_length_state, spectral_mp_row_count_mode=leaf_effective_rows, tree_distance_metric=hamming, tree_distance_source=feature_metric, tree_linkage_method=average",4,4,72,72,0.1,1.0,1.0,1.0,1.0,1.0,1.0,1.0,1.0,1.0,1.0,1.0,0.0,0.0,18.0,0.25,4.0,1.3862943611198906,0.0,0.0,0.4096986872616861,0.9740137258772337,37.15391522988505,,,,,,0.0,0.0,0.0,0.0003176669997628778,0.0012540839998109732,0.02870541599986609,0.01324767000915017,0.00021471501895575784,0.0034327499961364083,0.0007429159995808732,0.008955458000855288,0.002024585999606643,0.003968204990087543,0.0009143350252998061,0.030604416999267414,0.009818333997827722,0.00024162499903468415,0.012529415998869808,0.007198582999990322,1.82919975486584e-05,ok,,72,binary,1.0,0,0,0.0,0.0,0.0,0.1,4.290459441148391,4.290459441148391,1.6094379124341003,18.0,18.0,1.0,2.9444389791664403,2.9444389791664403,0.6931471805599453,0.16094379124341004,-0.5590724772565853,-1.1790430479784635,-0.8210875606126066,-0.3196421712667257,-1.0152440635511772,-0.7510439768268703,-0.21028211413154274,-0.5558314186480126,0.0,,,,,,,,0.0,0.0,0.0,0.0,0.0
34,sparse_features_100x500,binary_sparse_features,binary_template,binary,kl,"edge_alpha=0.001, sibling_alpha=0.01, tree_distance_metric=hamming, tree_distance_source=feature_metric, tree_linkage_method=average",4,4,100,500,0.1,1.0,1.0,1.0,1.0,1.0,1.0,1.0,1.0,1.0,1.0,1.0,0.0,0.0,25.0,0.25,4.0,1.3862943611198906,0.0,0.0,0.38849238622362386,1.0547869806025199,44.16072571648042,,,,,,0.0,0.0,0.0,0.0004643339998438023,0.005611417000181973,0.14286579200052074,0.10946088004857302,0.0004963340288668405,0.0058441900146135595,0.0015423749973706435,0.022764749999623746,0.009224198031006381,0.007727659980446333,0.0024127939832396805,0.09858716699818615,0.059164374997635605,0.0002814170002238825,0.023010624998278217,0.015113166999071836,2.1500000002561137e-05,ok,,100,binary,1.0,0,0,0.0,0.0,0.0,0.1,4.61512051684126,6.2166061010848646,1.6094379124341003,25.0,125.0,0.2,3.258096538021482,4.836281906951478,0.18232155679395465,0.16094379124341004,-0.5590724772565853,-0.752748940360946,0.7684237576826176,-0.3196421712667257,-0.5797958902596944,0.954920504473738,-1.0648541370672626,-0.5558314186480126,0.0,,,,,,,,0.0,0.0,0.0,0.0,0.0
34,sparse_features_100x500,binary_sparse_features,binary_template,binary,kl_legacy_c2ef9a69,"edge_alpha=0.001, sibling_alpha=0.01, tree_builder=linkage, tree_distance_metric=hamming, tree_distance_source=feature_metric, tree_linkage_method=average, tree_rooting=linkage_root",4,4,100,500,0.1,1.0,1.0,1.0,1.0,1.0,1.0,1.0,1.0,1.0,1.0,1.0,0.0,0.0,25.0,0.25,4.0,1.3862943611198906,0.0,0.0,0.38849238622362386,1.0547869806025199,44.16072571648042,,,,,,0.0,0.0,0.0,0.0004161670003668405,0.0,0.0,0.0,0.0,0.0,0.0,0.0,0.0,0.0,0.0,0.0,0.0,0.0,0.0,0.0,0.0,ok,,100,binary,1.0,0,0,0.0,0.0,0.0,0.1,4.61512051684126,6.2166061010848646,1.6094379124341003,25.0,125.0,0.2,3.258096538021482,4.836281906951478,0.18232155679395465,0.16094379124341004,-0.5590724772565853,-0.752748940360946,0.7684237576826176,-0.3196421712667257,-0.5797958902596944,0.954920504473738,-1.0648541370672626,-0.5558314186480126,0.0,,,,,,,,0.0,0.0,0.0,0.0,0.0
34,sparse_features_100x500,binary_sparse_features,binary_template,binary,kl_internal_filter_branch_length_v1,"edge_alpha=0.001, enforce_internal_support_thresholds=True, sibling_alpha=0.01, spectral_include_internal_barycenters=True, spectral_internal_distribution_mode=branch_length_state, spectral_mp_row_count_mode=leaf_effective_rows, tree_distance_metric=hamming, tree_distance_source=feature_metric, tree_linkage_method=average",4,4,100,500,0.1,1.0,1.0,1.0,1.0,1.0,1.0,1.0,1.0,1.0,1.0,1.0,0.0,0.0,25.0,0.25,4.0,1.3862943611198906,0.0,0.0,0.38849238622362386,1.0547869806025199,44.16072571648042,,,,,,0.0,0.0,0.0,0.0005006249994039536,0.005381582999689272,0.15470770899992203,0.10791904298093868,0.0005514549993677065,0.006432324033085024,0.0007479999985662289,0.036104499999055406,0.015880256018135697,0.012405951962136896,0.0023378369842248503,0.06905375000133063,0.05736774999968475,0.0002993339985550847,0.006450834000133909,0.003933459000108996,3.1457999284612015e-05,ok,,100,binary,1.0,0,0,0.0,0.0,0.0,0.1,4.61512051684126,6.2166061010848646,1.6094379124341003,25.0,125.0,0.2,3.258096538021482,4.836281906951478,0.18232155679395465,0.16094379124341004,-0.5590724772565853,-0.752748940360946,0.7684237576826176,-0.3196421712667257,-0.5797958902596944,0.954920504473738,-1.0648541370672626,-0.5558314186480126,0.0,,,,,,,,0.0,0.0,0.0,0.0,0.0
35,binary_perfect_2c,improved_binary_perfect,binary_template,binary,kl_legacy_c2ef9a69,"edge_alpha=0.001, sibling_alpha=0.01, tree_builder=linkage, tree_distance_metric=hamming, tree_distance_source=feature_metric, tree_linkage_method=average, tree_rooting=linkage_root",2,2,40,50,0.0,1.0,1.0,1.0,1.0,1.0,1.0,1.0,1.0,1.0,1.0,1.0,0.0,0.0,20.0,0.5,2.0,0.6931471805599453,0.0,0.0,0.9780091522593457,0.03782680965931523,6001.0,,,,,,0.0,0.0,0.0,0.0001739999970595818,0.0,0.0,0.0,0.0,0.0,0.0,0.0,0.0,0.0,0.0,0.0,0.0,0.0,0.0,0.0,0.0,ok,,40,binary,1.0,0,0,0.0,0.0,0.0,0.0,3.713572066704308,3.9318256327243257,1.0986122886681098,20.0,25.0,0.8,3.044522437723423,3.258096538021482,0.5877866649021191,0.0,-0.6321324175211875,-1.9365212518549832,-1.117042437502497,-1.4297462850861693,-0.8762990326569172,-0.4682040820134905,-0.3865421622071766,-0.6219770213280901,0.0,,,,,,,,0.0,0.0,0.0,0.0,0.0
36,binary_perfect_4c,improved_binary_perfect,binary_template,binary,kl_legacy_c2ef9a69,"edge_alpha=0.001, sibling_alpha=0.01, tree_builder=linkage, tree_distance_metric=hamming, tree_distance_source=feature_metric, tree_linkage_method=average, tree_rooting=linkage_root",4,4,80,100,0.0,1.0,1.0,1.0,1.0,1.0,1.0,1.0,1.0,1.0,1.0,1.0,0.0,0.0,20.0,0.25,4.0,1.3862943611198906,0.0,0.0,0.987909291012941,0.034203659497510676,10034.333333333336,,,,,,0.0,0.0,0.0,0.00041833399882307276,0.0,0.0,0.0,0.0,0.0,0.0,0.0,0.0,0.0,0.0,0.0,0.0,0.0,0.0,0.0,0.0,ok,,80,binary,1.0,0,0,0.0,0.0,0.0,0.0,4.394449154672439,4.61512051684126,1.6094379124341003,20.0,25.0,0.8,3.044522437723423,3.258096538021482,0.5877866649021191,0.0,-0.6321324175211875,-1.0425000329788088,-0.5531679545112014,-0.3196421712667257,-0.8762990326569172,-0.4682040820134905,-0.3865421622071766,-0.6219770213280901,0.0,,,,,,,,0.0,0.0,0.0,0.0,0.0
37,binary_perfect_8c,improved_binary_perfect,binary_template,binary,kl_legacy_c2ef9a69,"edge_alpha=0.001, sibling_alpha=0.01, tree_builder=linkage, tree_distance_metric=hamming, tree_distance_source=feature_metric, tree_linkage_method=average, tree_rooting=linkage_root",8,10,160,200,0.0,0.9860302097012037,0.9882847980149627,0.9870451674713726,1.0,1.0,0.9768409094534678,0.9882847980149627,0.9877539646778656,1.0,1.0,1.0,2.0,0.0125,20.0,0.125,8.40428128766316,2.128741253110767,0.19625,0.0,0.9792210889452638,0.018780187584641245,15437.565789473687,,,,,,2.0,1.0,0.0,0.0006250839978747535,0.0,0.0,0.0,0.0,0.0,0.0,0.0,0.0,0.0,0.0,0.0,0.0,0.0,0.0,0.0,0.0,ok,,160,binary,0.0,2,2,1.0,0.0,0.0,0.0,5.081404364984463,5.303304908059076,2.1972245773362196,20.0,25.0,0.8,3.044522437723423,3.258096538021482,0.5877866649021191,0.0,-0.6321324175211875,-0.14049797520764143,0.014741489596706977,0.9577103427781962,-0.8762990326569172,-0.4682040820134905,-0.3865421622071766,-0.6219770213280901,0.0,,,,,,,,0.0,0.0,0.0,0.0,0.0
38,binary_low_noise_2c,improved_binary_low_noise,binary_template,binary,kl,"edge_alpha=0.001, sibling_alpha=0.01, tree_distance_metric=hamming, tree_distance_source=feature_metric, tree_linkage_method=average",2,6,40,50,0.05,0.7832759989415189,0.7558921583728597,0.7314169595122922,1.0,1.0,0.6075776818384535,0.7558921583728597,0.8825799501580878,1.0,1.0,1.0,3.0,0.075,1.5,0.5,3.1293869817537296,1.1408371328956146,0.575,0.0,0.4248105457095118,0.8407769690483149,39.505116959064324,,,,,,4.0,1.0,0.0,0.0002501250019122381,0.0007400409995170776,0.013579416998254601,0.005701961010345258,0.0001258730007975828,0.0018049559876089916,0.0004960840014973655,0.0033665420014585834,0.0005489199902513064,0.0016985839829430915,0.0003644149728643242,0.015039791996969143,0.004570625002088491,0.0003065839991904795,0.004307125000195811,0.004990667002857663,2.2207997972145677e-05,ok,,40,binary,0.0,4,4,1.0,0.0,0.0,0.05,3.713572066704308,3.9318256327243257,1.0986122886681098,20.0,25.0,0.8,3.044522437723423,3.258096538021482,0.5877866649021191,0.054930614433405495,-0.5956024473888863,-1.9365212518549832,-1.117042437502497,-1.4297462850861693,-0.8762990326569172,-0.4682040820134905,-0.3865421622071766,-0.5994013222643751,0.0,,,,,,,,0.0,0.0,0.0,0.0,0.0
38,binary_low_noise_2c,improved_binary_low_noise,binary_template,binary,kl_legacy_c2ef9a69,"edge_alpha=0.001, sibling_alpha=0.01, tree_builder=linkage, tree_distance_metric=hamming, tree_distance_source=feature_metric, tree_linkage_method=average, tree_rooting=linkage_root",2,2,40,50,0.05,1.0,1.0,1.0,1.0,1.0,1.0,1.0,1.0,1.0,1.0,1.0,0.0,0.0,20.0,0.5,2.0,0.6931471805599453,0.0,0.0,0.676812891597211,0.4584171564352392,158.1157894736842,,,,,,0.0,0.0,0.0,0.00019041700215893798,0.0,0.0,0.0,0.0,0.0,0.0,0.0,0.0,0.0,0.0,0.0,0.0,0.0,0.0,0.0,0.0,ok,,40,binary,1.0,0,0,0.0,0.0,0.0,0.05,3.713572066704308,3.9318256327243257,1.0986122886681098,20.0,25.0,0.8,3.044522437723423,3.258096538021482,0.5877866649021191,0.054930614433405495,-0.5956024473888863,-1.9365212518549832,-1.117042437502497,-1.4297462850861693,-0.8762990326569172,-0.4682040820134905,-0.3865421622071766,-0.5994013222643751,0.0,,,,,,,,0.0,0.0,0.0,0.0,0.0
39,binary_low_noise_4c,improved_binary_low_noise,binary_template,binary,kl,"edge_alpha=0.001, sibling_alpha=0.01, tree_distance_metric=hamming, tree_distance_source=feature_metric, tree_linkage_method=average",4,4,80,100,0.05,1.0,1.0,1.0,1.0,1.0,1.0,1.0,1.0,1.0,1.0,1.0,0.0,0.0,20.0,0.25,4.0,1.3862943611198906,0.0,0.0,0.5640027318832302,0.6595768969356759,87.9128946734153,,,,,,0.0,0.0,0.0,0.000373332997696707,0.0015089160006027669,0.03533895799773745,0.01964957998643513,0.00033653797800070606,0.004378954981802963,0.000925291002204176,0.007738333999441238,0.0016142999993462581,0.0037409069955174346,0.0009467879863223061,0.03974883300179499,0.013536667000153102,0.0002877080005418975,0.015558167000563117,0.009452624999539694,2.1457999537233263e-05,ok,,80,binary,1.0,0,0,0.0,0.0,0.0,0.05,4.394449154672439,4.61512051684126,1.6094379124341003,20.0,25.0,0.8,3.044522437723423,3.258096538021482,0.5877866649021191,0.08047189562170502,-0.5956024473888863,-1.0425000329788088,-0.5531679545112014,-0.3196421712667257,-0.8762990326569172,-0.4682040820134905,-0.3865421622071766,-0.5889042199880513,0.0,,,,,,,,0.0,0.0,0.0,0.0,0.0
39,binary_low_noise_4c,improved_binary_low_noise,binary_template,binary,kl_legacy_c2ef9a69,"edge_alpha=0.001, sibling_alpha=0.01, tree_builder=linkage, tree_distance_metric=hamming, tree_distance_source=feature_metric, tree_linkage_method=average, tree_rooting=linkage_root",4,4,80,100,0.05,1.0,1.0,1.0,1.0,1.0,1.0,1.0,1.0,1.0,1.0,1.0,0.0,0.0,20.0,0.25,4.0,1.3862943611198906,0.0,0.0,0.5640027318832302,0.6595768969356759,87.9128946734153,,,,,,0.0,0.0,0.0,0.000315332999889506,0.0,0.0,0.0,0.0,0.0,0.0,0.0,0.0,0.0,0.0,0.0,0.0,0.0,0.0,0.0,0.0,ok,,80,binary,1.0,0,0,0.0,0.0,0.0,0.05,4.394449154672439,4.61512051684126,1.6094379124341003,20.0,25.0,0.8,3.044522437723423,3.258096538021482,0.5877866649021191,0.08047189562170502,-0.5956024473888863,-1.0425000329788088,-0.5531679545112014,-0.3196421712667257,-0.8762990326569172,-0.4682040820134905,-0.3865421622071766,-0.5889042199880513,0.0,,,,,,,,0.0,0.0,0.0,0.0,0.0
39,binary_low_noise_4c,improved_binary_low_noise,binary_template,binary,kl_internal_filter_branch_length_v1,"edge_alpha=0.001, enforce_internal_support_thresholds=True, sibling_alpha=0.01, spectral_include_internal_barycenters=True, spectral_internal_distribution_mode=branch_length_state, spectral_mp_row_count_mode=leaf_effective_rows, tree_distance_metric=hamming, tree_distance_source=feature_metric, tree_linkage_method=average",4,4,80,100,0.05,1.0,1.0,1.0,1.0,1.0,1.0,1.0,1.0,1.0,1.0,1.0,0.0,0.0,20.0,0.25,4.0,1.3862943611198906,0.0,0.0,0.5640027318832302,0.6595768969356759,87.9128946734153,,,,,,0.0,0.0,0.0,0.00039295899841818027,0.0015285829977074172,0.03915654199954588,0.019681207992107375,0.0002685529943846632,0.004028577975986991,0.0007267499968293123,0.012170707999757724,0.0030466220196103677,0.005614543006231543,0.0010444170147820842,0.026131791000807425,0.013401583000813844,0.00027645800219033845,0.00736620800307719,0.004166459002590273,1.979200169444084e-05,ok,,80,binary,1.0,0,0,0.0,0.0,0.0,0.05,4.394449154672439,4.61512051684126,1.6094379124341003,20.0,25.0,0.8,3.044522437723423,3.258096538021482,0.5877866649021191,0.08047189562170502,-0.5956024473888863,-1.0425000329788088,-0.5531679545112014,-0.3196421712667257,-0.8762990326569172,-0.4682040820134905,-0.3865421622071766,-0.5889042199880513,0.0,,,,,,,,0.0,0.0,0.0,0.0,0.0
40,binary_low_noise_8c,improved_binary_low_noise,binary_template,binary,kl,"edge_alpha=0.001, sibling_alpha=0.01, tree_distance_metric=hamming, tree_distance_source=feature_metric, tree_linkage_method=average",8,8,160,200,0.1,1.0,1.0,1.0,1.0,1.0,1.0,1.0,1.0,1.0,1.0,1.0,0.0,0.0,20.0,0.125,7.999999999999998,2.0794415416798357,0.0,0.0,0.26923213385711026,1.41655651586865,21.142428312075825,,,,,,0.0,0.0,0.0,0.0007062920012685936,0.003935000000637956,0.11268395800289,0.07234465899819043,0.0006597179926757235,0.008827109923004173,0.0021366250002756715,0.025095875000261003,0.006247788995096926,0.012751201968058012,0.0025133389899565373,0.11726408300091862,0.04455670800234657,0.00035458400088828057,0.05151529099748586,0.019684416001837235,3.9083002775441855e-05,ok,,160,binary,1.0,0,0,0.0,0.0,0.0,0.1,5.081404364984463,5.303304908059076,2.1972245773362196,20.0,25.0,0.8,3.044522437723423,3.258096538021482,0.5877866649021191,0.21972245773362198,-0.5590724772565853,-0.14049797520764143,0.014741489596706977,0.9577103427781962,-0.8762990326569172,-0.4682040820134905,-0.3865421622071766,-0.5316742250732305,0.0,,,,,,,,0.0,0.0,0.0,0.0,0.0
40,binary_low_noise_8c,improved_binary_low_noise,binary_template,binary,kl_legacy_c2ef9a69,"edge_alpha=0.001, sibling_alpha=0.01, tree_builder=linkage, tree_distance_metric=hamming, tree_distance_source=feature_metric, tree_linkage_method=average, tree_rooting=linkage_root",8,8,160,200,0.1,1.0,1.0,1.0,1.0,1.0,1.0,1.0,1.0,1.0,1.0,1.0,0.0,0.0,20.0,0.125,7.999999999999998,2.0794415416798357,0.0,0.0,0.26923213385711026,1.41655651586865,21.142428312075825,,,,,,0.0,0.0,0.0,0.0007354580011451617,0.0,0.0,0.0,0.0,0.0,0.0,0.0,0.0,0.0,0.0,0.0,0.0,0.0,0.0,0.0,0.0,ok,,160,binary,1.0,0,0,0.0,0.0,0.0,0.1,5.081404364984463,5.303304908059076,2.1972245773362196,20.0,25.0,0.8,3.044522437723423,3.258096538021482,0.5877866649021191,0.21972245773362198,-0.5590724772565853,-0.14049797520764143,0.014741489596706977,0.9577103427781962,-0.8762990326569172,-0.4682040820134905,-0.3865421622071766,-0.5316742250732305,0.0,,,,,,,,0.0,0.0,0.0,0.0,0.0
40,binary_low_noise_8c,improved_binary_low_noise,binary_template,binary,kl_internal_filter_branch_length_v1,"edge_alpha=0.001, enforce_internal_support_thresholds=True, sibling_alpha=0.01, spectral_include_internal_barycenters=True, spectral_internal_distribution_mode=branch_length_state, spectral_mp_row_count_mode=leaf_effective_rows, tree_distance_metric=hamming, tree_distance_source=feature_metric, tree_linkage_method=average",8,8,160,200,0.1,1.0,1.0,1.0,1.0,1.0,1.0,1.0,1.0,1.0,1.0,1.0,0.0,0.0,20.0,0.125,7.999999999999998,2.0794415416798357,0.0,0.0,0.26923213385711026,1.41655651586865,21.142428312075825,,,,,,0.0,0.0,0.0,0.0006965000029595103,0.003934542000934016,0.12041962500006775,0.07138965998819913,0.000623958017968107,0.008601859022746794,0.0010876250016735867,0.035320208000484854,0.010130539052624954,0.016931829995883163,0.0025345070062030572,0.0638728749981965,0.04322037499878206,0.00037158299892325886,0.013820249998389045,0.005043707998993341,3.650000144261867e-05,ok,,160,binary,1.0,0,0,0.0,0.0,0.0,0.1,5.081404364984463,5.303304908059076,2.1972245773362196,20.0,25.0,0.8,3.044522437723423,3.258096538021482,0.5877866649021191,0.21972245773362198,-0.5590724772565853,-0.14049797520764143,0.014741489596706977,0.9577103427781962,-0.8762990326569172,-0.4682040820134905,-0.3865421622071766,-0.5316742250732305,0.0,,,,,,,,0.0,0.0,0.0,0.0,0.0
41,binary_low_noise_12c,improved_binary_low_noise,binary_template,binary,kl,"edge_alpha=0.001, sibling_alpha=0.01, tree_distance_metric=hamming, tree_distance_source=feature_metric, tree_linkage_method=average",12,12,240,300,0.1,1.0,1.0,1.0,1.0,1.0,1.0,1.0,1.0,1.0,1.0,1.0,0.0,0.0,20.0,0.08333333333333333,12.000000000000005,2.484906649788001,0.0,0.0,0.24053448426678364,1.5449888766967843,17.964542494154884,,,,,,0.0,0.0,0.0,0.0010725419997470453,0.008067165999818826,0.23202408300130628,0.15964792497106828,0.00108700599957956,0.014634317991294665,0.0037449169976753183,0.04794995799966273,0.013636753992614103,0.023736458009807393,0.004364700980659109,0.20427708300121594,0.09335737500077812,0.00044799999886890873,0.0811703330000455,0.028040166998835048,4.579099913826212e-05,ok,,240,binary,1.0,0,0,0.0,0.0,0.0,0.1,5.484796933490655,5.707110264748875,2.5649493574615367,20.0,25.0,0.8,3.044522437723423,3.258096538021482,0.5877866649021191,0.2564949357461537,-0.5590724772565853,0.3891740054691062,0.3479732201793853,1.7568339031058346,-0.8762990326569172,-0.4682040820134905,-0.3865421622071766,-0.5165612610912889,0.0,,,,,,,,0.0,0.0,0.0,0.0,0.0
41,binary_low_noise_12c,improved_binary_low_noise,binary_template,binary,kl_legacy_c2ef9a69,"edge_alpha=0.001, sibling_alpha=0.01, tree_builder=linkage, tree_distance_metric=hamming, tree_distance_source=feature_metric, tree_linkage_method=average, tree_rooting=linkage_root",12,12,240,300,0.1,1.0,1.0,1.0,1.0,1.0,1.0,1.0,1.0,1.0,1.0,1.0,0.0,0.0,20.0,0.08333333333333333,12.000000000000005,2.484906649788001,0.0,0.0,0.24053448426678364,1.5449888766967843,17.964542494154884,,,,,,0.0,0.0,0.0,0.0011156670007039793,0.0,0.0,0.0,0.0,0.0,0.0,0.0,0.0,0.0,0.0,0.0,0.0,0.0,0.0,0.0,0.0,ok,,240,binary,1.0,0,0,0.0,0.0,0.0,0.1,5.484796933490655,5.707110264748875,2.5649493574615367,20.0,25.0,0.8,3.044522437723423,3.258096538021482,0.5877866649021191,0.2564949357461537,-0.5590724772565853,0.3891740054691062,0.3479732201793853,1.7568339031058346,-0.8762990326569172,-0.4682040820134905,-0.3865421622071766,-0.5165612610912889,0.0,,,,,,,,0.0,0.0,0.0,0.0,0.0
41,binary_low_noise_12c,improved_binary_low_noise,binary_template,binary,kl_internal_filter_branch_length_v1,"edge_alpha=0.001, enforce_internal_support_thresholds=True, sibling_alpha=0.01, spectral_include_internal_barycenters=True, spectral_internal_distribution_mode=branch_length_state, spectral_mp_row_count_mode=leaf_effective_rows, tree_distance_metric=hamming, tree_distance_source=feature_metric, tree_linkage_method=average",12,12,240,300,0.1,1.0,1.0,1.0,1.0,1.0,1.0,1.0,1.0,1.0,1.0,1.0,0.0,0.0,20.0,0.08333333333333333,12.000000000000005,2.484906649788001,0.0,0.0,0.24053448426678364,1.5449888766967843,17.964542494154884,,,,,,0.0,0.0,0.0,0.001057417000993155,0.007781707998219645,0.2420201659988379,0.15310040998883778,0.0009689150319900364,0.012713298980088439,0.0017352079994452652,0.06917333399906056,0.021347391957533546,0.033681710017845035,0.004341330986790126,0.1464022500003921,0.0877503749979951,0.0004926250003336463,0.0489943749998929,0.008077499998762505,4.266600080882199e-05,ok,,240,binary,1.0,0,0,0.0,0.0,0.0,0.1,5.484796933490655,5.707110264748875,2.5649493574615367,20.0,25.0,0.8,3.044522437723423,3.258096538021482,0.5877866649021191,0.2564949357461537,-0.5590724772565853,0.3891740054691062,0.3479732201793853,1.7568339031058346,-0.8762990326569172,-0.4682040820134905,-0.3865421622071766,-0.5165612610912889,0.0,,,,,,,,0.0,0.0,0.0,0.0,0.0
42,binary_moderate_4c,improved_binary_moderate,binary_template,binary,kl,"edge_alpha=0.001, sibling_alpha=0.01, tree_distance_metric=hamming, tree_distance_source=feature_metric, tree_linkage_method=average",4,4,80,100,0.12,1.0,1.0,1.0,1.0,1.0,1.0,1.0,1.0,1.0,1.0,1.0,0.0,0.0,20.0,0.25,4.0,1.3862943611198906,0.0,0.0,0.34124159718299324,1.168554871564322,29.188146754468484,,,,,,0.0,0.0,0.0,0.0003337500020279549,0.001375416999508161,0.03568979199917521,0.019630659990070853,0.000265080980170751,0.0039619930103071965,0.0010505000027478673,0.008241083000029903,0.001709501004370395,0.0039570420267409645,0.0010280840360792354,0.042530042002908885,0.013424208002106752,0.0002533750011934899,0.01693854199766065,0.010962749998725485,2.1249998098937795e-05,ok,,80,binary,1.0,0,0,0.0,0.0,0.0,0.12,4.394449154672439,4.61512051684126,1.6094379124341003,20.0,25.0,0.8,3.044522437723423,3.258096538021482,0.5877866649021191,0.19313254949209202,-0.5444604892036649,-1.0425000329788088,-0.5531679545112014,-0.3196421712667257,-0.8762990326569172,-0.4682040820134905,-0.3865421622071766,-0.5426022981119969,0.0,,,,,,,,0.0,0.0,0.0,0.0,0.0
42,binary_moderate_4c,improved_binary_moderate,binary_template,binary,kl_legacy_c2ef9a69,"edge_alpha=0.001, sibling_alpha=0.01, tree_builder=linkage, tree_distance_metric=hamming, tree_distance_source=feature_metric, tree_linkage_method=average, tree_rooting=linkage_root",4,4,80,100,0.12,1.0,1.0,1.0,1.0,1.0,1.0,1.0,1.0,1.0,1.0,1.0,0.0,0.0,20.0,0.25,4.0,1.3862943611198906,0.0,0.0,0.34124159718299324,1.168554871564322,29.188146754468484,,,,,,0.0,0.0,0.0,0.0003602090000640601,0.0,0.0,0.0,0.0,0.0,0.0,0.0,0.0,0.0,0.0,0.0,0.0,0.0,0.0,0.0,0.0,ok,,80,binary,1.0,0,0,0.0,0.0,0.0,0.12,4.394449154672439,4.61512051684126,1.6094379124341003,20.0,25.0,0.8,3.044522437723423,3.258096538021482,0.5877866649021191,0.19313254949209202,-0.5444604892036649,-1.0425000329788088,-0.5531679545112014,-0.3196421712667257,-0.8762990326569172,-0.4682040820134905,-0.3865421622071766,-0.5426022981119969,0.0,,,,,,,,0.0,0.0,0.0,0.0,0.0
42,binary_moderate_4c,improved_binary_moderate,binary_template,binary,kl_internal_filter_branch_length_v1,"edge_alpha=0.001, enforce_internal_support_thresholds=True, sibling_alpha=0.01, spectral_include_internal_barycenters=True, spectral_internal_distribution_mode=branch_length_state, spectral_mp_row_count_mode=leaf_effective_rows, tree_distance_metric=hamming, tree_distance_source=feature_metric, tree_linkage_method=average",4,4,80,100,0.12,1.0,1.0,1.0,1.0,1.0,1.0,1.0,1.0,1.0,1.0,1.0,0.0,0.0,20.0,0.25,4.0,1.3862943611198906,0.0,0.0,0.34124159718299324,1.168554871564322,29.188146754468484,,,,,,0.0,0.0,0.0,0.000529624998307554,0.0014686659997096285,0.03767775000233087,0.019579374016757356,0.00026366899692220613,0.0038985409992164932,0.0005039579991716892,0.011079500000050757,0.0027422100174590014,0.004885534995992202,0.0010583299845166039,0.020146124999882886,0.01352279099955922,0.0002836250023392495,0.0030315419971884694,0.00238345800244133,1.791600152500905e-05,ok,,80,binary,1.0,0,0,0.0,0.0,0.0,0.12,4.394449154672439,4.61512051684126,1.6094379124341003,20.0,25.0,0.8,3.044522437723423,3.258096538021482,0.5877866649021191,0.19313254949209202,-0.5444604892036649,-1.0425000329788088,-0.5531679545112014,-0.3196421712667257,-0.8762990326569172,-0.4682040820134905,-0.3865421622071766,-0.5426022981119969,0.0,,,,,,,,0.0,0.0,0.0,0.0,0.0
43,binary_moderate_6c,improved_binary_moderate,binary_template,binary,kl,"edge_alpha=0.001, sibling_alpha=0.01, tree_distance_metric=hamming, tree_distance_source=feature_metric, tree_linkage_method=average",6,6,120,150,0.15,1.0,1.0,1.0,1.0,1.0,1.0,1.0,1.0,1.0,1.0,1.0,0.0,0.0,20.0,0.16666666666666666,5.999999999999998,1.7917594692280547,0.0,0.0,0.21577119028827504,1.625825136789907,15.330627750752836,,,,,,0.0,0.0,0.0,0.0005302919998939615,0.002501208997273352,0.06734854100068333,0.04147946299781324,0.0004332839998824056,0.00627381799131399,0.001719957999739563,0.014682332999655046,0.0034610890106705483,0.007188245977886254,0.0016662940324749798,0.0735436250033672,0.02623887499794364,0.0002965000021504238,0.03129666699896916,0.014670000000478467,2.62079993262887e-05,ok,,120,binary,1.0,0,0,0.0,0.0,0.0,0.15,4.795790545596741,5.017279836814924,1.9459101490553132,20.0,25.0,0.8,3.044522437723423,3.258096538021482,0.5877866649021191,0.291886522358297,-0.5225425071242841,-0.5155213376457708,-0.22129458050907153,0.41156471554823,-0.8762990326569172,-0.4682040820134905,-0.3865421622071766,-0.5020158237794271,0.0,,,,,,,,0.0,0.0,0.0,0.0,0.0
43,binary_moderate_6c,improved_binary_moderate,binary_template,binary,kl_legacy_c2ef9a69,"edge_alpha=0.001, sibling_alpha=0.01, tree_builder=linkage, tree_distance_metric=hamming, tree_distance_source=feature_metric, tree_linkage_method=average, tree_rooting=linkage_root",6,6,120,150,0.15,1.0,1.0,1.0,1.0,1.0,1.0,1.0,1.0,1.0,1.0,1.0,0.0,0.0,20.0,0.16666666666666666,5.999999999999998,1.7917594692280547,0.0,0.0,0.21577119028827504,1.625825136789907,15.330627750752836,,,,,,0.0,0.0,0.0,0.0005283749997033738,0.0,0.0,0.0,0.0,0.0,0.0,0.0,0.0,0.0,0.0,0.0,0.0,0.0,0.0,0.0,0.0,ok,,120,binary,1.0,0,0,0.0,0.0,0.0,0.15,4.795790545596741,5.017279836814924,1.9459101490553132,20.0,25.0,0.8,3.044522437723423,3.258096538021482,0.5877866649021191,0.291886522358297,-0.5225425071242841,-0.5155213376457708,-0.22129458050907153,0.41156471554823,-0.8762990326569172,-0.4682040820134905,-0.3865421622071766,-0.5020158237794271,0.0,,,,,,,,0.0,0.0,0.0,0.0,0.0
43,binary_moderate_6c,improved_binary_moderate,binary_template,binary,kl_internal_filter_branch_length_v1,"edge_alpha=0.001, enforce_internal_support_thresholds=True, sibling_alpha=0.01, spectral_include_internal_barycenters=True, spectral_internal_distribution_mode=branch_length_state, spectral_mp_row_count_mode=leaf_effective_rows, tree_distance_metric=hamming, tree_distance_source=feature_metric, tree_linkage_method=average",6,6,120,150,0.15,1.0,1.0,1.0,1.0,1.0,1.0,1.0,1.0,1.0,1.0,1.0,0.0,0.0,20.0,0.16666666666666666,5.999999999999998,1.7917594692280547,0.0,0.0,0.21577119028827504,1.625825136789907,15.330627750752836,,,,,,0.0,0.0,0.0,0.0005216669997025747,0.0025350830001116265,0.07265820899920072,0.04120153202165966,0.0004629580180335324,0.006153522001113743,0.000838249998196261,0.021252249996905448,0.005680252979800571,0.01005333302236977,0.0017564240006322507,0.043230334002146265,0.026221500000247033,0.0003221660008421168,0.01097358299739426,0.004726334002043586,2.5249999453080818e-05,ok,,120,binary,1.0,0,0,0.0,0.0,0.0,0.15,4.795790545596741,5.017279836814924,1.9459101490553132,20.0,25.0,0.8,3.044522437723423,3.258096538021482,0.5877866649021191,0.291886522358297,-0.5225425071242841,-0.5155213376457708,-0.22129458050907153,0.41156471554823,-0.8762990326569172,-0.4682040820134905,-0.3865421622071766,-0.5020158237794271,0.0,,,,,,,,0.0,0.0,0.0,0.0,0.0
44,binary_moderate_8c,improved_binary_moderate,binary_template,binary,kl,"edge_alpha=0.001, sibling_alpha=0.01, tree_distance_metric=hamming, tree_distance_source=feature_metric, tree_linkage_method=average",8,8,200,250,0.12,1.0,1.0,1.0,1.0,1.0,1.0,1.0,1.0,1.0,1.0,1.0,0.0,0.0,25.0,0.125,7.999999999999998,2.0794415416798357,0.0,0.0,0.23997639373825805,1.5341092588980136,21.562269798453226,,,,,,0.0,0.0,0.0,0.0008282499984488823,0.005424208000476938,0.16319862499949522,0.11129583097499562,0.0008232879845309071,0.010989617006998742,0.002543375001550885,0.03358091700283694,0.009276029009924969,0.01578152501315344,0.00361100498776068,0.15526275000229361,0.06357370800105855,0.00040483399789081886,0.07003283299854957,0.020227207998686936,3.458299761405215e-05,ok,,200,binary,1.0,0,0,0.0,0.0,0.0,0.12,5.303304908059076,5.5254529391317835,2.1972245773362196,25.0,31.25,0.8,3.258096538021482,3.4735180432417816,0.5877866649021191,0.26366694928034634,-0.5444604892036649,0.1508670853804095,0.19806439904676618,0.9577103427781962,-0.5797958902596944,-0.2739482952265749,-0.3865421622071766,-0.5136136658222588,0.0,,,,,,,,0.0,0.0,0.0,0.0,0.0
44,binary_moderate_8c,improved_binary_moderate,binary_template,binary,kl_legacy_c2ef9a69,"edge_alpha=0.001, sibling_alpha=0.01, tree_builder=linkage, tree_distance_metric=hamming, tree_distance_source=feature_metric, tree_linkage_method=average, tree_rooting=linkage_root",8,8,200,250,0.12,1.0,1.0,1.0,1.0,1.0,1.0,1.0,1.0,1.0,1.0,1.0,0.0,0.0,25.0,0.125,7.999999999999998,2.0794415416798357,0.0,0.0,0.23997639373825805,1.5341092588980136,21.562269798453226,,,,,,0.0,0.0,0.0,0.0008742079990042839,0.0,0.0,0.0,0.0,0.0,0.0,0.0,0.0,0.0,0.0,0.0,0.0,0.0,0.0,0.0,0.0,ok,,200,binary,1.0,0,0,0.0,0.0,0.0,0.12,5.303304908059076,5.5254529391317835,2.1972245773362196,25.0,31.25,0.8,3.258096538021482,3.4735180432417816,0.5877866649021191,0.26366694928034634,-0.5444604892036649,0.1508670853804095,0.19806439904676618,0.9577103427781962,-0.5797958902596944,-0.2739482952265749,-0.3865421622071766,-0.5136136658222588,0.0,,,,,,,,0.0,0.0,0.0,0.0,0.0
44,binary_moderate_8c,improved_binary_moderate,binary_template,binary,kl_internal_filter_branch_length_v1,"edge_alpha=0.001, enforce_internal_support_thresholds=True, sibling_alpha=0.01, spectral_include_internal_barycenters=True, spectral_internal_distribution_mode=branch_length_state, spectral_mp_row_count_mode=leaf_effective_rows, tree_distance_metric=hamming, tree_distance_source=feature_metric, tree_linkage_method=average",8,8,200,250,0.12,1.0,1.0,1.0,1.0,1.0,1.0,1.0,1.0,1.0,1.0,1.0,0.0,0.0,25.0,0.125,7.999999999999998,2.0794415416798357,0.0,0.0,0.23997639373825805,1.5341092588980136,21.562269798453226,,,,,,0.0,0.0,0.0,0.0009188330004690215,0.005714791997888824,0.17759095799920033,0.11016112103243358,0.000857922019349644,0.011448907975136535,0.0014072090016270522,0.049735666001652135,0.01560954499291256,0.02300399601153913,0.003361122027854435,0.0931704169997829,0.06596945799901732,0.0004333749966463074,0.020376417000079527,0.005303124999045394,5.1333001465536654e-05,ok,,200,binary,1.0,0,0,0.0,0.0,0.0,0.12,5.303304908059076,5.5254529391317835,2.1972245773362196,25.0,31.25,0.8,3.258096538021482,3.4735180432417816,0.5877866649021191,0.26366694928034634,-0.5444604892036649,0.1508670853804095,0.19806439904676618,0.9577103427781962,-0.5797958902596944,-0.2739482952265749,-0.3865421622071766,-0.5136136658222588,0.0,,,,,,,,0.0,0.0,0.0,0.0,0.0
45,binary_hard_4c,improved_binary_hard,binary_template,binary,kl,"edge_alpha=0.001, sibling_alpha=0.01, tree_distance_metric=hamming, tree_distance_source=feature_metric, tree_linkage_method=average",4,4,100,200,0.2,1.0,1.0,1.0,1.0,1.0,1.0,1.0,1.0,1.0,1.0,1.0,0.0,0.0,25.0,0.25,4.0,1.3862943611198906,0.0,0.0,0.175632025139428,1.9007626451699688,14.08121079763325,,,,,,0.0,0.0,0.0,0.0007168329975684173,0.003351999999722466,0.07443316599892569,0.04970916100864997,0.0005117879809404258,0.006448529988119844,0.0015694579997216351,0.01326070799768786,0.0038341219697031192,0.005414492992713349,0.0015325369822676294,0.07108724999852711,0.030060875000344822,0.00029204099701019004,0.025118959001702024,0.014469167002971517,2.308300099684857e-05,ok,,100,binary,1.0,0,0,0.0,0.0,0.0,0.2,4.61512051684126,5.303304908059076,1.6094379124341003,25.0,50.0,0.5,3.258096538021482,3.9318256327243257,0.4054651081081644,0.3218875824868201,-0.48601253699198294,-0.752748940360946,0.014741489596706977,-0.3196421712667257,-0.5797958902596944,0.13932939167056885,-0.6915521193536779,-0.4896858159679349,0.0,,,,,,,,0.0,0.0,0.0,0.0,0.0
45,binary_hard_4c,improved_binary_hard,binary_template,binary,kl_legacy_c2ef9a69,"edge_alpha=0.001, sibling_alpha=0.01, tree_builder=linkage, tree_distance_metric=hamming, tree_distance_source=feature_metric, tree_linkage_method=average, tree_rooting=linkage_root",4,4,100,200,0.2,1.0,1.0,1.0,1.0,1.0,1.0,1.0,1.0,1.0,1.0,1.0,0.0,0.0,25.0,0.25,4.0,1.3862943611198906,0.0,0.0,0.175632025139428,1.9007626451699688,14.08121079763325,,,,,,0.0,0.0,0.0,0.00044720799996866845,0.0,0.0,0.0,0.0,0.0,0.0,0.0,0.0,0.0,0.0,0.0,0.0,0.0,0.0,0.0,0.0,ok,,100,binary,1.0,0,0,0.0,0.0,0.0,0.2,4.61512051684126,5.303304908059076,1.6094379124341003,25.0,50.0,0.5,3.258096538021482,3.9318256327243257,0.4054651081081644,0.3218875824868201,-0.48601253699198294,-0.752748940360946,0.014741489596706977,-0.3196421712667257,-0.5797958902596944,0.13932939167056885,-0.6915521193536779,-0.4896858159679349,0.0,,,,,,,,0.0,0.0,0.0,0.0,0.0
45,binary_hard_4c,improved_binary_hard,binary_template,binary,kl_internal_filter_branch_length_v1,"edge_alpha=0.001, enforce_internal_support_thresholds=True, sibling_alpha=0.01, spectral_include_internal_barycenters=True, spectral_internal_distribution_mode=branch_length_state, spectral_mp_row_count_mode=leaf_effective_rows, tree_distance_metric=hamming, tree_distance_source=feature_metric, tree_linkage_method=average",4,4,100,200,0.2,1.0,1.0,1.0,1.0,1.0,1.0,1.0,1.0,1.0,1.0,1.0,0.0,0.0,25.0,0.25,4.0,1.3862943611198906,0.0,0.0,0.175632025139428,1.9007626451699688,14.08121079763325,,,,,,0.0,0.0,0.0,0.00047066700062714517,0.0026023749996966217,0.07176587499998277,0.043705365980713395,0.00035871197178494185,0.005134615978022339,0.000868333998369053,0.019162874999892665,0.0059592480029095896,0.008003749011550099,0.0016989960095088463,0.053387791998829925,0.026864625000598608,0.00031358299747807905,0.01690954199875705,0.008302375001221662,2.2582997189601883e-05,ok,,100,binary,1.0,0,0,0.0,0.0,0.0,0.2,4.61512051684126,5.303304908059076,1.6094379124341003,25.0,50.0,0.5,3.258096538021482,3.9318256327243257,0.4054651081081644,0.3218875824868201,-0.48601253699198294,-0.752748940360946,0.014741489596706977,-0.3196421712667257,-0.5797958902596944,0.13932939167056885,-0.6915521193536779,-0.4896858159679349,0.0,,,,,,,,0.0,0.0,0.0,0.0,0.0
46,binary_hard_8c,improved_binary_hard,binary_template,binary,kl,"edge_alpha=0.001, sibling_alpha=0.01, tree_distance_metric=hamming, tree_distance_source=feature_metric, tree_linkage_method=average",8,8,280,400,0.15,1.0,1.0,1.0,1.0,1.0,1.0,1.0,1.0,1.0,1.0,1.0,0.0,0.0,35.0,0.125,7.999999999999998,2.0794415416798357,0.0,0.0,0.18129209806987642,1.8753110876765664,20.593239017784732,,,,,,0.0,0.0,0.0,0.0013431249972200021,0.0114795840017905,0.33964237500185845,0.2430262679918087,0.0011893839036929421,0.015354980016127229,0.004478834001929499,0.07042595800157869,0.021993543003191007,0.03350436793334666,0.006703544975607656,0.28187529100250686,0.13785270800144644,0.0005384579999372363,0.10925599999973201,0.03284341700054938,4.254200030118227e-05,ok,,280,binary,1.0,0,0,0.0,0.0,0.0,0.15,5.638354669333745,5.993961427306569,2.1972245773362196,35.0,50.0,0.7,3.58351893845611,3.9318256327243257,0.5306282510621704,0.3295836866004329,-0.5225425071242841,0.5908019888338969,0.5846910044661933,0.9577103427781962,-0.12801468551315914,0.13932939167056885,-0.482163797204442,-0.48652282694580085,0.0,,,,,,,,0.0,0.0,0.0,0.0,0.0
46,binary_hard_8c,improved_binary_hard,binary_template,binary,kl_legacy_c2ef9a69,"edge_alpha=0.001, sibling_alpha=0.01, tree_builder=linkage, tree_distance_metric=hamming, tree_distance_source=feature_metric, tree_linkage_method=average, tree_rooting=linkage_root",8,8,280,400,0.15,1.0,1.0,1.0,1.0,1.0,1.0,1.0,1.0,1.0,1.0,1.0,0.0,0.0,35.0,0.125,7.999999999999998,2.0794415416798357,0.0,0.0,0.18129209806987642,1.8753110876765664,20.593239017784732,,,,,,0.0,0.0,0.0,0.0015810840013728011,0.0,0.0,0.0,0.0,0.0,0.0,0.0,0.0,0.0,0.0,0.0,0.0,0.0,0.0,0.0,0.0,ok,,280,binary,1.0,0,0,0.0,0.0,0.0,0.15,5.638354669333745,5.993961427306569,2.1972245773362196,35.0,50.0,0.7,3.58351893845611,3.9318256327243257,0.5306282510621704,0.3295836866004329,-0.5225425071242841,0.5908019888338969,0.5846910044661933,0.9577103427781962,-0.12801468551315914,0.13932939167056885,-0.482163797204442,-0.48652282694580085,0.0,,,,,,,,0.0,0.0,0.0,0.0,0.0
46,binary_hard_8c,improved_binary_hard,binary_template,binary,kl_internal_filter_branch_length_v1,"edge_alpha=0.001, enforce_internal_support_thresholds=True, sibling_alpha=0.01, spectral_include_internal_barycenters=True, spectral_internal_distribution_mode=branch_length_state, spectral_mp_row_count_mode=leaf_effective_rows, tree_distance_metric=hamming, tree_distance_source=feature_metric, tree_linkage_method=average",8,8,280,400,0.15,1.0,1.0,1.0,1.0,1.0,1.0,1.0,1.0,1.0,1.0,1.0,0.0,0.0,35.0,0.125,7.999999999999998,2.0794415416798357,0.0,0.0,0.18129209806987642,1.8753110876765664,20.593239017784732,,,,,,0.0,0.0,0.0,0.0013239159998192918,0.01124474999960512,0.3688401250001334,0.23648383106046822,0.0012326670621405356,0.01546931001212215,0.0019200419992557727,0.10866712499773712,0.032823450994328596,0.05665667401990504,0.005992414011416258,0.15299620899895672,0.13199137499759672,0.0005709159995603841,0.015661833000194747,0.003551041998434812,4.145899947616272e-05,ok,,280,binary,1.0,0,0,0.0,0.0,0.0,0.15,5.638354669333745,5.993961427306569,2.1972245773362196,35.0,50.0,0.7,3.58351893845611,3.9318256327243257,0.5306282510621704,0.3295836866004329,-0.5225425071242841,0.5908019888338969,0.5846910044661933,0.9577103427781962,-0.12801468551315914,0.13932939167056885,-0.482163797204442,-0.48652282694580085,0.0,,,,,,,,0.0,0.0,0.0,0.0,0.0
47,binary_unbalanced_low,improved_binary_unbalanced,binary_template,binary,kl,"edge_alpha=0.001, sibling_alpha=0.01, tree_distance_metric=hamming, tree_distance_source=feature_metric, tree_linkage_method=average",4,4,100,150,0.1,1.0,1.0,1.0,1.0,1.0,1.0,1.0,1.0,1.0,1.0,1.0,0.0,0.0,24.0,0.3,3.9721829028977145,1.3793157931836013,0.06,0.0,0.3916498101306264,1.0339868309468396,45.60709283255665,,,,,,0.0,0.0,0.0,0.0004369159978523385,0.0021062499981781,0.05725916600204073,0.035102291010844056,0.000376247990061529,0.005350771993107628,0.001483708001615014,0.012387459002638934,0.002947203018266009,0.006021287001203746,0.00140537798506557,0.061412792001647176,0.022317874998407206,0.00037008399885962717,0.02390220899906126,0.013845334000507137,2.279200271004811e-05,ok,,100,binary,1.0,0,0,0.0,0.0,0.0,0.1,4.61512051684126,5.017279836814924,1.6094379124341003,25.0,37.5,0.6666666666666666,3.258096538021482,3.6506582412937387,0.5108256237659906,0.16094379124341004,-0.5590724772565853,-0.752748940360946,-0.22129458050907153,-0.3196421712667257,-0.5797958902596944,-0.11421257845594285,-0.5152920712780441,-0.5558314186480126,0.0,,,,,,,,0.0,0.0,0.0,0.0,0.0
47,binary_unbalanced_low,improved_binary_unbalanced,binary_template,binary,kl_legacy_c2ef9a69,"edge_alpha=0.001, sibling_alpha=0.01, tree_builder=linkage, tree_distance_metric=hamming, tree_distance_source=feature_metric, tree_linkage_method=average, tree_rooting=linkage_root",4,4,100,150,0.1,1.0,1.0,1.0,1.0,1.0,1.0,1.0,1.0,1.0,1.0,1.0,0.0,0.0,24.0,0.3,3.9721829028977145,1.3793157931836013,0.06,0.0,0.3916498101306264,1.0339868309468396,45.60709283255665,,,,,,0.0,0.0,0.0,0.00042837499859160744,0.0,0.0,0.0,0.0,0.0,0.0,0.0,0.0,0.0,0.0,0.0,0.0,0.0,0.0,0.0,0.0,ok,,100,binary,1.0,0,0,0.0,0.0,0.0,0.1,4.61512051684126,5.017279836814924,1.6094379124341003,25.0,37.5,0.6666666666666666,3.258096538021482,3.6506582412937387,0.5108256237659906,0.16094379124341004,-0.5590724772565853,-0.752748940360946,-0.22129458050907153,-0.3196421712667257,-0.5797958902596944,-0.11421257845594285,-0.5152920712780441,-0.5558314186480126,0.0,,,,,,,,0.0,0.0,0.0,0.0,0.0
47,binary_unbalanced_low,improved_binary_unbalanced,binary_template,binary,kl_internal_filter_branch_length_v1,"edge_alpha=0.001, enforce_internal_support_thresholds=True, sibling_alpha=0.01, spectral_include_internal_barycenters=True, spectral_internal_distribution_mode=branch_length_state, spectral_mp_row_count_mode=leaf_effective_rows, tree_distance_metric=hamming, tree_distance_source=feature_metric, tree_linkage_method=average",4,4,100,150,0.1,1.0,1.0,1.0,1.0,1.0,1.0,1.0,1.0,1.0,1.0,1.0,0.0,0.0,24.0,0.3,3.9721829028977145,1.3793157931836013,0.06,0.0,0.3916498101306264,1.0339868309468396,45.60709283255665,,,,,,0.0,0.0,0.0,0.0004452920002222527,0.0021507079982256982,0.06254270799763617,0.03461491299822228,0.00036478499896475114,0.005299078995449236,0.0007672920000914019,0.018913708001491614,0.005090327988000354,0.008875873994838912,0.0015009220041974913,0.03159100000266335,0.02243366699985927,0.00027475000024423935,0.004964499999914551,0.0029262909993121866,2.1457999537233263e-05,ok,,100,binary,1.0,0,0,0.0,0.0,0.0,0.1,4.61512051684126,5.017279836814924,1.6094379124341003,25.0,37.5,0.6666666666666666,3.258096538021482,3.6506582412937387,0.5108256237659906,0.16094379124341004,-0.5590724772565853,-0.752748940360946,-0.22129458050907153,-0.3196421712667257,-0.5797958902596944,-0.11421257845594285,-0.5152920712780441,-0.5558314186480126,0.0,,,,,,,,0.0,0.0,0.0,0.0,0.0
48,binary_unbalanced_med,improved_binary_unbalanced,binary_template,binary,kl,"edge_alpha=0.001, sibling_alpha=0.01, tree_distance_metric=hamming, tree_distance_source=feature_metric, tree_linkage_method=average",6,6,150,200,0.12,1.0,0.9999999999999999,0.9999999999999999,1.0,1.0,0.9999999999999999,0.9999999999999999,1.0,1.0,1.0,1.0,0.0,0.0,24.0,0.20666666666666667,5.956653869143941,1.7845088920639758,0.06222222222222222,0.0,0.28802949219993434,1.357340143743846,27.489428179538262,,,,,,0.0,0.0,0.0,0.000650416001008125,0.0035878750022675376,0.10300029200152494,0.06706350402237149,0.0005735570302931592,0.007839705001970287,0.0022669589998258743,0.02177145899986499,0.0060703730159730185,0.01004770195868332,0.002349714995943941,0.10430883300068672,0.0407279169994581,0.0004400409998197574,0.04353899999841815,0.018527583000832237,3.045799894607626e-05,ok,,150,binary,1.0,0,0,0.0,0.0,0.0,0.12,5.017279836814924,5.303304908059076,1.9459101490553132,25.0,33.333333333333336,0.75,3.258096538021482,3.5361166995615263,0.5596157879354227,0.2335092178866376,-0.5444604892036649,-0.22469626862513706,0.014741489596706977,0.41156471554823,-0.5797958902596944,-0.21750011832445812,-0.43366987506508003,-0.5260080632891596,0.0,,,,,,,,0.0,0.0,0.0,0.0,0.0
48,binary_unbalanced_med,improved_binary_unbalanced,binary_template,binary,kl_legacy_c2ef9a69,"edge_alpha=0.001, sibling_alpha=0.01, tree_builder=linkage, tree_distance_metric=hamming, tree_distance_source=feature_metric, tree_linkage_method=average, tree_rooting=linkage_root",6,6,150,200,0.12,1.0,0.9999999999999999,0.9999999999999999,1.0,1.0,0.9999999999999999,0.9999999999999999,1.0,1.0,1.0,1.0,0.0,0.0,24.0,0.20666666666666667,5.956653869143941,1.7845088920639758,0.06222222222222222,0.0,0.28802949219993434,1.357340143743846,27.489428179538262,,,,,,0.0,0.0,0.0,0.0007429159995808732,0.0,0.0,0.0,0.0,0.0,0.0,0.0,0.0,0.0,0.0,0.0,0.0,0.0,0.0,0.0,0.0,ok,,150,binary,1.0,0,0,0.0,0.0,0.0,0.12,5.017279836814924,5.303304908059076,1.9459101490553132,25.0,33.333333333333336,0.75,3.258096538021482,3.5361166995615263,0.5596157879354227,0.2335092178866376,-0.5444604892036649,-0.22469626862513706,0.014741489596706977,0.41156471554823,-0.5797958902596944,-0.21750011832445812,-0.43366987506508003,-0.5260080632891596,0.0,,,,,,,,0.0,0.0,0.0,0.0,0.0
48,binary_unbalanced_med,improved_binary_unbalanced,binary_template,binary,kl_internal_filter_branch_length_v1,"edge_alpha=0.001, enforce_internal_support_thresholds=True, sibling_alpha=0.01, spectral_include_internal_barycenters=True, spectral_internal_distribution_mode=branch_length_state, spectral_mp_row_count_mode=leaf_effective_rows, tree_distance_metric=hamming, tree_distance_source=feature_metric, tree_linkage_method=average",6,7,150,200,0.12,0.9934307699560864,0.9925462976998265,0.992098435128084,1.0,1.0,0.9852028886624656,0.9925462976998266,0.9945144950993932,1.0,1.0,1.0,1.0,0.006666666666666667,24.0,0.20666666666666667,6.118463870942186,1.811311063538056,0.19428571428571428,0.0,0.2658664424305407,1.263813119214387,23.286490191950023,,,,,,1.0,1.0,0.0,0.0006795830013288651,0.0037869160005357116,0.11197695800001384,0.06603062397698523,0.0005782979606010485,0.007868894001148874,0.0009658750022936147,0.03311483300058171,0.0096270060093957,0.014994996006862493,0.0025378300160809886,0.05290524999873014,0.03963441700034309,0.000383167000109097,0.008458416999928886,0.0034138329974666703,3.170800118823536e-05,ok,,150,binary,0.0,1,1,1.0,0.0,0.0,0.12,5.017279836814924,5.303304908059076,1.9459101490553132,25.0,33.333333333333336,0.75,3.258096538021482,3.5361166995615263,0.5596157879354227,0.2335092178866376,-0.5444604892036649,-0.22469626862513706,0.014741489596706977,0.41156471554823,-0.5797958902596944,-0.21750011832445812,-0.43366987506508003,-0.5260080632891596,0.0,,,,,,,,0.0,0.0,0.0,0.0,0.0
49,binary_2clusters,improved_binary_edge_cases,binary_template,binary,kl,"edge_alpha=0.001, sibling_alpha=0.01, tree_distance_metric=hamming, tree_distance_source=feature_metric, tree_linkage_method=average",2,3,50,60,0.1,0.9607686148919136,0.9428864919521678,0.940926964086785,1.0,1.0,0.8919444172966752,0.9428864919521679,0.9797958971132712,1.0,1.0,1.0,1.0,0.02,24.0,0.5,2.175197041927754,0.7771192544270318,0.32,0.0,0.32771076200273336,0.7463417719480229,40.103633306624275,,,,,,1.0,1.0,0.0,0.0002360420003242325,0.0008412919996771961,0.01774887500141631,0.007951962998049567,0.00016383801266783848,0.0024202889871958178,0.0007130409976525698,0.004611959000612842,0.0007494220008084085,0.0022357090128934942,0.0006443340062105563,0.02458841699990444,0.006303458001639228,0.00020374999803607352,0.009301834001234965,0.007894624999607913,1.6250000044237822e-05,ok,,50,binary,0.0,1,1,1.0,0.0,0.0,0.1,3.9318256327243257,4.110873864173311,1.0986122886681098,25.0,30.0,0.8333333333333334,3.258096538021482,3.4339872044851463,0.6061358035703156,0.10986122886681099,-0.5590724772565853,-1.6499448306985987,-0.9692867155065967,-1.4297462850861693,-0.5797958902596944,-0.3095951271302138,-0.35584546293981156,-0.5768256232006602,0.0,,,,,,,,0.0,0.0,0.0,0.0,0.0
49,binary_2clusters,improved_binary_edge_cases,binary_template,binary,kl_legacy_c2ef9a69,"edge_alpha=0.001, sibling_alpha=0.01, tree_builder=linkage, tree_distance_metric=hamming, tree_distance_source=feature_metric, tree_linkage_method=average, tree_rooting=linkage_root",2,3,50,60,0.1,0.9607686148919136,0.9428864919521678,0.940926964086785,1.0,1.0,0.8919444172966752,0.9428864919521679,0.9797958971132712,1.0,1.0,1.0,1.0,0.02,24.0,0.5,2.175197041927754,0.7771192544270318,0.32,0.0,0.32771076200273336,0.7463417719480229,40.103633306624275,,,,,,1.0,1.0,0.0,0.00026370799969299696,0.0,0.0,0.0,0.0,0.0,0.0,0.0,0.0,0.0,0.0,0.0,0.0,0.0,0.0,0.0,0.0,ok,,50,binary,0.0,1,1,1.0,0.0,0.0,0.1,3.9318256327243257,4.110873864173311,1.0986122886681098,25.0,30.0,0.8333333333333334,3.258096538021482,3.4339872044851463,0.6061358035703156,0.10986122886681099,-0.5590724772565853,-1.6499448306985987,-0.9692867155065967,-1.4297462850861693,-0.5797958902596944,-0.3095951271302138,-0.35584546293981156,-0.5768256232006602,0.0,,,,,,,,0.0,0.0,0.0,0.0,0.0
49,binary_2clusters,improved_binary_edge_cases,binary_template,binary,kl_internal_filter_branch_length_v1,"edge_alpha=0.001, enforce_internal_support_thresholds=True, sibling_alpha=0.01, spectral_include_internal_barycenters=True, spectral_internal_distribution_mode=branch_length_state, spectral_mp_row_count_mode=leaf_effective_rows, tree_distance_metric=hamming, tree_distance_source=feature_metric, tree_linkage_method=average",2,2,50,60,0.1,1.0,1.0,1.0,1.0,1.0,1.0,1.0,1.0,1.0,1.0,1.0,0.0,0.0,25.0,0.5,2.0,0.6931471805599453,0.0,0.0,0.5058501844250611,0.7787155476997636,76.95209217707698,,,,,,0.0,0.0,0.0,0.00023158299882197753,0.0007912500004749745,0.019135124999593245,0.007991876020241762,0.0001523770042695105,0.0023535359869129024,0.0005002500001864973,0.00632699999914621,0.0011785400129156187,0.0029848320118617266,0.0006592470017494634,0.01594591699904413,0.0061830829981772695,0.0002186250021622982,0.004846166997594992,0.003929250000510365,1.3083001249469817e-05,ok,,50,binary,1.0,0,0,0.0,0.0,0.0,0.1,3.9318256327243257,4.110873864173311,1.0986122886681098,25.0,30.0,0.8333333333333334,3.258096538021482,3.4339872044851463,0.6061358035703156,0.10986122886681099,-0.5590724772565853,-1.6499448306985987,-0.9692867155065967,-1.4297462850861693,-0.5797958902596944,-0.3095951271302138,-0.35584546293981156,-0.5768256232006602,0.0,,,,,,,,0.0,0.0,0.0,0.0,0.0
50,binary_many_features,improved_binary_edge_cases,binary_template,binary,kl_legacy_c2ef9a69,"edge_alpha=0.001, sibling_alpha=0.01, tree_builder=linkage, tree_distance_metric=hamming, tree_distance_source=feature_metric, tree_linkage_method=average, tree_rooting=linkage_root",4,4,100,2000,0.1,1.0,1.0,1.0,1.0,1.0,1.0,1.0,1.0,1.0,1.0,1.0,0.0,0.0,25.0,0.25,4.0,1.3862943611198906,0.0,0.0,0.39759665007499967,1.0339291996373827,45.79429314992099,,,,,,0.0,0.0,0.0,0.00044587500087800436,0.0,0.0,0.0,0.0,0.0,0.0,0.0,0.0,0.0,0.0,0.0,0.0,0.0,0.0,0.0,0.0,ok,,100,binary,1.0,0,0,0.0,0.0,0.0,0.1,4.61512051684126,7.601402334583733,1.6094379124341003,25.0,500.0,0.05,3.258096538021482,6.2166061010848646,0.04879016416943201,0.16094379124341004,-0.5590724772565853,-0.752748940360946,1.9111972195703246,-0.3196421712667257,-0.5797958902596944,2.1996242868476874,-1.2882418980008,-0.5558314186480126,0.0,,,,,,,,0.0,0.0,0.0,0.0,0.0
50,binary_many_features,improved_binary_edge_cases,binary_template,binary,kl_internal_filter_branch_length_v1,"edge_alpha=0.001, enforce_internal_support_thresholds=True, sibling_alpha=0.01, spectral_include_internal_barycenters=True, spectral_internal_distribution_mode=branch_length_state, spectral_mp_row_count_mode=leaf_effective_rows, tree_distance_metric=hamming, tree_distance_source=feature_metric, tree_linkage_method=average",4,4,100,2000,0.1,1.0,1.0,1.0,1.0,1.0,1.0,1.0,1.0,1.0,1.0,1.0,0.0,0.0,25.0,0.25,4.0,1.3862943611198906,0.0,0.0,0.39759665007499967,1.0339291996373827,45.79429314992099,,,,,,0.0,0.0,0.0,0.00047537499995087273,0.018018417002167553,0.5195177499990677,0.41065287399760564,0.000953955044678878,0.008006659998500254,0.0008585830000811256,0.0958922080026241,0.05483141200602404,0.023045003988954704,0.005015246988477884,0.26292479100084165,0.24643004199970164,0.00031004099946585484,0.010662124997907085,0.00452762499844539,2.608399881864898e-05,ok,,100,binary,1.0,0,0,0.0,0.0,0.0,0.1,4.61512051684126,7.601402334583733,1.6094379124341003,25.0,500.0,0.05,3.258096538021482,6.2166061010848646,0.04879016416943201,0.16094379124341004,-0.5590724772565853,-0.752748940360946,1.9111972195703246,-0.3196421712667257,-0.5797958902596944,2.1996242868476874,-1.2882418980008,-0.5558314186480126,0.0,,,,,,,,0.0,0.0,0.0,0.0,0.0
51,binary_many_clusters,improved_binary_edge_cases,binary_template,binary,kl,"edge_alpha=0.001, sibling_alpha=0.01, tree_distance_metric=hamming, tree_distance_source=feature_metric, tree_linkage_method=average",15,15,300,400,0.1,1.0,1.0,1.0,1.0,1.0,1.0,1.0,1.0,1.0,1.0,1.0,0.0,0.0,20.0,0.06666666666666667,15.0,2.70805020110221,0.0,0.0,0.2104042132339598,1.67475021398706,15.161074529780294,,,,,,0.0,0.0,0.0,0.0014520000004267786,0.012465749998227693,0.3820267090013658,0.2755162050380022,0.0016843710400280543,0.01850363703488256,0.005294292001053691,0.0749338749992603,0.021615209050651174,0.03949744801866473,0.0057969550107372925,0.29359412499979953,0.14961699999912526,0.0005394580002757721,0.09798137499819859,0.043950040999334306,5.337499896995723e-05,ok,,300,binary,1.0,0,0,0.0,0.0,0.0,0.1,5.707110264748875,5.993961427306569,2.772588722239781,20.0,26.666666666666668,0.75,3.044522437723423,3.3202283191284883,0.5596157879354227,0.2772588722239781,-0.5590724772565853,0.6810810748889541,0.5846910044661933,2.208066774573492,-0.8762990326569172,-0.41217690863044715,-0.43366987506508003,-0.508027579352306,0.0,,,,,,,,0.0,0.0,0.0,0.0,0.0
51,binary_many_clusters,improved_binary_edge_cases,binary_template,binary,kl_legacy_c2ef9a69,"edge_alpha=0.001, sibling_alpha=0.01, tree_builder=linkage, tree_distance_metric=hamming, tree_distance_source=feature_metric, tree_linkage_method=average, tree_rooting=linkage_root",15,15,300,400,0.1,1.0,1.0,1.0,1.0,1.0,1.0,1.0,1.0,1.0,1.0,1.0,0.0,0.0,20.0,0.06666666666666667,15.0,2.70805020110221,0.0,0.0,0.2104042132339598,1.67475021398706,15.161074529780294,,,,,,0.0,0.0,0.0,0.0014189579997037072,0.0,0.0,0.0,0.0,0.0,0.0,0.0,0.0,0.0,0.0,0.0,0.0,0.0,0.0,0.0,0.0,ok,,300,binary,1.0,0,0,0.0,0.0,0.0,0.1,5.707110264748875,5.993961427306569,2.772588722239781,20.0,26.666666666666668,0.75,3.044522437723423,3.3202283191284883,0.5596157879354227,0.2772588722239781,-0.5590724772565853,0.6810810748889541,0.5846910044661933,2.208066774573492,-0.8762990326569172,-0.41217690863044715,-0.43366987506508003,-0.508027579352306,0.0,,,,,,,,0.0,0.0,0.0,0.0,0.0
51,binary_many_clusters,improved_binary_edge_cases,binary_template,binary,kl_internal_filter_branch_length_v1,"edge_alpha=0.001, enforce_internal_support_thresholds=True, sibling_alpha=0.01, spectral_include_internal_barycenters=True, spectral_internal_distribution_mode=branch_length_state, spectral_mp_row_count_mode=leaf_effective_rows, tree_distance_metric=hamming, tree_distance_source=feature_metric, tree_linkage_method=average",15,15,300,400,0.1,1.0,1.0,1.0,1.0,1.0,1.0,1.0,1.0,1.0,1.0,1.0,0.0,0.0,20.0,0.06666666666666667,15.0,2.70805020110221,0.0,0.0,0.2104042132339598,1.67475021398706,15.161074529780294,,,,,,0.0,0.0,0.0,0.0014934579994587693,0.011873082999954931,0.40009037500203704,0.25452167392359115,0.0014153199954307638,0.017269928994210204,0.0021102089995110873,0.11929633299951092,0.03485229404759593,0.06458350199682172,0.005865669987542788,0.18913166700076545,0.1406679579995398,0.0005971669997961726,0.03885825000179466,0.0077453330013668165,5.400000009103678e-05,ok,,300,binary,1.0,0,0,0.0,0.0,0.0,0.1,5.707110264748875,5.993961427306569,2.772588722239781,20.0,26.666666666666668,0.75,3.044522437723423,3.3202283191284883,0.5596157879354227,0.2772588722239781,-0.5590724772565853,0.6810810748889541,0.5846910044661933,2.208066774573492,-0.8762990326569172,-0.41217690863044715,-0.43366987506508003,-0.508027579352306,0.0,,,,,,,,0.0,0.0,0.0,0.0,0.0
52,binary_null_small,binary_null,binary_template,binary,kl,"edge_alpha=0.001, sibling_alpha=0.01, tree_distance_metric=hamming, tree_distance_source=feature_metric, tree_linkage_method=average",1,1,60,80,0.0,1.0,1.0,1.0,1.0,1.0,1.0,1.0,1.0,1.0,1.0,1.0,0.0,0.0,60.0,1.0,1.0,-0.0,0.0,0.0,,,,,,,,,0.0,0.0,0.0,0.00027599999884841964,0.001046207999024773,0.018445957997755613,0.012009128982754191,0.0,0.0,0.0006619170017074794,0.0027619169995887205,0.001216420016135089,0.0006739949967595749,0.0,0.008312792000651825,0.0074879579988191836,0.0,0.0,9.054200199898332e-05,1.2333999620750546e-05,ok,,60,binary,1.0,0,0,0.0,0.0,0.0,0.0,4.110873864173311,4.394449154672439,0.6931471805599453,60.0,80.0,0.75,4.110873864173311,4.394449154672439,0.5596157879354227,0.0,-0.6321324175211875,-1.4148467183574505,-0.7352722745438894,-2.3108854910695285,0.6041077601185371,0.5564989595382822,-0.43366987506508003,-0.6219770213280901,0.0,,,,,,,,0.0,0.0,0.0,0.0,0.0
52,binary_null_small,binary_null,binary_template,binary,kl_legacy_c2ef9a69,"edge_alpha=0.001, sibling_alpha=0.01, tree_builder=linkage, tree_distance_metric=hamming, tree_distance_source=feature_metric, tree_linkage_method=average, tree_rooting=linkage_root",1,1,60,80,0.0,1.0,1.0,1.0,1.0,1.0,1.0,1.0,1.0,1.0,1.0,1.0,0.0,0.0,60.0,1.0,1.0,-0.0,0.0,0.0,,,,,,,,,0.0,0.0,0.0,0.0002854170015780255,0.0,0.0,0.0,0.0,0.0,0.0,0.0,0.0,0.0,0.0,0.0,0.0,0.0,0.0,0.0,0.0,ok,,60,binary,1.0,0,0,0.0,0.0,0.0,0.0,4.110873864173311,4.394449154672439,0.6931471805599453,60.0,80.0,0.75,4.110873864173311,4.394449154672439,0.5596157879354227,0.0,-0.6321324175211875,-1.4148467183574505,-0.7352722745438894,-2.3108854910695285,0.6041077601185371,0.5564989595382822,-0.43366987506508003,-0.6219770213280901,0.0,,,,,,,,0.0,0.0,0.0,0.0,0.0
52,binary_null_small,binary_null,binary_template,binary,kl_internal_filter_branch_length_v1,"edge_alpha=0.001, enforce_internal_support_thresholds=True, sibling_alpha=0.01, spectral_include_internal_barycenters=True, spectral_internal_distribution_mode=branch_length_state, spectral_mp_row_count_mode=leaf_effective_rows, tree_distance_metric=hamming, tree_distance_source=feature_metric, tree_linkage_method=average",1,1,60,80,0.0,1.0,1.0,1.0,1.0,1.0,1.0,1.0,1.0,1.0,1.0,1.0,0.0,0.0,60.0,1.0,1.0,-0.0,0.0,0.0,,,,,,,,,0.0,0.0,0.0,0.0002577090017439332,0.0010271670034853742,0.020562916000926634,0.01204270599555457,0.0,0.0,0.000689124997734325,0.004891583001153776,0.0021830799742019735,0.0007984180010680575,0.0,0.008454708000499522,0.007573207996756537,0.0,0.0,9.604200022295117e-05,1.154200072051026e-05,ok,,60,binary,1.0,0,0,0.0,0.0,0.0,0.0,4.110873864173311,4.394449154672439,0.6931471805599453,60.0,80.0,0.75,4.110873864173311,4.394449154672439,0.5596157879354227,0.0,-0.6321324175211875,-1.4148467183574505,-0.7352722745438894,-2.3108854910695285,0.6041077601185371,0.5564989595382822,-0.43366987506508003,-0.6219770213280901,0.0,,,,,,,,0.0,0.0,0.0,0.0,0.0
53,binary_null_medium,binary_null,binary_template,binary,kl,"edge_alpha=0.001, sibling_alpha=0.01, tree_distance_metric=hamming, tree_distance_source=feature_metric, tree_linkage_method=average",1,1,200,150,0.0,1.0,1.0,1.0,1.0,1.0,1.0,1.0,1.0,1.0,1.0,1.0,0.0,0.0,200.0,1.0,1.0,-0.0,0.0,0.0,,,,,,,,,0.0,0.0,0.0,0.0007844169995223638,0.003839332999632461,0.09829058299874305,0.06900588399730623,0.0,0.0,0.006101875002059387,0.01621675000205869,0.008359038994967705,0.00429179000275326,0.0,0.04059933399912552,0.03938620800181525,0.0,0.0,0.00012416599929565564,2.6583998987916857e-05,ok,,200,binary,1.0,0,0,0.0,0.0,0.0,0.0,5.303304908059076,5.017279836814924,0.6931471805599453,200.0,150.0,1.3333333333333333,5.303304908059076,5.017279836814924,0.8472978603872036,0.0,-0.6321324175211875,0.1508670853804095,-0.22129458050907153,-2.3108854910695285,2.2595498343715024,1.118134920956766,0.04760013015705516,-0.6219770213280901,0.0,,,,,,,,0.0,0.0,0.0,0.0,0.0
53,binary_null_medium,binary_null,binary_template,binary,kl_legacy_c2ef9a69,"edge_alpha=0.001, sibling_alpha=0.01, tree_builder=linkage, tree_distance_metric=hamming, tree_distance_source=feature_metric, tree_linkage_method=average, tree_rooting=linkage_root",1,1,200,150,0.0,1.0,1.0,1.0,1.0,1.0,1.0,1.0,1.0,1.0,1.0,1.0,0.0,0.0,200.0,1.0,1.0,-0.0,0.0,0.0,,,,,,,,,0.0,0.0,0.0,0.0007704160016146488,0.0,0.0,0.0,0.0,0.0,0.0,0.0,0.0,0.0,0.0,0.0,0.0,0.0,0.0,0.0,0.0,ok,,200,binary,1.0,0,0,0.0,0.0,0.0,0.0,5.303304908059076,5.017279836814924,0.6931471805599453,200.0,150.0,1.3333333333333333,5.303304908059076,5.017279836814924,0.8472978603872036,0.0,-0.6321324175211875,0.1508670853804095,-0.22129458050907153,-2.3108854910695285,2.2595498343715024,1.118134920956766,0.04760013015705516,-0.6219770213280901,0.0,,,,,,,,0.0,0.0,0.0,0.0,0.0
53,binary_null_medium,binary_null,binary_template,binary,kl_internal_filter_branch_length_v1,"edge_alpha=0.001, enforce_internal_support_thresholds=True, sibling_alpha=0.01, spectral_include_internal_barycenters=True, spectral_internal_distribution_mode=branch_length_state, spectral_mp_row_count_mode=leaf_effective_rows, tree_distance_metric=hamming, tree_distance_source=feature_metric, tree_linkage_method=average",1,1,200,150,0.0,1.0,1.0,1.0,1.0,1.0,1.0,1.0,1.0,1.0,1.0,1.0,0.0,0.0,200.0,1.0,1.0,-0.0,0.0,0.0,,,,,,,,,0.0,0.0,0.0,0.0008791660002316348,0.003945250002288958,0.11637808399973437,0.06885924601010629,0.0,0.0,0.006334707999485545,0.03388266699766973,0.016441953022876987,0.006424329956644215,0.0,0.04174416699970607,0.04027683299864293,0.0,0.0,0.00012412499927449971,2.5625002308515832e-05,ok,,200,binary,1.0,0,0,0.0,0.0,0.0,0.0,5.303304908059076,5.017279836814924,0.6931471805599453,200.0,150.0,1.3333333333333333,5.303304908059076,5.017279836814924,0.8472978603872036,0.0,-0.6321324175211875,0.1508670853804095,-0.22129458050907153,-2.3108854910695285,2.2595498343715024,1.118134920956766,0.04760013015705516,-0.6219770213280901,0.0,,,,,,,,0.0,0.0,0.0,0.0,0.0
54,binary_multiscale_4c,binary_multiscale,binary_template,binary,kl,"edge_alpha=0.001, sibling_alpha=0.01, tree_distance_metric=hamming, tree_distance_source=feature_metric, tree_linkage_method=average",4,4,120,160,0.08,1.0,1.0,1.0,1.0,1.0,1.0,1.0,1.0,1.0,1.0,1.0,0.0,0.0,30.0,0.25,4.0,1.3862943611198906,0.0,0.0,0.44088890923018387,0.925888291987941,69.17502747959493,,,,,,0.0,0.0,0.0,0.0005370409999159165,0.0026153750004596077,0.0738935000008496,0.04443429698221735,0.0004902909859083593,0.006725784958689474,0.0019905840017599985,0.017058666999218985,0.004046423000545474,0.008452914971712744,0.0018862490142055321,0.07691012500072247,0.027779583000665298,0.0002972090005641803,0.029551708001235966,0.01822691699999268,2.341700019314885e-05,ok,,120,binary,1.0,0,0,0.0,0.0,0.0,0.08,4.795790545596741,5.081404364984463,1.6094379124341003,30.0,40.0,0.75,3.4339872044851463,3.713572066704308,0.5596157879354227,0.128755032994728,-0.5736844653095058,-0.5155213376457708,-0.16837718567830376,-0.3196421712667257,-0.3356083448034059,-0.057480198638957286,-0.43366987506508003,-0.569060539184028,0.0,,,,,,,,0.0,0.0,0.0,0.0,0.0
54,binary_multiscale_4c,binary_multiscale,binary_template,binary,kl_legacy_c2ef9a69,"edge_alpha=0.001, sibling_alpha=0.01, tree_builder=linkage, tree_distance_metric=hamming, tree_distance_source=feature_metric, tree_linkage_method=average, tree_rooting=linkage_root",4,4,120,160,0.08,1.0,1.0,1.0,1.0,1.0,1.0,1.0,1.0,1.0,1.0,1.0,0.0,0.0,30.0,0.25,4.0,1.3862943611198906,0.0,0.0,0.44088890923018387,0.925888291987941,69.17502747959493,,,,,,0.0,0.0,0.0,0.000517458000103943,0.0,0.0,0.0,0.0,0.0,0.0,0.0,0.0,0.0,0.0,0.0,0.0,0.0,0.0,0.0,0.0,ok,,120,binary,1.0,0,0,0.0,0.0,0.0,0.08,4.795790545596741,5.081404364984463,1.6094379124341003,30.0,40.0,0.75,3.4339872044851463,3.713572066704308,0.5596157879354227,0.128755032994728,-0.5736844653095058,-0.5155213376457708,-0.16837718567830376,-0.3196421712667257,-0.3356083448034059,-0.057480198638957286,-0.43366987506508003,-0.569060539184028,0.0,,,,,,,,0.0,0.0,0.0,0.0,0.0
54,binary_multiscale_4c,binary_multiscale,binary_template,binary,kl_internal_filter_branch_length_v1,"edge_alpha=0.001, enforce_internal_support_thresholds=True, sibling_alpha=0.01, spectral_include_internal_barycenters=True, spectral_internal_distribution_mode=branch_length_state, spectral_mp_row_count_mode=leaf_effective_rows, tree_distance_metric=hamming, tree_distance_source=feature_metric, tree_linkage_method=average",4,4,120,160,0.08,1.0,1.0,1.0,1.0,1.0,1.0,1.0,1.0,1.0,1.0,1.0,0.0,0.0,30.0,0.25,4.0,1.3862943611198906,0.0,0.0,0.44088890923018387,0.925888291987941,69.17502747959493,,,,,,0.0,0.0,0.0,0.0005931669984420296,0.0025144999999611173,0.07949420899967663,0.04411179603630444,0.00043278796147205867,0.0061429410307027865,0.0008694589996594004,0.02517279200037592,0.006553669983986765,0.012615622006705962,0.0018467509871697985,0.03835787500065635,0.028803625002183253,0.00032283400287269615,0.004961499998898944,0.0033100839973485563,2.6042001991299912e-05,ok,,120,binary,1.0,0,0,0.0,0.0,0.0,0.08,4.795790545596741,5.081404364984463,1.6094379124341003,30.0,40.0,0.75,3.4339872044851463,3.713572066704308,0.5596157879354227,0.128755032994728,-0.5736844653095058,-0.5155213376457708,-0.16837718567830376,-0.3196421712667257,-0.3356083448034059,-0.057480198638957286,-0.43366987506508003,-0.569060539184028,0.0,,,,,,,,0.0,0.0,0.0,0.0,0.0
55,binary_multiscale_6c,binary_multiscale,binary_template,binary,kl,"edge_alpha=0.001, sibling_alpha=0.01, tree_distance_metric=hamming, tree_distance_source=feature_metric, tree_linkage_method=average",6,6,180,240,0.1,1.0,1.0,1.0,1.0,1.0,1.0,1.0,1.0,1.0,1.0,1.0,0.0,0.0,30.0,0.16666666666666666,5.999999999999998,1.7917594692280547,0.0,0.0,0.3129771646299509,1.277572554402637,37.392022449033796,,,,,,0.0,0.0,0.0,0.0008079159997578245,0.004982625003322028,0.14081312499911292,0.09496800195120159,0.000710921041900292,0.009704181051347405,0.0019901669984392356,0.029787542000121903,0.00815917001455091,0.014227781994122779,0.003020632968400605,0.12537412500023493,0.05632966600023792,0.0003996660016127862,0.051908666999224806,0.01544054199985112,3.1375002436107025e-05,ok,,180,binary,1.0,0,0,0.0,0.0,0.0,0.1,5.198497031265826,5.484796933490655,1.9459101490553132,30.0,40.0,0.75,3.4339872044851463,3.713572066704308,0.5596157879354227,0.19459101490553132,-0.5590724772565853,0.013249786437151937,0.16451390028807877,0.41156471554823,-0.3356083448034059,-0.057480198638957286,-0.43366987506508003,-0.5420028896289814,0.0,,,,,,,,0.0,0.0,0.0,0.0,0.0
55,binary_multiscale_6c,binary_multiscale,binary_template,binary,kl_legacy_c2ef9a69,"edge_alpha=0.001, sibling_alpha=0.01, tree_builder=linkage, tree_distance_metric=hamming, tree_distance_source=feature_metric, tree_linkage_method=average, tree_rooting=linkage_root",6,6,180,240,0.1,1.0,1.0,1.0,1.0,1.0,1.0,1.0,1.0,1.0,1.0,1.0,0.0,0.0,30.0,0.16666666666666666,5.999999999999998,1.7917594692280547,0.0,0.0,0.3129771646299509,1.277572554402637,37.392022449033796,,,,,,0.0,0.0,0.0,0.0007869159999245312,0.0,0.0,0.0,0.0,0.0,0.0,0.0,0.0,0.0,0.0,0.0,0.0,0.0,0.0,0.0,0.0,ok,,180,binary,1.0,0,0,0.0,0.0,0.0,0.1,5.198497031265826,5.484796933490655,1.9459101490553132,30.0,40.0,0.75,3.4339872044851463,3.713572066704308,0.5596157879354227,0.19459101490553132,-0.5590724772565853,0.013249786437151937,0.16451390028807877,0.41156471554823,-0.3356083448034059,-0.057480198638957286,-0.43366987506508003,-0.5420028896289814,0.0,,,,,,,,0.0,0.0,0.0,0.0,0.0
55,binary_multiscale_6c,binary_multiscale,binary_template,binary,kl_internal_filter_branch_length_v1,"edge_alpha=0.001, enforce_internal_support_thresholds=True, sibling_alpha=0.01, spectral_include_internal_barycenters=True, spectral_internal_distribution_mode=branch_length_state, spectral_mp_row_count_mode=leaf_effective_rows, tree_distance_metric=hamming, tree_distance_source=feature_metric, tree_linkage_method=average",6,6,180,240,0.1,1.0,1.0,1.0,1.0,1.0,1.0,1.0,1.0,1.0,1.0,1.0,0.0,0.0,30.0,0.16666666666666666,5.999999999999998,1.7917594692280547,0.0,0.0,0.3129771646299509,1.277572554402637,37.392022449033796,,,,,,0.0,0.0,0.0,0.0008537079993402585,0.004894083002000116,0.15446616700137383,0.09406924097493174,0.0006905709778948221,0.00957952103271964,0.0012431659997673705,0.04519100000106846,0.013467631000821711,0.021683289010979934,0.003006999017088674,0.06895458299914026,0.05552266699669417,0.0004543329996522516,0.008807250000245403,0.003051499999855878,2.849999873433262e-05,ok,,180,binary,1.0,0,0,0.0,0.0,0.0,0.1,5.198497031265826,5.484796933490655,1.9459101490553132,30.0,40.0,0.75,3.4339872044851463,3.713572066704308,0.5596157879354227,0.19459101490553132,-0.5590724772565853,0.013249786437151937,0.16451390028807877,0.41156471554823,-0.3356083448034059,-0.057480198638957286,-0.43366987506508003,-0.5420028896289814,0.0,,,,,,,,0.0,0.0,0.0,0.0,0.0
56,binary_noise_feat_50i_200n,binary_noise_features,binary_template,binary,kl,"edge_alpha=0.001, sibling_alpha=0.01, tree_distance_metric=hamming, tree_distance_source=feature_metric, tree_linkage_method=average",4,4,120,450,0.08,1.0,1.0,1.0,1.0,1.0,1.0,1.0,1.0,1.0,1.0,1.0,0.0,0.0,30.0,0.25,4.0,1.3862943611198906,0.0,0.0,0.21370453947086976,1.712710100467453,20.378319748773862,,,,,,0.0,0.0,0.0,0.0005146250005054753,0.006095209002523916,0.1537077920002048,0.11796242000855273,0.0005545900276047178,0.006922910975845298,0.0016234590002568439,0.023670375001529464,0.009616581981390482,0.008031995010242099,0.002367075976508204,0.11148066700116033,0.06477791699944646,0.0003217920020688325,0.02961716699792305,0.015511292000155663,2.4499997380189598e-05,ok,,120,binary,1.0,0,0,0.0,0.0,0.0,0.08,4.795790545596741,6.111467339502679,1.6094379124341003,30.0,112.5,0.26666666666666666,3.4339872044851463,4.7318028369214575,0.2363887780642304,0.128755032994728,-0.5736844653095058,-0.5155213376457708,0.6816602442895412,-0.3196421712667257,-0.3356083448034059,0.860706772512801,-0.9744038297494392,-0.569060539184028,0.0,,,,,,,,0.0,0.0,0.0,0.0,0.0
56,binary_noise_feat_50i_200n,binary_noise_features,binary_template,binary,kl_legacy_c2ef9a69,"edge_alpha=0.001, sibling_alpha=0.01, tree_builder=linkage, tree_distance_metric=hamming, tree_distance_source=feature_metric, tree_linkage_method=average, tree_rooting=linkage_root",4,4,120,450,0.08,1.0,1.0,1.0,1.0,1.0,1.0,1.0,1.0,1.0,1.0,1.0,0.0,0.0,30.0,0.25,4.0,1.3862943611198906,0.0,0.0,0.21370453947086976,1.712710100467453,20.378319748773862,,,,,,0.0,0.0,0.0,0.000523291000718018,0.0,0.0,0.0,0.0,0.0,0.0,0.0,0.0,0.0,0.0,0.0,0.0,0.0,0.0,0.0,0.0,ok,,120,binary,1.0,0,0,0.0,0.0,0.0,0.08,4.795790545596741,6.111467339502679,1.6094379124341003,30.0,112.5,0.26666666666666666,3.4339872044851463,4.7318028369214575,0.2363887780642304,0.128755032994728,-0.5736844653095058,-0.5155213376457708,0.6816602442895412,-0.3196421712667257,-0.3356083448034059,0.860706772512801,-0.9744038297494392,-0.569060539184028,0.0,,,,,,,,0.0,0.0,0.0,0.0,0.0
56,binary_noise_feat_50i_200n,binary_noise_features,binary_template,binary,kl_internal_filter_branch_length_v1,"edge_alpha=0.001, enforce_internal_support_thresholds=True, sibling_alpha=0.01, spectral_include_internal_barycenters=True, spectral_internal_distribution_mode=branch_length_state, spectral_mp_row_count_mode=leaf_effective_rows, tree_distance_metric=hamming, tree_distance_source=feature_metric, tree_linkage_method=average",4,4,120,450,0.08,1.0,1.0,1.0,1.0,1.0,1.0,1.0,1.0,1.0,1.0,1.0,0.0,0.0,30.0,0.25,4.0,1.3862943611198906,0.0,0.0,0.21370453947086976,1.712710100467453,20.378319748773862,,,,,,0.0,0.0,0.0,0.0005324999983713496,0.005555125000682892,0.16299291600080323,0.11597858702589292,0.0006001730289426632,0.007305244995222893,0.0006632080003328156,0.03534958299860591,0.014646127976448042,0.01287908197627985,0.002370171991060488,0.0715507909990265,0.06401166700015892,0.00030370799868251197,0.0038238339984673075,0.0024067499980446883,2.6375000743428245e-05,ok,,120,binary,1.0,0,0,0.0,0.0,0.0,0.08,4.795790545596741,6.111467339502679,1.6094379124341003,30.0,112.5,0.26666666666666666,3.4339872044851463,4.7318028369214575,0.2363887780642304,0.128755032994728,-0.5736844653095058,-0.5155213376457708,0.6816602442895412,-0.3196421712667257,-0.3356083448034059,0.860706772512801,-0.9744038297494392,-0.569060539184028,0.0,,,,,,,,0.0,0.0,0.0,0.0,0.0
57,binary_noise_feat_80i_400n,binary_noise_features,binary_template,binary,kl_legacy_c2ef9a69,"edge_alpha=0.001, sibling_alpha=0.01, tree_builder=linkage, tree_distance_metric=hamming, tree_distance_source=feature_metric, tree_linkage_method=average, tree_rooting=linkage_root",6,6,160,880,0.1,1.0,1.0,1.0,1.0,1.0,1.0,1.0,1.0,1.0,1.0,1.0,0.0,0.0,27.0,0.16875,5.999058593436794,1.791602555823923,0.008333333333333333,0.0,0.14438607090690422,2.155880927992856,11.431658982758405,,,,,,0.0,0.0,0.0,0.0007358750008279458,0.0,0.0,0.0,0.0,0.0,0.0,0.0,0.0,0.0,0.0,0.0,0.0,0.0,0.0,0.0,0.0,ok,,160,binary,1.0,0,0,0.0,0.0,0.0,0.1,5.081404364984463,6.78105762593618,1.9459101490553132,26.666666666666668,146.66666666666666,0.18181818181818182,3.3202283191284883,4.994957481377026,0.1670540846631662,0.19459101490553132,-0.5590724772565853,-0.14049797520764143,1.234225301273153,0.41156471554823,-0.4935388566809317,1.0980057945072421,-1.0903954449753006,-0.5420028896289814,0.0,,,,,,,,0.0,0.0,0.0,0.0,0.0
57,binary_noise_feat_80i_400n,binary_noise_features,binary_template,binary,kl_internal_filter_branch_length_v1,"edge_alpha=0.001, enforce_internal_support_thresholds=True, sibling_alpha=0.01, spectral_include_internal_barycenters=True, spectral_internal_distribution_mode=branch_length_state, spectral_mp_row_count_mode=leaf_effective_rows, tree_distance_metric=hamming, tree_distance_source=feature_metric, tree_linkage_method=average",6,6,160,880,0.1,1.0,1.0,1.0,1.0,1.0,1.0,1.0,1.0,1.0,1.0,1.0,0.0,0.0,27.0,0.16875,5.999058593436794,1.791602555823923,0.008333333333333333,0.0,0.14438607090690422,2.155880927992856,11.431658982758405,,,,,,0.0,0.0,0.0,0.0011435420019552112,0.013583749998360872,0.42890779200024554,0.33603492602924234,0.000985747992672259,0.010448022014315939,0.0012018330016871914,0.07634654099820182,0.03888850396106136,0.022938081001484534,0.004341799005487701,0.2043533749965718,0.16304725000009057,0.0004862079986196477,0.0313942920001864,0.008255042001110269,3.0208000680431724e-05,ok,,160,binary,1.0,0,0,0.0,0.0,0.0,0.1,5.081404364984463,6.78105762593618,1.9459101490553132,26.666666666666668,146.66666666666666,0.18181818181818182,3.3202283191284883,4.994957481377026,0.1670540846631662,0.19459101490553132,-0.5590724772565853,-0.14049797520764143,1.234225301273153,0.41156471554823,-0.4935388566809317,1.0980057945072421,-1.0903954449753006,-0.5420028896289814,0.0,,,,,,,,0.0,0.0,0.0,0.0,0.0
58,binary_noise_feat_30i_500n,binary_noise_features,binary_template,binary,kl_legacy_c2ef9a69,"edge_alpha=0.001, sibling_alpha=0.01, tree_builder=linkage, tree_distance_metric=hamming, tree_distance_source=feature_metric, tree_linkage_method=average, tree_rooting=linkage_root",3,3,100,1030,0.05,1.0,1.0,1.0,1.0,1.0,1.0,1.0,1.0,1.0,1.0,1.0,0.0,0.0,33.0,0.34,2.9997010000489817,1.0985126170507196,0.006666666666666667,0.0,0.27282423329479843,1.4483397501842596,31.24160535810921,,,,,,0.0,0.0,0.0,0.0004341669991845265,0.0,0.0,0.0,0.0,0.0,0.0,0.0,0.0,0.0,0.0,0.0,0.0,0.0,0.0,0.0,0.0,ok,,100,binary,1.0,0,0,0.0,0.0,0.0,0.05,4.61512051684126,6.93828448401696,1.3862943611198906,33.333333333333336,343.3333333333333,0.0970873786407767,3.5361166995615263,5.841610180451529,0.09265883048270479,0.06931471805599453,-0.5956024473888863,-0.752748940360946,1.3639734017981877,-0.8045680691885214,-0.19382281847166483,1.8614726824847998,-1.2148529895931839,-0.593489660834144,0.0,,,,,,,,0.0,0.0,0.0,0.0,0.0
58,binary_noise_feat_30i_500n,binary_noise_features,binary_template,binary,kl_internal_filter_branch_length_v1,"edge_alpha=0.001, enforce_internal_support_thresholds=True, sibling_alpha=0.01, spectral_include_internal_barycenters=True, spectral_internal_distribution_mode=branch_length_state, spectral_mp_row_count_mode=leaf_effective_rows, tree_distance_metric=hamming, tree_distance_source=feature_metric, tree_linkage_method=average",3,3,100,1030,0.05,1.0,1.0,1.0,1.0,1.0,1.0,1.0,1.0,1.0,1.0,1.0,0.0,0.0,33.0,0.34,2.9997010000489817,1.0985126170507196,0.006666666666666667,0.0,0.27282423329479843,1.4483397501842596,31.24160535810921,,,,,,0.0,0.0,0.0,0.0005625420017167926,0.010417458997835638,0.293643292003253,0.2292704990140919,0.0007602509467687923,0.00814557497142232,0.0005172079982003197,0.051695333000679966,0.028564795000420418,0.01308219999918947,0.002657790002558613,0.1495114579993242,0.14441850000002887,0.0003097909975622315,0.0021158749987080228,0.0017835830003605224,2.0125000446569175e-05,ok,,100,binary,1.0,0,0,0.0,0.0,0.0,0.05,4.61512051684126,6.93828448401696,1.3862943611198906,33.333333333333336,343.3333333333333,0.0970873786407767,3.5361166995615263,5.841610180451529,0.09265883048270479,0.06931471805599453,-0.5956024473888863,-0.752748940360946,1.3639734017981877,-0.8045680691885214,-0.19382281847166483,1.8614726824847998,-1.2148529895931839,-0.593489660834144,0.0,,,,,,,,0.0,0.0,0.0,0.0,0.0
59,sbm_clear_small,sbm_graphs,stochastic_block_model,graph_adjacency,kl,"edge_alpha=0.001, sibling_alpha=0.01, tree_distance_metric=sbm_shifted_modularity, tree_distance_source=precomputed, tree_linkage_method=average",2,2,60,60,0.005,0.9333154537269401,0.8941355940977421,0.89281314557551,0.9833333333333333,0.893777204104374,0.8944942716234195,0.8941355940977422,0.9661115895800325,0.9833333333333334,0.9833287024173382,0.9666666666666667,0.0,0.0,30.0,0.5166666666666667,1.9988889917352368,0.6925915220779792,0.016666666666666666,0.0,0.05523741235565285,3.409268955892569,4.757842097578594,,,,,,0.0,0.0,0.0,0.0002992090012412518,0.0008934159995988011,0.01977808299852768,0.00945749600941781,0.00018929102225229144,0.0029195289753261022,0.00034841600063373335,0.005025792001106311,0.0008720790065126494,0.002200616989284754,0.000755414006562205,0.013934083002823172,0.007658541999262525,0.00024662500072736293,0.002714499998546671,0.00238520900165895,1.4624998584622517e-05,ok,,60,sbm,1.0,0,0,0.0,0.0,0.0,0.005,4.110873864173311,4.110873864173311,1.0986122886681098,30.0,30.0,1.0,3.4339872044851463,3.4339872044851463,0.6931471805599453,0.005493061443340549,-0.6284794205079575,-1.4148467183574505,-0.9692867155065967,-1.4297462850861693,-0.3356083448034059,-0.3095951271302138,-0.21028211413154274,-0.6197194514217185,0.0,,,,,,,,0.0,0.0,0.0,0.0,0.0
59,sbm_clear_small,sbm_graphs,stochastic_block_model,graph_adjacency,kl_legacy_c2ef9a69,"edge_alpha=0.001, sibling_alpha=0.01, tree_builder=linkage, tree_distance_metric=sbm_shifted_modularity, tree_distance_source=precomputed, tree_linkage_method=average, tree_rooting=linkage_root",2,2,60,60,0.005,0.9333154537269401,0.8941355940977421,0.89281314557551,0.9833333333333333,0.893777204104374,0.8944942716234195,0.8941355940977422,0.9661115895800325,0.9833333333333334,0.9833287024173382,0.9666666666666667,0.0,0.0,30.0,0.5166666666666667,1.9988889917352368,0.6925915220779792,0.016666666666666666,0.0,0.05523741235565285,3.409268955892569,4.757842097578594,,,,,,0.0,0.0,0.0,0.00029654099853360094,0.0,0.0,0.0,0.0,0.0,0.0,0.0,0.0,0.0,0.0,0.0,0.0,0.0,0.0,0.0,0.0,ok,,60,sbm,1.0,0,0,0.0,0.0,0.0,0.005,4.110873864173311,4.110873864173311,1.0986122886681098,30.0,30.0,1.0,3.4339872044851463,3.4339872044851463,0.6931471805599453,0.005493061443340549,-0.6284794205079575,-1.4148467183574505,-0.9692867155065967,-1.4297462850861693,-0.3356083448034059,-0.3095951271302138,-0.21028211413154274,-0.6197194514217185,0.0,,,,,,,,0.0,0.0,0.0,0.0,0.0
60,sbm_moderate,sbm_graphs,stochastic_block_model,graph_adjacency,kl,"edge_alpha=0.001, sibling_alpha=0.01, tree_distance_metric=sbm_shifted_modularity, tree_distance_source=precomputed, tree_linkage_method=average",3,2,120,120,0.02,0.20833643392757692,0.17062034690791408,0.16256202899871347,0.6,0.1396466357994494,0.21925017213235817,0.17062034690791408,0.5403396304314961,0.5283333333333333,0.4528995496737432,0.0,0.0,0.0,60.0,0.5583333333333333,1.9864042639937658,0.686326101803236,0.058333333333333334,0.0,0.01681289611103274,6.275207056535007,2.81487749175271,,,,,,1.0,0.0,1.0,0.0005350829997041728,0.0021380420002969913,0.056983415997819975,0.03455488399413298,0.00040241097303805873,0.006015026021486847,0.0009655419999035075,0.012214999998832354,0.0030114119945210405,0.005622949047392467,0.0014100049920671154,0.05223483399822726,0.023485957997763762,0.0003336669979034923,0.02116033299898845,0.006211833999259397,2.300000051036477e-05,ok,,120,sbm,0.0,-1,1,0.0,1.0,0.0,0.02,4.795790545596741,4.795790545596741,1.3862943611198906,40.0,40.0,1.0,3.713572066704308,3.713572066704308,0.6931471805599453,0.027725887222397813,-0.617520429468267,-0.5155213376457708,-0.4040738789889184,-0.8045680691885214,0.05253698788902148,-0.057480198638957286,-0.21028211413154274,-0.6105820771305116,0.0,,,,,,,,0.0,0.0,0.0,0.0,0.0
60,sbm_moderate,sbm_graphs,stochastic_block_model,graph_adjacency,kl_legacy_c2ef9a69,"edge_alpha=0.001, sibling_alpha=0.01, tree_builder=linkage, tree_distance_metric=sbm_shifted_modularity, tree_distance_source=precomputed, tree_linkage_method=average, tree_rooting=linkage_root",3,2,120,120,0.02,0.20833643392757692,0.17062034690791408,0.16256202899871347,0.6,0.1396466357994494,0.21925017213235817,0.17062034690791408,0.5403396304314961,0.5283333333333333,0.4528995496737432,0.0,0.0,0.0,60.0,0.5583333333333333,1.9864042639937658,0.686326101803236,0.058333333333333334,0.0,0.01681289611103274,6.275207056535007,2.81487749175271,,,,,,1.0,0.0,1.0,0.0005287919993861578,0.0,0.0,0.0,0.0,0.0,0.0,0.0,0.0,0.0,0.0,0.0,0.0,0.0,0.0,0.0,0.0,ok,,120,sbm,0.0,-1,1,0.0,1.0,0.0,0.02,4.795790545596741,4.795790545596741,1.3862943611198906,40.0,40.0,1.0,3.713572066704308,3.713572066704308,0.6931471805599453,0.027725887222397813,-0.617520429468267,-0.5155213376457708,-0.4040738789889184,-0.8045680691885214,0.05253698788902148,-0.057480198638957286,-0.21028211413154274,-0.6105820771305116,0.0,,,,,,,,0.0,0.0,0.0,0.0,0.0
61,sbm_hard,sbm_graphs,stochastic_block_model,graph_adjacency,kl,"edge_alpha=0.001, sibling_alpha=0.01, tree_distance_metric=sbm_shifted_modularity, tree_distance_source=precomputed, tree_linkage_method=average",3,1,120,120,0.04,0.0,0.0,0.0,0.3333333333333333,0.0,1.0,0.0,0.5724780279075999,0.3333333333333333,0.16666666666666666,0.0,0.0,0.0,120.0,1.0,1.0,-0.0,0.0,0.0,,,,,,,,,2.0,0.0,1.0,0.0005378749992814846,0.0021455839996633586,0.05717470799936564,0.03506096200726461,0.00042454501817701384,0.006363190961565124,0.0006441669975174591,0.011868000001413748,0.0030193789898476098,0.005294504000630695,0.0014184189967636485,0.03302316699773655,0.022965541000303347,0.0003326660007587634,0.005678999998053769,0.003039250001165783,1.6791000234661624e-05,ok,,120,sbm,0.0,-2,2,0.0,1.0,0.0,0.04,4.795790545596741,4.795790545596741,1.3862943611198906,40.0,40.0,1.0,3.713572066704308,3.713572066704308,0.6931471805599453,0.055451774444795626,-0.6029084414153466,-0.5155213376457708,-0.4040738789889184,-0.8045680691885214,0.05253698788902148,-0.057480198638957286,-0.21028211413154274,-0.5991871329329332,0.0,,,,,,,,0.0,0.0,0.0,0.0,0.0
61,sbm_hard,sbm_graphs,stochastic_block_model,graph_adjacency,kl_legacy_c2ef9a69,"edge_alpha=0.001, sibling_alpha=0.01, tree_builder=linkage, tree_distance_metric=sbm_shifted_modularity, tree_distance_source=precomputed, tree_linkage_method=average, tree_rooting=linkage_root",3,3,120,120,0.04,-0.008594316433535518,0.008195993412088695,-0.008334095758536495,0.375,0.007809870874201553,0.00862228180892208,0.008195993412088695,0.356987795135203,0.375,0.36315025020844843,0.25,0.0,0.0,31.0,0.55,2.7049909017225113,0.9950985487890955,0.2388888888888889,0.0,-0.003371164629787294,5.950959020635303,1.9592419947106359,,,,,,0.0,0.0,0.0,0.0005188750001252629,0.0,0.0,0.0,0.0,0.0,0.0,0.0,0.0,0.0,0.0,0.0,0.0,0.0,0.0,0.0,0.0,ok,,120,sbm,1.0,0,0,0.0,0.0,0.0,0.04,4.795790545596741,4.795790545596741,1.3862943611198906,40.0,40.0,1.0,3.713572066704308,3.713572066704308,0.6931471805599453,0.055451774444795626,-0.6029084414153466,-0.5155213376457708,-0.4040738789889184,-0.8045680691885214,0.05253698788902148,-0.057480198638957286,-0.21028211413154274,-0.5991871329329332,0.0,,,,,,,,0.0,0.0,0.0,0.0,0.0
62,cat_clear_3cat_4c,categorical_clear,categorical_multinomial,categorical_one_hot,kl,"edge_alpha=0.001, sibling_alpha=0.01, tree_distance_metric=hamming, tree_distance_source=feature_metric, tree_linkage_method=average",4,3,100,150,0.05,0.7079646017699115,0.8571428571428572,0.853363169715556,0.75,0.7500000000000001,1.0,0.8571428571428573,0.8108848540793832,0.75,0.6666666666666666,0.0,0.0,0.0,25.0,0.5,2.82842712474619,1.0397207708399179,0.16666666666666666,0.0,0.174208960293626,1.8830437737283052,17.206397372128954,,,,,,1.0,0.0,1.0,0.0004523329989751801,0.0012691249976342078,0.05033158299920615,0.023397241020575166,0.0003592420216591563,0.005441943016194273,0.0013208329983172007,0.01656879100119113,0.007929453015094623,0.005247041004622588,0.00141491998147103,0.05621291699935682,0.01756625000052736,0.00027887499891221523,0.024772959000983974,0.012617791999218753,2.6166999305132776e-05,ok,,100,categorical,0.0,-1,1,0.0,1.0,0.0,0.05,4.61512051684126,5.017279836814924,1.6094379124341003,25.0,37.5,0.6666666666666666,3.258096538021482,3.6506582412937387,0.5108256237659906,0.08047189562170502,-0.5956024473888863,-0.752748940360946,-0.22129458050907153,-0.3196421712667257,-0.5797958902596944,-0.11421257845594285,-0.5152920712780441,-0.5889042199880513,0.0,,,,,,,,0.0,0.0,0.0,0.0,0.0
62,cat_clear_3cat_4c,categorical_clear,categorical_multinomial,categorical_one_hot,kl_legacy_c2ef9a69,"edge_alpha=0.001, sibling_alpha=0.01, tree_builder=linkage, tree_distance_metric=hamming, tree_distance_source=feature_metric, tree_linkage_method=average, tree_rooting=linkage_root",4,3,100,150,0.05,0.7079646017699115,0.8571428571428572,0.853363169715556,0.75,0.7500000000000001,1.0,0.8571428571428573,0.8108848540793832,0.75,0.6666666666666666,0.0,0.0,0.0,25.0,0.5,2.82842712474619,1.0397207708399179,0.16666666666666666,0.0,0.174208960293626,1.8830437737283052,17.206397372128954,,,,,,1.0,0.0,1.0,0.0004444170008355286,0.0,0.0,0.0,0.0,0.0,0.0,0.0,0.0,0.0,0.0,0.0,0.0,0.0,0.0,0.0,0.0,ok,,100,categorical,0.0,-1,1,0.0,1.0,0.0,0.05,4.61512051684126,5.017279836814924,1.6094379124341003,25.0,37.5,0.6666666666666666,3.258096538021482,3.6506582412937387,0.5108256237659906,0.08047189562170502,-0.5956024473888863,-0.752748940360946,-0.22129458050907153,-0.3196421712667257,-0.5797958902596944,-0.11421257845594285,-0.5152920712780441,-0.5889042199880513,0.0,,,,,,,,0.0,0.0,0.0,0.0,0.0
62,cat_clear_3cat_4c,categorical_clear,categorical_multinomial,categorical_one_hot,kl_internal_filter_branch_length_v1,"edge_alpha=0.001, enforce_internal_support_thresholds=True, sibling_alpha=0.01, spectral_include_internal_barycenters=True, spectral_internal_distribution_mode=branch_length_state, spectral_mp_row_count_mode=leaf_effective_rows, tree_distance_metric=hamming, tree_distance_source=feature_metric, tree_linkage_method=average",4,3,100,150,0.05,0.7079646017699115,0.8571428571428572,0.853363169715556,0.75,0.7500000000000001,1.0,0.8571428571428573,0.8108848540793832,0.75,0.6666666666666666,0.0,0.0,0.0,25.0,0.5,2.82842712474619,1.0397207708399179,0.16666666666666666,0.0,0.174208960293626,1.8830437737283052,17.206397372128954,,,,,,1.0,0.0,1.0,0.00041595900256652385,0.0012192499998491257,0.05973400000220863,0.02474974198776181,0.00042612599645508453,0.005829703000927111,0.0005321249991538934,0.024913750003179302,0.012872875013272278,0.007308167027076706,0.001577836006617872,0.02270883299934212,0.01813008300086949,0.00031362500158138573,0.0014963330031605437,0.0017162920012196992,1.849999898695387e-05,ok,,100,categorical,0.0,-1,1,0.0,1.0,0.0,0.05,4.61512051684126,5.017279836814924,1.6094379124341003,25.0,37.5,0.6666666666666666,3.258096538021482,3.6506582412937387,0.5108256237659906,0.08047189562170502,-0.5956024473888863,-0.752748940360946,-0.22129458050907153,-0.3196421712667257,-0.5797958902596944,-0.11421257845594285,-0.5152920712780441,-0.5889042199880513,0.0,,,,,,,,0.0,0.0,0.0,0.0,0.0
63,cat_clear_4cat_4c,categorical_clear,categorical_multinomial,categorical_one_hot,kl,"edge_alpha=0.001, sibling_alpha=0.01, tree_distance_metric=hamming, tree_distance_source=feature_metric, tree_linkage_method=average",4,4,100,200,0.05,1.0,1.0,1.0,1.0,1.0,1.0,1.0,1.0,1.0,1.0,1.0,0.0,0.0,25.0,0.25,4.0,1.3862943611198906,0.0,0.0,0.1214359185620497,2.3877353435897413,9.408206357358903,,,,,,0.0,0.0,0.0,0.0006017499981680885,0.001373625000269385,0.054555332997551886,0.02552499802186503,0.00038699598371749744,0.005746650989749469,0.001470250001148088,0.01805429100204492,0.008711331010999857,0.005813625008158851,0.0015398270261357538,0.057318541999848094,0.0179434579986264,0.00026362499920651317,0.024719249999179738,0.013302250001288485,2.4708999262657017e-05,ok,,100,categorical,1.0,0,0,0.0,0.0,0.0,0.05,4.61512051684126,5.303304908059076,1.6094379124341003,25.0,50.0,0.5,3.258096538021482,3.9318256327243257,0.4054651081081644,0.08047189562170502,-0.5956024473888863,-0.752748940360946,0.014741489596706977,-0.3196421712667257,-0.5797958902596944,0.13932939167056885,-0.6915521193536779,-0.5889042199880513,0.0,,,,,,,,0.0,0.0,0.0,0.0,0.0
63,cat_clear_4cat_4c,categorical_clear,categorical_multinomial,categorical_one_hot,kl_legacy_c2ef9a69,"edge_alpha=0.001, sibling_alpha=0.01, tree_builder=linkage, tree_distance_metric=hamming, tree_distance_source=feature_metric, tree_linkage_method=average, tree_rooting=linkage_root",4,4,100,200,0.05,1.0,1.0,1.0,1.0,1.0,1.0,1.0,1.0,1.0,1.0,1.0,0.0,0.0,25.0,0.25,4.0,1.3862943611198906,0.0,0.0,0.1214359185620497,2.3877353435897413,9.408206357358903,,,,,,0.0,0.0,0.0,0.0004372910007077735,0.0,0.0,0.0,0.0,0.0,0.0,0.0,0.0,0.0,0.0,0.0,0.0,0.0,0.0,0.0,0.0,ok,,100,categorical,1.0,0,0,0.0,0.0,0.0,0.05,4.61512051684126,5.303304908059076,1.6094379124341003,25.0,50.0,0.5,3.258096538021482,3.9318256327243257,0.4054651081081644,0.08047189562170502,-0.5956024473888863,-0.752748940360946,0.014741489596706977,-0.3196421712667257,-0.5797958902596944,0.13932939167056885,-0.6915521193536779,-0.5889042199880513,0.0,,,,,,,,0.0,0.0,0.0,0.0,0.0
63,cat_clear_4cat_4c,categorical_clear,categorical_multinomial,categorical_one_hot,kl_internal_filter_branch_length_v1,"edge_alpha=0.001, enforce_internal_support_thresholds=True, sibling_alpha=0.01, spectral_include_internal_barycenters=True, spectral_internal_distribution_mode=branch_length_state, spectral_mp_row_count_mode=leaf_effective_rows, tree_distance_metric=hamming, tree_distance_source=feature_metric, tree_linkage_method=average",4,4,100,200,0.05,1.0,1.0,1.0,1.0,1.0,1.0,1.0,1.0,1.0,1.0,1.0,0.0,0.0,25.0,0.25,4.0,1.3862943611198906,0.0,0.0,0.1214359185620497,2.3877353435897413,9.408206357358903,,,,,,0.0,0.0,0.0,0.0005215830024098977,0.0014548750004905742,0.06222262500159559,0.025107598059548764,0.0003873400164593477,0.005675774002156686,0.0005454580023069866,0.027446167001471622,0.013933125999756157,0.008449252014543163,0.0016236290175584145,0.025363749999087304,0.01760195799943176,0.0002764999990176875,0.0039334169996436685,0.0027368749979359563,2.2500000341096893e-05,ok,,100,categorical,1.0,0,0,0.0,0.0,0.0,0.05,4.61512051684126,5.303304908059076,1.6094379124341003,25.0,50.0,0.5,3.258096538021482,3.9318256327243257,0.4054651081081644,0.08047189562170502,-0.5956024473888863,-0.752748940360946,0.014741489596706977,-0.3196421712667257,-0.5797958902596944,0.13932939167056885,-0.6915521193536779,-0.5889042199880513,0.0,,,,,,,,0.0,0.0,0.0,0.0,0.0
64,cat_clear_5cat_6c,categorical_clear,categorical_multinomial,categorical_one_hot,kl,"edge_alpha=0.001, sibling_alpha=0.01, tree_distance_metric=hamming, tree_distance_source=feature_metric, tree_linkage_method=average",6,6,150,400,0.08,0.9837791962248473,0.984302494702591,0.9834774242373011,0.9933333333333333,0.9842292285333751,0.9843757717805078,0.984302494702591,0.98639270673728,0.9933333333333333,0.9933306655995732,0.96,0.0,0.0,25.0,0.17333333333333334,5.998399786488253,1.7914927314047269,0.011111111111111112,0.0,0.07196760263140506,3.0403312841798606,6.425204077567054,,,,,,0.0,0.0,0.0,0.0007324160033022054,0.0026762499983306043,0.1083261659987329,0.0545405360062432,0.0006763369819964282,0.009154365037829848,0.0016554169997107238,0.03763666599843418,0.02022838202174171,0.010911245972238248,0.002848332980647683,0.10562050000226009,0.03980599999704282,0.00035616600143839605,0.048986457997671096,0.015195708998362534,3.658299829112366e-05,ok,,150,categorical,1.0,0,0,0.0,0.0,0.0,0.08,5.017279836814924,5.993961427306569,1.9459101490553132,25.0,66.66666666666667,0.375,3.258096538021482,4.214593690373678,0.3184537311185346,0.15567281192442506,-0.5736844653095058,-0.22469626862513706,0.5846910044661933,0.41156471554823,-0.5797958902596944,0.3943147584319314,-0.8371154681619469,-0.5579977159688031,0.0,,,,,,,,0.0,0.0,0.0,0.0,0.0
64,cat_clear_5cat_6c,categorical_clear,categorical_multinomial,categorical_one_hot,kl_legacy_c2ef9a69,"edge_alpha=0.001, sibling_alpha=0.01, tree_builder=linkage, tree_distance_metric=hamming, tree_distance_source=feature_metric, tree_linkage_method=average, tree_rooting=linkage_root",6,5,150,400,0.08,0.8185140073081608,0.9310809437291901,0.9280268290366546,0.8333333333333334,0.8710490642551528,1.0,0.93108094372919,0.8615497903412858,0.8333333333333334,0.7777777777777777,0.0,0.0,0.0,25.0,0.3333333333333333,4.762203155904597,1.5607104090414063,0.13333333333333333,0.0,0.07811430217366487,2.9415238965774964,6.973887159084355,,,,,,1.0,0.0,1.0,0.0006433330017898697,0.0,0.0,0.0,0.0,0.0,0.0,0.0,0.0,0.0,0.0,0.0,0.0,0.0,0.0,0.0,0.0,ok,,150,categorical,0.0,-1,1,0.0,1.0,0.0,0.08,5.017279836814924,5.993961427306569,1.9459101490553132,25.0,66.66666666666667,0.375,3.258096538021482,4.214593690373678,0.3184537311185346,0.15567281192442506,-0.5736844653095058,-0.22469626862513706,0.5846910044661933,0.41156471554823,-0.5797958902596944,0.3943147584319314,-0.8371154681619469,-0.5579977159688031,0.0,,,,,,,,0.0,0.0,0.0,0.0,0.0
64,cat_clear_5cat_6c,categorical_clear,categorical_multinomial,categorical_one_hot,kl_internal_filter_branch_length_v1,"edge_alpha=0.001, enforce_internal_support_thresholds=True, sibling_alpha=0.01, spectral_include_internal_barycenters=True, spectral_internal_distribution_mode=branch_length_state, spectral_mp_row_count_mode=leaf_effective_rows, tree_distance_metric=hamming, tree_distance_source=feature_metric, tree_linkage_method=average",6,6,150,400,0.08,0.9837791962248473,0.984302494702591,0.9834774242373011,0.9933333333333333,0.9842292285333751,0.9843757717805078,0.984302494702591,0.98639270673728,0.9933333333333333,0.9933306655995732,0.96,0.0,0.0,25.0,0.17333333333333334,5.998399786488253,1.7914927314047269,0.011111111111111112,0.0,0.07196760263140506,3.0403312841798606,6.425204077567054,,,,,,0.0,0.0,0.0,0.0006737080002494622,0.0021985000021231826,0.12482837499919697,0.05302391499571968,0.0006238999994820915,0.008533318010449875,0.0011174579994985834,0.057184291999874404,0.031515877020865446,0.01695912499417318,0.0028614900147658773,0.06951512500017998,0.03408937499989406,0.00036041699786437675,0.025793583001359366,0.008255457996710902,2.9209000786067918e-05,ok,,150,categorical,1.0,0,0,0.0,0.0,0.0,0.08,5.017279836814924,5.993961427306569,1.9459101490553132,25.0,66.66666666666667,0.375,3.258096538021482,4.214593690373678,0.3184537311185346,0.15567281192442506,-0.5736844653095058,-0.22469626862513706,0.5846910044661933,0.41156471554823,-0.5797958902596944,0.3943147584319314,-0.8371154681619469,-0.5579977159688031,0.0,,,,,,,,0.0,0.0,0.0,0.0,0.0
65,cat_mod_3cat_4c,categorical_moderate,categorical_multinomial,categorical_one_hot,kl_legacy_c2ef9a69,"edge_alpha=0.001, sibling_alpha=0.01, tree_builder=linkage, tree_distance_metric=hamming, tree_distance_source=feature_metric, tree_linkage_method=average, tree_rooting=linkage_root",4,4,120,180,0.15,0.9559602353211419,0.9554111549419693,0.954121680605433,0.9833333333333333,0.9550279911177314,0.9557946263455539,0.9554111549419692,0.9667055739841984,0.9833333333333334,0.9833147942157954,0.9333333333333333,0.0,0.0,30.0,0.26666666666666666,3.995554729393128,1.385182425496827,0.025,0.0,0.09176951833438532,2.8464177179097385,11.02420165380945,,,,,,0.0,0.0,0.0,0.0006219169990799855,0.0,0.0,0.0,0.0,0.0,0.0,0.0,0.0,0.0,0.0,0.0,0.0,0.0,0.0,0.0,0.0,ok,,120,categorical,1.0,0,0,0.0,0.0,0.0,0.15,4.795790545596741,5.198497031265826,1.6094379124341003,30.0,45.0,0.6666666666666666,3.4339872044851463,3.828641396489095,0.5108256237659906,0.24141568686511503,-0.5225425071242841,-0.5155213376457708,-0.07174896820407965,-0.3196421712667257,-0.3356083448034059,0.04628327274486694,-0.5152920712780441,-0.5227586173079738,0.0,,,,,,,,0.0,0.0,0.0,0.0,0.0
65,cat_mod_3cat_4c,categorical_moderate,categorical_multinomial,categorical_one_hot,kl_internal_filter_branch_length_v1,"edge_alpha=0.001, enforce_internal_support_thresholds=True, sibling_alpha=0.01, spectral_include_internal_barycenters=True, spectral_internal_distribution_mode=branch_length_state, spectral_mp_row_count_mode=leaf_effective_rows, tree_distance_metric=hamming, tree_distance_source=feature_metric, tree_linkage_method=average",4,4,120,180,0.15,0.9559602353211419,0.9554111549419693,0.954121680605433,0.9833333333333333,0.9550279911177314,0.9557946263455539,0.9554111549419692,0.9667055739841984,0.9833333333333334,0.9833147942157954,0.9333333333333333,0.0,0.0,30.0,0.26666666666666666,3.995554729393128,1.385182425496827,0.025,0.0,0.09176951833438532,2.8464177179097385,11.02420165380945,,,,,,0.0,0.0,0.0,0.0011922500016225968,0.002894666999054607,0.08528462499816669,0.032301494997227564,0.00048449596579303034,0.007247936984640546,0.0017300420004175976,0.0390443750002305,0.01997637897147797,0.011399918028473621,0.0024106229975586757,0.05070487500051968,0.028648167000937974,0.00034249999953317456,0.015262041997630149,0.005248999998002546,2.608299837447703e-05,ok,,120,categorical,1.0,0,0,0.0,0.0,0.0,0.15,4.795790545596741,5.198497031265826,1.6094379124341003,30.0,45.0,0.6666666666666666,3.4339872044851463,3.828641396489095,0.5108256237659906,0.24141568686511503,-0.5225425071242841,-0.5155213376457708,-0.07174896820407965,-0.3196421712667257,-0.3356083448034059,0.04628327274486694,-0.5152920712780441,-0.5227586173079738,0.0,,,,,,,,0.0,0.0,0.0,0.0,0.0
66,cat_mod_4cat_6c,categorical_moderate,categorical_multinomial,categorical_one_hot,kl,"edge_alpha=0.001, sibling_alpha=0.01, tree_distance_metric=hamming, tree_distance_source=feature_metric, tree_linkage_method=average",6,4,180,400,0.18,0.6780575539568345,0.8519590445170675,0.8477142305568258,0.6666666666666666,0.7420981285103058,1.0,0.8519590445170674,0.769309258162072,0.6666666666666666,0.5555555555555555,0.0,0.0,0.0,45.0,0.3333333333333333,3.779763149684619,1.329661348854758,0.16666666666666666,0.0,0.07129926827867611,3.2542931996990543,8.915733184169687,,,,,,2.0,0.0,1.0,0.0007881249985075556,0.0031752499999129213,0.13124341699949582,0.0679128010160639,0.0007791610405547544,0.010590898989903508,0.0027066670008935034,0.04401887499989243,0.024532805997296236,0.012585159976879368,0.003054914006497711,0.1145179580016702,0.043689375001122244,0.00036541699955705553,0.04807387499749893,0.021116166000865633,2.8250000468688086e-05,ok,,180,categorical,0.0,-2,2,0.0,1.0,0.0,0.18,5.198497031265826,5.993961427306569,1.9459101490553132,30.0,66.66666666666667,0.45,3.4339872044851463,4.214593690373678,0.37156355643248307,0.3502638268299564,-0.5006245250449034,0.013249786437151937,0.5846910044661933,0.41156471554823,-0.3356083448034059,0.3943147584319314,-0.748266810724404,-0.47802358426969443,0.0,,,,,,,,0.0,0.0,0.0,0.0,0.0
66,cat_mod_4cat_6c,categorical_moderate,categorical_multinomial,categorical_one_hot,kl_legacy_c2ef9a69,"edge_alpha=0.001, sibling_alpha=0.01, tree_builder=linkage, tree_distance_metric=hamming, tree_distance_source=feature_metric, tree_linkage_method=average, tree_rooting=linkage_root",6,4,180,400,0.18,0.6780575539568345,0.8519590445170675,0.8477142305568258,0.6666666666666666,0.7420981285103058,1.0,0.8519590445170674,0.769309258162072,0.6666666666666666,0.5555555555555555,0.0,0.0,0.0,45.0,0.3333333333333333,3.779763149684619,1.329661348854758,0.16666666666666666,0.0,0.07129926827867611,3.2542931996990543,8.915733184169687,,,,,,2.0,0.0,1.0,0.0008136249998642597,0.0,0.0,0.0,0.0,0.0,0.0,0.0,0.0,0.0,0.0,0.0,0.0,0.0,0.0,0.0,0.0,ok,,180,categorical,0.0,-2,2,0.0,1.0,0.0,0.18,5.198497031265826,5.993961427306569,1.9459101490553132,30.0,66.66666666666667,0.45,3.4339872044851463,4.214593690373678,0.37156355643248307,0.3502638268299564,-0.5006245250449034,0.013249786437151937,0.5846910044661933,0.41156471554823,-0.3356083448034059,0.3943147584319314,-0.748266810724404,-0.47802358426969443,0.0,,,,,,,,0.0,0.0,0.0,0.0,0.0
66,cat_mod_4cat_6c,categorical_moderate,categorical_multinomial,categorical_one_hot,kl_internal_filter_branch_length_v1,"edge_alpha=0.001, enforce_internal_support_thresholds=True, sibling_alpha=0.01, spectral_include_internal_barycenters=True, spectral_internal_distribution_mode=branch_length_state, spectral_mp_row_count_mode=leaf_effective_rows, tree_distance_metric=hamming, tree_distance_source=feature_metric, tree_linkage_method=average",6,5,180,400,0.18,0.8193743693239153,0.9310809437291901,0.9285907338166762,0.8333333333333334,0.8710490642551528,1.0,0.93108094372919,0.8623164985025763,0.8333333333333334,0.7777777777777777,0.0,0.0,0.0,30.0,0.3333333333333333,4.762203155904597,1.5607104090414063,0.13333333333333333,0.0,0.06781159054641714,3.257322913707482,7.8883465061927796,,,,,,1.0,0.0,1.0,0.0007772909993946087,0.0029302500006451737,0.1546836660018016,0.06703304999973625,0.0007329160252993461,0.01015243702204316,0.0017751250015862752,0.06976225000107661,0.039954542968189344,0.020214379008393735,0.0032851119904080406,0.1066086249993532,0.04301754199696006,0.0003981669979111757,0.05061020799985272,0.011426708999351831,2.7541002054931596e-05,ok,,180,categorical,0.0,-1,1,0.0,1.0,0.0,0.18,5.198497031265826,5.993961427306569,1.9459101490553132,30.0,66.66666666666667,0.45,3.4339872044851463,4.214593690373678,0.37156355643248307,0.3502638268299564,-0.5006245250449034,0.013249786437151937,0.5846910044661933,0.41156471554823,-0.3356083448034059,0.3943147584319314,-0.748266810724404,-0.47802358426969443,0.0,,,,,,,,0.0,0.0,0.0,0.0,0.0
67,cat_highcard_10cat_4c,categorical_high_cardinality,categorical_multinomial,categorical_one_hot,kl_legacy_c2ef9a69,"edge_alpha=0.001, sibling_alpha=0.01, tree_builder=linkage, tree_distance_metric=hamming, tree_distance_source=feature_metric, tree_linkage_method=average, tree_rooting=linkage_root",4,4,200,500,0.1,0.8819400413859186,0.8528198747590949,0.8503357119281569,0.955,0.8523612115302183,0.8532790318753487,0.8528198747590949,0.9110555723452567,0.955,0.9551130992907995,0.92,0.0,0.0,49.5,0.27,3.9940398348273365,1.3848032086112219,0.03,0.0,0.031981916526151434,4.5219804370786285,5.092068529751957,,,,,,0.0,0.0,0.0,0.000874624998687068,0.0,0.0,0.0,0.0,0.0,0.0,0.0,0.0,0.0,0.0,0.0,0.0,0.0,0.0,0.0,0.0,ok,,200,categorical,1.0,0,0,0.0,0.0,0.0,0.1,5.303304908059076,6.2166061010848646,1.6094379124341003,50.0,125.0,0.4,3.9318256327243257,4.836281906951478,0.33647223662121295,0.16094379124341004,-0.5590724772565853,0.1508670853804095,0.7684237576826176,-0.3196421712667257,0.3555365935248322,0.954920504473738,-0.8069718927786649,-0.5558314186480126,0.0,,,,,,,,0.0,0.0,0.0,0.0,0.0
68,cat_highcard_20cat_4c,categorical_high_cardinality,categorical_multinomial,categorical_one_hot,kl_legacy_c2ef9a69,"edge_alpha=0.001, sibling_alpha=0.01, tree_builder=linkage, tree_distance_metric=hamming, tree_distance_source=feature_metric, tree_linkage_method=average, tree_rooting=linkage_root",4,1,200,800,0.12,0.0,0.0,0.0,0.25,0.0,1.0,0.0,0.4962168435058351,0.25,0.1,0.0,0.0,0.0,200.0,1.0,1.0,-0.0,0.0,0.0,,,,,,,,,3.0,0.0,1.0,0.0008951670024544001,0.0,0.0,0.0,0.0,0.0,0.0,0.0,0.0,0.0,0.0,0.0,0.0,0.0,0.0,0.0,0.0,ok,,200,categorical,0.0,-3,3,0.0,1.0,0.0,0.12,5.303304908059076,6.68586094706836,1.6094379124341003,50.0,200.0,0.25,3.9318256327243257,5.303304908059076,0.22314355131420976,0.19313254949209202,-0.5444604892036649,0.1508670853804095,1.1556662789142291,-0.3196421712667257,0.3555365935248322,1.3760572913278024,-0.996562076500179,-0.5426022981119969,0.0,,,,,,,,0.0,0.0,0.0,0.0,0.0
68,cat_highcard_20cat_4c,categorical_high_cardinality,categorical_multinomial,categorical_one_hot,kl_internal_filter_branch_length_v1,"edge_alpha=0.001, enforce_internal_support_thresholds=True, sibling_alpha=0.01, spectral_include_internal_barycenters=True, spectral_internal_distribution_mode=branch_length_state, spectral_mp_row_count_mode=leaf_effective_rows, tree_distance_metric=hamming, tree_distance_source=feature_metric, tree_linkage_method=average",4,1,200,800,0.12,0.0,0.0,0.0,0.25,0.0,1.0,0.0,0.4962168435058351,0.25,0.1,0.0,0.0,0.0,200.0,1.0,1.0,-0.0,0.0,0.0,,,,,,,,,3.0,0.0,1.0,0.0010096250007336494,0.002545082999859005,0.22664016599810566,0.09835402696990059,0.0009882970443868544,0.011730237973097246,0.0018937499989988282,0.10855887500292738,0.06813657998281997,0.02798745899417554,0.004260623019945342,0.14544362499873387,0.06054395899991505,0.00042216699876007624,0.06902025000090362,0.01431941599730635,2.8041002224199474e-05,ok,,200,categorical,0.0,-3,3,0.0,1.0,0.0,0.12,5.303304908059076,6.68586094706836,1.6094379124341003,50.0,200.0,0.25,3.9318256327243257,5.303304908059076,0.22314355131420976,0.19313254949209202,-0.5444604892036649,0.1508670853804095,1.1556662789142291,-0.3196421712667257,0.3555365935248322,1.3760572913278024,-0.996562076500179,-0.5426022981119969,0.0,,,,,,,,0.0,0.0,0.0,0.0,0.0
69,cat_unbal_3cat_4c,categorical_unbalanced,categorical_multinomial,categorical_one_hot,kl,"edge_alpha=0.001, sibling_alpha=0.01, tree_distance_metric=hamming, tree_distance_source=feature_metric, tree_linkage_method=average",4,4,150,180,0.12,0.9282381249143422,0.9172950606014826,0.9154036857158468,0.9733333333333334,0.9177819086289268,0.9168087288085287,0.9172950606014826,0.9459371356413913,0.9749843652282677,0.9740740740740741,0.9487179487179487,0.0,0.0,38.5,0.26666666666666666,3.989454830814843,1.3836545876855213,0.03666666666666667,0.0,0.09292309543180131,2.901695085260482,13.269323292529402,,,,,,0.0,0.0,0.0,0.0006782910022593569,0.0020396250001795124,0.07903295800133492,0.03828353306016652,0.0005481250009324867,0.008372189000510843,0.0017164170021715108,0.026033707999886246,0.012655079994146945,0.008529299062502105,0.0020928760059177876,0.08521612499680487,0.027793082997959573,0.00036870799885946326,0.04260383300061221,0.013310542002727743,2.7292000595480204e-05,ok,,150,categorical,1.0,0,0,0.0,0.0,0.0,0.12,5.017279836814924,5.198497031265826,1.6094379124341003,37.5,45.0,0.8333333333333334,3.6506582412937387,3.828641396489095,0.6061358035703156,0.19313254949209202,-0.5444604892036649,-0.22469626862513706,-0.07174896820407965,-0.3196421712667257,-0.03480575127471944,0.04628327274486694,-0.35584546293981156,-0.5426022981119969,0.0,,,,,,,,0.0,0.0,0.0,0.0,0.0
69,cat_unbal_3cat_4c,categorical_unbalanced,categorical_multinomial,categorical_one_hot,kl_legacy_c2ef9a69,"edge_alpha=0.001, sibling_alpha=0.01, tree_builder=linkage, tree_distance_metric=hamming, tree_distance_source=feature_metric, tree_linkage_method=average, tree_rooting=linkage_root",4,4,150,180,0.12,0.9282381249143422,0.9172950606014826,0.9154036857158468,0.9733333333333334,0.9177819086289268,0.9168087288085287,0.9172950606014826,0.9459371356413913,0.9749843652282677,0.9740740740740741,0.9487179487179487,0.0,0.0,38.5,0.26666666666666666,3.989454830814843,1.3836545876855213,0.03666666666666667,0.0,0.09292309543180131,2.901695085260482,13.269323292529402,,,,,,0.0,0.0,0.0,0.0006406669999705628,0.0,0.0,0.0,0.0,0.0,0.0,0.0,0.0,0.0,0.0,0.0,0.0,0.0,0.0,0.0,0.0,ok,,150,categorical,1.0,0,0,0.0,0.0,0.0,0.12,5.017279836814924,5.198497031265826,1.6094379124341003,37.5,45.0,0.8333333333333334,3.6506582412937387,3.828641396489095,0.6061358035703156,0.19313254949209202,-0.5444604892036649,-0.22469626862513706,-0.07174896820407965,-0.3196421712667257,-0.03480575127471944,0.04628327274486694,-0.35584546293981156,-0.5426022981119969,0.0,,,,,,,,0.0,0.0,0.0,0.0,0.0
69,cat_unbal_3cat_4c,categorical_unbalanced,categorical_multinomial,categorical_one_hot,kl_internal_filter_branch_length_v1,"edge_alpha=0.001, enforce_internal_support_thresholds=True, sibling_alpha=0.01, spectral_include_internal_barycenters=True, spectral_internal_distribution_mode=branch_length_state, spectral_mp_row_count_mode=leaf_effective_rows, tree_distance_metric=hamming, tree_distance_source=feature_metric, tree_linkage_method=average",4,4,150,180,0.12,0.9282381249143422,0.9172950606014826,0.9154036857158468,0.9733333333333334,0.9177819086289268,0.9168087288085287,0.9172950606014826,0.9459371356413913,0.9749843652282677,0.9740740740740741,0.9487179487179487,0.0,0.0,38.5,0.26666666666666666,3.989454830814843,1.3836545876855213,0.03666666666666667,0.0,0.09292309543180131,2.901695085260482,13.269323292529402,,,,,,0.0,0.0,0.0,0.0007614160022058059,0.0020890419982606545,0.09513612499722512,0.03939299900957849,0.0006015060571371578,0.008565363015804905,0.0009748750017024577,0.04144754099979764,0.021571997964201728,0.012810963016818278,0.002281166016473435,0.05135724999854574,0.027800542000477435,0.0003950829996028915,0.016811583998787683,0.0052797079988522455,2.3584001610288396e-05,ok,,150,categorical,1.0,0,0,0.0,0.0,0.0,0.12,5.017279836814924,5.198497031265826,1.6094379124341003,37.5,45.0,0.8333333333333334,3.6506582412937387,3.828641396489095,0.6061358035703156,0.19313254949209202,-0.5444604892036649,-0.22469626862513706,-0.07174896820407965,-0.3196421712667257,-0.03480575127471944,0.04628327274486694,-0.35584546293981156,-0.5426022981119969,0.0,,,,,,,,0.0,0.0,0.0,0.0,0.0
70,cat_overlap_3cat_4c,categorical_overlapping,categorical_multinomial,categorical_one_hot,kl,"edge_alpha=0.001, sibling_alpha=0.01, tree_distance_metric=hamming, tree_distance_source=feature_metric, tree_linkage_method=average",4,3,400,300,0.35,0.6802931292570171,0.8132426959457543,0.8120659238118071,0.74,0.7094955852409501,0.9525275370190487,0.8132426959457543,0.7935210471854257,0.74,0.6594231791600214,0.0,0.0,0.0,98.0,0.51,2.8083279922493833,1.0325892856988514,0.17666666666666667,0.0,0.05957748116189308,3.668669078957674,19.61268879275418,,,,,,1.0,0.0,1.0,0.0022326250000332948,0.006188167000800604,0.28871308300222154,0.13927563199831638,0.0015785909854457714,0.022573081023438135,0.0026644999998097774,0.11301862500113202,0.053839865988265956,0.044028166972566396,0.006558371016581077,0.1836903750008787,0.09288620900042588,0.0007560420017398428,0.08104008300142596,0.007636833001015475,4.554200131678954e-05,ok,,400,categorical,0.0,-1,1,0.0,1.0,0.0,0.35,5.993961427306569,5.707110264748875,1.6094379124341003,100.0,75.0,1.3333333333333333,4.61512051684126,4.330733340286331,0.8472978603872036,0.5633032693519351,-0.3764226265950796,1.0577291227050094,0.3479732201793853,-0.3196421712667257,1.3041491829814866,0.49904338823083516,0.04760013015705516,-0.39046741194781864,0.0,,,,,,,,0.0,0.0,0.0,0.0,0.0
70,cat_overlap_3cat_4c,categorical_overlapping,categorical_multinomial,categorical_one_hot,kl_legacy_c2ef9a69,"edge_alpha=0.001, sibling_alpha=0.01, tree_builder=linkage, tree_distance_metric=hamming, tree_distance_source=feature_metric, tree_linkage_method=average, tree_rooting=linkage_root",4,3,400,300,0.35,0.6802931292570171,0.8132426959457543,0.8120659238118071,0.74,0.7094955852409501,0.9525275370190487,0.8132426959457543,0.7935210471854257,0.74,0.6594231791600214,0.0,0.0,0.0,98.0,0.51,2.8083279922493833,1.0325892856988514,0.17666666666666667,0.0,0.05957748116189308,3.668669078957674,19.61268879275418,,,,,,1.0,0.0,1.0,0.0021927079978922848,0.0,0.0,0.0,0.0,0.0,0.0,0.0,0.0,0.0,0.0,0.0,0.0,0.0,0.0,0.0,0.0,ok,,400,categorical,0.0,-1,1,0.0,1.0,0.0,0.35,5.993961427306569,5.707110264748875,1.6094379124341003,100.0,75.0,1.3333333333333333,4.61512051684126,4.330733340286331,0.8472978603872036,0.5633032693519351,-0.3764226265950796,1.0577291227050094,0.3479732201793853,-0.3196421712667257,1.3041491829814866,0.49904338823083516,0.04760013015705516,-0.39046741194781864,0.0,,,,,,,,0.0,0.0,0.0,0.0,0.0
70,cat_overlap_3cat_4c,categorical_overlapping,categorical_multinomial,categorical_one_hot,kl_internal_filter_branch_length_v1,"edge_alpha=0.001, enforce_internal_support_thresholds=True, sibling_alpha=0.01, spectral_include_internal_barycenters=True, spectral_internal_distribution_mode=branch_length_state, spectral_mp_row_count_mode=leaf_effective_rows, tree_distance_metric=hamming, tree_distance_source=feature_metric, tree_linkage_method=average",4,3,400,300,0.35,0.6802931292570171,0.8132426959457543,0.8120659238118071,0.74,0.7094955852409501,0.9525275370190487,0.8132426959457543,0.7935210471854257,0.74,0.6594231791600214,0.0,0.0,0.0,98.0,0.51,2.8083279922493833,1.0325892856988514,0.17666666666666667,0.0,0.05957748116189308,3.668669078957674,19.61268879275418,,,,,,1.0,0.0,1.0,0.0020927499972458463,0.006548500001372304,0.35259004199906485,0.14007717400818365,0.0016522559672011994,0.022646081026323372,0.002169166997191496,0.17633466600091197,0.08883412004070124,0.06606603992622695,0.006581499026651727,0.09940487499989104,0.0904840420007531,0.0007610829998156987,0.005144084003404714,0.0016897500026971102,4.324999827076681e-05,ok,,400,categorical,0.0,-1,1,0.0,1.0,0.0,0.35,5.993961427306569,5.707110264748875,1.6094379124341003,100.0,75.0,1.3333333333333333,4.61512051684126,4.330733340286331,0.8472978603872036,0.5633032693519351,-0.3764226265950796,1.0577291227050094,0.3479732201793853,-0.3196421712667257,1.3041491829814866,0.49904338823083516,0.04760013015705516,-0.39046741194781864,0.0,,,,,,,,0.0,0.0,0.0,0.0,0.0
71,cat_highd_3cat_500feat,categorical_high_dimensional,categorical_multinomial,categorical_one_hot,kl,"edge_alpha=0.001, sibling_alpha=0.01, tree_distance_metric=hamming, tree_distance_source=feature_metric, tree_linkage_method=average",4,4,200,1500,0.12,1.0,1.0,1.0,1.0,1.0,1.0,1.0,1.0,1.0,1.0,1.0,0.0,0.0,50.0,0.25,4.0,1.3862943611198906,0.0,0.0,0.10307516027702875,2.847702743123041,18.09654526534309,,,,,,0.0,0.0,0.0,0.0009624170015740674,0.011320333000185201,0.4180932089984708,0.2496329439600231,0.0012181890015199315,0.014052914975763997,0.002935125001386041,0.13955779200114193,0.10457962499640416,0.02118779896045453,0.006116625023423694,0.22477833299853955,0.14024179100306355,0.0003929170015908312,0.058370082999317674,0.02452975000051083,2.7959002181887627e-05,ok,,200,categorical,1.0,0,0,0.0,0.0,0.0,0.12,5.303304908059076,7.313886831633462,1.6094379124341003,50.0,375.0,0.13333333333333333,3.9318256327243257,5.929589143389895,0.12516314295400602,0.19313254949209202,-0.5444604892036649,0.1508670853804095,1.6739312025891082,-0.3196421712667257,0.3555365935248322,1.9408074854275783,-1.1604757720645282,-0.5426022981119969,0.0,,,,,,,,0.0,0.0,0.0,0.0,0.0
71,cat_highd_3cat_500feat,categorical_high_dimensional,categorical_multinomial,categorical_one_hot,kl_legacy_c2ef9a69,"edge_alpha=0.001, sibling_alpha=0.01, tree_builder=linkage, tree_distance_metric=hamming, tree_distance_source=feature_metric, tree_linkage_method=average, tree_rooting=linkage_root",4,4,200,1500,0.12,1.0,1.0,1.0,1.0,1.0,1.0,1.0,1.0,1.0,1.0,1.0,0.0,0.0,50.0,0.25,4.0,1.3862943611198906,0.0,0.0,0.10307516027702875,2.847702743123041,18.09654526534309,,,,,,0.0,0.0,0.0,0.0011784999987867195,0.0,0.0,0.0,0.0,0.0,0.0,0.0,0.0,0.0,0.0,0.0,0.0,0.0,0.0,0.0,0.0,ok,,200,categorical,1.0,0,0,0.0,0.0,0.0,0.12,5.303304908059076,7.313886831633462,1.6094379124341003,50.0,375.0,0.13333333333333333,3.9318256327243257,5.929589143389895,0.12516314295400602,0.19313254949209202,-0.5444604892036649,0.1508670853804095,1.6739312025891082,-0.3196421712667257,0.3555365935248322,1.9408074854275783,-1.1604757720645282,-0.5426022981119969,0.0,,,,,,,,0.0,0.0,0.0,0.0,0.0
71,cat_highd_3cat_500feat,categorical_high_dimensional,categorical_multinomial,categorical_one_hot,kl_internal_filter_branch_length_v1,"edge_alpha=0.001, enforce_internal_support_thresholds=True, sibling_alpha=0.01, spectral_include_internal_barycenters=True, spectral_internal_distribution_mode=branch_length_state, spectral_mp_row_count_mode=leaf_effective_rows, tree_distance_metric=hamming, tree_distance_source=feature_metric, tree_linkage_method=average",4,4,200,1500,0.12,1.0,1.0,1.0,1.0,1.0,1.0,1.0,1.0,1.0,1.0,1.0,0.0,0.0,50.0,0.25,4.0,1.3862943611198906,0.0,0.0,0.10307516027702875,2.847702743123041,18.09654526534309,,,,,,0.0,0.0,0.0,0.0009429999990970828,0.011291625000012573,0.49752937499943073,0.24507099696347723,0.001170373012428172,0.013038545002928004,0.001155792000645306,0.2271141669989447,0.17221562597114826,0.0367042159778066,0.00609575503403903,0.15096804199856706,0.13583162499708124,0.00045545899774879217,0.010044124999694759,0.0035259579999546986,3.162500070175156e-05,ok,,200,categorical,1.0,0,0,0.0,0.0,0.0,0.12,5.303304908059076,7.313886831633462,1.6094379124341003,50.0,375.0,0.13333333333333333,3.9318256327243257,5.929589143389895,0.12516314295400602,0.19313254949209202,-0.5444604892036649,0.1508670853804095,1.6739312025891082,-0.3196421712667257,0.3555365935248322,1.9408074854275783,-1.1604757720645282,-0.5426022981119969,0.0,,,,,,,,0.0,0.0,0.0,0.0,0.0
72,cat_highd_4cat_1000feat,categorical_high_dimensional,categorical_multinomial,categorical_one_hot,kl,"edge_alpha=0.001, sibling_alpha=0.01, tree_distance_metric=hamming, tree_distance_source=feature_metric, tree_linkage_method=average",6,6,300,4000,0.15,1.0,1.0,1.0,1.0,1.0,1.0,1.0,1.0,1.0,1.0,1.0,0.0,0.0,50.0,0.16666666666666666,5.999999999999998,1.7917594692280547,0.0,0.0,0.06622195000708603,3.5033907117351113,12.068535611961481,,,,,,0.0,0.0,0.0,0.0015050000001792796,0.03429699999833247,1.3388659590018506,0.8328147829815862,0.0031033349805511534,0.024778086019068724,0.003838874999928521,0.4508019580025575,0.35779807698418153,0.05597717995624407,0.017835550981544657,0.5924815420003142,0.4274655410008563,0.0005437090003397316,0.1347640420026437,0.028198457999678794,3.900000228895806e-05,ok,,300,categorical,1.0,0,0,0.0,0.0,0.0,0.15,5.707110264748875,8.294299608857235,1.9459101490553132,50.0,666.6666666666666,0.075,3.9318256327243257,6.503789046997708,0.07232066157962612,0.291886522358297,-0.5225425071242841,0.6810810748889541,2.482995869580686,0.41156471554823,0.3555365935248322,2.4585907677152012,-1.2488771836306278,-0.5020158237794271,0.0,,,,,,,,0.0,0.0,0.0,0.0,0.0
72,cat_highd_4cat_1000feat,categorical_high_dimensional,categorical_multinomial,categorical_one_hot,kl_legacy_c2ef9a69,"edge_alpha=0.001, sibling_alpha=0.01, tree_builder=linkage, tree_distance_metric=hamming, tree_distance_source=feature_metric, tree_linkage_method=average, tree_rooting=linkage_root",6,6,300,4000,0.15,1.0,1.0,1.0,1.0,1.0,1.0,1.0,1.0,1.0,1.0,1.0,0.0,0.0,50.0,0.16666666666666666,5.999999999999998,1.7917594692280547,0.0,0.0,0.06622195000708603,3.5033907117351113,12.068535611961481,,,,,,0.0,0.0,0.0,0.001622166997549357,0.0,0.0,0.0,0.0,0.0,0.0,0.0,0.0,0.0,0.0,0.0,0.0,0.0,0.0,0.0,0.0,ok,,300,categorical,1.0,0,0,0.0,0.0,0.0,0.15,5.707110264748875,8.294299608857235,1.9459101490553132,50.0,666.6666666666666,0.075,3.9318256327243257,6.503789046997708,0.07232066157962612,0.291886522358297,-0.5225425071242841,0.6810810748889541,2.482995869580686,0.41156471554823,0.3555365935248322,2.4585907677152012,-1.2488771836306278,-0.5020158237794271,0.0,,,,,,,,0.0,0.0,0.0,0.0,0.0
73,phylo_dna_4taxa_low_mut,phylogenetic_dna,phylogenetic_sequence,categorical_one_hot,kl,"edge_alpha=0.001, sibling_alpha=0.01, tree_distance_metric=hamming, tree_distance_source=feature_metric, tree_linkage_method=average",4,7,100,400,0.2,0.9595753368721928,0.9565443934302391,0.9536919472447373,1.0,0.9999999999999997,0.9167082791138264,0.956544393430239,0.9695359714832658,1.0,1.0,1.0,3.0,0.03,24.0,0.25,4.536938620425148,1.5122524719205204,0.40285714285714286,0.0,0.3481143803292172,0.6118798908756282,84.9888274706032,,,,,,3.0,1.0,0.0,0.00045087500257068314,0.0017553329998918343,0.07257825000124285,0.03697512099824962,0.00045237298763822764,0.005409771965787513,0.0014018339970789384,0.024875208997400478,0.014382661993295187,0.006838874982349807,0.0014882080140523612,0.05924645900086034,0.024011249999603024,0.00028699999893433414,0.022288416999799665,0.011686999998346437,2.7084002795163542e-05,ok,,100,phylogenetic,0.0,3,3,1.0,0.0,0.0,0.2,4.61512051684126,5.993961427306569,1.6094379124341003,25.0,100.0,0.25,3.258096538021482,4.61512051684126,0.22314355131420976,0.3218875824868201,-0.48601253699198294,-0.752748940360946,0.5846910044661933,-0.3196421712667257,-0.5797958902596944,0.7554887912897932,-0.996562076500179,-0.4896858159679349,0.0,,,,,,,,0.0,0.0,0.0,0.0,0.0
73,phylo_dna_4taxa_low_mut,phylogenetic_dna,phylogenetic_sequence,categorical_one_hot,kl_legacy_c2ef9a69,"edge_alpha=0.001, sibling_alpha=0.01, tree_builder=linkage, tree_distance_metric=hamming, tree_distance_source=feature_metric, tree_linkage_method=average, tree_rooting=linkage_root",4,43,100,400,0.2,0.44019755207214945,0.6338409072850075,0.4943993980124717,1.0,1.0000000000000002,0.46395834179558415,0.6338409072850076,0.5845225972250061,1.0,1.0,1.0,37.0,0.37,1.0,0.16,19.845387778494732,2.9879716264066647,0.5162790697674419,0.0,0.06449701773735622,0.7445824218602866,17.96562918286638,,,,,,39.0,1.0,0.0,0.00041924999823095277,0.0,0.0,0.0,0.0,0.0,0.0,0.0,0.0,0.0,0.0,0.0,0.0,0.0,0.0,0.0,0.0,ok,,100,phylogenetic,0.0,39,39,1.0,0.0,0.0,0.2,4.61512051684126,5.993961427306569,1.6094379124341003,25.0,100.0,0.25,3.258096538021482,4.61512051684126,0.22314355131420976,0.3218875824868201,-0.48601253699198294,-0.752748940360946,0.5846910044661933,-0.3196421712667257,-0.5797958902596944,0.7554887912897932,-0.996562076500179,-0.4896858159679349,0.0,,,,,,,,0.0,0.0,0.0,0.0,0.0
73,phylo_dna_4taxa_low_mut,phylogenetic_dna,phylogenetic_sequence,categorical_one_hot,kl_internal_filter_branch_length_v1,"edge_alpha=0.001, enforce_internal_support_thresholds=True, sibling_alpha=0.01, spectral_include_internal_barycenters=True, spectral_internal_distribution_mode=branch_length_state, spectral_mp_row_count_mode=leaf_effective_rows, tree_distance_metric=hamming, tree_distance_source=feature_metric, tree_linkage_method=average",4,21,100,400,0.2,0.7553720559256827,0.7924724904459539,0.7513031945559707,1.0,1.0000000000000002,0.6562769660946466,0.7924724904459538,0.8190441583537076,1.0,1.0,1.0,16.0,0.16,1.0,0.22,8.267744597127606,2.1123617508159853,0.6428571428571429,0.0,0.12738040734999861,0.7513822190918904,30.15439425121832,,,,,,17.0,1.0,0.0,0.00044512499880511314,0.0017322499988949858,0.08898287500051083,0.03668912001012359,0.0004069619899382815,0.005469574014568934,0.000922249997529434,0.04212091600129497,0.02618251004969352,0.010668374030501582,0.0015656560062780045,0.04345566700067138,0.023359499999060063,0.0002863750014512334,0.013375084003200755,0.005618540999421384,5.120900095789693e-05,ok,,100,phylogenetic,0.0,17,17,1.0,0.0,0.0,0.2,4.61512051684126,5.993961427306569,1.6094379124341003,25.0,100.0,0.25,3.258096538021482,4.61512051684126,0.22314355131420976,0.3218875824868201,-0.48601253699198294,-0.752748940360946,0.5846910044661933,-0.3196421712667257,-0.5797958902596944,0.7554887912897932,-0.996562076500179,-0.4896858159679349,0.0,,,,,,,,0.0,0.0,0.0,0.0,0.0
74,phylo_dna_8taxa_low_mut,phylogenetic_dna,phylogenetic_sequence,categorical_one_hot,kl,"edge_alpha=0.001, sibling_alpha=0.01, tree_distance_metric=hamming, tree_distance_source=feature_metric, tree_linkage_method=average",8,52,160,800,0.2,0.6384209059776307,0.7932694800322367,0.7069041483532059,1.0,1.0,0.6573708602757706,0.7932694800322366,0.7075718300899507,1.0,1.0,1.0,42.0,0.2625,1.0,0.1,23.647798671525397,3.1632700311776816,0.5728365384615385,0.0,0.05769149114628691,0.8338158394429865,21.555834012365008,,,,,,44.0,1.0,0.0,0.000720124997314997,0.0041319999982079025,0.1744118749993504,0.09662996501720045,0.0007547639906988479,0.008825903041724814,0.0027036249994125683,0.05989449999833596,0.040565381983469706,0.012367206982162315,0.0028754160048265476,0.11735775000124704,0.0578952500000014,0.0003370829981577117,0.03437320800003363,0.023711999998340616,0.00010741699952632189,ok,,160,phylogenetic,0.0,44,44,1.0,0.0,0.0,0.2,5.081404364984463,6.68586094706836,2.1972245773362196,20.0,100.0,0.2,3.044522437723423,4.61512051684126,0.18232155679395465,0.43944491546724396,-0.48601253699198294,-0.14049797520764143,1.1556662789142291,0.9577103427781962,-0.8762990326569172,0.7554887912897932,-1.0648541370672626,-0.4413714288183711,0.0,,,,,,,,0.0,0.0,0.0,0.0,0.0
74,phylo_dna_8taxa_low_mut,phylogenetic_dna,phylogenetic_sequence,categorical_one_hot,kl_legacy_c2ef9a69,"edge_alpha=0.001, sibling_alpha=0.01, tree_builder=linkage, tree_distance_metric=hamming, tree_distance_source=feature_metric, tree_linkage_method=average, tree_rooting=linkage_root",8,8,160,800,0.2,1.0,1.0,1.0,1.0,1.0,1.0,1.0,1.0,1.0,1.0,1.0,0.0,0.0,20.0,0.125,7.999999999999998,2.0794415416798357,0.0,0.0,0.49603133473264,0.810660832745628,126.31731231258631,,,,,,0.0,0.0,0.0,0.0006822499999543652,0.0,0.0,0.0,0.0,0.0,0.0,0.0,0.0,0.0,0.0,0.0,0.0,0.0,0.0,0.0,0.0,ok,,160,phylogenetic,1.0,0,0,0.0,0.0,0.0,0.2,5.081404364984463,6.68586094706836,2.1972245773362196,20.0,100.0,0.2,3.044522437723423,4.61512051684126,0.18232155679395465,0.43944491546724396,-0.48601253699198294,-0.14049797520764143,1.1556662789142291,0.9577103427781962,-0.8762990326569172,0.7554887912897932,-1.0648541370672626,-0.4413714288183711,0.0,,,,,,,,0.0,0.0,0.0,0.0,0.0
74,phylo_dna_8taxa_low_mut,phylogenetic_dna,phylogenetic_sequence,categorical_one_hot,kl_internal_filter_branch_length_v1,"edge_alpha=0.001, enforce_internal_support_thresholds=True, sibling_alpha=0.01, spectral_include_internal_barycenters=True, spectral_internal_distribution_mode=branch_length_state, spectral_mp_row_count_mode=leaf_effective_rows, tree_distance_metric=hamming, tree_distance_source=feature_metric, tree_linkage_method=average",8,10,160,800,0.2,0.9856485242350392,0.9882075156054781,0.9869598835779975,1.0,1.0,0.9766899150242674,0.988207515605478,0.9874208829065749,1.0,1.0,1.0,2.0,0.0125,20.0,0.125,8.407047586807634,2.129070352516304,0.195,0.0,0.3913853555304795,0.804495382460009,99.56360863664914,,,,,,2.0,1.0,0.0,0.0007213329990918282,0.004402083999593742,0.22237712500282214,0.09717374801402912,0.0007969159778440371,0.009311781963333488,0.001668832999712322,0.10764287500205683,0.07660404195485171,0.02027791698128567,0.0031749169902468566,0.11506033400291926,0.05811150000226917,0.00038245900213951245,0.042751624998345505,0.012723332998575643,3.900000228895806e-05,ok,,160,phylogenetic,0.0,2,2,1.0,0.0,0.0,0.2,5.081404364984463,6.68586094706836,2.1972245773362196,20.0,100.0,0.2,3.044522437723423,4.61512051684126,0.18232155679395465,0.43944491546724396,-0.48601253699198294,-0.14049797520764143,1.1556662789142291,0.9577103427781962,-0.8762990326569172,0.7554887912897932,-1.0648541370672626,-0.4413714288183711,0.0,,,,,,,,0.0,0.0,0.0,0.0,0.0
75,phylo_dna_8taxa_med_mut,phylogenetic_dna,phylogenetic_sequence,categorical_one_hot,kl,"edge_alpha=0.001, sibling_alpha=0.01, tree_distance_metric=hamming, tree_distance_source=feature_metric, tree_linkage_method=average",8,8,160,800,0.4,1.0,1.0,1.0,1.0,1.0,1.0,1.0,1.0,1.0,1.0,1.0,0.0,0.0,20.0,0.125,7.999999999999998,2.0794415416798357,0.0,0.0,0.4444995673390152,0.9500482382310065,78.178378182799,,,,,,0.0,0.0,0.0,0.000741666997782886,0.004310415999498218,0.18228970899872365,0.10075796300225193,0.0008550730053684674,0.009772816974873422,0.0024709159988560714,0.062487625000358094,0.04150895097700413,0.013111710992234293,0.0033160019738716073,0.13102587499815854,0.06060783400243963,0.0003561249977792613,0.049049624998588115,0.019840542001475114,3.5125001886626706e-05,ok,,160,phylogenetic,1.0,0,0,0.0,0.0,0.0,0.4,5.081404364984463,6.68586094706836,2.1972245773362196,20.0,100.0,0.2,3.044522437723423,4.61512051684126,0.18232155679395465,0.8788898309344879,-0.3398926564627784,-0.14049797520764143,1.1556662789142291,0.9577103427781962,-0.8762990326569172,0.7554887912897932,-1.0648541370672626,-0.2607658363086522,0.0,,,,,,,,0.0,0.0,0.0,0.0,0.0
75,phylo_dna_8taxa_med_mut,phylogenetic_dna,phylogenetic_sequence,categorical_one_hot,kl_legacy_c2ef9a69,"edge_alpha=0.001, sibling_alpha=0.01, tree_builder=linkage, tree_distance_metric=hamming, tree_distance_source=feature_metric, tree_linkage_method=average, tree_rooting=linkage_root",8,9,160,800,0.4,0.992863234436016,0.9940687859280469,0.9934830228616454,1.0,1.0,0.9882075156054781,0.994068785928047,0.9937303457175896,1.0,1.0,1.0,1.0,0.00625,20.0,0.125,8.200998762008263,2.10425594709807,0.10972222222222222,0.0,0.4301292699227595,0.9168776214377358,68.97615847767369,,,,,,1.0,1.0,0.0,0.0007478749976144172,0.0,0.0,0.0,0.0,0.0,0.0,0.0,0.0,0.0,0.0,0.0,0.0,0.0,0.0,0.0,0.0,ok,,160,phylogenetic,0.0,1,1,1.0,0.0,0.0,0.4,5.081404364984463,6.68586094706836,2.1972245773362196,20.0,100.0,0.2,3.044522437723423,4.61512051684126,0.18232155679395465,0.8788898309344879,-0.3398926564627784,-0.14049797520764143,1.1556662789142291,0.9577103427781962,-0.8762990326569172,0.7554887912897932,-1.0648541370672626,-0.2607658363086522,0.0,,,,,,,,0.0,0.0,0.0,0.0,0.0
75,phylo_dna_8taxa_med_mut,phylogenetic_dna,phylogenetic_sequence,categorical_one_hot,kl_internal_filter_branch_length_v1,"edge_alpha=0.001, enforce_internal_support_thresholds=True, sibling_alpha=0.01, spectral_include_internal_barycenters=True, spectral_internal_distribution_mode=branch_length_state, spectral_mp_row_count_mode=leaf_effective_rows, tree_distance_metric=hamming, tree_distance_source=feature_metric, tree_linkage_method=average",8,15,160,800,0.4,0.9499720725576903,0.960204058963046,0.9545860845686537,1.0,0.9999999999999998,0.9234543250913891,0.960204058963046,0.956625098430607,1.0,1.0,1.0,7.0,0.04375,17.0,0.125,9.504902140779366,2.2518076803355114,0.4375,0.0,0.2764207451716472,0.8641810640255533,40.73369036260031,,,,,,7.0,1.0,0.0,0.000761874998715939,0.0042397500001243316,0.22092987500218442,0.09909462399446056,0.0007879129807406571,0.009386685014760587,0.001370042002236005,0.10453149999739253,0.07379266895441106,0.019995377995655872,0.0034862529901147354,0.10055999999894993,0.057631915999081684,0.00038391599809983745,0.030983959000877803,0.01050799999939045,4.608300150721334e-05,ok,,160,phylogenetic,0.0,7,7,1.0,0.0,0.0,0.4,5.081404364984463,6.68586094706836,2.1972245773362196,20.0,100.0,0.2,3.044522437723423,4.61512051684126,0.18232155679395465,0.8788898309344879,-0.3398926564627784,-0.14049797520764143,1.1556662789142291,0.9577103427781962,-0.8762990326569172,0.7554887912897932,-1.0648541370672626,-0.2607658363086522,0.0,,,,,,,,0.0,0.0,0.0,0.0,0.0
76,phylo_dna_16taxa_low_mut,phylogenetic_dna,phylogenetic_sequence,categorical_one_hot,kl_legacy_c2ef9a69,"edge_alpha=0.001, sibling_alpha=0.01, tree_builder=linkage, tree_distance_metric=hamming, tree_distance_source=feature_metric, tree_linkage_method=average, tree_rooting=linkage_root",16,16,240,2000,0.25,1.0,1.0,1.0,1.0,1.0,1.0,1.0,1.0,1.0,1.0,1.0,0.0,0.0,15.0,0.0625,15.999999999999998,2.772588722239781,0.0,0.0,0.45585705156615414,0.9435431423126622,88.51267588658894,,,,,,0.0,0.0,0.0,0.0010823339980561286,0.0,0.0,0.0,0.0,0.0,0.0,0.0,0.0,0.0,0.0,0.0,0.0,0.0,0.0,0.0,0.0,ok,,240,phylogenetic,1.0,0,0,0.0,0.0,0.0,0.25,5.484796933490655,7.601402334583733,2.833213344056216,15.0,125.0,0.12,2.772588722239781,4.836281906951478,0.11332868530700317,0.708303336014054,-0.44948256685968185,0.3891740054691062,1.9111972195703246,2.3398135761160916,-1.2538223421412034,0.954920504473738,-1.1802739104922497,-0.33087445266732207,0.0,,,,,,,,0.0,0.0,0.0,0.0,0.0
76,phylo_dna_16taxa_low_mut,phylogenetic_dna,phylogenetic_sequence,categorical_one_hot,kl_internal_filter_branch_length_v1,"edge_alpha=0.001, enforce_internal_support_thresholds=True, sibling_alpha=0.01, spectral_include_internal_barycenters=True, spectral_internal_distribution_mode=branch_length_state, spectral_mp_row_count_mode=leaf_effective_rows, tree_distance_metric=hamming, tree_distance_source=feature_metric, tree_linkage_method=average",16,15,240,2000,0.25,0.9330719686362363,0.9841269841269841,0.9803835843422576,0.9375,0.9687500000000001,1.0,0.9841269841269843,0.9390898592677527,0.9375,0.9166666666666666,0.0,0.0,0.0,15.0,0.125,14.672064691274741,2.685945324669788,0.058333333333333334,0.0,0.4594727645500573,0.8762129326118834,91.15972204947701,,,,,,1.0,0.0,1.0,0.0013349159999052063,0.014080041000852361,0.6929203340005188,0.3274533620206057,0.0017886310160974972,0.01597856504304218,0.003437415998632787,0.3321482499995909,0.26359413307727664,0.04471545699198032,0.007158409989642678,0.2947899589998997,0.18151279099765816,0.0005114579980727285,0.08403733299928717,0.027271792001556605,5.2708001021528617e-05,ok,,240,phylogenetic,0.0,-1,1,0.0,1.0,0.0,0.25,5.484796933490655,7.601402334583733,2.833213344056216,15.0,125.0,0.12,2.772588722239781,4.836281906951478,0.11332868530700317,0.708303336014054,-0.44948256685968185,0.3891740054691062,1.9111972195703246,2.3398135761160916,-1.2538223421412034,0.954920504473738,-1.1802739104922497,-0.33087445266732207,0.0,,,,,,,,0.0,0.0,0.0,0.0,0.0
77,phylo_protein_4taxa,phylogenetic_protein,phylogenetic_sequence,categorical_one_hot,kl,"edge_alpha=0.001, sibling_alpha=0.01, tree_distance_metric=hamming, tree_distance_source=feature_metric, tree_linkage_method=average",4,19,120,1000,0.3,0.8293548420698108,0.836593857763911,0.8123524764251445,1.0,1.0000000000000002,0.7190901159898995,0.8365938577639108,0.8732947258290981,1.0,1.0,1.0,15.0,0.125,1.0,0.225,6.8746800640244805,1.9278451063279014,0.6675438596491228,0.0,0.1865750838895765,0.6244444335572249,27.367495979511407,,,,,,15.0,1.0,0.0,0.0005159579995961394,0.0018918749992735684,0.1336479590027011,0.0697551220182504,0.0007192059783847071,0.007086118959705345,0.001475166001910111,0.05062637500304845,0.03390791498168255,0.011422831026720814,0.002110829998855479,0.08018083299975842,0.042174416998022934,0.00031725000008009374,0.026147458997002104,0.010467083000548882,0.00015629200061084703,ok,,120,phylogenetic,0.0,15,15,1.0,0.0,0.0,0.3,4.795790545596741,6.90875477931522,1.6094379124341003,30.0,250.0,0.12,3.4339872044851463,5.5254529391317835,0.11332868530700317,0.48283137373023005,-0.41295259672738077,-0.5155213376457708,1.3396046448257155,-0.3196421712667257,-0.3356083448034059,1.5763787054552467,-1.1802739104922497,-0.4235402132878574,0.0,,,,,,,,0.0,0.0,0.0,0.0,0.0
77,phylo_protein_4taxa,phylogenetic_protein,phylogenetic_sequence,categorical_one_hot,kl_legacy_c2ef9a69,"edge_alpha=0.001, sibling_alpha=0.01, tree_builder=linkage, tree_distance_metric=hamming, tree_distance_source=feature_metric, tree_linkage_method=average, tree_rooting=linkage_root",4,17,120,1000,0.3,0.8524653220184147,0.8549808156209486,0.8356498309265808,1.0,1.0,0.7466956250908653,0.8549808156209486,0.8902408301309168,1.0,1.0,1.0,13.0,0.10833333333333334,1.0,0.23333333333333334,6.4017553684616315,1.856572229080882,0.6598039215686274,0.0,0.2015537712018392,0.6211962540901518,29.888512818711042,,,,,,13.0,1.0,0.0,0.0005294589973345865,0.0,0.0,0.0,0.0,0.0,0.0,0.0,0.0,0.0,0.0,0.0,0.0,0.0,0.0,0.0,0.0,ok,,120,phylogenetic,0.0,13,13,1.0,0.0,0.0,0.3,4.795790545596741,6.90875477931522,1.6094379124341003,30.0,250.0,0.12,3.4339872044851463,5.5254529391317835,0.11332868530700317,0.48283137373023005,-0.41295259672738077,-0.5155213376457708,1.3396046448257155,-0.3196421712667257,-0.3356083448034059,1.5763787054552467,-1.1802739104922497,-0.4235402132878574,0.0,,,,,,,,0.0,0.0,0.0,0.0,0.0
77,phylo_protein_4taxa,phylogenetic_protein,phylogenetic_sequence,categorical_one_hot,kl_internal_filter_branch_length_v1,"edge_alpha=0.001, enforce_internal_support_thresholds=True, sibling_alpha=0.01, spectral_include_internal_barycenters=True, spectral_internal_distribution_mode=branch_length_state, spectral_mp_row_count_mode=leaf_effective_rows, tree_distance_metric=hamming, tree_distance_source=feature_metric, tree_linkage_method=average",4,25,120,1000,0.3,0.7621381133535367,0.7866987546854864,0.745689090782485,1.0,1.0000000000000002,0.6483952420913879,0.7866987546854864,0.8242028541734044,1.0,1.0,1.0,21.0,0.175,1.0,0.225,8.482787166699909,2.1380390711202972,0.67,0.0,0.17419870982772673,0.599066981471739,22.302232588221717,,,,,,21.0,1.0,0.0,0.0006622500004596077,0.002099624998663785,0.17327229199872818,0.07008313001642819,0.0006897139683132991,0.007324244998017093,0.001220999998622574,0.0900694999982079,0.06298230000174954,0.01862355198682053,0.0021527469871216454,0.0731493329985824,0.041844125000352506,0.00032162500065169297,0.021786667002743343,0.00810924999677809,6.3750001572771e-05,ok,,120,phylogenetic,0.0,21,21,1.0,0.0,0.0,0.3,4.795790545596741,6.90875477931522,1.6094379124341003,30.0,250.0,0.12,3.4339872044851463,5.5254529391317835,0.11332868530700317,0.48283137373023005,-0.41295259672738077,-0.5155213376457708,1.3396046448257155,-0.3196421712667257,-0.3356083448034059,1.5763787054552467,-1.1802739104922497,-0.4235402132878574,0.0,,,,,,,,0.0,0.0,0.0,0.0,0.0
78,phylo_protein_8taxa,phylogenetic_protein,phylogenetic_sequence,categorical_one_hot,kl,"edge_alpha=0.001, sibling_alpha=0.01, tree_distance_metric=hamming, tree_distance_source=feature_metric, tree_linkage_method=average",8,60,160,2000,0.35,0.5786524175680959,0.7687030354543475,0.658421001650701,1.0,0.9999999999999998,0.624303525135383,0.7687030354543475,0.6619349626185658,1.0,1.0,1.0,51.0,0.31875,1.0,0.09375,27.96121011167075,3.3308181965317263,0.54375,0.0,0.05483033173014416,0.7758635816750483,16.146427587516328,,,,,,52.0,1.0,0.0,0.0010193750022153836,0.004325500001868932,0.28915104100087774,0.1627489829879778,0.0012472119669837411,0.01006514196342323,0.0029304169984243345,0.107137375001912,0.08139286998994066,0.016597875011939323,0.003762134012504248,0.15244745800009696,0.09240770799806342,0.0003562920028343797,0.0348125840027933,0.02357329100050265,0.0001187089983432088,ok,,160,phylogenetic,0.0,52,52,1.0,0.0,0.0,0.35,5.081404364984463,7.601402334583733,2.1972245773362196,20.0,250.0,0.08,3.044522437723423,5.5254529391317835,0.07696104113612832,0.7690286020676768,-0.3764226265950796,-0.14049797520764143,1.9111972195703246,0.9577103427781962,-0.8762990326569172,1.5763787054552467,-1.2411141851428968,-0.305917234436082,0.0,,,,,,,,0.0,0.0,0.0,0.0,0.0
78,phylo_protein_8taxa,phylogenetic_protein,phylogenetic_sequence,categorical_one_hot,kl_legacy_c2ef9a69,"edge_alpha=0.001, sibling_alpha=0.01, tree_builder=linkage, tree_distance_metric=hamming, tree_distance_source=feature_metric, tree_linkage_method=average, tree_rooting=linkage_root",8,8,160,2000,0.35,1.0,1.0,1.0,1.0,1.0,1.0,1.0,1.0,1.0,1.0,1.0,0.0,0.0,20.0,0.125,7.999999999999998,2.0794415416798357,0.0,0.0,0.5030821574246849,0.7849051504278286,102.69668233128918,,,,,,0.0,0.0,0.0,0.0009514999983366579,0.0,0.0,0.0,0.0,0.0,0.0,0.0,0.0,0.0,0.0,0.0,0.0,0.0,0.0,0.0,0.0,ok,,160,phylogenetic,1.0,0,0,0.0,0.0,0.0,0.35,5.081404364984463,7.601402334583733,2.1972245773362196,20.0,250.0,0.08,3.044522437723423,5.5254529391317835,0.07696104113612832,0.7690286020676768,-0.3764226265950796,-0.14049797520764143,1.9111972195703246,0.9577103427781962,-0.8762990326569172,1.5763787054552467,-1.2411141851428968,-0.305917234436082,0.0,,,,,,,,0.0,0.0,0.0,0.0,0.0
78,phylo_protein_8taxa,phylogenetic_protein,phylogenetic_sequence,categorical_one_hot,kl_internal_filter_branch_length_v1,"edge_alpha=0.001, enforce_internal_support_thresholds=True, sibling_alpha=0.01, spectral_include_internal_barycenters=True, spectral_internal_distribution_mode=branch_length_state, spectral_mp_row_count_mode=leaf_effective_rows, tree_distance_metric=hamming, tree_distance_source=feature_metric, tree_linkage_method=average",8,26,160,2000,0.35,0.8698414174045754,0.9047045496274055,0.8837406828909555,1.0,0.9999999999999998,0.8259913334978666,0.9047045496274054,0.8896332774919409,1.0,1.0,1.0,18.0,0.1125,1.0,0.125,12.397689451424862,2.5175101206860386,0.5956730769230769,0.0,0.21371665019684566,0.734818257305493,31.910999913841085,,,,,,18.0,1.0,0.0,0.0007899579977674875,0.003513250001560664,0.3711293329979526,0.16401404002317577,0.0013022369566897396,0.010336368017306086,0.001973374997760402,0.18840820799960056,0.14925736198347295,0.025646969992521917,0.0038831219972053077,0.1527452500013169,0.09349983300126041,0.0003908340004272759,0.04304750000301283,0.014624208000896033,7.004199869697914e-05,ok,,160,phylogenetic,0.0,18,18,1.0,0.0,0.0,0.35,5.081404364984463,7.601402334583733,2.1972245773362196,20.0,250.0,0.08,3.044522437723423,5.5254529391317835,0.07696104113612832,0.7690286020676768,-0.3764226265950796,-0.14049797520764143,1.9111972195703246,0.9577103427781962,-0.8762990326569172,1.5763787054552467,-1.2411141851428968,-0.305917234436082,0.0,,,,,,,,0.0,0.0,0.0,0.0,0.0
79,phylo_protein_12taxa,phylogenetic_protein,phylogenetic_sequence,categorical_one_hot,kl_legacy_c2ef9a69,"edge_alpha=0.001, sibling_alpha=0.01, tree_builder=linkage, tree_distance_metric=hamming, tree_distance_source=feature_metric, tree_linkage_method=average, tree_rooting=linkage_root",12,12,180,3000,0.4,1.0,1.0,1.0,1.0,1.0,1.0,1.0,1.0,1.0,1.0,1.0,0.0,0.0,15.0,0.08333333333333333,12.000000000000005,2.484906649788001,0.0,0.0,0.5030597270603271,0.7949599784943745,76.21512173893126,,,,,,0.0,0.0,0.0,0.0009733749975566752,0.0,0.0,0.0,0.0,0.0,0.0,0.0,0.0,0.0,0.0,0.0,0.0,0.0,0.0,0.0,0.0,ok,,180,phylogenetic,1.0,0,0,0.0,0.0,0.0,0.4,5.198497031265826,8.006700845440367,2.5649493574615367,15.0,250.0,0.06,2.772588722239781,5.5254529391317835,0.058268908123975775,1.0259797429846147,-0.3398926564627784,0.013249786437151937,2.245661143680894,1.7568339031058346,-1.2538223421412034,1.5763787054552467,-1.2723846875961886,-0.20031398038088516,0.0,,,,,,,,0.0,0.0,0.0,0.0,0.0
80,phylo_divergent_4taxa,phylogenetic_divergent,phylogenetic_sequence,categorical_one_hot,kl,"edge_alpha=0.001, sibling_alpha=0.01, tree_distance_metric=hamming, tree_distance_source=feature_metric, tree_linkage_method=average",4,4,100,400,0.7,1.0,1.0,1.0,1.0,1.0,1.0,1.0,1.0,1.0,1.0,1.0,0.0,0.0,25.0,0.25,4.0,1.3862943611198906,0.0,0.0,0.3099503066165307,1.3102505809693834,41.637048085801545,,,,,,0.0,0.0,0.0,0.0004448750005394686,0.0017404999998689163,0.07435208300012164,0.037608295013342286,0.00043124800504301675,0.005794665059511317,0.0017381249999743886,0.025210042000253452,0.014410870971914846,0.006640491003054194,0.001762041989422869,0.06450179099920206,0.024514708002243424,0.0002780840004561469,0.02269745800003875,0.015974667003320064,2.350000067963265e-05,ok,,100,phylogenetic,1.0,0,0,0.0,0.0,0.0,0.7,4.61512051684126,5.993961427306569,1.6094379124341003,25.0,100.0,0.25,3.258096538021482,4.61512051684126,0.22314355131420976,1.1266065387038702,-0.12071283566897162,-0.752748940360946,0.5846910044661933,-0.3196421712667257,-0.5797958902596944,0.7554887912897932,-0.996562076500179,-0.15895780256754727,0.0,,,,,,,,0.0,0.0,0.0,0.0,0.0
80,phylo_divergent_4taxa,phylogenetic_divergent,phylogenetic_sequence,categorical_one_hot,kl_legacy_c2ef9a69,"edge_alpha=0.001, sibling_alpha=0.01, tree_builder=linkage, tree_distance_metric=hamming, tree_distance_source=feature_metric, tree_linkage_method=average, tree_rooting=linkage_root",4,4,100,400,0.7,1.0,1.0,1.0,1.0,1.0,1.0,1.0,1.0,1.0,1.0,1.0,0.0,0.0,25.0,0.25,4.0,1.3862943611198906,0.0,0.0,0.3099503066165307,1.3102505809693834,41.637048085801545,,,,,,0.0,0.0,0.0,0.00046379200284718536,0.0,0.0,0.0,0.0,0.0,0.0,0.0,0.0,0.0,0.0,0.0,0.0,0.0,0.0,0.0,0.0,ok,,100,phylogenetic,1.0,0,0,0.0,0.0,0.0,0.7,4.61512051684126,5.993961427306569,1.6094379124341003,25.0,100.0,0.25,3.258096538021482,4.61512051684126,0.22314355131420976,1.1266065387038702,-0.12071283566897162,-0.752748940360946,0.5846910044661933,-0.3196421712667257,-0.5797958902596944,0.7554887912897932,-0.996562076500179,-0.15895780256754727,0.0,,,,,,,,0.0,0.0,0.0,0.0,0.0
80,phylo_divergent_4taxa,phylogenetic_divergent,phylogenetic_sequence,categorical_one_hot,kl_internal_filter_branch_length_v1,"edge_alpha=0.001, enforce_internal_support_thresholds=True, sibling_alpha=0.01, spectral_include_internal_barycenters=True, spectral_internal_distribution_mode=branch_length_state, spectral_mp_row_count_mode=leaf_effective_rows, tree_distance_metric=hamming, tree_distance_source=feature_metric, tree_linkage_method=average",4,4,100,400,0.7,1.0,1.0,1.0,1.0,1.0,1.0,1.0,1.0,1.0,1.0,1.0,0.0,0.0,25.0,0.25,4.0,1.3862943611198906,0.0,0.0,0.3099503066165307,1.3102505809693834,41.637048085801545,,,,,,0.0,0.0,0.0,0.00045891700210631825,0.0017654170005698688,0.09032795899838675,0.03863928700957331,0.00044753499241778627,0.0059935809949820396,0.0006813330001023132,0.041040667001652764,0.024785878013062757,0.01036483400457655,0.0019342859850439709,0.03507979099958902,0.025057292001292808,0.00031554199813399464,0.0054395830011344515,0.0032412079999630805,2.6249999791616574e-05,ok,,100,phylogenetic,1.0,0,0,0.0,0.0,0.0,0.7,4.61512051684126,5.993961427306569,1.6094379124341003,25.0,100.0,0.25,3.258096538021482,4.61512051684126,0.22314355131420976,1.1266065387038702,-0.12071283566897162,-0.752748940360946,0.5846910044661933,-0.3196421712667257,-0.5797958902596944,0.7554887912897932,-0.996562076500179,-0.15895780256754727,0.0,,,,,,,,0.0,0.0,0.0,0.0,0.0
81,phylo_divergent_8taxa,phylogenetic_divergent,phylogenetic_sequence,categorical_one_hot,kl_legacy_c2ef9a69,"edge_alpha=0.001, sibling_alpha=0.01, tree_builder=linkage, tree_distance_metric=hamming, tree_distance_source=feature_metric, tree_linkage_method=average, tree_rooting=linkage_root",8,8,160,800,0.8,1.0,1.0,1.0,1.0,1.0,1.0,1.0,1.0,1.0,1.0,1.0,0.0,0.0,20.0,0.125,7.999999999999998,2.0794415416798357,0.0,0.0,0.3757330804010909,1.0880332754929518,37.01655326805066,,,,,,0.0,0.0,0.0,0.0007220000006782357,0.0,0.0,0.0,0.0,0.0,0.0,0.0,0.0,0.0,0.0,0.0,0.0,0.0,0.0,0.0,0.0,ok,,160,phylogenetic,1.0,0,0,0.0,0.0,0.0,0.8,5.081404364984463,6.68586094706836,2.1972245773362196,20.0,100.0,0.2,3.044522437723423,4.61512051684126,0.18232155679395465,1.7577796618689758,-0.04765289540436927,-0.14049797520764143,1.1556662789142291,0.9577103427781962,-0.8762990326569172,0.7554887912897932,-1.0648541370672626,0.10044534871078566,0.0,,,,,,,,0.0,0.0,0.0,0.0,0.0
81,phylo_divergent_8taxa,phylogenetic_divergent,phylogenetic_sequence,categorical_one_hot,kl_internal_filter_branch_length_v1,"edge_alpha=0.001, enforce_internal_support_thresholds=True, sibling_alpha=0.01, spectral_include_internal_barycenters=True, spectral_internal_distribution_mode=branch_length_state, spectral_mp_row_count_mode=leaf_effective_rows, tree_distance_metric=hamming, tree_distance_source=feature_metric, tree_linkage_method=average",8,8,160,800,0.8,1.0,1.0,1.0,1.0,1.0,1.0,1.0,1.0,1.0,1.0,1.0,0.0,0.0,20.0,0.125,7.999999999999998,2.0794415416798357,0.0,0.0,0.3757330804010909,1.0880332754929518,37.01655326805066,,,,,,0.0,0.0,0.0,0.0012067079987900797,0.004123624999920139,0.22099016700303764,0.09885549899627222,0.0007961310366226826,0.009415565029485151,0.001228958000865532,0.10464262499954202,0.07248850703035714,0.020732075008709216,0.003934840995498234,0.0839249579985335,0.059629166000377154,0.00039258399920072407,0.01785754199954681,0.004922500000247965,3.733400080818683e-05,ok,,160,phylogenetic,1.0,0,0,0.0,0.0,0.0,0.8,5.081404364984463,6.68586094706836,2.1972245773362196,20.0,100.0,0.2,3.044522437723423,4.61512051684126,0.18232155679395465,1.7577796618689758,-0.04765289540436927,-0.14049797520764143,1.1556662789142291,0.9577103427781962,-0.8762990326569172,0.7554887912897932,-1.0648541370672626,0.10044534871078566,0.0,,,,,,,,0.0,0.0,0.0,0.0,0.0
82,phylo_conserved_4taxa,phylogenetic_conserved,phylogenetic_sequence,categorical_one_hot,kl,"edge_alpha=0.001, sibling_alpha=0.01, tree_distance_metric=hamming, tree_distance_source=feature_metric, tree_linkage_method=average",4,13,100,400,0.05,0.878435817512043,0.8810106894482629,0.8662586664868313,1.0,1.0,0.7873271720655359,0.8810106894482629,0.9092121131323904,1.0,1.0,1.0,9.0,0.09,1.0,0.24,5.816857779152041,1.760760215455257,0.6092307692307692,0.0,0.39739494789784624,0.4840232795750235,55.72392276951452,,,,,,9.0,1.0,0.0,0.0004804999989573844,0.0017949159991985653,0.06911200000104145,0.03697405100319884,0.0002729159787122626,0.0037000729789724573,0.0009556660006637685,0.023204500001156703,0.014728915037267143,0.005857581993041094,0.0006264199910219759,0.04109949999838136,0.0243359159976535,0.0002766249999694992,0.009231042000465095,0.006306540999503341,4.187499871477485e-05,ok,,100,phylogenetic,0.0,9,9,1.0,0.0,0.0,0.05,4.61512051684126,5.993961427306569,1.6094379124341003,25.0,100.0,0.25,3.258096538021482,4.61512051684126,0.22314355131420976,0.08047189562170502,-0.5956024473888863,-0.752748940360946,0.5846910044661933,-0.3196421712667257,-0.5797958902596944,0.7554887912897932,-0.996562076500179,-0.5889042199880513,0.0,,,,,,,,0.0,0.0,0.0,0.0,0.0
82,phylo_conserved_4taxa,phylogenetic_conserved,phylogenetic_sequence,categorical_one_hot,kl_legacy_c2ef9a69,"edge_alpha=0.001, sibling_alpha=0.01, tree_builder=linkage, tree_distance_metric=hamming, tree_distance_source=feature_metric, tree_linkage_method=average, tree_rooting=linkage_root",4,12,100,400,0.05,0.8913957867689762,0.8925479917831926,0.8802500160450367,1.0,1.0000000000000002,0.8059473323998497,0.8925479917831926,0.918785430155848,1.0,1.0,1.0,8.0,0.08,1.0,0.24,5.584978526370743,1.720080587638346,0.5916666666666667,0.0,0.39470118439482266,0.5012619812151047,58.55323888448511,,,,,,8.0,1.0,0.0,0.00044108300062362105,0.0,0.0,0.0,0.0,0.0,0.0,0.0,0.0,0.0,0.0,0.0,0.0,0.0,0.0,0.0,0.0,ok,,100,phylogenetic,0.0,8,8,1.0,0.0,0.0,0.05,4.61512051684126,5.993961427306569,1.6094379124341003,25.0,100.0,0.25,3.258096538021482,4.61512051684126,0.22314355131420976,0.08047189562170502,-0.5956024473888863,-0.752748940360946,0.5846910044661933,-0.3196421712667257,-0.5797958902596944,0.7554887912897932,-0.996562076500179,-0.5889042199880513,0.0,,,,,,,,0.0,0.0,0.0,0.0,0.0
82,phylo_conserved_4taxa,phylogenetic_conserved,phylogenetic_sequence,categorical_one_hot,kl_internal_filter_branch_length_v1,"edge_alpha=0.001, enforce_internal_support_thresholds=True, sibling_alpha=0.01, spectral_include_internal_barycenters=True, spectral_internal_distribution_mode=branch_length_state, spectral_mp_row_count_mode=leaf_effective_rows, tree_distance_metric=hamming, tree_distance_source=feature_metric, tree_linkage_method=average",4,13,100,400,0.05,0.878435817512043,0.8810106894482629,0.8662586664868313,1.0,1.0,0.7873271720655359,0.8810106894482629,0.9092121131323904,1.0,1.0,1.0,9.0,0.09,1.0,0.24,5.816857779152041,1.760760215455257,0.6092307692307692,0.0,0.39739494789784624,0.4840232795750235,55.72392276951452,,,,,,9.0,1.0,0.0,0.000490541999170091,0.0020988329997635446,0.08747270800085971,0.0382762489716697,0.0002821320013026707,0.00380440398294013,0.0008999170022434555,0.04001895799956401,0.028505872975074453,0.007055672016576864,0.00047779699161765166,0.03854129200044554,0.023669875001360197,0.00029966700094519183,0.00790699999924982,0.005725999999413034,4.104100298718549e-05,ok,,100,phylogenetic,0.0,9,9,1.0,0.0,0.0,0.05,4.61512051684126,5.993961427306569,1.6094379124341003,25.0,100.0,0.25,3.258096538021482,4.61512051684126,0.22314355131420976,0.08047189562170502,-0.5956024473888863,-0.752748940360946,0.5846910044661933,-0.3196421712667257,-0.5797958902596944,0.7554887912897932,-0.996562076500179,-0.5889042199880513,0.0,,,,,,,,0.0,0.0,0.0,0.0,0.0
83,phylo_conserved_8taxa,phylogenetic_conserved,phylogenetic_sequence,categorical_one_hot,kl,"edge_alpha=0.001, sibling_alpha=0.01, tree_distance_metric=hamming, tree_distance_source=feature_metric, tree_linkage_method=average",8,8,160,800,0.08,1.0,1.0,1.0,1.0,1.0,1.0,1.0,1.0,1.0,1.0,1.0,0.0,0.0,20.0,0.125,7.999999999999998,2.0794415416798357,0.0,0.0,0.5099734090973691,0.8302438375028496,151.5423305499135,,,,,,0.0,0.0,0.0,0.0007482919972972013,0.004194958000880433,0.18225958400216768,0.09880304099715431,0.0008156180119840428,0.009373451965075219,0.00207349999982398,0.06517016600264469,0.04254970902547939,0.01557024597786949,0.0025917439816112164,0.12400929200157407,0.05920316699848627,0.00036554100006469525,0.047471499998209765,0.015804458998900373,3.62920000043232e-05,ok,,160,phylogenetic,1.0,0,0,0.0,0.0,0.0,0.08,5.081404364984463,6.68586094706836,2.1972245773362196,20.0,100.0,0.2,3.044522437723423,4.61512051684126,0.18232155679395465,0.17577796618689756,-0.5736844653095058,-0.14049797520764143,1.1556662789142291,0.9577103427781962,-0.8762990326569172,0.7554887912897932,-1.0648541370672626,-0.5497347843242024,0.0,,,,,,,,0.0,0.0,0.0,0.0,0.0
83,phylo_conserved_8taxa,phylogenetic_conserved,phylogenetic_sequence,categorical_one_hot,kl_legacy_c2ef9a69,"edge_alpha=0.001, sibling_alpha=0.01, tree_builder=linkage, tree_distance_metric=hamming, tree_distance_source=feature_metric, tree_linkage_method=average, tree_rooting=linkage_root",8,67,160,800,0.08,0.5318104755956099,0.7484189689005407,0.6143134011865211,1.0,1.0,0.5979788366104328,0.7484189689005406,0.6261830907633124,1.0,1.0,1.0,58.0,0.3625,1.0,0.1,32.37705719550823,3.4774500607193497,0.5182835820895523,0.0,0.10797181162211726,0.6352572725329371,26.071975856886475,,,,,,59.0,1.0,0.0,0.0006740830031048972,0.0,0.0,0.0,0.0,0.0,0.0,0.0,0.0,0.0,0.0,0.0,0.0,0.0,0.0,0.0,0.0,ok,,160,phylogenetic,0.0,59,59,1.0,0.0,0.0,0.08,5.081404364984463,6.68586094706836,2.1972245773362196,20.0,100.0,0.2,3.044522437723423,4.61512051684126,0.18232155679395465,0.17577796618689756,-0.5736844653095058,-0.14049797520764143,1.1556662789142291,0.9577103427781962,-0.8762990326569172,0.7554887912897932,-1.0648541370672626,-0.5497347843242024,0.0,,,,,,,,0.0,0.0,0.0,0.0,0.0
83,phylo_conserved_8taxa,phylogenetic_conserved,phylogenetic_sequence,categorical_one_hot,kl_internal_filter_branch_length_v1,"edge_alpha=0.001, enforce_internal_support_thresholds=True, sibling_alpha=0.01, spectral_include_internal_barycenters=True, spectral_internal_distribution_mode=branch_length_state, spectral_mp_row_count_mode=leaf_effective_rows, tree_distance_metric=hamming, tree_distance_source=feature_metric, tree_linkage_method=average",8,8,160,800,0.08,1.0,1.0,1.0,1.0,1.0,1.0,1.0,1.0,1.0,1.0,1.0,0.0,0.0,20.0,0.125,7.999999999999998,2.0794415416798357,0.0,0.0,0.5099734090973691,0.8302438375028496,151.5423305499135,,,,,,0.0,0.0,0.0,0.0007926250000309665,0.00423870899976464,0.24600445900068735,0.10400679298618343,0.0009464690228924155,0.010883862043556292,0.0017173750020447187,0.12192312499973923,0.08355553896399215,0.026565959000436123,0.0030605510037275963,0.12491666699861526,0.06580629099698854,0.00044708400309900753,0.04364941699896008,0.013878834000934148,3.641600051196292e-05,ok,,160,phylogenetic,1.0,0,0,0.0,0.0,0.0,0.08,5.081404364984463,6.68586094706836,2.1972245773362196,20.0,100.0,0.2,3.044522437723423,4.61512051684126,0.18232155679395465,0.17577796618689756,-0.5736844653095058,-0.14049797520764143,1.1556662789142291,0.9577103427781962,-0.8762990326569172,0.7554887912897932,-1.0648541370672626,-0.5497347843242024,0.0,,,,,,,,0.0,0.0,0.0,0.0,0.0
84,phylo_large_32taxa,phylogenetic_large,phylogenetic_sequence,categorical_one_hot,kl_legacy_c2ef9a69,"edge_alpha=0.001, sibling_alpha=0.01, tree_builder=linkage, tree_distance_metric=hamming, tree_distance_source=feature_metric, tree_linkage_method=average, tree_rooting=linkage_root",32,32,320,2000,0.3,1.0,1.0,1.0,1.0,1.0,1.0,1.0,1.0,1.0,1.0,1.0,0.0,0.0,10.0,0.03125,32.0,3.4657359027997265,0.0,0.0,0.4972923474099174,0.7778077581360233,53.96234676391493,,,,,,0.0,0.0,0.0,0.0014937919986550696,0.0,0.0,0.0,0.0,0.0,0.0,0.0,0.0,0.0,0.0,0.0,0.0,0.0,0.0,0.0,0.0,ok,,320,phylogenetic,1.0,0,0,0.0,0.0,0.0,0.3,5.771441123130016,7.601402334583733,3.4965075614664802,10.0,62.5,0.16,2.3978952727983707,4.151039905898646,0.14842000511827327,1.048952268439944,-0.41295259672738077,0.765550288844865,1.9111972195703246,3.7812558318732026,-1.7740061333405464,0.33700529717894184,-1.121568828437989,-0.1908726000729735,0.0,,,,,,,,0.0,0.0,0.0,0.0,0.0
85,phylo_large_64taxa,phylogenetic_large,phylogenetic_sequence,categorical_one_hot,kl_legacy_c2ef9a69,"edge_alpha=0.001, sibling_alpha=0.01, tree_builder=linkage, tree_distance_metric=hamming, tree_distance_source=feature_metric, tree_linkage_method=average, tree_rooting=linkage_root",64,64,512,4000,0.35,1.0,1.0,1.0,1.0,1.0,1.0,1.0,1.0,1.0,1.0,1.0,0.0,0.0,8.0,0.015625,63.99999999999998,4.1588830833596715,0.0,0.0,0.49718390617477204,0.7630477866932164,39.06648452526665,,,,,,0.0,0.0,0.0,0.002626082998176571,0.0,0.0,0.0,0.0,0.0,0.0,0.0,0.0,0.0,0.0,0.0,0.0,0.0,0.0,0.0,0.0,ok,,512,phylogenetic,1.0,0,0,0.0,0.0,0.0,0.35,6.240275845170769,8.294299608857235,4.174387269895637,8.0,62.5,0.128,2.1972245773362196,4.151039905898646,0.12044615307586716,1.4610355444634728,-0.3764226265950796,1.381150662329551,2.482995869580686,5.254394644789643,-2.0525955864087218,0.33700529717894184,-1.1683669337345524,-0.021512251119014426,0.0,,,,,,,,0.0,0.0,0.0,0.0,0.0
86,overlap_heavy_4c_small_feat,overlapping_binary_heavy,binary_template,binary,kl_legacy_c2ef9a69,"edge_alpha=0.001, sibling_alpha=0.01, tree_builder=linkage, tree_distance_metric=hamming, tree_distance_source=feature_metric, tree_linkage_method=average, tree_rooting=linkage_root",4,1,500,50,0.4,0.0,0.0,0.0,0.25,0.0,1.0,0.0,0.4984947281446173,0.25,0.1,0.0,0.0,0.0,500.0,1.0,1.0,-0.0,0.0,0.0,,,,,,,,,3.0,0.0,1.0,0.0026657909984351136,0.0,0.0,0.0,0.0,0.0,0.0,0.0,0.0,0.0,0.0,0.0,0.0,0.0,0.0,0.0,0.0,ok,,500,overlapping,0.0,-3,3,0.0,1.0,0.0,0.4,6.2166061010848646,3.9318256327243257,1.6094379124341003,125.0,12.5,10.0,4.836281906951478,2.6026896854443837,2.3978952727983707,0.6437751649736402,-0.3398926564627784,1.350071259259436,-1.117042437502497,-0.3196421712667257,1.6111856965526676,-1.0592155211114616,2.6416304720847172,-0.35739461060777983,0.0,,,,,,,,0.0,0.0,0.0,0.0,0.0
87,overlap_heavy_4c_med_feat,overlapping_binary_heavy,binary_template,binary,kl_legacy_c2ef9a69,"edge_alpha=0.001, sibling_alpha=0.01, tree_builder=linkage, tree_distance_metric=hamming, tree_distance_source=feature_metric, tree_linkage_method=average, tree_rooting=linkage_root",4,4,500,200,0.4,0.2879341765294882,0.2719348408383879,0.2671135382082907,0.652,0.27071419271560604,0.27316654660518064,0.2719348408383879,0.46710051248009626,0.652,0.6501031034945157,0.552,0.0,0.0,124.5,0.304,3.9505266427910533,1.3738488973146117,0.088,0.0,0.005317529142805705,8.097750325849107,3.971365966376656,,,,,,0.0,0.0,0.0,0.002733833000093,0.0,0.0,0.0,0.0,0.0,0.0,0.0,0.0,0.0,0.0,0.0,0.0,0.0,0.0,0.0,0.0,ok,,500,overlapping,1.0,0,0,0.0,0.0,0.0,0.4,6.2166061010848646,5.303304908059076,1.6094379124341003,125.0,50.0,2.5,4.836281906951478,3.9318256327243257,1.252762968495368,0.6437751649736402,-0.3398926564627784,1.350071259259436,0.014741489596706977,-0.3196421712667257,1.6111856965526676,0.13932939167056885,0.7259121050171414,-0.35739461060777983,0.0,,,,,,,,0.0,0.0,0.0,0.0,0.0
88,overlap_heavy_8c_large_feat,overlapping_binary_heavy,binary_template,binary,kl_legacy_c2ef9a69,"edge_alpha=0.001, sibling_alpha=0.01, tree_builder=linkage, tree_distance_metric=hamming, tree_distance_source=feature_metric, tree_linkage_method=average, tree_rooting=linkage_root",8,1,800,500,0.4,0.0,0.0,0.0,0.125,0.0,1.0,0.0,0.35200125156223055,0.125,0.027777777777777776,0.0,0.0,0.0,800.0,1.0,1.0,-0.0,0.0,0.0,,,,,,,,,7.0,0.0,1.0,0.005483208002260653,0.0,0.0,0.0,0.0,0.0,0.0,0.0,0.0,0.0,0.0,0.0,0.0,0.0,0.0,0.0,0.0,ok,,800,overlapping,0.0,-7,7,0.0,1.0,0.0,0.4,6.68586094706836,6.2166061010848646,2.1972245773362196,100.0,62.5,1.6,4.61512051684126,4.151039905898646,0.9555114450274363,0.8788898309344879,-0.3398926564627784,1.9662232737465968,0.7684237576826176,0.9577103427781962,1.3041491829814866,0.33700529717894184,0.22863314344515306,-0.2607658363086522,0.0,,,,,,,,0.0,0.0,0.0,0.0,0.0
88,overlap_heavy_8c_large_feat,overlapping_binary_heavy,binary_template,binary,kl_internal_filter_branch_length_v1,"edge_alpha=0.001, enforce_internal_support_thresholds=True, sibling_alpha=0.01, spectral_include_internal_barycenters=True, spectral_internal_distribution_mode=branch_length_state, spectral_mp_row_count_mode=leaf_effective_rows, tree_distance_metric=hamming, tree_distance_source=feature_metric, tree_linkage_method=average",8,1,800,500,0.4,0.0,0.0,0.0,0.125,0.0,1.0,0.0,0.35200125156223055,0.125,0.027777777777777776,0.0,0.0,0.0,800.0,1.0,1.0,-0.0,0.0,0.0,,,,,,,,,7.0,0.0,1.0,0.005549000001337845,0.03617133300213027,1.3367390409985092,0.846183317957184,0.003601123971748166,0.04486586903294665,0.004114542000024812,0.4257551250011602,0.10984501591156004,0.2554946890377323,0.016344019986718195,0.5701542499991774,0.4677785829990171,0.0014187499982654117,0.09404183400329202,0.005111750000651227,8.683299893164076e-05,ok,,800,overlapping,0.0,-7,7,0.0,1.0,0.0,0.4,6.68586094706836,6.2166061010848646,2.1972245773362196,100.0,62.5,1.6,4.61512051684126,4.151039905898646,0.9555114450274363,0.8788898309344879,-0.3398926564627784,1.9662232737465968,0.7684237576826176,0.9577103427781962,1.3041491829814866,0.33700529717894184,0.22863314344515306,-0.2607658363086522,0.0,,,,,,,,0.0,0.0,0.0,0.0,0.0
89,overlap_extreme_4c,overlapping_binary_heavy,binary_template,binary,kl_legacy_c2ef9a69,"edge_alpha=0.001, sibling_alpha=0.01, tree_builder=linkage, tree_distance_metric=hamming, tree_distance_source=feature_metric, tree_linkage_method=average, tree_rooting=linkage_root",4,6,600,150,0.48,0.0027292221716810707,0.009710738912308317,0.0016021988844091754,0.31333333333333335,0.010906217039685832,0.008751453803067261,0.009710738912308317,0.21765234000729347,0.31333333333333335,0.30898042590837266,0.23333333333333334,0.0,0.0,96.5,0.26,5.627271197919092,1.7276246351168605,0.20055555555555554,0.0,0.0016496340622096177,8.749008067330063,2.9721963599237555,,,,,,2.0,1.0,0.0,0.003509207999741193,0.0,0.0,0.0,0.0,0.0,0.0,0.0,0.0,0.0,0.0,0.0,0.0,0.0,0.0,0.0,0.0,ok,,600,overlapping,0.0,2,2,1.0,0.0,0.0,0.48,6.398594934535208,5.017279836814924,1.6094379124341003,150.0,37.5,4.0,5.017279836814924,3.6506582412937387,1.6094379124341003,0.7725301979683681,-0.28144470425109663,1.589030509876405,-0.22129458050907153,-0.3196421712667257,1.8624636131961572,-0.11421257845594285,1.3226018836642635,-0.30447812846371786,0.0,,,,,,,,0.0,0.0,0.0,0.0,0.0
90,overlap_mod_4c_small,overlapping_binary_moderate,binary_template,binary,kl,"edge_alpha=0.001, sibling_alpha=0.01, tree_distance_metric=hamming, tree_distance_source=feature_metric, tree_linkage_method=average",4,4,400,80,0.3,0.7848286798556895,0.7401669051852959,0.7380168922677891,0.915,0.739769829936397,0.7405644069274685,0.7401669051852958,0.8382974051305223,0.9149999999999999,0.9153062638580931,0.9,0.0,0.0,101.5,0.2625,3.9940548111807352,1.384806958279713,0.02875,0.0,0.05709360000542727,3.5327651940244196,17.812127072919626,,,,,,0.0,0.0,0.0,0.002041000003373483,0.004922415999317309,0.15630349999992177,0.0824524339659547,0.0013005830151087139,0.01938301997142844,0.003853166999761015,0.04338137499871664,0.007311829955142457,0.024352095988433575,0.004948620011418825,0.32037974999911967,0.05910416699771304,0.0007270410023920704,0.23659841700282414,0.022496125002362533,4.516700209933333e-05,ok,,400,overlapping,1.0,0,0,0.0,0.0,0.0,0.3,5.993961427306569,4.394449154672439,1.6094379124341003,100.0,20.0,5.0,4.61512051684126,3.044522437723423,1.791759469228055,0.48283137373023005,-0.41295259672738077,1.0577291227050094,-0.7352722745438894,-0.3196421712667257,1.3041491829814866,-0.6607939761760053,1.6276118408107647,-0.4235402132878574,0.0,,,,,,,,0.0,0.0,0.0,0.0,0.0
90,overlap_mod_4c_small,overlapping_binary_moderate,binary_template,binary,kl_legacy_c2ef9a69,"edge_alpha=0.001, sibling_alpha=0.01, tree_builder=linkage, tree_distance_metric=hamming, tree_distance_source=feature_metric, tree_linkage_method=average, tree_rooting=linkage_root",4,4,400,80,0.3,0.7848286798556895,0.7401669051852959,0.7380168922677891,0.915,0.739769829936397,0.7405644069274685,0.7401669051852958,0.8382974051305223,0.9149999999999999,0.9153062638580931,0.9,0.0,0.0,101.5,0.2625,3.9940548111807352,1.384806958279713,0.02875,0.0,0.05709360000542727,3.5327651940244196,17.812127072919626,,,,,,0.0,0.0,0.0,0.0021316669990483206,0.0,0.0,0.0,0.0,0.0,0.0,0.0,0.0,0.0,0.0,0.0,0.0,0.0,0.0,0.0,0.0,ok,,400,overlapping,1.0,0,0,0.0,0.0,0.0,0.3,5.993961427306569,4.394449154672439,1.6094379124341003,100.0,20.0,5.0,4.61512051684126,3.044522437723423,1.791759469228055,0.48283137373023005,-0.41295259672738077,1.0577291227050094,-0.7352722745438894,-0.3196421712667257,1.3041491829814866,-0.6607939761760053,1.6276118408107647,-0.4235402132878574,0.0,,,,,,,,0.0,0.0,0.0,0.0,0.0
90,overlap_mod_4c_small,overlapping_binary_moderate,binary_template,binary,kl_internal_filter_branch_length_v1,"edge_alpha=0.001, enforce_internal_support_thresholds=True, sibling_alpha=0.01, spectral_include_internal_barycenters=True, spectral_internal_distribution_mode=branch_length_state, spectral_mp_row_count_mode=leaf_effective_rows, tree_distance_metric=hamming, tree_distance_source=feature_metric, tree_linkage_method=average",4,4,400,80,0.3,0.7848286798556895,0.7401669051852959,0.7380168922677891,0.915,0.739769829936397,0.7405644069274685,0.7401669051852958,0.8382974051305223,0.9149999999999999,0.9153062638580931,0.9,0.0,0.0,101.5,0.2625,3.9940548111807352,1.384806958279713,0.02875,0.0,0.05709360000542727,3.5327651940244196,17.812127072919626,,,,,,0.0,0.0,0.0,0.0022102500006440096,0.005109624999022344,0.18050029200094286,0.08707383604632923,0.0014164560016070027,0.02076420310913818,0.003915624998626299,0.06112770900290343,0.012778952990629477,0.030649737986095715,0.005486386016855249,0.34852875000069616,0.061516458001278806,0.0007383340016531292,0.2616313340004126,0.023197750000690576,4.4874999730382115e-05,ok,,400,overlapping,1.0,0,0,0.0,0.0,0.0,0.3,5.993961427306569,4.394449154672439,1.6094379124341003,100.0,20.0,5.0,4.61512051684126,3.044522437723423,1.791759469228055,0.48283137373023005,-0.41295259672738077,1.0577291227050094,-0.7352722745438894,-0.3196421712667257,1.3041491829814866,-0.6607939761760053,1.6276118408107647,-0.4235402132878574,0.0,,,,,,,,0.0,0.0,0.0,0.0,0.0
91,overlap_mod_6c_med,overlapping_binary_moderate,binary_template,binary,kl,"edge_alpha=0.001, sibling_alpha=0.01, tree_distance_metric=hamming, tree_distance_source=feature_metric, tree_linkage_method=average",6,6,600,250,0.3,0.9444653613697336,0.9297134990645866,0.9288746447366667,0.9766666666666667,0.9296615610312681,0.9297654429015438,0.9297134990645864,0.9536457475880424,0.9766666666666666,0.9767062531654677,0.96,0.0,0.0,100.5,0.17166666666666666,5.998798970021273,1.7915592775279126,0.011111111111111112,0.0,0.0477747434403639,3.833296767924651,14.271206210362575,,,,,,0.0,0.0,0.0,0.0035796249976556282,0.022336124999128515,0.5757532499992521,0.35261808300492703,0.002540995970775839,0.03422534596393234,0.004400290999910794,0.17222270900310832,0.03819628496421501,0.09808078699279577,0.014398369028640445,0.3050839170027757,0.21914812500108383,0.0011052920017391443,0.07616620800035889,0.006860416997369612,6.962499901419505e-05,ok,,600,overlapping,1.0,0,0,0.0,0.0,0.0,0.3,6.398594934535208,5.5254529391317835,1.9459101490553132,100.0,41.666666666666664,2.4,4.61512051684126,3.7534179752515073,1.2237754316221157,0.583773044716594,-0.41295259672738077,1.589030509876405,0.19806439904676618,0.41156471554823,1.3041491829814866,-0.021549253364203342,0.6774181828777792,-0.38205462623076414,0.0,,,,,,,,0.0,0.0,0.0,0.0,0.0
91,overlap_mod_6c_med,overlapping_binary_moderate,binary_template,binary,kl_legacy_c2ef9a69,"edge_alpha=0.001, sibling_alpha=0.01, tree_builder=linkage, tree_distance_metric=hamming, tree_distance_source=feature_metric, tree_linkage_method=average, tree_rooting=linkage_root",6,6,600,250,0.3,0.9444653613697336,0.9297134990645866,0.9288746447366667,0.9766666666666667,0.9296615610312681,0.9297654429015438,0.9297134990645864,0.9536457475880424,0.9766666666666666,0.9767062531654677,0.96,0.0,0.0,100.5,0.17166666666666666,5.998798970021273,1.7915592775279126,0.011111111111111112,0.0,0.0477747434403639,3.833296767924651,14.271206210362575,,,,,,0.0,0.0,0.0,0.003716291997989174,0.0,0.0,0.0,0.0,0.0,0.0,0.0,0.0,0.0,0.0,0.0,0.0,0.0,0.0,0.0,0.0,ok,,600,overlapping,1.0,0,0,0.0,0.0,0.0,0.3,6.398594934535208,5.5254529391317835,1.9459101490553132,100.0,41.666666666666664,2.4,4.61512051684126,3.7534179752515073,1.2237754316221157,0.583773044716594,-0.41295259672738077,1.589030509876405,0.19806439904676618,0.41156471554823,1.3041491829814866,-0.021549253364203342,0.6774181828777792,-0.38205462623076414,0.0,,,,,,,,0.0,0.0,0.0,0.0,0.0
91,overlap_mod_6c_med,overlapping_binary_moderate,binary_template,binary,kl_internal_filter_branch_length_v1,"edge_alpha=0.001, enforce_internal_support_thresholds=True, sibling_alpha=0.01, spectral_include_internal_barycenters=True, spectral_internal_distribution_mode=branch_length_state, spectral_mp_row_count_mode=leaf_effective_rows, tree_distance_metric=hamming, tree_distance_source=feature_metric, tree_linkage_method=average",6,6,600,250,0.3,0.9444653613697336,0.9297134990645866,0.9288746447366667,0.9766666666666667,0.9296615610312681,0.9297654429015438,0.9297134990645864,0.9536457475880424,0.9766666666666666,0.9767062531654677,0.96,0.0,0.0,100.5,0.17166666666666666,5.998798970021273,1.7915592775279126,0.011111111111111112,0.0,0.0477747434403639,3.833296767924651,14.271206210362575,,,,,,0.0,0.0,0.0,0.003308834002382355,0.016658207998261787,0.6054650000005495,0.3455008219971205,0.0024232879659393802,0.03356490105215926,0.0037662089998775627,0.21065116599856992,0.04848117299115984,0.12587756696666474,0.010720419926656177,0.2904399579965684,0.2039538339995488,0.001190334001876181,0.0781135839970375,0.005525458000192884,5.9334000980015844e-05,ok,,600,overlapping,1.0,0,0,0.0,0.0,0.0,0.3,6.398594934535208,5.5254529391317835,1.9459101490553132,100.0,41.666666666666664,2.4,4.61512051684126,3.7534179752515073,1.2237754316221157,0.583773044716594,-0.41295259672738077,1.589030509876405,0.19806439904676618,0.41156471554823,1.3041491829814866,-0.021549253364203342,0.6774181828777792,-0.38205462623076414,0.0,,,,,,,,0.0,0.0,0.0,0.0,0.0
92,overlap_mod_8c_large,overlapping_binary_moderate,binary_template,binary,kl,"edge_alpha=0.001, sibling_alpha=0.01, tree_distance_metric=hamming, tree_distance_source=feature_metric, tree_linkage_method=average",8,8,800,400,0.28,0.9914106479870332,0.9898947859377112,0.9897409570784186,0.99625,0.9898888353539548,0.9899007365930105,0.9898947859377113,0.9924749378180079,0.9962500000000001,0.9962499374984375,0.99,0.0,0.0,100.0,0.12625,7.999799999166597,2.0794165412631527,0.00375,0.0,0.05476674884988647,3.6750631238251548,15.801788043873113,,,,,,0.0,0.0,0.0,0.00530224999965867,0.03337041700069676,1.056632042000274,0.7443207810320018,0.003910597042704467,0.047861540948360926,0.00840441699983785,0.23872825000216835,0.06432028600102058,0.1348402550793253,0.015811486013262765,1.452764333000232,0.40803466599754756,0.001378207998641301,1.0033167080000567,0.0376521669968497,9.354200301459059e-05,ok,,800,overlapping,1.0,0,0,0.0,0.0,0.0,0.28,6.68586094706836,5.993961427306569,2.1972245773362196,100.0,50.0,2.0,4.61512051684126,3.9318256327243257,1.0986122886681098,0.6152228816541415,-0.4275645847803011,1.9662232737465968,0.5846910044661933,0.9577103427781962,1.3041491829814866,0.13932939167056885,0.4680298607285436,-0.36912919181448356,0.0,,,,,,,,0.0,0.0,0.0,0.0,0.0
92,overlap_mod_8c_large,overlapping_binary_moderate,binary_template,binary,kl_legacy_c2ef9a69,"edge_alpha=0.001, sibling_alpha=0.01, tree_builder=linkage, tree_distance_metric=hamming, tree_distance_source=feature_metric, tree_linkage_method=average, tree_rooting=linkage_root",8,8,800,400,0.28,0.9914106479870332,0.9898947859377112,0.9897409570784186,0.99625,0.9898888353539548,0.9899007365930105,0.9898947859377113,0.9924749378180079,0.9962500000000001,0.9962499374984375,0.99,0.0,0.0,100.0,0.12625,7.999799999166597,2.0794165412631527,0.00375,0.0,0.05476674884988647,3.6750631238251548,15.801788043873113,,,,,,0.0,0.0,0.0,0.005086084001959534,0.0,0.0,0.0,0.0,0.0,0.0,0.0,0.0,0.0,0.0,0.0,0.0,0.0,0.0,0.0,0.0,ok,,800,overlapping,1.0,0,0,0.0,0.0,0.0,0.28,6.68586094706836,5.993961427306569,2.1972245773362196,100.0,50.0,2.0,4.61512051684126,3.9318256327243257,1.0986122886681098,0.6152228816541415,-0.4275645847803011,1.9662232737465968,0.5846910044661933,0.9577103427781962,1.3041491829814866,0.13932939167056885,0.4680298607285436,-0.36912919181448356,0.0,,,,,,,,0.0,0.0,0.0,0.0,0.0
92,overlap_mod_8c_large,overlapping_binary_moderate,binary_template,binary,kl_internal_filter_branch_length_v1,"edge_alpha=0.001, enforce_internal_support_thresholds=True, sibling_alpha=0.01, spectral_include_internal_barycenters=True, spectral_internal_distribution_mode=branch_length_state, spectral_mp_row_count_mode=leaf_effective_rows, tree_distance_metric=hamming, tree_distance_source=feature_metric, tree_linkage_method=average",8,8,800,400,0.28,0.9914106479870332,0.9898947859377112,0.9897409570784186,0.99625,0.9898888353539548,0.9899007365930105,0.9898947859377113,0.9924749378180079,0.9962500000000001,0.9962499374984375,0.99,0.0,0.0,100.0,0.12625,7.999799999166597,2.0794165412631527,0.00375,0.0,0.05476674884988647,3.6750631238251548,15.801788043873113,,,,,,0.0,0.0,0.0,0.005428459000540897,0.034170249997259816,1.1628717499988852,0.721058759099833,0.0037035100322100334,0.0476195090013789,0.005602125002042158,0.37192487500215066,0.1002455769921653,0.21356061999176745,0.016427291058789706,0.5086157920013648,0.4549724579992471,0.0013901250022172462,0.04657808300180477,0.003795667002123082,9.074999979929999e-05,ok,,800,overlapping,1.0,0,0,0.0,0.0,0.0,0.28,6.68586094706836,5.993961427306569,2.1972245773362196,100.0,50.0,2.0,4.61512051684126,3.9318256327243257,1.0986122886681098,0.6152228816541415,-0.4275645847803011,1.9662232737465968,0.5846910044661933,0.9577103427781962,1.3041491829814866,0.13932939167056885,0.4680298607285436,-0.36912919181448356,0.0,,,,,,,,0.0,0.0,0.0,0.0,0.0
93,overlap_part_4c_small,overlapping_binary_partial,binary_template,binary,kl,"edge_alpha=0.001, sibling_alpha=0.01, tree_distance_metric=hamming, tree_distance_source=feature_metric, tree_linkage_method=average",4,4,400,60,0.24,0.9534938148705171,0.935198400415452,0.9346624362055894,0.9825,0.9350892599364866,0.9353075663744118,0.9351984004154521,0.9650367823329916,0.9824999999999999,0.982571108003439,0.97,0.0,0.0,99.5,0.26,3.9987059314475566,1.3859707916388209,0.01375,0.0,0.11296114722682851,2.4459644125013993,34.465166245659454,,,,,,0.0,0.0,0.0,0.002403250000497792,0.005261459002213087,0.15749937500004307,0.0766012100102671,0.001614047974726418,0.023876919025497045,0.004021749999083113,0.044384083001205,0.006871447963931132,0.025315192015114008,0.005075378951005405,0.2698111659992719,0.05801029199938057,0.000767707999330014,0.191620834000787,0.01775770800304599,5.5708002037135884e-05,ok,,400,overlapping,1.0,0,0,0.0,0.0,0.0,0.24,5.993961427306569,4.110873864173311,1.6094379124341003,100.0,15.0,6.666666666666667,4.61512051684126,2.772588722239781,2.03688192726104,0.38626509898418404,-0.45678856088614206,1.0577291227050094,-0.9692867155065967,-0.3196421712667257,1.3041491829814866,-0.9060095028298705,2.0376828808731258,-0.46322757489590394,0.0,,,,,,,,0.0,0.0,0.0,0.0,0.0
93,overlap_part_4c_small,overlapping_binary_partial,binary_template,binary,kl_legacy_c2ef9a69,"edge_alpha=0.001, sibling_alpha=0.01, tree_builder=linkage, tree_distance_metric=hamming, tree_distance_source=feature_metric, tree_linkage_method=average, tree_rooting=linkage_root",4,4,400,60,0.24,0.9534938148705171,0.935198400415452,0.9346624362055894,0.9825,0.9350892599364866,0.9353075663744118,0.9351984004154521,0.9650367823329916,0.9824999999999999,0.982571108003439,0.97,0.0,0.0,99.5,0.26,3.9987059314475566,1.3859707916388209,0.01375,0.0,0.11296114722682851,2.4459644125013993,34.465166245659454,,,,,,0.0,0.0,0.0,0.002195790999394376,0.0,0.0,0.0,0.0,0.0,0.0,0.0,0.0,0.0,0.0,0.0,0.0,0.0,0.0,0.0,0.0,ok,,400,overlapping,1.0,0,0,0.0,0.0,0.0,0.24,5.993961427306569,4.110873864173311,1.6094379124341003,100.0,15.0,6.666666666666667,4.61512051684126,2.772588722239781,2.03688192726104,0.38626509898418404,-0.45678856088614206,1.0577291227050094,-0.9692867155065967,-0.3196421712667257,1.3041491829814866,-0.9060095028298705,2.0376828808731258,-0.46322757489590394,0.0,,,,,,,,0.0,0.0,0.0,0.0,0.0
93,overlap_part_4c_small,overlapping_binary_partial,binary_template,binary,kl_internal_filter_branch_length_v1,"edge_alpha=0.001, enforce_internal_support_thresholds=True, sibling_alpha=0.01, spectral_include_internal_barycenters=True, spectral_internal_distribution_mode=branch_length_state, spectral_mp_row_count_mode=leaf_effective_rows, tree_distance_metric=hamming, tree_distance_source=feature_metric, tree_linkage_method=average",4,4,400,60,0.24,0.9534938148705171,0.935198400415452,0.9346624362055894,0.9825,0.9350892599364866,0.9353075663744118,0.9351984004154521,0.9650367823329916,0.9824999999999999,0.982571108003439,0.97,0.0,0.0,99.5,0.26,3.9987059314475566,1.3859707916388209,0.01375,0.0,0.11296114722682851,2.4459644125013993,34.465166245659454,,,,,,0.0,0.0,0.0,0.002129290998709621,0.004916374997264938,0.15340945800198824,0.06849135603260947,0.001352731964288978,0.020194947985146428,0.0038242920018092263,0.05357458300204598,0.009908199954224983,0.026801330968737602,0.004673595001804642,0.23726479200195172,0.05224683399865171,0.0008199170006264467,0.1667883330010227,0.015784750001330394,4.629199975170195e-05,ok,,400,overlapping,1.0,0,0,0.0,0.0,0.0,0.24,5.993961427306569,4.110873864173311,1.6094379124341003,100.0,15.0,6.666666666666667,4.61512051684126,2.772588722239781,2.03688192726104,0.38626509898418404,-0.45678856088614206,1.0577291227050094,-0.9692867155065967,-0.3196421712667257,1.3041491829814866,-0.9060095028298705,2.0376828808731258,-0.46322757489590394,0.0,,,,,,,,0.0,0.0,0.0,0.0,0.0
94,overlap_part_6c_med,overlapping_binary_partial,binary_template,binary,kl,"edge_alpha=0.001, sibling_alpha=0.01, tree_distance_metric=hamming, tree_distance_source=feature_metric, tree_linkage_method=average",6,6,600,200,0.25,0.9959865525047962,0.994786149513209,0.9947239269280153,0.9983333333333333,0.9947815227634181,0.9947907763060382,0.994786149513209,0.9966498881902521,0.9983333333333334,0.998333291665625,0.99,0.0,0.0,100.0,0.16833333333333333,5.999899999166622,1.7917428022835993,0.002777777777777778,0.0,0.08601679901677951,2.891632674231533,25.284606457018626,,,,,,0.0,0.0,0.0,0.0036274999984016176,0.014266916001361096,0.46652616600113106,0.2876581409764185,0.0024675700515217613,0.034187527977337595,0.005194916000618832,0.12747066600059043,0.025488836952717975,0.0784546869508631,0.009645197977079079,0.33736037500057137,0.17309845800264156,0.0010407089976069983,0.15266587500082096,0.0087106249993667,6.658299753325991e-05,ok,,600,overlapping,1.0,0,0,0.0,0.0,0.0,0.25,6.398594934535208,5.303304908059076,1.9459101490553132,100.0,33.333333333333336,3.0,4.61512051684126,3.5361166995615263,1.3862943611198906,0.4864775372638283,-0.44948256685968185,1.589030509876405,0.014741489596706977,0.41156471554823,1.3041491829814866,-0.21750011832445812,0.9492998659506786,-0.4220416920803184,0.0,,,,,,,,0.0,0.0,0.0,0.0,0.0
94,overlap_part_6c_med,overlapping_binary_partial,binary_template,binary,kl_legacy_c2ef9a69,"edge_alpha=0.001, sibling_alpha=0.01, tree_builder=linkage, tree_distance_metric=hamming, tree_distance_source=feature_metric, tree_linkage_method=average, tree_rooting=linkage_root",6,6,600,200,0.25,0.9959865525047962,0.994786149513209,0.9947239269280153,0.9983333333333333,0.9947815227634181,0.9947907763060382,0.994786149513209,0.9966498881902521,0.9983333333333334,0.998333291665625,0.99,0.0,0.0,100.0,0.16833333333333333,5.999899999166622,1.7917428022835993,0.002777777777777778,0.0,0.08601679901677951,2.891632674231533,25.284606457018626,,,,,,0.0,0.0,0.0,0.003782167001190828,0.0,0.0,0.0,0.0,0.0,0.0,0.0,0.0,0.0,0.0,0.0,0.0,0.0,0.0,0.0,0.0,ok,,600,overlapping,1.0,0,0,0.0,0.0,0.0,0.25,6.398594934535208,5.303304908059076,1.9459101490553132,100.0,33.333333333333336,3.0,4.61512051684126,3.5361166995615263,1.3862943611198906,0.4864775372638283,-0.44948256685968185,1.589030509876405,0.014741489596706977,0.41156471554823,1.3041491829814866,-0.21750011832445812,0.9492998659506786,-0.4220416920803184,0.0,,,,,,,,0.0,0.0,0.0,0.0,0.0
94,overlap_part_6c_med,overlapping_binary_partial,binary_template,binary,kl_internal_filter_branch_length_v1,"edge_alpha=0.001, enforce_internal_support_thresholds=True, sibling_alpha=0.01, spectral_include_internal_barycenters=True, spectral_internal_distribution_mode=branch_length_state, spectral_mp_row_count_mode=leaf_effective_rows, tree_distance_metric=hamming, tree_distance_source=feature_metric, tree_linkage_method=average",6,6,600,200,0.25,0.9959865525047962,0.994786149513209,0.9947239269280153,0.9983333333333333,0.9947815227634181,0.9947907763060382,0.994786149513209,0.9966498881902521,0.9983333333333334,0.998333291665625,0.99,0.0,0.0,100.0,0.16833333333333333,5.999899999166622,1.7917428022835993,0.002777777777777778,0.0,0.08601679901677951,2.891632674231533,25.284606457018626,,,,,,0.0,0.0,0.0,0.0035156669982825406,0.014429916998778936,0.5504768749997311,0.28702974791667657,0.002540126999519998,0.035185011991416104,0.004636292000213871,0.2111172910008463,0.04045770093580359,0.13497027506673476,0.010144252046302427,0.2537134589983907,0.16992479200052912,0.0011910419998457655,0.07503091699982178,0.005797207999421516,6.52920025459025e-05,ok,,600,overlapping,1.0,0,0,0.0,0.0,0.0,0.25,6.398594934535208,5.303304908059076,1.9459101490553132,100.0,33.333333333333336,3.0,4.61512051684126,3.5361166995615263,1.3862943611198906,0.4864775372638283,-0.44948256685968185,1.589030509876405,0.014741489596706977,0.41156471554823,1.3041491829814866,-0.21750011832445812,0.9492998659506786,-0.4220416920803184,0.0,,,,,,,,0.0,0.0,0.0,0.0,0.0
95,overlap_part_8c_large,overlapping_binary_partial,binary_template,binary,kl,"edge_alpha=0.001, sibling_alpha=0.01, tree_distance_metric=hamming, tree_distance_source=feature_metric, tree_linkage_method=average",8,8,800,350,0.22,1.0,1.0,1.0,1.0,1.0,1.0,1.0,1.0,1.0,1.0,1.0,0.0,0.0,100.0,0.125,7.999999999999998,2.0794415416798357,0.0,0.0,0.09968072268680217,2.709086236807747,28.59160558515638,,,,,,0.0,0.0,0.0,0.005746667000494199,0.028701582999929087,0.9643762909981888,0.6545613369853527,0.004057820973685011,0.04856592198848375,0.010219291998510016,0.2336923749971902,0.055353224990540184,0.14057534396852134,0.015049644982354948,1.3884432089980692,0.3632673749998503,0.0015269579998857807,0.9809370000002673,0.04061316600200371,9.879099889076315e-05,ok,,800,overlapping,1.0,0,0,0.0,0.0,0.0,0.22,6.68586094706836,5.860786223465865,2.1972245773362196,100.0,43.75,2.2857142857142856,4.61512051684126,3.8010914447208646,1.1895840668738364,0.4833894070139683,-0.4714005489390625,1.9662232737465968,0.4747910169813077,0.9577103427781962,1.3041491829814866,0.021440174785792375,0.6202186565023067,-0.4233108695673992,0.0,,,,,,,,0.0,0.0,0.0,0.0,0.0
95,overlap_part_8c_large,overlapping_binary_partial,binary_template,binary,kl_legacy_c2ef9a69,"edge_alpha=0.001, sibling_alpha=0.01, tree_builder=linkage, tree_distance_metric=hamming, tree_distance_source=feature_metric, tree_linkage_method=average, tree_rooting=linkage_root",8,8,800,350,0.22,1.0,1.0,1.0,1.0,1.0,1.0,1.0,1.0,1.0,1.0,1.0,0.0,0.0,100.0,0.125,7.999999999999998,2.0794415416798357,0.0,0.0,0.09968072268680217,2.709086236807747,28.59160558515638,,,,,,0.0,0.0,0.0,0.005856499999936204,0.0,0.0,0.0,0.0,0.0,0.0,0.0,0.0,0.0,0.0,0.0,0.0,0.0,0.0,0.0,0.0,ok,,800,overlapping,1.0,0,0,0.0,0.0,0.0,0.22,6.68586094706836,5.860786223465865,2.1972245773362196,100.0,43.75,2.2857142857142856,4.61512051684126,3.8010914447208646,1.1895840668738364,0.4833894070139683,-0.4714005489390625,1.9662232737465968,0.4747910169813077,0.9577103427781962,1.3041491829814866,0.021440174785792375,0.6202186565023067,-0.4233108695673992,0.0,,,,,,,,0.0,0.0,0.0,0.0,0.0
95,overlap_part_8c_large,overlapping_binary_partial,binary_template,binary,kl_internal_filter_branch_length_v1,"edge_alpha=0.001, enforce_internal_support_thresholds=True, sibling_alpha=0.01, spectral_include_internal_barycenters=True, spectral_internal_distribution_mode=branch_length_state, spectral_mp_row_count_mode=leaf_effective_rows, tree_distance_metric=hamming, tree_distance_source=feature_metric, tree_linkage_method=average",8,8,800,350,0.22,1.0,1.0,1.0,1.0,1.0,1.0,1.0,1.0,1.0,1.0,1.0,0.0,0.0,100.0,0.125,7.999999999999998,2.0794415416798357,0.0,0.0,0.09968072268680217,2.709086236807747,28.59160558515638,,,,,,0.0,0.0,0.0,0.00575691599806305,0.029666792001080466,1.1145559590004268,0.6485332790834946,0.0036541469708026852,0.047465046958677704,0.00650162500096485,0.39549329199871863,0.08898699903511442,0.2485007390350802,0.015914522999082692,0.5009665829966252,0.43254762499782373,0.001496749999205349,0.06103945899667451,0.003878416999214096,0.00010462499994901009,ok,,800,overlapping,1.0,0,0,0.0,0.0,0.0,0.22,6.68586094706836,5.860786223465865,2.1972245773362196,100.0,43.75,2.2857142857142856,4.61512051684126,3.8010914447208646,1.1895840668738364,0.4833894070139683,-0.4714005489390625,1.9662232737465968,0.4747910169813077,0.9577103427781962,1.3041491829814866,0.021440174785792375,0.6202186565023067,-0.4233108695673992,0.0,,,,,,,,0.0,0.0,0.0,0.0,0.0
96,overlap_hd_4c_1k,overlapping_binary_highd,binary_template,binary,kl,"edge_alpha=0.001, sibling_alpha=0.01, tree_distance_metric=hamming, tree_distance_source=feature_metric, tree_linkage_method=average",4,4,500,1000,0.35,0.9946559286607272,0.991591487539297,0.9915360705807535,0.998,0.9915857652217714,0.9915972099228685,0.991591487539297,0.9959839358725182,0.998,0.997999967999488,0.992,0.0,0.0,125.0,0.252,3.999935999829324,1.3862783609492195,0.003,0.0,0.04130498522603287,4.386151948595007,13.095095873266285,,,,,,0.0,0.0,0.0,0.0029492500034393743,0.05342841699894052,1.5204813749987807,1.2245347019925248,0.0038633459917036816,0.03633927698683692,0.003913749998901039,0.2417224589989928,0.1023148430576839,0.0996524379697803,0.015246500963257859,0.8409367919994111,0.6225797919978504,0.0009780000000318978,0.2030821250009467,0.01270591599677573,5.033299748902209e-05,ok,,500,overlapping,1.0,0,0,0.0,0.0,0.0,0.35,6.2166061010848646,6.90875477931522,1.6094379124341003,125.0,250.0,0.5,4.836281906951478,5.5254529391317835,0.4054651081081644,0.5633032693519351,-0.3764226265950796,1.350071259259436,1.3396046448257155,-0.3196421712667257,1.6111856965526676,1.5763787054552467,-0.6915521193536779,-0.39046741194781864,0.0,,,,,,,,0.0,0.0,0.0,0.0,0.0
96,overlap_hd_4c_1k,overlapping_binary_highd,binary_template,binary,kl_legacy_c2ef9a69,"edge_alpha=0.001, sibling_alpha=0.01, tree_builder=linkage, tree_distance_metric=hamming, tree_distance_source=feature_metric, tree_linkage_method=average, tree_rooting=linkage_root",4,4,500,1000,0.35,0.9946559286607272,0.991591487539297,0.9915360705807535,0.998,0.9915857652217714,0.9915972099228685,0.991591487539297,0.9959839358725182,0.998,0.997999967999488,0.992,0.0,0.0,125.0,0.252,3.999935999829324,1.3862783609492195,0.003,0.0,0.04130498522603287,4.386151948595007,13.095095873266285,,,,,,0.0,0.0,0.0,0.0030260000021371525,0.0,0.0,0.0,0.0,0.0,0.0,0.0,0.0,0.0,0.0,0.0,0.0,0.0,0.0,0.0,0.0,ok,,500,overlapping,1.0,0,0,0.0,0.0,0.0,0.35,6.2166061010848646,6.90875477931522,1.6094379124341003,125.0,250.0,0.5,4.836281906951478,5.5254529391317835,0.4054651081081644,0.5633032693519351,-0.3764226265950796,1.350071259259436,1.3396046448257155,-0.3196421712667257,1.6111856965526676,1.5763787054552467,-0.6915521193536779,-0.39046741194781864,0.0,,,,,,,,0.0,0.0,0.0,0.0,0.0
96,overlap_hd_4c_1k,overlapping_binary_highd,binary_template,binary,kl_internal_filter_branch_length_v1,"edge_alpha=0.001, enforce_internal_support_thresholds=True, sibling_alpha=0.01, spectral_include_internal_barycenters=True, spectral_internal_distribution_mode=branch_length_state, spectral_mp_row_count_mode=leaf_effective_rows, tree_distance_metric=hamming, tree_distance_source=feature_metric, tree_linkage_method=average",4,4,500,1000,0.35,0.9946559286607272,0.991591487539297,0.9915360705807535,0.998,0.9915857652217714,0.9915972099228685,0.991591487539297,0.9959839358725182,0.998,0.997999967999488,0.992,0.0,0.0,125.0,0.252,3.999935999829324,1.3862783609492195,0.003,0.0,0.04130498522603287,4.386151948595007,13.095095873266285,,,,,,0.0,0.0,0.0,0.002540749999752734,0.04673533299865085,1.6130768330003775,1.1610685860287049,0.003228335037420038,0.034267035029188264,0.003220250000595115,0.4019325420013047,0.14445817602609168,0.20400123295985395,0.015520592005486833,0.7044441250000091,0.6268124170019291,0.0010209169995505363,0.06920287499815458,0.005821709000883857,5.095899905427359e-05,ok,,500,overlapping,1.0,0,0,0.0,0.0,0.0,0.35,6.2166061010848646,6.90875477931522,1.6094379124341003,125.0,250.0,0.5,4.836281906951478,5.5254529391317835,0.4054651081081644,0.5633032693519351,-0.3764226265950796,1.350071259259436,1.3396046448257155,-0.3196421712667257,1.6111856965526676,1.5763787054552467,-0.6915521193536779,-0.39046741194781864,0.0,,,,,,,,0.0,0.0,0.0,0.0,0.0
97,overlap_unbal_4c_small,overlapping_binary_unbalanced,binary_template,binary,kl,"edge_alpha=0.001, sibling_alpha=0.01, tree_distance_metric=hamming, tree_distance_source=feature_metric, tree_linkage_method=average",4,4,400,100,0.35,0.5000975768285938,0.4531126505794086,0.44856299554102474,0.7775,0.45327184407419213,0.45295356886598404,0.45311265057940864,0.6260725193398722,0.774061396571827,0.7739447698405183,0.7209302325581395,0.0,0.0,96.5,0.295,3.97143608911873,1.3791277645830515,0.06375,0.0,0.022051663784240796,5.194403635108902,8.463227176751746,,,,,,0.0,0.0,0.0,0.0019543749986041803,0.006217582998942817,0.19349429199792212,0.10942227404302685,0.0015656580180802848,0.02517959999386221,0.004409125001984648,0.046249499999248656,0.008719418987311656,0.025364886005263543,0.005105154017655877,0.3671950839998317,0.0688195420007105,0.000760958999308059,0.26827062500160537,0.027817417001642752,5.8916997659252957e-05,ok,,400,overlapping,1.0,0,0,0.0,0.0,0.0,0.35,5.993961427306569,4.61512051684126,1.6094379124341003,100.0,25.0,4.0,4.61512051684126,3.258096538021482,1.6094379124341003,0.5633032693519351,-0.3764226265950796,1.0577291227050094,-0.5531679545112014,-0.3196421712667257,1.3041491829814866,-0.4682040820134905,1.3226018836642635,-0.39046741194781864,0.0,,,,,,,,0.0,0.0,0.0,0.0,0.0
97,overlap_unbal_4c_small,overlapping_binary_unbalanced,binary_template,binary,kl_legacy_c2ef9a69,"edge_alpha=0.001, sibling_alpha=0.01, tree_builder=linkage, tree_distance_metric=hamming, tree_distance_source=feature_metric, tree_linkage_method=average, tree_rooting=linkage_root",4,4,400,100,0.35,0.5000975768285938,0.4531126505794086,0.44856299554102474,0.7775,0.45327184407419213,0.45295356886598404,0.45311265057940864,0.6260725193398722,0.774061396571827,0.7739447698405183,0.7209302325581395,0.0,0.0,96.5,0.295,3.97143608911873,1.3791277645830515,0.06375,0.0,0.022051663784240796,5.194403635108902,8.463227176751746,,,,,,0.0,0.0,0.0,0.0023643749991606455,0.0,0.0,0.0,0.0,0.0,0.0,0.0,0.0,0.0,0.0,0.0,0.0,0.0,0.0,0.0,0.0,ok,,400,overlapping,1.0,0,0,0.0,0.0,0.0,0.35,5.993961427306569,4.61512051684126,1.6094379124341003,100.0,25.0,4.0,4.61512051684126,3.258096538021482,1.6094379124341003,0.5633032693519351,-0.3764226265950796,1.0577291227050094,-0.5531679545112014,-0.3196421712667257,1.3041491829814866,-0.4682040820134905,1.3226018836642635,-0.39046741194781864,0.0,,,,,,,,0.0,0.0,0.0,0.0,0.0
97,overlap_unbal_4c_small,overlapping_binary_unbalanced,binary_template,binary,kl_internal_filter_branch_length_v1,"edge_alpha=0.001, enforce_internal_support_thresholds=True, sibling_alpha=0.01, spectral_include_internal_barycenters=True, spectral_internal_distribution_mode=branch_length_state, spectral_mp_row_count_mode=leaf_effective_rows, tree_distance_metric=hamming, tree_distance_source=feature_metric, tree_linkage_method=average",4,4,400,100,0.35,0.5000975768285938,0.4531126505794086,0.44856299554102474,0.7775,0.45327184407419213,0.45295356886598404,0.45311265057940864,0.6260725193398722,0.774061396571827,0.7739447698405183,0.7209302325581395,0.0,0.0,96.5,0.295,3.97143608911873,1.3791277645830515,0.06375,0.0,0.022051663784240796,5.194403635108902,8.463227176751746,,,,,,0.0,0.0,0.0,0.002194291002524551,0.0066910829991684295,0.20460320799975307,0.10501599891722435,0.0014501240075333044,0.021451664044434438,0.005999624998366926,0.0640813749996596,0.01380600700940704,0.032589036996796494,0.005228865018580109,0.3043302500009304,0.07050787499974831,0.0006988329987507313,0.18801712500135181,0.04351229200256057,5.170800068299286e-05,ok,,400,overlapping,1.0,0,0,0.0,0.0,0.0,0.35,5.993961427306569,4.61512051684126,1.6094379124341003,100.0,25.0,4.0,4.61512051684126,3.258096538021482,1.6094379124341003,0.5633032693519351,-0.3764226265950796,1.0577291227050094,-0.5531679545112014,-0.3196421712667257,1.3041491829814866,-0.4682040820134905,1.3226018836642635,-0.39046741194781864,0.0,,,,,,,,0.0,0.0,0.0,0.0,0.0
98,overlap_unbal_6c_med,overlapping_binary_unbalanced,binary_template,binary,kl,"edge_alpha=0.001, sibling_alpha=0.01, tree_distance_metric=hamming, tree_distance_source=feature_metric, tree_linkage_method=average",6,6,600,300,0.3,0.9817306285757762,0.9742725983954852,0.9739643184455675,0.9916666666666667,0.9743202343216708,0.9742249671270505,0.9742725983954851,0.9847882938448803,0.9909443586492577,0.9908512468397106,0.9753086419753086,0.0,0.0,101.5,0.18833333333333332,5.962390038006343,1.785471413781312,0.06166666666666667,0.0,0.051885917937138884,3.7272631376004717,14.977352590080292,,,,,,0.0,0.0,0.0,0.003431958000874147,0.020211666997056454,0.6186609169999429,0.42433395099578775,0.0027980430822935887,0.036319251001259545,0.005418542001280002,0.13916800000151852,0.03515308596615796,0.07793342894728994,0.010600534013065044,0.7261632499976258,0.24580141700062086,0.0011339999982737936,0.45333141700029955,0.024047374998190207,6.991600093897432e-05,ok,,600,overlapping,1.0,0,0,0.0,0.0,0.0,0.3,6.398594934535208,5.707110264748875,1.9459101490553132,100.0,50.0,2.0,4.61512051684126,3.9318256327243257,1.0986122886681098,0.583773044716594,-0.41295259672738077,1.589030509876405,0.3479732201793853,0.41156471554823,1.3041491829814866,0.13932939167056885,0.4680298607285436,-0.38205462623076414,0.0,,,,,,,,0.0,0.0,0.0,0.0,0.0
98,overlap_unbal_6c_med,overlapping_binary_unbalanced,binary_template,binary,kl_legacy_c2ef9a69,"edge_alpha=0.001, sibling_alpha=0.01, tree_builder=linkage, tree_distance_metric=hamming, tree_distance_source=feature_metric, tree_linkage_method=average, tree_rooting=linkage_root",6,6,600,300,0.3,0.9817306285757762,0.9742725983954852,0.9739643184455675,0.9916666666666667,0.9743202343216708,0.9742249671270505,0.9742725983954851,0.9847882938448803,0.9909443586492577,0.9908512468397106,0.9753086419753086,0.0,0.0,101.5,0.18833333333333332,5.962390038006343,1.785471413781312,0.06166666666666667,0.0,0.051885917937138884,3.7272631376004717,14.977352590080292,,,,,,0.0,0.0,0.0,0.003538791999744717,0.0,0.0,0.0,0.0,0.0,0.0,0.0,0.0,0.0,0.0,0.0,0.0,0.0,0.0,0.0,0.0,ok,,600,overlapping,1.0,0,0,0.0,0.0,0.0,0.3,6.398594934535208,5.707110264748875,1.9459101490553132,100.0,50.0,2.0,4.61512051684126,3.9318256327243257,1.0986122886681098,0.583773044716594,-0.41295259672738077,1.589030509876405,0.3479732201793853,0.41156471554823,1.3041491829814866,0.13932939167056885,0.4680298607285436,-0.38205462623076414,0.0,,,,,,,,0.0,0.0,0.0,0.0,0.0
98,overlap_unbal_6c_med,overlapping_binary_unbalanced,binary_template,binary,kl_internal_filter_branch_length_v1,"edge_alpha=0.001, enforce_internal_support_thresholds=True, sibling_alpha=0.01, spectral_include_internal_barycenters=True, spectral_internal_distribution_mode=branch_length_state, spectral_mp_row_count_mode=leaf_effective_rows, tree_distance_metric=hamming, tree_distance_source=feature_metric, tree_linkage_method=average",6,6,600,300,0.3,0.9817306285757762,0.9742725983954852,0.9739643184455675,0.9916666666666667,0.9743202343216708,0.9742249671270505,0.9742725983954851,0.9847882938448803,0.9909443586492577,0.9908512468397106,0.9753086419753086,0.0,0.0,101.5,0.18833333333333332,5.962390038006343,1.785471413781312,0.06166666666666667,0.0,0.051885917937138884,3.7272631376004717,14.977352590080292,,,,,,0.0,0.0,0.0,0.0037172919983277097,0.020004416997835506,0.6856933340022806,0.4129077559846337,0.002563715006544953,0.03474378399550915,0.0036984170001232997,0.22208683300050325,0.055636478933593025,0.128742363947822,0.010910541946941521,0.3064245829991705,0.24125991700202576,0.0010325000002922025,0.057671374997880775,0.004845041999942623,5.9458001487655565e-05,ok,,600,overlapping,1.0,0,0,0.0,0.0,0.0,0.3,6.398594934535208,5.707110264748875,1.9459101490553132,100.0,50.0,2.0,4.61512051684126,3.9318256327243257,1.0986122886681098,0.583773044716594,-0.41295259672738077,1.589030509876405,0.3479732201793853,0.41156471554823,1.3041491829814866,0.13932939167056885,0.4680298607285436,-0.38205462623076414,0.0,,,,,,,,0.0,0.0,0.0,0.0,0.0
99,overlap_unbal_8c_large,overlapping_binary_unbalanced,binary_template,binary,kl,"edge_alpha=0.001, sibling_alpha=0.01, tree_distance_metric=hamming, tree_distance_source=feature_metric, tree_linkage_method=average",8,8,800,500,0.32,0.9295804687948276,0.9227976893093622,0.9216203733435948,0.96875,0.9225806854397576,0.9230147952876694,0.9227976893093621,0.938357847883555,0.9684752008097034,0.9688197720725518,0.9405940594059405,0.0,0.0,102.0,0.135,7.971863571167421,2.0759182887027836,0.0421875,0.0,0.03047887690757267,4.757528598632135,9.430566090547659,,,,,,0.0,0.0,0.0,0.005166874998394633,0.04247762500017416,1.2777673750024405,0.9204412910148676,0.004037544054881437,0.048024805040768115,0.005991624999296619,0.28571245900093345,0.08015749798505567,0.1633515829780663,0.017166696994536323,0.8025425000014366,0.504704999999376,0.001413708996551577,0.2830669579998357,0.011192250000021886,9.233300079358742e-05,ok,,800,overlapping,1.0,0,0,0.0,0.0,0.0,0.32,6.68586094706836,6.2166061010848646,2.1972245773362196,100.0,62.5,1.6,4.61512051684126,4.151039905898646,0.9555114450274363,0.7031118647475902,-0.39834060867446025,1.9662232737465968,0.7684237576826176,0.9577103427781962,1.3041491829814866,0.33700529717894184,0.22863314344515306,-0.3330080733125398,0.0,,,,,,,,0.0,0.0,0.0,0.0,0.0
99,overlap_unbal_8c_large,overlapping_binary_unbalanced,binary_template,binary,kl_legacy_c2ef9a69,"edge_alpha=0.001, sibling_alpha=0.01, tree_builder=linkage, tree_distance_metric=hamming, tree_distance_source=feature_metric, tree_linkage_method=average, tree_rooting=linkage_root",8,8,800,500,0.32,0.9295804687948276,0.9227976893093622,0.9216203733435948,0.96875,0.9225806854397576,0.9230147952876694,0.9227976893093621,0.938357847883555,0.9684752008097034,0.9688197720725518,0.9405940594059405,0.0,0.0,102.0,0.135,7.971863571167421,2.0759182887027836,0.0421875,0.0,0.03047887690757267,4.757528598632135,9.430566090547659,,,,,,0.0,0.0,0.0,0.005722125002648681,0.0,0.0,0.0,0.0,0.0,0.0,0.0,0.0,0.0,0.0,0.0,0.0,0.0,0.0,0.0,0.0,ok,,800,overlapping,1.0,0,0,0.0,0.0,0.0,0.32,6.68586094706836,6.2166061010848646,2.1972245773362196,100.0,62.5,1.6,4.61512051684126,4.151039905898646,0.9555114450274363,0.7031118647475902,-0.39834060867446025,1.9662232737465968,0.7684237576826176,0.9577103427781962,1.3041491829814866,0.33700529717894184,0.22863314344515306,-0.3330080733125398,0.0,,,,,,,,0.0,0.0,0.0,0.0,0.0
99,overlap_unbal_8c_large,overlapping_binary_unbalanced,binary_template,binary,kl_internal_filter_branch_length_v1,"edge_alpha=0.001, enforce_internal_support_thresholds=True, sibling_alpha=0.01, spectral_include_internal_barycenters=True, spectral_internal_distribution_mode=branch_length_state, spectral_mp_row_count_mode=leaf_effective_rows, tree_distance_metric=hamming, tree_distance_source=feature_metric, tree_linkage_method=average",8,8,800,500,0.32,0.9295804687948276,0.9227976893093622,0.9216203733435948,0.96875,0.9225806854397576,0.9230147952876694,0.9227976893093621,0.938357847883555,0.9684752008097034,0.9688197720725518,0.9405940594059405,0.0,0.0,102.0,0.135,7.971863571167421,2.0759182887027836,0.0421875,0.0,0.03047887690757267,4.757528598632135,9.430566090547659,,,,,,0.0,0.0,0.0,0.005988834000163479,0.0433361249997688,1.410049624999374,0.9017834950282122,0.003888466984790284,0.04825412797072204,0.005649916998663684,0.4373991249995015,0.12523386907196254,0.24793410397978732,0.018127285984519403,0.59469191700191,0.5018659169982129,0.0014902080001775175,0.08321195900134626,0.005956624998361804,8.237500151153654e-05,ok,,800,overlapping,1.0,0,0,0.0,0.0,0.0,0.32,6.68586094706836,6.2166061010848646,2.1972245773362196,100.0,62.5,1.6,4.61512051684126,4.151039905898646,0.9555114450274363,0.7031118647475902,-0.39834060867446025,1.9662232737465968,0.7684237576826176,0.9577103427781962,1.3041491829814866,0.33700529717894184,0.22863314344515306,-0.3330080733125398,0.0,,,,,,,,0.0,0.0,0.0,0.0,0.0
100,gauss_overlap_3c_small,overlapping_gaussian,gaussian_blobs,median_binary,kl,"edge_alpha=0.001, sibling_alpha=0.01, tree_distance_metric=hamming, tree_distance_source=feature_metric, tree_linkage_method=average",3,3,300,30,3.5,0.9702555619013858,0.9589753057921956,0.9587225217276993,0.99,0.9588443516038357,0.9591062957555835,0.9589753057921955,0.9801070832442966,0.9899999999999999,0.9899977494936362,0.97,0.0,0.0,100.0,0.3433333333333333,2.9990999999783887,1.0983122436519017,0.013333333333333334,0.0,0.2644881487119036,1.7249470776212785,104.16492698858117,,,,,,0.0,0.0,0.0,0.0015191669990599621,0.0029084169982525054,0.07730054099738481,0.03294706403903547,0.000983296016784152,0.015065764953760663,0.00197729200226604,0.02109516599739436,0.0030914119779481553,0.01046790202963166,0.0029650729629793204,0.043435999999928754,0.03178120799930184,0.0007370409985014703,0.006471290998888435,0.0028722919996653218,4.166599683230743e-05,ok,,300,overlapping,1.0,0,0,0.0,0.0,0.0,3.5,5.707110264748875,3.4339872044851463,1.3862943611198906,100.0,10.0,10.0,4.61512051684126,2.3978952727983707,2.3978952727983707,4.852030263919617,1.9249654917398924,0.6810810748889541,-1.5278729484016926,-0.8045680691885214,1.3041491829814866,-1.2438883545754753,2.6416304720847172,1.37213821324813,0.0,,,,,,,,0.0,0.0,0.0,0.0,0.0
100,gauss_overlap_3c_small,overlapping_gaussian,gaussian_blobs,median_binary,kl_legacy_c2ef9a69,"edge_alpha=0.001, sibling_alpha=0.01, tree_builder=linkage, tree_distance_metric=hamming, tree_distance_source=feature_metric, tree_linkage_method=average, tree_rooting=linkage_root",3,3,300,30,3.5,0.9702555619013858,0.9589753057921956,0.9587225217276993,0.99,0.9588443516038357,0.9591062957555835,0.9589753057921955,0.9801070832442966,0.9899999999999999,0.9899977494936362,0.97,0.0,0.0,100.0,0.3433333333333333,2.9990999999783887,1.0983122436519017,0.013333333333333334,0.0,0.2644881487119036,1.7249470776212785,104.16492698858117,,,,,,0.0,0.0,0.0,0.0015480840011150576,0.0,0.0,0.0,0.0,0.0,0.0,0.0,0.0,0.0,0.0,0.0,0.0,0.0,0.0,0.0,0.0,ok,,300,overlapping,1.0,0,0,0.0,0.0,0.0,3.5,5.707110264748875,3.4339872044851463,1.3862943611198906,100.0,10.0,10.0,4.61512051684126,2.3978952727983707,2.3978952727983707,4.852030263919617,1.9249654917398924,0.6810810748889541,-1.5278729484016926,-0.8045680691885214,1.3041491829814866,-1.2438883545754753,2.6416304720847172,1.37213821324813,0.0,,,,,,,,0.0,0.0,0.0,0.0,0.0
100,gauss_overlap_3c_small,overlapping_gaussian,gaussian_blobs,median_binary,kl_internal_filter_branch_length_v1,"edge_alpha=0.001, enforce_internal_support_thresholds=True, sibling_alpha=0.01, spectral_include_internal_barycenters=True, spectral_internal_distribution_mode=branch_length_state, spectral_mp_row_count_mode=leaf_effective_rows, tree_distance_metric=hamming, tree_distance_source=feature_metric, tree_linkage_method=average",3,3,300,30,3.5,0.9702555619013858,0.9589753057921956,0.9587225217276993,0.99,0.9588443516038357,0.9591062957555835,0.9589753057921955,0.9801070832442966,0.9899999999999999,0.9899977494936362,0.97,0.0,0.0,100.0,0.3433333333333333,2.9990999999783887,1.0983122436519017,0.013333333333333334,0.0,0.2644881487119036,1.7249470776212785,104.16492698858117,,,,,,0.0,0.0,0.0,0.0015396250018966384,0.0030826670008536894,0.08675550000043586,0.03462308197413222,0.0010596250176604372,0.01592510295813554,0.0018432079996273387,0.028018791002978105,0.005217588950472418,0.011796418995800195,0.0028685470424534287,0.038279042000795016,0.030276374996901723,0.000584834000619594,0.004220167000312358,0.0018760829989332706,3.6375000490807e-05,ok,,300,overlapping,1.0,0,0,0.0,0.0,0.0,3.5,5.707110264748875,3.4339872044851463,1.3862943611198906,100.0,10.0,10.0,4.61512051684126,2.3978952727983707,2.3978952727983707,4.852030263919617,1.9249654917398924,0.6810810748889541,-1.5278729484016926,-0.8045680691885214,1.3041491829814866,-1.2438883545754753,2.6416304720847172,1.37213821324813,0.0,,,,,,,,0.0,0.0,0.0,0.0,0.0
101,gauss_overlap_4c_med,overlapping_gaussian,gaussian_blobs,median_binary,kl,"edge_alpha=0.001, sibling_alpha=0.01, tree_distance_metric=hamming, tree_distance_source=feature_metric, tree_linkage_method=average",4,4,400,80,4.0,1.0,1.0,1.0,1.0,1.0,1.0,1.0,1.0,1.0,1.0,1.0,0.0,0.0,100.0,0.25,4.0,1.3862943611198906,0.0,0.0,0.2776703632964096,1.4138208009203344,101.79590680044986,,,,,,0.0,0.0,0.0,0.0020382920010888483,0.0055972919981286395,0.17480404099842417,0.09044978705787798,0.0014674198973807506,0.02216375606440124,0.002532999998948071,0.05178587499904097,0.008168087992089568,0.031091533968719887,0.005122666978422785,0.122794792001514,0.06446666700139758,0.0010096669975609984,0.049235041999054374,0.006432666999899084,5.0708000344457105e-05,ok,,400,overlapping,1.0,0,0,0.0,0.0,0.0,4.0,5.993961427306569,4.394449154672439,1.6094379124341003,100.0,20.0,5.0,4.61512051684126,3.044522437723423,1.791759469228055,6.437751649736401,2.2902651930629037,1.0577291227050094,-0.7352722745438894,-0.3196421712667257,1.3041491829814866,-0.6607939761760053,1.6276118408107647,2.0238470858750115,0.0,,,,,,,,0.0,0.0,0.0,0.0,0.0
101,gauss_overlap_4c_med,overlapping_gaussian,gaussian_blobs,median_binary,kl_legacy_c2ef9a69,"edge_alpha=0.001, sibling_alpha=0.01, tree_builder=linkage, tree_distance_metric=hamming, tree_distance_source=feature_metric, tree_linkage_method=average, tree_rooting=linkage_root",4,4,400,80,4.0,1.0,1.0,1.0,1.0,1.0,1.0,1.0,1.0,1.0,1.0,1.0,0.0,0.0,100.0,0.25,4.0,1.3862943611198906,0.0,0.0,0.2776703632964096,1.4138208009203344,101.79590680044986,,,,,,0.0,0.0,0.0,0.002290958000230603,0.0,0.0,0.0,0.0,0.0,0.0,0.0,0.0,0.0,0.0,0.0,0.0,0.0,0.0,0.0,0.0,ok,,400,overlapping,1.0,0,0,0.0,0.0,0.0,4.0,5.993961427306569,4.394449154672439,1.6094379124341003,100.0,20.0,5.0,4.61512051684126,3.044522437723423,1.791759469228055,6.437751649736401,2.2902651930629037,1.0577291227050094,-0.7352722745438894,-0.3196421712667257,1.3041491829814866,-0.6607939761760053,1.6276118408107647,2.0238470858750115,0.0,,,,,,,,0.0,0.0,0.0,0.0,0.0
101,gauss_overlap_4c_med,overlapping_gaussian,gaussian_blobs,median_binary,kl_internal_filter_branch_length_v1,"edge_alpha=0.001, enforce_internal_support_thresholds=True, sibling_alpha=0.01, spectral_include_internal_barycenters=True, spectral_internal_distribution_mode=branch_length_state, spectral_mp_row_count_mode=leaf_effective_rows, tree_distance_metric=hamming, tree_distance_source=feature_metric, tree_linkage_method=average",4,4,400,80,4.0,1.0,1.0,1.0,1.0,1.0,1.0,1.0,1.0,1.0,1.0,1.0,0.0,0.0,100.0,0.25,4.0,1.3862943611198906,0.0,0.0,0.2776703632964096,1.4138208009203344,101.79590680044986,,,,,,0.0,0.0,0.0,0.00229537500126753,0.005901208998693619,0.18302016700181412,0.08710704303666716,0.0013923339574830607,0.02068716802750714,0.002352416999201523,0.06504137500087381,0.012699494986009086,0.034066578020429006,0.005004827973607462,0.07353724999848055,0.06108833399775904,0.0007547499990323558,0.008102499999949941,0.0020597500006260816,4.454200097825378e-05,ok,,400,overlapping,1.0,0,0,0.0,0.0,0.0,4.0,5.993961427306569,4.394449154672439,1.6094379124341003,100.0,20.0,5.0,4.61512051684126,3.044522437723423,1.791759469228055,6.437751649736401,2.2902651930629037,1.0577291227050094,-0.7352722745438894,-0.3196421712667257,1.3041491829814866,-0.6607939761760053,1.6276118408107647,2.0238470858750115,0.0,,,,,,,,0.0,0.0,0.0,0.0,0.0
102,gauss_overlap_6c_large,overlapping_gaussian,gaussian_blobs,median_binary,kl,"edge_alpha=0.001, sibling_alpha=0.01, tree_distance_metric=hamming, tree_distance_source=feature_metric, tree_linkage_method=average",6,6,600,150,3.5,1.0,1.0,1.0,1.0,1.0,1.0,1.0,1.0,1.0,1.0,1.0,0.0,0.0,100.0,0.16666666666666666,5.999999999999998,1.7917594692280547,0.0,0.0,0.30887477847040495,1.3429006126332412,124.3622555414249,,,,,,0.0,0.0,0.0,0.0034864580011344515,0.012094416997570079,0.3889761249993171,0.222205454014329,0.0023410339235852007,0.03338215199983097,0.00391654200211633,0.11767162500109407,0.02029821904943674,0.07473948600454605,0.008938606009905925,0.23683525000160444,0.14532162499745027,0.001146750000771135,0.08302674999868032,0.0054485420005221386,6.854200182715431e-05,ok,,600,overlapping,1.0,0,0,0.0,0.0,0.0,3.5,6.398594934535208,5.017279836814924,1.9459101490553132,100.0,25.0,4.0,4.61512051684126,3.258096538021482,1.6094379124341003,6.810685521693596,1.9249654917398924,1.589030509876405,-0.22129458050907153,0.41156471554823,1.3041491829814866,-0.4682040820134905,1.3226018836642635,2.177117588140712,0.0,,,,,,,,0.0,0.0,0.0,0.0,0.0
102,gauss_overlap_6c_large,overlapping_gaussian,gaussian_blobs,median_binary,kl_legacy_c2ef9a69,"edge_alpha=0.001, sibling_alpha=0.01, tree_builder=linkage, tree_distance_metric=hamming, tree_distance_source=feature_metric, tree_linkage_method=average, tree_rooting=linkage_root",6,6,600,150,3.5,1.0,1.0,1.0,1.0,1.0,1.0,1.0,1.0,1.0,1.0,1.0,0.0,0.0,100.0,0.16666666666666666,5.999999999999998,1.7917594692280547,0.0,0.0,0.30887477847040495,1.3429006126332412,124.3622555414249,,,,,,0.0,0.0,0.0,0.0036905419983668253,0.0,0.0,0.0,0.0,0.0,0.0,0.0,0.0,0.0,0.0,0.0,0.0,0.0,0.0,0.0,0.0,ok,,600,overlapping,1.0,0,0,0.0,0.0,0.0,3.5,6.398594934535208,5.017279836814924,1.9459101490553132,100.0,25.0,4.0,4.61512051684126,3.258096538021482,1.6094379124341003,6.810685521693596,1.9249654917398924,1.589030509876405,-0.22129458050907153,0.41156471554823,1.3041491829814866,-0.4682040820134905,1.3226018836642635,2.177117588140712,0.0,,,,,,,,0.0,0.0,0.0,0.0,0.0
102,gauss_overlap_6c_large,overlapping_gaussian,gaussian_blobs,median_binary,kl_internal_filter_branch_length_v1,"edge_alpha=0.001, enforce_internal_support_thresholds=True, sibling_alpha=0.01, spectral_include_internal_barycenters=True, spectral_internal_distribution_mode=branch_length_state, spectral_mp_row_count_mode=leaf_effective_rows, tree_distance_metric=hamming, tree_distance_source=feature_metric, tree_linkage_method=average",6,6,600,150,3.5,1.0,1.0,1.0,1.0,1.0,1.0,1.0,1.0,1.0,1.0,1.0,0.0,0.0,100.0,0.16666666666666666,5.999999999999998,1.7917594692280547,0.0,0.0,0.30887477847040495,1.3429006126332412,124.3622555414249,,,,,,0.0,0.0,0.0,0.003755375000764616,0.011362542001734255,0.4595183329984138,0.22565692297939677,0.002372951032157289,0.0343489240440249,0.005137042000569636,0.18182012499892153,0.03194163291118457,0.11819903301511658,0.008214748930186033,0.2021816669985128,0.14388033299837844,0.0010312500016880222,0.05128958400018746,0.004090833001100691,6.600000051548705e-05,ok,,600,overlapping,1.0,0,0,0.0,0.0,0.0,3.5,6.398594934535208,5.017279836814924,1.9459101490553132,100.0,25.0,4.0,4.61512051684126,3.258096538021482,1.6094379124341003,6.810685521693596,1.9249654917398924,1.589030509876405,-0.22129458050907153,0.41156471554823,1.3041491829814866,-0.4682040820134905,1.3226018836642635,2.177117588140712,0.0,,,,,,,,0.0,0.0,0.0,0.0,0.0
103,gauss_overlap_8c_highd,overlapping_gaussian,gaussian_blobs,median_binary,kl,"edge_alpha=0.001, sibling_alpha=0.01, tree_distance_metric=hamming, tree_distance_source=feature_metric, tree_linkage_method=average",8,8,800,300,3.5,1.0,1.0,1.0,1.0,1.0,1.0,1.0,1.0,1.0,1.0,1.0,0.0,0.0,100.0,0.125,7.999999999999998,2.0794415416798357,0.0,0.0,0.32088611336984085,1.2896537164141901,132.40742248062418,,,,,,0.0,0.0,0.0,0.005161458000657149,0.0254793329986569,0.8011594589988817,0.5386717829569534,0.0033829039930424187,0.045152093003707705,0.006006374998833053,0.1954600829994888,0.045168449079938,0.11616436799886287,0.013164905041776365,0.6356881659994542,0.30817770800058497,0.0014446669993049,0.3117003749975993,0.012279750000743661,8.93340002221521e-05,ok,,800,overlapping,1.0,0,0,0.0,0.0,0.0,3.5,6.68586094706836,5.707110264748875,2.1972245773362196,100.0,37.5,2.6666666666666665,4.61512051684126,3.6506582412937387,1.2992829841302609,7.690286020676768,1.9249654917398924,1.9662232737465968,0.3479732201793853,0.9577103427781962,1.3041491829814866,-0.11421257845594285,0.8037365171424098,2.5386208475919907,0.0,,,,,,,,0.0,0.0,0.0,0.0,0.0
103,gauss_overlap_8c_highd,overlapping_gaussian,gaussian_blobs,median_binary,kl_legacy_c2ef9a69,"edge_alpha=0.001, sibling_alpha=0.01, tree_builder=linkage, tree_distance_metric=hamming, tree_distance_source=feature_metric, tree_linkage_method=average, tree_rooting=linkage_root",8,11,800,300,3.5,0.9943699994190871,0.9937416595490114,0.9936194351934168,1.0,1.0,0.9875611655587692,0.9937416595490112,0.9950762622416273,1.0,1.0,1.0,2.0,0.0025,100.0,0.125,8.212301097219722,2.1056331640008072,0.2711363636363636,0.0,0.27807383981535033,1.3705494865333605,93.07831247158822,,,,,,3.0,1.0,0.0,0.005633624998154119,0.0,0.0,0.0,0.0,0.0,0.0,0.0,0.0,0.0,0.0,0.0,0.0,0.0,0.0,0.0,0.0,ok,,800,overlapping,0.0,3,3,1.0,0.0,0.0,3.5,6.68586094706836,5.707110264748875,2.1972245773362196,100.0,37.5,2.6666666666666665,4.61512051684126,3.6506582412937387,1.2992829841302609,7.690286020676768,1.9249654917398924,1.9662232737465968,0.3479732201793853,0.9577103427781962,1.3041491829814866,-0.11421257845594285,0.8037365171424098,2.5386208475919907,0.0,,,,,,,,0.0,0.0,0.0,0.0,0.0
103,gauss_overlap_8c_highd,overlapping_gaussian,gaussian_blobs,median_binary,kl_internal_filter_branch_length_v1,"edge_alpha=0.001, enforce_internal_support_thresholds=True, sibling_alpha=0.01, spectral_include_internal_barycenters=True, spectral_internal_distribution_mode=branch_length_state, spectral_mp_row_count_mode=leaf_effective_rows, tree_distance_metric=hamming, tree_distance_source=feature_metric, tree_linkage_method=average",8,8,800,300,3.5,1.0,1.0,1.0,1.0,1.0,1.0,1.0,1.0,1.0,1.0,1.0,0.0,0.0,100.0,0.125,7.999999999999998,2.0794415416798357,0.0,0.0,0.32088611336984085,1.2896537164141901,132.40742248062418,,,,,,0.0,0.0,0.0,0.005477707996760728,0.02590425000016694,0.9262595830005012,0.5349438138764526,0.003303988021798432,0.04423154206597246,0.005626000001939246,0.32634704200245324,0.07413156099210028,0.2003615160137997,0.013540753996494459,0.38067450000016834,0.30610895800055005,0.001451791998988483,0.06700287499916158,0.0042600409979058895,8.229200102505274e-05,ok,,800,overlapping,1.0,0,0,0.0,0.0,0.0,3.5,6.68586094706836,5.707110264748875,2.1972245773362196,100.0,37.5,2.6666666666666665,4.61512051684126,3.6506582412937387,1.2992829841302609,7.690286020676768,1.9249654917398924,1.9662232737465968,0.3479732201793853,0.9577103427781962,1.3041491829814866,-0.11421257845594285,0.8037365171424098,2.5386208475919907,0.0,,,,,,,,0.0,0.0,0.0,0.0,0.0
104,gauss_overlap_extreme_4c,overlapping_gaussian,gaussian_blobs,median_binary,kl,"edge_alpha=0.001, sibling_alpha=0.01, tree_distance_metric=hamming, tree_distance_source=feature_metric, tree_linkage_method=average",4,4,500,100,6.0,1.0,1.0,1.0,1.0,1.0,1.0,1.0,1.0,1.0,1.0,1.0,0.0,0.0,125.0,0.25,4.0,1.3862943611198906,0.0,0.0,0.169875131385997,2.0212781863263074,65.41578848017016,,,,,,0.0,0.0,0.0,0.0026086249999934807,0.008188417003111681,0.24292583299757098,0.12889553891000105,0.0017392170448147226,0.026065926973387832,0.0031180839978333097,0.07525783399978536,0.011501849970954936,0.04768506497202907,0.006243931016797433,0.12319587499951012,0.08702049999919836,0.0008751249988563359,0.03013091599859763,0.0036396659997990355,5.6542001402704045e-05,ok,,500,overlapping,1.0,0,0,0.0,0.0,0.0,6.0,6.2166061010848646,4.61512051684126,1.6094379124341003,125.0,25.0,5.0,4.836281906951478,3.258096538021482,1.791759469228055,9.656627474604601,3.751463998354949,1.350071259259436,-0.5531679545112014,-0.3196421712667257,1.6111856965526676,-0.4682040820134905,1.6276118408107647,3.3467591394765623,0.0,,,,,,,,0.0,0.0,0.0,0.0,0.0
104,gauss_overlap_extreme_4c,overlapping_gaussian,gaussian_blobs,median_binary,kl_legacy_c2ef9a69,"edge_alpha=0.001, sibling_alpha=0.01, tree_builder=linkage, tree_distance_metric=hamming, tree_distance_source=feature_metric, tree_linkage_method=average, tree_rooting=linkage_root",4,4,500,100,6.0,1.0,1.0,1.0,1.0,1.0,1.0,1.0,1.0,1.0,1.0,1.0,0.0,0.0,125.0,0.25,4.0,1.3862943611198906,0.0,0.0,0.169875131385997,2.0212781863263074,65.41578848017016,,,,,,0.0,0.0,0.0,0.00339325000095414,0.0,0.0,0.0,0.0,0.0,0.0,0.0,0.0,0.0,0.0,0.0,0.0,0.0,0.0,0.0,0.0,ok,,500,overlapping,1.0,0,0,0.0,0.0,0.0,6.0,6.2166061010848646,4.61512051684126,1.6094379124341003,125.0,25.0,5.0,4.836281906951478,3.258096538021482,1.791759469228055,9.656627474604601,3.751463998354949,1.350071259259436,-0.5531679545112014,-0.3196421712667257,1.6111856965526676,-0.4682040820134905,1.6276118408107647,3.3467591394765623,0.0,,,,,,,,0.0,0.0,0.0,0.0,0.0
104,gauss_overlap_extreme_4c,overlapping_gaussian,gaussian_blobs,median_binary,kl_internal_filter_branch_length_v1,"edge_alpha=0.001, enforce_internal_support_thresholds=True, sibling_alpha=0.01, spectral_include_internal_barycenters=True, spectral_internal_distribution_mode=branch_length_state, spectral_mp_row_count_mode=leaf_effective_rows, tree_distance_metric=hamming, tree_distance_source=feature_metric, tree_linkage_method=average",4,4,500,100,6.0,1.0,1.0,1.0,1.0,1.0,1.0,1.0,1.0,1.0,1.0,1.0,0.0,0.0,125.0,0.25,4.0,1.3862943611198906,0.0,0.0,0.169875131385997,2.0212781863263074,65.41578848017016,,,,,,0.0,0.0,0.0,0.002706916002352955,0.007521916999394307,0.2650545830001647,0.1285087551077595,0.0017584258930583019,0.026358550941949943,0.0034329999980400316,0.09733212499850197,0.018678911019378575,0.05573598203045549,0.006332127995847259,0.12408641700312728,0.09165054100230918,0.0010791249987960327,0.025569500001438428,0.004113250000955304,5.483299901243299e-05,ok,,500,overlapping,1.0,0,0,0.0,0.0,0.0,6.0,6.2166061010848646,4.61512051684126,1.6094379124341003,125.0,25.0,5.0,4.836281906951478,3.258096538021482,1.791759469228055,9.656627474604601,3.751463998354949,1.350071259259436,-0.5531679545112014,-0.3196421712667257,1.6111856965526676,-0.4682040820134905,1.6276118408107647,3.3467591394765623,0.0,,,,,,,,0.0,0.0,0.0,0.0,0.0
105,gauss_overlap_extreme_6c,overlapping_gaussian,gaussian_blobs,median_binary,kl,"edge_alpha=0.001, sibling_alpha=0.01, tree_distance_metric=hamming, tree_distance_source=feature_metric, tree_linkage_method=average",6,6,600,200,5.5,1.0,1.0,1.0,1.0,1.0,1.0,1.0,1.0,1.0,1.0,1.0,0.0,0.0,100.0,0.16666666666666666,5.999999999999998,1.7917594692280547,0.0,0.0,0.20058532336725787,1.8227151123972707,66.30112525280013,,,,,,0.0,0.0,0.0,0.003903042001184076,0.016821083998365793,0.4895217909979692,0.29978914098319365,0.0026980629190802574,0.0365908819330798,0.0042632089971448295,0.13590199999816832,0.027364873021724634,0.08098361497468431,0.010651876971678576,0.26175208299900987,0.1705637500017474,0.001124750000599306,0.08200645800025086,0.006264250001549954,6.208299964782782e-05,ok,,600,overlapping,1.0,0,0,0.0,0.0,0.0,5.5,6.398594934535208,5.303304908059076,1.9459101490553132,100.0,33.333333333333336,3.0,4.61512051684126,3.5361166995615263,1.3862943611198906,10.702505819804223,3.3861642970319377,1.589030509876405,0.014741489596706977,0.41156471554823,1.3041491829814866,-0.21750011832445812,0.9492998659506786,3.776600222122885,0.0,,,,,,,,0.0,0.0,0.0,0.0,0.0
105,gauss_overlap_extreme_6c,overlapping_gaussian,gaussian_blobs,median_binary,kl_legacy_c2ef9a69,"edge_alpha=0.001, sibling_alpha=0.01, tree_builder=linkage, tree_distance_metric=hamming, tree_distance_source=feature_metric, tree_linkage_method=average, tree_rooting=linkage_root",6,6,600,200,5.5,1.0,1.0,1.0,1.0,1.0,1.0,1.0,1.0,1.0,1.0,1.0,0.0,0.0,100.0,0.16666666666666666,5.999999999999998,1.7917594692280547,0.0,0.0,0.20058532336725787,1.8227151123972707,66.30112525280013,,,,,,0.0,0.0,0.0,0.003755707999516744,0.0,0.0,0.0,0.0,0.0,0.0,0.0,0.0,0.0,0.0,0.0,0.0,0.0,0.0,0.0,0.0,ok,,600,overlapping,1.0,0,0,0.0,0.0,0.0,5.5,6.398594934535208,5.303304908059076,1.9459101490553132,100.0,33.333333333333336,3.0,4.61512051684126,3.5361166995615263,1.3862943611198906,10.702505819804223,3.3861642970319377,1.589030509876405,0.014741489596706977,0.41156471554823,1.3041491829814866,-0.21750011832445812,0.9492998659506786,3.776600222122885,0.0,,,,,,,,0.0,0.0,0.0,0.0,0.0
105,gauss_overlap_extreme_6c,overlapping_gaussian,gaussian_blobs,median_binary,kl_internal_filter_branch_length_v1,"edge_alpha=0.001, enforce_internal_support_thresholds=True, sibling_alpha=0.01, spectral_include_internal_barycenters=True, spectral_internal_distribution_mode=branch_length_state, spectral_mp_row_count_mode=leaf_effective_rows, tree_distance_metric=hamming, tree_distance_source=feature_metric, tree_linkage_method=average",6,6,600,200,5.5,1.0,1.0,1.0,1.0,1.0,1.0,1.0,1.0,1.0,1.0,1.0,0.0,0.0,100.0,0.16666666666666666,5.999999999999998,1.7917594692280547,0.0,0.0,0.20058532336725787,1.8227151123972707,66.30112525280013,,,,,,0.0,0.0,0.0,0.0037315830013540108,0.015454000000318047,0.5524159999986296,0.27604940801029443,0.002348203914152691,0.03276402208939544,0.00381408300017938,0.228291999999783,0.042839444970013574,0.14490971602208447,0.011874286970851244,0.21982508300061454,0.16552962499918067,0.0011364169986336492,0.04750341700128047,0.004056833000504412,6.895799742778763e-05,ok,,600,overlapping,1.0,0,0,0.0,0.0,0.0,5.5,6.398594934535208,5.303304908059076,1.9459101490553132,100.0,33.333333333333336,3.0,4.61512051684126,3.5361166995615263,1.3862943611198906,10.702505819804223,3.3861642970319377,1.589030509876405,0.014741489596706977,0.41156471554823,1.3041491829814866,-0.21750011832445812,0.9492998659506786,3.776600222122885,0.0,,,,,,,,0.0,0.0,0.0,0.0,0.0
106,gauss_overlap_many_10c,overlapping_gaussian,gaussian_blobs,median_binary,kl,"edge_alpha=0.001, sibling_alpha=0.01, tree_distance_metric=hamming, tree_distance_source=feature_metric, tree_linkage_method=average",10,10,1000,150,4.0,1.0,1.0,1.0,1.0,1.0,1.0,1.0,1.0,1.0,1.0,1.0,0.0,0.0,100.0,0.1,9.999999999999998,2.3025850929940455,0.0,0.0,0.2761712199118237,1.4544244624438254,112.07626502716059,,,,,,0.0,0.0,0.0,0.007781541997246677,0.018677625001146225,0.6279714170013904,0.3634627260034904,0.003790105001826305,0.05439874103831244,0.008155667001119582,0.1829545840009814,0.03221288603890571,0.11529764796068775,0.01414172403383418,0.705450874997041,0.22985841600166168,0.0016439589999208692,0.45977870800197707,0.011781417000747751,0.0001049999991664663,ok,,1000,overlapping,1.0,0,0,0.0,0.0,0.0,4.0,6.90875477931522,5.017279836814924,2.3978952727983707,100.0,15.0,6.666666666666667,4.61512051684126,2.772588722239781,2.03688192726104,9.591581091193483,2.2902651930629037,2.258892566202869,-0.22129458050907153,1.3937992040088374,1.3041491829814866,-0.9060095028298705,2.0376828808731258,3.3200260036429423,0.0,,,,,,,,0.0,0.0,0.0,0.0,0.0
106,gauss_overlap_many_10c,overlapping_gaussian,gaussian_blobs,median_binary,kl_legacy_c2ef9a69,"edge_alpha=0.001, sibling_alpha=0.01, tree_builder=linkage, tree_distance_metric=hamming, tree_distance_source=feature_metric, tree_linkage_method=average, tree_rooting=linkage_root",10,11,1000,150,4.0,0.9988890112199857,0.9987854191331974,0.9987619463566997,1.0,1.0,0.9975737851005902,0.9987854191331973,0.9989994994993742,1.0,1.0,1.0,1.0,0.001,100.0,0.1,10.056158636075017,2.30818524642953,0.09072727272727273,0.0,0.2514350884549642,1.3992155306797864,101.03029240483704,,,,,,1.0,1.0,0.0,0.007518124999478459,0.0,0.0,0.0,0.0,0.0,0.0,0.0,0.0,0.0,0.0,0.0,0.0,0.0,0.0,0.0,0.0,ok,,1000,overlapping,0.0,1,1,1.0,0.0,0.0,4.0,6.90875477931522,5.017279836814924,2.3978952727983707,100.0,15.0,6.666666666666667,4.61512051684126,2.772588722239781,2.03688192726104,9.591581091193483,2.2902651930629037,2.258892566202869,-0.22129458050907153,1.3937992040088374,1.3041491829814866,-0.9060095028298705,2.0376828808731258,3.3200260036429423,0.0,,,,,,,,0.0,0.0,0.0,0.0,0.0
106,gauss_overlap_many_10c,overlapping_gaussian,gaussian_blobs,median_binary,kl_internal_filter_branch_length_v1,"edge_alpha=0.001, enforce_internal_support_thresholds=True, sibling_alpha=0.01, spectral_include_internal_barycenters=True, spectral_internal_distribution_mode=branch_length_state, spectral_mp_row_count_mode=leaf_effective_rows, tree_distance_metric=hamming, tree_distance_source=feature_metric, tree_linkage_method=average",10,10,1000,150,4.0,1.0,1.0,1.0,1.0,1.0,1.0,1.0,1.0,1.0,1.0,1.0,0.0,0.0,100.0,0.1,9.999999999999998,2.3025850929940455,0.0,0.0,0.2761712199118237,1.4544244624438254,112.07626502716059,,,,,,0.0,0.0,0.0,0.007479500000044936,0.01923983300002874,0.7620140420003736,0.3774003881444514,0.0037775429991597775,0.05485580598906381,0.0073625830009405036,0.3040685840023798,0.053291830969101284,0.19887973603181308,0.013298534038767684,0.4837759170004574,0.2301587500005553,0.0018362080008955672,0.2424502499998198,0.0067499159995350055,9.683300231699832e-05,ok,,1000,overlapping,1.0,0,0,0.0,0.0,0.0,4.0,6.90875477931522,5.017279836814924,2.3978952727983707,100.0,15.0,6.666666666666667,4.61512051684126,2.772588722239781,2.03688192726104,9.591581091193483,2.2902651930629037,2.258892566202869,-0.22129458050907153,1.3937992040088374,1.3041491829814866,-0.9060095028298705,2.0376828808731258,3.3200260036429423,0.0,,,,,,,,0.0,0.0,0.0,0.0,0.0
107,gauss_overlap_dense_8c,overlapping_gaussian,gaussian_blobs,median_binary,kl,"edge_alpha=0.001, sibling_alpha=0.01, tree_distance_metric=hamming, tree_distance_source=feature_metric, tree_linkage_method=average",8,8,800,50,3.0,1.0,1.0,1.0,1.0,1.0,1.0,1.0,1.0,1.0,1.0,1.0,0.0,0.0,100.0,0.125,7.999999999999998,2.0794415416798357,0.0,0.0,0.35427605712757326,1.174495862980493,176.06381827304173,,,,,,0.0,0.0,0.0,0.005515666001883801,0.008115041997371009,0.24295266600165633,0.11948745997506194,0.0026096089713973925,0.03982403089685249,0.006374000000505475,0.0638779170003545,0.01073501805512933,0.03265850897150813,0.008143463037413312,0.6518502910003008,0.10091170899977442,0.001482791001762962,0.5292794160013727,0.01796916700186557,8.020799941732548e-05,ok,,800,overlapping,1.0,0,0,0.0,0.0,0.0,3.0,6.68586094706836,3.9318256327243257,2.1972245773362196,100.0,6.25,16.0,4.61512051684126,1.9810014688665833,2.833213344056216,6.591673732008658,1.559665790416881,1.9662232737465968,-1.117042437502497,0.9577103427781962,1.3041491829814866,-1.6198212671532686,3.3698841607558068,2.0871068663176935,0.0,,,,,,,,0.0,0.0,0.0,0.0,0.0
107,gauss_overlap_dense_8c,overlapping_gaussian,gaussian_blobs,median_binary,kl_legacy_c2ef9a69,"edge_alpha=0.001, sibling_alpha=0.01, tree_builder=linkage, tree_distance_metric=hamming, tree_distance_source=feature_metric, tree_linkage_method=average, tree_rooting=linkage_root",8,8,800,50,3.0,1.0,1.0,1.0,1.0,1.0,1.0,1.0,1.0,1.0,1.0,1.0,0.0,0.0,100.0,0.125,7.999999999999998,2.0794415416798357,0.0,0.0,0.35427605712757326,1.174495862980493,176.06381827304173,,,,,,0.0,0.0,0.0,0.005247666998911882,0.0,0.0,0.0,0.0,0.0,0.0,0.0,0.0,0.0,0.0,0.0,0.0,0.0,0.0,0.0,0.0,ok,,800,overlapping,1.0,0,0,0.0,0.0,0.0,3.0,6.68586094706836,3.9318256327243257,2.1972245773362196,100.0,6.25,16.0,4.61512051684126,1.9810014688665833,2.833213344056216,6.591673732008658,1.559665790416881,1.9662232737465968,-1.117042437502497,0.9577103427781962,1.3041491829814866,-1.6198212671532686,3.3698841607558068,2.0871068663176935,0.0,,,,,,,,0.0,0.0,0.0,0.0,0.0
107,gauss_overlap_dense_8c,overlapping_gaussian,gaussian_blobs,median_binary,kl_internal_filter_branch_length_v1,"edge_alpha=0.001, enforce_internal_support_thresholds=True, sibling_alpha=0.01, spectral_include_internal_barycenters=True, spectral_internal_distribution_mode=branch_length_state, spectral_mp_row_count_mode=leaf_effective_rows, tree_distance_metric=hamming, tree_distance_source=feature_metric, tree_linkage_method=average",8,8,800,50,3.0,1.0,1.0,1.0,1.0,1.0,1.0,1.0,1.0,1.0,1.0,1.0,0.0,0.0,100.0,0.125,7.999999999999998,2.0794415416798357,0.0,0.0,0.35427605712757326,1.174495862980493,176.06381827304173,,,,,,0.0,0.0,0.0,0.005481084001075942,0.00855379199856543,0.26369112500105985,0.12097173007350648,0.0024976678869279567,0.03904997511926922,0.005390375001297798,0.08579099999769824,0.018305063975276425,0.03607173802811303,0.008110423001198797,0.19095999999990454,0.09658074999970268,0.0013897909993829671,0.08615845900203567,0.004940292001265334,7.97909997345414e-05,ok,,800,overlapping,1.0,0,0,0.0,0.0,0.0,3.0,6.68586094706836,3.9318256327243257,2.1972245773362196,100.0,6.25,16.0,4.61512051684126,1.9810014688665833,2.833213344056216,6.591673732008658,1.559665790416881,1.9662232737465968,-1.117042437502497,0.9577103427781962,1.3041491829814866,-1.6198212671532686,3.3698841607558068,2.0871068663176935,0.0,,,,,,,,0.0,0.0,0.0,0.0,0.0
108,gauss_overlap_3c_small_q3,overlapping_gaussian_quantile,gaussian_blobs,quantile_one_hot,kl,"edge_alpha=0.001, sibling_alpha=0.01, tree_distance_metric=hamming, tree_distance_source=feature_metric, tree_linkage_method=average",3,3,300,90,3.5,0.9899831669528851,0.9829929733076641,0.9828881935896341,0.9966666666666667,0.9829780604130467,0.9830078866547795,0.982992973307664,0.9932998894556296,0.9966666666666667,0.9966665833312499,0.99,0.0,0.0,100.0,0.33666666666666667,2.9998999999999705,1.0985789547791986,0.0044444444444444444,0.0,0.21363420640997177,1.9102226981565404,70.88435071383819,,,,,,0.0,0.0,0.0,0.0014781249992665835,0.002843417001713533,0.13379999999961,0.062239721071819076,0.0011362830337020569,0.017503265997220296,0.00171237500035204,0.044678375001240056,0.019045493991143303,0.016545401980692986,0.003803365001658676,0.0636806250004156,0.04632316599963815,0.0006263329996727407,0.012185457999294158,0.0032339169993065298,4.2708001274149865e-05,ok,,300,overlapping,1.0,0,0,0.0,0.0,0.0,3.5,5.707110264748875,4.51085950651685,1.3862943611198906,100.0,30.0,3.3333333333333335,4.61512051684126,3.4339872044851463,1.4663370687934272,4.852030263919617,1.9249654917398924,0.6810810748889541,-0.6392071224596122,-0.8045680691885214,1.3041491829814866,-0.3095951271302138,1.0832051663808735,1.37213821324813,0.0,,,,,,,,0.0,0.0,0.0,0.0,0.0
108,gauss_overlap_3c_small_q3,overlapping_gaussian_quantile,gaussian_blobs,quantile_one_hot,kl_legacy_c2ef9a69,"edge_alpha=0.001, sibling_alpha=0.01, tree_builder=linkage, tree_distance_metric=hamming, tree_distance_source=feature_metric, tree_linkage_method=average, tree_rooting=linkage_root",3,3,300,90,3.5,0.9899831669528851,0.9829929733076641,0.9828881935896341,0.9966666666666667,0.9829780604130467,0.9830078866547795,0.982992973307664,0.9932998894556296,0.9966666666666667,0.9966665833312499,0.99,0.0,0.0,100.0,0.33666666666666667,2.9998999999999705,1.0985789547791986,0.0044444444444444444,0.0,0.21363420640997177,1.9102226981565404,70.88435071383819,,,,,,0.0,0.0,0.0,0.001463041000533849,0.0,0.0,0.0,0.0,0.0,0.0,0.0,0.0,0.0,0.0,0.0,0.0,0.0,0.0,0.0,0.0,ok,,300,overlapping,1.0,0,0,0.0,0.0,0.0,3.5,5.707110264748875,4.51085950651685,1.3862943611198906,100.0,30.0,3.3333333333333335,4.61512051684126,3.4339872044851463,1.4663370687934272,4.852030263919617,1.9249654917398924,0.6810810748889541,-0.6392071224596122,-0.8045680691885214,1.3041491829814866,-0.3095951271302138,1.0832051663808735,1.37213821324813,0.0,,,,,,,,0.0,0.0,0.0,0.0,0.0
108,gauss_overlap_3c_small_q3,overlapping_gaussian_quantile,gaussian_blobs,quantile_one_hot,kl_internal_filter_branch_length_v1,"edge_alpha=0.001, enforce_internal_support_thresholds=True, sibling_alpha=0.01, spectral_include_internal_barycenters=True, spectral_internal_distribution_mode=branch_length_state, spectral_mp_row_count_mode=leaf_effective_rows, tree_distance_metric=hamming, tree_distance_source=feature_metric, tree_linkage_method=average",3,3,300,90,3.5,0.9899831669528851,0.9829929733076641,0.9828881935896341,0.9966666666666667,0.9829780604130467,0.9830078866547795,0.982992973307664,0.9932998894556296,0.9966666666666667,0.9966665833312499,0.99,0.0,0.0,100.0,0.33666666666666667,2.9998999999999705,1.0985789547791986,0.0044444444444444444,0.0,0.21363420640997177,1.9102226981565404,70.88435071383819,,,,,,0.0,0.0,0.0,0.0016916249987843912,0.0031422090032720007,0.15844216700133984,0.06270398392007337,0.0012818279792554677,0.01804871794229257,0.002818708999257069,0.06717304099947796,0.03341253001781297,0.019782581974141067,0.0041851989772112574,0.21325075000277138,0.047819208000873914,0.0005604589969152585,0.14385600000241539,0.019531999998434912,3.6832996556768194e-05,ok,,300,overlapping,1.0,0,0,0.0,0.0,0.0,3.5,5.707110264748875,4.51085950651685,1.3862943611198906,100.0,30.0,3.3333333333333335,4.61512051684126,3.4339872044851463,1.4663370687934272,4.852030263919617,1.9249654917398924,0.6810810748889541,-0.6392071224596122,-0.8045680691885214,1.3041491829814866,-0.3095951271302138,1.0832051663808735,1.37213821324813,0.0,,,,,,,,0.0,0.0,0.0,0.0,0.0
109,gauss_overlap_3c_small_q4,overlapping_gaussian_quantile,gaussian_blobs,quantile_one_hot,kl,"edge_alpha=0.001, sibling_alpha=0.01, tree_distance_metric=hamming, tree_distance_source=feature_metric, tree_linkage_method=average",3,3,300,120,3.5,1.0,1.0,1.0,1.0,1.0,1.0,1.0,1.0,1.0,1.0,1.0,0.0,0.0,100.0,0.3333333333333333,2.9999999999999996,1.0986122886681096,0.0,0.0,0.13656710792072707,2.527323392984501,39.73943661971831,,,,,,0.0,0.0,0.0,0.0015399580006487668,0.0030935419999877922,0.13944129200172029,0.06334236901602708,0.001153507979324786,0.017468595993705094,0.0017182079973281361,0.04942450000089593,0.02026745801049401,0.019384426057513338,0.0041547429900674615,0.09108299999934388,0.04949950000082026,0.000636582997685764,0.0343822499999078,0.0049548330025572795,4.42080017819535e-05,ok,,300,overlapping,1.0,0,0,0.0,0.0,0.0,3.5,5.707110264748875,4.795790545596741,1.3862943611198906,100.0,40.0,2.5,4.61512051684126,3.713572066704308,1.252762968495368,4.852030263919617,1.9249654917398924,0.6810810748889541,-0.4040738789889184,-0.8045680691885214,1.3041491829814866,-0.057480198638957286,0.7259121050171414,1.37213821324813,0.0,,,,,,,,0.0,0.0,0.0,0.0,0.0
109,gauss_overlap_3c_small_q4,overlapping_gaussian_quantile,gaussian_blobs,quantile_one_hot,kl_legacy_c2ef9a69,"edge_alpha=0.001, sibling_alpha=0.01, tree_builder=linkage, tree_distance_metric=hamming, tree_distance_source=feature_metric, tree_linkage_method=average, tree_rooting=linkage_root",3,3,300,120,3.5,1.0,1.0,1.0,1.0,1.0,1.0,1.0,1.0,1.0,1.0,1.0,0.0,0.0,100.0,0.3333333333333333,2.9999999999999996,1.0986122886681096,0.0,0.0,0.13656710792072707,2.527323392984501,39.73943661971831,,,,,,0.0,0.0,0.0,0.0015849580013309605,0.0,0.0,0.0,0.0,0.0,0.0,0.0,0.0,0.0,0.0,0.0,0.0,0.0,0.0,0.0,0.0,ok,,300,overlapping,1.0,0,0,0.0,0.0,0.0,3.5,5.707110264748875,4.795790545596741,1.3862943611198906,100.0,40.0,2.5,4.61512051684126,3.713572066704308,1.252762968495368,4.852030263919617,1.9249654917398924,0.6810810748889541,-0.4040738789889184,-0.8045680691885214,1.3041491829814866,-0.057480198638957286,0.7259121050171414,1.37213821324813,0.0,,,,,,,,0.0,0.0,0.0,0.0,0.0
109,gauss_overlap_3c_small_q4,overlapping_gaussian_quantile,gaussian_blobs,quantile_one_hot,kl_internal_filter_branch_length_v1,"edge_alpha=0.001, enforce_internal_support_thresholds=True, sibling_alpha=0.01, spectral_include_internal_barycenters=True, spectral_internal_distribution_mode=branch_length_state, spectral_mp_row_count_mode=leaf_effective_rows, tree_distance_metric=hamming, tree_distance_source=feature_metric, tree_linkage_method=average",3,3,300,120,3.5,1.0,1.0,1.0,1.0,1.0,1.0,1.0,1.0,1.0,1.0,1.0,0.0,0.0,100.0,0.3333333333333333,2.9999999999999996,1.0986122886681096,0.0,0.0,0.13656710792072707,2.527323392984501,39.73943661971831,,,,,,0.0,0.0,0.0,0.0016119169995363336,0.002870416999940062,0.16443766600059462,0.06586095805687364,0.0011781750035879668,0.01779330292265513,0.0014996669997344725,0.07156583300093189,0.03436424295796314,0.023272611022548517,0.0043655360022967216,0.06160950000048615,0.04677425000045332,0.0005957089997536968,0.010118834001332289,0.002778666999802226,3.6875000660074875e-05,ok,,300,overlapping,1.0,0,0,0.0,0.0,0.0,3.5,5.707110264748875,4.795790545596741,1.3862943611198906,100.0,40.0,2.5,4.61512051684126,3.713572066704308,1.252762968495368,4.852030263919617,1.9249654917398924,0.6810810748889541,-0.4040738789889184,-0.8045680691885214,1.3041491829814866,-0.057480198638957286,0.7259121050171414,1.37213821324813,0.0,,,,,,,,0.0,0.0,0.0,0.0,0.0
110,gauss_overlap_3c_small_q5,overlapping_gaussian_quantile,gaussian_blobs,quantile_one_hot,kl,"edge_alpha=0.001, sibling_alpha=0.01, tree_distance_metric=hamming, tree_distance_source=feature_metric, tree_linkage_method=average",3,3,300,150,3.5,0.9800666666666666,0.9660168044526177,0.9658074384747686,0.9933333333333333,0.9660168044526177,0.9660168044526177,0.9660168044526177,0.9866666666666668,0.9933333333333333,0.9933333333333333,0.99,0.0,0.0,100.0,0.3333333333333333,2.9999999999999996,1.0986122886681096,0.0,0.0,0.10491997203787647,2.934106901989154,29.13925209422257,,,,,,0.0,0.0,0.0,0.0015496250016440172,0.0032537080005567987,0.144551916000637,0.0658239280419366,0.0011689149505400565,0.0171324679722602,0.0034860410014516674,0.05051433300104691,0.021705921957618557,0.01870458396660979,0.004373588031739928,0.23290329199880944,0.05045770899960189,0.0005545829990296625,0.15717341599884094,0.023136333998991176,3.8750000385334715e-05,ok,,300,overlapping,1.0,0,0,0.0,0.0,0.0,3.5,5.707110264748875,5.017279836814924,1.3862943611198906,100.0,50.0,2.0,4.61512051684126,3.9318256327243257,1.0986122886681098,4.852030263919617,1.9249654917398924,0.6810810748889541,-0.22129458050907153,-0.8045680691885214,1.3041491829814866,0.13932939167056885,0.4680298607285436,1.37213821324813,0.0,,,,,,,,0.0,0.0,0.0,0.0,0.0
110,gauss_overlap_3c_small_q5,overlapping_gaussian_quantile,gaussian_blobs,quantile_one_hot,kl_legacy_c2ef9a69,"edge_alpha=0.001, sibling_alpha=0.01, tree_builder=linkage, tree_distance_metric=hamming, tree_distance_source=feature_metric, tree_linkage_method=average, tree_rooting=linkage_root",3,3,300,150,3.5,0.9800666666666666,0.9660168044526177,0.9658074384747686,0.9933333333333333,0.9660168044526177,0.9660168044526177,0.9660168044526177,0.9866666666666668,0.9933333333333333,0.9933333333333333,0.99,0.0,0.0,100.0,0.3333333333333333,2.9999999999999996,1.0986122886681096,0.0,0.0,0.10491997203787647,2.934106901989154,29.13925209422257,,,,,,0.0,0.0,0.0,0.0015572919983242173,0.0,0.0,0.0,0.0,0.0,0.0,0.0,0.0,0.0,0.0,0.0,0.0,0.0,0.0,0.0,0.0,ok,,300,overlapping,1.0,0,0,0.0,0.0,0.0,3.5,5.707110264748875,5.017279836814924,1.3862943611198906,100.0,50.0,2.0,4.61512051684126,3.9318256327243257,1.0986122886681098,4.852030263919617,1.9249654917398924,0.6810810748889541,-0.22129458050907153,-0.8045680691885214,1.3041491829814866,0.13932939167056885,0.4680298607285436,1.37213821324813,0.0,,,,,,,,0.0,0.0,0.0,0.0,0.0
111,bar_binary_balanced_4c,method_proof,binary_template,binary,kl,"edge_alpha=0.001, sibling_alpha=0.01, tree_distance_metric=hamming, tree_distance_source=feature_metric, tree_linkage_method=average",4,1,160,200,0.75,0.0,0.0,0.0,0.25,0.0,1.0,0.0,0.4952605565436486,0.25,0.1,0.0,0.0,0.0,160.0,1.0,1.0,-0.0,0.0,0.0,,,,,,,,,3.0,0.0,1.0,0.000761416999011999,0.004247708999173483,0.11102979199858964,0.07421774397153058,0.0006117540033301339,0.008628866016806569,0.0022156249979161657,0.021997874999215128,0.006076746987673687,0.010125815973879071,0.0024104920485115144,0.11794795799869462,0.04604495799867436,0.000362082999345148,0.05232462500134716,0.018039333997876383,2.2875003196531907e-05,ok,,160,method_proof,0.0,-3,3,0.0,1.0,0.0,0.75,5.081404364984463,5.303304908059076,1.6094379124341003,40.0,50.0,0.8,3.713572066704308,3.9318256327243257,0.5877866649021191,1.2070784343255752,-0.08418286553667044,-0.14049797520764143,0.014741489596706977,-0.3196421712667257,0.05253698788902148,0.13932939167056885,-0.3865421622071766,-0.1258850012275085,0.0,,,,,,,,0.0,0.0,0.0,0.0,0.0
111,bar_binary_balanced_4c,method_proof,binary_template,binary,kl_legacy_c2ef9a69,"edge_alpha=0.001, sibling_alpha=0.01, tree_builder=linkage, tree_distance_metric=hamming, tree_distance_source=feature_metric, tree_linkage_method=average, tree_rooting=linkage_root",4,1,160,200,0.75,0.0,0.0,0.0,0.25,0.0,1.0,0.0,0.4952605565436486,0.25,0.1,0.0,0.0,0.0,160.0,1.0,1.0,-0.0,0.0,0.0,,,,,,,,,3.0,0.0,1.0,0.0008163749989762437,0.0,0.0,0.0,0.0,0.0,0.0,0.0,0.0,0.0,0.0,0.0,0.0,0.0,0.0,0.0,0.0,ok,,160,method_proof,0.0,-3,3,0.0,1.0,0.0,0.75,5.081404364984463,5.303304908059076,1.6094379124341003,40.0,50.0,0.8,3.713572066704308,3.9318256327243257,0.5877866649021191,1.2070784343255752,-0.08418286553667044,-0.14049797520764143,0.014741489596706977,-0.3196421712667257,0.05253698788902148,0.13932939167056885,-0.3865421622071766,-0.1258850012275085,0.0,,,,,,,,0.0,0.0,0.0,0.0,0.0
111,bar_binary_balanced_4c,method_proof,binary_template,binary,kl_internal_filter_branch_length_v1,"edge_alpha=0.001, enforce_internal_support_thresholds=True, sibling_alpha=0.01, spectral_include_internal_barycenters=True, spectral_internal_distribution_mode=branch_length_state, spectral_mp_row_count_mode=leaf_effective_rows, tree_distance_metric=hamming, tree_distance_source=feature_metric, tree_linkage_method=average",4,1,160,200,0.75,0.0,0.0,0.0,0.25,0.0,1.0,0.0,0.4952605565436486,0.25,0.1,0.0,0.0,0.0,160.0,1.0,1.0,-0.0,0.0,0.0,,,,,,,,,3.0,0.0,1.0,0.0008464170023216866,0.004173542001808528,0.1209350839999388,0.07504319898362155,0.0006131209956947714,0.008785388970864005,0.001851584001997253,0.031132834003074095,0.009542801952193258,0.014034296978934435,0.002426048966299277,0.10824916600176948,0.0446121659988421,0.0003574170004867483,0.04933879199961666,0.01279029199940851,2.1042000298621133e-05,ok,,160,method_proof,0.0,-3,3,0.0,1.0,0.0,0.75,5.081404364984463,5.303304908059076,1.6094379124341003,40.0,50.0,0.8,3.713572066704308,3.9318256327243257,0.5877866649021191,1.2070784343255752,-0.08418286553667044,-0.14049797520764143,0.014741489596706977,-0.3196421712667257,0.05253698788902148,0.13932939167056885,-0.3865421622071766,-0.1258850012275085,0.0,,,,,,,,0.0,0.0,0.0,0.0,0.0
112,bar_binary_unbalanced_95_5,method_proof,binary_template,binary,kl_legacy_c2ef9a69,"edge_alpha=0.001, sibling_alpha=0.01, tree_builder=linkage, tree_distance_metric=hamming, tree_distance_source=feature_metric, tree_linkage_method=average, tree_rooting=linkage_root",4,2,200,200,0.75,0.7548124573766766,0.6287725401259893,0.6248284963212261,0.91,0.5583382457487033,0.7195427625501037,0.6287725401259894,0.8719455419035854,0.4789473684210527,0.46671052631578946,0.0,0.0,0.0,100.0,0.525,1.9975005204422753,0.6918966592050799,0.025,0.0,0.03661029992704467,4.7459715877566495,8.760444167380221,,,,,,2.0,0.0,1.0,0.0009092500004044268,0.0,0.0,0.0,0.0,0.0,0.0,0.0,0.0,0.0,0.0,0.0,0.0,0.0,0.0,0.0,0.0,ok,,200,method_proof,0.0,-2,2,0.0,1.0,0.0,0.75,5.303304908059076,5.303304908059076,1.6094379124341003,50.0,50.0,1.0,3.9318256327243257,3.9318256327243257,0.6931471805599453,1.2070784343255752,-0.08418286553667044,0.1508670853804095,0.014741489596706977,-0.3196421712667257,0.3555365935248322,0.13932939167056885,-0.21028211413154274,-0.1258850012275085,0.0,,,,,,,,0.0,0.0,0.0,0.0,0.0
112,bar_binary_unbalanced_95_5,method_proof,binary_template,binary,kl_internal_filter_branch_length_v1,"edge_alpha=0.001, enforce_internal_support_thresholds=True, sibling_alpha=0.01, spectral_include_internal_barycenters=True, spectral_internal_distribution_mode=branch_length_state, spectral_mp_row_count_mode=leaf_effective_rows, tree_distance_metric=hamming, tree_distance_source=feature_metric, tree_linkage_method=average",4,2,200,200,0.75,0.7548124573766766,0.6287725401259893,0.6248284963212261,0.91,0.5583382457487033,0.7195427625501037,0.6287725401259894,0.8719455419035854,0.4789473684210527,0.46671052631578946,0.0,0.0,0.0,100.0,0.525,1.9975005204422753,0.6918966592050799,0.025,0.0,0.03661029992704467,4.7459715877566495,8.760444167380221,,,,,,2.0,0.0,1.0,0.0011040419994969852,0.005099624999274965,0.16062404100011918,0.09465491599985398,0.0007661270610697102,0.011036569008865627,0.002276166000228841,0.047946582999429666,0.012111996016756166,0.025907214017934166,0.0030277910373115446,0.1493981249986973,0.05866349999996601,0.0004759999974339735,0.07372162499814294,0.015189916000963422,3.091599865001626e-05,ok,,200,method_proof,0.0,-2,2,0.0,1.0,0.0,0.75,5.303304908059076,5.303304908059076,1.6094379124341003,50.0,50.0,1.0,3.9318256327243257,3.9318256327243257,0.6931471805599453,1.2070784343255752,-0.08418286553667044,0.1508670853804095,0.014741489596706977,-0.3196421712667257,0.3555365935248322,0.13932939167056885,-0.21028211413154274,-0.1258850012275085,0.0,,,,,,,,0.0,0.0,0.0,0.0,0.0
113,mp_spike_below_bbp_continuous,method_proof,continuous_spiked_covariance,continuous,kl,"edge_alpha=0.001, sibling_alpha=0.01, tree_distance_metric=euclidean, tree_distance_source=precomputed, tree_linkage_method=average",1,1,120,300,1.0,1.0,1.0,1.0,1.0,1.0,1.0,1.0,1.0,1.0,1.0,1.0,0.0,0.0,120.0,1.0,1.0,-0.0,0.0,0.0,,,,,,,,,0.0,0.0,0.0,0.0005210000017541461,0.04675483400205849,0.6874884159988142,0.6163041710096877,0.0008759200209169649,0.01065478195232572,0.0010635409998940304,0.054137792001711205,0.023037586022837786,0.025942669017240405,0.002482578005583491,0.32928049999827635,0.32810487499955343,0.0,0.0,0.00010945800022454932,2.4375000066356733e-05,ok,,120,method_proof,1.0,0,0,0.0,0.0,0.0,1.0,4.795790545596741,5.707110264748875,0.6931471805599453,120.0,300.0,0.4,4.795790545596741,5.707110264748875,0.33647223662121295,0.6931471805599453,0.09846698512483526,-0.5155213376457708,0.3479732201793853,-2.3108854910695285,1.5549718772512364,1.7401877303586242,-0.8069718927786649,-0.33710341638863006,0.0,,,,,,,,0.0,0.0,0.0,0.0,0.0
113,mp_spike_below_bbp_continuous,method_proof,continuous_spiked_covariance,continuous,kl_legacy_c2ef9a69,"edge_alpha=0.001, sibling_alpha=0.01, tree_builder=linkage, tree_distance_metric=euclidean, tree_distance_source=precomputed, tree_linkage_method=average, tree_rooting=linkage_root",1,120,120,300,1.0,0.0,0.0,0.0,1.0,1.0,0.0,0.0,0.0,1.0,1.0,1.0,120.0,1.0,1.0,0.008333333333333333,119.99999999999987,4.787491742782045,0.0,0.0,,,,,,,,,119.0,1.0,0.0,0.0006060419982532039,0.0,0.0,0.0,0.0,0.0,0.0,0.0,0.0,0.0,0.0,0.0,0.0,0.0,0.0,0.0,0.0,ok,,120,method_proof,0.0,119,119,1.0,0.0,0.0,1.0,4.795790545596741,5.707110264748875,0.6931471805599453,120.0,300.0,0.4,4.795790545596741,5.707110264748875,0.33647223662121295,0.6931471805599453,0.09846698512483526,-0.5155213376457708,0.3479732201793853,-2.3108854910695285,1.5549718772512364,1.7401877303586242,-0.8069718927786649,-0.33710341638863006,0.0,,,,,,,,0.0,0.0,0.0,0.0,0.0
113,mp_spike_below_bbp_continuous,method_proof,continuous_spiked_covariance,continuous,kl_internal_filter_branch_length_v1,"edge_alpha=0.001, enforce_internal_support_thresholds=True, sibling_alpha=0.01, spectral_include_internal_barycenters=True, spectral_internal_distribution_mode=branch_length_state, spectral_mp_row_count_mode=leaf_effective_rows, tree_distance_metric=euclidean, tree_distance_source=precomputed, tree_linkage_method=average",1,1,120,300,1.0,1.0,1.0,1.0,1.0,1.0,1.0,1.0,1.0,1.0,1.0,1.0,0.0,0.0,120.0,1.0,1.0,-0.0,0.0,0.0,,,,,,,,,0.0,0.0,0.0,0.0006295000021054875,0.043488666000484955,0.7702399999980116,0.6346696249893284,0.0009806340094655752,0.011643541020021075,0.0009201670000038575,0.1173923329988611,0.0379348890237452,0.07108974999573547,0.0028777919978892896,0.3227515839971602,0.3216261250017851,0.0,0.0,0.00010295799802406691,1.820800025598146e-05,ok,,120,method_proof,1.0,0,0,0.0,0.0,0.0,1.0,4.795790545596741,5.707110264748875,0.6931471805599453,120.0,300.0,0.4,4.795790545596741,5.707110264748875,0.33647223662121295,0.6931471805599453,0.09846698512483526,-0.5155213376457708,0.3479732201793853,-2.3108854910695285,1.5549718772512364,1.7401877303586242,-0.8069718927786649,-0.33710341638863006,0.0,,,,,,,,0.0,0.0,0.0,0.0,0.0
114,mp_spike_above_bbp_continuous,method_proof,continuous_spiked_covariance,continuous,kl,"edge_alpha=0.001, sibling_alpha=0.01, tree_distance_metric=euclidean, tree_distance_source=precomputed, tree_linkage_method=average",2,1,120,300,1.0,0.0,0.0,0.0,0.5,0.0,1.0,0.0,0.7041294762525789,0.5,0.3333333333333333,0.0,0.0,0.0,120.0,1.0,1.0,-0.0,0.0,0.0,,,,,,,,,1.0,0.0,1.0,0.0005147499978193082,0.03211487500084331,0.6903628330001084,0.6174259159961366,0.0008212930188165046,0.009756955008924706,0.0009243330023309682,0.056995582999661565,0.02343604700945434,0.02816024900675984,0.0025871689831546973,0.3232565420003084,0.32190766699932283,0.0,0.0,0.0001202080020448193,2.049999966402538e-05,ok,,120,method_proof,0.0,-1,1,0.0,1.0,0.0,1.0,4.795790545596741,5.707110264748875,1.0986122886681098,60.0,150.0,0.4,4.110873864173311,5.017279836814924,0.33647223662121295,1.0986122886681098,0.09846698512483526,-0.5155213376457708,0.3479732201793853,-1.4297462850861693,0.6041077601185371,1.118134920956766,-0.8069718927786649,-0.17046304005379276,0.0,,,,,,,,0.0,0.0,0.0,0.0,0.0
114,mp_spike_above_bbp_continuous,method_proof,continuous_spiked_covariance,continuous,kl_legacy_c2ef9a69,"edge_alpha=0.001, sibling_alpha=0.01, tree_builder=linkage, tree_distance_metric=euclidean, tree_distance_source=precomputed, tree_linkage_method=average, tree_rooting=linkage_root",2,120,120,300,1.0,0.0,0.25294393236081963,-2.9827614860653285e-14,1.0,1.0000000000000007,0.14478295061395827,0.25294393236081963,0.0,1.0,1.0,1.0,120.0,1.0,1.0,0.008333333333333333,119.99999999999987,4.787491742782045,0.0,0.0,,,,,,,,,118.0,1.0,0.0,0.0005869999986316543,0.0,0.0,0.0,0.0,0.0,0.0,0.0,0.0,0.0,0.0,0.0,0.0,0.0,0.0,0.0,0.0,ok,,120,method_proof,0.0,118,118,1.0,0.0,0.0,1.0,4.795790545596741,5.707110264748875,1.0986122886681098,60.0,150.0,0.4,4.110873864173311,5.017279836814924,0.33647223662121295,1.0986122886681098,0.09846698512483526,-0.5155213376457708,0.3479732201793853,-1.4297462850861693,0.6041077601185371,1.118134920956766,-0.8069718927786649,-0.17046304005379276,0.0,,,,,,,,0.0,0.0,0.0,0.0,0.0
114,mp_spike_above_bbp_continuous,method_proof,continuous_spiked_covariance,continuous,kl_internal_filter_branch_length_v1,"edge_alpha=0.001, enforce_internal_support_thresholds=True, sibling_alpha=0.01, spectral_include_internal_barycenters=True, spectral_internal_distribution_mode=branch_length_state, spectral_mp_row_count_mode=leaf_effective_rows, tree_distance_metric=euclidean, tree_distance_source=precomputed, tree_linkage_method=average",2,1,120,300,1.0,0.0,0.0,0.0,0.5,0.0,1.0,0.0,0.7041294762525789,0.5,0.3333333333333333,0.0,0.0,0.0,120.0,1.0,1.0,-0.0,0.0,0.0,,,,,,,,,1.0,0.0,1.0,0.0005473750024975743,0.03212845800226205,0.7566272910007683,0.632289127977856,0.000942875998589443,0.010966925023240037,0.0009692499988886993,0.10676316699755262,0.03680103900114773,0.062414836007519625,0.0026459599830559455,0.3367635840004368,0.3354110000000219,0.0,0.0,0.00012412499927449971,1.9374998373677954e-05,ok,,120,method_proof,0.0,-1,1,0.0,1.0,0.0,1.0,4.795790545596741,5.707110264748875,1.0986122886681098,60.0,150.0,0.4,4.110873864173311,5.017279836814924,0.33647223662121295,1.0986122886681098,0.09846698512483526,-0.5155213376457708,0.3479732201793853,-1.4297462850861693,0.6041077601185371,1.118134920956766,-0.8069718927786649,-0.17046304005379276,0.0,,,,,,,,0.0,0.0,0.0,0.0,0.0
115,cat_simplex_face_rare_20cat,method_proof,categorical_dirichlet_multinomial,categorical_one_hot,kl,"edge_alpha=0.001, sibling_alpha=0.01, tree_distance_metric=hamming, tree_distance_source=feature_metric, tree_linkage_method=average",4,1,240,1200,0.0,0.0,0.0,0.0,0.25,0.0,1.0,0.0,0.4968520148758506,0.25,0.1,0.0,0.0,0.0,240.0,1.0,1.0,-0.0,0.0,0.0,,,,,,,,,3.0,0.0,1.0,0.0012602499991771765,0.003966374999436084,0.3757150419987738,0.17439841401210288,0.0015479120083909947,0.016384860955440672,0.001987708001252031,0.1748591249997844,0.09405458898254437,0.06654729397632764,0.006118672019510996,0.11725787500108709,0.10136445800162619,0.0005884999991394579,0.011080290998506825,0.002985416998853907,2.8832997486460954e-05,ok,,240,method_proof,0.0,-3,3,0.0,1.0,0.0,0.0,5.484796933490655,7.0909098220799835,1.6094379124341003,60.0,300.0,0.2,4.110873864173311,5.707110264748875,0.18232155679395465,0.0,-0.6321324175211875,0.3891740054691062,1.48992419638504,-0.3196421712667257,0.6041077601185371,1.7401877303586242,-1.0648541370672626,-0.6219770213280901,0.0,,,,,,,,0.0,0.0,0.0,0.0,0.0
115,cat_simplex_face_rare_20cat,method_proof,categorical_dirichlet_multinomial,categorical_one_hot,kl_legacy_c2ef9a69,"edge_alpha=0.001, sibling_alpha=0.01, tree_builder=linkage, tree_distance_metric=hamming, tree_distance_source=feature_metric, tree_linkage_method=average, tree_rooting=linkage_root",4,1,240,1200,0.0,0.0,0.0,0.0,0.25,0.0,1.0,0.0,0.4968520148758506,0.25,0.1,0.0,0.0,0.0,240.0,1.0,1.0,-0.0,0.0,0.0,,,,,,,,,3.0,0.0,1.0,0.0011081669981649611,0.0,0.0,0.0,0.0,0.0,0.0,0.0,0.0,0.0,0.0,0.0,0.0,0.0,0.0,0.0,0.0,ok,,240,method_proof,0.0,-3,3,0.0,1.0,0.0,0.0,5.484796933490655,7.0909098220799835,1.6094379124341003,60.0,300.0,0.2,4.110873864173311,5.707110264748875,0.18232155679395465,0.0,-0.6321324175211875,0.3891740054691062,1.48992419638504,-0.3196421712667257,0.6041077601185371,1.7401877303586242,-1.0648541370672626,-0.6219770213280901,0.0,,,,,,,,0.0,0.0,0.0,0.0,0.0
115,cat_simplex_face_rare_20cat,method_proof,categorical_dirichlet_multinomial,categorical_one_hot,kl_internal_filter_branch_length_v1,"edge_alpha=0.001, enforce_internal_support_thresholds=True, sibling_alpha=0.01, spectral_include_internal_barycenters=True, spectral_internal_distribution_mode=branch_length_state, spectral_mp_row_count_mode=leaf_effective_rows, tree_distance_metric=hamming, tree_distance_source=feature_metric, tree_linkage_method=average",4,1,240,1200,0.0,0.0,0.0,0.0,0.25,0.0,1.0,0.0,0.4968520148758506,0.25,0.1,0.0,0.0,0.0,240.0,1.0,1.0,-0.0,0.0,0.0,,,,,,,,,3.0,0.0,1.0,0.0011403749995224643,0.004114125000342028,0.5333536250000179,0.16769145299258525,0.0015280530424206518,0.015374741942650871,0.001989959000638919,0.340442125001573,0.16186366897454718,0.15349143195999204,0.007641702970431652,0.11643516600088333,0.0999761250022857,0.0004952500021317974,0.01128370799779077,0.0032175419983104803,3.099999958067201e-05,ok,,240,method_proof,0.0,-3,3,0.0,1.0,0.0,0.0,5.484796933490655,7.0909098220799835,1.6094379124341003,60.0,300.0,0.2,4.110873864173311,5.707110264748875,0.18232155679395465,0.0,-0.6321324175211875,0.3891740054691062,1.48992419638504,-0.3196421712667257,0.6041077601185371,1.7401877303586242,-1.0648541370672626,-0.6219770213280901,0.0,,,,,,,,0.0,0.0,0.0,0.0,0.0
116,cat_dirichlet_overdispersed_20cat,method_proof,categorical_dirichlet_multinomial,categorical_one_hot,kl,"edge_alpha=0.001, sibling_alpha=0.01, tree_distance_metric=hamming, tree_distance_source=feature_metric, tree_linkage_method=average",4,1,240,1200,0.25,0.0,0.0,0.0,0.25,0.0,1.0,0.0,0.4968520148758506,0.25,0.1,0.0,0.0,0.0,240.0,1.0,1.0,-0.0,0.0,0.0,,,,,,,,,3.0,0.0,1.0,0.0012813329994969536,0.003953875002480345,0.37305087499771616,0.16880516396122403,0.0014319160145532805,0.015412437958730152,0.002197959001932759,0.17911458299931837,0.09376712301673251,0.07127567299176008,0.006026582013873849,0.1833516660008172,0.10428279199913959,0.0005237910008872859,0.06605037500048638,0.011213166999368696,3.55829979525879e-05,ok,,240,method_proof,0.0,-3,3,0.0,1.0,0.0,0.25,5.484796933490655,7.0909098220799835,1.6094379124341003,60.0,300.0,0.2,4.110873864173311,5.707110264748875,0.18232155679395465,0.40235947810852507,-0.44948256685968185,0.3891740054691062,1.48992419638504,-0.3196421712667257,0.6041077601185371,1.7401877303586242,-1.0648541370672626,-0.45661301462789616,0.0,,,,,,,,0.0,0.0,0.0,0.0,0.0
116,cat_dirichlet_overdispersed_20cat,method_proof,categorical_dirichlet_multinomial,categorical_one_hot,kl_legacy_c2ef9a69,"edge_alpha=0.001, sibling_alpha=0.01, tree_builder=linkage, tree_distance_metric=hamming, tree_distance_source=feature_metric, tree_linkage_method=average, tree_rooting=linkage_root",4,1,240,1200,0.25,0.0,0.0,0.0,0.25,0.0,1.0,0.0,0.4968520148758506,0.25,0.1,0.0,0.0,0.0,240.0,1.0,1.0,-0.0,0.0,0.0,,,,,,,,,3.0,0.0,1.0,0.00120295799933956,0.0,0.0,0.0,0.0,0.0,0.0,0.0,0.0,0.0,0.0,0.0,0.0,0.0,0.0,0.0,0.0,ok,,240,method_proof,0.0,-3,3,0.0,1.0,0.0,0.25,5.484796933490655,7.0909098220799835,1.6094379124341003,60.0,300.0,0.2,4.110873864173311,5.707110264748875,0.18232155679395465,0.40235947810852507,-0.44948256685968185,0.3891740054691062,1.48992419638504,-0.3196421712667257,0.6041077601185371,1.7401877303586242,-1.0648541370672626,-0.45661301462789616,0.0,,,,,,,,0.0,0.0,0.0,0.0,0.0
116,cat_dirichlet_overdispersed_20cat,method_proof,categorical_dirichlet_multinomial,categorical_one_hot,kl_internal_filter_branch_length_v1,"edge_alpha=0.001, enforce_internal_support_thresholds=True, sibling_alpha=0.01, spectral_include_internal_barycenters=True, spectral_internal_distribution_mode=branch_length_state, spectral_mp_row_count_mode=leaf_effective_rows, tree_distance_metric=hamming, tree_distance_source=feature_metric, tree_linkage_method=average",4,1,240,1200,0.25,0.0,0.0,0.0,0.25,0.0,1.0,0.0,0.4968520148758506,0.25,0.1,0.0,0.0,0.0,240.0,1.0,1.0,-0.0,0.0,0.0,,,,,,,,,3.0,0.0,1.0,0.0011257500009378418,0.0036953330018150155,0.5260336670035031,0.168200569027249,0.0013910410125390626,0.015457573954336112,0.0021331659991119523,0.3323397499989369,0.15858499405658222,0.1503014660156623,0.007274080991919618,0.17649779100247542,0.09852262500135112,0.0004962500024703331,0.06504579100146657,0.011149541998747736,2.995899922098033e-05,ok,,240,method_proof,0.0,-3,3,0.0,1.0,0.0,0.25,5.484796933490655,7.0909098220799835,1.6094379124341003,60.0,300.0,0.2,4.110873864173311,5.707110264748875,0.18232155679395465,0.40235947810852507,-0.44948256685968185,0.3891740054691062,1.48992419638504,-0.3196421712667257,0.6041077601185371,1.7401877303586242,-1.0648541370672626,-0.45661301462789616,0.0,,,,,,,,0.0,0.0,0.0,0.0,0.0
117,cont_lowrank_pggn_shrinkage,method_proof,continuous_low_rank_factor,continuous,kl_legacy_c2ef9a69,"edge_alpha=0.001, sibling_alpha=0.01, tree_builder=linkage, tree_distance_metric=euclidean, tree_distance_source=precomputed, tree_linkage_method=average, tree_rooting=linkage_root",4,80,80,2000,1.0,0.0,0.48065784207597634,5.188421703088902e-14,1.0,1.0000000000000002,0.31635918187956463,0.4806578420759764,0.0,1.0,1.0,1.0,80.0,1.0,1.0,0.0125,79.99999999999997,4.382026634673881,0.0,0.0,,,,,,,,,76.0,1.0,0.0,0.0004252920007274952,0.0,0.0,0.0,0.0,0.0,0.0,0.0,0.0,0.0,0.0,0.0,0.0,0.0,0.0,0.0,0.0,ok,,80,method_proof,0.0,76,76,1.0,0.0,0.0,1.0,4.394449154672439,7.601402334583733,1.6094379124341003,20.0,500.0,0.04,3.044522437723423,6.2166061010848646,0.039220713153281295,1.6094379124341003,0.09846698512483526,-1.0425000329788088,1.9111972195703246,-0.3196421712667257,-0.8762990326569172,2.1996242868476874,-1.3042508543506532,0.039479005472685375,0.0,,,,,,,,0.0,0.0,0.0,0.0,0.0
118,support_selected_only_fail_closed,method_proof,binary_selected_nonnull_only,binary,kl,"edge_alpha=0.001, sibling_alpha=0.01, tree_distance_metric=hamming, tree_distance_source=feature_metric, tree_linkage_method=average",4,4,160,500,0.65,1.0,1.0,1.0,1.0,1.0,1.0,1.0,1.0,1.0,1.0,1.0,0.0,0.0,40.0,0.25,4.0,1.3862943611198906,0.0,0.0,0.08086016686318873,2.9744198839125344,9.239835286190244,,,,,,0.0,0.0,0.0,0.0007439590008289088,0.008857459000864765,0.2394526659991243,0.18695167101395782,0.0008902100162231363,0.010325906016078079,0.0019409589986025821,0.03533899999820278,0.014568875034456141,0.012135825036239112,0.0032366300183639396,0.16492708300211234,0.10013170800084481,0.0003639579990704078,0.050330999998550396,0.012893040999188088,3.4958997275680304e-05,ok,,160,method_proof,1.0,0,0,0.0,0.0,0.0,0.65,5.081404364984463,6.2166061010848646,1.6094379124341003,40.0,125.0,0.32,3.713572066704308,4.836281906951478,0.2776317365982795,1.0461346430821652,-0.1572428058012727,-0.14049797520764143,0.7684237576826176,-0.3196421712667257,0.05253698788902148,0.954920504473738,-0.9054075287290304,-0.192030603907586,0.0,,,,,,,,0.0,0.0,0.0,0.0,0.0
118,support_selected_only_fail_closed,method_proof,binary_selected_nonnull_only,binary,kl_legacy_c2ef9a69,"edge_alpha=0.001, sibling_alpha=0.01, tree_builder=linkage, tree_distance_metric=hamming, tree_distance_source=feature_metric, tree_linkage_method=average, tree_rooting=linkage_root",4,4,160,500,0.65,1.0,1.0,1.0,1.0,1.0,1.0,1.0,1.0,1.0,1.0,1.0,0.0,0.0,40.0,0.25,4.0,1.3862943611198906,0.0,0.0,0.08086016686318873,2.9744198839125344,9.239835286190244,,,,,,0.0,0.0,0.0,0.0007120830014173407,0.0,0.0,0.0,0.0,0.0,0.0,0.0,0.0,0.0,0.0,0.0,0.0,0.0,0.0,0.0,0.0,ok,,160,method_proof,1.0,0,0,0.0,0.0,0.0,0.65,5.081404364984463,6.2166061010848646,1.6094379124341003,40.0,125.0,0.32,3.713572066704308,4.836281906951478,0.2776317365982795,1.0461346430821652,-0.1572428058012727,-0.14049797520764143,0.7684237576826176,-0.3196421712667257,0.05253698788902148,0.954920504473738,-0.9054075287290304,-0.192030603907586,0.0,,,,,,,,0.0,0.0,0.0,0.0,0.0
118,support_selected_only_fail_closed,method_proof,binary_selected_nonnull_only,binary,kl_internal_filter_branch_length_v1,"edge_alpha=0.001, enforce_internal_support_thresholds=True, sibling_alpha=0.01, spectral_include_internal_barycenters=True, spectral_internal_distribution_mode=branch_length_state, spectral_mp_row_count_mode=leaf_effective_rows, tree_distance_metric=hamming, tree_distance_source=feature_metric, tree_linkage_method=average",4,4,160,500,0.65,1.0,1.0,1.0,1.0,1.0,1.0,1.0,1.0,1.0,1.0,1.0,0.0,0.0,40.0,0.25,4.0,1.3862943611198906,0.0,0.0,0.08086016686318873,2.9744198839125344,9.239835286190244,,,,,,0.0,0.0,0.0,0.0007488750015909318,0.008765000002313172,0.25856404200021643,0.18510800598596688,0.0008582109803683124,0.010445164021803066,0.0018621670024003834,0.05623800000103074,0.023893991998193087,0.020456871963688172,0.0035674150203703903,0.18671870800244506,0.10962258399740676,0.00044616699960897677,0.06087366599967936,0.014453791998676024,3.504200140014291e-05,ok,,160,method_proof,1.0,0,0,0.0,0.0,0.0,0.65,5.081404364984463,6.2166061010848646,1.6094379124341003,40.0,125.0,0.32,3.713572066704308,4.836281906951478,0.2776317365982795,1.0461346430821652,-0.1572428058012727,-0.14049797520764143,0.7684237576826176,-0.3196421712667257,0.05253698788902148,0.954920504473738,-0.9054075287290304,-0.192030603907586,0.0,,,,,,,,0.0,0.0,0.0,0.0,0.0
119,phylo_brownian_null_16taxa,method_proof,phylogenetic_brownian,continuous,kl,"edge_alpha=0.001, sibling_alpha=0.01, tree_distance_metric=euclidean, tree_distance_source=precomputed, tree_linkage_method=average",16,1,160,100,1.0,0.0,0.0,0.0,0.0625,0.0,1.0,0.0,0.23791547571544325,0.0625,0.007352941176470588,0.0,0.0,0.0,160.0,1.0,1.0,-0.0,0.0,0.0,,,,,,,,,15.0,0.0,1.0,0.0006810830018366687,0.009322624999185791,0.1584460419981042,0.11863328001709306,0.0007852460039430298,0.010705211010645144,0.0008134999989124481,0.02292016699720989,0.007011505022092024,0.010738240991486236,0.002263748010591371,0.07209695799974725,0.06709974999830592,0.0003877909985021688,0.0020683330003521405,0.0014735410004504956,2.8208000003360212e-05,ok,,160,method_proof,0.0,-15,15,0.0,1.0,0.0,1.0,5.081404364984463,4.61512051684126,2.833213344056216,10.0,6.25,1.6,2.3978952727983707,1.9810014688665833,0.9555114450274363,2.833213344056216,0.09846698512483526,-0.14049797520764143,-0.5531679545112014,2.3398135761160916,-1.7740061333405464,-1.6198212671532686,0.22863314344515306,0.5424332533149818,0.0,,,,,,,,0.0,0.0,0.0,0.0,0.0
119,phylo_brownian_null_16taxa,method_proof,phylogenetic_brownian,continuous,kl_legacy_c2ef9a69,"edge_alpha=0.001, sibling_alpha=0.01, tree_builder=linkage, tree_distance_metric=euclidean, tree_distance_source=precomputed, tree_linkage_method=average, tree_rooting=linkage_root",16,160,160,100,1.0,0.0,0.7065934294011775,-6.210268884603559e-14,1.0,1.0000000000000002,0.5463041903939286,0.7065934294011775,0.0,1.0,1.0,1.0,160.0,1.0,1.0,0.00625,159.99999999999994,5.075173815233827,0.0,0.0,,,,,,,,,144.0,1.0,0.0,0.0008124170017254073,0.0,0.0,0.0,0.0,0.0,0.0,0.0,0.0,0.0,0.0,0.0,0.0,0.0,0.0,0.0,0.0,ok,,160,method_proof,0.0,144,144,1.0,0.0,0.0,1.0,5.081404364984463,4.61512051684126,2.833213344056216,10.0,6.25,1.6,2.3978952727983707,1.9810014688665833,0.9555114450274363,2.833213344056216,0.09846698512483526,-0.14049797520764143,-0.5531679545112014,2.3398135761160916,-1.7740061333405464,-1.6198212671532686,0.22863314344515306,0.5424332533149818,0.0,,,,,,,,0.0,0.0,0.0,0.0,0.0
119,phylo_brownian_null_16taxa,method_proof,phylogenetic_brownian,continuous,kl_internal_filter_branch_length_v1,"edge_alpha=0.001, enforce_internal_support_thresholds=True, sibling_alpha=0.01, spectral_include_internal_barycenters=True, spectral_internal_distribution_mode=branch_length_state, spectral_mp_row_count_mode=leaf_effective_rows, tree_distance_metric=euclidean, tree_distance_source=precomputed, tree_linkage_method=average",16,1,160,100,1.0,0.0,0.0,0.0,0.0625,0.0,1.0,0.0,0.23791547571544325,0.0625,0.007352941176470588,0.0,0.0,0.0,160.0,1.0,1.0,-0.0,0.0,0.0,,,,,,,,,15.0,0.0,1.0,0.0008499169998685829,0.009597833999578143,0.16229062500133296,0.11525383199477801,0.0007355799752986059,0.009982830990338698,0.0007138340006349608,0.0314739159985038,0.011474211994936923,0.013112460015690885,0.0022742509972886182,0.07012424999993527,0.0689307499997085,0.0,0.0,0.00012316700303927064,2.4000000848900527e-05,ok,,160,method_proof,0.0,-15,15,0.0,1.0,0.0,1.0,5.081404364984463,4.61512051684126,2.833213344056216,10.0,6.25,1.6,2.3978952727983707,1.9810014688665833,0.9555114450274363,2.833213344056216,0.09846698512483526,-0.14049797520764143,-0.5531679545112014,2.3398135761160916,-1.7740061333405464,-1.6198212671532686,0.22863314344515306,0.5424332533149818,0.0,,,,,,,,0.0,0.0,0.0,0.0,0.0
120,traversal_deep_signal_under_same_parent,method_proof,planted_hierarchy_binary,binary,kl_legacy_c2ef9a69,"edge_alpha=0.001, sibling_alpha=0.01, tree_builder=linkage, tree_distance_metric=hamming, tree_distance_source=feature_metric, tree_linkage_method=average, tree_rooting=linkage_root",6,1,240,300,0.68,0.0,0.0,0.0,0.16666666666666666,0.0,1.0,0.0,0.40395533950919826,0.16666666666666666,0.047619047619047616,0.0,0.0,0.0,240.0,1.0,1.0,-0.0,0.0,0.0,,,,,,,,,5.0,0.0,1.0,0.0013809170013701078,0.0,0.0,0.0,0.0,0.0,0.0,0.0,0.0,0.0,0.0,0.0,0.0,0.0,0.0,0.0,0.0,ok,,240,method_proof,0.0,-5,5,0.0,1.0,0.0,0.68,5.484796933490655,5.707110264748875,1.9459101490553132,40.0,50.0,0.8,3.713572066704308,3.9318256327243257,0.5877866649021191,1.323218901357613,-0.135324823721892,0.3891740054691062,0.3479732201793853,0.41156471554823,0.05253698788902148,0.13932939167056885,-0.3865421622071766,-0.07815292577415128,0.0,,,,,,,,0.0,0.0,0.0,0.0,0.0
120,traversal_deep_signal_under_same_parent,method_proof,planted_hierarchy_binary,binary,kl_internal_filter_branch_length_v1,"edge_alpha=0.001, enforce_internal_support_thresholds=True, sibling_alpha=0.01, spectral_include_internal_barycenters=True, spectral_internal_distribution_mode=branch_length_state, spectral_mp_row_count_mode=leaf_effective_rows, tree_distance_metric=hamming, tree_distance_source=feature_metric, tree_linkage_method=average",6,1,240,300,0.68,0.0,0.0,0.0,0.16666666666666666,0.0,1.0,0.0,0.40395533950919826,0.16666666666666666,0.047619047619047616,0.0,0.0,0.0,240.0,1.0,1.0,-0.0,0.0,0.0,,,,,,,,,5.0,0.0,1.0,0.0012544589990284294,0.008403708998230286,0.2627255420011352,0.16961352397265728,0.0011762370195356198,0.015076147003128426,0.003551791000063531,0.06825970899808453,0.022218827976757893,0.031289994025428314,0.004464834048121702,0.20284066700332914,0.09433616600290406,0.0004659999976865947,0.07820420899952296,0.028617083000426646,3.154099977109581e-05,ok,,240,method_proof,0.0,-5,5,0.0,1.0,0.0,0.68,5.484796933490655,5.707110264748875,1.9459101490553132,40.0,50.0,0.8,3.713572066704308,3.9318256327243257,0.5877866649021191,1.323218901357613,-0.135324823721892,0.3891740054691062,0.3479732201793853,0.41156471554823,0.05253698788902148,0.13932939167056885,-0.3865421622071766,-0.07815292577415128,0.0,,,,,,,,0.0,0.0,0.0,0.0,0.0
121,traversal_deep_branch_recovery_stress,method_proof,planted_hierarchy_binary,binary,kl,"edge_alpha=0.001, sibling_alpha=0.01, tree_distance_metric=hamming, tree_distance_source=feature_metric, tree_linkage_method=average",6,6,240,480,0.68,1.0,1.0,1.0,1.0,1.0,1.0,1.0,1.0,1.0,1.0,1.0,0.0,0.0,40.0,0.16666666666666666,5.999999999999998,1.7917594692280547,0.0,0.0,0.1704179097232382,1.9746784398059782,20.652941997846938,,,,,,0.0,0.0,0.0,0.0012404170010995585,0.011976166002568789,0.36077025000122376,0.27507812697513145,0.0012711709714494646,0.01545161502508563,0.003650250000646338,0.060152750000270316,0.022306171005766373,0.025736996980413096,0.004872255045484053,0.28629929200178594,0.15218166599879623,0.0005381670016504359,0.10455154100054642,0.02759962499840185,4.80840026284568e-05,ok,,240,method_proof,1.0,0,0,0.0,0.0,0.0,0.68,5.484796933490655,6.175867270105761,1.9459101490553132,40.0,80.0,0.5,3.713572066704308,4.394449154672439,0.4054651081081644,1.323218901357613,-0.135324823721892,0.3891740054691062,0.7348049090859398,0.41156471554823,0.05253698788902148,0.5564989595382822,-0.6915521193536779,-0.07815292577415128,0.0,,,,,,,,0.0,0.0,0.0,0.0,0.0
121,traversal_deep_branch_recovery_stress,method_proof,planted_hierarchy_binary,binary,kl_legacy_c2ef9a69,"edge_alpha=0.001, sibling_alpha=0.01, tree_builder=linkage, tree_distance_metric=hamming, tree_distance_source=feature_metric, tree_linkage_method=average, tree_rooting=linkage_root",6,6,240,480,0.68,1.0,1.0,1.0,1.0,1.0,1.0,1.0,1.0,1.0,1.0,1.0,0.0,0.0,40.0,0.16666666666666666,5.999999999999998,1.7917594692280547,0.0,0.0,0.1704179097232382,1.9746784398059782,20.652941997846938,,,,,,0.0,0.0,0.0,0.0010797909999382682,0.0,0.0,0.0,0.0,0.0,0.0,0.0,0.0,0.0,0.0,0.0,0.0,0.0,0.0,0.0,0.0,ok,,240,method_proof,1.0,0,0,0.0,0.0,0.0,0.68,5.484796933490655,6.175867270105761,1.9459101490553132,40.0,80.0,0.5,3.713572066704308,4.394449154672439,0.4054651081081644,1.323218901357613,-0.135324823721892,0.3891740054691062,0.7348049090859398,0.41156471554823,0.05253698788902148,0.5564989595382822,-0.6915521193536779,-0.07815292577415128,0.0,,,,,,,,0.0,0.0,0.0,0.0,0.0
121,traversal_deep_branch_recovery_stress,method_proof,planted_hierarchy_binary,binary,kl_internal_filter_branch_length_v1,"edge_alpha=0.001, enforce_internal_support_thresholds=True, sibling_alpha=0.01, spectral_include_internal_barycenters=True, spectral_internal_distribution_mode=branch_length_state, spectral_mp_row_count_mode=leaf_effective_rows, tree_distance_metric=hamming, tree_distance_source=feature_metric, tree_linkage_method=average",6,6,240,480,0.68,1.0,1.0,1.0,1.0,1.0,1.0,1.0,1.0,1.0,1.0,1.0,0.0,0.0,40.0,0.16666666666666666,5.999999999999998,1.7917594692280547,0.0,0.0,0.1704179097232382,1.9746784398059782,20.652941997846938,,,,,,0.0,0.0,0.0,0.0012266669982636813,0.012014500000077533,0.3910730829993554,0.26336704496861785,0.0011633550602709875,0.014283926015195902,0.0017367919972457457,0.10556095900028595,0.03782029098874773,0.04916595696340664,0.005655504992319038,0.16822949999914272,0.1471089579972613,0.0005828750036016572,0.014881875002174638,0.004413208000187296,3.858399941236712e-05,ok,,240,method_proof,1.0,0,0,0.0,0.0,0.0,0.68,5.484796933490655,6.175867270105761,1.9459101490553132,40.0,80.0,0.5,3.713572066704308,4.394449154672439,0.4054651081081644,1.323218901357613,-0.135324823721892,0.3891740054691062,0.7348049090859398,0.41156471554823,0.05253698788902148,0.5564989595382822,-0.6915521193536779,-0.07815292577415128,0.0,,,,,,,,0.0,0.0,0.0,0.0,0.0
