schema_version,case_id,test_case,case_category,left_tree_inference,right_tree_inference,left_run_id,right_run_id,leaf_set_equal,n_common_leaves,left_internal_split_count,right_internal_split_count,common_internal_split_count,rooted_internal_rf,rooted_internal_rf_relative,rooted_internal_split_jaccard,rooted_weighted_split_l1,left_found_clusters,right_found_clusters,predicted_label_ari_between_topologies,common_weighted_split_count,common_branch_length_mae,common_branch_length_rmse,common_branch_length_corr,sampled_leaf_path_pair_count,leaf_path_mae,leaf_path_rmse,leaf_path_corr,brancharchitect_status,brancharchitect_error,brancharchitect_rf,brancharchitect_weighted_rf,brancharchitect_interpolation_status,brancharchitect_processing_time,brancharchitect_frame_count,brancharchitect_temporal_event_count,brancharchitect_spr_event_count,brancharchitect_spr_total_hops,brancharchitect_spr_total_branch_length
brancharchitect_tree_comparison/v1,gauss_clear_medium_continuous,13,continuous_gaussian_examples,average,centroid,tbs_diffusion_graphtools_adaptive_nnls::graphtools_adaptive_k_tree_strategy__tree_linkage_method_average__r0,tbs_diffusion_graphtools_adaptive_nnls::graphtools_adaptive_k_tree_strategy__tree_linkage_method_centroid__r0,True,60,58,58,1,114,0.9827586206896551,0.008695652173913044,2.493750030906315,1,1,1.0,61,0.026098555903534063,0.08148283314346434,0.8812911601442213,1770,0.007079518272891802,0.01751951778420374,0.9922649463395797,interpolation_available,,0.0,2.4937500309059986,ok,0.0689840316772461,6.0,3.0,2.0,114.0,0.9017381207906696
brancharchitect_tree_comparison/v1,gauss_clear_medium_continuous,13,continuous_gaussian_examples,average,complete,tbs_diffusion_graphtools_adaptive_nnls::graphtools_adaptive_k_tree_strategy__tree_linkage_method_average__r0,tbs_diffusion_graphtools_adaptive_nnls::graphtools_adaptive_k_tree_strategy__tree_linkage_method_complete__r0,True,60,58,58,58,0,0.0,1.0,0.0,1,1,1.0,118,0.0,0.0,0.9999999999999999,1770,0.0,0.0,0.9999999999999998,interpolation_available,,0.0,0.0,ok,0.0037009716033935547,2.0,0.0,0.0,0.0,0.0
brancharchitect_tree_comparison/v1,gauss_clear_medium_continuous,13,continuous_gaussian_examples,average,median,tbs_diffusion_graphtools_adaptive_nnls::graphtools_adaptive_k_tree_strategy__tree_linkage_method_average__r0,tbs_diffusion_graphtools_adaptive_nnls::graphtools_adaptive_k_tree_strategy__tree_linkage_method_median__r0,True,60,58,58,1,114,0.9827586206896551,0.008695652173913044,2.493750030906315,1,1,1.0,61,0.026098555903534063,0.08148283314346434,0.8812911601442213,1770,0.007079518272891802,0.01751951778420374,0.9922649463395797,interpolation_available,,0.0,2.4937500309059986,ok,0.06940913200378418,6.0,3.0,2.0,114.0,0.9017381207906696
brancharchitect_tree_comparison/v1,gauss_clear_medium_continuous,13,continuous_gaussian_examples,average,single,tbs_diffusion_graphtools_adaptive_nnls::graphtools_adaptive_k_tree_strategy__tree_linkage_method_average__r0,tbs_diffusion_graphtools_adaptive_nnls::graphtools_adaptive_k_tree_strategy__tree_linkage_method_single__r0,True,60,58,58,58,0,0.0,1.0,0.0,1,1,1.0,118,0.0,0.0,0.9999999999999999,1770,0.0,0.0,0.9999999999999998,interpolation_available,,0.0,0.0,ok,0.0035200119018554688,2.0,0.0,0.0,0.0,0.0
brancharchitect_tree_comparison/v1,gauss_clear_medium_continuous,13,continuous_gaussian_examples,average,ward,tbs_diffusion_graphtools_adaptive_nnls::graphtools_adaptive_k_tree_strategy__tree_linkage_method_average__r0,tbs_diffusion_graphtools_adaptive_nnls::graphtools_adaptive_k_tree_strategy__tree_linkage_method_ward__r0,True,60,58,58,58,0,0.0,1.0,0.0,1,1,1.0,118,0.0,0.0,0.9999999999999999,1770,0.0,0.0,0.9999999999999998,interpolation_available,,0.0,0.0,ok,0.0033419132232666016,2.0,0.0,0.0,0.0,0.0
brancharchitect_tree_comparison/v1,gauss_clear_medium_continuous,13,continuous_gaussian_examples,average,weighted,tbs_diffusion_graphtools_adaptive_nnls::graphtools_adaptive_k_tree_strategy__tree_linkage_method_average__r0,tbs_diffusion_graphtools_adaptive_nnls::graphtools_adaptive_k_tree_strategy__tree_linkage_method_weighted__r0,True,60,58,58,58,0,0.0,1.0,0.0,1,1,1.0,118,0.0,0.0,0.9999999999999999,1770,0.0,0.0,0.9999999999999998,interpolation_available,,0.0,0.0,ok,0.003145933151245117,2.0,0.0,0.0,0.0,0.0
brancharchitect_tree_comparison/v1,gauss_clear_medium_continuous,13,continuous_gaussian_examples,centroid,complete,tbs_diffusion_graphtools_adaptive_nnls::graphtools_adaptive_k_tree_strategy__tree_linkage_method_centroid__r0,tbs_diffusion_graphtools_adaptive_nnls::graphtools_adaptive_k_tree_strategy__tree_linkage_method_complete__r0,True,60,58,58,1,114,0.9827586206896551,0.008695652173913044,2.493750030906315,1,1,1.0,61,0.026098555903534063,0.08148283314346434,0.8812911601442214,1770,0.007079518272891802,0.01751951778420374,0.9922649463395798,interpolation_available,,0.0,2.493750030905999,ok,0.0724637508392334,118.0,58.0,57.0,114.0,0.9017381207906693
brancharchitect_tree_comparison/v1,gauss_clear_medium_continuous,13,continuous_gaussian_examples,centroid,median,tbs_diffusion_graphtools_adaptive_nnls::graphtools_adaptive_k_tree_strategy__tree_linkage_method_centroid__r0,tbs_diffusion_graphtools_adaptive_nnls::graphtools_adaptive_k_tree_strategy__tree_linkage_method_median__r0,True,60,58,58,58,0,0.0,1.0,0.0,1,1,1.0,118,0.0,0.0,0.9999999999999999,1770,0.0,0.0,1.0,interpolation_available,,0.0,0.0,ok,0.003983974456787109,2.0,0.0,0.0,0.0,0.0
brancharchitect_tree_comparison/v1,gauss_clear_medium_continuous,13,continuous_gaussian_examples,centroid,single,tbs_diffusion_graphtools_adaptive_nnls::graphtools_adaptive_k_tree_strategy__tree_linkage_method_centroid__r0,tbs_diffusion_graphtools_adaptive_nnls::graphtools_adaptive_k_tree_strategy__tree_linkage_method_single__r0,True,60,58,58,1,114,0.9827586206896551,0.008695652173913044,2.493750030906315,1,1,1.0,61,0.026098555903534063,0.08148283314346434,0.8812911601442214,1770,0.007079518272891802,0.01751951778420374,0.9922649463395798,interpolation_available,,0.0,2.493750030905999,ok,0.07257485389709473,118.0,58.0,57.0,114.0,0.9017381207906693
brancharchitect_tree_comparison/v1,gauss_clear_medium_continuous,13,continuous_gaussian_examples,centroid,ward,tbs_diffusion_graphtools_adaptive_nnls::graphtools_adaptive_k_tree_strategy__tree_linkage_method_centroid__r0,tbs_diffusion_graphtools_adaptive_nnls::graphtools_adaptive_k_tree_strategy__tree_linkage_method_ward__r0,True,60,58,58,1,114,0.9827586206896551,0.008695652173913044,2.493750030906315,1,1,1.0,61,0.026098555903534063,0.08148283314346434,0.8812911601442214,1770,0.007079518272891802,0.01751951778420374,0.9922649463395798,interpolation_available,,0.0,2.493750030905999,ok,0.17359375953674316,118.0,58.0,57.0,114.0,0.9017381207906693
brancharchitect_tree_comparison/v1,gauss_clear_medium_continuous,13,continuous_gaussian_examples,centroid,weighted,tbs_diffusion_graphtools_adaptive_nnls::graphtools_adaptive_k_tree_strategy__tree_linkage_method_centroid__r0,tbs_diffusion_graphtools_adaptive_nnls::graphtools_adaptive_k_tree_strategy__tree_linkage_method_weighted__r0,True,60,58,58,1,114,0.9827586206896551,0.008695652173913044,2.493750030906315,1,1,1.0,61,0.026098555903534063,0.08148283314346434,0.8812911601442214,1770,0.007079518272891802,0.01751951778420374,0.9922649463395798,interpolation_available,,0.0,2.493750030905999,ok,0.07082605361938477,118.0,58.0,57.0,114.0,0.9017381207906693
brancharchitect_tree_comparison/v1,gauss_clear_medium_continuous,13,continuous_gaussian_examples,complete,median,tbs_diffusion_graphtools_adaptive_nnls::graphtools_adaptive_k_tree_strategy__tree_linkage_method_complete__r0,tbs_diffusion_graphtools_adaptive_nnls::graphtools_adaptive_k_tree_strategy__tree_linkage_method_median__r0,True,60,58,58,1,114,0.9827586206896551,0.008695652173913044,2.493750030906315,1,1,1.0,61,0.026098555903534063,0.08148283314346434,0.8812911601442213,1770,0.007079518272891802,0.01751951778420374,0.9922649463395797,interpolation_available,,0.0,2.4937500309059986,ok,0.06734275817871094,6.0,3.0,2.0,114.0,0.9017381207906696
brancharchitect_tree_comparison/v1,gauss_clear_medium_continuous,13,continuous_gaussian_examples,complete,single,tbs_diffusion_graphtools_adaptive_nnls::graphtools_adaptive_k_tree_strategy__tree_linkage_method_complete__r0,tbs_diffusion_graphtools_adaptive_nnls::graphtools_adaptive_k_tree_strategy__tree_linkage_method_single__r0,True,60,58,58,58,0,0.0,1.0,0.0,1,1,1.0,118,0.0,0.0,0.9999999999999999,1770,0.0,0.0,0.9999999999999998,interpolation_available,,0.0,0.0,ok,0.0033299922943115234,2.0,0.0,0.0,0.0,0.0
brancharchitect_tree_comparison/v1,gauss_clear_medium_continuous,13,continuous_gaussian_examples,complete,ward,tbs_diffusion_graphtools_adaptive_nnls::graphtools_adaptive_k_tree_strategy__tree_linkage_method_complete__r0,tbs_diffusion_graphtools_adaptive_nnls::graphtools_adaptive_k_tree_strategy__tree_linkage_method_ward__r0,True,60,58,58,58,0,0.0,1.0,0.0,1,1,1.0,118,0.0,0.0,0.9999999999999999,1770,0.0,0.0,0.9999999999999998,interpolation_available,,0.0,0.0,ok,0.003275156021118164,2.0,0.0,0.0,0.0,0.0
brancharchitect_tree_comparison/v1,gauss_clear_medium_continuous,13,continuous_gaussian_examples,complete,weighted,tbs_diffusion_graphtools_adaptive_nnls::graphtools_adaptive_k_tree_strategy__tree_linkage_method_complete__r0,tbs_diffusion_graphtools_adaptive_nnls::graphtools_adaptive_k_tree_strategy__tree_linkage_method_weighted__r0,True,60,58,58,58,0,0.0,1.0,0.0,1,1,1.0,118,0.0,0.0,0.9999999999999999,1770,0.0,0.0,0.9999999999999998,interpolation_available,,0.0,0.0,ok,0.003314971923828125,2.0,0.0,0.0,0.0,0.0
brancharchitect_tree_comparison/v1,gauss_clear_medium_continuous,13,continuous_gaussian_examples,median,single,tbs_diffusion_graphtools_adaptive_nnls::graphtools_adaptive_k_tree_strategy__tree_linkage_method_median__r0,tbs_diffusion_graphtools_adaptive_nnls::graphtools_adaptive_k_tree_strategy__tree_linkage_method_single__r0,True,60,58,58,1,114,0.9827586206896551,0.008695652173913044,2.493750030906315,1,1,1.0,61,0.026098555903534063,0.08148283314346434,0.8812911601442214,1770,0.007079518272891802,0.01751951778420374,0.9922649463395798,interpolation_available,,0.0,2.493750030905999,ok,0.07366394996643066,118.0,58.0,57.0,114.0,0.9017381207906693
brancharchitect_tree_comparison/v1,gauss_clear_medium_continuous,13,continuous_gaussian_examples,median,ward,tbs_diffusion_graphtools_adaptive_nnls::graphtools_adaptive_k_tree_strategy__tree_linkage_method_median__r0,tbs_diffusion_graphtools_adaptive_nnls::graphtools_adaptive_k_tree_strategy__tree_linkage_method_ward__r0,True,60,58,58,1,114,0.9827586206896551,0.008695652173913044,2.493750030906315,1,1,1.0,61,0.026098555903534063,0.08148283314346434,0.8812911601442214,1770,0.007079518272891802,0.01751951778420374,0.9922649463395798,interpolation_available,,0.0,2.493750030905999,ok,0.07159614562988281,118.0,58.0,57.0,114.0,0.9017381207906693
brancharchitect_tree_comparison/v1,gauss_clear_medium_continuous,13,continuous_gaussian_examples,median,weighted,tbs_diffusion_graphtools_adaptive_nnls::graphtools_adaptive_k_tree_strategy__tree_linkage_method_median__r0,tbs_diffusion_graphtools_adaptive_nnls::graphtools_adaptive_k_tree_strategy__tree_linkage_method_weighted__r0,True,60,58,58,1,114,0.9827586206896551,0.008695652173913044,2.493750030906315,1,1,1.0,61,0.026098555903534063,0.08148283314346434,0.8812911601442214,1770,0.007079518272891802,0.01751951778420374,0.9922649463395798,interpolation_available,,0.0,2.493750030905999,ok,0.174422025680542,118.0,58.0,57.0,114.0,0.9017381207906693
brancharchitect_tree_comparison/v1,gauss_clear_medium_continuous,13,continuous_gaussian_examples,single,ward,tbs_diffusion_graphtools_adaptive_nnls::graphtools_adaptive_k_tree_strategy__tree_linkage_method_single__r0,tbs_diffusion_graphtools_adaptive_nnls::graphtools_adaptive_k_tree_strategy__tree_linkage_method_ward__r0,True,60,58,58,58,0,0.0,1.0,0.0,1,1,1.0,118,0.0,0.0,0.9999999999999999,1770,0.0,0.0,0.9999999999999998,interpolation_available,,0.0,0.0,ok,0.0033490657806396484,2.0,0.0,0.0,0.0,0.0
brancharchitect_tree_comparison/v1,gauss_clear_medium_continuous,13,continuous_gaussian_examples,single,weighted,tbs_diffusion_graphtools_adaptive_nnls::graphtools_adaptive_k_tree_strategy__tree_linkage_method_single__r0,tbs_diffusion_graphtools_adaptive_nnls::graphtools_adaptive_k_tree_strategy__tree_linkage_method_weighted__r0,True,60,58,58,58,0,0.0,1.0,0.0,1,1,1.0,118,0.0,0.0,0.9999999999999999,1770,0.0,0.0,0.9999999999999998,interpolation_available,,0.0,0.0,ok,0.003305196762084961,2.0,0.0,0.0,0.0,0.0
brancharchitect_tree_comparison/v1,gauss_clear_medium_continuous,13,continuous_gaussian_examples,ward,weighted,tbs_diffusion_graphtools_adaptive_nnls::graphtools_adaptive_k_tree_strategy__tree_linkage_method_ward__r0,tbs_diffusion_graphtools_adaptive_nnls::graphtools_adaptive_k_tree_strategy__tree_linkage_method_weighted__r0,True,60,58,58,58,0,0.0,1.0,0.0,1,1,1.0,118,0.0,0.0,0.9999999999999999,1770,0.0,0.0,0.9999999999999998,interpolation_available,,0.0,0.0,ok,0.0032901763916015625,2.0,0.0,0.0,0.0,0.0
brancharchitect_tree_comparison/v1,gauss_moderate_3c_continuous,14,continuous_gaussian_examples,average,centroid,tbs_diffusion_graphtools_adaptive_nnls::graphtools_adaptive_k_tree_strategy__tree_linkage_method_average__r0,tbs_diffusion_graphtools_adaptive_nnls::graphtools_adaptive_k_tree_strategy__tree_linkage_method_centroid__r0,True,45,43,43,1,84,0.9767441860465116,0.011764705882352941,1.5066397567804561,1,1,1.0,46,0.013795645851389282,0.09007504490715816,0.9430277389096328,990,0.00030438416518689654,0.0005077527750508557,0.9999988021836509,interpolation_available,,0.0,1.5066397568037833,ok,0.03763604164123535,6.0,3.0,2.0,84.0,0.8720400476165623
brancharchitect_tree_comparison/v1,gauss_moderate_3c_continuous,14,continuous_gaussian_examples,average,complete,tbs_diffusion_graphtools_adaptive_nnls::graphtools_adaptive_k_tree_strategy__tree_linkage_method_average__r0,tbs_diffusion_graphtools_adaptive_nnls::graphtools_adaptive_k_tree_strategy__tree_linkage_method_complete__r0,True,45,43,43,43,0,0.0,1.0,0.0,1,1,1.0,88,0.0,0.0,1.0,990,0.0,0.0,1.0,interpolation_available,,0.0,0.0,ok,0.002646923065185547,2.0,0.0,0.0,0.0,0.0
brancharchitect_tree_comparison/v1,gauss_moderate_3c_continuous,14,continuous_gaussian_examples,average,median,tbs_diffusion_graphtools_adaptive_nnls::graphtools_adaptive_k_tree_strategy__tree_linkage_method_average__r0,tbs_diffusion_graphtools_adaptive_nnls::graphtools_adaptive_k_tree_strategy__tree_linkage_method_median__r0,True,45,43,43,1,84,0.9767441860465116,0.011764705882352941,1.5066397567804561,1,1,1.0,46,0.013795645851389282,0.09007504490715816,0.9430277389096328,990,0.00030438416518689654,0.0005077527750508557,0.9999988021836509,interpolation_available,,0.0,1.5066397568037833,ok,0.03713369369506836,6.0,3.0,2.0,84.0,0.8720400476165623
brancharchitect_tree_comparison/v1,gauss_moderate_3c_continuous,14,continuous_gaussian_examples,average,single,tbs_diffusion_graphtools_adaptive_nnls::graphtools_adaptive_k_tree_strategy__tree_linkage_method_average__r0,tbs_diffusion_graphtools_adaptive_nnls::graphtools_adaptive_k_tree_strategy__tree_linkage_method_single__r0,True,45,43,43,43,0,0.0,1.0,0.0,1,1,1.0,88,0.0,0.0,1.0,990,0.0,0.0,1.0,interpolation_available,,0.0,0.0,ok,0.002191781997680664,2.0,0.0,0.0,0.0,0.0
brancharchitect_tree_comparison/v1,gauss_moderate_3c_continuous,14,continuous_gaussian_examples,average,ward,tbs_diffusion_graphtools_adaptive_nnls::graphtools_adaptive_k_tree_strategy__tree_linkage_method_average__r0,tbs_diffusion_graphtools_adaptive_nnls::graphtools_adaptive_k_tree_strategy__tree_linkage_method_ward__r0,True,45,43,43,43,0,0.0,1.0,0.0,1,1,1.0,88,0.0,0.0,1.0,990,0.0,0.0,1.0,interpolation_available,,0.0,0.0,ok,0.002680063247680664,2.0,0.0,0.0,0.0,0.0
brancharchitect_tree_comparison/v1,gauss_moderate_3c_continuous,14,continuous_gaussian_examples,average,weighted,tbs_diffusion_graphtools_adaptive_nnls::graphtools_adaptive_k_tree_strategy__tree_linkage_method_average__r0,tbs_diffusion_graphtools_adaptive_nnls::graphtools_adaptive_k_tree_strategy__tree_linkage_method_weighted__r0,True,45,43,43,43,0,0.0,1.0,0.0,1,1,1.0,88,0.0,0.0,1.0,990,0.0,0.0,1.0,interpolation_available,,0.0,0.0,ok,0.0021860599517822266,2.0,0.0,0.0,0.0,0.0
brancharchitect_tree_comparison/v1,gauss_moderate_3c_continuous,14,continuous_gaussian_examples,centroid,complete,tbs_diffusion_graphtools_adaptive_nnls::graphtools_adaptive_k_tree_strategy__tree_linkage_method_centroid__r0,tbs_diffusion_graphtools_adaptive_nnls::graphtools_adaptive_k_tree_strategy__tree_linkage_method_complete__r0,True,45,43,43,1,84,0.9767441860465116,0.011764705882352941,1.5066397567804561,1,1,1.0,46,0.013795645851389282,0.09007504490715816,0.9430277389096327,990,0.00030438416518689654,0.0005077527750508557,0.9999988021836509,interpolation_available,,0.0,1.5066397568037828,ok,0.04106903076171875,88.0,43.0,42.0,84.0,0.8720400476165624
brancharchitect_tree_comparison/v1,gauss_moderate_3c_continuous,14,continuous_gaussian_examples,centroid,median,tbs_diffusion_graphtools_adaptive_nnls::graphtools_adaptive_k_tree_strategy__tree_linkage_method_centroid__r0,tbs_diffusion_graphtools_adaptive_nnls::graphtools_adaptive_k_tree_strategy__tree_linkage_method_median__r0,True,45,43,43,43,0,0.0,1.0,0.0,1,1,1.0,88,0.0,0.0,1.0,990,0.0,0.0,1.0,interpolation_available,,0.0,0.0,ok,0.0020418167114257812,2.0,0.0,0.0,0.0,0.0
brancharchitect_tree_comparison/v1,gauss_moderate_3c_continuous,14,continuous_gaussian_examples,centroid,single,tbs_diffusion_graphtools_adaptive_nnls::graphtools_adaptive_k_tree_strategy__tree_linkage_method_centroid__r0,tbs_diffusion_graphtools_adaptive_nnls::graphtools_adaptive_k_tree_strategy__tree_linkage_method_single__r0,True,45,43,43,1,84,0.9767441860465116,0.011764705882352941,1.5066397567804561,1,1,1.0,46,0.013795645851389282,0.09007504490715816,0.9430277389096327,990,0.00030438416518689654,0.0005077527750508557,0.9999988021836509,interpolation_available,,0.0,1.5066397568037828,ok,0.04085993766784668,88.0,43.0,42.0,84.0,0.8720400476165624
brancharchitect_tree_comparison/v1,gauss_moderate_3c_continuous,14,continuous_gaussian_examples,centroid,ward,tbs_diffusion_graphtools_adaptive_nnls::graphtools_adaptive_k_tree_strategy__tree_linkage_method_centroid__r0,tbs_diffusion_graphtools_adaptive_nnls::graphtools_adaptive_k_tree_strategy__tree_linkage_method_ward__r0,True,45,43,43,1,84,0.9767441860465116,0.011764705882352941,1.5066397567804561,1,1,1.0,46,0.013795645851389282,0.09007504490715816,0.9430277389096327,990,0.00030438416518689654,0.0005077527750508557,0.9999988021836509,interpolation_available,,0.0,1.5066397568037828,ok,0.040370941162109375,88.0,43.0,42.0,84.0,0.8720400476165624
brancharchitect_tree_comparison/v1,gauss_moderate_3c_continuous,14,continuous_gaussian_examples,centroid,weighted,tbs_diffusion_graphtools_adaptive_nnls::graphtools_adaptive_k_tree_strategy__tree_linkage_method_centroid__r0,tbs_diffusion_graphtools_adaptive_nnls::graphtools_adaptive_k_tree_strategy__tree_linkage_method_weighted__r0,True,45,43,43,1,84,0.9767441860465116,0.011764705882352941,1.5066397567804561,1,1,1.0,46,0.013795645851389282,0.09007504490715816,0.9430277389096327,990,0.00030438416518689654,0.0005077527750508557,0.9999988021836509,interpolation_available,,0.0,1.5066397568037828,ok,0.03948378562927246,88.0,43.0,42.0,84.0,0.8720400476165624
brancharchitect_tree_comparison/v1,gauss_moderate_3c_continuous,14,continuous_gaussian_examples,complete,median,tbs_diffusion_graphtools_adaptive_nnls::graphtools_adaptive_k_tree_strategy__tree_linkage_method_complete__r0,tbs_diffusion_graphtools_adaptive_nnls::graphtools_adaptive_k_tree_strategy__tree_linkage_method_median__r0,True,45,43,43,1,84,0.9767441860465116,0.011764705882352941,1.5066397567804561,1,1,1.0,46,0.013795645851389282,0.09007504490715816,0.9430277389096328,990,0.00030438416518689654,0.0005077527750508557,0.9999988021836509,interpolation_available,,0.0,1.5066397568037833,ok,0.03663206100463867,6.0,3.0,2.0,84.0,0.8720400476165623
brancharchitect_tree_comparison/v1,gauss_moderate_3c_continuous,14,continuous_gaussian_examples,complete,single,tbs_diffusion_graphtools_adaptive_nnls::graphtools_adaptive_k_tree_strategy__tree_linkage_method_complete__r0,tbs_diffusion_graphtools_adaptive_nnls::graphtools_adaptive_k_tree_strategy__tree_linkage_method_single__r0,True,45,43,43,43,0,0.0,1.0,0.0,1,1,1.0,88,0.0,0.0,1.0,990,0.0,0.0,1.0,interpolation_available,,0.0,0.0,ok,0.00237274169921875,2.0,0.0,0.0,0.0,0.0
brancharchitect_tree_comparison/v1,gauss_moderate_3c_continuous,14,continuous_gaussian_examples,complete,ward,tbs_diffusion_graphtools_adaptive_nnls::graphtools_adaptive_k_tree_strategy__tree_linkage_method_complete__r0,tbs_diffusion_graphtools_adaptive_nnls::graphtools_adaptive_k_tree_strategy__tree_linkage_method_ward__r0,True,45,43,43,43,0,0.0,1.0,0.0,1,1,1.0,88,0.0,0.0,1.0,990,0.0,0.0,1.0,interpolation_available,,0.0,0.0,ok,0.0027132034301757812,2.0,0.0,0.0,0.0,0.0
brancharchitect_tree_comparison/v1,gauss_moderate_3c_continuous,14,continuous_gaussian_examples,complete,weighted,tbs_diffusion_graphtools_adaptive_nnls::graphtools_adaptive_k_tree_strategy__tree_linkage_method_complete__r0,tbs_diffusion_graphtools_adaptive_nnls::graphtools_adaptive_k_tree_strategy__tree_linkage_method_weighted__r0,True,45,43,43,43,0,0.0,1.0,0.0,1,1,1.0,88,0.0,0.0,1.0,990,0.0,0.0,1.0,interpolation_available,,0.0,0.0,ok,0.002257108688354492,2.0,0.0,0.0,0.0,0.0
brancharchitect_tree_comparison/v1,gauss_moderate_3c_continuous,14,continuous_gaussian_examples,median,single,tbs_diffusion_graphtools_adaptive_nnls::graphtools_adaptive_k_tree_strategy__tree_linkage_method_median__r0,tbs_diffusion_graphtools_adaptive_nnls::graphtools_adaptive_k_tree_strategy__tree_linkage_method_single__r0,True,45,43,43,1,84,0.9767441860465116,0.011764705882352941,1.5066397567804561,1,1,1.0,46,0.013795645851389282,0.09007504490715816,0.9430277389096327,990,0.00030438416518689654,0.0005077527750508557,0.9999988021836509,interpolation_available,,0.0,1.5066397568037828,ok,0.04072976112365723,88.0,43.0,42.0,84.0,0.8720400476165624
brancharchitect_tree_comparison/v1,gauss_moderate_3c_continuous,14,continuous_gaussian_examples,median,ward,tbs_diffusion_graphtools_adaptive_nnls::graphtools_adaptive_k_tree_strategy__tree_linkage_method_median__r0,tbs_diffusion_graphtools_adaptive_nnls::graphtools_adaptive_k_tree_strategy__tree_linkage_method_ward__r0,True,45,43,43,1,84,0.9767441860465116,0.011764705882352941,1.5066397567804561,1,1,1.0,46,0.013795645851389282,0.09007504490715816,0.9430277389096327,990,0.00030438416518689654,0.0005077527750508557,0.9999988021836509,interpolation_available,,0.0,1.5066397568037828,ok,0.03939414024353027,88.0,43.0,42.0,84.0,0.8720400476165624
brancharchitect_tree_comparison/v1,gauss_moderate_3c_continuous,14,continuous_gaussian_examples,median,weighted,tbs_diffusion_graphtools_adaptive_nnls::graphtools_adaptive_k_tree_strategy__tree_linkage_method_median__r0,tbs_diffusion_graphtools_adaptive_nnls::graphtools_adaptive_k_tree_strategy__tree_linkage_method_weighted__r0,True,45,43,43,1,84,0.9767441860465116,0.011764705882352941,1.5066397567804561,1,1,1.0,46,0.013795645851389282,0.09007504490715816,0.9430277389096327,990,0.00030438416518689654,0.0005077527750508557,0.9999988021836509,interpolation_available,,0.0,1.5066397568037828,ok,0.04009604454040527,88.0,43.0,42.0,84.0,0.8720400476165624
brancharchitect_tree_comparison/v1,gauss_moderate_3c_continuous,14,continuous_gaussian_examples,single,ward,tbs_diffusion_graphtools_adaptive_nnls::graphtools_adaptive_k_tree_strategy__tree_linkage_method_single__r0,tbs_diffusion_graphtools_adaptive_nnls::graphtools_adaptive_k_tree_strategy__tree_linkage_method_ward__r0,True,45,43,43,43,0,0.0,1.0,0.0,1,1,1.0,88,0.0,0.0,1.0,990,0.0,0.0,1.0,interpolation_available,,0.0,0.0,ok,0.002633810043334961,2.0,0.0,0.0,0.0,0.0
brancharchitect_tree_comparison/v1,gauss_moderate_3c_continuous,14,continuous_gaussian_examples,single,weighted,tbs_diffusion_graphtools_adaptive_nnls::graphtools_adaptive_k_tree_strategy__tree_linkage_method_single__r0,tbs_diffusion_graphtools_adaptive_nnls::graphtools_adaptive_k_tree_strategy__tree_linkage_method_weighted__r0,True,45,43,43,43,0,0.0,1.0,0.0,1,1,1.0,88,0.0,0.0,1.0,990,0.0,0.0,1.0,interpolation_available,,0.0,0.0,ok,0.0020940303802490234,2.0,0.0,0.0,0.0,0.0
brancharchitect_tree_comparison/v1,gauss_moderate_3c_continuous,14,continuous_gaussian_examples,ward,weighted,tbs_diffusion_graphtools_adaptive_nnls::graphtools_adaptive_k_tree_strategy__tree_linkage_method_ward__r0,tbs_diffusion_graphtools_adaptive_nnls::graphtools_adaptive_k_tree_strategy__tree_linkage_method_weighted__r0,True,45,43,43,43,0,0.0,1.0,0.0,1,1,1.0,88,0.0,0.0,1.0,990,0.0,0.0,1.0,interpolation_available,,0.0,0.0,ok,0.002256155014038086,2.0,0.0,0.0,0.0,0.0
brancharchitect_tree_comparison/v1,dim_consolidated_4c_24f_continuous,23,continuous_dimensional_gaussian_examples,average,centroid,tbs_diffusion_graphtools_adaptive_nnls::graphtools_adaptive_k_tree_strategy__tree_linkage_method_average__r0,tbs_diffusion_graphtools_adaptive_nnls::graphtools_adaptive_k_tree_strategy__tree_linkage_method_centroid__r0,True,160,158,158,1,314,0.9936708860759493,0.0031746031746031746,4.410814784566563,1,1,1.0,161,0.0050684732697601495,0.016335737876414277,0.9984022521073735,12720,0.0029065103390577664,0.006328862577593913,0.9999125957521445,interpolation_available,,0.0,4.410814784586629,skipped_leaf_limit,,,,,,
brancharchitect_tree_comparison/v1,dim_consolidated_4c_24f_continuous,23,continuous_dimensional_gaussian_examples,average,complete,tbs_diffusion_graphtools_adaptive_nnls::graphtools_adaptive_k_tree_strategy__tree_linkage_method_average__r0,tbs_diffusion_graphtools_adaptive_nnls::graphtools_adaptive_k_tree_strategy__tree_linkage_method_complete__r0,True,160,158,158,158,0,0.0,1.0,0.0,1,1,1.0,318,0.0,0.0,1.0,12720,0.0,0.0,1.0,interpolation_available,,0.0,0.0,skipped_leaf_limit,,,,,,
brancharchitect_tree_comparison/v1,dim_consolidated_4c_24f_continuous,23,continuous_dimensional_gaussian_examples,average,median,tbs_diffusion_graphtools_adaptive_nnls::graphtools_adaptive_k_tree_strategy__tree_linkage_method_average__r0,tbs_diffusion_graphtools_adaptive_nnls::graphtools_adaptive_k_tree_strategy__tree_linkage_method_median__r0,True,160,158,158,1,314,0.9936708860759493,0.0031746031746031746,4.410814784566563,1,1,1.0,161,0.0050684732697601495,0.016335737876414277,0.9984022521073735,12720,0.0029065103390577664,0.006328862577593913,0.9999125957521445,interpolation_available,,0.0,4.410814784586629,skipped_leaf_limit,,,,,,
brancharchitect_tree_comparison/v1,dim_consolidated_4c_24f_continuous,23,continuous_dimensional_gaussian_examples,average,single,tbs_diffusion_graphtools_adaptive_nnls::graphtools_adaptive_k_tree_strategy__tree_linkage_method_average__r0,tbs_diffusion_graphtools_adaptive_nnls::graphtools_adaptive_k_tree_strategy__tree_linkage_method_single__r0,True,160,158,158,158,0,0.0,1.0,0.0,1,1,1.0,318,0.0,0.0,1.0,12720,0.0,0.0,1.0,interpolation_available,,0.0,0.0,skipped_leaf_limit,,,,,,
brancharchitect_tree_comparison/v1,dim_consolidated_4c_24f_continuous,23,continuous_dimensional_gaussian_examples,average,ward,tbs_diffusion_graphtools_adaptive_nnls::graphtools_adaptive_k_tree_strategy__tree_linkage_method_average__r0,tbs_diffusion_graphtools_adaptive_nnls::graphtools_adaptive_k_tree_strategy__tree_linkage_method_ward__r0,True,160,158,158,158,0,0.0,1.0,0.0,1,1,1.0,318,0.0,0.0,1.0,12720,0.0,0.0,1.0,interpolation_available,,0.0,0.0,skipped_leaf_limit,,,,,,
brancharchitect_tree_comparison/v1,dim_consolidated_4c_24f_continuous,23,continuous_dimensional_gaussian_examples,average,weighted,tbs_diffusion_graphtools_adaptive_nnls::graphtools_adaptive_k_tree_strategy__tree_linkage_method_average__r0,tbs_diffusion_graphtools_adaptive_nnls::graphtools_adaptive_k_tree_strategy__tree_linkage_method_weighted__r0,True,160,158,158,158,0,0.0,1.0,0.0,1,1,1.0,318,0.0,0.0,1.0,12720,0.0,0.0,1.0,interpolation_available,,0.0,0.0,skipped_leaf_limit,,,,,,
brancharchitect_tree_comparison/v1,dim_consolidated_4c_24f_continuous,23,continuous_dimensional_gaussian_examples,centroid,complete,tbs_diffusion_graphtools_adaptive_nnls::graphtools_adaptive_k_tree_strategy__tree_linkage_method_centroid__r0,tbs_diffusion_graphtools_adaptive_nnls::graphtools_adaptive_k_tree_strategy__tree_linkage_method_complete__r0,True,160,158,158,1,314,0.9936708860759493,0.0031746031746031746,4.410814784566565,1,1,1.0,161,0.0050684732697601495,0.016335737876414277,0.9984022521073738,12720,0.0029065103390577664,0.006328862577593913,0.9999125957521445,interpolation_available,,0.0,4.410814784586628,skipped_leaf_limit,,,,,,
brancharchitect_tree_comparison/v1,dim_consolidated_4c_24f_continuous,23,continuous_dimensional_gaussian_examples,centroid,median,tbs_diffusion_graphtools_adaptive_nnls::graphtools_adaptive_k_tree_strategy__tree_linkage_method_centroid__r0,tbs_diffusion_graphtools_adaptive_nnls::graphtools_adaptive_k_tree_strategy__tree_linkage_method_median__r0,True,160,158,158,158,0,0.0,1.0,0.0,1,1,1.0,318,0.0,0.0,0.9999999999999999,12720,0.0,0.0,0.9999999999999999,interpolation_available,,0.0,0.0,skipped_leaf_limit,,,,,,
brancharchitect_tree_comparison/v1,dim_consolidated_4c_24f_continuous,23,continuous_dimensional_gaussian_examples,centroid,single,tbs_diffusion_graphtools_adaptive_nnls::graphtools_adaptive_k_tree_strategy__tree_linkage_method_centroid__r0,tbs_diffusion_graphtools_adaptive_nnls::graphtools_adaptive_k_tree_strategy__tree_linkage_method_single__r0,True,160,158,158,1,314,0.9936708860759493,0.0031746031746031746,4.410814784566565,1,1,1.0,161,0.0050684732697601495,0.016335737876414277,0.9984022521073738,12720,0.0029065103390577664,0.006328862577593913,0.9999125957521445,interpolation_available,,0.0,4.410814784586628,skipped_leaf_limit,,,,,,
brancharchitect_tree_comparison/v1,dim_consolidated_4c_24f_continuous,23,continuous_dimensional_gaussian_examples,centroid,ward,tbs_diffusion_graphtools_adaptive_nnls::graphtools_adaptive_k_tree_strategy__tree_linkage_method_centroid__r0,tbs_diffusion_graphtools_adaptive_nnls::graphtools_adaptive_k_tree_strategy__tree_linkage_method_ward__r0,True,160,158,158,1,314,0.9936708860759493,0.0031746031746031746,4.410814784566565,1,1,1.0,161,0.0050684732697601495,0.016335737876414277,0.9984022521073738,12720,0.0029065103390577664,0.006328862577593913,0.9999125957521445,interpolation_available,,0.0,4.410814784586628,skipped_leaf_limit,,,,,,
brancharchitect_tree_comparison/v1,dim_consolidated_4c_24f_continuous,23,continuous_dimensional_gaussian_examples,centroid,weighted,tbs_diffusion_graphtools_adaptive_nnls::graphtools_adaptive_k_tree_strategy__tree_linkage_method_centroid__r0,tbs_diffusion_graphtools_adaptive_nnls::graphtools_adaptive_k_tree_strategy__tree_linkage_method_weighted__r0,True,160,158,158,1,314,0.9936708860759493,0.0031746031746031746,4.410814784566565,1,1,1.0,161,0.0050684732697601495,0.016335737876414277,0.9984022521073738,12720,0.0029065103390577664,0.006328862577593913,0.9999125957521445,interpolation_available,,0.0,4.410814784586628,skipped_leaf_limit,,,,,,
brancharchitect_tree_comparison/v1,dim_consolidated_4c_24f_continuous,23,continuous_dimensional_gaussian_examples,complete,median,tbs_diffusion_graphtools_adaptive_nnls::graphtools_adaptive_k_tree_strategy__tree_linkage_method_complete__r0,tbs_diffusion_graphtools_adaptive_nnls::graphtools_adaptive_k_tree_strategy__tree_linkage_method_median__r0,True,160,158,158,1,314,0.9936708860759493,0.0031746031746031746,4.410814784566563,1,1,1.0,161,0.0050684732697601495,0.016335737876414277,0.9984022521073735,12720,0.0029065103390577664,0.006328862577593913,0.9999125957521445,interpolation_available,,0.0,4.410814784586629,skipped_leaf_limit,,,,,,
brancharchitect_tree_comparison/v1,dim_consolidated_4c_24f_continuous,23,continuous_dimensional_gaussian_examples,complete,single,tbs_diffusion_graphtools_adaptive_nnls::graphtools_adaptive_k_tree_strategy__tree_linkage_method_complete__r0,tbs_diffusion_graphtools_adaptive_nnls::graphtools_adaptive_k_tree_strategy__tree_linkage_method_single__r0,True,160,158,158,158,0,0.0,1.0,0.0,1,1,1.0,318,0.0,0.0,1.0,12720,0.0,0.0,1.0,interpolation_available,,0.0,0.0,skipped_leaf_limit,,,,,,
brancharchitect_tree_comparison/v1,dim_consolidated_4c_24f_continuous,23,continuous_dimensional_gaussian_examples,complete,ward,tbs_diffusion_graphtools_adaptive_nnls::graphtools_adaptive_k_tree_strategy__tree_linkage_method_complete__r0,tbs_diffusion_graphtools_adaptive_nnls::graphtools_adaptive_k_tree_strategy__tree_linkage_method_ward__r0,True,160,158,158,158,0,0.0,1.0,0.0,1,1,1.0,318,0.0,0.0,1.0,12720,0.0,0.0,1.0,interpolation_available,,0.0,0.0,skipped_leaf_limit,,,,,,
brancharchitect_tree_comparison/v1,dim_consolidated_4c_24f_continuous,23,continuous_dimensional_gaussian_examples,complete,weighted,tbs_diffusion_graphtools_adaptive_nnls::graphtools_adaptive_k_tree_strategy__tree_linkage_method_complete__r0,tbs_diffusion_graphtools_adaptive_nnls::graphtools_adaptive_k_tree_strategy__tree_linkage_method_weighted__r0,True,160,158,158,158,0,0.0,1.0,0.0,1,1,1.0,318,0.0,0.0,1.0,12720,0.0,0.0,1.0,interpolation_available,,0.0,0.0,skipped_leaf_limit,,,,,,
brancharchitect_tree_comparison/v1,dim_consolidated_4c_24f_continuous,23,continuous_dimensional_gaussian_examples,median,single,tbs_diffusion_graphtools_adaptive_nnls::graphtools_adaptive_k_tree_strategy__tree_linkage_method_median__r0,tbs_diffusion_graphtools_adaptive_nnls::graphtools_adaptive_k_tree_strategy__tree_linkage_method_single__r0,True,160,158,158,1,314,0.9936708860759493,0.0031746031746031746,4.410814784566565,1,1,1.0,161,0.0050684732697601495,0.016335737876414277,0.9984022521073738,12720,0.0029065103390577664,0.006328862577593913,0.9999125957521445,interpolation_available,,0.0,4.410814784586628,skipped_leaf_limit,,,,,,
brancharchitect_tree_comparison/v1,dim_consolidated_4c_24f_continuous,23,continuous_dimensional_gaussian_examples,median,ward,tbs_diffusion_graphtools_adaptive_nnls::graphtools_adaptive_k_tree_strategy__tree_linkage_method_median__r0,tbs_diffusion_graphtools_adaptive_nnls::graphtools_adaptive_k_tree_strategy__tree_linkage_method_ward__r0,True,160,158,158,1,314,0.9936708860759493,0.0031746031746031746,4.410814784566565,1,1,1.0,161,0.0050684732697601495,0.016335737876414277,0.9984022521073738,12720,0.0029065103390577664,0.006328862577593913,0.9999125957521445,interpolation_available,,0.0,4.410814784586628,skipped_leaf_limit,,,,,,
brancharchitect_tree_comparison/v1,dim_consolidated_4c_24f_continuous,23,continuous_dimensional_gaussian_examples,median,weighted,tbs_diffusion_graphtools_adaptive_nnls::graphtools_adaptive_k_tree_strategy__tree_linkage_method_median__r0,tbs_diffusion_graphtools_adaptive_nnls::graphtools_adaptive_k_tree_strategy__tree_linkage_method_weighted__r0,True,160,158,158,1,314,0.9936708860759493,0.0031746031746031746,4.410814784566565,1,1,1.0,161,0.0050684732697601495,0.016335737876414277,0.9984022521073738,12720,0.0029065103390577664,0.006328862577593913,0.9999125957521445,interpolation_available,,0.0,4.410814784586628,skipped_leaf_limit,,,,,,
brancharchitect_tree_comparison/v1,dim_consolidated_4c_24f_continuous,23,continuous_dimensional_gaussian_examples,single,ward,tbs_diffusion_graphtools_adaptive_nnls::graphtools_adaptive_k_tree_strategy__tree_linkage_method_single__r0,tbs_diffusion_graphtools_adaptive_nnls::graphtools_adaptive_k_tree_strategy__tree_linkage_method_ward__r0,True,160,158,158,158,0,0.0,1.0,0.0,1,1,1.0,318,0.0,0.0,1.0,12720,0.0,0.0,1.0,interpolation_available,,0.0,0.0,skipped_leaf_limit,,,,,,
brancharchitect_tree_comparison/v1,dim_consolidated_4c_24f_continuous,23,continuous_dimensional_gaussian_examples,single,weighted,tbs_diffusion_graphtools_adaptive_nnls::graphtools_adaptive_k_tree_strategy__tree_linkage_method_single__r0,tbs_diffusion_graphtools_adaptive_nnls::graphtools_adaptive_k_tree_strategy__tree_linkage_method_weighted__r0,True,160,158,158,158,0,0.0,1.0,0.0,1,1,1.0,318,0.0,0.0,1.0,12720,0.0,0.0,1.0,interpolation_available,,0.0,0.0,skipped_leaf_limit,,,,,,
brancharchitect_tree_comparison/v1,dim_consolidated_4c_24f_continuous,23,continuous_dimensional_gaussian_examples,ward,weighted,tbs_diffusion_graphtools_adaptive_nnls::graphtools_adaptive_k_tree_strategy__tree_linkage_method_ward__r0,tbs_diffusion_graphtools_adaptive_nnls::graphtools_adaptive_k_tree_strategy__tree_linkage_method_weighted__r0,True,160,158,158,158,0,0.0,1.0,0.0,1,1,1.0,318,0.0,0.0,1.0,12720,0.0,0.0,1.0,interpolation_available,,0.0,0.0,skipped_leaf_limit,,,,,,
brancharchitect_tree_comparison/v1,dim_consolidated_4c_72f_continuous,24,continuous_dimensional_gaussian_examples,average,centroid,tbs_diffusion_graphtools_adaptive_nnls::graphtools_adaptive_k_tree_strategy__tree_linkage_method_average__r0,tbs_diffusion_graphtools_adaptive_nnls::graphtools_adaptive_k_tree_strategy__tree_linkage_method_centroid__r0,True,160,158,158,1,314,0.9936708860759493,0.0031746031746031746,2.9067060074132227,1,1,1.0,161,0.005422721054109495,0.021631443301097793,0.99622288633534,12720,0.002557158297372791,0.003929623818819106,0.9999370157238037,interpolation_available,,0.0,2.9067060074107176,skipped_leaf_limit,,,,,,
brancharchitect_tree_comparison/v1,dim_consolidated_4c_72f_continuous,24,continuous_dimensional_gaussian_examples,average,complete,tbs_diffusion_graphtools_adaptive_nnls::graphtools_adaptive_k_tree_strategy__tree_linkage_method_average__r0,tbs_diffusion_graphtools_adaptive_nnls::graphtools_adaptive_k_tree_strategy__tree_linkage_method_complete__r0,True,160,158,158,158,0,0.0,1.0,0.0,1,1,1.0,318,0.0,0.0,1.0,12720,0.0,0.0,1.0,interpolation_available,,0.0,0.0,skipped_leaf_limit,,,,,,
brancharchitect_tree_comparison/v1,dim_consolidated_4c_72f_continuous,24,continuous_dimensional_gaussian_examples,average,median,tbs_diffusion_graphtools_adaptive_nnls::graphtools_adaptive_k_tree_strategy__tree_linkage_method_average__r0,tbs_diffusion_graphtools_adaptive_nnls::graphtools_adaptive_k_tree_strategy__tree_linkage_method_median__r0,True,160,158,158,1,314,0.9936708860759493,0.0031746031746031746,2.9067060074132227,1,1,1.0,161,0.005422721054109495,0.021631443301097793,0.99622288633534,12720,0.002557158297372791,0.003929623818819106,0.9999370157238037,interpolation_available,,0.0,2.9067060074107176,skipped_leaf_limit,,,,,,
brancharchitect_tree_comparison/v1,dim_consolidated_4c_72f_continuous,24,continuous_dimensional_gaussian_examples,average,single,tbs_diffusion_graphtools_adaptive_nnls::graphtools_adaptive_k_tree_strategy__tree_linkage_method_average__r0,tbs_diffusion_graphtools_adaptive_nnls::graphtools_adaptive_k_tree_strategy__tree_linkage_method_single__r0,True,160,158,158,158,0,0.0,1.0,0.0,1,1,1.0,318,0.0,0.0,1.0,12720,0.0,0.0,1.0,interpolation_available,,0.0,0.0,skipped_leaf_limit,,,,,,
brancharchitect_tree_comparison/v1,dim_consolidated_4c_72f_continuous,24,continuous_dimensional_gaussian_examples,average,ward,tbs_diffusion_graphtools_adaptive_nnls::graphtools_adaptive_k_tree_strategy__tree_linkage_method_average__r0,tbs_diffusion_graphtools_adaptive_nnls::graphtools_adaptive_k_tree_strategy__tree_linkage_method_ward__r0,True,160,158,158,158,0,0.0,1.0,0.0,1,1,1.0,318,0.0,0.0,1.0,12720,0.0,0.0,1.0,interpolation_available,,0.0,0.0,skipped_leaf_limit,,,,,,
brancharchitect_tree_comparison/v1,dim_consolidated_4c_72f_continuous,24,continuous_dimensional_gaussian_examples,average,weighted,tbs_diffusion_graphtools_adaptive_nnls::graphtools_adaptive_k_tree_strategy__tree_linkage_method_average__r0,tbs_diffusion_graphtools_adaptive_nnls::graphtools_adaptive_k_tree_strategy__tree_linkage_method_weighted__r0,True,160,158,158,158,0,0.0,1.0,0.0,1,1,1.0,318,0.0,0.0,1.0,12720,0.0,0.0,1.0,interpolation_available,,0.0,0.0,skipped_leaf_limit,,,,,,
brancharchitect_tree_comparison/v1,dim_consolidated_4c_72f_continuous,24,continuous_dimensional_gaussian_examples,centroid,complete,tbs_diffusion_graphtools_adaptive_nnls::graphtools_adaptive_k_tree_strategy__tree_linkage_method_centroid__r0,tbs_diffusion_graphtools_adaptive_nnls::graphtools_adaptive_k_tree_strategy__tree_linkage_method_complete__r0,True,160,158,158,1,314,0.9936708860759493,0.0031746031746031746,2.9067060074132236,1,1,1.0,161,0.005422721054109495,0.021631443301097793,0.99622288633534,12720,0.002557158297372791,0.003929623818819106,0.9999370157238037,interpolation_available,,0.0,2.906706007410719,skipped_leaf_limit,,,,,,
brancharchitect_tree_comparison/v1,dim_consolidated_4c_72f_continuous,24,continuous_dimensional_gaussian_examples,centroid,median,tbs_diffusion_graphtools_adaptive_nnls::graphtools_adaptive_k_tree_strategy__tree_linkage_method_centroid__r0,tbs_diffusion_graphtools_adaptive_nnls::graphtools_adaptive_k_tree_strategy__tree_linkage_method_median__r0,True,160,158,158,158,0,0.0,1.0,0.0,1,1,1.0,318,0.0,0.0,1.0,12720,0.0,0.0,1.0,interpolation_available,,0.0,0.0,skipped_leaf_limit,,,,,,
brancharchitect_tree_comparison/v1,dim_consolidated_4c_72f_continuous,24,continuous_dimensional_gaussian_examples,centroid,single,tbs_diffusion_graphtools_adaptive_nnls::graphtools_adaptive_k_tree_strategy__tree_linkage_method_centroid__r0,tbs_diffusion_graphtools_adaptive_nnls::graphtools_adaptive_k_tree_strategy__tree_linkage_method_single__r0,True,160,158,158,1,314,0.9936708860759493,0.0031746031746031746,2.9067060074132236,1,1,1.0,161,0.005422721054109495,0.021631443301097793,0.99622288633534,12720,0.002557158297372791,0.003929623818819106,0.9999370157238037,interpolation_available,,0.0,2.906706007410719,skipped_leaf_limit,,,,,,
brancharchitect_tree_comparison/v1,dim_consolidated_4c_72f_continuous,24,continuous_dimensional_gaussian_examples,centroid,ward,tbs_diffusion_graphtools_adaptive_nnls::graphtools_adaptive_k_tree_strategy__tree_linkage_method_centroid__r0,tbs_diffusion_graphtools_adaptive_nnls::graphtools_adaptive_k_tree_strategy__tree_linkage_method_ward__r0,True,160,158,158,1,314,0.9936708860759493,0.0031746031746031746,2.9067060074132236,1,1,1.0,161,0.005422721054109495,0.021631443301097793,0.99622288633534,12720,0.002557158297372791,0.003929623818819106,0.9999370157238037,interpolation_available,,0.0,2.906706007410719,skipped_leaf_limit,,,,,,
brancharchitect_tree_comparison/v1,dim_consolidated_4c_72f_continuous,24,continuous_dimensional_gaussian_examples,centroid,weighted,tbs_diffusion_graphtools_adaptive_nnls::graphtools_adaptive_k_tree_strategy__tree_linkage_method_centroid__r0,tbs_diffusion_graphtools_adaptive_nnls::graphtools_adaptive_k_tree_strategy__tree_linkage_method_weighted__r0,True,160,158,158,1,314,0.9936708860759493,0.0031746031746031746,2.9067060074132236,1,1,1.0,161,0.005422721054109495,0.021631443301097793,0.99622288633534,12720,0.002557158297372791,0.003929623818819106,0.9999370157238037,interpolation_available,,0.0,2.906706007410719,skipped_leaf_limit,,,,,,
brancharchitect_tree_comparison/v1,dim_consolidated_4c_72f_continuous,24,continuous_dimensional_gaussian_examples,complete,median,tbs_diffusion_graphtools_adaptive_nnls::graphtools_adaptive_k_tree_strategy__tree_linkage_method_complete__r0,tbs_diffusion_graphtools_adaptive_nnls::graphtools_adaptive_k_tree_strategy__tree_linkage_method_median__r0,True,160,158,158,1,314,0.9936708860759493,0.0031746031746031746,2.9067060074132227,1,1,1.0,161,0.005422721054109495,0.021631443301097793,0.99622288633534,12720,0.002557158297372791,0.003929623818819106,0.9999370157238037,interpolation_available,,0.0,2.9067060074107176,skipped_leaf_limit,,,,,,
brancharchitect_tree_comparison/v1,dim_consolidated_4c_72f_continuous,24,continuous_dimensional_gaussian_examples,complete,single,tbs_diffusion_graphtools_adaptive_nnls::graphtools_adaptive_k_tree_strategy__tree_linkage_method_complete__r0,tbs_diffusion_graphtools_adaptive_nnls::graphtools_adaptive_k_tree_strategy__tree_linkage_method_single__r0,True,160,158,158,158,0,0.0,1.0,0.0,1,1,1.0,318,0.0,0.0,1.0,12720,0.0,0.0,1.0,interpolation_available,,0.0,0.0,skipped_leaf_limit,,,,,,
brancharchitect_tree_comparison/v1,dim_consolidated_4c_72f_continuous,24,continuous_dimensional_gaussian_examples,complete,ward,tbs_diffusion_graphtools_adaptive_nnls::graphtools_adaptive_k_tree_strategy__tree_linkage_method_complete__r0,tbs_diffusion_graphtools_adaptive_nnls::graphtools_adaptive_k_tree_strategy__tree_linkage_method_ward__r0,True,160,158,158,158,0,0.0,1.0,0.0,1,1,1.0,318,0.0,0.0,1.0,12720,0.0,0.0,1.0,interpolation_available,,0.0,0.0,skipped_leaf_limit,,,,,,
brancharchitect_tree_comparison/v1,dim_consolidated_4c_72f_continuous,24,continuous_dimensional_gaussian_examples,complete,weighted,tbs_diffusion_graphtools_adaptive_nnls::graphtools_adaptive_k_tree_strategy__tree_linkage_method_complete__r0,tbs_diffusion_graphtools_adaptive_nnls::graphtools_adaptive_k_tree_strategy__tree_linkage_method_weighted__r0,True,160,158,158,158,0,0.0,1.0,0.0,1,1,1.0,318,0.0,0.0,1.0,12720,0.0,0.0,1.0,interpolation_available,,0.0,0.0,skipped_leaf_limit,,,,,,
brancharchitect_tree_comparison/v1,dim_consolidated_4c_72f_continuous,24,continuous_dimensional_gaussian_examples,median,single,tbs_diffusion_graphtools_adaptive_nnls::graphtools_adaptive_k_tree_strategy__tree_linkage_method_median__r0,tbs_diffusion_graphtools_adaptive_nnls::graphtools_adaptive_k_tree_strategy__tree_linkage_method_single__r0,True,160,158,158,1,314,0.9936708860759493,0.0031746031746031746,2.9067060074132236,1,1,1.0,161,0.005422721054109495,0.021631443301097793,0.99622288633534,12720,0.002557158297372791,0.003929623818819106,0.9999370157238037,interpolation_available,,0.0,2.906706007410719,skipped_leaf_limit,,,,,,
brancharchitect_tree_comparison/v1,dim_consolidated_4c_72f_continuous,24,continuous_dimensional_gaussian_examples,median,ward,tbs_diffusion_graphtools_adaptive_nnls::graphtools_adaptive_k_tree_strategy__tree_linkage_method_median__r0,tbs_diffusion_graphtools_adaptive_nnls::graphtools_adaptive_k_tree_strategy__tree_linkage_method_ward__r0,True,160,158,158,1,314,0.9936708860759493,0.0031746031746031746,2.9067060074132236,1,1,1.0,161,0.005422721054109495,0.021631443301097793,0.99622288633534,12720,0.002557158297372791,0.003929623818819106,0.9999370157238037,interpolation_available,,0.0,2.906706007410719,skipped_leaf_limit,,,,,,
brancharchitect_tree_comparison/v1,dim_consolidated_4c_72f_continuous,24,continuous_dimensional_gaussian_examples,median,weighted,tbs_diffusion_graphtools_adaptive_nnls::graphtools_adaptive_k_tree_strategy__tree_linkage_method_median__r0,tbs_diffusion_graphtools_adaptive_nnls::graphtools_adaptive_k_tree_strategy__tree_linkage_method_weighted__r0,True,160,158,158,1,314,0.9936708860759493,0.0031746031746031746,2.9067060074132236,1,1,1.0,161,0.005422721054109495,0.021631443301097793,0.99622288633534,12720,0.002557158297372791,0.003929623818819106,0.9999370157238037,interpolation_available,,0.0,2.906706007410719,skipped_leaf_limit,,,,,,
brancharchitect_tree_comparison/v1,dim_consolidated_4c_72f_continuous,24,continuous_dimensional_gaussian_examples,single,ward,tbs_diffusion_graphtools_adaptive_nnls::graphtools_adaptive_k_tree_strategy__tree_linkage_method_single__r0,tbs_diffusion_graphtools_adaptive_nnls::graphtools_adaptive_k_tree_strategy__tree_linkage_method_ward__r0,True,160,158,158,158,0,0.0,1.0,0.0,1,1,1.0,318,0.0,0.0,1.0,12720,0.0,0.0,1.0,interpolation_available,,0.0,0.0,skipped_leaf_limit,,,,,,
brancharchitect_tree_comparison/v1,dim_consolidated_4c_72f_continuous,24,continuous_dimensional_gaussian_examples,single,weighted,tbs_diffusion_graphtools_adaptive_nnls::graphtools_adaptive_k_tree_strategy__tree_linkage_method_single__r0,tbs_diffusion_graphtools_adaptive_nnls::graphtools_adaptive_k_tree_strategy__tree_linkage_method_weighted__r0,True,160,158,158,158,0,0.0,1.0,0.0,1,1,1.0,318,0.0,0.0,1.0,12720,0.0,0.0,1.0,interpolation_available,,0.0,0.0,skipped_leaf_limit,,,,,,
brancharchitect_tree_comparison/v1,dim_consolidated_4c_72f_continuous,24,continuous_dimensional_gaussian_examples,ward,weighted,tbs_diffusion_graphtools_adaptive_nnls::graphtools_adaptive_k_tree_strategy__tree_linkage_method_ward__r0,tbs_diffusion_graphtools_adaptive_nnls::graphtools_adaptive_k_tree_strategy__tree_linkage_method_weighted__r0,True,160,158,158,158,0,0.0,1.0,0.0,1,1,1.0,318,0.0,0.0,1.0,12720,0.0,0.0,1.0,interpolation_available,,0.0,0.0,skipped_leaf_limit,,,,,,
brancharchitect_tree_comparison/v1,dim_diffuse_6c_136f_continuous,25,continuous_dimensional_gaussian_examples,average,centroid,tbs_diffusion_graphtools_adaptive_nnls::graphtools_adaptive_k_tree_strategy__tree_linkage_method_average__r0,tbs_diffusion_graphtools_adaptive_nnls::graphtools_adaptive_k_tree_strategy__tree_linkage_method_centroid__r0,True,180,178,178,1,354,0.9943820224719101,0.0028169014084507044,2.4940319490779657,1,1,1.0,181,0.0035709933068223047,0.02280958822569166,0.9901462764592637,16110,0.0016967803035716554,0.0023598987827507783,0.9999343943188829,interpolation_available,,0.0,2.494031949094997,skipped_leaf_limit,,,,,,
brancharchitect_tree_comparison/v1,dim_diffuse_6c_136f_continuous,25,continuous_dimensional_gaussian_examples,average,complete,tbs_diffusion_graphtools_adaptive_nnls::graphtools_adaptive_k_tree_strategy__tree_linkage_method_average__r0,tbs_diffusion_graphtools_adaptive_nnls::graphtools_adaptive_k_tree_strategy__tree_linkage_method_complete__r0,True,180,178,178,178,0,0.0,1.0,0.0,1,1,1.0,358,0.0,0.0,0.9999999999999999,16110,0.0,0.0,0.9999999999999999,interpolation_available,,0.0,0.0,skipped_leaf_limit,,,,,,
brancharchitect_tree_comparison/v1,dim_diffuse_6c_136f_continuous,25,continuous_dimensional_gaussian_examples,average,median,tbs_diffusion_graphtools_adaptive_nnls::graphtools_adaptive_k_tree_strategy__tree_linkage_method_average__r0,tbs_diffusion_graphtools_adaptive_nnls::graphtools_adaptive_k_tree_strategy__tree_linkage_method_median__r0,True,180,178,178,1,354,0.9943820224719101,0.0028169014084507044,2.4940319490779657,1,1,1.0,181,0.0035709933068223047,0.02280958822569166,0.9901462764592637,16110,0.0016967803035716554,0.0023598987827507783,0.9999343943188829,interpolation_available,,0.0,2.494031949094997,skipped_leaf_limit,,,,,,
brancharchitect_tree_comparison/v1,dim_diffuse_6c_136f_continuous,25,continuous_dimensional_gaussian_examples,average,single,tbs_diffusion_graphtools_adaptive_nnls::graphtools_adaptive_k_tree_strategy__tree_linkage_method_average__r0,tbs_diffusion_graphtools_adaptive_nnls::graphtools_adaptive_k_tree_strategy__tree_linkage_method_single__r0,True,180,178,178,178,0,0.0,1.0,0.0,1,1,1.0,358,0.0,0.0,0.9999999999999999,16110,0.0,0.0,0.9999999999999999,interpolation_available,,0.0,0.0,skipped_leaf_limit,,,,,,
brancharchitect_tree_comparison/v1,dim_diffuse_6c_136f_continuous,25,continuous_dimensional_gaussian_examples,average,ward,tbs_diffusion_graphtools_adaptive_nnls::graphtools_adaptive_k_tree_strategy__tree_linkage_method_average__r0,tbs_diffusion_graphtools_adaptive_nnls::graphtools_adaptive_k_tree_strategy__tree_linkage_method_ward__r0,True,180,178,178,178,0,0.0,1.0,0.0,1,1,1.0,358,0.0,0.0,0.9999999999999999,16110,0.0,0.0,0.9999999999999999,interpolation_available,,0.0,0.0,skipped_leaf_limit,,,,,,
brancharchitect_tree_comparison/v1,dim_diffuse_6c_136f_continuous,25,continuous_dimensional_gaussian_examples,average,weighted,tbs_diffusion_graphtools_adaptive_nnls::graphtools_adaptive_k_tree_strategy__tree_linkage_method_average__r0,tbs_diffusion_graphtools_adaptive_nnls::graphtools_adaptive_k_tree_strategy__tree_linkage_method_weighted__r0,True,180,178,178,178,0,0.0,1.0,0.0,1,1,1.0,358,0.0,0.0,0.9999999999999999,16110,0.0,0.0,0.9999999999999999,interpolation_available,,0.0,0.0,skipped_leaf_limit,,,,,,
brancharchitect_tree_comparison/v1,dim_diffuse_6c_136f_continuous,25,continuous_dimensional_gaussian_examples,centroid,complete,tbs_diffusion_graphtools_adaptive_nnls::graphtools_adaptive_k_tree_strategy__tree_linkage_method_centroid__r0,tbs_diffusion_graphtools_adaptive_nnls::graphtools_adaptive_k_tree_strategy__tree_linkage_method_complete__r0,True,180,178,178,1,354,0.9943820224719101,0.0028169014084507044,2.4940319490779657,1,1,1.0,181,0.0035709933068223047,0.02280958822569166,0.9901462764592638,16110,0.0016967803035716554,0.0023598987827507783,0.9999343943188829,interpolation_available,,0.0,2.494031949094996,skipped_leaf_limit,,,,,,
brancharchitect_tree_comparison/v1,dim_diffuse_6c_136f_continuous,25,continuous_dimensional_gaussian_examples,centroid,median,tbs_diffusion_graphtools_adaptive_nnls::graphtools_adaptive_k_tree_strategy__tree_linkage_method_centroid__r0,tbs_diffusion_graphtools_adaptive_nnls::graphtools_adaptive_k_tree_strategy__tree_linkage_method_median__r0,True,180,178,178,178,0,0.0,1.0,0.0,1,1,1.0,358,0.0,0.0,1.0,16110,0.0,0.0,1.0,interpolation_available,,0.0,0.0,skipped_leaf_limit,,,,,,
brancharchitect_tree_comparison/v1,dim_diffuse_6c_136f_continuous,25,continuous_dimensional_gaussian_examples,centroid,single,tbs_diffusion_graphtools_adaptive_nnls::graphtools_adaptive_k_tree_strategy__tree_linkage_method_centroid__r0,tbs_diffusion_graphtools_adaptive_nnls::graphtools_adaptive_k_tree_strategy__tree_linkage_method_single__r0,True,180,178,178,1,354,0.9943820224719101,0.0028169014084507044,2.4940319490779657,1,1,1.0,181,0.0035709933068223047,0.02280958822569166,0.9901462764592638,16110,0.0016967803035716554,0.0023598987827507783,0.9999343943188829,interpolation_available,,0.0,2.494031949094996,skipped_leaf_limit,,,,,,
brancharchitect_tree_comparison/v1,dim_diffuse_6c_136f_continuous,25,continuous_dimensional_gaussian_examples,centroid,ward,tbs_diffusion_graphtools_adaptive_nnls::graphtools_adaptive_k_tree_strategy__tree_linkage_method_centroid__r0,tbs_diffusion_graphtools_adaptive_nnls::graphtools_adaptive_k_tree_strategy__tree_linkage_method_ward__r0,True,180,178,178,1,354,0.9943820224719101,0.0028169014084507044,2.4940319490779657,1,1,1.0,181,0.0035709933068223047,0.02280958822569166,0.9901462764592638,16110,0.0016967803035716554,0.0023598987827507783,0.9999343943188829,interpolation_available,,0.0,2.494031949094996,skipped_leaf_limit,,,,,,
brancharchitect_tree_comparison/v1,dim_diffuse_6c_136f_continuous,25,continuous_dimensional_gaussian_examples,centroid,weighted,tbs_diffusion_graphtools_adaptive_nnls::graphtools_adaptive_k_tree_strategy__tree_linkage_method_centroid__r0,tbs_diffusion_graphtools_adaptive_nnls::graphtools_adaptive_k_tree_strategy__tree_linkage_method_weighted__r0,True,180,178,178,1,354,0.9943820224719101,0.0028169014084507044,2.4940319490779657,1,1,1.0,181,0.0035709933068223047,0.02280958822569166,0.9901462764592638,16110,0.0016967803035716554,0.0023598987827507783,0.9999343943188829,interpolation_available,,0.0,2.494031949094996,skipped_leaf_limit,,,,,,
brancharchitect_tree_comparison/v1,dim_diffuse_6c_136f_continuous,25,continuous_dimensional_gaussian_examples,complete,median,tbs_diffusion_graphtools_adaptive_nnls::graphtools_adaptive_k_tree_strategy__tree_linkage_method_complete__r0,tbs_diffusion_graphtools_adaptive_nnls::graphtools_adaptive_k_tree_strategy__tree_linkage_method_median__r0,True,180,178,178,1,354,0.9943820224719101,0.0028169014084507044,2.4940319490779657,1,1,1.0,181,0.0035709933068223047,0.02280958822569166,0.9901462764592637,16110,0.0016967803035716554,0.0023598987827507783,0.9999343943188829,interpolation_available,,0.0,2.494031949094997,skipped_leaf_limit,,,,,,
brancharchitect_tree_comparison/v1,dim_diffuse_6c_136f_continuous,25,continuous_dimensional_gaussian_examples,complete,single,tbs_diffusion_graphtools_adaptive_nnls::graphtools_adaptive_k_tree_strategy__tree_linkage_method_complete__r0,tbs_diffusion_graphtools_adaptive_nnls::graphtools_adaptive_k_tree_strategy__tree_linkage_method_single__r0,True,180,178,178,178,0,0.0,1.0,0.0,1,1,1.0,358,0.0,0.0,0.9999999999999999,16110,0.0,0.0,0.9999999999999999,interpolation_available,,0.0,0.0,skipped_leaf_limit,,,,,,
brancharchitect_tree_comparison/v1,dim_diffuse_6c_136f_continuous,25,continuous_dimensional_gaussian_examples,complete,ward,tbs_diffusion_graphtools_adaptive_nnls::graphtools_adaptive_k_tree_strategy__tree_linkage_method_complete__r0,tbs_diffusion_graphtools_adaptive_nnls::graphtools_adaptive_k_tree_strategy__tree_linkage_method_ward__r0,True,180,178,178,178,0,0.0,1.0,0.0,1,1,1.0,358,0.0,0.0,0.9999999999999999,16110,0.0,0.0,0.9999999999999999,interpolation_available,,0.0,0.0,skipped_leaf_limit,,,,,,
brancharchitect_tree_comparison/v1,dim_diffuse_6c_136f_continuous,25,continuous_dimensional_gaussian_examples,complete,weighted,tbs_diffusion_graphtools_adaptive_nnls::graphtools_adaptive_k_tree_strategy__tree_linkage_method_complete__r0,tbs_diffusion_graphtools_adaptive_nnls::graphtools_adaptive_k_tree_strategy__tree_linkage_method_weighted__r0,True,180,178,178,178,0,0.0,1.0,0.0,1,1,1.0,358,0.0,0.0,0.9999999999999999,16110,0.0,0.0,0.9999999999999999,interpolation_available,,0.0,0.0,skipped_leaf_limit,,,,,,
brancharchitect_tree_comparison/v1,dim_diffuse_6c_136f_continuous,25,continuous_dimensional_gaussian_examples,median,single,tbs_diffusion_graphtools_adaptive_nnls::graphtools_adaptive_k_tree_strategy__tree_linkage_method_median__r0,tbs_diffusion_graphtools_adaptive_nnls::graphtools_adaptive_k_tree_strategy__tree_linkage_method_single__r0,True,180,178,178,1,354,0.9943820224719101,0.0028169014084507044,2.4940319490779657,1,1,1.0,181,0.0035709933068223047,0.02280958822569166,0.9901462764592638,16110,0.0016967803035716554,0.0023598987827507783,0.9999343943188829,interpolation_available,,0.0,2.494031949094996,skipped_leaf_limit,,,,,,
brancharchitect_tree_comparison/v1,dim_diffuse_6c_136f_continuous,25,continuous_dimensional_gaussian_examples,median,ward,tbs_diffusion_graphtools_adaptive_nnls::graphtools_adaptive_k_tree_strategy__tree_linkage_method_median__r0,tbs_diffusion_graphtools_adaptive_nnls::graphtools_adaptive_k_tree_strategy__tree_linkage_method_ward__r0,True,180,178,178,1,354,0.9943820224719101,0.0028169014084507044,2.4940319490779657,1,1,1.0,181,0.0035709933068223047,0.02280958822569166,0.9901462764592638,16110,0.0016967803035716554,0.0023598987827507783,0.9999343943188829,interpolation_available,,0.0,2.494031949094996,skipped_leaf_limit,,,,,,
brancharchitect_tree_comparison/v1,dim_diffuse_6c_136f_continuous,25,continuous_dimensional_gaussian_examples,median,weighted,tbs_diffusion_graphtools_adaptive_nnls::graphtools_adaptive_k_tree_strategy__tree_linkage_method_median__r0,tbs_diffusion_graphtools_adaptive_nnls::graphtools_adaptive_k_tree_strategy__tree_linkage_method_weighted__r0,True,180,178,178,1,354,0.9943820224719101,0.0028169014084507044,2.4940319490779657,1,1,1.0,181,0.0035709933068223047,0.02280958822569166,0.9901462764592638,16110,0.0016967803035716554,0.0023598987827507783,0.9999343943188829,interpolation_available,,0.0,2.494031949094996,skipped_leaf_limit,,,,,,
brancharchitect_tree_comparison/v1,dim_diffuse_6c_136f_continuous,25,continuous_dimensional_gaussian_examples,single,ward,tbs_diffusion_graphtools_adaptive_nnls::graphtools_adaptive_k_tree_strategy__tree_linkage_method_single__r0,tbs_diffusion_graphtools_adaptive_nnls::graphtools_adaptive_k_tree_strategy__tree_linkage_method_ward__r0,True,180,178,178,178,0,0.0,1.0,0.0,1,1,1.0,358,0.0,0.0,0.9999999999999999,16110,0.0,0.0,0.9999999999999999,interpolation_available,,0.0,0.0,skipped_leaf_limit,,,,,,
brancharchitect_tree_comparison/v1,dim_diffuse_6c_136f_continuous,25,continuous_dimensional_gaussian_examples,single,weighted,tbs_diffusion_graphtools_adaptive_nnls::graphtools_adaptive_k_tree_strategy__tree_linkage_method_single__r0,tbs_diffusion_graphtools_adaptive_nnls::graphtools_adaptive_k_tree_strategy__tree_linkage_method_weighted__r0,True,180,178,178,178,0,0.0,1.0,0.0,1,1,1.0,358,0.0,0.0,0.9999999999999999,16110,0.0,0.0,0.9999999999999999,interpolation_available,,0.0,0.0,skipped_leaf_limit,,,,,,
brancharchitect_tree_comparison/v1,dim_diffuse_6c_136f_continuous,25,continuous_dimensional_gaussian_examples,ward,weighted,tbs_diffusion_graphtools_adaptive_nnls::graphtools_adaptive_k_tree_strategy__tree_linkage_method_ward__r0,tbs_diffusion_graphtools_adaptive_nnls::graphtools_adaptive_k_tree_strategy__tree_linkage_method_weighted__r0,True,180,178,178,178,0,0.0,1.0,0.0,1,1,1.0,358,0.0,0.0,0.9999999999999999,16110,0.0,0.0,0.9999999999999999,interpolation_available,,0.0,0.0,skipped_leaf_limit,,,,,,
brancharchitect_tree_comparison/v1,gauss_single_outlier_4c_continuous,29,continuous_gaussian_outlier_examples,average,centroid,tbs_diffusion_graphtools_adaptive_nnls::graphtools_adaptive_k_tree_strategy__tree_linkage_method_average__r0,tbs_diffusion_graphtools_adaptive_nnls::graphtools_adaptive_k_tree_strategy__tree_linkage_method_centroid__r0,True,161,159,159,1,316,0.9937106918238994,0.0031545741324921135,3.1924585772668563,1,1,1.0,162,0.002606042576671311,0.007211099134830499,0.999673591026862,12880,0.001200994131476859,0.0019512585159139923,0.9999866968574582,interpolation_available,,0.0,3.192458577234123,skipped_leaf_limit,,,,,,
brancharchitect_tree_comparison/v1,gauss_single_outlier_4c_continuous,29,continuous_gaussian_outlier_examples,average,complete,tbs_diffusion_graphtools_adaptive_nnls::graphtools_adaptive_k_tree_strategy__tree_linkage_method_average__r0,tbs_diffusion_graphtools_adaptive_nnls::graphtools_adaptive_k_tree_strategy__tree_linkage_method_complete__r0,True,161,159,159,159,0,0.0,1.0,0.0,1,1,1.0,320,0.0,0.0,1.0,12880,0.0,0.0,0.9999999999999999,interpolation_available,,0.0,0.0,skipped_leaf_limit,,,,,,
brancharchitect_tree_comparison/v1,gauss_single_outlier_4c_continuous,29,continuous_gaussian_outlier_examples,average,median,tbs_diffusion_graphtools_adaptive_nnls::graphtools_adaptive_k_tree_strategy__tree_linkage_method_average__r0,tbs_diffusion_graphtools_adaptive_nnls::graphtools_adaptive_k_tree_strategy__tree_linkage_method_median__r0,True,161,159,159,1,316,0.9937106918238994,0.0031545741324921135,3.1924585772668563,1,1,1.0,162,0.002606042576671311,0.007211099134830499,0.999673591026862,12880,0.001200994131476859,0.0019512585159139923,0.9999866968574582,interpolation_available,,0.0,3.192458577234123,skipped_leaf_limit,,,,,,
brancharchitect_tree_comparison/v1,gauss_single_outlier_4c_continuous,29,continuous_gaussian_outlier_examples,average,single,tbs_diffusion_graphtools_adaptive_nnls::graphtools_adaptive_k_tree_strategy__tree_linkage_method_average__r0,tbs_diffusion_graphtools_adaptive_nnls::graphtools_adaptive_k_tree_strategy__tree_linkage_method_single__r0,True,161,159,159,159,0,0.0,1.0,0.0,1,1,1.0,320,0.0,0.0,1.0,12880,0.0,0.0,0.9999999999999999,interpolation_available,,0.0,0.0,skipped_leaf_limit,,,,,,
brancharchitect_tree_comparison/v1,gauss_single_outlier_4c_continuous,29,continuous_gaussian_outlier_examples,average,ward,tbs_diffusion_graphtools_adaptive_nnls::graphtools_adaptive_k_tree_strategy__tree_linkage_method_average__r0,tbs_diffusion_graphtools_adaptive_nnls::graphtools_adaptive_k_tree_strategy__tree_linkage_method_ward__r0,True,161,159,159,159,0,0.0,1.0,0.0,1,1,1.0,320,0.0,0.0,1.0,12880,0.0,0.0,0.9999999999999999,interpolation_available,,0.0,0.0,skipped_leaf_limit,,,,,,
brancharchitect_tree_comparison/v1,gauss_single_outlier_4c_continuous,29,continuous_gaussian_outlier_examples,average,weighted,tbs_diffusion_graphtools_adaptive_nnls::graphtools_adaptive_k_tree_strategy__tree_linkage_method_average__r0,tbs_diffusion_graphtools_adaptive_nnls::graphtools_adaptive_k_tree_strategy__tree_linkage_method_weighted__r0,True,161,159,159,159,0,0.0,1.0,0.0,1,1,1.0,320,0.0,0.0,1.0,12880,0.0,0.0,0.9999999999999999,interpolation_available,,0.0,0.0,skipped_leaf_limit,,,,,,
brancharchitect_tree_comparison/v1,gauss_single_outlier_4c_continuous,29,continuous_gaussian_outlier_examples,centroid,complete,tbs_diffusion_graphtools_adaptive_nnls::graphtools_adaptive_k_tree_strategy__tree_linkage_method_centroid__r0,tbs_diffusion_graphtools_adaptive_nnls::graphtools_adaptive_k_tree_strategy__tree_linkage_method_complete__r0,True,161,159,159,1,316,0.9937106918238994,0.0031545741324921135,3.1924585772668572,1,1,1.0,162,0.002606042576671311,0.007211099134830499,0.9996735910268622,12880,0.001200994131476859,0.0019512585159139923,0.9999866968574582,interpolation_available,,0.0,3.1924585772341243,skipped_leaf_limit,,,,,,
brancharchitect_tree_comparison/v1,gauss_single_outlier_4c_continuous,29,continuous_gaussian_outlier_examples,centroid,median,tbs_diffusion_graphtools_adaptive_nnls::graphtools_adaptive_k_tree_strategy__tree_linkage_method_centroid__r0,tbs_diffusion_graphtools_adaptive_nnls::graphtools_adaptive_k_tree_strategy__tree_linkage_method_median__r0,True,161,159,159,159,0,0.0,1.0,0.0,1,1,1.0,320,0.0,0.0,0.9999999999999998,12880,0.0,0.0,1.0,interpolation_available,,0.0,0.0,skipped_leaf_limit,,,,,,
brancharchitect_tree_comparison/v1,gauss_single_outlier_4c_continuous,29,continuous_gaussian_outlier_examples,centroid,single,tbs_diffusion_graphtools_adaptive_nnls::graphtools_adaptive_k_tree_strategy__tree_linkage_method_centroid__r0,tbs_diffusion_graphtools_adaptive_nnls::graphtools_adaptive_k_tree_strategy__tree_linkage_method_single__r0,True,161,159,159,1,316,0.9937106918238994,0.0031545741324921135,3.1924585772668572,1,1,1.0,162,0.002606042576671311,0.007211099134830499,0.9996735910268622,12880,0.001200994131476859,0.0019512585159139923,0.9999866968574582,interpolation_available,,0.0,3.1924585772341243,skipped_leaf_limit,,,,,,
brancharchitect_tree_comparison/v1,gauss_single_outlier_4c_continuous,29,continuous_gaussian_outlier_examples,centroid,ward,tbs_diffusion_graphtools_adaptive_nnls::graphtools_adaptive_k_tree_strategy__tree_linkage_method_centroid__r0,tbs_diffusion_graphtools_adaptive_nnls::graphtools_adaptive_k_tree_strategy__tree_linkage_method_ward__r0,True,161,159,159,1,316,0.9937106918238994,0.0031545741324921135,3.1924585772668572,1,1,1.0,162,0.002606042576671311,0.007211099134830499,0.9996735910268622,12880,0.001200994131476859,0.0019512585159139923,0.9999866968574582,interpolation_available,,0.0,3.1924585772341243,skipped_leaf_limit,,,,,,
brancharchitect_tree_comparison/v1,gauss_single_outlier_4c_continuous,29,continuous_gaussian_outlier_examples,centroid,weighted,tbs_diffusion_graphtools_adaptive_nnls::graphtools_adaptive_k_tree_strategy__tree_linkage_method_centroid__r0,tbs_diffusion_graphtools_adaptive_nnls::graphtools_adaptive_k_tree_strategy__tree_linkage_method_weighted__r0,True,161,159,159,1,316,0.9937106918238994,0.0031545741324921135,3.1924585772668572,1,1,1.0,162,0.002606042576671311,0.007211099134830499,0.9996735910268622,12880,0.001200994131476859,0.0019512585159139923,0.9999866968574582,interpolation_available,,0.0,3.1924585772341243,skipped_leaf_limit,,,,,,
brancharchitect_tree_comparison/v1,gauss_single_outlier_4c_continuous,29,continuous_gaussian_outlier_examples,complete,median,tbs_diffusion_graphtools_adaptive_nnls::graphtools_adaptive_k_tree_strategy__tree_linkage_method_complete__r0,tbs_diffusion_graphtools_adaptive_nnls::graphtools_adaptive_k_tree_strategy__tree_linkage_method_median__r0,True,161,159,159,1,316,0.9937106918238994,0.0031545741324921135,3.1924585772668563,1,1,1.0,162,0.002606042576671311,0.007211099134830499,0.999673591026862,12880,0.001200994131476859,0.0019512585159139923,0.9999866968574582,interpolation_available,,0.0,3.192458577234123,skipped_leaf_limit,,,,,,
brancharchitect_tree_comparison/v1,gauss_single_outlier_4c_continuous,29,continuous_gaussian_outlier_examples,complete,single,tbs_diffusion_graphtools_adaptive_nnls::graphtools_adaptive_k_tree_strategy__tree_linkage_method_complete__r0,tbs_diffusion_graphtools_adaptive_nnls::graphtools_adaptive_k_tree_strategy__tree_linkage_method_single__r0,True,161,159,159,159,0,0.0,1.0,0.0,1,1,1.0,320,0.0,0.0,1.0,12880,0.0,0.0,0.9999999999999999,interpolation_available,,0.0,0.0,skipped_leaf_limit,,,,,,
brancharchitect_tree_comparison/v1,gauss_single_outlier_4c_continuous,29,continuous_gaussian_outlier_examples,complete,ward,tbs_diffusion_graphtools_adaptive_nnls::graphtools_adaptive_k_tree_strategy__tree_linkage_method_complete__r0,tbs_diffusion_graphtools_adaptive_nnls::graphtools_adaptive_k_tree_strategy__tree_linkage_method_ward__r0,True,161,159,159,159,0,0.0,1.0,0.0,1,1,1.0,320,0.0,0.0,1.0,12880,0.0,0.0,0.9999999999999999,interpolation_available,,0.0,0.0,skipped_leaf_limit,,,,,,
brancharchitect_tree_comparison/v1,gauss_single_outlier_4c_continuous,29,continuous_gaussian_outlier_examples,complete,weighted,tbs_diffusion_graphtools_adaptive_nnls::graphtools_adaptive_k_tree_strategy__tree_linkage_method_complete__r0,tbs_diffusion_graphtools_adaptive_nnls::graphtools_adaptive_k_tree_strategy__tree_linkage_method_weighted__r0,True,161,159,159,159,0,0.0,1.0,0.0,1,1,1.0,320,0.0,0.0,1.0,12880,0.0,0.0,0.9999999999999999,interpolation_available,,0.0,0.0,skipped_leaf_limit,,,,,,
brancharchitect_tree_comparison/v1,gauss_single_outlier_4c_continuous,29,continuous_gaussian_outlier_examples,median,single,tbs_diffusion_graphtools_adaptive_nnls::graphtools_adaptive_k_tree_strategy__tree_linkage_method_median__r0,tbs_diffusion_graphtools_adaptive_nnls::graphtools_adaptive_k_tree_strategy__tree_linkage_method_single__r0,True,161,159,159,1,316,0.9937106918238994,0.0031545741324921135,3.1924585772668572,1,1,1.0,162,0.002606042576671311,0.007211099134830499,0.9996735910268622,12880,0.001200994131476859,0.0019512585159139923,0.9999866968574582,interpolation_available,,0.0,3.1924585772341243,skipped_leaf_limit,,,,,,
brancharchitect_tree_comparison/v1,gauss_single_outlier_4c_continuous,29,continuous_gaussian_outlier_examples,median,ward,tbs_diffusion_graphtools_adaptive_nnls::graphtools_adaptive_k_tree_strategy__tree_linkage_method_median__r0,tbs_diffusion_graphtools_adaptive_nnls::graphtools_adaptive_k_tree_strategy__tree_linkage_method_ward__r0,True,161,159,159,1,316,0.9937106918238994,0.0031545741324921135,3.1924585772668572,1,1,1.0,162,0.002606042576671311,0.007211099134830499,0.9996735910268622,12880,0.001200994131476859,0.0019512585159139923,0.9999866968574582,interpolation_available,,0.0,3.1924585772341243,skipped_leaf_limit,,,,,,
brancharchitect_tree_comparison/v1,gauss_single_outlier_4c_continuous,29,continuous_gaussian_outlier_examples,median,weighted,tbs_diffusion_graphtools_adaptive_nnls::graphtools_adaptive_k_tree_strategy__tree_linkage_method_median__r0,tbs_diffusion_graphtools_adaptive_nnls::graphtools_adaptive_k_tree_strategy__tree_linkage_method_weighted__r0,True,161,159,159,1,316,0.9937106918238994,0.0031545741324921135,3.1924585772668572,1,1,1.0,162,0.002606042576671311,0.007211099134830499,0.9996735910268622,12880,0.001200994131476859,0.0019512585159139923,0.9999866968574582,interpolation_available,,0.0,3.1924585772341243,skipped_leaf_limit,,,,,,
brancharchitect_tree_comparison/v1,gauss_single_outlier_4c_continuous,29,continuous_gaussian_outlier_examples,single,ward,tbs_diffusion_graphtools_adaptive_nnls::graphtools_adaptive_k_tree_strategy__tree_linkage_method_single__r0,tbs_diffusion_graphtools_adaptive_nnls::graphtools_adaptive_k_tree_strategy__tree_linkage_method_ward__r0,True,161,159,159,159,0,0.0,1.0,0.0,1,1,1.0,320,0.0,0.0,1.0,12880,0.0,0.0,0.9999999999999999,interpolation_available,,0.0,0.0,skipped_leaf_limit,,,,,,
brancharchitect_tree_comparison/v1,gauss_single_outlier_4c_continuous,29,continuous_gaussian_outlier_examples,single,weighted,tbs_diffusion_graphtools_adaptive_nnls::graphtools_adaptive_k_tree_strategy__tree_linkage_method_single__r0,tbs_diffusion_graphtools_adaptive_nnls::graphtools_adaptive_k_tree_strategy__tree_linkage_method_weighted__r0,True,161,159,159,159,0,0.0,1.0,0.0,1,1,1.0,320,0.0,0.0,1.0,12880,0.0,0.0,0.9999999999999999,interpolation_available,,0.0,0.0,skipped_leaf_limit,,,,,,
brancharchitect_tree_comparison/v1,gauss_single_outlier_4c_continuous,29,continuous_gaussian_outlier_examples,ward,weighted,tbs_diffusion_graphtools_adaptive_nnls::graphtools_adaptive_k_tree_strategy__tree_linkage_method_ward__r0,tbs_diffusion_graphtools_adaptive_nnls::graphtools_adaptive_k_tree_strategy__tree_linkage_method_weighted__r0,True,161,159,159,159,0,0.0,1.0,0.0,1,1,1.0,320,0.0,0.0,1.0,12880,0.0,0.0,0.9999999999999999,interpolation_available,,0.0,0.0,skipped_leaf_limit,,,,,,
brancharchitect_tree_comparison/v1,gauss_outlier_cluster_4c_continuous,30,continuous_gaussian_outlier_examples,average,centroid,tbs_diffusion_graphtools_adaptive_nnls::graphtools_adaptive_k_tree_strategy__tree_linkage_method_average__r0,tbs_diffusion_graphtools_adaptive_nnls::graphtools_adaptive_k_tree_strategy__tree_linkage_method_centroid__r0,True,166,164,164,1,326,0.9939024390243902,0.0030581039755351682,2.137954893069727,1,1,1.0,167,0.0042482997324905175,0.026077648417722525,0.9931579495634751,13695,0.002076613851084839,0.0026706402197992202,0.9999754634407906,interpolation_available,,0.0,2.1379548929934256,skipped_leaf_limit,,,,,,
brancharchitect_tree_comparison/v1,gauss_outlier_cluster_4c_continuous,30,continuous_gaussian_outlier_examples,average,complete,tbs_diffusion_graphtools_adaptive_nnls::graphtools_adaptive_k_tree_strategy__tree_linkage_method_average__r0,tbs_diffusion_graphtools_adaptive_nnls::graphtools_adaptive_k_tree_strategy__tree_linkage_method_complete__r0,True,166,164,164,164,0,0.0,1.0,0.0,1,1,1.0,330,0.0,0.0,0.9999999999999998,13695,0.0,0.0,0.9999999999999998,interpolation_available,,0.0,0.0,skipped_leaf_limit,,,,,,
brancharchitect_tree_comparison/v1,gauss_outlier_cluster_4c_continuous,30,continuous_gaussian_outlier_examples,average,median,tbs_diffusion_graphtools_adaptive_nnls::graphtools_adaptive_k_tree_strategy__tree_linkage_method_average__r0,tbs_diffusion_graphtools_adaptive_nnls::graphtools_adaptive_k_tree_strategy__tree_linkage_method_median__r0,True,166,164,164,1,326,0.9939024390243902,0.0030581039755351682,2.137954893069727,1,1,1.0,167,0.0042482997324905175,0.026077648417722525,0.9931579495634751,13695,0.002076613851084839,0.0026706402197992202,0.9999754634407906,interpolation_available,,0.0,2.1379548929934256,skipped_leaf_limit,,,,,,
brancharchitect_tree_comparison/v1,gauss_outlier_cluster_4c_continuous,30,continuous_gaussian_outlier_examples,average,single,tbs_diffusion_graphtools_adaptive_nnls::graphtools_adaptive_k_tree_strategy__tree_linkage_method_average__r0,tbs_diffusion_graphtools_adaptive_nnls::graphtools_adaptive_k_tree_strategy__tree_linkage_method_single__r0,True,166,164,164,164,0,0.0,1.0,0.0,1,1,1.0,330,0.0,0.0,0.9999999999999998,13695,0.0,0.0,0.9999999999999998,interpolation_available,,0.0,0.0,skipped_leaf_limit,,,,,,
brancharchitect_tree_comparison/v1,gauss_outlier_cluster_4c_continuous,30,continuous_gaussian_outlier_examples,average,ward,tbs_diffusion_graphtools_adaptive_nnls::graphtools_adaptive_k_tree_strategy__tree_linkage_method_average__r0,tbs_diffusion_graphtools_adaptive_nnls::graphtools_adaptive_k_tree_strategy__tree_linkage_method_ward__r0,True,166,164,164,164,0,0.0,1.0,0.0,1,1,1.0,330,0.0,0.0,0.9999999999999998,13695,0.0,0.0,0.9999999999999998,interpolation_available,,0.0,0.0,skipped_leaf_limit,,,,,,
brancharchitect_tree_comparison/v1,gauss_outlier_cluster_4c_continuous,30,continuous_gaussian_outlier_examples,average,weighted,tbs_diffusion_graphtools_adaptive_nnls::graphtools_adaptive_k_tree_strategy__tree_linkage_method_average__r0,tbs_diffusion_graphtools_adaptive_nnls::graphtools_adaptive_k_tree_strategy__tree_linkage_method_weighted__r0,True,166,164,164,164,0,0.0,1.0,0.0,1,1,1.0,330,0.0,0.0,0.9999999999999998,13695,0.0,0.0,0.9999999999999998,interpolation_available,,0.0,0.0,skipped_leaf_limit,,,,,,
brancharchitect_tree_comparison/v1,gauss_outlier_cluster_4c_continuous,30,continuous_gaussian_outlier_examples,centroid,complete,tbs_diffusion_graphtools_adaptive_nnls::graphtools_adaptive_k_tree_strategy__tree_linkage_method_centroid__r0,tbs_diffusion_graphtools_adaptive_nnls::graphtools_adaptive_k_tree_strategy__tree_linkage_method_complete__r0,True,166,164,164,1,326,0.9939024390243902,0.0030581039755351682,2.1379548930697276,1,1,1.0,167,0.0042482997324905175,0.026077648417722525,0.9931579495634751,13695,0.002076613851084839,0.0026706402197992202,0.9999754634407906,interpolation_available,,0.0,2.1379548929934256,skipped_leaf_limit,,,,,,
brancharchitect_tree_comparison/v1,gauss_outlier_cluster_4c_continuous,30,continuous_gaussian_outlier_examples,centroid,median,tbs_diffusion_graphtools_adaptive_nnls::graphtools_adaptive_k_tree_strategy__tree_linkage_method_centroid__r0,tbs_diffusion_graphtools_adaptive_nnls::graphtools_adaptive_k_tree_strategy__tree_linkage_method_median__r0,True,166,164,164,164,0,0.0,1.0,0.0,1,1,1.0,330,0.0,0.0,1.0,13695,0.0,0.0,1.0,interpolation_available,,0.0,0.0,skipped_leaf_limit,,,,,,
brancharchitect_tree_comparison/v1,gauss_outlier_cluster_4c_continuous,30,continuous_gaussian_outlier_examples,centroid,single,tbs_diffusion_graphtools_adaptive_nnls::graphtools_adaptive_k_tree_strategy__tree_linkage_method_centroid__r0,tbs_diffusion_graphtools_adaptive_nnls::graphtools_adaptive_k_tree_strategy__tree_linkage_method_single__r0,True,166,164,164,1,326,0.9939024390243902,0.0030581039755351682,2.1379548930697276,1,1,1.0,167,0.0042482997324905175,0.026077648417722525,0.9931579495634751,13695,0.002076613851084839,0.0026706402197992202,0.9999754634407906,interpolation_available,,0.0,2.1379548929934256,skipped_leaf_limit,,,,,,
brancharchitect_tree_comparison/v1,gauss_outlier_cluster_4c_continuous,30,continuous_gaussian_outlier_examples,centroid,ward,tbs_diffusion_graphtools_adaptive_nnls::graphtools_adaptive_k_tree_strategy__tree_linkage_method_centroid__r0,tbs_diffusion_graphtools_adaptive_nnls::graphtools_adaptive_k_tree_strategy__tree_linkage_method_ward__r0,True,166,164,164,1,326,0.9939024390243902,0.0030581039755351682,2.1379548930697276,1,1,1.0,167,0.0042482997324905175,0.026077648417722525,0.9931579495634751,13695,0.002076613851084839,0.0026706402197992202,0.9999754634407906,interpolation_available,,0.0,2.1379548929934256,skipped_leaf_limit,,,,,,
brancharchitect_tree_comparison/v1,gauss_outlier_cluster_4c_continuous,30,continuous_gaussian_outlier_examples,centroid,weighted,tbs_diffusion_graphtools_adaptive_nnls::graphtools_adaptive_k_tree_strategy__tree_linkage_method_centroid__r0,tbs_diffusion_graphtools_adaptive_nnls::graphtools_adaptive_k_tree_strategy__tree_linkage_method_weighted__r0,True,166,164,164,1,326,0.9939024390243902,0.0030581039755351682,2.1379548930697276,1,1,1.0,167,0.0042482997324905175,0.026077648417722525,0.9931579495634751,13695,0.002076613851084839,0.0026706402197992202,0.9999754634407906,interpolation_available,,0.0,2.1379548929934256,skipped_leaf_limit,,,,,,
brancharchitect_tree_comparison/v1,gauss_outlier_cluster_4c_continuous,30,continuous_gaussian_outlier_examples,complete,median,tbs_diffusion_graphtools_adaptive_nnls::graphtools_adaptive_k_tree_strategy__tree_linkage_method_complete__r0,tbs_diffusion_graphtools_adaptive_nnls::graphtools_adaptive_k_tree_strategy__tree_linkage_method_median__r0,True,166,164,164,1,326,0.9939024390243902,0.0030581039755351682,2.137954893069727,1,1,1.0,167,0.0042482997324905175,0.026077648417722525,0.9931579495634751,13695,0.002076613851084839,0.0026706402197992202,0.9999754634407906,interpolation_available,,0.0,2.1379548929934256,skipped_leaf_limit,,,,,,
brancharchitect_tree_comparison/v1,gauss_outlier_cluster_4c_continuous,30,continuous_gaussian_outlier_examples,complete,single,tbs_diffusion_graphtools_adaptive_nnls::graphtools_adaptive_k_tree_strategy__tree_linkage_method_complete__r0,tbs_diffusion_graphtools_adaptive_nnls::graphtools_adaptive_k_tree_strategy__tree_linkage_method_single__r0,True,166,164,164,164,0,0.0,1.0,0.0,1,1,1.0,330,0.0,0.0,0.9999999999999998,13695,0.0,0.0,0.9999999999999998,interpolation_available,,0.0,0.0,skipped_leaf_limit,,,,,,
brancharchitect_tree_comparison/v1,gauss_outlier_cluster_4c_continuous,30,continuous_gaussian_outlier_examples,complete,ward,tbs_diffusion_graphtools_adaptive_nnls::graphtools_adaptive_k_tree_strategy__tree_linkage_method_complete__r0,tbs_diffusion_graphtools_adaptive_nnls::graphtools_adaptive_k_tree_strategy__tree_linkage_method_ward__r0,True,166,164,164,164,0,0.0,1.0,0.0,1,1,1.0,330,0.0,0.0,0.9999999999999998,13695,0.0,0.0,0.9999999999999998,interpolation_available,,0.0,0.0,skipped_leaf_limit,,,,,,
brancharchitect_tree_comparison/v1,gauss_outlier_cluster_4c_continuous,30,continuous_gaussian_outlier_examples,complete,weighted,tbs_diffusion_graphtools_adaptive_nnls::graphtools_adaptive_k_tree_strategy__tree_linkage_method_complete__r0,tbs_diffusion_graphtools_adaptive_nnls::graphtools_adaptive_k_tree_strategy__tree_linkage_method_weighted__r0,True,166,164,164,164,0,0.0,1.0,0.0,1,1,1.0,330,0.0,0.0,0.9999999999999998,13695,0.0,0.0,0.9999999999999998,interpolation_available,,0.0,0.0,skipped_leaf_limit,,,,,,
brancharchitect_tree_comparison/v1,gauss_outlier_cluster_4c_continuous,30,continuous_gaussian_outlier_examples,median,single,tbs_diffusion_graphtools_adaptive_nnls::graphtools_adaptive_k_tree_strategy__tree_linkage_method_median__r0,tbs_diffusion_graphtools_adaptive_nnls::graphtools_adaptive_k_tree_strategy__tree_linkage_method_single__r0,True,166,164,164,1,326,0.9939024390243902,0.0030581039755351682,2.1379548930697276,1,1,1.0,167,0.0042482997324905175,0.026077648417722525,0.9931579495634751,13695,0.002076613851084839,0.0026706402197992202,0.9999754634407906,interpolation_available,,0.0,2.1379548929934256,skipped_leaf_limit,,,,,,
brancharchitect_tree_comparison/v1,gauss_outlier_cluster_4c_continuous,30,continuous_gaussian_outlier_examples,median,ward,tbs_diffusion_graphtools_adaptive_nnls::graphtools_adaptive_k_tree_strategy__tree_linkage_method_median__r0,tbs_diffusion_graphtools_adaptive_nnls::graphtools_adaptive_k_tree_strategy__tree_linkage_method_ward__r0,True,166,164,164,1,326,0.9939024390243902,0.0030581039755351682,2.1379548930697276,1,1,1.0,167,0.0042482997324905175,0.026077648417722525,0.9931579495634751,13695,0.002076613851084839,0.0026706402197992202,0.9999754634407906,interpolation_available,,0.0,2.1379548929934256,skipped_leaf_limit,,,,,,
brancharchitect_tree_comparison/v1,gauss_outlier_cluster_4c_continuous,30,continuous_gaussian_outlier_examples,median,weighted,tbs_diffusion_graphtools_adaptive_nnls::graphtools_adaptive_k_tree_strategy__tree_linkage_method_median__r0,tbs_diffusion_graphtools_adaptive_nnls::graphtools_adaptive_k_tree_strategy__tree_linkage_method_weighted__r0,True,166,164,164,1,326,0.9939024390243902,0.0030581039755351682,2.1379548930697276,1,1,1.0,167,0.0042482997324905175,0.026077648417722525,0.9931579495634751,13695,0.002076613851084839,0.0026706402197992202,0.9999754634407906,interpolation_available,,0.0,2.1379548929934256,skipped_leaf_limit,,,,,,
brancharchitect_tree_comparison/v1,gauss_outlier_cluster_4c_continuous,30,continuous_gaussian_outlier_examples,single,ward,tbs_diffusion_graphtools_adaptive_nnls::graphtools_adaptive_k_tree_strategy__tree_linkage_method_single__r0,tbs_diffusion_graphtools_adaptive_nnls::graphtools_adaptive_k_tree_strategy__tree_linkage_method_ward__r0,True,166,164,164,164,0,0.0,1.0,0.0,1,1,1.0,330,0.0,0.0,0.9999999999999998,13695,0.0,0.0,0.9999999999999998,interpolation_available,,0.0,0.0,skipped_leaf_limit,,,,,,
brancharchitect_tree_comparison/v1,gauss_outlier_cluster_4c_continuous,30,continuous_gaussian_outlier_examples,single,weighted,tbs_diffusion_graphtools_adaptive_nnls::graphtools_adaptive_k_tree_strategy__tree_linkage_method_single__r0,tbs_diffusion_graphtools_adaptive_nnls::graphtools_adaptive_k_tree_strategy__tree_linkage_method_weighted__r0,True,166,164,164,164,0,0.0,1.0,0.0,1,1,1.0,330,0.0,0.0,0.9999999999999998,13695,0.0,0.0,0.9999999999999998,interpolation_available,,0.0,0.0,skipped_leaf_limit,,,,,,
brancharchitect_tree_comparison/v1,gauss_outlier_cluster_4c_continuous,30,continuous_gaussian_outlier_examples,ward,weighted,tbs_diffusion_graphtools_adaptive_nnls::graphtools_adaptive_k_tree_strategy__tree_linkage_method_ward__r0,tbs_diffusion_graphtools_adaptive_nnls::graphtools_adaptive_k_tree_strategy__tree_linkage_method_weighted__r0,True,166,164,164,164,0,0.0,1.0,0.0,1,1,1.0,330,0.0,0.0,0.9999999999999998,13695,0.0,0.0,0.9999999999999998,interpolation_available,,0.0,0.0,skipped_leaf_limit,,,,,,
brancharchitect_tree_comparison/v1,sbm_moderate,60,sbm_graphs,average,centroid,tbs_diffusion_graphtools_adaptive_nnls::graphtools_adaptive_k_tree_strategy__tree_linkage_method_average__r0,tbs_diffusion_graphtools_adaptive_nnls::graphtools_adaptive_k_tree_strategy__tree_linkage_method_centroid__r0,True,120,118,118,77,82,0.3474576271186441,0.48427672955974843,6.882160322524883,1,1,1.0,197,0.020596277592783374,0.05211003086501308,0.9957304791330543,7140,0.00548140652205458,0.02384489764375485,0.9995398033845381,interpolation_available,,0.3504273504273504,6.882160322525775,ok,0.19452309608459473,105.0,32.0,27.0,231.0,9.054553181663188
brancharchitect_tree_comparison/v1,sbm_moderate,60,sbm_graphs,average,complete,tbs_diffusion_graphtools_adaptive_nnls::graphtools_adaptive_k_tree_strategy__tree_linkage_method_average__r0,tbs_diffusion_graphtools_adaptive_nnls::graphtools_adaptive_k_tree_strategy__tree_linkage_method_complete__r0,True,120,118,118,73,90,0.3813559322033898,0.44785276073619634,6.3530826900811626,1,1,1.0,193,0.020133317537662086,0.0451486819386577,0.9965788998076001,7140,0.011838695696998528,0.029757066360273254,0.999283404363331,interpolation_available,,0.37606837606837606,6.353082690107866,ok,0.18215680122375488,129.0,38.0,37.0,407.0,9.809604983606002
brancharchitect_tree_comparison/v1,sbm_moderate,60,sbm_graphs,average,median,tbs_diffusion_graphtools_adaptive_nnls::graphtools_adaptive_k_tree_strategy__tree_linkage_method_average__r0,tbs_diffusion_graphtools_adaptive_nnls::graphtools_adaptive_k_tree_strategy__tree_linkage_method_median__r0,True,120,118,118,68,100,0.423728813559322,0.40476190476190477,8.996141045751584,1,1,1.0,188,0.029690810086984324,0.05369279738762724,0.9951220545845534,7140,0.011136877187839801,0.030671797765165067,0.9992385713318541,interpolation_available,,0.4188034188034188,8.996141045712585,ok,0.08488607406616211,123.0,37.0,35.0,378.0,14.837054379924293
brancharchitect_tree_comparison/v1,sbm_moderate,60,sbm_graphs,average,neighbor_joining,tbs_diffusion_graphtools_adaptive_nnls::graphtools_adaptive_k_tree_strategy__tree_linkage_method_average__r0,tbs_diffusion_graphtools_adaptive_nnls::graphtools_adaptive_k_tree_strategy__tree_builder_neighbor_joining__r0,True,120,118,118,38,160,0.6779661016949152,0.1919191919191919,16.301091158121455,1,1,1.0,158,0.05775112740674943,0.08501233057500382,0.988472566287134,7140,0.01924010861570466,0.04141102545367146,0.9986133172785183,interpolation_available,,0.6752136752136753,16.301091158103805,ok,0.35750484466552734,244.0,76.0,67.0,1256.0,67.93745786854625
brancharchitect_tree_comparison/v1,sbm_moderate,60,sbm_graphs,average,single,tbs_diffusion_graphtools_adaptive_nnls::graphtools_adaptive_k_tree_strategy__tree_linkage_method_average__r0,tbs_diffusion_graphtools_adaptive_nnls::graphtools_adaptive_k_tree_strategy__tree_linkage_method_single__r0,True,120,118,118,50,136,0.576271186440678,0.26881720430107525,13.009210665588794,1,1,1.0,170,0.047966057705446534,0.07880652601806193,0.9919041922524278,7140,0.012092970027839751,0.03394944652031261,0.9990668437827852,interpolation_available,,0.5811965811965812,13.009210665580966,ok,0.20301198959350586,213.0,61.0,57.0,661.0,29.63805066023629
brancharchitect_tree_comparison/v1,sbm_moderate,60,sbm_graphs,average,ward,tbs_diffusion_graphtools_adaptive_nnls::graphtools_adaptive_k_tree_strategy__tree_linkage_method_average__r0,tbs_diffusion_graphtools_adaptive_nnls::graphtools_adaptive_k_tree_strategy__tree_linkage_method_ward__r0,True,120,118,118,70,96,0.4067796610169492,0.42168674698795183,8.140739578998694,1,1,1.0,190,0.025730009697825434,0.05349413750286798,0.9954344847151327,7140,0.01380540075433081,0.030994201498483313,0.9992228654541863,interpolation_available,,0.4017094017094017,8.14073957900843,ok,0.2343437671661377,126.0,39.0,37.0,412.0,14.106947592211382
brancharchitect_tree_comparison/v1,sbm_moderate,60,sbm_graphs,average,weighted,tbs_diffusion_graphtools_adaptive_nnls::graphtools_adaptive_k_tree_strategy__tree_linkage_method_average__r0,tbs_diffusion_graphtools_adaptive_nnls::graphtools_adaptive_k_tree_strategy__tree_linkage_method_weighted__r0,True,120,118,118,87,62,0.2627118644067797,0.5838926174496645,7.510378860796063,1,1,1.0,207,0.032383626395315904,0.042944322087785806,0.997303066388758,7140,0.00848984178389295,0.01828162067920485,0.9997295756769196,interpolation_available,,0.2564102564102564,7.510378860784247,ok,0.25304698944091797,81.0,23.0,21.0,171.0,1.7766126159847553
brancharchitect_tree_comparison/v1,sbm_moderate,60,sbm_graphs,centroid,complete,tbs_diffusion_graphtools_adaptive_nnls::graphtools_adaptive_k_tree_strategy__tree_linkage_method_centroid__r0,tbs_diffusion_graphtools_adaptive_nnls::graphtools_adaptive_k_tree_strategy__tree_linkage_method_complete__r0,True,120,118,118,65,106,0.4491525423728814,0.38011695906432746,8.326523626792579,1,1,1.0,185,0.028175996487587483,0.054506965055657754,0.9952122988485134,7140,0.011824748042031138,0.02837016613701428,0.9993485008986619,interpolation_available,,0.4444444444444444,8.32652362681951,ok,0.21813392639160156,162.0,48.0,45.0,525.0,17.56617267007517
brancharchitect_tree_comparison/v1,sbm_moderate,60,sbm_graphs,centroid,median,tbs_diffusion_graphtools_adaptive_nnls::graphtools_adaptive_k_tree_strategy__tree_linkage_method_centroid__r0,tbs_diffusion_graphtools_adaptive_nnls::graphtools_adaptive_k_tree_strategy__tree_linkage_method_median__r0,True,120,118,118,73,90,0.3813559322033898,0.44785276073619634,6.57297316171326,1,1,1.0,193,0.023022770209411438,0.04103035543912476,0.9975005768884749,7140,0.010112147846801324,0.02601364969183646,0.9994521621877773,interpolation_available,,0.37606837606837606,6.572973161669805,ok,0.09709501266479492,103.0,34.0,31.0,373.0,14.566921805741
brancharchitect_tree_comparison/v1,sbm_moderate,60,sbm_graphs,centroid,neighbor_joining,tbs_diffusion_graphtools_adaptive_nnls::graphtools_adaptive_k_tree_strategy__tree_linkage_method_centroid__r0,tbs_diffusion_graphtools_adaptive_nnls::graphtools_adaptive_k_tree_strategy__tree_builder_neighbor_joining__r0,True,120,118,118,33,170,0.7203389830508474,0.1625615763546798,18.836326010855828,1,1,1.0,153,0.07027778843548338,0.10333428094528951,0.9835301864429966,7140,0.020273938694463863,0.046657252667885285,0.9982393229630415,interpolation_available,,0.717948717948718,18.836326010816965,ok,0.2900102138519287,258.0,80.0,74.0,1800.0,115.23564635190361
brancharchitect_tree_comparison/v1,sbm_moderate,60,sbm_graphs,centroid,single,tbs_diffusion_graphtools_adaptive_nnls::graphtools_adaptive_k_tree_strategy__tree_linkage_method_centroid__r0,tbs_diffusion_graphtools_adaptive_nnls::graphtools_adaptive_k_tree_strategy__tree_linkage_method_single__r0,True,120,118,118,52,132,0.559322033898305,0.2826086956521739,10.613392731607078,1,1,1.0,172,0.040288087213880754,0.06861523882872606,0.9931515581289625,7140,0.011400835406656545,0.031499178874297255,0.9991964429747086,interpolation_available,,0.5641025641025641,10.613392731611148,ok,0.3248109817504883,203.0,62.0,58.0,615.0,28.738078693986814
brancharchitect_tree_comparison/v1,sbm_moderate,60,sbm_graphs,centroid,ward,tbs_diffusion_graphtools_adaptive_nnls::graphtools_adaptive_k_tree_strategy__tree_linkage_method_centroid__r0,tbs_diffusion_graphtools_adaptive_nnls::graphtools_adaptive_k_tree_strategy__tree_linkage_method_ward__r0,True,120,118,118,68,100,0.423728813559322,0.40476190476190477,9.087847740464944,1,1,1.0,188,0.031006320286543616,0.06051209077995689,0.9951230005266067,7140,0.01371097681346176,0.03016424189080081,0.9992638262333745,interpolation_available,,0.4188034188034188,9.087847740467753,ok,0.21425795555114746,157.0,49.0,44.0,524.0,24.68225618368872
brancharchitect_tree_comparison/v1,sbm_moderate,60,sbm_graphs,centroid,weighted,tbs_diffusion_graphtools_adaptive_nnls::graphtools_adaptive_k_tree_strategy__tree_linkage_method_centroid__r0,tbs_diffusion_graphtools_adaptive_nnls::graphtools_adaptive_k_tree_strategy__tree_linkage_method_weighted__r0,True,120,118,118,71,94,0.3983050847457627,0.4303030303030303,10.86704899295486,1,1,1.0,191,0.04239086300075847,0.06624930528494058,0.9928885422768651,7140,0.010094266659236911,0.028119264010783827,0.9993600652042766,interpolation_available,,0.39316239316239315,10.867048992949263,ok,0.2117149829864502,153.0,48.0,43.0,572.0,25.658262643069996
brancharchitect_tree_comparison/v1,sbm_moderate,60,sbm_graphs,complete,median,tbs_diffusion_graphtools_adaptive_nnls::graphtools_adaptive_k_tree_strategy__tree_linkage_method_complete__r0,tbs_diffusion_graphtools_adaptive_nnls::graphtools_adaptive_k_tree_strategy__tree_linkage_method_median__r0,True,120,118,118,66,104,0.4406779661016949,0.38823529411764707,9.314337759219333,1,1,1.0,186,0.033926448345080885,0.049480387371450774,0.9959072220787137,7140,0.012747156405646866,0.03199594749946132,0.9991712983568183,interpolation_available,,0.4358974358974359,9.31433775922114,ok,0.21688199043273926,154.0,47.0,43.0,439.0,18.92535526044165
brancharchitect_tree_comparison/v1,sbm_moderate,60,sbm_graphs,complete,neighbor_joining,tbs_diffusion_graphtools_adaptive_nnls::graphtools_adaptive_k_tree_strategy__tree_linkage_method_complete__r0,tbs_diffusion_graphtools_adaptive_nnls::graphtools_adaptive_k_tree_strategy__tree_builder_neighbor_joining__r0,True,120,118,118,35,166,0.7033898305084746,0.17412935323383086,18.081695967325366,1,1,1.0,155,0.0657545682996886,0.09403241185884702,0.9861603638382425,7140,0.02200434569311881,0.04670300375723383,0.9982358994899204,interpolation_available,,0.7008547008547008,18.081695967342394,ok,0.2296009063720703,231.0,76.0,69.0,1358.0,95.56293094345948
brancharchitect_tree_comparison/v1,sbm_moderate,60,sbm_graphs,complete,single,tbs_diffusion_graphtools_adaptive_nnls::graphtools_adaptive_k_tree_strategy__tree_linkage_method_complete__r0,tbs_diffusion_graphtools_adaptive_nnls::graphtools_adaptive_k_tree_strategy__tree_linkage_method_single__r0,True,120,118,118,46,144,0.6101694915254238,0.24210526315789474,13.495589350849079,1,1,1.0,166,0.05318631888143127,0.08163566383232058,0.9904665169205596,7140,0.015705228422511524,0.03892082560262042,0.9987731886363174,interpolation_available,,0.6068376068376068,13.495589350868451,ok,0.22295117378234863,234.0,70.0,67.0,683.0,37.050718418331904
brancharchitect_tree_comparison/v1,sbm_moderate,60,sbm_graphs,complete,ward,tbs_diffusion_graphtools_adaptive_nnls::graphtools_adaptive_k_tree_strategy__tree_linkage_method_complete__r0,tbs_diffusion_graphtools_adaptive_nnls::graphtools_adaptive_k_tree_strategy__tree_linkage_method_ward__r0,True,120,118,118,70,96,0.4067796610169492,0.42168674698795183,8.675991762097759,1,1,1.0,190,0.03000961490257843,0.04976554780695964,0.9963221762202228,7140,0.013650003073500082,0.030667360109167464,0.9992390832060981,interpolation_available,,0.4017094017094017,8.675991762137496,ok,0.06329774856567383,121.0,36.0,33.0,449.0,15.298340289475707
brancharchitect_tree_comparison/v1,sbm_moderate,60,sbm_graphs,complete,weighted,tbs_diffusion_graphtools_adaptive_nnls::graphtools_adaptive_k_tree_strategy__tree_linkage_method_complete__r0,tbs_diffusion_graphtools_adaptive_nnls::graphtools_adaptive_k_tree_strategy__tree_linkage_method_weighted__r0,True,120,118,118,80,76,0.3220338983050847,0.5128205128205128,7.512809462138696,1,1,1.0,200,0.028157706766266805,0.05058272692373992,0.9960415961323226,7140,0.010352543983959638,0.0281399015953127,0.999359171954333,interpolation_available,,0.3162393162393162,7.512809462088985,ok,0.2218019962310791,89.0,25.0,22.0,202.0,8.623275064000076
brancharchitect_tree_comparison/v1,sbm_moderate,60,sbm_graphs,median,neighbor_joining,tbs_diffusion_graphtools_adaptive_nnls::graphtools_adaptive_k_tree_strategy__tree_linkage_method_median__r0,tbs_diffusion_graphtools_adaptive_nnls::graphtools_adaptive_k_tree_strategy__tree_builder_neighbor_joining__r0,True,120,118,118,34,168,0.711864406779661,0.16831683168316833,19.042139405680043,1,1,1.0,154,0.06775985227321801,0.1017144330398155,0.9834887345002046,7140,0.02148418580683805,0.048589240421606374,0.9980903812656687,interpolation_available,,0.7094017094017094,19.042139405682985,ok,0.25144505500793457,258.0,80.0,73.0,1331.0,78.83054944065154
brancharchitect_tree_comparison/v1,sbm_moderate,60,sbm_graphs,median,single,tbs_diffusion_graphtools_adaptive_nnls::graphtools_adaptive_k_tree_strategy__tree_linkage_method_median__r0,tbs_diffusion_graphtools_adaptive_nnls::graphtools_adaptive_k_tree_strategy__tree_linkage_method_single__r0,True,120,118,118,47,142,0.6016949152542372,0.24867724867724866,12.548358623018594,1,1,1.0,167,0.04678684194104949,0.0769213192476256,0.9925085265111612,7140,0.012801334403511392,0.036538987582891404,0.9989185693766212,interpolation_available,,0.5982905982905983,12.54835862304106,ok,0.3289189338684082,225.0,70.0,66.0,567.0,29.389123213595592
brancharchitect_tree_comparison/v1,sbm_moderate,60,sbm_graphs,median,ward,tbs_diffusion_graphtools_adaptive_nnls::graphtools_adaptive_k_tree_strategy__tree_linkage_method_median__r0,tbs_diffusion_graphtools_adaptive_nnls::graphtools_adaptive_k_tree_strategy__tree_linkage_method_ward__r0,True,120,118,118,65,106,0.4491525423728814,0.38011695906432746,8.884024877474664,1,1,1.0,185,0.029328542915280233,0.05484508985362173,0.995141564705331,7140,0.013512858137130287,0.030849741668172802,0.9992299616524724,interpolation_available,,0.4444444444444444,8.884024877465238,ok,0.10108590126037598,155.0,55.0,51.0,768.0,33.25726342840326
brancharchitect_tree_comparison/v1,sbm_moderate,60,sbm_graphs,median,weighted,tbs_diffusion_graphtools_adaptive_nnls::graphtools_adaptive_k_tree_strategy__tree_linkage_method_median__r0,tbs_diffusion_graphtools_adaptive_nnls::graphtools_adaptive_k_tree_strategy__tree_linkage_method_weighted__r0,True,120,118,118,70,96,0.4067796610169492,0.42168674698795183,12.253206435558566,1,1,1.0,190,0.0491703161031596,0.06968808317318345,0.9924672010554686,7140,0.012884695292150973,0.03177387215314137,0.9991828913553926,interpolation_available,,0.4017094017094017,12.253206435478464,ok,0.2131037712097168,108.0,36.0,32.0,309.0,13.311313741924177
brancharchitect_tree_comparison/v1,sbm_moderate,60,sbm_graphs,neighbor_joining,single,tbs_diffusion_graphtools_adaptive_nnls::graphtools_adaptive_k_tree_strategy__tree_builder_neighbor_joining__r0,tbs_diffusion_graphtools_adaptive_nnls::graphtools_adaptive_k_tree_strategy__tree_linkage_method_single__r0,True,120,118,118,26,184,0.7796610169491526,0.12380952380952381,20.74769327536533,1,1,1.0,146,0.08518158993054763,0.12128943803208425,0.9790483443414536,7140,0.02261243582033254,0.04930260840884864,0.9980332093493084,interpolation_available,,0.7777777777777778,20.74769327537031,ok,0.34783387184143066,271.0,85.0,82.0,1352.0,110.41389428706904
brancharchitect_tree_comparison/v1,sbm_moderate,60,sbm_graphs,neighbor_joining,ward,tbs_diffusion_graphtools_adaptive_nnls::graphtools_adaptive_k_tree_strategy__tree_builder_neighbor_joining__r0,tbs_diffusion_graphtools_adaptive_nnls::graphtools_adaptive_k_tree_strategy__tree_linkage_method_ward__r0,True,120,118,118,36,164,0.6949152542372882,0.18,18.766790005287085,1,1,1.0,156,0.06628887965997791,0.09754369133102593,0.9851681235626186,7140,0.020891197739726558,0.045569619476294274,0.9983209112006818,interpolation_available,,0.6923076923076923,18.766790005305463,ok,0.2234649658203125,228.0,72.0,64.0,1304.0,77.95404385631684
brancharchitect_tree_comparison/v1,sbm_moderate,60,sbm_graphs,neighbor_joining,weighted,tbs_diffusion_graphtools_adaptive_nnls::graphtools_adaptive_k_tree_strategy__tree_builder_neighbor_joining__r0,tbs_diffusion_graphtools_adaptive_nnls::graphtools_adaptive_k_tree_strategy__tree_linkage_method_weighted__r0,True,120,118,118,37,162,0.6864406779661016,0.18592964824120603,17.301237254704827,1,1,1.0,157,0.06924349604117847,0.09156203309807266,0.9873798687308644,7140,0.019769097169692953,0.0415588910498678,0.9986033071912729,interpolation_available,,0.6837606837606838,17.30123725470059,ok,0.35496091842651367,258.0,84.0,76.0,1889.0,89.72419622747155
brancharchitect_tree_comparison/v1,sbm_moderate,60,sbm_graphs,single,ward,tbs_diffusion_graphtools_adaptive_nnls::graphtools_adaptive_k_tree_strategy__tree_linkage_method_single__r0,tbs_diffusion_graphtools_adaptive_nnls::graphtools_adaptive_k_tree_strategy__tree_linkage_method_ward__r0,True,120,118,118,48,140,0.5932203389830508,0.2553191489361702,14.398059371425607,1,1,1.0,168,0.05565662299813434,0.09069757373211304,0.9902612396160948,7140,0.017908212475865395,0.04056196582672252,0.9986683268662933,interpolation_available,,0.5897435897435898,14.398059371443706,ok,0.3238561153411865,239.0,75.0,69.0,1299.0,81.5452760186122
brancharchitect_tree_comparison/v1,sbm_moderate,60,sbm_graphs,single,weighted,tbs_diffusion_graphtools_adaptive_nnls::graphtools_adaptive_k_tree_strategy__tree_linkage_method_single__r0,tbs_diffusion_graphtools_adaptive_nnls::graphtools_adaptive_k_tree_strategy__tree_linkage_method_weighted__r0,True,120,118,118,47,142,0.6016949152542372,0.24867724867724866,14.870846224116455,1,1,1.0,167,0.06200475884142171,0.08762349176285898,0.9885025509608221,7140,0.016328831814723624,0.037406240862249064,0.9988671251596555,interpolation_available,,0.5982905982905983,14.870846224097173,ok,0.32229089736938477,220.0,70.0,67.0,1713.0,87.554851257353
brancharchitect_tree_comparison/v1,sbm_moderate,60,sbm_graphs,ward,weighted,tbs_diffusion_graphtools_adaptive_nnls::graphtools_adaptive_k_tree_strategy__tree_linkage_method_ward__r0,tbs_diffusion_graphtools_adaptive_nnls::graphtools_adaptive_k_tree_strategy__tree_linkage_method_weighted__r0,True,120,118,118,72,92,0.3898305084745763,0.43902439024390244,12.669740944938724,1,1,1.0,192,0.04978860055081632,0.07179156579024076,0.9929636085991149,7140,0.013324037442097349,0.031228490513201722,0.9992110514855664,interpolation_available,,0.38461538461538464,12.669740944928776,ok,0.07892298698425293,135.0,44.0,41.0,376.0,18.64010522683699
brancharchitect_tree_comparison/v1,sbm_hard,61,sbm_graphs,average,centroid,tbs_diffusion_graphtools_adaptive_nnls::graphtools_adaptive_k_tree_strategy__tree_linkage_method_average__r0,tbs_diffusion_graphtools_adaptive_nnls::graphtools_adaptive_k_tree_strategy__tree_linkage_method_centroid__r0,True,120,118,118,66,104,0.4406779661016949,0.38823529411764707,7.864879404798548,1,1,1.0,186,0.030078566191967516,0.048230727322915154,0.9960223208622707,7140,0.006199365045582334,0.021688046285167455,0.9994348845194987,interpolation_available,,0.4444444444444444,7.8648794048144826,ok,0.25661396980285645,166.0,48.0,44.0,425.0,25.45446177974951
brancharchitect_tree_comparison/v1,sbm_hard,61,sbm_graphs,average,complete,tbs_diffusion_graphtools_adaptive_nnls::graphtools_adaptive_k_tree_strategy__tree_linkage_method_average__r0,tbs_diffusion_graphtools_adaptive_nnls::graphtools_adaptive_k_tree_strategy__tree_linkage_method_complete__r0,True,120,118,118,70,96,0.4067796610169492,0.42168674698795183,8.147115982809067,1,1,1.0,190,0.02988596258055213,0.0469442073278152,0.9958588706962553,7140,0.00897503323403281,0.021364965871009157,0.9994517980029274,interpolation_available,,0.4017094017094017,8.147115982834173,ok,0.21127986907958984,145.0,44.0,42.0,550.0,24.051737403848332
brancharchitect_tree_comparison/v1,sbm_hard,61,sbm_graphs,average,median,tbs_diffusion_graphtools_adaptive_nnls::graphtools_adaptive_k_tree_strategy__tree_linkage_method_average__r0,tbs_diffusion_graphtools_adaptive_nnls::graphtools_adaptive_k_tree_strategy__tree_linkage_method_median__r0,True,120,118,118,64,108,0.4576271186440678,0.37209302325581395,9.192203625971192,1,1,1.0,184,0.03242086158056478,0.06278184685118474,0.9923689442127288,7140,0.007664387500156118,0.026390682228134024,0.9991633684375282,interpolation_available,,0.452991452991453,9.192203625957102,ok,0.22962498664855957,172.0,52.0,46.0,522.0,32.97011519201255
brancharchitect_tree_comparison/v1,sbm_hard,61,sbm_graphs,average,neighbor_joining,tbs_diffusion_graphtools_adaptive_nnls::graphtools_adaptive_k_tree_strategy__tree_linkage_method_average__r0,tbs_diffusion_graphtools_adaptive_nnls::graphtools_adaptive_k_tree_strategy__tree_builder_neighbor_joining__r0,True,120,118,118,40,156,0.6610169491525424,0.20408163265306123,12.287667162312347,1,1,1.0,160,0.04366674852291454,0.06299356748774793,0.992676658205879,7140,0.015338704274060998,0.034856756860690764,0.9985435121981386,interpolation_available,,0.6581196581196581,12.287667162295582,ok,0.24374794960021973,216.0,69.0,62.0,1062.0,37.297379528981416
brancharchitect_tree_comparison/v1,sbm_hard,61,sbm_graphs,average,single,tbs_diffusion_graphtools_adaptive_nnls::graphtools_adaptive_k_tree_strategy__tree_linkage_method_average__r0,tbs_diffusion_graphtools_adaptive_nnls::graphtools_adaptive_k_tree_strategy__tree_linkage_method_single__r0,True,120,118,118,47,142,0.6016949152542372,0.24867724867724866,12.366693698761232,1,1,1.0,167,0.053108431173826944,0.08137207957845048,0.9882275133856377,7140,0.009031094340413518,0.02696276017463851,0.9991264740519198,interpolation_available,,0.6068376068376068,12.366693698726117,ok,0.328704833984375,238.0,71.0,63.0,623.0,18.380722108361535
brancharchitect_tree_comparison/v1,sbm_hard,61,sbm_graphs,average,ward,tbs_diffusion_graphtools_adaptive_nnls::graphtools_adaptive_k_tree_strategy__tree_linkage_method_average__r0,tbs_diffusion_graphtools_adaptive_nnls::graphtools_adaptive_k_tree_strategy__tree_linkage_method_ward__r0,True,120,118,118,73,90,0.3813559322033898,0.44785276073619634,7.620138106555404,1,1,1.0,193,0.028097670909360942,0.045748035829867445,0.9960706268318,7140,0.006148902007140106,0.01881061373343524,0.9995750389111091,interpolation_available,,0.37606837606837606,7.620138106540696,ok,0.20830583572387695,149.0,46.0,41.0,508.0,14.982641917479423
brancharchitect_tree_comparison/v1,sbm_hard,61,sbm_graphs,average,weighted,tbs_diffusion_graphtools_adaptive_nnls::graphtools_adaptive_k_tree_strategy__tree_linkage_method_average__r0,tbs_diffusion_graphtools_adaptive_nnls::graphtools_adaptive_k_tree_strategy__tree_linkage_method_weighted__r0,True,120,118,118,81,74,0.3135593220338983,0.5225806451612903,6.512101139276893,1,1,1.0,201,0.024100508878925214,0.04002898620321277,0.9972320061130217,7140,0.006093010469457716,0.01955777004980662,0.9995408626786068,interpolation_available,,0.3076923076923077,6.512101139263457,ok,0.1768016815185547,113.0,35.0,30.0,332.0,8.096464807720363
brancharchitect_tree_comparison/v1,sbm_hard,61,sbm_graphs,centroid,complete,tbs_diffusion_graphtools_adaptive_nnls::graphtools_adaptive_k_tree_strategy__tree_linkage_method_centroid__r0,tbs_diffusion_graphtools_adaptive_nnls::graphtools_adaptive_k_tree_strategy__tree_linkage_method_complete__r0,True,120,118,118,58,120,0.5084745762711864,0.3258426966292135,7.710871303651274,1,1,1.0,178,0.025795728991313445,0.05401286804166722,0.9947320268152218,7140,0.010522736398098349,0.025958309736244984,0.9991905489966497,interpolation_available,,0.5042735042735043,7.7108713036633745,ok,0.21893715858459473,180.0,56.0,51.0,840.0,30.426818277798745
brancharchitect_tree_comparison/v1,sbm_hard,61,sbm_graphs,centroid,median,tbs_diffusion_graphtools_adaptive_nnls::graphtools_adaptive_k_tree_strategy__tree_linkage_method_centroid__r0,tbs_diffusion_graphtools_adaptive_nnls::graphtools_adaptive_k_tree_strategy__tree_linkage_method_median__r0,True,120,118,118,66,104,0.4406779661016949,0.38823529411764707,10.40002404904351,1,1,1.0,186,0.043531649744254254,0.06852501069867303,0.9915374758076496,7140,0.007094780601764964,0.022794971033849053,0.9993756311596371,interpolation_available,,0.4358974358974359,10.40002404905383,ok,0.14300990104675293,156.0,47.0,45.0,478.0,21.883666138604436
brancharchitect_tree_comparison/v1,sbm_hard,61,sbm_graphs,centroid,neighbor_joining,tbs_diffusion_graphtools_adaptive_nnls::graphtools_adaptive_k_tree_strategy__tree_linkage_method_centroid__r0,tbs_diffusion_graphtools_adaptive_nnls::graphtools_adaptive_k_tree_strategy__tree_builder_neighbor_joining__r0,True,120,118,118,37,162,0.6864406779661016,0.18592964824120603,13.649399397638492,1,1,1.0,157,0.05618457786262539,0.07726407661761997,0.9902580372285447,7140,0.01605382294899826,0.03667535721643193,0.9983874557971638,interpolation_available,,0.6837606837606838,13.649399397635348,ok,0.3054008483886719,252.0,77.0,73.0,1283.0,57.18499019897851
brancharchitect_tree_comparison/v1,sbm_hard,61,sbm_graphs,centroid,single,tbs_diffusion_graphtools_adaptive_nnls::graphtools_adaptive_k_tree_strategy__tree_linkage_method_centroid__r0,tbs_diffusion_graphtools_adaptive_nnls::graphtools_adaptive_k_tree_strategy__tree_linkage_method_single__r0,True,120,118,118,46,144,0.6101694915254238,0.24210526315789474,12.4569172647578,1,1,1.0,166,0.05645191392796863,0.08515344690460458,0.9865851898829711,7140,0.007569561366370512,0.025186863236389818,0.9992373075893816,interpolation_available,,0.6153846153846154,12.456917264769787,ok,0.33081722259521484,240.0,70.0,63.0,421.0,16.38626921843665
brancharchitect_tree_comparison/v1,sbm_hard,61,sbm_graphs,centroid,ward,tbs_diffusion_graphtools_adaptive_nnls::graphtools_adaptive_k_tree_strategy__tree_linkage_method_centroid__r0,tbs_diffusion_graphtools_adaptive_nnls::graphtools_adaptive_k_tree_strategy__tree_linkage_method_ward__r0,True,120,118,118,59,118,0.5,0.3333333333333333,8.075113237262554,1,1,1.0,179,0.027994644978252117,0.056835778914477865,0.9941543202233136,7140,0.009185733383533795,0.02684040946647658,0.9991345712546593,interpolation_available,,0.49572649572649574,8.075113237258297,ok,0.261462926864624,194.0,56.0,50.0,803.0,27.59333402396103
brancharchitect_tree_comparison/v1,sbm_hard,61,sbm_graphs,centroid,weighted,tbs_diffusion_graphtools_adaptive_nnls::graphtools_adaptive_k_tree_strategy__tree_linkage_method_centroid__r0,tbs_diffusion_graphtools_adaptive_nnls::graphtools_adaptive_k_tree_strategy__tree_linkage_method_weighted__r0,True,120,118,118,62,112,0.4745762711864407,0.3563218390804598,11.864623020599968,1,1,1.0,182,0.04899180258190737,0.06688514289059441,0.9931207410962329,7140,0.008931629397743411,0.02591207669525026,0.9991938008288854,interpolation_available,,0.4700854700854701,11.864623020631186,ok,0.15090107917785645,167.0,52.0,48.0,700.0,30.08795005700084
brancharchitect_tree_comparison/v1,sbm_hard,61,sbm_graphs,complete,median,tbs_diffusion_graphtools_adaptive_nnls::graphtools_adaptive_k_tree_strategy__tree_linkage_method_complete__r0,tbs_diffusion_graphtools_adaptive_nnls::graphtools_adaptive_k_tree_strategy__tree_linkage_method_median__r0,True,120,118,118,62,112,0.4745762711864407,0.3563218390804598,11.899703342740507,1,1,1.0,182,0.047788821370789214,0.07008817800530438,0.9906428593662769,7140,0.011509052955049325,0.030125940313183705,0.998909922310551,interpolation_available,,0.47863247863247865,11.899703342753602,ok,0.27017688751220703,177.0,56.0,51.0,458.0,22.51473105490673
brancharchitect_tree_comparison/v1,sbm_hard,61,sbm_graphs,complete,neighbor_joining,tbs_diffusion_graphtools_adaptive_nnls::graphtools_adaptive_k_tree_strategy__tree_linkage_method_complete__r0,tbs_diffusion_graphtools_adaptive_nnls::graphtools_adaptive_k_tree_strategy__tree_builder_neighbor_joining__r0,True,120,118,118,40,156,0.6610169491525424,0.20408163265306123,13.472984670162054,1,1,1.0,160,0.05330945238709004,0.06873277451148942,0.9914942654324054,7140,0.016321556359141922,0.03608233798377556,0.9984392736493253,interpolation_available,,0.6581196581196581,13.472984670168783,ok,0.24104905128479004,260.0,82.0,73.0,1181.0,49.78435592291359
brancharchitect_tree_comparison/v1,sbm_hard,61,sbm_graphs,complete,single,tbs_diffusion_graphtools_adaptive_nnls::graphtools_adaptive_k_tree_strategy__tree_linkage_method_complete__r0,tbs_diffusion_graphtools_adaptive_nnls::graphtools_adaptive_k_tree_strategy__tree_linkage_method_single__r0,True,120,118,118,43,150,0.635593220338983,0.22279792746113988,14.636022866371958,1,1,1.0,163,0.06715315553597935,0.09196486570300409,0.9842495958167058,7140,0.012836911758247822,0.03158221749281434,0.9988015909751347,interpolation_available,,0.6324786324786325,14.636022866395969,ok,0.4883081912994385,263.0,80.0,74.0,658.0,19.624895759713947
brancharchitect_tree_comparison/v1,sbm_hard,61,sbm_graphs,complete,ward,tbs_diffusion_graphtools_adaptive_nnls::graphtools_adaptive_k_tree_strategy__tree_linkage_method_complete__r0,tbs_diffusion_graphtools_adaptive_nnls::graphtools_adaptive_k_tree_strategy__tree_linkage_method_ward__r0,True,120,118,118,83,70,0.2966101694915254,0.5424836601307189,2.350034925794721,1,1,1.0,203,0.006222166519073749,0.01843977781867277,0.9993519196128524,7140,0.008040807497747219,0.01772999299276787,0.9996224982799277,interpolation_available,,0.29914529914529914,2.350034925790744,ok,0.06453418731689453,113.0,33.0,30.0,273.0,5.630236323462379
brancharchitect_tree_comparison/v1,sbm_hard,61,sbm_graphs,complete,weighted,tbs_diffusion_graphtools_adaptive_nnls::graphtools_adaptive_k_tree_strategy__tree_linkage_method_complete__r0,tbs_diffusion_graphtools_adaptive_nnls::graphtools_adaptive_k_tree_strategy__tree_linkage_method_weighted__r0,True,120,118,118,78,80,0.3389830508474576,0.4936708860759494,9.683999090284406,1,1,1.0,198,0.03815977017153572,0.05002263694516121,0.995842304711729,7140,0.009796916222363176,0.02477022027088589,0.9992634422006619,interpolation_available,,0.3418803418803419,9.68399909031153,ok,0.19873714447021484,108.0,33.0,29.0,247.0,9.431588281450846
brancharchitect_tree_comparison/v1,sbm_hard,61,sbm_graphs,median,neighbor_joining,tbs_diffusion_graphtools_adaptive_nnls::graphtools_adaptive_k_tree_strategy__tree_linkage_method_median__r0,tbs_diffusion_graphtools_adaptive_nnls::graphtools_adaptive_k_tree_strategy__tree_builder_neighbor_joining__r0,True,120,118,118,37,162,0.6864406779661016,0.18592964824120603,13.170244343885356,1,1,1.0,157,0.048189610189060456,0.08183032011380387,0.987242304146767,7140,0.01566716425949625,0.03868708627748985,0.9982055813602144,interpolation_available,,0.6837606837606838,13.170244343915945,ok,0.24677681922912598,232.0,74.0,70.0,1274.0,58.3393160216517
brancharchitect_tree_comparison/v1,sbm_hard,61,sbm_graphs,median,single,tbs_diffusion_graphtools_adaptive_nnls::graphtools_adaptive_k_tree_strategy__tree_linkage_method_median__r0,tbs_diffusion_graphtools_adaptive_nnls::graphtools_adaptive_k_tree_strategy__tree_linkage_method_single__r0,True,120,118,118,46,144,0.6101694915254238,0.24210526315789474,11.247829953482718,1,1,1.0,166,0.04498161458335063,0.07557452442767423,0.9899545176199085,7140,0.008738649438187376,0.02634161517669299,0.9991661143367604,interpolation_available,,0.6068376068376068,11.247829953502329,ok,0.35879993438720703,244.0,73.0,66.0,450.0,16.301810884797035
brancharchitect_tree_comparison/v1,sbm_hard,61,sbm_graphs,median,ward,tbs_diffusion_graphtools_adaptive_nnls::graphtools_adaptive_k_tree_strategy__tree_linkage_method_median__r0,tbs_diffusion_graphtools_adaptive_nnls::graphtools_adaptive_k_tree_strategy__tree_linkage_method_ward__r0,True,120,118,118,61,114,0.4830508474576271,0.3485714285714286,11.59294042101881,1,1,1.0,181,0.046859045982465264,0.06951974441680744,0.9908045987952937,7140,0.009918221490940179,0.029853336651733797,0.9989295389846924,interpolation_available,,0.48717948717948717,11.592940421035427,ok,0.24262785911560059,180.0,55.0,51.0,783.0,29.11468489893551
brancharchitect_tree_comparison/v1,sbm_hard,61,sbm_graphs,median,weighted,tbs_diffusion_graphtools_adaptive_nnls::graphtools_adaptive_k_tree_strategy__tree_linkage_method_median__r0,tbs_diffusion_graphtools_adaptive_nnls::graphtools_adaptive_k_tree_strategy__tree_linkage_method_weighted__r0,True,120,118,118,71,94,0.3983050847457627,0.4303030303030303,7.0521580840799665,1,1,1.0,191,0.02345985471732442,0.05439703445555967,0.9945620296698857,7140,0.0074824134494392205,0.02345573145566008,0.9993394978123556,interpolation_available,,0.4017094017094017,7.052158084109079,ok,0.0888528823852539,130.0,42.0,37.0,345.0,13.647486189135334
brancharchitect_tree_comparison/v1,sbm_hard,61,sbm_graphs,neighbor_joining,single,tbs_diffusion_graphtools_adaptive_nnls::graphtools_adaptive_k_tree_strategy__tree_builder_neighbor_joining__r0,tbs_diffusion_graphtools_adaptive_nnls::graphtools_adaptive_k_tree_strategy__tree_linkage_method_single__r0,True,120,118,118,31,174,0.7372881355932204,0.15121951219512195,16.9538121328193,1,1,1.0,151,0.07200997270873562,0.10609791060573921,0.9804458607694386,7140,0.01748881115521137,0.04044550679320347,0.9980386456956964,interpolation_available,,0.7350427350427351,16.95381213282441,ok,0.5180590152740479,278.0,86.0,80.0,864.0,73.49307074524107
brancharchitect_tree_comparison/v1,sbm_hard,61,sbm_graphs,neighbor_joining,ward,tbs_diffusion_graphtools_adaptive_nnls::graphtools_adaptive_k_tree_strategy__tree_builder_neighbor_joining__r0,tbs_diffusion_graphtools_adaptive_nnls::graphtools_adaptive_k_tree_strategy__tree_linkage_method_ward__r0,True,120,118,118,42,152,0.6440677966101694,0.21649484536082475,13.280616118950562,1,1,1.0,162,0.05372294973556282,0.06920304344393308,0.9914678257841543,7140,0.015059446579773511,0.03514829976845314,0.9985190670457379,interpolation_available,,0.6410256410256411,13.28061611894784,ok,0.23258686065673828,225.0,74.0,64.0,1080.0,36.27544467686639
brancharchitect_tree_comparison/v1,sbm_hard,61,sbm_graphs,neighbor_joining,weighted,tbs_diffusion_graphtools_adaptive_nnls::graphtools_adaptive_k_tree_strategy__tree_builder_neighbor_joining__r0,tbs_diffusion_graphtools_adaptive_nnls::graphtools_adaptive_k_tree_strategy__tree_linkage_method_weighted__r0,True,120,118,118,40,156,0.6610169491525424,0.20408163265306123,12.72188448837638,1,1,1.0,160,0.0439052606431953,0.0674246720397081,0.9911683491688039,7140,0.015712204081495953,0.038425894164283936,0.99823013266497,interpolation_available,,0.6581196581196581,12.721884488387623,ok,0.2566030025482178,235.0,79.0,72.0,1440.0,83.32562208926193
brancharchitect_tree_comparison/v1,sbm_hard,61,sbm_graphs,single,ward,tbs_diffusion_graphtools_adaptive_nnls::graphtools_adaptive_k_tree_strategy__tree_linkage_method_single__r0,tbs_diffusion_graphtools_adaptive_nnls::graphtools_adaptive_k_tree_strategy__tree_linkage_method_ward__r0,True,120,118,118,43,150,0.635593220338983,0.22279792746113988,14.508515712273349,1,1,1.0,163,0.06684734025587857,0.09187272102085499,0.984322111018823,7140,0.011597950518101523,0.030461042062768052,0.9988851621505472,interpolation_available,,0.6324786324786325,14.508515712273235,ok,0.3514060974121094,246.0,72.0,66.0,1456.0,63.00376695368274
brancharchitect_tree_comparison/v1,sbm_hard,61,sbm_graphs,single,weighted,tbs_diffusion_graphtools_adaptive_nnls::graphtools_adaptive_k_tree_strategy__tree_linkage_method_single__r0,tbs_diffusion_graphtools_adaptive_nnls::graphtools_adaptive_k_tree_strategy__tree_linkage_method_weighted__r0,True,120,118,118,47,142,0.6016949152542372,0.24867724867724866,13.03438931142974,1,1,1.0,167,0.05326792544039357,0.08730832782640441,0.987590930454206,7140,0.010639502052508444,0.0297088353649838,0.9989400200846479,interpolation_available,,0.5982905982905983,13.034389311434081,ok,0.35595130920410156,233.0,72.0,66.0,1359.0,77.38143810511797
brancharchitect_tree_comparison/v1,sbm_hard,61,sbm_graphs,ward,weighted,tbs_diffusion_graphtools_adaptive_nnls::graphtools_adaptive_k_tree_strategy__tree_linkage_method_ward__r0,tbs_diffusion_graphtools_adaptive_nnls::graphtools_adaptive_k_tree_strategy__tree_linkage_method_weighted__r0,True,120,118,118,76,84,0.3559322033898305,0.475,9.467421460645191,1,1,1.0,196,0.037372690901767605,0.04934133161086067,0.9960086399482534,7140,0.0076693793829580885,0.023889136914668898,0.9993149072764064,interpolation_available,,0.358974358974359,9.467421460662946,ok,0.06449508666992188,101.0,31.0,27.0,238.0,8.67722497570838
brancharchitect_tree_comparison/v1,overlap_heavy_8c_large_feat,88,overlapping_binary_heavy,average,centroid,tbs_diffusion_graphtools_adaptive_nnls::graphtools_adaptive_k_tree_strategy__tree_linkage_method_average__r0,tbs_diffusion_graphtools_adaptive_nnls::graphtools_adaptive_k_tree_strategy__tree_linkage_method_centroid__r0,True,800,798,798,337,922,0.5776942355889725,0.2676727561556791,290.0892385194423,1,1,1.0,1137,0.14736491988772568,0.25006312117111884,0.6391567111008842,20000,0.004055532402990879,0.03708425905283371,0.8285542938249599,interpolation_available,,0.5771643663739021,290.0892385194486,skipped_leaf_limit,,,,,,
brancharchitect_tree_comparison/v1,overlap_heavy_8c_large_feat,88,overlapping_binary_heavy,average,complete,tbs_diffusion_graphtools_adaptive_nnls::graphtools_adaptive_k_tree_strategy__tree_linkage_method_average__r0,tbs_diffusion_graphtools_adaptive_nnls::graphtools_adaptive_k_tree_strategy__tree_linkage_method_complete__r0,True,800,798,798,408,780,0.48872180451127817,0.3434343434343434,227.0744700607199,1,1,1.0,1208,0.11146360516685161,0.19190230090443358,0.7520048458171028,20000,0.005195638393059381,0.04687561213279073,0.7666191982019017,interpolation_available,,0.4880803011292346,227.0744700607301,skipped_leaf_limit,,,,,,
brancharchitect_tree_comparison/v1,overlap_heavy_8c_large_feat,88,overlapping_binary_heavy,average,median,tbs_diffusion_graphtools_adaptive_nnls::graphtools_adaptive_k_tree_strategy__tree_linkage_method_average__r0,tbs_diffusion_graphtools_adaptive_nnls::graphtools_adaptive_k_tree_strategy__tree_linkage_method_median__r0,True,800,798,798,338,920,0.5764411027568922,0.2686804451510334,263.47313269887024,1,1,1.0,1138,0.13643294876856352,0.24840088459053716,0.6631364406588204,20000,0.004651937348091142,0.04368402291139191,0.7605286130039375,interpolation_available,,0.5759096612296111,263.47313269887064,skipped_leaf_limit,,,,,,
brancharchitect_tree_comparison/v1,overlap_heavy_8c_large_feat,88,overlapping_binary_heavy,average,neighbor_joining,tbs_diffusion_graphtools_adaptive_nnls::graphtools_adaptive_k_tree_strategy__tree_linkage_method_average__r0,tbs_diffusion_graphtools_adaptive_nnls::graphtools_adaptive_k_tree_strategy__tree_builder_neighbor_joining__r0,True,800,798,798,230,1136,0.7117794486215538,0.1683748169838946,386.3724469504193,1,1,1.0,1030,0.19209251405315997,0.2870285187895324,0.457950778980761,20000,0.00804517111218849,0.06161961826957716,0.5811159192177564,interpolation_available,,0.7114178168130489,386.3724469504207,skipped_leaf_limit,,,,,,
brancharchitect_tree_comparison/v1,overlap_heavy_8c_large_feat,88,overlapping_binary_heavy,average,single,tbs_diffusion_graphtools_adaptive_nnls::graphtools_adaptive_k_tree_strategy__tree_linkage_method_average__r0,tbs_diffusion_graphtools_adaptive_nnls::graphtools_adaptive_k_tree_strategy__tree_linkage_method_single__r0,True,800,798,798,229,1138,0.7130325814536341,0.16752011704462327,373.07874571422775,1,1,1.0,1029,0.24162822823787303,0.36404951204760394,0.48491066747094813,20000,0.005498876637563772,0.050673655090030814,0.6283956449445827,interpolation_available,,0.71267252195734,373.0787457142296,skipped_leaf_limit,,,,,,
brancharchitect_tree_comparison/v1,overlap_heavy_8c_large_feat,88,overlapping_binary_heavy,average,weighted,tbs_diffusion_graphtools_adaptive_nnls::graphtools_adaptive_k_tree_strategy__tree_linkage_method_average__r0,tbs_diffusion_graphtools_adaptive_nnls::graphtools_adaptive_k_tree_strategy__tree_linkage_method_weighted__r0,True,800,798,798,541,514,0.32205513784461154,0.5127962085308057,143.82048352869722,1,1,1.0,1341,0.08072832806718315,0.13466101127592853,0.8922685236430844,20000,0.004869800259461683,0.029403661177884278,0.8948164291674272,interpolation_available,,0.3212045169385194,143.8204835287123,skipped_leaf_limit,,,,,,
brancharchitect_tree_comparison/v1,overlap_heavy_8c_large_feat,88,overlapping_binary_heavy,centroid,complete,tbs_diffusion_graphtools_adaptive_nnls::graphtools_adaptive_k_tree_strategy__tree_linkage_method_centroid__r0,tbs_diffusion_graphtools_adaptive_nnls::graphtools_adaptive_k_tree_strategy__tree_linkage_method_complete__r0,True,800,798,798,312,972,0.6090225563909775,0.24299065420560748,317.78341214688476,1,1,1.0,1112,0.15967818595278813,0.27156109312868065,0.5367350630709553,20000,0.004475138265244385,0.04745183756407378,0.6268273868376654,interpolation_available,,0.6085319949811794,317.78341214687697,skipped_leaf_limit,,,,,,
brancharchitect_tree_comparison/v1,overlap_heavy_8c_large_feat,88,overlapping_binary_heavy,centroid,median,tbs_diffusion_graphtools_adaptive_nnls::graphtools_adaptive_k_tree_strategy__tree_linkage_method_centroid__r0,tbs_diffusion_graphtools_adaptive_nnls::graphtools_adaptive_k_tree_strategy__tree_linkage_method_median__r0,True,800,798,798,389,818,0.5125313283208021,0.32228666114333054,195.78566900850853,1,1,1.0,1189,0.1044783299854482,0.2074036654259183,0.7678489146778416,20000,0.002765277778913629,0.032181086449826826,0.8686110362863556,interpolation_available,,0.5119196988707654,195.78566900852564,skipped_leaf_limit,,,,,,
brancharchitect_tree_comparison/v1,overlap_heavy_8c_large_feat,88,overlapping_binary_heavy,centroid,neighbor_joining,tbs_diffusion_graphtools_adaptive_nnls::graphtools_adaptive_k_tree_strategy__tree_linkage_method_centroid__r0,tbs_diffusion_graphtools_adaptive_nnls::graphtools_adaptive_k_tree_strategy__tree_builder_neighbor_joining__r0,True,800,798,798,232,1132,0.7092731829573935,0.17008797653958943,375.3624585875425,1,1,1.0,1032,0.19755775813558527,0.29270807597639875,0.49013696865672896,20000,0.007172473730035333,0.05187513053596913,0.6905822853792405,interpolation_available,,0.7089084065244667,375.3624585875416,skipped_leaf_limit,,,,,,
brancharchitect_tree_comparison/v1,overlap_heavy_8c_large_feat,88,overlapping_binary_heavy,centroid,single,tbs_diffusion_graphtools_adaptive_nnls::graphtools_adaptive_k_tree_strategy__tree_linkage_method_centroid__r0,tbs_diffusion_graphtools_adaptive_nnls::graphtools_adaptive_k_tree_strategy__tree_linkage_method_single__r0,True,800,798,798,217,1162,0.7280701754385965,0.15736040609137056,341.6070271105055,1,1,1.0,1017,0.2255684106683981,0.3471639575094405,0.5171052510634683,20000,0.004620587840153422,0.05284205143393657,0.5998739888588891,interpolation_available,,0.7277289836888331,341.6070271104705,skipped_leaf_limit,,,,,,
brancharchitect_tree_comparison/v1,overlap_heavy_8c_large_feat,88,overlapping_binary_heavy,centroid,weighted,tbs_diffusion_graphtools_adaptive_nnls::graphtools_adaptive_k_tree_strategy__tree_linkage_method_centroid__r0,tbs_diffusion_graphtools_adaptive_nnls::graphtools_adaptive_k_tree_strategy__tree_linkage_method_weighted__r0,True,800,798,798,337,922,0.5776942355889725,0.2676727561556791,294.76598682403466,1,1,1.0,1137,0.14688481008183724,0.24882254506684195,0.6193332386626832,20000,0.005569772335278835,0.04503019912143024,0.7817626450503329,interpolation_available,,0.5771643663739021,294.76598682402704,skipped_leaf_limit,,,,,,
brancharchitect_tree_comparison/v1,overlap_heavy_8c_large_feat,88,overlapping_binary_heavy,complete,median,tbs_diffusion_graphtools_adaptive_nnls::graphtools_adaptive_k_tree_strategy__tree_linkage_method_complete__r0,tbs_diffusion_graphtools_adaptive_nnls::graphtools_adaptive_k_tree_strategy__tree_linkage_method_median__r0,True,800,798,798,300,996,0.6240601503759399,0.23148148148148148,328.8514246985942,1,1,1.0,1100,0.17251452446990345,0.2840079563256835,0.5316713097102134,20000,0.004643674146556522,0.04514280878190444,0.7368184276761295,interpolation_available,,0.6235884567126725,328.8514246985961,skipped_leaf_limit,,,,,,
brancharchitect_tree_comparison/v1,overlap_heavy_8c_large_feat,88,overlapping_binary_heavy,complete,neighbor_joining,tbs_diffusion_graphtools_adaptive_nnls::graphtools_adaptive_k_tree_strategy__tree_linkage_method_complete__r0,tbs_diffusion_graphtools_adaptive_nnls::graphtools_adaptive_k_tree_strategy__tree_builder_neighbor_joining__r0,True,800,798,798,223,1150,0.7205513784461153,0.16241806263656228,392.17832896212144,1,1,1.0,1023,0.1839793446863548,0.2706893615929124,0.40073487498897586,20000,0.007974630972082782,0.06122645645924305,0.5582857837273556,interpolation_available,,0.7202007528230866,392.1783289621199,skipped_leaf_limit,,,,,,
brancharchitect_tree_comparison/v1,overlap_heavy_8c_large_feat,88,overlapping_binary_heavy,complete,single,tbs_diffusion_graphtools_adaptive_nnls::graphtools_adaptive_k_tree_strategy__tree_linkage_method_complete__r0,tbs_diffusion_graphtools_adaptive_nnls::graphtools_adaptive_k_tree_strategy__tree_linkage_method_single__r0,True,800,798,798,210,1176,0.7368421052631579,0.15151515151515152,429.1246313346915,1,1,1.0,1010,0.28282227016574013,0.40412717175469237,0.3418561474682715,20000,0.005489587364264992,0.05083684184342147,0.5307210181614467,interpolation_available,,0.7365119196988708,429.12463133471454,skipped_leaf_limit,,,,,,
brancharchitect_tree_comparison/v1,overlap_heavy_8c_large_feat,88,overlapping_binary_heavy,complete,weighted,tbs_diffusion_graphtools_adaptive_nnls::graphtools_adaptive_k_tree_strategy__tree_linkage_method_complete__r0,tbs_diffusion_graphtools_adaptive_nnls::graphtools_adaptive_k_tree_strategy__tree_linkage_method_weighted__r0,True,800,798,798,419,758,0.474937343358396,0.35598980458793544,204.68346278089507,1,1,1.0,1219,0.08972239514927954,0.15882097867946243,0.7667218525820866,20000,0.005943488606951689,0.045846078095872066,0.7223027068820203,interpolation_available,,0.4742785445420326,204.68346278088543,skipped_leaf_limit,,,,,,
brancharchitect_tree_comparison/v1,overlap_heavy_8c_large_feat,88,overlapping_binary_heavy,median,neighbor_joining,tbs_diffusion_graphtools_adaptive_nnls::graphtools_adaptive_k_tree_strategy__tree_linkage_method_median__r0,tbs_diffusion_graphtools_adaptive_nnls::graphtools_adaptive_k_tree_strategy__tree_builder_neighbor_joining__r0,True,800,798,798,228,1140,0.7142857142857143,0.16666666666666666,388.68413983531343,1,1,1.0,1028,0.21180941956434313,0.3099615590716688,0.4648334398008208,20000,0.007555059540509096,0.05885851233824502,0.6388259830394396,interpolation_available,,0.7139272271016311,388.6841398353142,skipped_leaf_limit,,,,,,
brancharchitect_tree_comparison/v1,overlap_heavy_8c_large_feat,88,overlapping_binary_heavy,median,single,tbs_diffusion_graphtools_adaptive_nnls::graphtools_adaptive_k_tree_strategy__tree_linkage_method_median__r0,tbs_diffusion_graphtools_adaptive_nnls::graphtools_adaptive_k_tree_strategy__tree_linkage_method_single__r0,True,800,798,798,217,1162,0.7280701754385965,0.15736040609137056,320.86945797291014,1,1,1.0,1017,0.20959438458102408,0.3321428063064385,0.5449790978452312,20000,0.004606834325621189,0.05002428102035859,0.6523316201361735,interpolation_available,,0.7277289836888331,320.86945797294186,skipped_leaf_limit,,,,,,
brancharchitect_tree_comparison/v1,overlap_heavy_8c_large_feat,88,overlapping_binary_heavy,median,weighted,tbs_diffusion_graphtools_adaptive_nnls::graphtools_adaptive_k_tree_strategy__tree_linkage_method_median__r0,tbs_diffusion_graphtools_adaptive_nnls::graphtools_adaptive_k_tree_strategy__tree_linkage_method_weighted__r0,True,800,798,798,331,934,0.5852130325814536,0.2616600790513834,298.3344610484216,1,1,1.0,1131,0.15994818597331217,0.2617756197902228,0.6114697842980766,20000,0.005953045133155109,0.04881771368535721,0.6526268860616232,interpolation_available,,0.5846925972396487,298.3344610484274,skipped_leaf_limit,,,,,,
brancharchitect_tree_comparison/v1,overlap_heavy_8c_large_feat,88,overlapping_binary_heavy,neighbor_joining,single,tbs_diffusion_graphtools_adaptive_nnls::graphtools_adaptive_k_tree_strategy__tree_builder_neighbor_joining__r0,tbs_diffusion_graphtools_adaptive_nnls::graphtools_adaptive_k_tree_strategy__tree_linkage_method_single__r0,True,800,798,798,161,1274,0.7982456140350878,0.11219512195121951,431.105638444808,1,1,1.0,961,0.2881996035745099,0.3976134085338675,0.3934337217197726,20000,0.007466277066176377,0.051732671337659214,0.5446576722522156,interpolation_available,,0.7979924717691342,431.1056384448156,skipped_leaf_limit,,,,,,
brancharchitect_tree_comparison/v1,overlap_heavy_8c_large_feat,88,overlapping_binary_heavy,neighbor_joining,weighted,tbs_diffusion_graphtools_adaptive_nnls::graphtools_adaptive_k_tree_strategy__tree_builder_neighbor_joining__r0,tbs_diffusion_graphtools_adaptive_nnls::graphtools_adaptive_k_tree_strategy__tree_linkage_method_weighted__r0,True,800,798,798,226,1144,0.7167919799498746,0.16496350364963502,378.3358975797424,1,1,1.0,1026,0.17538648449699198,0.26482532221572685,0.4310687294293375,20000,0.008082909710919592,0.054154582439747474,0.6685396875523004,interpolation_available,,0.7164366373902133,378.3358975797354,skipped_leaf_limit,,,,,,
brancharchitect_tree_comparison/v1,overlap_heavy_8c_large_feat,88,overlapping_binary_heavy,single,weighted,tbs_diffusion_graphtools_adaptive_nnls::graphtools_adaptive_k_tree_strategy__tree_linkage_method_single__r0,tbs_diffusion_graphtools_adaptive_nnls::graphtools_adaptive_k_tree_strategy__tree_linkage_method_weighted__r0,True,800,798,798,229,1138,0.7130325814536341,0.16752011704462327,397.3461686782409,1,1,1.0,1029,0.2594736202288194,0.37740885033070753,0.4656653405983211,20000,0.0063154695958780125,0.04854040862390224,0.6412397935959914,interpolation_available,,0.71267252195734,397.34616867827896,skipped_leaf_limit,,,,,,
brancharchitect_tree_comparison/v1,overlap_extreme_4c,89,overlapping_binary_heavy,average,centroid,tbs_diffusion_graphtools_adaptive_nnls::graphtools_adaptive_k_tree_strategy__tree_linkage_method_average__r0,tbs_diffusion_graphtools_adaptive_nnls::graphtools_adaptive_k_tree_strategy__tree_linkage_method_centroid__r0,True,600,598,598,301,594,0.49665551839464883,0.33631284916201115,152.03686714332648,1,1,1.0,901,0.09924405883157686,0.19111377324530623,0.753290485922184,20000,0.0068796798120408535,0.04332056413868091,0.8157437229697994,interpolation_available,,0.49581239530988275,152.03686714331374,skipped_leaf_limit,,,,,,
brancharchitect_tree_comparison/v1,overlap_extreme_4c,89,overlapping_binary_heavy,average,complete,tbs_diffusion_graphtools_adaptive_nnls::graphtools_adaptive_k_tree_strategy__tree_linkage_method_average__r0,tbs_diffusion_graphtools_adaptive_nnls::graphtools_adaptive_k_tree_strategy__tree_linkage_method_complete__r0,True,600,598,598,336,524,0.43812709030100333,0.39069767441860465,118.11222152400566,1,1,1.0,936,0.06488802540228919,0.1246231470996423,0.8501704126512835,20000,0.00809484497962044,0.0433912059152536,0.8434767122802788,interpolation_available,,0.4371859296482412,118.11222152398466,skipped_leaf_limit,,,,,,
brancharchitect_tree_comparison/v1,overlap_extreme_4c,89,overlapping_binary_heavy,average,median,tbs_diffusion_graphtools_adaptive_nnls::graphtools_adaptive_k_tree_strategy__tree_linkage_method_average__r0,tbs_diffusion_graphtools_adaptive_nnls::graphtools_adaptive_k_tree_strategy__tree_linkage_method_median__r0,True,600,598,598,307,582,0.4866220735785953,0.34533183352080987,149.26841712727847,1,1,1.0,907,0.09811858809083872,0.18138547053049783,0.7660387922091442,20000,0.007739452964222789,0.040270406067795105,0.8325244686399031,interpolation_available,,0.48576214405360135,149.26841712729922,skipped_leaf_limit,,,,,,
brancharchitect_tree_comparison/v1,overlap_extreme_4c,89,overlapping_binary_heavy,average,neighbor_joining,tbs_diffusion_graphtools_adaptive_nnls::graphtools_adaptive_k_tree_strategy__tree_linkage_method_average__r0,tbs_diffusion_graphtools_adaptive_nnls::graphtools_adaptive_k_tree_strategy__tree_builder_neighbor_joining__r0,True,600,598,598,207,782,0.6538461538461539,0.20930232558139536,234.68894550456957,1,1,1.0,807,0.14220674878987613,0.22707792481232328,0.5680823035338082,20000,0.009784407971438173,0.05150269822359561,0.7067308408770786,interpolation_available,,0.6532663316582915,234.68894550456037,skipped_leaf_limit,,,,,,
brancharchitect_tree_comparison/v1,overlap_extreme_4c,89,overlapping_binary_heavy,average,single,tbs_diffusion_graphtools_adaptive_nnls::graphtools_adaptive_k_tree_strategy__tree_linkage_method_average__r0,tbs_diffusion_graphtools_adaptive_nnls::graphtools_adaptive_k_tree_strategy__tree_linkage_method_single__r0,True,600,598,598,217,762,0.637123745819398,0.2216547497446374,232.6807341418446,1,1,1.0,817,0.18134315418616476,0.28458968231222603,0.6304159992854499,20000,0.008644923373276357,0.05226485434855045,0.6604890944620427,interpolation_available,,0.6365159128978225,232.68073414179142,skipped_leaf_limit,,,,,,
brancharchitect_tree_comparison/v1,overlap_extreme_4c,89,overlapping_binary_heavy,average,ward,tbs_diffusion_graphtools_adaptive_nnls::graphtools_adaptive_k_tree_strategy__tree_linkage_method_average__r0,tbs_diffusion_graphtools_adaptive_nnls::graphtools_adaptive_k_tree_strategy__tree_linkage_method_ward__r0,True,600,598,598,353,490,0.4096989966555184,0.41874258600237246,104.2680659799446,1,1,1.0,953,0.05484887905506729,0.11505174442872766,0.8731340688718179,20000,0.009742444250191593,0.041616055902526004,0.8497875004796254,interpolation_available,,0.40871021775544386,104.26806597994315,skipped_leaf_limit,,,,,,
brancharchitect_tree_comparison/v1,overlap_extreme_4c,89,overlapping_binary_heavy,average,weighted,tbs_diffusion_graphtools_adaptive_nnls::graphtools_adaptive_k_tree_strategy__tree_linkage_method_average__r0,tbs_diffusion_graphtools_adaptive_nnls::graphtools_adaptive_k_tree_strategy__tree_linkage_method_weighted__r0,True,600,598,598,423,350,0.29264214046822745,0.5472186287192755,45.666124959422824,1,1,1.0,1023,0.024617407093108903,0.06328518998809665,0.9631587346185955,20000,0.006367826182279869,0.02417841544352571,0.9464866036255452,interpolation_available,,0.2914572864321608,45.666124959406865,skipped_leaf_limit,,,,,,
brancharchitect_tree_comparison/v1,overlap_extreme_4c,89,overlapping_binary_heavy,centroid,complete,tbs_diffusion_graphtools_adaptive_nnls::graphtools_adaptive_k_tree_strategy__tree_linkage_method_centroid__r0,tbs_diffusion_graphtools_adaptive_nnls::graphtools_adaptive_k_tree_strategy__tree_linkage_method_complete__r0,True,600,598,598,266,664,0.5551839464882943,0.2860215053763441,189.1438907262519,1,1,1.0,866,0.1264451321502473,0.21652731330579694,0.6637505132339577,20000,0.00880637148965481,0.05442215801880324,0.7094997853341761,interpolation_available,,0.5544388609715243,189.14389072621012,skipped_leaf_limit,,,,,,
brancharchitect_tree_comparison/v1,overlap_extreme_4c,89,overlapping_binary_heavy,centroid,median,tbs_diffusion_graphtools_adaptive_nnls::graphtools_adaptive_k_tree_strategy__tree_linkage_method_centroid__r0,tbs_diffusion_graphtools_adaptive_nnls::graphtools_adaptive_k_tree_strategy__tree_linkage_method_median__r0,True,600,598,598,341,514,0.4297658862876254,0.39883040935672515,99.91284457079594,1,1,1.0,941,0.06757748263252467,0.1512184519397566,0.8453079981103644,20000,0.005785511297849832,0.0327626383598814,0.8895364974565921,interpolation_available,,0.4288107202680067,99.9128445707822,skipped_leaf_limit,,,,,,
brancharchitect_tree_comparison/v1,overlap_extreme_4c,89,overlapping_binary_heavy,centroid,neighbor_joining,tbs_diffusion_graphtools_adaptive_nnls::graphtools_adaptive_k_tree_strategy__tree_linkage_method_centroid__r0,tbs_diffusion_graphtools_adaptive_nnls::graphtools_adaptive_k_tree_strategy__tree_builder_neighbor_joining__r0,True,600,598,598,189,818,0.6839464882943144,0.18768619662363456,244.14866575750793,1,1,1.0,789,0.16238555493165077,0.25162892156848216,0.5602494135129337,20000,0.009775613685489333,0.04582004509874236,0.8268640027782211,interpolation_available,,0.6834170854271356,244.14866575748107,skipped_leaf_limit,,,,,,
brancharchitect_tree_comparison/v1,overlap_extreme_4c,89,overlapping_binary_heavy,centroid,single,tbs_diffusion_graphtools_adaptive_nnls::graphtools_adaptive_k_tree_strategy__tree_linkage_method_centroid__r0,tbs_diffusion_graphtools_adaptive_nnls::graphtools_adaptive_k_tree_strategy__tree_linkage_method_single__r0,True,600,598,598,218,760,0.6354515050167224,0.2229038854805726,175.00882835594874,1,1,1.0,818,0.13376543338684357,0.22715019190895833,0.7430530075998726,20000,0.006089147051720116,0.04022819554288864,0.7598780837389626,interpolation_available,,0.6348408710217756,175.00882835589357,skipped_leaf_limit,,,,,,
brancharchitect_tree_comparison/v1,overlap_extreme_4c,89,overlapping_binary_heavy,centroid,ward,tbs_diffusion_graphtools_adaptive_nnls::graphtools_adaptive_k_tree_strategy__tree_linkage_method_centroid__r0,tbs_diffusion_graphtools_adaptive_nnls::graphtools_adaptive_k_tree_strategy__tree_linkage_method_ward__r0,True,600,598,598,268,660,0.5518394648829431,0.28879310344827586,184.95080631851218,1,1,1.0,868,0.12133933441246236,0.21225309708089204,0.6772069736771208,20000,0.01097527160836525,0.05495692484494039,0.7318115767443734,interpolation_available,,0.5510887772194305,184.95080631848543,skipped_leaf_limit,,,,,,
brancharchitect_tree_comparison/v1,overlap_extreme_4c,89,overlapping_binary_heavy,centroid,weighted,tbs_diffusion_graphtools_adaptive_nnls::graphtools_adaptive_k_tree_strategy__tree_linkage_method_centroid__r0,tbs_diffusion_graphtools_adaptive_nnls::graphtools_adaptive_k_tree_strategy__tree_linkage_method_weighted__r0,True,600,598,598,291,614,0.5133779264214047,0.32154696132596683,161.72039530606173,1,1,1.0,891,0.10603662247883675,0.19590898880625335,0.7393396405011652,20000,0.00872839581935394,0.04482717794298264,0.7454560364223398,interpolation_available,,0.5125628140703518,161.72039530602268,skipped_leaf_limit,,,,,,
brancharchitect_tree_comparison/v1,overlap_extreme_4c,89,overlapping_binary_heavy,complete,median,tbs_diffusion_graphtools_adaptive_nnls::graphtools_adaptive_k_tree_strategy__tree_linkage_method_complete__r0,tbs_diffusion_graphtools_adaptive_nnls::graphtools_adaptive_k_tree_strategy__tree_linkage_method_median__r0,True,600,598,598,271,654,0.5468227424749164,0.292972972972973,181.68494507151166,1,1,1.0,871,0.12118358781591135,0.20980179209614888,0.6686154433575457,20000,0.009398233815435942,0.05168987856090163,0.7163106344670183,interpolation_available,,0.5460636515912898,181.6849450715175,skipped_leaf_limit,,,,,,
brancharchitect_tree_comparison/v1,overlap_extreme_4c,89,overlapping_binary_heavy,complete,neighbor_joining,tbs_diffusion_graphtools_adaptive_nnls::graphtools_adaptive_k_tree_strategy__tree_linkage_method_complete__r0,tbs_diffusion_graphtools_adaptive_nnls::graphtools_adaptive_k_tree_strategy__tree_builder_neighbor_joining__r0,True,600,598,598,189,818,0.6839464882943144,0.18768619662363456,254.39334041330585,1,1,1.0,789,0.1577424605081913,0.24034338906299918,0.4957265090694401,20000,0.011549402309647384,0.0557661834858256,0.668775531573239,interpolation_available,,0.6834170854271356,254.39334041330332,skipped_leaf_limit,,,,,,
brancharchitect_tree_comparison/v1,overlap_extreme_4c,89,overlapping_binary_heavy,complete,single,tbs_diffusion_graphtools_adaptive_nnls::graphtools_adaptive_k_tree_strategy__tree_linkage_method_complete__r0,tbs_diffusion_graphtools_adaptive_nnls::graphtools_adaptive_k_tree_strategy__tree_linkage_method_single__r0,True,600,598,598,197,802,0.6705685618729097,0.1971971971971972,250.64932005960196,1,1,1.0,797,0.1970038489231735,0.2977670311235166,0.5697075626509924,20000,0.009629285992245617,0.05442259307264769,0.6553901576362052,interpolation_available,,0.6700167504187605,250.64932005953614,skipped_leaf_limit,,,,,,
brancharchitect_tree_comparison/v1,overlap_extreme_4c,89,overlapping_binary_heavy,complete,ward,tbs_diffusion_graphtools_adaptive_nnls::graphtools_adaptive_k_tree_strategy__tree_linkage_method_complete__r0,tbs_diffusion_graphtools_adaptive_nnls::graphtools_adaptive_k_tree_strategy__tree_linkage_method_ward__r0,True,600,598,598,354,488,0.4080267558528428,0.42042755344418054,91.02540051860379,1,1,1.0,954,0.04925448375199632,0.10374435740506219,0.890792717560758,20000,0.01013584435549952,0.04116081988472464,0.8003863909501066,interpolation_available,,0.40703517587939697,91.02540051860309,skipped_leaf_limit,,,,,,
brancharchitect_tree_comparison/v1,overlap_extreme_4c,89,overlapping_binary_heavy,complete,weighted,tbs_diffusion_graphtools_adaptive_nnls::graphtools_adaptive_k_tree_strategy__tree_linkage_method_complete__r0,tbs_diffusion_graphtools_adaptive_nnls::graphtools_adaptive_k_tree_strategy__tree_linkage_method_weighted__r0,True,600,598,598,328,540,0.451505016722408,0.3778801843317972,122.0729767458994,1,1,1.0,928,0.06867844036228032,0.13114155494992064,0.8349398830781816,20000,0.009218638570360342,0.045072722085371886,0.7793432754698035,interpolation_available,,0.45058626465661644,122.07297674589738,skipped_leaf_limit,,,,,,
brancharchitect_tree_comparison/v1,overlap_extreme_4c,89,overlapping_binary_heavy,median,neighbor_joining,tbs_diffusion_graphtools_adaptive_nnls::graphtools_adaptive_k_tree_strategy__tree_linkage_method_median__r0,tbs_diffusion_graphtools_adaptive_nnls::graphtools_adaptive_k_tree_strategy__tree_builder_neighbor_joining__r0,True,600,598,598,188,820,0.68561872909699,0.1865079365079365,245.46032227266576,1,1,1.0,788,0.16322306622651148,0.2526971574172191,0.5413237276846394,20000,0.01110047954706422,0.056657995678445365,0.7025132748398227,interpolation_available,,0.6850921273031826,245.46032227267318,skipped_leaf_limit,,,,,,
brancharchitect_tree_comparison/v1,overlap_extreme_4c,89,overlapping_binary_heavy,median,single,tbs_diffusion_graphtools_adaptive_nnls::graphtools_adaptive_k_tree_strategy__tree_linkage_method_median__r0,tbs_diffusion_graphtools_adaptive_nnls::graphtools_adaptive_k_tree_strategy__tree_linkage_method_single__r0,True,600,598,598,219,758,0.6337792642140468,0.2241555783009212,184.9175550153599,1,1,1.0,819,0.14468704749118771,0.24018136794235972,0.7119807840431223,20000,0.008352210045005231,0.050911631867534224,0.7500176290733892,interpolation_available,,0.6331658291457286,184.91755501531424,skipped_leaf_limit,,,,,,
brancharchitect_tree_comparison/v1,overlap_extreme_4c,89,overlapping_binary_heavy,median,ward,tbs_diffusion_graphtools_adaptive_nnls::graphtools_adaptive_k_tree_strategy__tree_linkage_method_median__r0,tbs_diffusion_graphtools_adaptive_nnls::graphtools_adaptive_k_tree_strategy__tree_linkage_method_ward__r0,True,600,598,598,275,646,0.540133779264214,0.2985884907709012,179.74405843265515,1,1,1.0,875,0.11734750959346402,0.20219641255242482,0.6950692801849967,20000,0.011168487740571187,0.045642288098620844,0.7848734472775561,interpolation_available,,0.5393634840871022,179.744058432661,skipped_leaf_limit,,,,,,
brancharchitect_tree_comparison/v1,overlap_extreme_4c,89,overlapping_binary_heavy,median,weighted,tbs_diffusion_graphtools_adaptive_nnls::graphtools_adaptive_k_tree_strategy__tree_linkage_method_median__r0,tbs_diffusion_graphtools_adaptive_nnls::graphtools_adaptive_k_tree_strategy__tree_linkage_method_weighted__r0,True,600,598,598,309,578,0.48327759197324416,0.3483652762119504,145.01619579742817,1,1,1.0,909,0.09366722419396553,0.17933030237016062,0.7730014718703635,20000,0.00909808862245302,0.04474841716801469,0.7974955258334744,interpolation_available,,0.4824120603015075,145.01619579742953,skipped_leaf_limit,,,,,,
brancharchitect_tree_comparison/v1,overlap_extreme_4c,89,overlapping_binary_heavy,neighbor_joining,single,tbs_diffusion_graphtools_adaptive_nnls::graphtools_adaptive_k_tree_strategy__tree_builder_neighbor_joining__r0,tbs_diffusion_graphtools_adaptive_nnls::graphtools_adaptive_k_tree_strategy__tree_linkage_method_single__r0,True,600,598,598,141,914,0.7642140468227425,0.13364928909952606,281.618598694326,1,1,1.0,741,0.22413038319530215,0.3181929209493651,0.4844308928185876,20000,0.011545943852688513,0.060597563008477386,0.6824415515137978,interpolation_available,,0.7638190954773869,281.6185986942694,skipped_leaf_limit,,,,,,
brancharchitect_tree_comparison/v1,overlap_extreme_4c,89,overlapping_binary_heavy,neighbor_joining,ward,tbs_diffusion_graphtools_adaptive_nnls::graphtools_adaptive_k_tree_strategy__tree_builder_neighbor_joining__r0,tbs_diffusion_graphtools_adaptive_nnls::graphtools_adaptive_k_tree_strategy__tree_linkage_method_ward__r0,True,600,598,598,195,806,0.6739130434782609,0.19480519480519481,245.73780159262287,1,1,1.0,795,0.14911054604308618,0.2294742857520995,0.5406141802210922,20000,0.012374321947574157,0.05582016415911487,0.6901099860273286,interpolation_available,,0.6733668341708543,245.73780159262458,skipped_leaf_limit,,,,,,
brancharchitect_tree_comparison/v1,overlap_extreme_4c,89,overlapping_binary_heavy,neighbor_joining,weighted,tbs_diffusion_graphtools_adaptive_nnls::graphtools_adaptive_k_tree_strategy__tree_builder_neighbor_joining__r0,tbs_diffusion_graphtools_adaptive_nnls::graphtools_adaptive_k_tree_strategy__tree_linkage_method_weighted__r0,True,600,598,598,205,786,0.657190635451505,0.20686175580222,236.75974599055752,1,1,1.0,805,0.14210180869773342,0.22590804098082212,0.5780226720835447,20000,0.011501315719159215,0.0549284176078678,0.7074388983476307,interpolation_available,,0.6566164154103853,236.75974599055638,skipped_leaf_limit,,,,,,
brancharchitect_tree_comparison/v1,overlap_extreme_4c,89,overlapping_binary_heavy,single,ward,tbs_diffusion_graphtools_adaptive_nnls::graphtools_adaptive_k_tree_strategy__tree_linkage_method_single__r0,tbs_diffusion_graphtools_adaptive_nnls::graphtools_adaptive_k_tree_strategy__tree_linkage_method_ward__r0,True,600,598,598,202,792,0.6622073578595318,0.20321931589537223,244.09164953325435,1,1,1.0,802,0.19187066838259537,0.29589769912111824,0.5719894803205686,20000,0.011650402266486906,0.05180220487181012,0.7178918351883717,interpolation_available,,0.661641541038526,244.09164953320493,skipped_leaf_limit,,,,,,
brancharchitect_tree_comparison/v1,overlap_extreme_4c,89,overlapping_binary_heavy,single,weighted,tbs_diffusion_graphtools_adaptive_nnls::graphtools_adaptive_k_tree_strategy__tree_linkage_method_single__r0,tbs_diffusion_graphtools_adaptive_nnls::graphtools_adaptive_k_tree_strategy__tree_linkage_method_weighted__r0,True,600,598,598,214,768,0.6421404682274248,0.21792260692464357,233.66460592014042,1,1,1.0,814,0.18264657553753955,0.28583976838170044,0.6261218340289527,20000,0.009812606476720848,0.049372423955681054,0.7040513101569034,interpolation_available,,0.6415410385259631,233.66460592008934,skipped_leaf_limit,,,,,,
brancharchitect_tree_comparison/v1,overlap_extreme_4c,89,overlapping_binary_heavy,ward,weighted,tbs_diffusion_graphtools_adaptive_nnls::graphtools_adaptive_k_tree_strategy__tree_linkage_method_ward__r0,tbs_diffusion_graphtools_adaptive_nnls::graphtools_adaptive_k_tree_strategy__tree_linkage_method_weighted__r0,True,600,598,598,348,500,0.4180602006688963,0.41037735849056606,106.39275297996109,1,1,1.0,948,0.057314558155572196,0.11967543845275418,0.8632570546375785,20000,0.010159189837731642,0.04140509109244966,0.7959375300586614,interpolation_available,,0.41708542713567837,106.39275297996373,skipped_leaf_limit,,,,,,
brancharchitect_tree_comparison/v1,mp_spike_above_bbp_continuous,114,method_proof,average,centroid,tbs_diffusion_graphtools_adaptive_nnls::graphtools_adaptive_k_tree_strategy__tree_linkage_method_average__r0,tbs_diffusion_graphtools_adaptive_nnls::graphtools_adaptive_k_tree_strategy__tree_linkage_method_centroid__r0,True,120,118,118,1,234,0.9915254237288136,0.00425531914893617,1.4666961242062877,1,1,1.0,121,0.005450468097954823,0.04420001932997519,0.9384631320868749,7140,0.0004367514279706696,0.0017120714219250046,0.9998847774147164,interpolation_available,,0.0,1.4666961242051744,ok,0.317432165145874,6.0,3.0,2.0,234.0,0.8071894843535742
brancharchitect_tree_comparison/v1,mp_spike_above_bbp_continuous,114,method_proof,average,complete,tbs_diffusion_graphtools_adaptive_nnls::graphtools_adaptive_k_tree_strategy__tree_linkage_method_average__r0,tbs_diffusion_graphtools_adaptive_nnls::graphtools_adaptive_k_tree_strategy__tree_linkage_method_complete__r0,True,120,118,118,118,0,0.0,1.0,0.0,1,1,1.0,238,0.0,0.0,1.0,7140,0.0,0.0,1.0,interpolation_available,,0.0,0.0,ok,0.01272439956665039,2.0,0.0,0.0,0.0,0.0
brancharchitect_tree_comparison/v1,mp_spike_above_bbp_continuous,114,method_proof,average,median,tbs_diffusion_graphtools_adaptive_nnls::graphtools_adaptive_k_tree_strategy__tree_linkage_method_average__r0,tbs_diffusion_graphtools_adaptive_nnls::graphtools_adaptive_k_tree_strategy__tree_linkage_method_median__r0,True,120,118,118,1,234,0.9915254237288136,0.00425531914893617,1.4666961242062877,1,1,1.0,121,0.005450468097954823,0.04420001932997519,0.9384631320868749,7140,0.0004367514279706696,0.0017120714219250046,0.9998847774147164,interpolation_available,,0.0,1.4666961242051744,ok,0.3168940544128418,6.0,3.0,2.0,234.0,0.8071894843535742
brancharchitect_tree_comparison/v1,mp_spike_above_bbp_continuous,114,method_proof,average,single,tbs_diffusion_graphtools_adaptive_nnls::graphtools_adaptive_k_tree_strategy__tree_linkage_method_average__r0,tbs_diffusion_graphtools_adaptive_nnls::graphtools_adaptive_k_tree_strategy__tree_linkage_method_single__r0,True,120,118,118,118,0,0.0,1.0,0.0,1,1,1.0,238,0.0,0.0,1.0,7140,0.0,0.0,1.0,interpolation_available,,0.0,0.0,ok,0.01225590705871582,2.0,0.0,0.0,0.0,0.0
brancharchitect_tree_comparison/v1,mp_spike_above_bbp_continuous,114,method_proof,average,ward,tbs_diffusion_graphtools_adaptive_nnls::graphtools_adaptive_k_tree_strategy__tree_linkage_method_average__r0,tbs_diffusion_graphtools_adaptive_nnls::graphtools_adaptive_k_tree_strategy__tree_linkage_method_ward__r0,True,120,118,118,118,0,0.0,1.0,0.0,1,1,1.0,238,0.0,0.0,1.0,7140,0.0,0.0,1.0,interpolation_available,,0.0,0.0,ok,0.012539148330688477,2.0,0.0,0.0,0.0,0.0
brancharchitect_tree_comparison/v1,mp_spike_above_bbp_continuous,114,method_proof,average,weighted,tbs_diffusion_graphtools_adaptive_nnls::graphtools_adaptive_k_tree_strategy__tree_linkage_method_average__r0,tbs_diffusion_graphtools_adaptive_nnls::graphtools_adaptive_k_tree_strategy__tree_linkage_method_weighted__r0,True,120,118,118,118,0,0.0,1.0,0.0,1,1,1.0,238,0.0,0.0,1.0,7140,0.0,0.0,1.0,interpolation_available,,0.0,0.0,ok,0.012902975082397461,2.0,0.0,0.0,0.0,0.0
brancharchitect_tree_comparison/v1,mp_spike_above_bbp_continuous,114,method_proof,centroid,complete,tbs_diffusion_graphtools_adaptive_nnls::graphtools_adaptive_k_tree_strategy__tree_linkage_method_centroid__r0,tbs_diffusion_graphtools_adaptive_nnls::graphtools_adaptive_k_tree_strategy__tree_linkage_method_complete__r0,True,120,118,118,1,234,0.9915254237288136,0.00425531914893617,1.4666961242062873,1,1,1.0,121,0.005450468097954823,0.04420001932997519,0.9384631320868749,7140,0.0004367514279706696,0.0017120714219250046,0.9998847774147164,interpolation_available,,0.0,1.4666961242051737,ok,0.423504114151001,238.0,118.0,117.0,234.0,0.8071894843535745
brancharchitect_tree_comparison/v1,mp_spike_above_bbp_continuous,114,method_proof,centroid,median,tbs_diffusion_graphtools_adaptive_nnls::graphtools_adaptive_k_tree_strategy__tree_linkage_method_centroid__r0,tbs_diffusion_graphtools_adaptive_nnls::graphtools_adaptive_k_tree_strategy__tree_linkage_method_median__r0,True,120,118,118,118,0,0.0,1.0,0.0,1,1,1.0,238,0.0,0.0,1.0,7140,0.0,0.0,0.9999999999999999,interpolation_available,,0.0,0.0,ok,0.012115955352783203,2.0,0.0,0.0,0.0,0.0
brancharchitect_tree_comparison/v1,mp_spike_above_bbp_continuous,114,method_proof,centroid,single,tbs_diffusion_graphtools_adaptive_nnls::graphtools_adaptive_k_tree_strategy__tree_linkage_method_centroid__r0,tbs_diffusion_graphtools_adaptive_nnls::graphtools_adaptive_k_tree_strategy__tree_linkage_method_single__r0,True,120,118,118,1,234,0.9915254237288136,0.00425531914893617,1.4666961242062873,1,1,1.0,121,0.005450468097954823,0.04420001932997519,0.9384631320868749,7140,0.0004367514279706696,0.0017120714219250046,0.9998847774147164,interpolation_available,,0.0,1.4666961242051737,ok,0.43640708923339844,238.0,118.0,117.0,234.0,0.8071894843535745
brancharchitect_tree_comparison/v1,mp_spike_above_bbp_continuous,114,method_proof,centroid,ward,tbs_diffusion_graphtools_adaptive_nnls::graphtools_adaptive_k_tree_strategy__tree_linkage_method_centroid__r0,tbs_diffusion_graphtools_adaptive_nnls::graphtools_adaptive_k_tree_strategy__tree_linkage_method_ward__r0,True,120,118,118,1,234,0.9915254237288136,0.00425531914893617,1.4666961242062873,1,1,1.0,121,0.005450468097954823,0.04420001932997519,0.9384631320868749,7140,0.0004367514279706696,0.0017120714219250046,0.9998847774147164,interpolation_available,,0.0,1.4666961242051737,ok,0.4292631149291992,238.0,118.0,117.0,234.0,0.8071894843535745
brancharchitect_tree_comparison/v1,mp_spike_above_bbp_continuous,114,method_proof,centroid,weighted,tbs_diffusion_graphtools_adaptive_nnls::graphtools_adaptive_k_tree_strategy__tree_linkage_method_centroid__r0,tbs_diffusion_graphtools_adaptive_nnls::graphtools_adaptive_k_tree_strategy__tree_linkage_method_weighted__r0,True,120,118,118,1,234,0.9915254237288136,0.00425531914893617,1.4666961242062873,1,1,1.0,121,0.005450468097954823,0.04420001932997519,0.9384631320868749,7140,0.0004367514279706696,0.0017120714219250046,0.9998847774147164,interpolation_available,,0.0,1.4666961242051737,ok,0.4383049011230469,238.0,118.0,117.0,234.0,0.8071894843535745
brancharchitect_tree_comparison/v1,mp_spike_above_bbp_continuous,114,method_proof,complete,median,tbs_diffusion_graphtools_adaptive_nnls::graphtools_adaptive_k_tree_strategy__tree_linkage_method_complete__r0,tbs_diffusion_graphtools_adaptive_nnls::graphtools_adaptive_k_tree_strategy__tree_linkage_method_median__r0,True,120,118,118,1,234,0.9915254237288136,0.00425531914893617,1.4666961242062877,1,1,1.0,121,0.005450468097954823,0.04420001932997519,0.9384631320868749,7140,0.0004367514279706696,0.0017120714219250046,0.9998847774147164,interpolation_available,,0.0,1.4666961242051744,ok,0.29941773414611816,6.0,3.0,2.0,234.0,0.8071894843535742
brancharchitect_tree_comparison/v1,mp_spike_above_bbp_continuous,114,method_proof,complete,single,tbs_diffusion_graphtools_adaptive_nnls::graphtools_adaptive_k_tree_strategy__tree_linkage_method_complete__r0,tbs_diffusion_graphtools_adaptive_nnls::graphtools_adaptive_k_tree_strategy__tree_linkage_method_single__r0,True,120,118,118,118,0,0.0,1.0,0.0,1,1,1.0,238,0.0,0.0,1.0,7140,0.0,0.0,1.0,interpolation_available,,0.0,0.0,ok,0.011871099472045898,2.0,0.0,0.0,0.0,0.0
brancharchitect_tree_comparison/v1,mp_spike_above_bbp_continuous,114,method_proof,complete,ward,tbs_diffusion_graphtools_adaptive_nnls::graphtools_adaptive_k_tree_strategy__tree_linkage_method_complete__r0,tbs_diffusion_graphtools_adaptive_nnls::graphtools_adaptive_k_tree_strategy__tree_linkage_method_ward__r0,True,120,118,118,118,0,0.0,1.0,0.0,1,1,1.0,238,0.0,0.0,1.0,7140,0.0,0.0,1.0,interpolation_available,,0.0,0.0,ok,0.012022972106933594,2.0,0.0,0.0,0.0,0.0
brancharchitect_tree_comparison/v1,mp_spike_above_bbp_continuous,114,method_proof,complete,weighted,tbs_diffusion_graphtools_adaptive_nnls::graphtools_adaptive_k_tree_strategy__tree_linkage_method_complete__r0,tbs_diffusion_graphtools_adaptive_nnls::graphtools_adaptive_k_tree_strategy__tree_linkage_method_weighted__r0,True,120,118,118,118,0,0.0,1.0,0.0,1,1,1.0,238,0.0,0.0,1.0,7140,0.0,0.0,1.0,interpolation_available,,0.0,0.0,ok,0.012372016906738281,2.0,0.0,0.0,0.0,0.0
brancharchitect_tree_comparison/v1,mp_spike_above_bbp_continuous,114,method_proof,median,single,tbs_diffusion_graphtools_adaptive_nnls::graphtools_adaptive_k_tree_strategy__tree_linkage_method_median__r0,tbs_diffusion_graphtools_adaptive_nnls::graphtools_adaptive_k_tree_strategy__tree_linkage_method_single__r0,True,120,118,118,1,234,0.9915254237288136,0.00425531914893617,1.4666961242062873,1,1,1.0,121,0.005450468097954823,0.04420001932997519,0.9384631320868749,7140,0.0004367514279706696,0.0017120714219250046,0.9998847774147164,interpolation_available,,0.0,1.4666961242051737,ok,0.43589115142822266,238.0,118.0,117.0,234.0,0.8071894843535745
brancharchitect_tree_comparison/v1,mp_spike_above_bbp_continuous,114,method_proof,median,ward,tbs_diffusion_graphtools_adaptive_nnls::graphtools_adaptive_k_tree_strategy__tree_linkage_method_median__r0,tbs_diffusion_graphtools_adaptive_nnls::graphtools_adaptive_k_tree_strategy__tree_linkage_method_ward__r0,True,120,118,118,1,234,0.9915254237288136,0.00425531914893617,1.4666961242062873,1,1,1.0,121,0.005450468097954823,0.04420001932997519,0.9384631320868749,7140,0.0004367514279706696,0.0017120714219250046,0.9998847774147164,interpolation_available,,0.0,1.4666961242051737,ok,0.44465112686157227,238.0,118.0,117.0,234.0,0.8071894843535745
brancharchitect_tree_comparison/v1,mp_spike_above_bbp_continuous,114,method_proof,median,weighted,tbs_diffusion_graphtools_adaptive_nnls::graphtools_adaptive_k_tree_strategy__tree_linkage_method_median__r0,tbs_diffusion_graphtools_adaptive_nnls::graphtools_adaptive_k_tree_strategy__tree_linkage_method_weighted__r0,True,120,118,118,1,234,0.9915254237288136,0.00425531914893617,1.4666961242062873,1,1,1.0,121,0.005450468097954823,0.04420001932997519,0.9384631320868749,7140,0.0004367514279706696,0.0017120714219250046,0.9998847774147164,interpolation_available,,0.0,1.4666961242051737,ok,0.4423949718475342,238.0,118.0,117.0,234.0,0.8071894843535745
brancharchitect_tree_comparison/v1,mp_spike_above_bbp_continuous,114,method_proof,single,ward,tbs_diffusion_graphtools_adaptive_nnls::graphtools_adaptive_k_tree_strategy__tree_linkage_method_single__r0,tbs_diffusion_graphtools_adaptive_nnls::graphtools_adaptive_k_tree_strategy__tree_linkage_method_ward__r0,True,120,118,118,118,0,0.0,1.0,0.0,1,1,1.0,238,0.0,0.0,1.0,7140,0.0,0.0,1.0,interpolation_available,,0.0,0.0,ok,0.012875080108642578,2.0,0.0,0.0,0.0,0.0
brancharchitect_tree_comparison/v1,mp_spike_above_bbp_continuous,114,method_proof,single,weighted,tbs_diffusion_graphtools_adaptive_nnls::graphtools_adaptive_k_tree_strategy__tree_linkage_method_single__r0,tbs_diffusion_graphtools_adaptive_nnls::graphtools_adaptive_k_tree_strategy__tree_linkage_method_weighted__r0,True,120,118,118,118,0,0.0,1.0,0.0,1,1,1.0,238,0.0,0.0,1.0,7140,0.0,0.0,1.0,interpolation_available,,0.0,0.0,ok,0.012606143951416016,2.0,0.0,0.0,0.0,0.0
brancharchitect_tree_comparison/v1,mp_spike_above_bbp_continuous,114,method_proof,ward,weighted,tbs_diffusion_graphtools_adaptive_nnls::graphtools_adaptive_k_tree_strategy__tree_linkage_method_ward__r0,tbs_diffusion_graphtools_adaptive_nnls::graphtools_adaptive_k_tree_strategy__tree_linkage_method_weighted__r0,True,120,118,118,118,0,0.0,1.0,0.0,1,1,1.0,238,0.0,0.0,1.0,7140,0.0,0.0,1.0,interpolation_available,,0.0,0.0,ok,0.012289047241210938,2.0,0.0,0.0,0.0,0.0
brancharchitect_tree_comparison/v1,cont_lowrank_pggn_shrinkage,117,method_proof,average,centroid,tbs_diffusion_graphtools_adaptive_nnls::graphtools_adaptive_k_tree_strategy__tree_linkage_method_average__r0,tbs_diffusion_graphtools_adaptive_nnls::graphtools_adaptive_k_tree_strategy__tree_linkage_method_centroid__r0,True,80,78,78,1,154,0.9871794871794872,0.0064516129032258064,1.1253296272880808,1,1,1.0,81,0.006604205583921511,0.05939083223852097,0.8841669551884639,3160,1.3919987273277687e-05,2.276799083487085e-05,0.9999999006510768,interpolation_available,,0.0,1.1253296272759685,ok,0.12270712852478027,6.0,3.0,2.0,154.0,0.5903889749908257
brancharchitect_tree_comparison/v1,cont_lowrank_pggn_shrinkage,117,method_proof,average,complete,tbs_diffusion_graphtools_adaptive_nnls::graphtools_adaptive_k_tree_strategy__tree_linkage_method_average__r0,tbs_diffusion_graphtools_adaptive_nnls::graphtools_adaptive_k_tree_strategy__tree_linkage_method_complete__r0,True,80,78,78,78,0,0.0,1.0,0.0,1,1,1.0,158,0.0,0.0,1.0,3160,0.0,0.0,0.9999999999999999,interpolation_available,,0.0,0.0,ok,0.0054399967193603516,2.0,0.0,0.0,0.0,0.0
brancharchitect_tree_comparison/v1,cont_lowrank_pggn_shrinkage,117,method_proof,average,median,tbs_diffusion_graphtools_adaptive_nnls::graphtools_adaptive_k_tree_strategy__tree_linkage_method_average__r0,tbs_diffusion_graphtools_adaptive_nnls::graphtools_adaptive_k_tree_strategy__tree_linkage_method_median__r0,True,80,78,78,1,154,0.9871794871794872,0.0064516129032258064,1.1253296272880808,1,1,1.0,81,0.006604205583921511,0.05939083223852097,0.8841669551884639,3160,1.3919987273277687e-05,2.276799083487085e-05,0.9999999006510768,interpolation_available,,0.0,1.1253296272759685,ok,0.12400293350219727,6.0,3.0,2.0,154.0,0.5903889749908257
brancharchitect_tree_comparison/v1,cont_lowrank_pggn_shrinkage,117,method_proof,average,single,tbs_diffusion_graphtools_adaptive_nnls::graphtools_adaptive_k_tree_strategy__tree_linkage_method_average__r0,tbs_diffusion_graphtools_adaptive_nnls::graphtools_adaptive_k_tree_strategy__tree_linkage_method_single__r0,True,80,78,78,78,0,0.0,1.0,0.0,1,1,1.0,158,0.0,0.0,1.0,3160,0.0,0.0,0.9999999999999999,interpolation_available,,0.0,0.0,ok,0.006833076477050781,2.0,0.0,0.0,0.0,0.0
brancharchitect_tree_comparison/v1,cont_lowrank_pggn_shrinkage,117,method_proof,average,ward,tbs_diffusion_graphtools_adaptive_nnls::graphtools_adaptive_k_tree_strategy__tree_linkage_method_average__r0,tbs_diffusion_graphtools_adaptive_nnls::graphtools_adaptive_k_tree_strategy__tree_linkage_method_ward__r0,True,80,78,78,78,0,0.0,1.0,0.0,1,1,1.0,158,0.0,0.0,1.0,3160,0.0,0.0,0.9999999999999999,interpolation_available,,0.0,0.0,ok,0.005810260772705078,2.0,0.0,0.0,0.0,0.0
brancharchitect_tree_comparison/v1,cont_lowrank_pggn_shrinkage,117,method_proof,average,weighted,tbs_diffusion_graphtools_adaptive_nnls::graphtools_adaptive_k_tree_strategy__tree_linkage_method_average__r0,tbs_diffusion_graphtools_adaptive_nnls::graphtools_adaptive_k_tree_strategy__tree_linkage_method_weighted__r0,True,80,78,78,78,0,0.0,1.0,0.0,1,1,1.0,158,0.0,0.0,1.0,3160,0.0,0.0,0.9999999999999999,interpolation_available,,0.0,0.0,ok,0.005444049835205078,2.0,0.0,0.0,0.0,0.0
brancharchitect_tree_comparison/v1,cont_lowrank_pggn_shrinkage,117,method_proof,centroid,complete,tbs_diffusion_graphtools_adaptive_nnls::graphtools_adaptive_k_tree_strategy__tree_linkage_method_centroid__r0,tbs_diffusion_graphtools_adaptive_nnls::graphtools_adaptive_k_tree_strategy__tree_linkage_method_complete__r0,True,80,78,78,1,154,0.9871794871794872,0.0064516129032258064,1.1253296272880808,1,1,1.0,81,0.006604205583921511,0.05939083223852097,0.884166955188464,3160,1.3919987273277687e-05,2.276799083487085e-05,0.9999999006510768,interpolation_available,,0.0,1.1253296272759683,ok,0.12735199928283691,158.0,78.0,77.0,154.0,0.5903889749908257
brancharchitect_tree_comparison/v1,cont_lowrank_pggn_shrinkage,117,method_proof,centroid,median,tbs_diffusion_graphtools_adaptive_nnls::graphtools_adaptive_k_tree_strategy__tree_linkage_method_centroid__r0,tbs_diffusion_graphtools_adaptive_nnls::graphtools_adaptive_k_tree_strategy__tree_linkage_method_median__r0,True,80,78,78,78,0,0.0,1.0,0.0,1,1,1.0,158,0.0,0.0,0.9999999999999998,3160,0.0,0.0,1.0,interpolation_available,,0.0,0.0,ok,0.005594015121459961,2.0,0.0,0.0,0.0,0.0
brancharchitect_tree_comparison/v1,cont_lowrank_pggn_shrinkage,117,method_proof,centroid,single,tbs_diffusion_graphtools_adaptive_nnls::graphtools_adaptive_k_tree_strategy__tree_linkage_method_centroid__r0,tbs_diffusion_graphtools_adaptive_nnls::graphtools_adaptive_k_tree_strategy__tree_linkage_method_single__r0,True,80,78,78,1,154,0.9871794871794872,0.0064516129032258064,1.1253296272880808,1,1,1.0,81,0.006604205583921511,0.05939083223852097,0.884166955188464,3160,1.3919987273277687e-05,2.276799083487085e-05,0.9999999006510768,interpolation_available,,0.0,1.1253296272759683,ok,0.2847628593444824,158.0,78.0,77.0,154.0,0.5903889749908257
brancharchitect_tree_comparison/v1,cont_lowrank_pggn_shrinkage,117,method_proof,centroid,ward,tbs_diffusion_graphtools_adaptive_nnls::graphtools_adaptive_k_tree_strategy__tree_linkage_method_centroid__r0,tbs_diffusion_graphtools_adaptive_nnls::graphtools_adaptive_k_tree_strategy__tree_linkage_method_ward__r0,True,80,78,78,1,154,0.9871794871794872,0.0064516129032258064,1.1253296272880808,1,1,1.0,81,0.006604205583921511,0.05939083223852097,0.884166955188464,3160,1.3919987273277687e-05,2.276799083487085e-05,0.9999999006510768,interpolation_available,,0.0,1.1253296272759683,ok,0.12573695182800293,158.0,78.0,77.0,154.0,0.5903889749908257
brancharchitect_tree_comparison/v1,cont_lowrank_pggn_shrinkage,117,method_proof,centroid,weighted,tbs_diffusion_graphtools_adaptive_nnls::graphtools_adaptive_k_tree_strategy__tree_linkage_method_centroid__r0,tbs_diffusion_graphtools_adaptive_nnls::graphtools_adaptive_k_tree_strategy__tree_linkage_method_weighted__r0,True,80,78,78,1,154,0.9871794871794872,0.0064516129032258064,1.1253296272880808,1,1,1.0,81,0.006604205583921511,0.05939083223852097,0.884166955188464,3160,1.3919987273277687e-05,2.276799083487085e-05,0.9999999006510768,interpolation_available,,0.0,1.1253296272759683,ok,0.2320239543914795,158.0,78.0,77.0,154.0,0.5903889749908257
brancharchitect_tree_comparison/v1,cont_lowrank_pggn_shrinkage,117,method_proof,complete,median,tbs_diffusion_graphtools_adaptive_nnls::graphtools_adaptive_k_tree_strategy__tree_linkage_method_complete__r0,tbs_diffusion_graphtools_adaptive_nnls::graphtools_adaptive_k_tree_strategy__tree_linkage_method_median__r0,True,80,78,78,1,154,0.9871794871794872,0.0064516129032258064,1.1253296272880808,1,1,1.0,81,0.006604205583921511,0.05939083223852097,0.8841669551884639,3160,1.3919987273277687e-05,2.276799083487085e-05,0.9999999006510768,interpolation_available,,0.0,1.1253296272759685,ok,0.1178739070892334,6.0,3.0,2.0,154.0,0.5903889749908257
brancharchitect_tree_comparison/v1,cont_lowrank_pggn_shrinkage,117,method_proof,complete,single,tbs_diffusion_graphtools_adaptive_nnls::graphtools_adaptive_k_tree_strategy__tree_linkage_method_complete__r0,tbs_diffusion_graphtools_adaptive_nnls::graphtools_adaptive_k_tree_strategy__tree_linkage_method_single__r0,True,80,78,78,78,0,0.0,1.0,0.0,1,1,1.0,158,0.0,0.0,1.0,3160,0.0,0.0,0.9999999999999999,interpolation_available,,0.0,0.0,ok,0.005823850631713867,2.0,0.0,0.0,0.0,0.0
brancharchitect_tree_comparison/v1,cont_lowrank_pggn_shrinkage,117,method_proof,complete,ward,tbs_diffusion_graphtools_adaptive_nnls::graphtools_adaptive_k_tree_strategy__tree_linkage_method_complete__r0,tbs_diffusion_graphtools_adaptive_nnls::graphtools_adaptive_k_tree_strategy__tree_linkage_method_ward__r0,True,80,78,78,78,0,0.0,1.0,0.0,1,1,1.0,158,0.0,0.0,1.0,3160,0.0,0.0,0.9999999999999999,interpolation_available,,0.0,0.0,ok,0.005764007568359375,2.0,0.0,0.0,0.0,0.0
brancharchitect_tree_comparison/v1,cont_lowrank_pggn_shrinkage,117,method_proof,complete,weighted,tbs_diffusion_graphtools_adaptive_nnls::graphtools_adaptive_k_tree_strategy__tree_linkage_method_complete__r0,tbs_diffusion_graphtools_adaptive_nnls::graphtools_adaptive_k_tree_strategy__tree_linkage_method_weighted__r0,True,80,78,78,78,0,0.0,1.0,0.0,1,1,1.0,158,0.0,0.0,1.0,3160,0.0,0.0,0.9999999999999999,interpolation_available,,0.0,0.0,ok,0.005815982818603516,2.0,0.0,0.0,0.0,0.0
brancharchitect_tree_comparison/v1,cont_lowrank_pggn_shrinkage,117,method_proof,median,single,tbs_diffusion_graphtools_adaptive_nnls::graphtools_adaptive_k_tree_strategy__tree_linkage_method_median__r0,tbs_diffusion_graphtools_adaptive_nnls::graphtools_adaptive_k_tree_strategy__tree_linkage_method_single__r0,True,80,78,78,1,154,0.9871794871794872,0.0064516129032258064,1.1253296272880808,1,1,1.0,81,0.006604205583921511,0.05939083223852097,0.884166955188464,3160,1.3919987273277687e-05,2.276799083487085e-05,0.9999999006510768,interpolation_available,,0.0,1.1253296272759683,ok,0.12654685974121094,158.0,78.0,77.0,154.0,0.5903889749908257
brancharchitect_tree_comparison/v1,cont_lowrank_pggn_shrinkage,117,method_proof,median,ward,tbs_diffusion_graphtools_adaptive_nnls::graphtools_adaptive_k_tree_strategy__tree_linkage_method_median__r0,tbs_diffusion_graphtools_adaptive_nnls::graphtools_adaptive_k_tree_strategy__tree_linkage_method_ward__r0,True,80,78,78,1,154,0.9871794871794872,0.0064516129032258064,1.1253296272880808,1,1,1.0,81,0.006604205583921511,0.05939083223852097,0.884166955188464,3160,1.3919987273277687e-05,2.276799083487085e-05,0.9999999006510768,interpolation_available,,0.0,1.1253296272759683,ok,0.12374997138977051,158.0,78.0,77.0,154.0,0.5903889749908257
brancharchitect_tree_comparison/v1,cont_lowrank_pggn_shrinkage,117,method_proof,median,weighted,tbs_diffusion_graphtools_adaptive_nnls::graphtools_adaptive_k_tree_strategy__tree_linkage_method_median__r0,tbs_diffusion_graphtools_adaptive_nnls::graphtools_adaptive_k_tree_strategy__tree_linkage_method_weighted__r0,True,80,78,78,1,154,0.9871794871794872,0.0064516129032258064,1.1253296272880808,1,1,1.0,81,0.006604205583921511,0.05939083223852097,0.884166955188464,3160,1.3919987273277687e-05,2.276799083487085e-05,0.9999999006510768,interpolation_available,,0.0,1.1253296272759683,ok,0.23799419403076172,158.0,78.0,77.0,154.0,0.5903889749908257
brancharchitect_tree_comparison/v1,cont_lowrank_pggn_shrinkage,117,method_proof,single,ward,tbs_diffusion_graphtools_adaptive_nnls::graphtools_adaptive_k_tree_strategy__tree_linkage_method_single__r0,tbs_diffusion_graphtools_adaptive_nnls::graphtools_adaptive_k_tree_strategy__tree_linkage_method_ward__r0,True,80,78,78,78,0,0.0,1.0,0.0,1,1,1.0,158,0.0,0.0,1.0,3160,0.0,0.0,0.9999999999999999,interpolation_available,,0.0,0.0,ok,0.00531315803527832,2.0,0.0,0.0,0.0,0.0
brancharchitect_tree_comparison/v1,cont_lowrank_pggn_shrinkage,117,method_proof,single,weighted,tbs_diffusion_graphtools_adaptive_nnls::graphtools_adaptive_k_tree_strategy__tree_linkage_method_single__r0,tbs_diffusion_graphtools_adaptive_nnls::graphtools_adaptive_k_tree_strategy__tree_linkage_method_weighted__r0,True,80,78,78,78,0,0.0,1.0,0.0,1,1,1.0,158,0.0,0.0,1.0,3160,0.0,0.0,0.9999999999999999,interpolation_available,,0.0,0.0,ok,0.005278110504150391,2.0,0.0,0.0,0.0,0.0
brancharchitect_tree_comparison/v1,cont_lowrank_pggn_shrinkage,117,method_proof,ward,weighted,tbs_diffusion_graphtools_adaptive_nnls::graphtools_adaptive_k_tree_strategy__tree_linkage_method_ward__r0,tbs_diffusion_graphtools_adaptive_nnls::graphtools_adaptive_k_tree_strategy__tree_linkage_method_weighted__r0,True,80,78,78,78,0,0.0,1.0,0.0,1,1,1.0,158,0.0,0.0,1.0,3160,0.0,0.0,0.9999999999999999,interpolation_available,,0.0,0.0,ok,0.005362987518310547,2.0,0.0,0.0,0.0,0.0
brancharchitect_tree_comparison/v1,phylo_brownian_null_16taxa,119,method_proof,average,centroid,tbs_diffusion_graphtools_adaptive_nnls::graphtools_adaptive_k_tree_strategy__tree_linkage_method_average__r0,tbs_diffusion_graphtools_adaptive_nnls::graphtools_adaptive_k_tree_strategy__tree_linkage_method_centroid__r0,True,160,158,158,1,314,0.9936708860759493,0.0031746031746031746,4.95559599787068,1,1,1.0,161,0.0012195194039341475,0.003633576345156225,0.9999261838836442,12720,0.0007768259233926962,0.002139682579077399,0.9999804248646692,interpolation_available,,0.0,4.955595997866855,skipped_leaf_limit,,,,,,
brancharchitect_tree_comparison/v1,phylo_brownian_null_16taxa,119,method_proof,average,complete,tbs_diffusion_graphtools_adaptive_nnls::graphtools_adaptive_k_tree_strategy__tree_linkage_method_average__r0,tbs_diffusion_graphtools_adaptive_nnls::graphtools_adaptive_k_tree_strategy__tree_linkage_method_complete__r0,True,160,158,158,158,0,0.0,1.0,0.0,1,1,1.0,318,0.0,0.0,1.0,12720,0.0,0.0,1.0,interpolation_available,,0.0,0.0,skipped_leaf_limit,,,,,,
brancharchitect_tree_comparison/v1,phylo_brownian_null_16taxa,119,method_proof,average,median,tbs_diffusion_graphtools_adaptive_nnls::graphtools_adaptive_k_tree_strategy__tree_linkage_method_average__r0,tbs_diffusion_graphtools_adaptive_nnls::graphtools_adaptive_k_tree_strategy__tree_linkage_method_median__r0,True,160,158,158,1,314,0.9936708860759493,0.0031746031746031746,4.95559599787068,1,1,1.0,161,0.0012195194039341475,0.003633576345156225,0.9999261838836442,12720,0.0007768259233926962,0.002139682579077399,0.9999804248646692,interpolation_available,,0.0,4.955595997866855,skipped_leaf_limit,,,,,,
brancharchitect_tree_comparison/v1,phylo_brownian_null_16taxa,119,method_proof,average,single,tbs_diffusion_graphtools_adaptive_nnls::graphtools_adaptive_k_tree_strategy__tree_linkage_method_average__r0,tbs_diffusion_graphtools_adaptive_nnls::graphtools_adaptive_k_tree_strategy__tree_linkage_method_single__r0,True,160,158,158,158,0,0.0,1.0,0.0,1,1,1.0,318,0.0,0.0,1.0,12720,0.0,0.0,1.0,interpolation_available,,0.0,0.0,skipped_leaf_limit,,,,,,
brancharchitect_tree_comparison/v1,phylo_brownian_null_16taxa,119,method_proof,average,ward,tbs_diffusion_graphtools_adaptive_nnls::graphtools_adaptive_k_tree_strategy__tree_linkage_method_average__r0,tbs_diffusion_graphtools_adaptive_nnls::graphtools_adaptive_k_tree_strategy__tree_linkage_method_ward__r0,True,160,158,158,158,0,0.0,1.0,0.0,1,1,1.0,318,0.0,0.0,1.0,12720,0.0,0.0,1.0,interpolation_available,,0.0,0.0,skipped_leaf_limit,,,,,,
brancharchitect_tree_comparison/v1,phylo_brownian_null_16taxa,119,method_proof,average,weighted,tbs_diffusion_graphtools_adaptive_nnls::graphtools_adaptive_k_tree_strategy__tree_linkage_method_average__r0,tbs_diffusion_graphtools_adaptive_nnls::graphtools_adaptive_k_tree_strategy__tree_linkage_method_weighted__r0,True,160,158,158,158,0,0.0,1.0,0.0,1,1,1.0,318,0.0,0.0,1.0,12720,0.0,0.0,1.0,interpolation_available,,0.0,0.0,skipped_leaf_limit,,,,,,
brancharchitect_tree_comparison/v1,phylo_brownian_null_16taxa,119,method_proof,centroid,complete,tbs_diffusion_graphtools_adaptive_nnls::graphtools_adaptive_k_tree_strategy__tree_linkage_method_centroid__r0,tbs_diffusion_graphtools_adaptive_nnls::graphtools_adaptive_k_tree_strategy__tree_linkage_method_complete__r0,True,160,158,158,1,314,0.9936708860759493,0.0031746031746031746,4.95559599787068,1,1,1.0,161,0.0012195194039341475,0.003633576345156225,0.9999261838836443,12720,0.0007768259233926962,0.002139682579077399,0.9999804248646692,interpolation_available,,0.0,4.955595997866853,skipped_leaf_limit,,,,,,
brancharchitect_tree_comparison/v1,phylo_brownian_null_16taxa,119,method_proof,centroid,median,tbs_diffusion_graphtools_adaptive_nnls::graphtools_adaptive_k_tree_strategy__tree_linkage_method_centroid__r0,tbs_diffusion_graphtools_adaptive_nnls::graphtools_adaptive_k_tree_strategy__tree_linkage_method_median__r0,True,160,158,158,158,0,0.0,1.0,0.0,1,1,1.0,318,0.0,0.0,1.0,12720,0.0,0.0,1.0,interpolation_available,,0.0,0.0,skipped_leaf_limit,,,,,,
brancharchitect_tree_comparison/v1,phylo_brownian_null_16taxa,119,method_proof,centroid,single,tbs_diffusion_graphtools_adaptive_nnls::graphtools_adaptive_k_tree_strategy__tree_linkage_method_centroid__r0,tbs_diffusion_graphtools_adaptive_nnls::graphtools_adaptive_k_tree_strategy__tree_linkage_method_single__r0,True,160,158,158,1,314,0.9936708860759493,0.0031746031746031746,4.95559599787068,1,1,1.0,161,0.0012195194039341475,0.003633576345156225,0.9999261838836443,12720,0.0007768259233926962,0.002139682579077399,0.9999804248646692,interpolation_available,,0.0,4.955595997866853,skipped_leaf_limit,,,,,,
brancharchitect_tree_comparison/v1,phylo_brownian_null_16taxa,119,method_proof,centroid,ward,tbs_diffusion_graphtools_adaptive_nnls::graphtools_adaptive_k_tree_strategy__tree_linkage_method_centroid__r0,tbs_diffusion_graphtools_adaptive_nnls::graphtools_adaptive_k_tree_strategy__tree_linkage_method_ward__r0,True,160,158,158,1,314,0.9936708860759493,0.0031746031746031746,4.95559599787068,1,1,1.0,161,0.0012195194039341475,0.003633576345156225,0.9999261838836443,12720,0.0007768259233926962,0.002139682579077399,0.9999804248646692,interpolation_available,,0.0,4.955595997866853,skipped_leaf_limit,,,,,,
brancharchitect_tree_comparison/v1,phylo_brownian_null_16taxa,119,method_proof,centroid,weighted,tbs_diffusion_graphtools_adaptive_nnls::graphtools_adaptive_k_tree_strategy__tree_linkage_method_centroid__r0,tbs_diffusion_graphtools_adaptive_nnls::graphtools_adaptive_k_tree_strategy__tree_linkage_method_weighted__r0,True,160,158,158,1,314,0.9936708860759493,0.0031746031746031746,4.95559599787068,1,1,1.0,161,0.0012195194039341475,0.003633576345156225,0.9999261838836443,12720,0.0007768259233926962,0.002139682579077399,0.9999804248646692,interpolation_available,,0.0,4.955595997866853,skipped_leaf_limit,,,,,,
brancharchitect_tree_comparison/v1,phylo_brownian_null_16taxa,119,method_proof,complete,median,tbs_diffusion_graphtools_adaptive_nnls::graphtools_adaptive_k_tree_strategy__tree_linkage_method_complete__r0,tbs_diffusion_graphtools_adaptive_nnls::graphtools_adaptive_k_tree_strategy__tree_linkage_method_median__r0,True,160,158,158,1,314,0.9936708860759493,0.0031746031746031746,4.95559599787068,1,1,1.0,161,0.0012195194039341475,0.003633576345156225,0.9999261838836442,12720,0.0007768259233926962,0.002139682579077399,0.9999804248646692,interpolation_available,,0.0,4.955595997866855,skipped_leaf_limit,,,,,,
brancharchitect_tree_comparison/v1,phylo_brownian_null_16taxa,119,method_proof,complete,single,tbs_diffusion_graphtools_adaptive_nnls::graphtools_adaptive_k_tree_strategy__tree_linkage_method_complete__r0,tbs_diffusion_graphtools_adaptive_nnls::graphtools_adaptive_k_tree_strategy__tree_linkage_method_single__r0,True,160,158,158,158,0,0.0,1.0,0.0,1,1,1.0,318,0.0,0.0,1.0,12720,0.0,0.0,1.0,interpolation_available,,0.0,0.0,skipped_leaf_limit,,,,,,
brancharchitect_tree_comparison/v1,phylo_brownian_null_16taxa,119,method_proof,complete,ward,tbs_diffusion_graphtools_adaptive_nnls::graphtools_adaptive_k_tree_strategy__tree_linkage_method_complete__r0,tbs_diffusion_graphtools_adaptive_nnls::graphtools_adaptive_k_tree_strategy__tree_linkage_method_ward__r0,True,160,158,158,158,0,0.0,1.0,0.0,1,1,1.0,318,0.0,0.0,1.0,12720,0.0,0.0,1.0,interpolation_available,,0.0,0.0,skipped_leaf_limit,,,,,,
brancharchitect_tree_comparison/v1,phylo_brownian_null_16taxa,119,method_proof,complete,weighted,tbs_diffusion_graphtools_adaptive_nnls::graphtools_adaptive_k_tree_strategy__tree_linkage_method_complete__r0,tbs_diffusion_graphtools_adaptive_nnls::graphtools_adaptive_k_tree_strategy__tree_linkage_method_weighted__r0,True,160,158,158,158,0,0.0,1.0,0.0,1,1,1.0,318,0.0,0.0,1.0,12720,0.0,0.0,1.0,interpolation_available,,0.0,0.0,skipped_leaf_limit,,,,,,
brancharchitect_tree_comparison/v1,phylo_brownian_null_16taxa,119,method_proof,median,single,tbs_diffusion_graphtools_adaptive_nnls::graphtools_adaptive_k_tree_strategy__tree_linkage_method_median__r0,tbs_diffusion_graphtools_adaptive_nnls::graphtools_adaptive_k_tree_strategy__tree_linkage_method_single__r0,True,160,158,158,1,314,0.9936708860759493,0.0031746031746031746,4.95559599787068,1,1,1.0,161,0.0012195194039341475,0.003633576345156225,0.9999261838836443,12720,0.0007768259233926962,0.002139682579077399,0.9999804248646692,interpolation_available,,0.0,4.955595997866853,skipped_leaf_limit,,,,,,
brancharchitect_tree_comparison/v1,phylo_brownian_null_16taxa,119,method_proof,median,ward,tbs_diffusion_graphtools_adaptive_nnls::graphtools_adaptive_k_tree_strategy__tree_linkage_method_median__r0,tbs_diffusion_graphtools_adaptive_nnls::graphtools_adaptive_k_tree_strategy__tree_linkage_method_ward__r0,True,160,158,158,1,314,0.9936708860759493,0.0031746031746031746,4.95559599787068,1,1,1.0,161,0.0012195194039341475,0.003633576345156225,0.9999261838836443,12720,0.0007768259233926962,0.002139682579077399,0.9999804248646692,interpolation_available,,0.0,4.955595997866853,skipped_leaf_limit,,,,,,
brancharchitect_tree_comparison/v1,phylo_brownian_null_16taxa,119,method_proof,median,weighted,tbs_diffusion_graphtools_adaptive_nnls::graphtools_adaptive_k_tree_strategy__tree_linkage_method_median__r0,tbs_diffusion_graphtools_adaptive_nnls::graphtools_adaptive_k_tree_strategy__tree_linkage_method_weighted__r0,True,160,158,158,1,314,0.9936708860759493,0.0031746031746031746,4.95559599787068,1,1,1.0,161,0.0012195194039341475,0.003633576345156225,0.9999261838836443,12720,0.0007768259233926962,0.002139682579077399,0.9999804248646692,interpolation_available,,0.0,4.955595997866853,skipped_leaf_limit,,,,,,
brancharchitect_tree_comparison/v1,phylo_brownian_null_16taxa,119,method_proof,single,ward,tbs_diffusion_graphtools_adaptive_nnls::graphtools_adaptive_k_tree_strategy__tree_linkage_method_single__r0,tbs_diffusion_graphtools_adaptive_nnls::graphtools_adaptive_k_tree_strategy__tree_linkage_method_ward__r0,True,160,158,158,158,0,0.0,1.0,0.0,1,1,1.0,318,0.0,0.0,1.0,12720,0.0,0.0,1.0,interpolation_available,,0.0,0.0,skipped_leaf_limit,,,,,,
brancharchitect_tree_comparison/v1,phylo_brownian_null_16taxa,119,method_proof,single,weighted,tbs_diffusion_graphtools_adaptive_nnls::graphtools_adaptive_k_tree_strategy__tree_linkage_method_single__r0,tbs_diffusion_graphtools_adaptive_nnls::graphtools_adaptive_k_tree_strategy__tree_linkage_method_weighted__r0,True,160,158,158,158,0,0.0,1.0,0.0,1,1,1.0,318,0.0,0.0,1.0,12720,0.0,0.0,1.0,interpolation_available,,0.0,0.0,skipped_leaf_limit,,,,,,
brancharchitect_tree_comparison/v1,phylo_brownian_null_16taxa,119,method_proof,ward,weighted,tbs_diffusion_graphtools_adaptive_nnls::graphtools_adaptive_k_tree_strategy__tree_linkage_method_ward__r0,tbs_diffusion_graphtools_adaptive_nnls::graphtools_adaptive_k_tree_strategy__tree_linkage_method_weighted__r0,True,160,158,158,158,0,0.0,1.0,0.0,1,1,1.0,318,0.0,0.0,1.0,12720,0.0,0.0,1.0,interpolation_available,,0.0,0.0,skipped_leaf_limit,,,,,,
