gene,mode_20,mode_21,mode_22,mode_23,mode_24,mode_25,mode_26,mode_27,mode_28,mode_29,mode_30,mode_31
FCN3,-0.04708415962268789,0.018146207962191945,-0.015425270846522945,0.02888226442399626,-0.04492249056846073,0.05965879236798994,-0.10975281299494968,0.018672210081316122,-0.0387201277967802,0.08560253002254145,-0.0707838513952577,0.08077962832021879
TTC7A,-0.0156106117273561,0.06563040043199256,0.08559846572554117,-0.06729578739943412,-0.016192672511750772,-0.009980367110465524,0.026496238643740403,-0.011294394827247516,-0.029541719212600116,-0.03449362408237573,-0.08942147812137102,0.011692721912702967
MASP2,0.022418081702034267,-0.06439263530699571,0.00402694206863147,0.03366443957567176,-0.09058488437072235,0.05263410215304733,0.003039018835962154,-0.03340336823504082,0.012303840500504737,0.034528832425384536,-0.019915357183388657,0.06277499807175378
RNASEH2B,-0.06932954285530446,0.057880762386688094,-0.07951057525657894,0.044137967854463465,0.15995340635545702,-0.07505044382777384,0.018467643453340014,0.1280881115189758,0.1813513809580265,-0.2879051899094334,-0.09076788037807047,0.17063545532217597
CARD14,0.07307317983091181,-0.025419392934997034,0.01869281463588898,-0.04830122702924907,0.06497028352923762,-0.009979894911766374,0.004350782023704817,0.025968806380735232,0.00491520623929648,-0.025949551473276686,0.003799030199621249,-0.00020143280909286506
C8B,-0.045816074870665864,-0.010501073585243596,0.005269796522246851,-0.04259624160517017,-0.057717424860901104,-0.03374826145662641,-0.14040616939038758,0.08013461465321349,-0.0732718478364039,0.09179812690585393,-0.22705029867212737,0.07267197846382677
IRF8,0.021230458442164223,0.020015855462755104,0.020509833893668197,-0.07192878008277491,0.001305893192026748,-0.07547215266343743,0.013121316980876496,-0.024814619309537527,0.0045475227125128925,-0.026100411687994988,0.002470285421247418,0.07817354574301145
FERMT1,-0.09313091080697988,0.11378982431483899,-0.02461523830367855,-0.02860683752246012,-0.04177715773730237,0.14080261194531843,-0.09739923319171256,0.1828014342063704,-0.09484515224456364,0.04515192310971619,-0.04950486649449147,0.02902844515504264
SH2D1A,0.05917964124977392,-0.05502022568169207,-0.024655307097583488,-0.0012305474395536337,-0.02386074834866616,-0.03238780043357517,-0.021198040054889546,-0.007371067805085543,-0.0526353626978183,0.02375651133600696,-0.025181330200437647,-0.023299909562726616
C7,-0.0715469508117209,-0.016972226081698644,-0.013754858423105611,-0.01439310306303073,-0.0070906079140023726,0.010322031623524677,-0.13205030519004052,0.02306998844214107,-0.00663970188739551,0.10888136573146276,-0.28896459344665887,0.15448794249512235
IL10,-0.01013222040268143,0.05489160324572535,-0.002291459844071476,0.024313069171889048,-0.0009588777468154592,0.022999219579336778,-0.07095266941876009,0.01945238132524831,-0.012268667611732174,-0.019726403015498606,0.003049872680657316,0.03492939727083791
IL21,0.024465305368178192,0.15625321858871202,-0.0752980555993427,-0.16658456360147306,0.0010227851704548317,0.11520462982485488,-0.014388798383404691,0.0849684018807244,-0.009450274547309238,-0.02619725245866208,-0.0732146718856459,-0.2007331387381623
LAT,0.04479308675379912,-0.0701077296866217,0.052892294393345286,0.03713567232281068,0.09586338733025093,0.04956062325118142,0.012590718467467189,-0.001128164904163737,0.04752893663938137,0.011023147848591756,-0.004011017038660114,0.07656734585735142
C2,0.004992225922624903,-0.04363586284726385,0.01701343889062205,0.03803597835457476,-0.0573205860351729,-0.047113729891765,-0.009485384468962478,-0.022802270088388553,-0.013208232848031163,-0.0479210987988058,-0.04404178638587055,0.1443470262713701
IL10RA,-0.004469240342372576,-0.03332887372172035,0.13653334826823996,0.10903520045300095,0.09573594923497995,0.05305063869684659,0.011863757297016475,-0.017379496243881822,0.016806200770786213,0.008104900115558901,0.048518764519357126,0.12039981337301778
NFKB1,0.05068090622663145,-0.0554676670173259,0.031404551528437775,-0.02486471623721397,0.10551047369239554,-0.022188980386886034,0.023749262361328974,0.001796532359247617,-0.028057331937022534,0.05999608496271911,-0.005411077044217376,-0.005359632140926848
COPA,0.03113735453986028,0.06514207657056971,-0.10475605156757811,-0.08396731385974666,0.028886914545061586,0.0148015409942723,0.03240827947444497,-0.01708136520874694,0.0799790293070382,0.02301033635618448,-0.08558116085654642,-0.0011712836730342385
STAT1,-0.10737921487715323,0.11172179153536721,0.029925685170613742,0.056163814342004695,0.027032602343905407,-0.04498716958787243,-0.028531463413702118,-0.09721756603900059,0.060924062621214116,0.09103736415320145,-0.008321862316736641,0.06439126473619991
CIITA,-0.10639374093079844,-0.028609501079037196,-0.025307570676865405,0.1629544728252063,0.0012382399180565274,-0.06055641833190347,0.08354402067190121,-0.09518206419088647,0.06994232257616731,0.04604933187556139,-0.06983382261018799,-0.013099032043990145
CFHR5,0.0012563392898124975,-0.017892266934747266,0.0334791458196074,0.022322596994556514,0.00888806332058978,0.030181261808976536,0.0021745728080034034,-0.016944038958432755,0.00034671849810637893,0.0014988037608270439,0.028625872144632847,0.027377241274206043
TRNT1,0.02338003506098745,0.032869055485274024,-0.04194141978461892,-0.029355066372917505,-0.003511083708493754,-0.038811807769332865,-0.08481669460399333,0.005471376401870905,-0.0525248466799636,0.032546430561849145,0.01699431128758565,0.045113646032062
NCF2,-0.08718604046946184,0.04264022023093787,-0.06233105597091239,-0.06468757517171107,-0.21831992668830558,-0.24145292397750595,0.03002156526541619,-0.016314445708028886,0.02341989393977543,-0.03399018672903006,-0.00494054133071386,-0.07957233703717066
CD40,0.18560107761119377,0.06975776155902619,-0.18445781574985579,-0.06759122919836921,0.13134363477525768,-0.005755246470291003,0.06350953206264585,-0.09214463821939259,0.05432623429001467,0.04085753014800486,0.04746165348577303,0.027561560840710354
POMP,0.033164545563631596,-0.04727810674675832,0.00922013291060504,0.01710021261842803,-0.007343693025129085,0.0034111034245880335,0.01278296933708513,0.024528506322376364,0.01690733311576243,0.021589444763028185,0.007620622907768453,0.017029668734347365
PSMB8,-0.0036397219728716047,-0.12386082738605711,-0.008412077588534838,-0.0023028833206051817,0.030540373422905026,0.03908913894086653,0.11199845487081041,-0.0036444604347929334,-0.0742704457645503,0.07395138136947196,-0.06283930158956008,-0.042094875819555205
PSMA3,-0.013178396178777325,-0.03456894897414095,-0.011888465282581463,-0.022085888080639764,0.06919374495536017,-0.003578303974590591,0.008584042441005808,0.015101798822220342,-0.009631949882518425,0.007256753176069643,0.00018646681292604892,-0.026366302090530036
POLA1,0.06864836844913434,-0.02795048340025185,-0.03287727614394007,0.030350511967793887,-0.0073718988326119264,0.03923415846211361,-0.0644021949591264,0.06968769897924137,0.033683768971553854,-0.13839150307306827,-0.04045813526235235,0.03161742724920756
C3,0.042964354026586674,0.00543497519719226,0.02168099127206639,0.026776605057874516,0.023084953788113965,0.005977978394648059,0.042819264894679715,-0.015923305120041715,0.01978029451324864,0.005505192977750304,0.0037719619215991814,0.0002466531279879195
MAGT1,0.05016872377720596,0.038100018540662105,-0.08040757842780868,-0.01972906801833978,0.00694432067177982,-0.03224860985781598,-0.06723629151551833,0.006691607754136662,-0.017095173458583655,0.03478286561612885,-0.02620071289094879,-0.016635326207928004
CFH,0.010461450811622494,-0.025954005391925983,-0.005075575370068234,0.011113700537529112,0.017887473349111203,0.02409871303956396,0.022927854085074355,-0.015558907395560484,0.014875620621186296,-0.010195372021926155,0.04762728374401232,-0.0331322547400212
DNMT3B,0.009552210247500711,-0.037050647827909365,0.11892319881675242,-0.1025396109568789,0.0570647095996743,-0.002120098387212414,-0.05580321851981778,-0.13459349958289035,-0.19697704625014942,-0.14166345488815468,-0.06070414710192375,-0.046534828014280334
NLRP12,-0.040049805145326474,0.04312100078685902,-0.08546503375202935,-0.16144923024992977,0.1655222868313107,-0.054059546540355934,-0.010853693237807336,0.10711472087732637,-0.0017371811927883328,-0.07973894274466203,0.1384828463934624,-0.027684051302600553
STIM1,-0.06106942311492203,-0.013390641315083156,-0.06544738538568072,0.005460025889892569,-0.03403085026366254,0.09588609601936009,-0.07383718878427749,0.023240747456495993,0.008208322902839092,-0.0186345242752604,-0.03876485240578303,-0.02701660858866167
ORAI1,-0.11803474051238143,-0.002152101593823358,0.10627342500701739,0.06914131113199933,0.06483427242997122,0.043206674053358256,0.04441353450531813,0.030531799845372465,-0.06541741330479829,-0.005312636957688832,-0.07697969535995407,-0.050123699149480845
WAS,0.02664735396001595,-0.12329544144974659,-0.01822477291860918,-0.005908690131886099,0.11617010808298367,0.008057719236397235,0.08056920955129558,-0.03611906345449035,-0.009073535668389653,0.05767018065941146,-0.043259722311139046,0.022079221163764876
ANKZF1,-0.037602079510799705,0.1465196904925432,-0.0006850688074390737,-0.016135561169150762,0.11823902552838,-0.07593671851653364,-0.12714442835168197,-0.01720922586194366,-0.07608535791404525,0.0298770246579822,0.06192509686635257,-0.15579922991038525
PLCG2,0.07011353908942601,-0.05149569651263566,-0.05421135087204111,0.011623529578067757,-0.07015024122640058,-0.036313604211384236,0.024587326565964244,0.03779256103934138,-0.06928363309131777,-0.004074546413923421,-0.004916825171031778,-0.004246561793250683
ADGRE2,0.11179134274321846,-0.08329304841580132,0.08119888592638441,0.03305187582831963,0.04584776091331272,0.06668683280977836,0.010332971618552459,-0.02041221701472668,-0.005320247504197474,-0.017519045545808343,0.04810630532561528,0.11898414128870995
G6PC3,-0.042441871104193146,0.01550980529321087,0.08061274467220189,-0.0718932143544757,-0.04744432934103118,0.03788454758049738,-0.03672783622088958,-0.09664803990899841,-0.06750199991460398,-0.002296924355209717,-0.053419157747794925,0.032572990669970756
IKBKB,0.04953673541309834,-0.019314960731130343,-0.018612821307114155,-0.00115497126164738,0.07360290583447579,0.016170388327723734,0.0529676946848665,0.0370343276504251,-0.08759283597846948,0.03827985132685916,-0.056294461267218286,-0.011025365114984626
C1S,0.06546884821212134,-0.03405998800902145,-0.013001021669337932,-0.0058864915680678495,0.024340468069285442,0.07724461620301522,0.016280165845222898,-0.03139351320272583,0.021498495953976154,0.004616497607666184,0.029675110648690613,0.00024344503905255162
TPP2,0.0006011097129661077,-0.012812778273348613,-0.019819002775693678,-0.0011919078266653933,-0.00012000888699201447,0.0008997253326012146,0.004536686145682387,0.022687134996651852,0.027267215111290634,0.012686238614491446,0.0009024437303282716,0.015078872886385267
HPS6,-0.19032252923323942,-0.05819490807147824,0.2281279904508472,-0.2963751028635196,-0.07462997703779538,-0.024274657348804303,0.04794823887852284,-0.06980512378256147,0.10323763425359418,0.136282818208643,0.05613047108947235,0.07798594590973199
PSMB4,-0.013199363510537089,-0.0033711462557108355,0.0002969599086580338,0.008356448901164526,-0.01742999240804915,0.03169879993123457,0.029220620649880236,-0.04020047318197902,0.033260387294264296,0.005580328369694596,0.006693163363297235,-0.009986201487370588
ADA2,0.016374053191687346,0.026755386467487194,-0.10263689444242481,0.06396942223051356,-0.00753962366814192,0.019306612397944095,0.0417393294883369,0.02961013367013366,0.014734556956867787,0.015062622365899517,0.04483261103157129,-0.02658117919171589
BTK,0.0657982389892142,-0.11748535654425671,-0.05342562346834264,0.026385661295969524,0.04457072358754368,0.011221023079250774,0.027214068627786563,0.00929643334316699,-0.03539900953280273,0.018039975636861123,-0.03919064085194579,-0.0398793901439403
TNFRSF13C,0.02407831654836002,0.04419598415142166,-0.09190015239161022,-0.03143577415766016,0.06761627870178435,-0.0004809225726815163,0.040856765588364874,-0.019676691464860813,-0.020512492191684654,0.004958660444939203,-0.02357015777301198,-0.017061654364398274
TNFRSF1A,0.013014979148356387,0.006853561145507624,0.0173859642018518,-0.06094693523627607,0.05543943969137743,0.10260055829924009,0.011244014859408654,-0.013358356711400097,0.023050762447114993,-0.019282899067835892,-0.011931281456442169,-0.0033925912966322217
CD55,0.08510072338893535,-0.02037406258786169,0.06258991612533193,0.03422348371319001,0.019798508074664208,-0.11494513524317646,0.08911978899276231,-0.08710417683356797,0.04574981781374606,-0.02952523376850765,0.008753725466832233,0.03586433191032457
ZAP70,0.029543935084417303,-0.03657342708798321,-0.00016619080161191425,-0.005166352782818605,-0.010626128390993016,-0.060713542014832374,-0.0026189339410373352,-0.020225777069577754,-0.03486178061164786,0.011310416032879491,0.008110798112053104,-0.010844779357050485
IL1RN,0.2323583593324168,0.19076436401476582,0.210530251483703,0.03136270720423619,-0.01766193933690188,0.005493371322357171,0.09109457335140055,0.03150300079552327,0.014259546738734188,0.0399865511195555,-0.009339461508361667,-0.017292505535973297
WIPF1,0.001048203398360999,-0.1394048955554811,-0.02692531679547519,-0.020373742737135495,0.16581007841695755,0.07747672504804425,0.006509781864736483,-0.07425671040162161,0.055042848041731894,0.07724975947159296,-0.09412515701255134,0.06422652941038795
ITK,0.06375426141336993,-0.1042424241910454,-0.05672705394996552,-0.004259562360059426,0.03830642799659656,-0.02380688829796958,0.011879187755673742,-0.016699270092194508,-0.0390788667708533,0.04445773605562119,-0.03962231207365407,-0.01281535456175326
RFXAP,0.11800301966173934,0.009020851713387483,0.1448530050283235,0.057359442666102115,0.15707225420517787,-0.12425908427694891,-0.14828836647788946,-0.10509553667254282,-0.05959284692848099,-0.1538215996981155,-0.0958909814944329,-0.1708149237794206
NOD2,-0.053036845873788874,-0.04574416975187135,0.02286664424555275,0.10549758936336504,-0.07995831090964703,-0.05850960721863412,0.10285686597710665,0.1669070313520445,-0.22386934060023103,-0.10840562851573741,0.05062248396920053,0.09323875736386153
DCLRE1C,-0.09739150224334853,-0.0357277644782237,0.007142704321290084,0.017921865440561888,-0.08344534579666196,0.037431347466099,0.06107023035271612,0.0474566411211336,0.07954299669473394,0.1845967303427362,0.0064176675282506075,0.009122358231292415
ITCH,-0.051987906781630865,0.07362491474693113,0.06098385425162749,0.011010269286535921,0.13906319222074284,0.03810207093960305,0.01636027505295217,-0.024222507562851898,0.04283519666260075,0.03584947616702776,0.017842975407449606,0.06117072571845171
NFAT5,-0.036740299878869495,0.037620880992759856,-0.0579471584587591,0.02412024920596533,0.022814211749467503,-0.0033647576374316247,0.022667633692540323,-0.039936369753689874,-0.0275997582813161,0.06533952179578624,0.05624146876999047,0.016711446435258556
PTEN,-0.003637823996267664,0.09359672538184916,0.017739292468570155,0.027103744141540313,-0.06627169645575029,0.15007981895830338,0.047845647849716795,-0.03635234813357372,-0.08029021954152056,0.0068945642600593835,0.025489913103104705,0.02918676951184448
IKBKG,0.04509797655120255,-0.04565326512080497,-0.012170498966332368,0.014734448637746048,0.12092923616426925,0.04335912493406008,0.05626605152352589,0.023208723249516023,-0.041734805553374874,0.07095507531958314,-0.027756334770397847,-0.008956972764693778
LYST,-0.023030871315142323,-0.11676933594860292,0.12308217914663665,0.04206431342719864,-0.06514957844974902,0.043437203655499274,-0.17410101029777722,-0.09561949982879074,0.03406567490079355,0.03342674084686321,0.17136617003471669,0.0645461689154297
NLRP1,-0.016602192649637762,-0.06964675023123945,-0.039554986905041105,-0.0876894723383488,-0.18935783342962595,0.04821619501590193,-0.00593611046823818,-0.03509392935757422,0.10850106244818283,-0.09991103940027501,0.03869456671593262,-0.008966296392767437
CTLA4,-0.06342165321361,0.08039468427143258,-0.05062578306341015,0.11931212044711315,0.04859847124640296,0.0017445106582985672,-0.02435350258033357,0.049650689379134624,0.13223466797958747,0.00845359479759383,0.154895108188458,0.04865958935520396
RNASEH2A,-0.07633481917392364,0.043988161005703,-0.05484206025523383,0.029214254108109867,0.122190773519146,-0.09599431510501238,-0.008576801618833235,0.06345398816845403,0.11133647519986675,-0.19908633801642722,-0.045660038281079535,0.1528774249599878
ACP5,0.029504222744230507,-0.06785396672543498,0.024915063626129212,0.0002691840350270188,0.005532951797436056,-0.06575556328650042,-0.006889092751413907,-0.06026336386134853,0.02287079431084595,-0.012583343246341593,-0.005526296967871779,0.034118600429598016
TREX1,0.003632104024249646,0.033519852022245084,-0.0022779433006519805,0.06401289948282717,0.045492238019730055,0.0230427385173068,-0.016353007690962318,0.041204872254985286,0.06564294456731053,-0.05467148678743107,-0.015061999088956115,0.06655161819458441
CASP10,0.010002467027508549,-0.06532672027927412,-0.01336724508209214,-0.15252394574449718,-0.06168674251108196,0.026352072374945266,-0.014015652070151782,0.014709751506222439,0.045674663535838864,-0.08898271181585496,0.04299869673972762,0.02132934068260389
NLRP3,-0.0018988979182030024,-0.07379160362558411,-0.015719277393422975,0.16010145318624752,-0.17545092302992257,-0.04070971905108797,0.03506238166931448,0.0739342912356717,-0.11154065834628922,-0.03693872638023383,-0.018048034262018238,0.06375522704138328
PRF1,-0.006187551669729,-0.06320365454417429,-0.039875474023399506,0.0066099001275620045,-0.060818008835304735,0.09584300269007007,-0.010963214525148493,0.021981688992980697,-0.03131773230354481,0.03276729680106993,0.005265593031641804,-0.050031264849942025
TAP1,-0.045412426739953916,-0.07067525077431568,-0.0796726264293629,0.0230292444696685,-0.03255565015144789,0.016145764463500932,-0.11264242286052012,0.024692887905635667,-0.05068852159461386,0.03524311211513984,0.03765655773086772,-0.041794633422040775
GATA2,-0.02669795597948735,0.04584970332406493,-0.057464710065827415,-0.04771010659067439,0.030229080264856763,0.019417414534863793,0.061932934263832284,0.00608515625622825,-0.0005283356907384579,0.0486270947433808,-0.012085954377197314,0.033342217469779785
ICOS,-0.05015599334467443,-0.01440499797200018,-0.035009451485166716,-0.001244094157290865,-0.03278488572330864,0.06835875048007038,-0.08185982078926349,0.002949438117362931,0.03674823358290788,-0.020794766036732127,0.03437906300934814,0.006044948578629981
LCK,0.04907357138739042,-0.04199339157606931,-0.042069849908015586,-0.025293736313014827,0.007878108427362878,-0.051703169979936715,0.04070948218267848,0.009306743743109382,-0.054494129766135505,0.019679325637667194,-0.004438097324268231,-0.020407257707126928
RNASEH2C,-0.049286629462728285,0.0780181729136622,-0.07111115342221039,0.05131183096202267,0.1192852908688378,-0.08764566913946359,0.031318861661251765,0.05344845227471842,0.14584766403628885,-0.269804322675406,-0.09285890231262252,0.20208976413742813
NCF4,-0.11852666386738406,0.041994267050873495,0.01916702619164355,-0.11511665794093189,-0.16099218292501144,-0.13757328418442394,0.05971516650315653,0.07353437689461607,0.023882518500325942,0.08074876390945987,0.08842842727321873,-0.07041557928078804
C8A,-0.0649349992406685,0.07543954977567585,-0.01725838234743652,0.004944475998539831,0.0021256499673787846,-0.00040622874652912423,-0.09515725790417101,-9.520272890667226e-05,0.031229316017331626,0.07840241914606642,-0.06539157894081155,0.033494080838576155
MALT1,0.09223683692441499,-0.08066516907268811,-0.008340757906271814,-0.07472827636528166,0.05271169289722596,0.030068563479532455,0.009945225455310692,0.034878353160675904,-0.03709295809897326,-0.036159717418618585,-0.025579978380063723,-0.032677830001215616
SKIC3,-0.09758439096614456,0.08003192348332139,0.1001259961407404,-0.15911253527920324,-0.07034240947825425,0.12921645361969694,-0.046658111041274965,-0.3310485666643332,-0.2598297233941527,-0.16528690076576064,-0.09108470489968684,0.026825825072513392
FASLG,-0.00347641031130753,-0.14588639411297052,-0.017353437305170572,-0.07262956999702871,0.08491764519119319,0.11540565097579149,0.07677437784050525,-0.04284969044869761,0.0765695711430879,-0.009323185520050653,-0.014619814225687476,0.017790015294747302
RBCK1,0.021216412839192594,-0.00882280568543908,0.014667380992234346,0.051402527738747594,0.0825993238949786,-0.01028113638689511,-0.0034854790833518936,-0.0318914575956663,-0.05365905116511965,0.0759289275365003,-0.008817284153392791,-0.030931464816925595
CFHR3,-0.08509709640414861,-0.01513024585913448,-0.06581929145146242,0.020781579853501483,0.0077743816832778565,0.010534425046573405,0.0015639990175623493,0.008042307382828136,-0.010490391627423655,-0.011087070325228134,0.027365746814252665,-0.08104085242023176
RAG2,0.1021762772165436,-0.01100648672015673,-0.04718589773329273,0.022703527475627268,-0.12514349527518476,0.016258166857176095,-0.015191011468591833,0.03568566912811816,0.030667025259691838,-0.11490044424906089,-0.05834863567440298,0.07732638853599415
ADAM17,-0.013968026693888474,0.04901631812585321,0.0033669516422848594,-0.010600859044717848,-0.042654720347600816,0.14218046154972505,0.010752589341249202,0.07203982541279451,-0.010736053308258395,-0.0221999192783073,0.01981824744408976,-0.03308902243406872
STING1,0.023707845265993933,0.029568368408434072,0.09388551246284058,0.11658285262657672,0.01458390663672085,-0.09677069014858469,-0.042386756243752335,-0.0709921962303579,-0.03222781870782732,0.08913530125419482,-0.014519691002031043,0.0755878009255198
FADD,0.006267566483989403,-0.02815451629356265,0.006331424577505234,-0.11691316605069055,-0.02041650365190213,0.040326558586658644,-0.015204393189521409,0.03218221251845517,0.031138101339782884,-0.0770856142257101,0.03410367669712053,0.03189394643358199
PSMB9,-0.03512027359139356,-0.0029780744528793463,0.006612296619373663,0.028632037858371165,-0.01362773524981613,0.02103865314105816,0.04693350960446241,-0.0686760120539574,0.031886824467921814,0.03438411077214504,-0.00020361389289730452,0.02417805361767697
ARPC1B,-0.006105459910276114,-0.18367047885439047,0.03828976976776363,0.009848800695450674,0.2346621888812441,0.02899801006954995,0.011714639119285095,-0.03424459972462417,-0.08047208025888852,-0.0025186220167812533,-0.13139717954623323,-0.10306001192611249
B2M,0.006281654477668728,-0.04495953395777047,-0.17204619137282018,-0.005860915529220373,-0.06128343798799681,0.02985376498272081,-0.0866165334487233,-0.005690419427545973,-0.014084693530918003,0.015152040960582246,0.005520290373093756,0.042111705958633255
CFB,-0.15462039988258672,-0.14200087707338052,-0.15795901366158172,-0.01435143506114112,0.037031628955339894,-0.009788538268792245,-0.05025161313162177,-0.02861923453093845,-0.0025849329026169394,-0.03375648247101325,0.03863842792435574,-0.006095271511500862
STK4,0.07060946168746951,0.10087297795445013,-0.1038801175334463,-0.001620194168555717,0.04435046714252297,0.04908092826806287,-0.04567157446759898,-0.08355641540105391,-0.07908681527585387,0.0022322830046525963,0.04001349220680727,0.044864379959326746
TAPBP,-0.005789116316401348,-0.08830880499328074,-0.059896044029885076,0.00849550165072247,-0.04099444117495061,0.02911370787758724,0.007096631699115973,0.009295923267120837,-0.02656531938312618,0.01528844967926391,0.022590135901819245,-0.05418510021601778
C1QB,-0.08407846557267128,0.003873806413393533,-0.07798781135335413,-0.029152455820477957,-0.005940904496725034,0.15701159387773617,-0.1227336196976632,0.09577555804632845,-0.05118133321567841,0.04804909123773344,-0.045133273914252876,0.014767108139740057
FAS,0.006723790518449688,-0.05256921783669448,-0.038568187033513515,-0.07591650134385948,0.014399624450602885,0.08475826997262681,0.04844601484053219,-0.016042232444666203,0.082312301485725,-0.029405069979352605,-0.02755654167794095,0.025638551070199238
C8G,-0.05482500672239427,-0.0029921768910144936,-0.07141216729835632,-0.053569786320850084,-0.023973481279199727,-0.028718914741421575,-0.17820910231823106,0.05111037785315274,0.0035065070098451046,0.13674560051853069,-0.32606329395697004,0.2255388379164201
PGM3,0.18791983206033824,0.07238961695028108,-0.17788024946331,-0.09084235296244865,0.004700585523649716,-0.08641851804417221,-0.03553907541877341,-0.09345072155470384,0.016709612454327876,0.08632606948337837,-0.010277397619068108,-0.006719927642059233
PIK3R1,0.016733621268332836,0.05519048694102006,0.01046670505367042,0.006392972138663575,-0.08504756219036234,-0.03503347678265009,0.0070464019905869205,0.01063636656557588,-0.011497202239634843,-0.02185041444051359,0.04256772434752476,-0.008943312295710673
PIK3CD,0.03947822316060564,0.04021889863618319,0.00913643047617801,0.012764694884797236,-0.12252909688052656,-0.05185538868931348,0.00015887995099244943,0.02702735713369523,-0.027851894611218824,-0.021380858887620424,0.029889296986024133,-0.01610592227436011
RAB27A,-0.017796685678282933,0.073182252689491,-0.0015499192605370811,-0.0922444472846766,-0.03144644787788787,0.011414672604940937,0.14305135074535713,0.02288017275968282,-0.03953568187699509,0.005979522570509611,-0.025043793895502552,-0.03169993531409813
CD27,-0.015115171916613589,-0.018613463292829105,0.016018792232894454,0.022428029319890217,0.007560024414715965,-0.05331035866304595,0.04416680354816892,-0.023254177521546765,0.008382289885946442,-0.030236811387964878,0.026813304039317955,0.035123077236674086
WDR1,-0.02220769314208226,0.09827757290831998,0.005288538040680783,-0.01952736847152653,0.09644427045183734,-0.06761483002422376,-0.16850968548791073,0.05692052542867906,-0.062220972164883544,0.011010644993810896,-0.008837255689635512,0.0254049398260787
HPS1,-0.04785374878708029,-0.20111786975299517,0.28887463956244974,-0.27860374095860263,-0.10827828785396802,-0.07603213211603525,-0.020157840263875737,0.0012701158591809285,0.023017738982673994,0.1447180745471362,0.2037426353997085,-0.027345106908113547
CD3G,0.0009207580390833992,-0.07694086571582442,0.07263058770461314,0.015069540113052022,0.09912632484624107,0.06835520693987482,0.06627894230142319,-0.017522791839408178,0.0653770101297177,0.032168789678666855,-0.04522193681406728,0.10718443569354878
PRKDC,-0.054771545354290144,-0.0077376882249844065,-0.03384112697552109,0.003020447065367789,-0.004074897370231083,0.05028521379871889,0.068035853832501,0.03536771180768739,0.05096271943092078,0.12457767089290826,0.02456225073827103,0.026227409715699975
C1QC,-0.1013555689021838,0.0967643349553686,-0.05545752927611786,-0.04795765426495935,0.021595983152036348,0.15703217630700483,-0.17270101722526957,0.1349435946372576,-0.06444491372818746,0.03968171131427425,-0.05133236339358442,0.02544751348750476
TRIM22,-0.12110195172187094,-0.05525049369810048,-0.013844399918977924,0.22960146402870388,-0.08942705323688227,-0.07214027645551833,0.15188012556395186,-0.11781810688911216,0.060500985966303183,0.014488375285289101,-0.15488936451044197,-0.0815891108349736
CD70,0.1859652634310542,0.10491883486773265,-0.23397906745257124,-0.10633480933452304,0.06195937491599549,0.0021845719789418054,-0.010203869779611586,-0.14682266419395726,0.04418331671250255,0.001084496098033545,0.022914694873534085,0.047823336998535686
IFIH1,-0.030707476666918317,0.03964647828875259,0.016873497665594265,0.12082683479004945,-0.031541086073305406,-0.07111897231296004,-0.08073704185010595,-0.08670144233844364,-0.017086005643330487,0.11090845340713115,-0.022089447875954127,0.047187389396224536
DOCK8,-0.03331829212990777,-0.011612005075165887,0.056870882226112356,0.14973543628351874,-0.03711693236339262,-0.15370549237732423,0.09649295136557774,0.22002914413692126,-0.3459831526865205,-0.1358682632320327,0.17892543844565223,0.22853749199332332
ADA,-0.0015902142122200184,0.06190078899230438,0.0255329876092108,-0.02253714338449727,0.08018014298888362,-0.06671701370093708,-0.09195874778992358,0.054760029891376544,-0.052478917898552496,-0.00460756776914559,-0.023763668700066184,0.05968529891173097
DNASE1L3,0.021335231972525973,0.05654324166975053,0.020482263947476962,0.01923374334137452,0.03233042632437118,-0.00700974731532046,-0.0006307905580616465,0.022399522040472845,0.04493279824181171,-0.08559509493227302,-0.033088328559035256,0.04605573058356202
IL2RG,-0.13187543363665846,0.0282162596528784,0.09693068970465762,0.006640787893804709,0.0715991217764669,0.018890876160184686,-0.05070736623005634,-0.03821203835089347,0.052471274578991325,-0.008644629571143867,-0.0579628439351317,-0.011287387891925368
HPS4,-0.055018901477295254,-0.19314108630513716,0.2753521064627023,-0.2755175883301946,-0.09863138698387032,-0.08661919729265435,-0.003583100461292213,-0.0033904667323460566,0.020301420782238573,0.15026973047923678,0.19381272682558495,-0.035097760972313014
AICDA,-0.05297564357968023,0.07927643575127848,-0.07205360635702918,-0.019215411049309856,-0.0049415103206197075,0.03708310021754939,0.07131590543851057,-0.13608416583550653,-0.03592444972302242,-0.07109120350781349,0.054233070376913176,0.10552056215831723
LPIN2,0.033098448287128754,-0.03285288527708327,-0.060303783278351716,0.09157456999969257,-0.07341454730120582,0.07056429098303792,-0.07874759708534344,-0.01793302939015169,0.01228800929070443,-0.026667757883265596,-0.007176605128465919,-0.09589661753100441
RFX5,0.02374235053372178,-0.06839630013063826,0.06540358156729562,0.05819751195388418,0.10174902328160446,-0.08640358420082131,-0.11066171286881404,0.0032177439530359925,0.005744846347275926,-0.10649301068805982,-0.11000520215920048,-0.2036569289559747
CDC42,-0.05813033405792411,0.012631650455201315,0.0019034886453572612,0.04538785448121568,-0.029363530939526167,0.026795912442982652,-0.019736836037870395,0.0048158233711852955,0.06508863029010614,-0.03721005883813025,0.04533595352611273,0.005786815727892737
IL10RB,-0.08626959797799595,0.10105445824275137,-0.02824384624974971,0.1349099337461705,0.05012106779604269,-0.005685384305816491,-0.042656432708132554,0.05722327793199536,0.1368567323548915,0.0021939953585182388,0.15356236964000025,0.052401197244300056
OTULIN,-0.027021445185219133,0.05771341963312505,0.04035634564160172,0.07814316408772007,0.04617592842549925,0.04962863651944784,-0.043190099702535345,-0.004817883329428844,0.025332447020927858,0.02445832476484315,-0.008240232035852352,-0.09623601391754749
RIGI,-0.020159256933374878,0.06072042954462838,0.01664296461807608,0.1943140109291776,-0.029754409936233104,-0.03037087362084201,-0.06894898581731566,-0.08128005007791884,-0.06388603428600317,0.18753929877293402,-0.02179435034921207,-0.008157625387957258
SERPING1,-0.1156708140316077,-0.11818393737727906,-0.10651462758329408,-0.0074883458092298155,0.031129268241107493,0.036190335017072445,-0.03607972939548055,-0.02297601899370951,0.002253292229119091,-0.021261090711428097,0.05922730438985528,-0.021109813062265392
AIRE,0.09981258080681223,0.04264420828372885,-0.03792511777679359,-0.01081438152243545,0.04209278006228089,-0.03300075150713818,-0.017611536930429085,0.019216299416005504,0.002146410514717052,-0.008769377010175411,-0.03353617050680674,0.01794723625351441
SLC37A4,0.009642169891014789,0.042425644540078494,0.018387688558030888,-0.022416689277954937,-0.03676908315348106,0.004909128519643066,-0.04149995618056295,0.005326066088671917,-0.012584720827971446,0.04491741532649235,-0.03168612666130959,0.054498308755346496
XIAP,0.005049456606983418,-0.023624228150655034,0.005436992202378942,-0.05558201680036125,-0.0020217216022721204,0.06423163223939019,-0.02460546108303624,-0.021796185659514543,0.07430451677883894,-0.051326757660035714,0.0032035515961199457,0.01830977042155269
KRAS,0.04391299076137441,0.09122734603712909,0.024798049608375478,0.03845859853403348,-0.12155720860248864,0.03776565879382705,0.02801605692731359,0.01783826557326363,0.007682249557135357,-0.014543270248466038,0.017852376420677177,0.011172644737952951
BACH2,0.014737214804360991,0.004621719619867637,-0.1037476377736107,-0.02628701622389212,0.0012202317684992057,-0.029401146398134473,0.04262768180897667,0.004862813954936675,-0.008338748062816929,0.015723737799792702,-0.012680254952461136,0.0149552442174633
AP3B1,-0.0881852667916212,-0.006526406549968,0.17951535626218296,-0.23917787414369449,-0.010804494815895757,0.037914756644802435,0.07598060749001659,-0.021859705429362806,0.0336885452221317,0.08160942821025198,-0.011420515503168072,0.002499838640625274
ADAR,-0.0039223298099050116,-0.01881270724743806,0.010446244862425912,0.06496749235748515,0.03548643100610386,-0.015839458078792615,0.026271693490327826,0.0362099044364056,0.07038084081841381,0.039330631322737716,0.007185883080040576,-0.01925270048516638
C1QA,-0.12609923312430904,0.06678846132411943,-0.07818641293887531,-0.05937593325138733,0.03751723383854062,0.16982350008129204,-0.10979001774304162,0.15521405420979348,-0.06559988046035957,0.028440399511065147,-0.04672351914613631,0.05950355244966597
C6,-0.03790482211788461,-0.004685922127511771,-0.05607116235527546,-0.03648253901240324,-0.04603287969113735,0.021047535510437615,-0.18827123629551135,0.09160420475396486,-0.06875851637715673,0.13638382572314792,-0.26040575875441824,0.18843077725755045
MVK,0.03843718445850299,0.01228654999002681,0.004632084680486653,0.03990398103169066,0.00013076694469097395,-0.017135405533355595,-0.11397477328664125,0.030043592906588864,-0.03168753704233207,0.04650550649008673,0.059910824777490844,-0.00985978733903821
NLRC4,0.006480465322170594,-0.08778456780373377,-0.005178495485802769,-0.0014792708782936758,-0.09322239414510283,0.023591275815279544,0.02042937507096215,-0.031002660416457474,0.009403793520621592,-0.06942209768043599,-0.02612611328294315,0.0054135671843105575
NCF1,-0.08148912401575502,0.1095409180687377,-0.03498233968766703,-0.02909988030497857,-0.16762273543810233,-0.13034337063277163,0.0628430112392617,0.045876534744784835,0.009940859512083488,-0.05094202214119484,0.005004503944063169,-0.16059784654228162
AP1S3,-0.0822490698106116,-0.024916290211168788,0.05999403485390272,-0.18515663325084702,0.061228405163311204,0.022389998619722292,0.1537310476391052,-0.005619063902748274,0.06289867778352988,0.08449962804534156,0.0360273143778097,0.055007334200263436
ZBTB24,-0.07059368435819041,0.12733727311182017,-0.09634040519165792,0.003162405556725592,-0.06408398628775043,0.032199418549611294,0.07598098725530164,-0.10433928006614533,-0.10472091731014206,-0.005610759571670794,0.14111113193124294,0.06187993641205952
STAT5B,-0.03891788229805526,0.09683302518651249,0.03974263416824076,-0.0003276964480431437,-0.03153658056503743,-0.03243571893805982,-0.0488134992715766,-0.025483628730706136,0.060489379392861586,-0.028503374123588422,-0.029774405238415968,0.00031246580045116325
STX11,0.06321745200256228,0.07177711511127291,-0.03569010528689582,-0.10520140048724327,0.02285115561076737,0.07612636600532263,0.17190267552567398,0.05207784559313601,0.04846967847138126,-0.032455287296158986,-0.10073515461959812,-0.11779490795571188
CFI,0.04933296767112101,0.06014584569751272,0.06920376301962632,0.00933239841180844,-0.003845129658533541,-0.0864088033197693,-0.008045477186510334,-0.041991632486816255,-0.013938507445871929,0.0032278697374254423,-0.14222917224714382,0.1370624237822644
ATM,-0.02898242938184566,-0.05117036819427139,-0.0005683821330385334,-0.03965731210365972,0.01679889668310613,0.04448992251440334,0.06522602979416492,0.03652136593061767,0.021103717841301713,0.14251042453564877,0.04487230986514956,0.0022056229480996704
CASP8,-0.003521993294967188,-0.08200053588386792,0.005594050576605838,-0.06438065063904323,-0.09868258304575889,0.0279825630500238,-0.01876944445844501,-0.004555006984760505,0.017734146976766663,-0.08334207572308705,-0.006794229737116817,0.012028893163145492
THBD,0.05272607052285169,-0.043948737747259194,-0.07453866009510404,-0.05270137902954095,-0.023800067941762017,0.10423533210960752,-0.08833794239719177,0.013065981066035489,-0.003987098888594778,0.007623098916141814,0.03416462456404595,-0.05784477301574366
TAP2,-0.15710827297294533,-0.041043288495318256,0.07012403031205414,0.07985501007737061,0.0679830909708834,-0.015148468554196567,-0.06540675256756702,0.059734075859989605,-0.0673773698546593,-0.004064451950376012,0.024313264346947604,-0.07277286729126212
C5,-0.10554195487862883,-0.18069527123514503,-0.13591691574128822,-0.003108441825532099,0.0047295787700903135,0.02351447399446658,-0.0718710032778707,-0.04168241375004453,-0.005681221197653209,-0.029606987179794642,0.024391717004894155,0.010624425780209114
TGFBR2,-0.08399429862611812,0.17344353687553374,0.1041844482382067,0.019513333020188657,-0.01762954431270032,0.056150597739557245,-0.07348459288923036,0.018110332037921627,0.16254914262347983,-0.11078353376587535,0.03916133727787171,0.015226929600348304
CFP,-0.047168857207865435,0.0013362045073763039,-0.006810474501049245,-0.020554228331233895,-0.06110195417007667,-0.047113050587801464,-0.1837000505968807,0.024143951216066738,-0.03417709518591264,0.09837742875898887,-0.28506884350017864,0.23067754351256334
RFXANK,0.03819921807009934,-0.0633878645607474,0.0870735185832756,0.045586189933385556,0.14746661561326288,-0.07054007670376962,-0.16583158542552237,-0.06685890358815666,-0.06623776079471348,-0.16025256371012261,-0.07246149579766928,-0.22614580820705463
C4B,0.01762448569192188,-0.03565368548632811,0.025527772262476895,0.03944040892149577,-0.05394950364793436,-0.04526984617724274,-0.0019305855729939883,-0.016805645814175773,-0.020317670779505054,-0.04641391383899751,-0.04085578761513995,0.13841044573043526
MEFV,-0.09816416775364381,-0.03510140667777312,-0.023267065573207457,0.19426590092491383,-0.14990438921085011,-0.04163028059303155,0.09394641063693754,-0.11712432719161245,0.04224014916221605,0.008920543392892364,-0.1452508681319959,-0.027118630924889902
PNP,0.09006331765651915,0.0475988205641356,-0.039041855397029084,-0.10074742718567876,-0.0547065003987952,-0.12076929897206243,-0.1390251843454128,0.022939263953737514,-0.01619140109855136,0.1335874835520633,-0.02662556064569402,0.19391088177293017
FOXP3,0.05816999296000125,-0.08477724203973039,0.08994773990041996,-0.04229456056895635,0.018780936544216625,-0.05577961106290062,-0.035234110447583775,0.0658688516176635,-0.07981236348099773,0.011386086181585316,-0.024015357233106834,0.006615504002227136
STAT3,0.04577332583630053,0.019835835903278944,0.03363031205681158,-0.027834008153727212,0.0254824346694964,-0.05719862977729857,-0.006080905798473106,-0.03280566979492217,0.013156139473549001,0.03172383885936999,-0.012763673191675087,0.02119280734379402
IL2RA,-0.14664431636971165,0.020662750004785884,0.05484762896035281,0.04826505008491678,0.07465110288336566,0.015099441550203388,0.09295456703089904,-0.006484210537049268,-0.021639590617387502,-0.020585564706273016,-0.023658452947268486,-0.0328705649051106
ALPI,0.01959699025898733,-0.03460460967385058,0.010619745707160705,0.019247423602082845,-0.008687081245220335,0.012086478409721428,-0.045101080404766965,-0.010646036193585178,-0.019602630432259526,0.024366083248623393,0.04236259692406872,0.00822522253444737
NFKBIA,0.017934425636990922,0.008525024374447824,0.012293108270798853,-0.010976902896495033,0.07668635626769064,0.004230628453837517,0.003331469496554035,-0.028571458660259237,-0.03330973469581336,-0.026354098314722605,0.0023612492597816503,-0.07481231942881775
C9,-0.1668093949361255,-0.12185793442498169,-0.1414655618081374,-0.04685767456428528,0.023090751955964876,0.05375914302929798,-0.061458268839001906,0.03088481092577128,-0.02513984170082914,-0.003978908125738232,0.022601216485949926,0.003315019312327209
POLE,0.01602308228341381,0.011432811081051954,-0.08526461714572944,0.09252140071705187,0.03963087028487736,-0.007875149848813164,-0.027372537010884965,0.11612593059719326,0.0838774491604753,-0.11651178381853652,-0.01397582608891469,0.011701297062351308
RAG1,0.015643019880479492,0.03947683243483608,0.058955423590319536,-0.047652565273665536,0.005294452648933903,-0.08617970845078218,-0.04887063844370784,-0.006930219702655623,0.04667804509118247,-0.014803219571571068,0.029744977221761195,0.004782491014837384
SAMHD1,0.10829922485744663,-0.009836293565605697,0.012839266021965407,0.04479952236035436,-0.06736076429727383,-0.019291940006170155,-0.07098692685925442,0.07552148179141209,-0.05134685818579064,-0.0770090723013882,-0.029632904921193637,0.0844070092885136
TNFAIP3,0.017643440242228723,-0.00010861454862589687,0.032731196982893423,0.03145954666334391,0.046071989589133736,-0.0056894149026587544,-0.06655749732654541,-0.02996001063025132,-0.02162469416181683,0.04947513410910495,-0.01519699177309078,0.027017523959819562
TNFRSF13B,0.04325490161056822,0.0588673679481594,0.0020775256449875245,-0.06121559758679829,-0.052302862089277924,-0.10823432889863856,-0.030120865410638523,0.038142590549708894,-0.1048167112196653,-0.0854606146365486,0.05177723683075925,0.029213565496235352
CFD,0.1610853078143585,-0.07914139114581485,0.11767011907411659,0.05589650143116916,0.0021574938649094903,-0.26257208216563377,0.01226714960366322,-0.13443401281466363,0.004544112390467447,-0.010494130169584578,-0.04397799201696553,0.12184086604499902
PRKCD,0.0020094021715821543,0.050690096057540004,0.034786035135109555,0.00353066912476318,-0.06307980088684963,-0.1080135500347361,-0.01025189231300154,0.0029478243019163035,-0.03359710187672779,-0.023246601960714496,-0.02204598988229279,-0.058106515298367745
TRAC,-0.047241487844865225,0.056982452434580985,-0.041398775289795596,0.04031111892491869,0.0034342540746148684,0.025477351300415875,-0.041350530407466814,-0.004665956704167038,0.04553282994119797,0.05637430818884411,0.03376339970686327,0.01960826976284984
CYBA,-0.05581921199548274,-0.0030511602687359122,-0.09248089854213784,-0.05687796217698581,-0.12236410360552137,-0.23480012831040414,0.06953060326224485,-0.07533004833828186,0.015690519601528133,-0.07460982218812923,-0.08822988949543249,-0.05726421225367905
DEF6,-0.005190871478798707,-0.02254009788127772,0.013891593805600424,0.013254191429651098,-0.035994998709334126,0.07397004190450532,-0.012959243123117112,0.0129703437631414,-0.006407704258552918,0.11764388964992406,-0.006812514841661753,0.003913208425110024
PSTPIP1,0.008339463482833534,-0.08275366312463213,0.010967224002220902,0.013007828659112305,0.1064910250432137,-0.0021176953733035983,0.002775832474025024,0.02011810366199033,0.061993844354032185,-0.009066075719094995,-0.07493158285258171,-0.013951019212636216
STXBP2,0.05368719270407312,0.02310816094969252,0.02215908420553433,-0.10497564993887529,-0.009148729588424918,0.06820186839293452,0.11964321808256628,0.003459434544648015,0.0154638385524671,-0.04717608210503017,-0.11736533539300446,-0.10061909663077355
LIG4,-0.026251527340209385,-0.02011982383655436,0.007584700078960561,-0.1751825959212436,-0.026565278003680748,0.0036543819125817046,0.03446638133376988,0.01884930723922553,0.021726105453144965,0.15040577020654242,0.024419404124842854,0.09696894023489476
CD40LG,-0.0561083475881499,0.15595826212046723,0.020882047059392506,0.00457024046878358,-0.16426966098046203,-0.22182729888841948,0.025097038058851093,0.023543583318163856,0.06934249884237503,-0.041759930915819345,0.06510189257882656,0.00992748066110967
CYBB,-0.13362947381248366,-0.07374604350446941,-0.11361757967863191,-0.03669619800412669,-0.16010823364969368,-0.4233998603915617,0.06249436781964518,-0.13308116615040153,0.047523038244077095,-0.1018179735705218,-0.0912315356405439,-0.05673243680588031
IL36RN,-0.018188379563200158,0.011646019966467087,0.09695884747835806,-0.1300380269734766,-0.012299262204624779,-0.0034065768283621884,0.01952003445354345,0.04146111085200839,0.01691454246359044,0.056048863936445856,0.03943547852316649,0.030440290590037843
LRBA,0.17528707838257856,0.028782033372716086,-0.13945866794455283,-0.04701706775762906,0.08753434196141772,-0.05226780430820812,-0.060966537861667086,-0.18289030305967158,0.07196301553000678,0.022734292724041382,-0.007791762015037162,-0.07281804712160203
NFKB2,0.056297165832825846,-0.016702536475485922,-0.05929365609333299,-0.0072662709077148295,0.09625561035354564,0.033661982302386234,0.07794128275839342,-0.001215607121725432,-0.026653954724939838,0.04793667286066685,0.004126057877327723,-0.023606135497870884
SKIC2,-0.11651761713287984,0.06097346043749986,0.051857816631054376,-0.040732603292150636,-0.00882904333149818,0.0679971689216963,0.011144867990301972,-0.24238096537955714,-0.19422337129666423,-0.15370374326465017,-0.23330641871482102,0.02556217805933607
C1R,0.027194688035537835,-0.03399950622426966,-0.003244552422240106,-0.07957505522539744,-0.02102301470870501,0.13123836974580413,-0.00858968617603384,-0.018932947954625422,0.10304789131137079,-0.03209252674280662,0.020485246272904142,-0.005746494099138932
RIPK1,0.06584072854935606,-0.054938061901216216,0.0253517625142129,-0.021034313707132952,0.07580136447146697,0.01838891313900903,0.008861956472908328,0.02810741466198379,-0.030618123930966412,-0.00018938815122064475,-0.032012893290942646,0.02895394540837059
CFHR1,0.07951559626642402,0.022293099333694725,0.041002656491724514,0.00855730089420747,0.016679649142265267,0.06556776250893086,0.0020814027036370974,-0.015584243766704363,0.02104334252188779,0.02270924160747744,0.008305511073141605,-0.010987740841268709
C4A,0.011331949470701663,0.0004372686849031954,0.004930180912180107,0.009711169165473049,0.01902965506923322,0.04946918458645981,0.03682064452154317,-0.013769727410565846,0.019753187732045683,-0.0013037613233669407,0.006833598061841632,-0.009691467450610058
USP18,-0.09334630976758763,0.05966859316356517,0.034145188788993995,0.09120864123500484,-0.032226537632860874,-0.05690049884847138,0.028347604371445158,-0.0785489256483949,0.103924743909314,0.02081065204816783,0.0018750942961344925,0.023841795836764604
RNF31,0.05422962890693231,-0.021284445304967512,-0.003124202035977137,-0.016376395273233167,0.06933653207004051,0.011236370717664526,-0.013589436750357009,0.03581925073416626,-0.03223123791373381,0.007456640178290416,0.028367695120881633,-0.05254328438625983
SH3BP2,0.008569413631690522,-0.09198619769999564,-0.0012460205941839273,0.023042210108163333,0.03696736082937834,-0.007362520042633828,0.015893985596460665,-0.038365991628383965,0.044871718487653436,0.03625199764413412,-0.004666824836398474,0.01832656467761649
AGPAT1,0.07435172412010546,0.01687485333845489,0.04122397351045631,0.014009370432324437,0.009306728020594353,0.058604767862845686,-0.013389083019168045,-0.011134170156709878,0.016565139027533517,0.02217214577884663,0.015174729479059563,-0.01094421990533661
ASPH,0.05011872707370375,0.14472268965402119,-0.06425742402989018,-0.17198727846937456,0.016764371171879188,0.13536768842973662,0.019705178627997675,0.08999767569814109,-0.001427960181831013,-0.018661795756803577,-0.08088014923039036,-0.224732717399972
PAF1,-0.09335604983285233,0.07333859863610966,0.09891021858347196,-0.15998062113778364,-0.07354282987419172,0.12886114024907144,-0.04326280794409557,-0.3173794007212415,-0.25041122478653294,-0.16099154872956867,-0.08317185940571606,0.02605282798599572
MBL2,-0.00284939177558069,-0.021929933809033488,0.002419766032470403,0.025867026404081797,-0.09455915168615976,0.07334671878617793,-0.04525666104112186,0.007056947320507306,-0.04122391809815708,0.04753519915310899,-0.06234274725476033,0.11153644458105719
HSPA4,-0.04048509131087211,0.050729325121008105,-0.0882270014108538,-0.16677886705630934,0.17439451891631164,-0.05975308198865058,-0.013518129347647805,0.1109231911006211,-0.0004910125338146423,-0.07167869010640827,0.14007978239077104,-0.03238586921042347
KRTAP5-9,0.05141119196612984,0.050673603905602334,0.05780942999795315,0.013436216984682947,0.009939912928008368,0.008980661562256055,0.03260022899824846,0.009261812564604115,0.003722173121045547,0.004095949565360047,-0.007499215455410827,-0.0016779732425754904
AGA,0.15922094021573935,-0.07503744140399239,0.11714055797816056,0.056898193746213674,-0.00045924039562457577,-0.2726429421918931,0.007530575269843708,-0.13499456121055456,0.006655382569658625,-0.01513979670153646,-0.050287246895100064,0.12130478795885583
RNF128,-0.07379312431138099,0.15209927467555817,0.039809804794132354,0.011973035125392068,-0.17257418093547605,-0.21347996634563468,0.03496128874106108,0.01808156841238132,0.07999696705764855,-0.047593347001896824,0.058221836447069505,0.003594738758025556
PARK2,0.08532757828702961,0.06717964488438494,-0.037140425321981946,-0.11436171293856644,-0.07616362108444076,-0.13976302753566128,-0.1644242201119348,0.025806943057586126,-0.025695021660741706,0.16741605403537754,-0.037496575123274464,0.2067490408999644
KLK10,-0.14624269608261795,-0.11747650967030492,-0.12207042511670418,-0.02858547478706522,-0.007271854485849853,-0.024525522168663015,-0.01564655489448992,-0.002590611504761019,-0.02243206302400789,-0.04807110541122207,0.0376771108535043,-0.04143755746877632
HSPA8,-0.09207181401371534,0.014467474986395785,-0.012539683334787707,-0.05034019250805679,0.17718646722596526,-0.1739775279831321,-0.04837982774506505,0.08350636272372781,0.01376659275075288,-0.05474240173499896,0.012317188098771914,0.08491564018092695
PRKCA,-0.032044719854212596,0.08594711496309265,-0.01254493420518347,0.007823559075378453,-0.06011650698531596,0.048813115711376205,0.029805180685969993,0.051225836378174315,-0.03468745433653913,-0.02865435145607095,0.0035628590249385315,-0.11252453833825553
VCP,-0.050255430975771655,0.14028750635520432,0.007680052577549825,0.01817425977158853,0.12682281239971058,-0.07326855727224947,-0.10553831515769753,0.005941270121719169,-0.04952557759144305,-0.005359587151838257,0.07331914766208453,-0.11490481530808003
UBL4B,-0.04748781999304084,0.14467992149979467,0.014551565484513827,-0.017015582429140443,0.08044226681194087,-0.012809953717732593,-0.13805345924378062,0.05062988660692023,0.02237447454456997,0.08240303095512394,0.03547253495211753,-0.19568989988608235
PYCARD,0.00537697787342174,-0.04515157086630001,0.021188490673356482,-0.002527338300529159,-0.1731185084883713,0.023647852681369565,0.020437061267691622,-0.024301702093536586,0.03421788683910407,-0.05758585882072678,-0.007855523043891277,-0.011734171391897946
RHBDD1,0.021971578330569095,0.05655902738025258,0.02693912162472876,-0.028797494890956177,0.01863970033055564,0.01637799658579369,-0.054515501353988,0.03497241499814262,-0.009745422309649102,0.01536520055305843,-0.014532499459259433,-0.037069183427365274
CCR1,0.07373646192407518,0.08379449130449956,0.10840736779032133,0.02966670910821983,-0.019471736441035514,0.00933914241663865,0.0337450960156953,0.01619754691092502,-0.003255320407909626,-0.008467029590858686,0.00023790003878814512,-0.025185711659689716
CFHR2,0.07951559626642392,0.02229309933369471,0.041002656491724514,0.008557300894207458,0.016679649142265256,0.06556776250893093,0.0020814027036370904,-0.015584243766704375,0.021043342521887682,0.022709241607477514,0.00830551107314159,-0.01098774084126874
CCDC141,-0.041783229592833065,-0.013199922298616693,0.007380852723411398,-0.016622193431403188,0.025996416153743006,0.04492870873406898,-0.024830717913352115,0.010233450093571284,0.015067087184433503,0.04863026331880479,-0.17789500284798915,0.05545863067972991
FABP6,-0.017360234662970122,-9.495713499936544e-05,0.012842691061196442,0.014562509574356272,-0.033226316492426834,-0.011511745119731373,-0.038088318422229754,-0.005897441485485424,0.027062471314429338,-0.04588891874788894,0.0005741275677601572,0.038881631965338836
SPTBN4,-0.03753128340843021,0.08210602629419832,0.06299873822124953,-3.1523296287507756e-05,0.03394077826863155,0.1345727788352858,0.03346007571069644,0.030824482158472853,-0.00023043548381072474,-0.0015881917420176033,-0.12666826490065045,0.029501583258967134
DPY19L3,0.03408961201707762,0.015030383390207146,-0.013778351737845633,0.02393254691652854,-0.014823369614981978,-0.012161343319231209,-0.02845976124612111,0.043778394254451646,-0.03144092945810912,-0.0016233334778064023,0.031229421204407554,0.01265183254827288
HSPA5,-0.05172991184341606,0.12016357835386061,-0.08007171133663085,-0.06610655967490944,0.11377655643491107,-0.017026500305111877,-0.1675987139536417,0.0965283630901674,-0.024558990459077574,-0.002266915980613,-0.014409466910455027,-0.0025840611542719146
MAVS,-0.061800673870286385,0.08597792309847982,0.026443993966753582,0.09695301884592367,0.05123878259129964,-0.13558842666121687,-0.0726369471315643,-0.02823102404250077,-0.01810387674035187,0.1130761449714211,-0.018163154154492444,-0.04042989991744734
UBE2U,-0.15743368675820058,-0.17495557245997867,-0.15927586081128617,0.0099099990620852,0.05775536596048533,0.03461097621440498,-0.028268424606917714,-0.03106335216806919,-0.00330886160964647,-0.026340040305232088,0.0859814917693444,-0.012755680378913139
PRKAA2,-0.1010676010451551,-0.0022792643777981287,-0.0411530517607735,0.1658168697362097,-0.030661962175982993,-0.012776359202797148,0.043418852032123825,-0.08571998619173221,0.04958483788128077,0.0016305486022952361,-0.10954218827153023,-0.005179434787246924
BIRC2,0.04846221861434414,-0.05349710400807432,0.01170378541003686,-0.07904765867034245,0.0458842557886786,0.09214071008375954,-0.028171012397365032,-0.023266318697078778,0.0672655640557715,-0.03143541218318012,0.021704180284876574,0.025387180682948988
NUBP2,-0.07077176234898284,0.054305623833221975,-0.046787453290859184,0.09129690686261552,0.003806301489866374,-0.07302700312122502,0.0731213527507322,0.022011273662650415,0.07816794395909024,-0.17757519377159686,-0.0922671097187526,0.09527714615992092
SKP2,0.10467722176550982,-0.041548994435613835,-0.05556829103723367,0.04409246094451348,-0.15128421089473296,0.09671580803617122,-0.016457054459892408,0.03549661150658774,0.05622241884257037,-0.11026458500620305,-0.050453924003449335,0.09216726687073101
CBL,0.002621601897542336,0.04858919836806697,0.008607451421523317,-0.015255625396734135,-0.04147027326482862,-0.027898424866963863,-0.016973643016173573,0.007211151897678294,-0.013791065613725388,-0.021331586517118875,0.036910765568827726,-0.01627753787492033
UBC,-0.04611875699233076,0.11269089738829213,0.029989417124949295,0.11447538359380025,0.029284793549743116,-0.0423469601193397,-0.024443666831501242,-0.04096088769959838,-0.017356937971824863,0.058621546430935985,-0.005173035264120565,-0.008528738276269921
EGFR,0.009578603274093316,-0.015088461949471712,-0.010178708479531002,-0.019973290570771303,0.0213657609522079,0.06113824985061059,0.018303834883719745,0.014902693681043676,-0.005962917995054954,0.03645239683849572,-0.025054179332991262,0.029485863232981056
SH2D3A,0.1551824636013146,0.05431146862791581,0.1706184604381455,0.059808441796419774,0.07671523189952988,-0.1558275530288891,-0.10076450018269677,-0.09365241527495777,0.009386211033673625,-0.028743749486353914,-0.047491360129897825,0.0711856080020392
CAMKV,-0.07513119571253367,-0.015071477883890632,0.18249104988589543,-0.2101105909748914,-0.025149498507718575,0.051252037004445736,0.024006327115698004,-0.08380993953731349,0.008265287146497132,0.03419707797492053,-0.019245993676417307,0.04185227117884979
C3ORF32,0.2359570985353772,0.20055740155485952,0.20649605322702239,0.04972496671801942,-0.010639259735420292,0.040676332043453466,0.11917825233076015,0.027797205744951144,0.026947538267278266,0.05991353352591524,-0.017949047894509615,0.019981069253522863
HSPA2,-0.07000987955866103,0.020898319368873475,-0.05814239650588006,-0.08496086821546286,0.15955169361190114,-0.1012845318071007,-0.019879095938769114,0.06185927866711815,0.0011723031171906734,-0.0889970682701427,0.03895456668512545,0.04096034362392541
ULK1,-0.08987407350329611,-0.019047629003959343,-0.07413989885074822,0.23126988392263687,-0.09229701061283721,-0.06074732962693639,0.10501545196315558,-0.1139180663713871,0.04296680943952665,0.04330364739281594,-0.22069573768308204,-0.034656342778125925
CACNB3,-0.09906051942541028,0.07595765071974132,0.053596635252443715,-0.03452213077046588,0.0332307910244822,0.0711968276048338,0.02953567617856627,-0.10531112073150006,-0.09359883004585672,-0.16146557391206237,-0.20522166795074964,0.04627666806641213
TRAF6,0.05598323080597899,0.005992693505346887,0.05520626993496444,0.005890726720174571,0.005076082654097876,-0.029952652634561247,-0.061183216276792005,-0.00997157805155087,-0.025396120952437075,0.019725525904582545,-0.020395875467646745,0.005843321332047836
SKIC8,-0.10585510045112112,0.06190353508182353,0.09359488571470416,-0.10428172789091383,-0.008333592157758338,0.10839398191816213,-0.015923571716974397,-0.3184154457714422,-0.28156172888062003,-0.19688737736661005,-0.22896142838486752,0.02155746751604095
LIPC,-0.09583598914073813,-0.04076211078930858,-0.03867225095420217,-0.023029779714252206,0.014915945919662037,-0.044116495845071664,-0.03519585869692621,0.03641729005775658,-0.009503899645074958,-0.022407427197143375,0.019965191347610566,-0.01119223934485462
GRB2,0.027151638057503397,-0.02129376724891994,-0.0009745863301061137,0.03870199285254765,-0.015482581785743575,-0.0023711269957904066,-0.008714904539585877,-0.034062791331861735,0.012881613297244044,-0.012966293258454688,0.06850372771944466,0.025432415140851747
XRCC6,-0.05049064013291308,-0.0756799673979021,0.045318923762765896,-0.07258032399185584,-0.060274477762826226,0.0013056462264616306,0.05779745365131354,0.045664171063418024,0.011119423853728005,0.1756249175592811,0.03236590901525716,0.0036982186305101156
S,0.062009124592141744,0.031371297360495785,-0.019303404984775268,-0.11898219239457203,-0.09363886406174983,-0.09420657198786866,-0.12477998387223728,0.02940956053842815,0.0009230561757340588,0.1394773215003532,-0.0694906911996255,0.20132760649015904
TRIM25,-0.020492232866663802,0.04392358385942113,0.023357238050716857,0.09209809803585413,-0.011792790727756951,-0.040644273534553264,-0.019528353343724266,-0.07640949170114741,-0.05059070034715761,0.15087448622506588,0.04217193182632722,-0.001859892253006907
SQSTM1,-0.07062722736829344,0.05155416032288806,0.012559793272680647,0.1434717141462802,-0.12022038613179602,-0.057360914128202996,-0.004402243477931087,-0.027926626505336127,-0.04357606467511096,0.07356751979911884,-0.10676541258412203,-0.15870556937287192
GABARAP,-0.1013427776797405,-0.06190567727592054,0.003378845246328444,0.20781442129932495,-0.07619451512700415,-0.021028067678615592,0.13215793230038608,-0.11091344235087322,0.026352772888656863,0.0091458531121193,-0.14847060866717604,-0.0746782905838932
GNG8,-0.13688288540117755,-0.10271135397887303,-0.10456877588933935,-0.0445748548643748,0.02398304576693681,-0.00998302971260994,-0.005963610479923199,-0.010122288868217762,0.0005373232839420586,-0.03309536996548893,0.03513342146363442,-0.042733517087597934
PIK3R3,-0.010457905852327833,0.09224800129583781,0.01700855433009829,0.015877989462774578,-0.06038596194927375,-0.018234575761440754,-0.01436180819347358,-0.017952335039547934,0.059677988818022394,-0.03997705841948744,0.0353742499576883,-0.02283661705975727
PSMC5,-0.06841848554531497,0.047343895121749434,-0.040420282201435245,-0.05028633163694435,0.10930315836740903,-0.031046999639135757,-0.00014850544482469753,0.014935230617394638,0.017888165519421056,-0.016674361808343936,0.048727635720446354,-0.0001983616066500727
SIVA1,-0.013750398465419486,-0.006931901607790093,-0.015814615943719364,-0.0321443592972283,0.004668876452153744,0.028239175279311572,-0.0358915381370066,0.006201099388780782,0.045994867699335466,-0.06403301505579133,0.03606242787341112,0.04443889993286618
MSN,-0.02614758454142781,0.17082213554647255,-0.01259318584557456,-0.03972921469975211,-0.15812970435973733,-0.08901847442832629,0.029808372163269047,0.07194718678209656,0.020883133913588273,-0.04447334475643485,0.01989266959670594,-0.0654378728259785
DSG4,0.13093832739946437,0.15439923417095422,0.11363481184599615,0.021120651211377794,-0.03302946528899805,0.057419295916353946,-0.009446150275928728,0.036119246569676355,0.03137428895016914,-0.00047191963767741825,-0.023032622783440936,0.01653968527432491
NOTCH2NLA,-0.009315927325205291,0.03191065332549964,0.019591250865557155,0.014574798092197257,0.0008422025402842936,0.03126262189255843,0.019177463600469073,0.022679093798373285,-0.01163281983803657,0.020007840282352897,-0.002458663006897459,-0.016654193388618135
CASP1,-0.012283526043591045,-0.08079365114009304,0.007627988307824223,0.013887051520681471,-0.1695305273313088,0.042637886181256336,0.020502918618194164,-0.045977149038453236,0.03398400512729693,-0.047461051034092615,0.003953123783669952,0.0003658530443167694
HDAC2,0.10157843370518603,-0.06586145440339942,0.11141283908440665,-0.055755989403401075,0.0659679667942547,-0.04798213035726692,-0.0744672214567048,0.06091743053033917,-0.11658226397918335,-0.08368374104603162,-0.012369027253254762,-0.05765582751192501
PHF11,0.024453496786807097,-0.020119105821586974,-0.002307420626631267,0.015207146627221075,0.03218746781295104,-0.0054736227787330945,0.03264479017592465,-0.019709109290043422,0.016902793491263036,-0.011344548762137087,0.0437932034870946,-0.04791885947044286
TNF,0.013010234705141774,-0.03802323635943735,0.014831133303064892,-0.07942663472983874,0.08135801881245698,0.11125355293426946,-0.006905234617504498,0.0626335735295544,-0.02359163363775432,-0.029487415138090667,0.017927997542043855,0.025497312348553843
FOXP1,0.024381108342705373,-0.035461681429416296,0.040979785921326874,-0.05495802911923144,-0.011459383190454114,-0.043231153745004,0.022711099918167152,0.025435940559574464,-0.08162876598492855,0.02208431818137838,0.004929633890687216,-0.020837629255955985
MYC,0.0023433107417491507,0.03349041668721545,-0.0661545168957421,-0.04727128848414548,-0.05657203005755858,0.03509837220320382,0.06463068185263866,0.02490737087202874,-0.0951837531996571,-0.014981198026116811,0.032393620472973395,0.027221270894027497
REEP4,0.11956158581184852,0.010227136071390384,-0.034334151903540555,-0.008596969181729506,0.011120093545882427,0.07448923790135355,0.00017995057380894847,0.003623151898688798,-0.011477078482589971,-0.009750915235111977,0.04111292031364373,0.01754397344886611
YWHAQ,0.048972226562749195,-0.13202519203527213,0.05181506731758044,0.20592529376466492,-0.08409231771639913,0.10664775467512787,-0.31214107380817413,-0.1306568808849027,0.10781653730615451,-0.06101753630434689,0.21692867883496972,0.054076686558278686
TRIM21,-0.039831210579363896,0.04743339885495091,-0.003557584519193939,0.08961110430576803,0.005788517466062191,-0.034438669774998903,-0.022434255870667212,-0.0845879075080243,-0.004580566200991572,0.0781247158831778,-0.03265571382597825,0.010507981259933213
CCDC6,-0.011929655175701296,-0.03714089361681584,-0.03745544133517662,0.02798323304383873,-0.019830622197273367,0.04531998940086634,-0.012131105686346162,-0.048445089024589244,0.03245625042252146,-0.04284732657084192,0.02140019741686742,0.016951738953652432
NPAS1,-2.4565879085510884e-05,-0.014752685582240336,-0.003881642333288881,-0.02931420193582161,-0.052875785240558235,0.040107024585947455,0.001986202388024419,0.013467098615006314,5.242244983486787e-05,-0.04612363694282002,0.07496856291913143,0.0528338380512678
PPP4R1,0.01823881434932038,-0.045538862888240564,-0.006241421278091273,0.008287663200558381,-0.03674932328747752,0.0460847122628543,0.023880130823787343,0.02004357135470855,6.35896105275801e-05,-0.019744375444437134,-0.008281052895664696,-0.016946849890292163
TP53,-0.04409205429274847,-0.011127522705414845,-0.05619465647434186,-0.062109610659991855,-0.04645190809485579,0.04433856530048067,0.07080825835239715,-0.08159884920691811,0.02281517896773374,-0.0006611279808036674,0.010257994745386958,0.08051903007352233
C1RL,0.025932097336939894,0.03727173114343281,0.03372730818340789,0.0006464640085536079,0.03902953133082746,0.10725792083995225,0.044773603299792665,0.02383639771458701,-0.02554453447525453,0.02318311444331545,0.019012757473349694,-0.023600499269084897
EBP,0.15096097154744895,0.004404801974747074,0.003797159441437161,-0.06962764721035912,-0.004249701312290213,0.08119277320211549,0.04444247747750789,0.0028924182501634506,0.01731384881607972,-0.015575741595957614,0.009861430143049979,-0.02238941347892649
SLC10A1,0.008505990138328416,-0.037000156655543764,0.11107473881195162,0.06690255679104225,0.06707613315189122,0.03297802599417372,0.013445081519779196,-0.0015287362166803442,-0.024056747021432935,-0.011589681456470243,0.057823161744495734,0.05588371309321014
BTRC,0.062443523136443295,-0.04306793642192105,-0.016439500427490598,0.05883375454673648,-0.1285168970528234,0.11679938243539378,-0.09807623534898112,0.004919617830946022,0.0926969458766903,-0.1486272110678716,0.0228867967555225,0.01219038472842487
CYLD,0.02763335129856799,-0.0493834935417783,-0.021686883590182164,0.05198920027119457,0.08715901094429276,0.02088092525185653,-0.012897130741222741,-0.007199770474435922,-0.08345314734508671,0.11493618369074184,-0.010160658359228558,0.037945681372666955
CRNN,0.0629993800075538,0.09535524830133704,0.07701286596509584,0.0028211371786104685,-0.026080470053294027,0.026191546674439597,0.01326180438148142,-0.010030935540108452,-0.0022352898383712024,0.006368604463035748,-0.03048673343019288,-0.020902370651533626
DPP4,-0.031661708655061224,0.06769611643233057,7.748625600664332e-05,-0.028393921109345785,0.048902288778740886,-0.039868608825228864,-0.13069507737139258,0.09599821637108624,-0.05511313737636157,0.028631461761050574,-0.017172482763577163,0.03856021740206678
HHIPL1,-0.019698641874859264,0.04939073324780664,-0.05498862144982376,-0.03523184815918998,0.011134216909910894,-0.008615655855504915,-0.15649952785312773,0.07952799259725947,-0.05257436000620053,0.0899189972863068,-0.15938352150934015,0.135494276837872
TRAF2,0.04521668607133734,-0.03763386144402689,-0.012855398491109454,-0.11649911451403931,0.07734022113579038,0.03735802349683426,0.00019890388419855636,0.056568197540880244,0.07424467233920365,-0.07561955429709152,0.054703120111367354,0.04466389358314871
NPC2,-0.11449204280176149,-0.07983620631889178,-0.05049333116804022,0.04639231571491585,-0.030015181081602508,-0.07738101257406403,0.0030253963138864356,-0.032586939905380155,-0.021060853145465883,0.007791053954095466,-0.07043165171705257,0.05392092033722547
KDM1B,0.032724858674259755,-0.00835501635201803,0.053775687285342405,-0.07514320600047529,-0.1078935944224946,-0.02517023152589829,-0.06666046435608888,-0.0007325286217785029,-0.06574339229078574,0.015947967257251307,-0.09887503642390043,-0.052673223955512966
PAPSS2,0.007477401996340846,0.012661069399781405,0.0270045221772462,0.020828286568127963,-0.030232010336883525,-0.0291078485653444,-0.0645179924582408,0.011478492042166949,-0.047528536956955976,0.06451891991819977,-0.0011334327231542743,-0.0903773822158055
ERGIC3,0.06719780441208849,-0.04014378123474493,-0.027620980902747925,-0.012755396146765633,-0.010288717668151762,-0.0019292819920676185,-0.010997297643621506,-0.023514029607434043,0.018543964396885416,0.01927638243652995,0.010722898752863176,0.023678965403150946
CUL3,0.08091760581456553,0.019421778715583395,-0.02280482710998414,-0.06976884893661082,-0.1126615954795972,-0.032471403806620065,-0.07026989125763673,0.10661263486075975,0.03362528020863395,-0.03880032885419365,-0.0388833564226416,0.09869276333180062
UBQLN2,-0.09327085470110653,0.08978081430528478,-0.03444426511570862,-0.013735368324552358,0.038351476493770666,0.0005249708770142045,-0.11241694626125884,0.06058931662703098,-0.04951684351306086,0.054863172861704175,-0.0586684415527928,-0.07006840684767904
POTEF,0.006499521881728791,-0.033351698577253015,-0.006851193230338811,0.0030882735857535168,0.015902821300360637,0.006851169870475692,-0.01800102312546445,0.01734781259253476,0.011299586564624573,-0.02956857557427069,0.01585365013146194,-0.01558489653713261
DDB1,0.06130425970666476,-0.1193119820111105,0.057886638824849804,-0.016062908210949575,-0.05948893573147,0.019953329268759,0.01523559987551429,0.03456595671955871,0.03440286624922777,-0.10448640353408233,-0.09131880072900309,0.03954545554842125
PIK3R2,0.04315752698583165,0.08989578195877806,0.036527435606960985,0.02291635607152494,-0.09745189361300054,-0.015766249894616127,0.008962276194690023,0.005834644122771223,0.02635156201929769,-0.019368232563944047,0.03826462902814227,-0.017767654957466232
KRTAP10-8,-0.07523506020955578,0.04535443766507156,-0.13159434100750136,0.045421520142633356,-0.047747403982487654,-0.04890947499587232,0.07438649231117053,0.10420625999840456,0.027984299979483502,0.11432363737625327,-0.03075629266395878,-0.016238201798085633
HGS,-0.06112999736636944,0.09939617068663548,0.035885793990761,0.020481473952831664,0.05130853043984297,-0.02019801598806056,0.12214863336150622,0.06575303074068847,-0.05218454997297992,-0.0008532713444187543,0.0439302421803924,0.07737996544161509
FAM209A,0.05583058386582221,-0.03448422505760679,-0.008943423055860754,0.023597112621249722,-0.07237211899238634,-0.027932741662315252,-0.09375129011939878,0.022051060357670193,-0.010954803083280222,0.005752665590530332,0.0691918464232176,-0.01761357521555161
B3GALTL,0.005979853170603499,-0.009017159893990165,0.0007332721425323025,0.00819811821696769,0.020604076774948424,-0.04804060048799456,-0.026055003126730626,-0.02756846074754442,-0.005052736131083057,0.024879145070706925,-0.0661406206095785,0.0527137548615627
MMGT1,0.07679264842514529,-0.010852923296434959,0.013853127868235412,-0.054137343364475524,-1.7040713630494006e-05,0.034899173125344726,-0.06521990268732876,0.017120201795897252,-0.007674775281800625,0.02559355597443062,-0.010510089276342031,-0.04215061944415429
YWHAZ,0.037691956351227796,-0.06791765545735005,0.03745566705055135,0.17456890073018158,-0.01951008238481796,0.06858233030836541,-0.30053485699247035,-0.13510945330299357,0.09016280056986535,-0.01722259866727786,0.21950213599064367,0.050059725744997584
SPI1,0.028256790483566795,-0.018963476395256675,0.10345272301749946,-0.04241155821368535,0.0662110986321361,-0.06468395740110487,-0.04435398110352828,-0.05597868870592871,-0.061505287348501955,-0.008668560777692161,-0.009936447486247705,0.04601015001072422
TMEM66,0.1879893292694973,0.07634468275587233,0.15006267735608514,0.04606497111602625,-0.01752001991890576,-0.012440408226527328,0.07941184643647148,0.01576691999075815,-0.008671822148241033,0.0623678548648523,0.016739990527259847,-0.01975920425164556
UBE2D1,-0.05794307543682773,0.1114651793961367,0.05755578303908805,0.04880474589202593,0.11546152069431835,-0.059407773744130574,-0.07083309673960328,-0.08216056888167929,0.06656675038421872,0.16782059782666464,0.0009611062802197188,0.0034152303529764723
HSP90AA1,0.024026637119268605,-0.06650489704466163,-0.07127698956510758,0.011197746988875252,0.05237324616096543,-0.007504769610238841,0.016954038519322475,0.04160077347593634,-0.035792231352188786,0.014395205175057867,-0.04541641372823188,-0.022334037351097315
BCL10,0.07211363048439318,-0.04400887431803167,0.023326026603824237,-0.0096842596550955,0.06057952408430998,-0.0011025105774808378,0.0006626577409012749,0.041494271769311364,-0.09251627698129535,0.0445116908179205,-0.04069782902800143,-0.06015474056978834
MAP3K7,0.029478513337588535,-0.004198829989979085,-0.010211508556078944,0.02666307248810657,0.12361397813561195,-0.022081504857966488,0.007561203096657357,0.05632736580126461,-0.03139162390565141,0.04211103381163254,-0.007608198009585677,-0.0064046452748124
TUBA4A,0.028268866769632955,-0.17455562548510695,-0.01936054223099814,0.010772960094752706,0.032776989858021285,0.029126750432709916,0.0939667855630876,0.03000210067622878,-0.16165078467827815,0.10899666369938214,-0.0686785938754394,-0.03309742887445245
MATN2,-0.17515281679361863,-0.17064154227723455,-0.1618817743270837,-0.014748125109254518,0.047669025298408566,-0.0025993193442892105,-0.04748447082410673,-0.057621039265883245,-0.02575175459980887,-0.06606910940130381,0.04874231876794248,-0.007624275290919391
YWHAB,0.04902219433739142,-0.12268291387692419,0.07464468864770676,0.18793987002794538,-0.05407069479676243,0.08724368484862714,-0.2959162536014843,-0.14460070765273958,0.11062314172084527,-0.029074535557344083,0.21428326604231038,0.046591665048494074
MPI,0.028880029664016274,0.02073640138145234,-0.029916852631361988,-0.03862112015208622,-0.005171689259718564,-0.02511693209657772,-0.022230123174339766,0.0013817101915664706,0.0006388529678907351,0.006150974476339484,-0.016593362381562105,0.020760672244797555
PIK3CG,0.03455686178251756,0.024167680056826624,0.010079854279778543,0.03592350473949801,-0.11889362231801776,-0.07785361411736884,0.001140862706631322,0.008645135316345188,-0.027527225213125634,-0.02931250536839065,0.00698876790066997,-0.006518274928404233
KPNA2,0.1692963559023466,-0.07004591167490029,0.02807645945828585,-0.06233554387160277,0.03187398011707583,-0.057097913264779844,-0.09421959897057709,0.06521616330024657,-0.10771332311526163,-0.09195285507148367,-0.03425177913164426,0.010665173129000251
FYN,-0.013603065378670778,0.013186791890296415,-0.0009044670997582149,-0.01610065366590035,0.006403147321584985,0.10021128912686049,0.042263079553964786,0.0182093006268191,-0.026148631220030524,0.03378482432007685,-0.03531318543455345,-0.017865138995671367
AQP6,0.008008015305365795,-0.09091154554119649,0.0856810921537968,0.05801007826032614,-0.010543746776950006,-0.012016643305137388,-0.051963204848725714,0.026837444606754513,-0.024945149268747642,-0.00024578648819115927,0.07604859469323126,0.004968761750116223
HSP90AB1,0.08501958046980727,-0.06386908003978063,-0.079080370913218,0.022549711467591764,0.017641370570041157,0.06835344547946562,0.00893538162561224,0.07627716104973431,-0.04002655417072315,-0.014627506292261316,-0.03853253412532216,-0.010125224085808878
TAF7,0.032421746277239365,0.03943435209257993,-0.04545560794323402,0.0591406988476607,-0.025913869450304782,-0.029731424165701657,-0.013735800341406906,0.05231161557325121,-0.008269705778237359,-0.013275798220714372,0.042975298275347684,-0.05398653949737706
ZBTB14,-0.01782654678983494,0.007259292077672935,-0.059994098132507764,0.007150517439431695,0.01712991368047612,0.02264712183782177,0.006549213091062483,0.0053318942109240874,0.042675963921682644,-0.1207624879806956,0.028985603300207215,0.05850502113201611
MUC1,-0.02075310327934262,-0.06027554133267342,-0.03431147120269781,-0.013888188621807105,-0.01679042101719263,-0.00655795494614624,-0.005500319455463288,0.009187570474395347,0.00910741755629238,0.026453520878974478,0.03432697599939117,0.0028550682102978283
PLCG1,-0.011386176394652203,-0.014098061790940641,-0.025823129283647512,-0.011682953765684007,0.0028134211364393633,-0.009606271046477708,0.025129873931458494,-0.02588152804971072,0.002940248499569561,0.019689569959134335,0.033910125307984006,-0.001369014626837903
ACOT9,0.046166408378522136,0.0690467651908208,0.01874767522866321,-0.023053387557214675,-0.005727835706375779,-0.026801352960276185,-0.011409711954767825,0.04049931233033265,-0.009975849591102072,0.06355067815735585,0.0032524480552120726,0.05976034967308223
CREB3L1,-0.0002575690052164321,-0.05455207314491662,-0.009643090858516527,0.0072437011317933375,-0.02080468368508538,-0.0189515210763148,-0.05058377847753825,0.0002873467991488002,0.01756512833833724,-0.0029634184411393405,0.0856238085703596,0.04228608715118888
TAGLN,0.17629716343465837,0.012863179226440003,-0.06377533992672589,0.052723467523446435,-0.1248023263382489,0.01578498854101616,-0.08218470238936713,0.0012200726198258222,0.05998827242240515,-0.07959022404705059,-0.0237479698236163,0.04049071010259785
CER1,0.024211893113658352,0.004562364749531001,0.054526670550308,-0.00018587101136731594,-0.0009123097942384333,-0.021782882791122234,-0.024233823015321957,-0.005798771100252231,-0.0015343809723455928,-0.014219976765625163,0.017682473649132516,0.02728572747608514
FAP,-0.033746020074944434,0.02541370613295195,0.012371154414212781,-0.023240819969650998,-0.0520622597763688,-0.04018269577160617,-0.15138763704929384,0.03218916195504244,-0.06267273383257749,0.0765646329745406,0.036219508126236755,-0.13539884738261956
STOM,0.003911065446447187,-0.06574709259600672,0.09417408888983513,0.03978481940114895,-0.004283150475701939,-0.04702655847090909,0.03155287560537757,-0.001870442763903948,-0.05586044294695401,-0.029025758055998944,0.007736067803458323,0.09933999882088275
TRIP13,0.024554679273643902,0.027171040063151682,-0.03509887357751503,0.0046229468904443105,0.02255429486215888,0.005457460768818349,-0.026279903566241953,0.016953660014529318,0.012716340213855887,-0.037945902632587,0.029712787771990812,0.019319308719807554
SLC9A3R2,-0.031522532399437635,0.08652630590605347,0.04382964353574978,-0.012787944403653353,-0.10488004175967877,0.04014299229018111,0.04331197750902219,0.05756051606118948,0.022588192685193728,-0.07263706004846357,-0.04015124842667706,-0.053513345150093004
TNFRSF10B,-0.11033675628592698,0.13146378267119452,0.07669044698151473,-0.04311291621352464,-0.025926107138536377,0.11809256659725614,-0.06979561391085878,0.05253479427747356,0.19103026317200633,-0.13122455246168344,0.02786688296302504,0.013854126345565519
JUP,0.12411084346774955,0.22718322053667867,0.17741807624590164,0.027373680228610406,-0.02503821715200318,0.1262954336638567,0.10337127981993076,0.052437956484375596,-0.0035590037165102923,0.0025033408321473755,-0.05245646642704781,0.040453251497931136
SLC35H1,0.0834360863657576,-0.039743122603584355,0.019132159324460468,0.0372588897005412,0.05162533844610918,0.01969839469612721,-0.0035036531677680653,-0.026027863688581693,0.022233849937655654,-0.00793895649408788,0.04384561567080628,0.13286141842979196
TRAF3,0.07538887379461132,-0.04180709578161862,0.02341720101949971,-0.011932873004906893,0.021925247101730553,2.5472318178182843e-05,-0.02879994422409154,0.005968591171257505,-0.03937872500787175,0.006388726796090013,-0.01854898944113987,0.008482361375195178
HSPA1A,-0.10902730733441852,0.07706314665968214,-0.0776347882016277,-0.14539846638892032,0.236141961248111,-0.17178840695360034,-0.026728509857838544,0.12688770062386887,0.018607051225337054,-0.12646949659554074,0.16342988657028448,0.1314844990107805
UBE2I,-0.029850347659402327,0.07115421852716201,0.0018901845193278464,-0.02154622424113531,0.06293773581783084,-0.003194326563909979,0.0037914014424480936,-0.09261764522087854,-0.008085094064227406,0.024890144974099644,0.04868475399011314,0.03346507462105407
CSNK2A2,0.05879493171342922,-0.050643728869370706,0.08559042868054498,-0.03894322862982292,-0.028435045737501555,-0.0006273990544024086,-0.05418494266665701,-0.016267479796458106,-0.06481329660683469,-0.09347559682491521,-0.06961645017944308,-0.08683324184816311
CSNK2B,0.044126194248823906,0.019051853255657485,0.025205432921351245,-5.036616634072582e-05,-0.013877621240624156,0.05713952394245941,-0.060235443742033754,-0.05031754164807051,-0.053253077586433786,-0.09459622570232143,-0.039509640167055195,0.013451192409614579
MBNL1,0.14772176838038428,0.12866509999549927,0.11243560563747453,0.013178981482058358,0.023367401340393317,0.03420957566112875,0.10157633801839253,0.03995310793427492,0.03303114828201694,0.06303302537356763,0.03638455363341991,-0.02912588064535375
ZBTB17,-8.20656571912683e-06,-0.03205750863669586,0.04143187545459787,-0.07297447730179582,-0.026148556141030246,-0.06367221596081332,0.000757084629166919,-0.07576403637976882,-0.04592591887592574,0.06522741520482987,-0.0329574948807452,0.04415955872562852
IRF1,-0.04875642491512518,0.052656405664896655,0.018232972984889028,-0.00705160803302244,0.05524109093584328,-0.01518702579910772,0.025616524467167678,-0.10166201281359244,0.06178795595589295,0.0667873611824594,0.03138376095399182,0.07547616342211051
BCL2L1,-0.05551040135173025,-0.03208232197839982,-0.032584915085303964,-0.12606617709178405,-0.12714482449901554,0.05087305829083683,0.02645540821427642,-0.007498843222843068,0.14139129971190542,-0.0715671879222486,0.06075314751002764,-0.04541976061407107
PRKRA,-0.05959091331613667,0.1213626134113333,-0.0942769670005646,0.042979385211902275,-0.07517600860428489,0.02335925385159921,0.08471730052679852,-0.13735974957197367,-0.14174191826708157,0.04773062718723839,0.1466469248504214,0.05250023105981622
TNFSF13B,0.12134260882284184,0.05355908646545511,-0.09508665564096624,-0.05502283159968912,-0.046669745569986924,0.05464088675258925,-0.012532583693378244,-0.0563016364526295,0.0425536572822706,-0.042167734127042084,0.04806049045322505,0.0010939433361429622
RELA,0.013528672746038643,-0.023998660632450285,0.036760280107549156,0.007084489350616179,0.06036474331564708,-0.017653100503568414,-0.0018168573845570451,-0.04520135716149628,0.0006821415251163954,0.062034192958783006,-0.007532600578686601,-0.01527237380605065
HUWE1,0.01353544269819653,-0.018375644812250333,-0.019838804405835065,-0.010290563998825249,0.06812666361932374,-0.04005975261637641,-0.0311594875302334,0.0077227024034845545,-0.04072114592325683,0.056858859430545555,-0.04819618351154659,-0.09575286666162189
CCNF,0.18882734652974403,0.047351931055184864,-0.13280606827358732,-0.0945761711589909,-0.10051391010207851,-0.057697198930714656,-0.11558085221001106,0.015084440157011337,-0.024294487852931673,0.022630383649129046,-0.0341398010126371,0.13876557321966076
FBXW11,0.05071604528557007,-0.080793395959735,-0.006100702244374799,0.05728875390206881,-0.04781318656509237,0.07892889422321663,-0.08482088778155283,-0.011178270389183379,0.10197425969792204,-0.07852234587207613,0.02091149593111514,-0.029247801115858337
RAC1,-0.05338773313120103,0.07272356238231395,0.04897502501266298,0.05060706040167942,-0.06671459496476319,0.015801172941397403,0.015115507113746119,0.017220047798525213,0.02473106637008226,-0.05089265432034784,0.045070277171028655,0.001272726669323429
PRPF31,0.006861079767351843,-0.10935306818954038,0.113414660877481,0.019867677637160998,0.028889311943887806,-0.08908136546774126,-0.00856114677527303,0.20608445822348803,0.2865701081929948,-0.024548678638062007,-0.1604530753722666,-0.096468271916087
STX17,0.18248175226788413,0.1555991743608451,0.1468541489542157,0.015392417645413008,-0.014226241235817451,-0.018680909892468036,0.1594321347069488,-0.0010673192266461168,0.01662901728502609,0.015935271387511673,-0.05572682743065098,7.017405305332232e-05
CHUK,0.05355700977275781,-0.04003772275008216,-0.034374363143165346,0.0038796149332467078,0.09038321951214644,0.030748852615621217,0.06350970798609344,0.025314238733279926,-0.08646388060425503,0.06443587009328999,-0.046273583358179604,-0.029099031280323814
PRDX6,-0.013366556023911997,0.02335689214816583,-0.022972713968459412,-0.13713986947331833,-0.14409622358614768,-0.12540231671938182,-0.017873150221750053,-0.02146907362031463,0.028984735136804298,-0.04176915525458509,-0.02844128438074893,0.01699477594195292
COPS2,0.08081782748696487,-0.12763494010939871,0.024851115500500617,-0.09031245593738663,-0.0007318588730920824,-0.0005953082929412395,0.07112909507827384,0.012364565940925436,-0.04210105241776506,-0.10685586073251027,-0.08386067666126476,-0.022663409573025574
MAL,0.007406505733379473,0.007666809853307581,0.057765094478608066,0.007398488721328996,0.011086911010354509,0.10850805117174624,0.02607073443845229,-0.006123697103838759,0.053630861490484384,0.008915832304255135,-0.01669105298954278,0.08291972613929834
PINK1,0.15489326388598001,0.15564685634430658,0.10207848264710681,-0.009267662916305899,-0.012582033353695891,-0.0283286468485159,-0.020979789374686336,0.07638432102816557,0.00535114088511949,0.0649448151277674,0.04326057662951264,-0.10301041430965685
ANLN,-0.06736849363212513,0.13484847245120482,-0.050631087674168115,-0.0021993798839952754,0.04479434574046757,0.002370706742936471,-0.03038137184708551,-0.10447887970209715,-0.14276789329464631,-0.10989023189368625,0.059884199315725854,0.07951495713905893
MAPK1,-0.05927481762995309,0.03706450654604415,-0.018337884265043024,0.022540255122209463,0.01897901966603167,0.04650010479762458,0.05300294530033875,-0.012182598394832484,0.013285949518346947,0.07736836617290332,-0.01888388894088826,-0.0012904874011826417
POTEI,-0.0016186740598594786,0.015839869571903465,-0.007448494864094619,0.015685264573366817,0.09885630231322128,-0.0461739380765951,-0.11660442833111015,0.050381425572772726,-0.0814142904895544,-0.02632606472467694,0.004410223079777881,0.036573326713597115
ZC3HAV1,-0.06898041669261704,0.11358622303623199,-0.050631741751632764,0.07041260554163344,-0.0525774593164219,0.030870013707296168,0.06988113554886922,-0.16614985195549983,-0.10839671799433795,0.056641323625274145,0.1494653674073446,0.04575620771354579
PML,-0.024099984610927026,-0.01629994547033828,0.024856312333390838,-0.006690815959235343,0.05256095606681705,0.03412486510924158,0.032831191867156495,-0.12093260552865975,0.023038631823374678,0.01666818275581726,-0.010398261469562358,0.024404366249454666
GLP1R,-0.05953473428985819,-0.01384711548174451,0.03507641740017108,0.012992602425790225,0.013130029686037974,-0.0028315961083470046,0.04710577816701749,0.022901396301747076,-0.029954325771098744,7.606313102457378e-05,-0.005834243630866035,0.0006764175376532252
WRNIP1,-0.05123610835222467,0.04609651741510375,0.01472220726835398,0.09719958714676447,-0.058580753949601536,-0.010802791935453084,-0.044763427171759455,0.01327161664126432,-0.00021190100687220844,0.18298324021152296,0.0076546736139821705,0.0016421522337364996
SH3RF1,-0.03907015452164388,-0.0244726401810769,-0.006167500072570315,-0.02768080843475115,0.08171815178082333,-0.0335656059209399,0.04228552953233243,-0.024891646671808706,0.03746133099284909,0.008780653376215579,-0.024978531849910248,0.0033669249676519164
APOE,-0.18107833412961885,-0.13582359726281665,-0.14381124324370365,-0.06749508537627913,0.07422168264223197,0.09214905000750545,-0.014061786806839801,0.03196918850324497,0.0010532946802543307,0.0029423441763272063,0.05676286521048181,0.009049392821445753
ATP2B3,-0.12057671580925394,-0.007843936889779033,0.06170867470993461,0.07925539236369739,0.08749694452266663,-0.025251033487621966,0.1153639869938987,0.03165832501858379,-0.010495676036862517,-0.022561281292065263,-0.028003861378270604,0.0015406886115224541
OAF,0.03861539074874073,-0.018558777439358083,0.03633943996095101,0.008399667892970473,0.049732522938133114,0.055548474476868705,0.026592590703000615,-0.007502264636664592,0.0046765167345362,0.0130863204439471,0.01528900967659108,-0.01721109814134285
CFLAR,0.047602693115180145,-0.0719755598404244,0.02762015200765698,-0.051441453856476506,0.021297966883954498,0.034292694943077066,0.008059716270584895,0.03170914444673433,-0.019123084974034515,-0.08844029323254411,0.05382337432982567,0.08128760312006283
REL,-0.05869801888220009,0.06371479521816396,-0.055770099320782245,0.05455413076002028,0.011091639649688309,-0.052732729518467185,0.04801743298333916,0.03887460392147803,0.0001283580733595921,0.07738032036671064,-0.032005531672525386,-0.017139993639971037
CD59,0.03540897467496486,0.0712914055479172,-0.05487159915045038,-0.05132751364912834,-0.04358652900314485,-0.02284021541281535,0.015580781084417988,-0.04366310727336392,0.018911296447537522,0.006592418859980642,-0.03399798827090089,-0.0015828778956794567
KPNA1,0.1552602316486833,-0.04633667274082973,-0.020520552069383132,-0.055631619730697746,0.04277512032527745,-0.04227702141709266,-0.026562094410487857,0.05286663203929454,-0.06964111916275074,-0.05850890388026455,0.005003176859937733,-0.020490601727383928
FBXO2,0.029605155582616824,0.015479940869679359,0.06213323666913107,0.0020959661893555697,0.01107625031849358,0.04110942183702682,0.022938941823511645,-0.010441816071151348,0.016102614120459557,-0.02396058516633192,0.01587804617660049,-0.024810970346772335
KHDRBS1,0.043542124084871715,-0.10129259752391973,-0.04142045347609668,0.017103277043599124,-0.007050709847526313,-0.038737156246940144,0.0554225555862285,-0.0004227154960689504,-0.02294071082983584,0.03632209920925241,0.00440843726994305,-0.024516904472948693
IRF6,0.006626695623160872,0.039899532460123184,-0.0807225322570673,0.09970610841567418,-0.033753153829601715,-0.04064008699057072,-0.01698962008799336,0.10954359581569935,0.051030812759652266,0.07522569733358206,0.029638663503292573,0.04850066629290804
GPR45,0.10559901931774682,0.042795707185667234,-0.055890825691181895,-0.03001568817422969,-0.03478746326343962,-0.03762710130946034,-0.060546014362020756,-0.03875820644815878,0.005254303788944671,0.06559673913055747,0.03449670016888075,-0.0009679070841799456
MTMR4,-0.019462310027826873,-0.009896039764475152,0.04951208730574612,0.004029330304509218,0.0252292294932053,0.06349850994143688,-0.039059157883861,-0.011809073060788513,0.01195113395664066,-0.019117367743907817,0.01664611841413971,0.030551374941434714
TUBB3,0.010754659891707177,-0.11042774723056846,-0.028437429478365403,0.04966838434287242,0.004162157577486664,0.031604147882865044,0.026355665053064168,0.06017310090136345,-0.10675659295922563,0.07107392543426079,-0.026265391518198268,-0.028269075824311023
TNFSF9,-0.07458031414082793,-0.041632938679920774,-0.0752335314509084,-0.017937057395559994,-0.044536778951665607,0.10486158754021865,-0.06549389117457928,0.01541052076453296,0.05227333934126333,-0.05235418701057461,0.01427887800170489,0.031135575318659927
GOT1,0.19973793611282303,0.1816845484222875,0.1810948565453887,0.057658631224589786,-0.01759480248399748,0.04965708308861053,0.06299183033188473,0.04412179760368504,0.005730437579712914,0.04793101825211804,-0.019126533718346394,0.031749797063882465
FAM174A,0.18068372930303778,0.06836505749992675,-0.15893163916477665,-0.07394628549037989,0.023245352422927565,-0.05218357428605706,-0.06736800427997026,-0.048550495591963776,-0.014193321655033562,0.12628110739819018,0.018376075161323103,0.015625366016972113
ITFG3,0.1986901514272397,0.08607745466291368,-0.2611537051756271,-0.09749648613721557,0.08413137772714213,0.013560908525751087,0.09209634637137505,-0.09336956071183149,0.05356922655208829,0.06564712398706145,-0.013512509939544433,-0.00735128859449291
UBAC1,-0.04041277004955592,0.04156489940205962,0.009662737541429135,0.04934437818334649,-0.03192613424155061,-0.013520099390712213,-0.039520588247658583,-0.011925415411347028,-0.005233642192214625,0.038451954986120696,-0.017109282157950302,-0.09286379248543725
SRC,-0.007962982255217249,0.01853379524405992,0.023226965703482053,-0.03212957341773831,-0.05329747756870166,0.052923540430140935,0.01947825369786274,0.04984949235459282,-0.0433549063880143,0.007022982259912921,-0.008739618735939893,-0.04010244547693471
NCK1,0.014867217640878456,-0.043823311785638176,-0.00022466878935098505,0.0032414364163052246,0.01860734368240797,0.04162103266063744,-0.004594677970448952,-0.0375342379680406,0.01186757755367749,0.016388667199219702,0.026465850756724526,0.006239086433520871
RPA2,-0.05398444531236718,0.11400793218407525,-0.061592951525965285,-0.013664220938354758,0.013460928759750725,0.060581990021224955,0.061542013712457794,-0.02767625594839902,-0.02955713869751737,-0.012727545342144968,0.02443598609494041,-0.030614193972492224
MGAT5,0.0650727894898773,-0.02554034119178476,0.030199924645949325,0.036508615380041534,0.05547971578514162,-0.07087362572305811,0.07856158483505792,-0.08367124117961974,0.07067346510810836,-0.014743357325708148,0.04719082344425067,-0.020925167569533356
METTL21B,0.041305551610612314,-0.06056796543411375,0.05461903773806082,0.06648488894490387,0.07207808227993098,0.012410251477007707,-0.19222875546358248,-0.05170250990776766,-0.029250931964815905,-0.10834184247497966,0.05504557527409966,-0.10761902852753404
PSMA1,0.029936615057721154,-0.027914502245770956,0.013388286318395282,0.020783613820522556,-0.07442746364862043,0.023007952334955853,0.011314343182430714,-0.02178329445611905,0.005936536288176287,0.01748722341296481,-0.016028211328342933,0.055133095857667395
PSMC3,0.00761996742215073,0.038814669055745044,-0.06614806606615568,0.07784340630575683,0.04055004488719898,-0.0010074282804517969,-0.012583071398910985,0.0366192017455494,0.03902467323261993,-0.008025763164874057,0.015152846781064527,-0.0528944285800852
CYBC1,0.044604477818831964,-0.027595026922608748,-0.030194416629890482,-0.07340750818255311,-0.08567406960956682,0.013360479277937432,0.01698768747990025,0.0074849244453878095,0.023791636000466316,-0.05577382107573459,-0.02501542893754311,-0.09456879850769799
HFE,-0.0163833044819708,-0.07897144675696238,-0.040822706701414344,0.0300950169958011,-0.04517008434742104,0.021289617059056885,0.020781568351947225,-0.0364762955366589,0.017080530351731384,0.010179016380337464,0.010665064000289192,-0.009222835458111991
ST6GALNAC6,0.1718023094768509,0.10932028577086325,0.13477753191312514,0.057933998107335925,0.011444829457065417,-0.020065322946092118,0.08636527213690795,-0.02957806547744465,0.051995622470852126,0.022703698942012646,-0.004983699839333045,0.05270926806884161
RNF7,0.048617440972129104,0.017957994478596914,0.04595911806477055,-0.07045839564295354,-0.0780039104115836,-0.0006559126923291191,0.02795807434053824,0.004494811800926305,0.04333741012533484,-0.12712643228300613,-0.01878280904661628,0.004961166454570861
ERBB3,-0.004753056596098784,-0.002340400546567565,-0.042799356546563624,-0.028663124223004162,0.006129874253656275,-0.07497474574677016,0.03709381812987511,0.026476042097041026,-0.012398194441457356,-0.010211964635525613,0.07128900877930434,0.014914798131290668
HSD17B7,0.01898506906242528,0.004698762907899094,0.004409282268003964,0.009784873583825087,-0.03109867539388687,-0.029125865456624687,-0.06804154366354499,0.04613265503826336,-0.007223418971675737,0.033059299078038416,0.03126884778348357,-0.05202952321885282
LY86,-0.0023255469509244273,0.04747752127861824,0.028211298803012843,0.0003983619334419997,0.014049002422085368,0.1033825913572281,0.04736545243246987,0.04150112531709563,-0.010266353175253049,-0.003681009550360483,0.015088273795664563,-0.04521867785676035
DDIT4L,-0.0034670811216402668,-0.0974452246920216,0.09266882831007418,0.006144170322452422,0.003792227504464599,-0.06345778018365811,0.0031067694798959946,0.19171654704673868,0.2148401911427838,-0.030301024480512678,-0.15895373538198854,-0.04387863913094983
CTTN,-0.014563364652797573,-0.10989391509526304,-0.015903866154849875,-0.00021207020937161647,0.10615597844382384,0.04142390117234742,0.01694388668022983,-0.04272341803336941,0.026488128787401026,0.052619532960084446,-0.05194314147381564,0.010859146198785445
CCDC109A,-0.0635944425374559,0.007624638283176345,0.09232570776387958,0.03150024705589394,0.015004061771213497,-0.02759548728556379,-0.061692595108963806,0.05024880146293152,-0.058435135762171235,0.05686814672768334,-5.9937911524479024e-05,-0.14573408453026113
REEP6,0.03295497397226587,0.09673972114276305,-0.02521275721028973,-0.060332384811283064,0.04242573302397268,0.04471117684573546,0.04995338787260046,-0.05966511562004479,0.06947377789550402,0.02422781175196983,0.0022532263811205003,0.011073441322626797
ATP2B4,-0.16612202786189748,0.0011953055952657098,0.10796266578559172,0.10993437070740056,0.09796774346402444,0.048188951606748555,0.10976593438882162,0.05626267904623104,-0.041186632488158924,-0.014875161568204448,-0.040840894450384975,-0.00919251307002683
C17ORF101,-0.07000853889425379,-0.10639315431605838,-0.05243991247778624,0.015789131785111946,-0.07733367638982878,0.03625476575583685,-0.02871092877107674,0.03653163573760546,-0.06488175957508258,0.033248528687928706,-0.000906188000543398,-0.033984872681930636
AMBRA1,-0.003640687814036894,-0.10697083480442099,-0.02034755831399329,-0.008023470125697534,-0.024568154909093372,-0.0901441778186877,0.08559433856007685,0.018805034657175944,-0.0546999556969884,-0.04674676103909149,-0.09792794076536183,-0.07278800482539385
CALR,-0.055601138378898296,0.056478089015615456,-0.06954915004942687,-0.0335987278710527,0.03913299276070413,-0.03801904737351526,-0.10550702738301528,0.022302540406402716,-0.026202107642699826,0.0009442423065388971,-0.011948884004798517,-0.004912976004370308
SEC11C,0.057614543823105976,-0.08711019180508063,0.05970140746016299,0.023931818518711817,0.02833715612706818,0.06571532520022907,0.03707576181912459,-0.022974150938832375,-0.00012154302435698275,-0.017231350619614796,0.013508696831453568,0.0751253120399909
KAT2A,-0.004480941997287964,0.007429103866201903,-0.05863159221083304,0.07039619565195304,0.0030779339797449745,0.005294908763365964,0.03770576307430281,0.030546708201454515,0.04132295626314803,0.0008421723032110126,0.005094669971954242,-0.011576553724797814
UBE2D2,-0.05421925379909477,0.1088074073329379,0.046680239336239764,0.051634552693519166,0.11632019360824372,-0.06255327054668058,-0.06510557844666788,-0.09113148088811071,0.07850827358198922,0.14817438234035146,-0.0007741394494804796,0.013159370132439343
SHARPIN,-0.042006799647426894,0.07832482568974157,0.03343943035918315,0.0071754724424975425,0.009918002800095527,0.06873193294200186,-0.01446865287414602,0.05002654866726698,-0.0028401378147221027,0.027095236275380834,-0.012481215484798962,-0.05738309485352497
TNPO2,0.2356816045711921,0.09706605976639188,-0.26156724447481833,-0.11443651364293765,0.05785999555708383,-0.006970490317569213,0.020757850722597494,-0.13191872654550377,0.06900169307046343,0.03204561041948564,-0.01995053886499508,-0.0025528739203633504
RHOA,-0.003626053036884312,0.06582653871225698,0.07206055018243031,0.07279162592464022,-0.11063120178221211,-0.011723650923786808,-0.04506752475916523,0.06639176505914357,0.015204516048580903,-0.0513047008670655,0.10301572110869299,0.06134271391511217
PRKD1,0.03181755494315551,0.02284085787349268,-0.04490269226068169,0.08992568473189681,-0.0547288701903651,0.05988118772809532,-0.00941717364534227,0.01285741071132644,-0.009404514635843665,-0.020269782064225864,0.006970616175182102,-0.07624437089574443
BCL2,-0.034028900079992784,-0.04214719611638214,-0.048281030873456574,-0.14535193160108237,-0.1383069267163819,0.06082859118829914,0.0034174743077886385,-0.00843492548946466,0.0918825257749376,-0.07018426891508743,0.047853586727861476,-0.08984586433886774
IGF2R,0.03846612518216951,-0.0029334502188495134,0.08556081705107964,-0.013777817884854882,0.038836677498721495,-0.1429202998022328,0.028998574501803896,-0.05421609093968051,0.030713598699326623,-0.012163479121376929,-0.001704316992959015,0.059794683623498546
DDA1,0.03534002024179032,-0.10781951927607308,-0.02433888897613922,-0.10064315188886803,-0.046100511650968054,0.0058552483918058885,0.09199593901654088,0.015498384314920345,-0.09702123149507454,-0.0661647023764252,-0.026696085224451004,-0.017881769820834472
CCNA2,0.13835495847585444,-0.08332986466728327,0.00198781586515148,0.06708998801913524,-0.1214632371535652,0.10075002412514462,-0.06423788571582356,0.1359961502290163,0.05821074840913059,-0.14022954463898887,-0.056011968867855005,0.07464523002454612
ERBB2,-0.018648099824348424,0.08420547919732989,-0.00979013940809824,-0.027349505571052354,-0.02904102182138926,-0.02032826281608329,0.0037897198373893887,0.017672331397148605,-0.020315370853283988,0.015321852380108997,-0.0028851053814594506,-0.004653937821831041
C3ORF64,0.021639941041607862,-0.010767075629907828,0.009555899641921212,-0.0006200002983245784,0.0461377964389702,0.09269422356982757,0.05391763355203791,0.008781389237199644,-0.005695065708184791,0.004610641565393885,0.024815224101243722,-0.016784085863744344
ZNF648,-0.03904557423226638,-0.011371689256583278,-0.03887736405686334,-0.001789346595041544,0.012360513344276491,-0.06758889526161822,0.054243800517186934,0.15542255167835523,0.1305655817268975,0.025115430129625436,-0.05981245850022204,-0.00957974040188996
EDEM2,-0.013230738820089656,0.00794867615734471,-0.016655803550930773,-0.0029681425093932698,0.04472355355624326,-0.046027450275954285,-0.06316099478942819,-0.015552185113042988,-0.003798941593262169,0.02452099437081176,-0.04013278835709665,-0.02133000178973121
COCH,0.04760650946173721,-0.015235146883430802,0.030328403430554686,0.02631129423946906,0.040227246863174776,-0.0660649751788262,0.07469178339323783,-0.0845916326126716,0.05419466302705783,-0.017742177675081006,0.021073647763003238,-0.010799976858434788
TRAF1,-0.010472859726824817,-0.018577421162982444,-0.04826321551758114,-0.05583854128187678,0.05271800673007031,0.04191740134723782,0.025348315887819845,0.01678787952662488,0.1029226558587518,0.006840943920508008,0.014263038803069271,0.030796565635967943
KIR2DL4,-0.07225447264766142,0.017628192909314583,0.025735094181770633,0.03402284131185219,0.03169269506594093,0.07454631413128995,0.0880919995659877,-0.0037892612421839113,-0.020357400482836196,0.004512098405600709,-0.014581248042275667,0.0032815536401262324
SH3KBP1,-0.021740013878385166,-0.0778488457567278,-0.0034164472913494766,0.03728992005319619,0.11105138534737942,0.03391710620309228,0.0099142409614635,-0.0334921886805873,0.009609084760214966,0.04085777236477051,0.011737005981859814,0.07358789105511913
ITPK1,0.21917554116049537,0.04634069173657698,-0.22631908443752438,-0.0820765153510849,0.07255130068174231,-0.012079229644633054,0.0878621394743882,-0.10022721989398821,0.003704558658898178,0.10403779127360392,-0.013280546329452423,0.031168404406050718
SULT1C4,0.00677534023829972,-0.12553837359835923,0.10556509576447841,-0.05193948211510228,-0.07243523158664976,-0.0242427697554809,-0.028583238962754023,0.00395537929049883,0.053484534477208266,0.07021454770658897,0.09705922858904563,0.09227286996757529
CCDC47,0.06904968346798354,0.09384765961486112,0.0036619360125844528,0.010381797088698151,0.04110926094406862,-0.10399008870977612,-0.11225203927717199,0.02629706874423848,-0.08802046212883174,0.033047958022984776,0.001738007211747351,-0.05001869367970012
SLC2A1,-0.034802792320050346,0.006932892441692026,0.015340777196892688,0.008973468179558443,-0.016419967222456804,-0.05369624649514511,0.05651558083097909,0.02217294109695294,-0.05161777077823176,0.03685607584668778,-0.05027155014537057,-0.0793411540274962
TRHDE,0.058851906407427344,-0.0026843963466602234,0.024727941785335505,0.009737593033835144,0.02800217010492326,-0.022474394144071663,0.03987741460377826,-0.01815040416699321,0.02650471206585216,0.013955164170731876,0.01865625343778768,0.009052449390364165
VAV1,0.01407893623086733,-0.033559459993041676,-0.005454797071528866,0.013562434929237472,-0.03660474075615267,-0.04165161476259535,0.0014577497690801962,-0.02556697140514852,0.0011016583674543176,0.027311548423249954,0.005656024512270304,-0.020722674149677413
EEF1A1,-0.08417326887680454,0.1016056333230815,-0.09290463652389429,-0.0596807964636291,0.06545755074475183,-0.019577295535831433,0.030302136680281675,-0.03130436761231989,-0.0014291008294316525,-0.04546216484589529,0.11476286551535685,0.09516264206995212
CDC37,0.05021606459362418,-0.05607412348383475,-0.07497293291900946,0.0035564838080842814,0.02051947359563071,0.0663923223130192,-0.009012926677583945,0.04456677445087168,-0.016075744281050002,-0.009788015082447057,-0.02837897113991712,-0.008432999331569796
SCGB2A2,0.0801688829467747,-0.023995450138613594,0.04758582021591571,0.040310228405972294,0.03332655878679728,-0.10732627834362334,0.11212369614912927,-0.12542041137668528,0.08896465241898882,-0.033951579934464474,0.03147765522961911,-0.0010682952847801618
SLC27A2,0.0534786412709958,-0.015928560302751756,-0.03309716208829748,-0.012981084812552382,-0.043794630167888024,-0.02809639549925281,-0.09536188974005726,-0.00743552669845428,-0.011501172306164723,0.024529736106158044,-0.01743269651676637,0.024134957313579754
FAM175B,-0.010185389543745847,0.01907627218578537,0.008673040980711047,0.01844932736988898,-0.07960346227486692,0.04886563573080187,-0.007546371554399375,0.07081281047975763,0.05222015322398466,0.05300722646032982,-0.012391337858014486,-0.023129162974516757
ABL1,0.01201222638797016,-0.03203444267815486,-0.04183133402973262,-0.010753804159237755,0.01596530931252968,0.013415201102353357,0.021527088755842024,-0.029901734482578095,0.0036504351184350635,0.04131763474793563,0.03279373414920544,0.01804660697237945
SALL1,0.049426253313667616,-0.06791332518877263,0.1092119599034733,-0.09910894767701374,-0.01708343905947531,-0.045081167404414854,0.0025969700648330284,0.06954373808844458,-0.09403864280883757,-0.017057551733282182,0.025710691335469316,-0.05138329442473152
SH3GL1,-0.061779592387562504,0.06362026430972936,0.01860383236178898,-0.061945042956337584,0.06514583161378723,0.04779650852472542,0.03629067614840877,0.03228117086110681,-0.0030013452438560025,0.04116460926945498,0.011908263311272736,-0.022740122205655303
SELENBP1,0.014624319364128783,0.029918115404242215,0.01570756181630264,-0.002785151469099213,0.004387674210808344,0.0337732498927566,0.006068990525151046,-0.02726422225615719,-0.004303197310831279,-0.029761450310277167,0.015746205411983037,0.030764912940302272
SALL2,-0.03731122084064758,0.05034627859099343,-0.06280938126015967,0.016200141926797695,-0.041054690866704525,-0.03154954519590264,0.036125248101914746,0.04918133707694797,-0.01962162127793645,0.05218724777029854,-0.03712335297290741,-0.051778156659328424
GLMN,0.08053273402518049,-0.01675470156922504,0.0006278145178795254,-0.1148737247671147,-0.086509970105748,-0.006116310989912307,0.0209516631637061,0.03825037090849975,0.027976346301300244,-0.16689512620271343,-0.017710479311470184,0.0171072284566723
NEDD1,-0.007953166947631462,-0.18823339760285296,0.05559145618450868,-0.05627367971287353,0.06446083007545793,-0.01019017505443185,0.032286858869057945,0.03342818593817629,-0.057468735393762446,0.05301904217254181,0.03824583328392086,0.03552787776397321
NFE2L2,-0.041878781991391605,0.004316418201682726,-0.04351391907350504,-0.012017241816328086,-0.01574158302362556,-0.018957549357618987,0.07448228297900772,-0.05006081848203068,0.03695107823869695,0.009632287541762177,0.023427648292661217,0.043612827334547334
CTNNB1,-0.001248191367057095,0.10911968708133582,0.08383186744244693,0.02126207915403419,-0.02893925848710715,0.17397129683473822,0.03252443419640472,0.03882202334222225,-0.01659806606781447,-0.0256968519439732,-0.04266675204931613,0.02465508115225673
ZBTB10,-0.026829182312523743,-0.10371688417216218,0.08423156429929914,-0.10620051638017587,-0.05162753271674889,-0.03380631778918621,0.02409396382090138,0.04235713936892268,-0.030842194007336236,0.12107454461668701,0.07005188941231573,-0.061961265610536845
FUZ,-0.01907089350089073,0.04532081040398866,0.0904688336236675,-0.0434034555064657,0.16882363628817817,-0.030577673301192494,-0.15832772128430267,0.009464453639387752,-0.046009951978438685,-0.0666583683945304,-0.015917135854258163,-0.23521810683079256
DUSP16,0.08425626516062285,-0.07970233127893615,-0.02356487874314023,0.0549778936038384,-0.01420694242568628,0.017319036819327758,-0.0514065573050541,-0.04491277261199213,0.061066513908207845,0.024816970732959794,0.06442379331045577,-0.008713030896625033
SLC30A2,-0.052991442170374235,-0.03712638964883237,0.10246968520874816,0.0827394788815286,0.06493733359473697,-0.03937500202025407,0.03886102262079129,0.023377631655715127,-0.038189745357775806,-0.02159357015511995,0.0497830306705036,0.06190012034886192
TUBB8,0.04441161627321939,-0.03977204832952406,-0.04356081610124488,0.06089608219551274,-0.025585705294438814,-0.020358626062215984,-0.0156266756892334,0.05638198205070657,-0.04510352072056811,0.08519164687914864,-0.004978724554289244,0.04281242724216535
RFX7,0.011779051476386282,-0.06964900294386621,0.042667782363803544,0.12596030189658408,-0.05494283590802922,0.02205371927999158,-0.2351273747862358,-0.10170384636274761,0.027264278990859567,-0.056619824395818176,0.05778600940685301,0.030316851652283074
MDM2,-0.05049821443468118,0.03553487328943701,-0.04889084896569743,0.007889639123624408,0.008832112875127985,0.03397441704007614,0.01434989313683664,-0.063180689196966,0.042534352348005,0.029624354910622673,0.02985983968416412,0.046823644816684155
PCDH1,-0.06948345744357724,0.06709611793611964,-0.02452688628218117,-0.0015709884994654982,-0.051726952081910076,0.16296520390848152,-0.07345426453963022,0.02335543129429414,0.04991067293222578,-0.05544318367013731,0.023304240449619644,0.029883212186913657
KLHL15,0.004431525144528633,0.015096348996729365,0.022723937816909942,-0.11117504152050964,-0.03507172344964948,-0.038604147474898966,0.008126739937657336,0.056181364408011705,0.02631355451634949,-0.09673192945445559,-0.016655421391408357,-0.020337258546262883
MTCH2,0.01256316670003674,0.02533151849565437,-0.014346768719977344,-0.10914254565196585,-0.11326032718188826,-0.07772222310298617,-0.13825783005273942,0.04609474704310327,-0.018098252796827762,0.10109241249565355,-0.0055541409355789875,-0.15446642392682824
GGH,0.017778398442011636,0.045555038744516,0.030919089445952015,-0.016724673168517976,0.07992351867211431,0.007602290125432102,0.011002320991850183,0.009688182258090487,-0.0017751138919342151,0.004593509594133016,-0.0023882772693118322,-0.05224578848551694
CSNK1A1,0.07201651859268177,-0.023800755820300782,-0.06913120412077793,0.02146357467650253,0.030131157178667826,0.08481993567243304,0.055903461909487834,0.03233594857330295,-0.035592684106194115,0.03339851595126104,-0.017239832947532223,-0.04661050391703706
NOTCH1,-0.050636182806396444,0.0599584474694456,0.053289094931098756,0.05214828011659845,0.04334459128606207,0.039018558758225644,0.03719958106330514,0.007805156746486978,0.047326659927150745,0.054244468908193746,0.006199993943588603,0.021666576626587927
SF3B3,0.05950836428327022,-0.10215432057525514,0.04672319775763964,0.07306170621127954,0.02028455434775254,-0.06889081943922389,-0.003577782365114561,0.26373708010814517,0.21363357056229018,-0.0964254689833645,-0.077208676251441,-0.06295175676801391
TMEM2,0.04534943765143697,0.016456456694508667,0.051648717225597544,0.03756845852172306,0.01610505350903709,-0.07494564871118724,0.10678197496389294,-0.07578121786074388,0.06843305695409171,-0.038037109373194225,0.05639162023316652,-0.03201583366767181
VPRBP,0.02917311547481122,0.052381634901327946,0.013635131863975448,-0.09817197549613958,-0.09015580112273745,-0.01646517286615876,0.034147635717045065,-0.01778013423340201,-0.06549907895744121,-0.15481396897563773,0.0826723377765732,0.011447969289759954
TRIM28,-0.024859357401651506,0.03872704823281825,-0.014676219824353229,0.005048677765547713,0.01315172235805472,-0.055583565683527326,-0.017001654289660165,-0.011859197038668147,0.007461990885307839,0.07730647404555138,-0.03083348585886473,0.05034805644826185
AGR2,0.04554443156966457,0.09262319456219413,-0.017539710644153536,-0.06892398207481952,0.0033512987107032956,-0.1005138219122903,-0.0722005339142709,0.020002762877032496,-0.05400240294878628,0.03731260957147992,-0.01815766464026644,0.07081312273865352
CASP9,0.003089069636503901,-0.09480525479528634,-0.02594233792598292,-0.10464573263824167,-0.11844087334359407,0.08144291292519283,0.009998960529668307,-0.02533587573717933,0.1083260509499596,-0.0968313387695596,0.01819829298643558,0.010809018432185163
TCEA1,-0.07533565401266039,0.03948232680614285,0.07722311686881209,-0.14088237717775778,-0.06368228326089542,0.0840851373635349,-0.041662780709905,-0.18075611479669787,-0.10743731777206651,-0.11265523182767706,-0.08207557475288701,0.05291494254558237
FAF1,-0.030756788694871053,0.10531194134917735,-0.12532450223846714,-0.05655564478024572,0.1278224899732355,-0.062015599625328495,-0.012151947270573548,-0.0448736202567334,-0.023088122274118838,-0.07641387803402432,0.09243107057464399,0.011504575067021353
LYN,0.03691008245047291,-0.020545227188190286,-0.019948739226006804,0.022685440965424387,-0.0769428022465497,-0.061757629231077076,0.0071407769709309074,-0.0015155902831338335,-0.05624830260440276,-0.022755894234566733,0.005244188371175045,-0.018548787910966466
TMEM14B,0.04959082745718061,-0.04885317872967576,0.04792040462328357,0.0056115064125765515,-0.049232632179058454,-0.008929609111127824,-0.06624445620017727,0.018677917278370273,-0.009008749484969122,0.00843026775770003,0.06138432084601917,-0.0209428264956377
SLC5A6,-0.14264860879535143,-0.03376598653924509,0.15867814429787191,0.10140665610662143,0.06397223627073112,0.049593050449581635,0.05697572595029046,0.05508795966577443,-0.05726271846235381,0.003131212761154024,0.0024817707832609564,-0.042213832605297937
JAK1,-0.106598811722254,0.18122900696439517,0.1284552974378377,0.03598529788830284,-0.007385518840505602,-0.005407654713249679,-0.1275579933117404,-0.025708882895564538,0.12172623421020128,-0.08431492068069865,0.02387663041910372,0.029387793102877847
EZH2,0.13035442867969585,-0.07514958122237916,0.1079945703066722,-0.023633722628033288,0.03709880780458838,-0.06933515126846496,-0.10573343232038748,0.0953777724375727,-0.14208767414793555,-0.04677394238382417,-0.03107454033848088,-0.09580043041537793
SLC7A14,0.05177525351313733,-0.061695985787004526,0.14309342075423992,0.07904389357464629,0.07395553471984932,0.04416504171422223,0.03396807468572455,-0.016652895570202053,-0.0057000731520078915,-0.018371745364176965,0.06249286759533712,0.11024843286616515
ARL10,-0.07502173428451786,0.01040224606934759,0.006982520451008367,0.03656119161517364,0.03648895755766887,-0.033495675287058976,0.06164934145251424,-0.007562555978954786,0.027823285717182678,-0.001922470426745681,-0.04455017977170306,-0.008355018688234083
RPA3,-0.05537922295867599,0.1020080552367844,-0.04076453029109363,-0.007202337079305851,0.03300876899486284,0.051784946199587026,0.049652939411736575,-0.037585222415278015,-0.02434170501412479,-0.016557867611584703,0.03519163566175262,-0.057195538691135805
SHC1,-0.04403377807673129,0.11086260259937537,0.03921964754367241,-0.05053243500199118,0.016217395794701692,-0.06170645911140082,-0.03182564041681822,0.029703717895647287,0.024099084492701678,-0.04111414546604696,0.0699619465494589,0.01969965997196713
SLC6A8,-0.13978559608566823,8.486152708514445e-05,0.11088548993390061,0.07582328569527096,0.076647511235966,0.03578422866033936,0.13024132006233088,0.04116752761953678,-0.054684823172016554,-0.01002298516515981,-0.026900399912436587,-0.015431299168904069
DDX5,0.0373896918069507,-0.04984203580232243,0.018724756659335567,0.03906317772998049,0.010835904391057579,0.019279914536476577,0.03218501949889494,-0.0070523655433185105,0.019110861766706143,0.05333333344378202,-0.023890429510242613,-0.010576447437111933
CDC20B,0.05486528993631786,0.015093802780728362,0.03384194058928312,0.033805036150641773,-0.07899521725833789,0.04472261862289978,-0.015880636753047003,0.041419504069022686,0.06275873250476378,-0.03821976739839815,0.0036215772677071086,0.016996945754183323
APAF1,0.004813026914934178,-0.039632456981536834,-0.03072194903916903,-0.08526343609209604,-0.10218510509358864,0.03895708398563585,-0.021740064161251935,-0.053533610606086385,0.06567738455804285,-0.07185321062883229,-0.01661276754664261,0.0026276062632638033
PTPN6,-0.024550074408319366,0.0631257179539106,0.02218934956700438,-0.03776411212338457,-0.0869384616581214,-0.04319959622208356,-0.028072913123710873,-0.08213729370759251,-0.060021959328543796,-0.049344403447417515,0.006232903417122142,0.013518437041165676
CAB39,0.04324043677238615,-0.07418675856176675,0.0037306164977957685,0.005540210963946833,-0.03359311635132881,0.04448213710805811,-0.004352368565122511,0.035633356779005136,-0.061154340092339284,0.059110746048518285,-0.09857569836508309,0.0005264126444755124
SEC24B,0.10159526611946214,0.059105912969607245,-0.19045730998129629,-0.06434208747820155,0.04737957186633474,-0.019577738527636928,-0.008158102812292104,-0.011704330809058264,0.0692793319653471,-0.011334569609520518,-0.1734826392359052,0.13494472403068503
CIZ1,0.10057379826259055,-0.13202774668495731,0.1654249456157078,-0.03452175067534658,0.015362767418085075,-0.08808201973719502,-0.10942371903052707,0.17492878092233177,0.005469867669373729,-0.0624953945593813,-0.09333658241441062,-0.0648476334449299
EPSTI1,-0.014392066333736384,-0.0037678867308803586,0.0426036963373593,0.020911665415752543,-0.01731336736303832,-0.001232450922368796,-0.04942155178654065,0.05643856997827901,-0.0608927833897603,0.07323685503475816,-0.035289956308280364,-0.09785099209151228
ACY1,0.0016729218743377781,-0.0053750901609750466,-0.025430801554630917,-0.01067791651656946,0.006064044864625218,-0.05854171929572608,-0.05639474702307089,0.011578066007306737,0.029020761703846244,0.026922976580538178,-0.11558840541053612,0.10321871375081933
S1PR2,-0.011711638024112778,0.05143834688586107,0.041396084498780364,0.013347629478706304,-0.007623165679174329,0.045292196012081024,0.02078724579194771,0.03188430233893161,-0.0017573607968210038,-0.014857557817844372,-0.024760202763477932,0.004432563793965383
DOC2A,0.04987550994239536,0.01248748114343771,0.061444405072601516,-0.04564142991472632,0.023434948511134056,0.08041992714270038,0.011429515789253525,-0.04492881650282784,-0.02042142646081056,-0.09248094436260397,-0.07040534099006852,-0.1257154214459835
ICOSLG,-0.06481469392212948,0.04845717750603257,0.03281060830557594,-0.0009374678810677943,0.044316785048098585,0.07788440708690841,0.0036697686877842912,0.002789793055761615,0.029252429689098997,-0.08262300988926363,-0.06712826494963836,0.028372221307867953
TAS2R14,-0.0021281258529518027,0.04363215634951769,-0.012445431417742165,-0.07300796305343532,-0.07310027023129921,-0.07332333745526584,-0.09083607701850273,0.05092658049977451,-0.036110619767965604,0.06140562148010724,-0.00963318193657174,-0.1226666034377197
ZNF187,-0.07937218509251832,0.039035246721114025,-0.12281196943028914,0.029571245571329646,-0.042138841469816835,-0.05421573868638389,0.07850992304074883,0.10570372802184687,0.026871743374689727,0.10954231613090465,-0.025452353986883888,-0.009845222311750617
PTK2,-0.006348697445773154,0.06623091604746717,0.0162543202880531,0.0011662464464129358,-0.0510023666186512,-0.0046947435790408495,0.009368228032179585,0.0007081572796876676,0.00299235087224838,-0.007497650315983847,0.0338841390497437,-0.023259386367605522
ANKRA2,0.05183704056834732,-0.05608812637637034,0.020025477860123472,0.005863105823422057,0.031174981082831156,-0.005898770034799619,-0.06549151756175582,0.025293510849024783,0.003708319798833145,-0.06063141057176974,0.02188618976534773,-0.06453355230642044
U2SURP,-0.051861738717348005,0.0145250885501697,0.02790539775567774,0.06865350381949782,-0.024279252254581125,-0.02405556039420495,0.04837672762667855,0.012896804872932962,0.08538563006910826,-0.011038699074988053,0.016335326096202096,-0.02539039153576929
DYRK1A,0.019025361671594816,-0.06743501333562524,-0.03732792338226944,0.1325089284450072,-0.020146582230190748,0.1007141239184134,-0.04545973621939302,-0.015056561356047138,0.04485562790932395,0.01936007376441631,0.027659075617158246,-0.0018276868078461587
LCP2,0.03208292969992086,-0.03416043158561734,-0.00962448627703714,-0.004450587162197808,-0.02535528626639146,-0.05354454544571268,0.011385518786503573,-0.023426971826867593,-0.037674221638317594,0.003081154848481976,0.010934011185595496,-0.009920239496845836
TBK1,0.03723830600281066,-0.009486551565472618,0.03399684817958169,0.04471901186594167,0.08068939223764802,-0.00551834465222792,0.025287459969271453,-0.0006996097023000685,-0.058518568779626044,0.038887298861896,-0.06780843209882226,-0.020173348820748747
CSTF2T,-0.05661429832509742,0.06081597156277591,-0.0024523314083833517,0.02678547475087734,0.06052211117261817,0.013686548164531557,-0.07134264099837352,-0.07725682033019728,-0.11362422068036583,-0.07231173383940878,-0.022736199308446173,-0.013330134268920211
XPO1,0.12044772772272389,-0.004360660653237713,-0.09911274596495002,-0.039991257138398274,0.023633623260379894,0.045913470418053284,0.013183896400961412,-0.05760040230017444,-0.021660344694836874,-0.025352919673915657,0.020199156438451053,0.036272443056478317
NCK2,-0.015669290359948605,-0.06910116302667905,-0.006899401439409197,0.023845401911383467,0.1012790972155628,0.056389853312120194,-0.033488197534165993,-0.06982010248776511,0.05423332954273716,-0.003545054053038642,-0.008317048146906564,0.009189730782178518
FLVCR1,-0.1346747974286824,-0.0145779466081958,0.11878219651809105,0.06975517800389387,0.04203073164765355,0.017095439730874958,-0.02573298959479317,0.022940363657182893,-0.012323197063681816,-0.014085997256024621,0.038655914688838285,-0.03177449476126217
SLC7A1,-0.008550547927787951,-0.07720137865502293,0.14017337173742667,0.11772477849463032,0.07809267327463555,0.02118839522432287,0.020403101756894058,0.018726504049586916,-0.056841122193792566,-0.01585140321564181,0.12461906890615286,0.09358320699826017
SSBP2,0.03517386794128105,0.039186509819343435,0.04182829839845004,0.01674379522184258,-0.02126718820264502,0.045100401786653845,0.027939455854429543,0.025474569722382042,0.008532631654578902,-0.0010475667424918356,-0.009846449262736942,-0.021970896157536494
RNF34,-0.07131308569254428,-0.0158418829964857,0.011666714111963721,0.005606442184891965,-0.001227071295266951,-0.003102723850206,0.06250976376248374,-0.0010351163744368246,0.08500625013632924,-0.09605088413408354,-0.056372727638574885,-0.016233941575187066
GOLGA2,0.12013705415482502,0.013680299137708284,-0.06119243965495362,0.020662791327989486,-0.02152074588994906,-0.008177558928758861,-0.0024006487377455725,-0.06051239779413309,0.09123675686627916,-0.006818809477597072,0.037679579216919314,-0.01463785625325776
HCLS1,-0.006813548181245844,-0.06842381881363269,-0.026755399805302164,-0.02300543617697738,0.10445377966679482,0.06382817620937807,0.056265451640624985,-0.03328214370688299,0.042745003614633084,0.02995943757255055,-0.06878116769717267,0.008465275365889431
SDF2L1,0.020705613410564715,0.0053087841689362265,-0.0033051857338114035,-0.020730907989690114,0.05054030544228177,0.072371507669406,0.03195162230318684,0.034963987273482273,-0.0010191909430058701,-0.008852083915855846,0.025527832496276794,-0.018806695206884622
PRNP,-0.04220984722418248,0.024308660693426857,-0.013169669291292395,-0.03358012478634673,0.022022284908953502,0.06246908245604161,-0.026715138514429543,0.047133872362878845,0.0010494072993829753,0.04682966545403044,-0.01994462040265427,0.05410038962629042
NCOA1,-0.06915154897020044,-0.02683820024837207,0.03926859275957521,-0.0007628519717938821,0.022214484354063792,-0.004214840979067889,0.03836312637442433,-0.05420326159414308,0.05310270100507078,0.04745243695959832,-0.011555272989687148,0.04793376618916231
RPA1,-0.07887372191108491,0.09995791786301433,-0.04964612882601811,-0.015189561842124142,-0.00982137645197075,0.04537038153229939,0.04399964419592223,-0.01496912549490956,-0.04331535689677623,0.014154679696195821,0.016056878042427652,-0.022425276580712885
MAGI3,-0.08179650403704193,0.06507846126444104,0.09215708232006788,-0.06509879064681659,-0.07268545232011346,0.18198519024960488,0.040657261138856336,0.03995475489124397,-0.007213566246158081,0.06670175088905975,-0.017048096325298863,0.04054965334239991
FERMT2,-0.0706872122191957,0.13508501420627125,0.0625343787329239,-0.03799956619666786,-0.09028227430969041,0.1256220929087691,0.004442629174059767,0.08112984825071949,0.029750623894091097,-0.021972903495269376,-0.050872595630394854,0.016519158580453528
IFI16,-0.05569922437058813,0.06948332691968322,-0.03452665754187424,0.04817056478648529,-0.048724299986187374,0.04029674750326971,0.0629877003236391,-0.18665199406679764,-0.09391548901584201,0.013228735899645893,0.09609044951036153,0.046642519679686925
CUL4A,0.05922379641231575,-0.12527513351249728,-0.03451716842764256,-0.11378309949565008,0.02884249728745308,-0.020909542300344662,0.08324303635720533,0.06116773364256075,-0.05403605244263185,-0.11524820021799775,-0.03241633780478492,0.043031315058449045
RAD51,-0.012429259464121763,-0.014484425833307044,0.01705787008383575,0.011245829085727677,-0.020906428267604707,0.02971558862285849,-0.023839895307208963,0.068785686975457,0.02838353758855035,0.08491779118437749,0.029514207299208353,0.01272551234865305
C1QTNF1,-0.10073727277593462,0.1066015369987183,-0.05851299075261348,-0.028360570133125533,-0.021622100551857273,0.17034727349868406,-0.1768078998322962,0.15605751946557508,-0.1075246929618336,0.06559142023104894,-0.09790568984317535,0.10210004077981834
EP300,-0.04090839057425976,-0.01451502664631285,0.002073211429759415,0.0004684621238804794,0.019670706895280582,-0.023059679520981008,0.05876769501815529,-0.025755290530744965,0.02689464991938799,0.041500471209855956,-0.006338863380974476,0.04491262271384104
CCNB1,0.10878759913681733,-0.08054879075723624,-0.03673564342390494,0.11249003794381694,-0.13075479343292967,0.09605595936962927,-0.05273650489002866,0.08197566505567193,0.07497077375870824,-0.06500519255440303,-0.04712805457019593,0.10028660294718228
TUSC2,-0.15563214131142705,0.02824881670386918,0.0068536850199764215,-0.2359090482135681,0.18826603491007673,-0.17049089052181093,-0.011637450060647214,0.046768334068026704,0.05275502963558858,-0.03231292489844859,0.11021734847309043,0.07187506664648902
DBNL,0.009067318884305337,-0.03140645055822451,0.023854858214926142,0.002454344860864107,0.1527202388457683,-0.005802720568668162,-0.006680096543511673,-0.04403165717725313,0.0540201874299328,0.02476265709767758,-0.0397574782343676,0.1272214017891613
LPIN3,0.02218757587726627,-0.02539144272887978,-0.028659253381467784,0.027432919503151736,-0.04668984841387676,0.06531368883477764,-0.1105506536939755,-0.04574412964089484,0.021471789656679726,-0.026305874971806066,0.002799097092415795,-0.04416004982355403
TCL1B,-0.08462991063893774,-0.10260480221605053,0.1586435376666188,-0.13362763273088635,-0.031087572186228676,-0.039543084356757095,-0.016284295229983283,0.08712197430181569,0.23204319337680537,0.030420198753731174,-0.16278693101151565,0.02291826833504497
ELAVL1,-0.014710044921231217,0.0033800746236792565,-0.02255857669762983,0.0548137062987,-0.025481358554276665,0.059986527763837914,0.03432448842969109,-0.04071427428233369,-0.00522135980804265,0.004855754943979831,0.06405910662845872,-0.04147840139026033
PSMD3,0.01796882566595028,0.04293760437017093,-0.007823183696889894,-0.006076515185340276,0.01727058768330662,0.0034287085322813617,-0.05060980588166006,0.039886166399513784,0.03190176946964368,-0.05366440606048499,0.004521060029597329,-0.056344031302576945
FNTB,0.04353797049513889,-0.005706803289628373,-0.017909573152717496,-0.02355091835805372,-0.06293958315041841,-0.014183973360457939,-0.07387854947116217,0.008651703974226023,0.011299654055122671,0.05360218281581194,0.0019336916350456508,0.07620295983105181
KCTD17,-0.05637853860966073,-0.00482444421619751,0.06961648317356801,-0.0622011950527976,-0.04898051535305889,0.05854630432433602,0.052954357830129584,0.01518857758756791,0.01736394080302483,-0.028719422406817394,-0.06066356935649554,-0.03505403091396339
AQP3,0.0035022154068849337,-0.023459331232125832,0.0399226480813591,-0.017343971256139228,-0.10347111016960385,-0.0659286500943106,-0.16460529297486304,0.05493159462384015,-0.0731813053091788,0.11481474987214339,0.008223635178794405,-0.15209947224836123
CD320,-0.09175001496404653,0.19533689715217942,0.1210107139554803,0.015296005116138128,0.00551495889514542,0.09013707912252064,-0.09489753210794465,0.011408998894134438,0.19159924659892194,-0.12342999210939745,0.020318672820317567,-0.020554576521574584
CNP,-0.05150771404169428,-0.006169048031228885,0.05718010063209546,-0.10004703258042547,-0.04597267501013309,0.04910839017134332,0.004994013062824629,0.03017640901608003,-0.015787745846415378,0.11950767464375038,-0.011038540397027608,0.07721440255437216
HPS3,-0.09549730265158664,-0.10013019469079887,0.20078565527206463,-0.19977839138726558,-0.05749393161489418,-0.03558920214675928,-0.014195970045929656,-0.07860058852668766,0.0928958154442426,0.1063118681833326,0.17376357651298693,0.06930829144318573
BAG3,-0.0559180032444509,0.03159008279332572,-0.07281288506760157,-0.11704729330708115,0.1247317402716772,-0.10392337463913524,-0.010269087504836608,0.017721555808985608,0.08832745105182688,-0.033084678877319675,0.007651198546603598,0.0996127543944624
TMEM106A,0.04079020494075737,-0.030251426900425746,-0.017449095396732613,0.020228396027652477,-0.028282464499554714,-0.003529877014000312,0.07463153043977204,-0.04795971195298643,0.03324158092858862,-0.0436112415161616,0.036346936463226065,-0.078987416734257
IQGAP1,-0.021603016184515184,0.036348393060448354,-0.006698678430210326,0.03413197260264207,-0.038531258906515146,0.01919836255831698,0.025266528665780025,0.07367500349426673,0.021283630684820896,-0.036717062263866826,-0.02796401620962606,-9.122789031607115e-05
ITPA,-0.09646721616790806,0.027164981258546307,0.006883038200408221,0.1298537685945119,-0.04099058751407558,0.010215067758185948,0.10767320778835458,0.28498773843684083,-0.3081379471759354,-0.09809114129683048,0.11903450977143482,0.18227463891832624
FERMT3,-0.0907353099921235,0.13910773848757954,-0.0028990702026124113,-0.022668051302166498,-0.12083583215290607,0.037857671547821985,-0.019250962694922085,0.09236973800009414,-0.029038317867835547,-0.0280319565758971,-0.03236129383130629,-0.024706516219939165
HPS5,-0.19439998821575422,-0.04977208307772824,0.23107134106412425,-0.33027861318166923,-0.07992545767427696,0.007517558003781953,0.025153543881041664,-0.10218270730512576,0.06483420562074424,0.1423646675307901,0.08611155921066577,0.08687493993524097
NRD1,-0.03571525452232003,0.08287670280667278,-0.029157098852554016,-0.022342547867663022,-0.04027465490930722,0.061526478958091615,-0.021163523761657983,-0.15758842368623063,-0.1331022401106215,-0.11788749585767318,0.048657119280836277,0.006614482321989728
NTNG1,-0.03577534368901935,0.07774893618230526,0.03356658210812827,-0.03437729471419548,0.0002242998766252344,0.10511994832987878,0.06527717935241606,0.025990552657079915,0.016243707422209222,0.001778348093815431,-0.016416217040089262,-0.0361373486387933
LPIN1,0.03608003796699159,-0.06309313334489884,-0.0331773952936095,0.11071583207109237,-0.12560799794392155,0.1093671901586645,-0.1860599663808483,-0.05190295010486742,0.09359425663310807,-0.08041613300890217,0.05757162953590483,-0.06297808226813525
DYRK1B,0.04135230858305843,-0.10960060779126868,-0.06098348684881008,0.13061639270680156,-0.057994546031684246,0.07227812491488186,0.01149038678850806,0.02567714316130364,0.016022667850474917,-0.005604847832122567,-0.04541306311098542,-0.025472968234524287
XRCC5,-0.05313613351835562,-0.04133252930799984,0.047383862548178064,-0.029253056760131617,-0.05560887738448335,0.04422391433047701,0.06353712326760026,0.0213311253341952,0.003635107991328448,0.20354974296933154,0.028836369466722297,0.034060829461758854
KEAP1,-0.058180302213215115,0.022902697106163262,-0.06457427747982858,0.049595913623901706,0.03681459924867536,-0.04075539031390896,0.01205395443460239,0.040853802822210815,-0.030335668022136324,-0.05471246682925116,-0.061861668182940255,-0.062340512917769195
RNF123,0.017352736206825085,0.01673744785801725,0.02753790160745999,0.043384227377543404,-0.07899224025133923,-0.00036658435408396873,-0.07680842309553376,-0.0062807790207138475,-0.0071263354441595895,0.009640457534704541,-0.0033412743644113054,0.007801027032342173
GPX8,-0.052164956419164146,-0.09130631898354953,-0.1230892763549436,-0.036925339750861604,-0.04089389382424411,-0.0034617106462916177,-0.06172651679622906,0.0005266924354316046,-0.004357376205203825,0.01266858668813641,-0.04329784838254717,0.019787736412545383
TARSL2,0.03637333388318231,-0.037463477268094035,0.043059551596467446,-0.03902409167436394,0.013216514191501215,-0.00940280121395986,0.00024042510416820873,0.06240602696738946,-0.05027654864693591,-0.047618382533389916,-0.009685408274191815,-0.027695898198695692
USP34,-0.02215660189838179,0.03397784876909766,0.013043090158644693,0.055830137568988664,0.019916613541364384,0.01996631198276399,0.006074934567094676,-0.001195016156974039,-0.004377487079242445,0.04983992540863655,-0.015344355130508368,-0.01060532712484815
GPR17,0.15280559196846297,0.06855100574906393,-0.12197090295096856,-0.047507529171016624,0.06513944838146966,0.04353595045627439,0.10482337593882685,-0.043356970744166376,0.04745806682432405,0.006330755416492822,0.007320238736869817,-0.024954215787089676
KIR2DL3,0.015602698283727507,-0.04119263240694412,0.024161459741521108,0.009946851738402585,-0.051178526123549,0.002920987616747638,-0.058083916466654166,0.010877607767337878,-0.0035616873986551996,0.010303874504708916,0.025849576645074597,-0.029904996036780398
AGO2,-0.03779334589264727,-0.00131770079084259,-0.04775152460074838,0.07981106739807063,-0.050016993745227514,0.06882517457511758,0.042553154383097674,-0.09689309120540382,-0.04242370506593305,0.06004331261796657,0.054397727330064864,0.0157575945238664
INCA1,0.05763494047062832,-0.025544553948365852,0.009787488648361254,-0.006512555157340032,-0.10317880732865857,0.041044118601405256,-0.03257166569519215,0.010546682185648528,-0.01463986998644468,-0.09351735218409665,-0.07524199173149268,0.08897989502721465
CCDC50,-0.07159539475207642,0.09220878019871417,0.051155567494294285,0.1541743547913624,0.03090474765658447,-0.0740015315622361,-0.0847038536871319,-0.09331383429419154,-0.004623946286694468,0.13582883682789082,-0.08295908267898286,-0.010779595703043095
STUB1,-0.10632050047733584,0.059629644735471964,0.016816846694697758,-0.07836939353757442,0.11172846826256645,-0.04984230832897151,-0.05462914742137158,0.007579934425415428,0.08921466631918769,-0.044219165301641196,0.0754151919938116,-0.030769310741131924
TAB1,-0.030972885303515545,0.0338561589483961,-0.0250629547814065,-0.0682998962688953,0.1684764523956208,-0.07766138709723922,-0.03785540853485131,0.08063193576417241,0.06534056052349932,-0.07873109684579889,0.08087169179169035,0.08948981888168156
NEDD8-MDP1,-0.02525884498253024,-0.005291241466286318,0.0033051464384219677,0.10011027628239938,-0.029315381966142216,-0.059194937947337115,0.19106493791772797,0.2332235424900994,-0.300660027730943,-0.0940271789378351,0.16502143552634405,0.19518177834961156
KAT5,0.016384357381998404,-0.052763983490440626,-0.07764780976708612,0.016349189008657315,0.04481088165627604,-0.015460989586469626,0.053290681519505174,-0.028712239069623665,0.009339911640383499,0.05619096342502455,-0.034206581562706166,0.01819686928349981
IL4R,-0.1415571813077148,0.14247397834606856,0.0944714732571315,0.047828445590677234,0.026331343289819183,-0.01231472774871296,-0.09076572093153894,-0.0605914028425379,0.12460664107053668,-0.010925107545690347,-0.02759203270609792,0.037515316665901875
HLA-B,-0.10877424140673128,-0.09598111005253922,-0.07182099512798688,-0.005735202869285742,-0.07376403205445238,0.08137098118731634,-0.03510408565256856,0.01628264560542353,-0.05207909419857577,-0.0017264536969096324,-0.0002486141271785186,-0.010192790234341961
PARP1,-0.022561851307252415,-0.03545351509434589,0.06806381693303717,-0.027901937025016258,0.012085581262885548,-0.0009509572552563111,-0.02583577261604798,0.022617637780943747,-0.02827623506628495,0.11776698874761428,0.01859130948938186,-0.06883432985362961
RAF1,0.03213996392363161,-0.009907439882279347,-0.023011991981680552,-0.05993664496710078,-0.15748462654004253,0.023420733451726163,-0.009122004210651067,0.06197031192002596,-0.03891705737550542,0.04164858962862031,0.0022279885733072348,-0.09771960329179714
APPBP2,0.020719374003113515,-0.03063791143818991,0.03970798653293831,-0.10023163183261247,-0.10087438302278628,-0.020679663596267817,-0.00121685819329008,0.057960222083411575,-0.02356882309236894,-0.07968451620159016,-0.09397031895113846,0.0013438176385843668
PRKCQ,0.09707460543158339,-0.07980900431776491,-0.03712463883976571,-0.0025832970495904104,0.027412145494719417,-0.028462294471237923,0.03651135270687779,0.03950877536764892,-0.10254502731604379,0.03132174405023385,-0.026724887122293938,-0.06786530272533901
ECEL1,-0.020260908971501637,-0.08848216615232932,-0.06861883228464398,-0.002015822033844607,-0.06750566473264517,0.01519773426451508,-0.03519445629155985,0.009051869995096959,-0.02204269247255188,0.0181646761431151,0.010045238744070388,-0.04184798821394937
TXN,0.03998698684902915,0.0026195182979292134,0.002561199325547006,-0.08664957915684317,-0.09432715664426769,-0.025005918730820573,-0.015004890296040182,0.06038640491777525,-0.07197681611523606,-0.07528281384776031,0.029864741847793197,0.0662746298953861
SNX27,-0.09608461383657839,-0.06532699836314872,-0.07321708147305665,-0.02549649679553069,0.037878076005347185,0.04576022923456259,0.068632600858595,-0.028251791432851954,0.022975992123858844,-0.005431505330673318,-0.013398063330577935,-0.03728383390416485
VIPR1,0.034817041171923906,-0.006274185816948517,-0.025106151697049616,-0.0015459117395163111,-0.012100580748902648,-0.06648844586636335,-0.040320545920589916,0.0008930033264487625,-0.04563296310679846,0.05543402769425044,0.03644775730770063,-0.09228362666948962
ACTB,0.02154232783672083,-0.0023193174547326565,0.06918281150638604,0.0073196666081715945,0.06647644862837487,-0.060544738142247985,-0.10609450873049223,0.10337192179622463,-0.061049534531261884,-0.04847515846783338,-0.03150613056210355,-0.031333621668206475
PSMB1,0.0390724918434134,-0.017150902043968158,0.020213537280254115,0.032741481928124753,-0.05902150924457648,0.034989481871337505,0.007157427319905907,-0.005623679680273222,0.011253747191511697,0.029237975961521747,-0.013836871017416104,0.03251233119577603
TUBA1A,0.05504422719033391,-0.1354716483927879,-0.030328865705223675,0.03854222906466368,-0.051959434728907065,-0.015955773166156508,0.005106100523922055,0.01901780394941721,-0.08699933309206614,0.08167876134929165,0.018603025504317576,0.0297989529431768
PLA2G4A,-0.08611400147426262,0.10661647468897413,-0.012245710375074149,-0.037884197325005135,-0.1897675917294836,-0.05765724595903817,0.06300537831807565,0.058582589086366765,-0.011375764756888286,-0.048082977083855574,-0.006584220918129728,-0.1378627447075658
PDGFRA,0.07107235085463318,0.010964763715286163,0.047856168205899274,0.01778799002765994,0.013403434110890951,-0.05219705453059782,0.09438728457142151,-0.061617683433001995,0.052814777871201875,-0.03188322748512482,0.04039908018527196,-0.023120442319183934
PRKAB2,-0.07394776264248122,-0.001651193299569211,0.025155885255458685,0.06508727478462184,-0.030594198620919305,0.0037995127826856456,-0.04689115667698602,-0.06435273349993242,0.0491796550336502,-0.0003325807546251014,-0.0761517500453409,0.02055602060747309
PSMA4,-0.0429721739198421,0.016499131891023207,0.0060473870410440505,0.13352002072499927,-0.013304737048972263,-0.059968291594746356,0.11541257359676224,0.2240847350895595,-0.2878192159486971,-0.11684456334861315,0.16542465830505032,0.1514302465126335
CMTM5,-0.1126974816023456,-0.10809629667577342,-0.006988087580952565,0.05877693044413342,0.00655050064539202,-0.03838965439519559,-0.030984864121010515,0.0004763384055682834,-0.03893207826548409,0.004753305347244165,0.06930392505326374,-0.04618154857964991
SLC4A1,-0.06020693239085635,-0.14163185385528426,0.13904181921860514,0.055633401783025845,0.0955934918574612,-0.06581371533858368,0.05089579504786502,0.15692734778575096,0.1912602386491898,-0.005864273188041903,-0.14106513144517172,-0.026908262160723017
VAC14,-0.054804650473715695,-0.002335297825005315,-0.0002525322849178113,0.02677183907185259,-0.04949069634935307,-0.0210658473689183,0.08737226732817696,0.04668584034017956,-0.035558755313412516,-0.08189637223282355,-0.0002803544766590688,0.010596855596233285
DPP9,0.009846687876894772,-0.07970430401628642,0.04585408755210839,0.00799103110093251,-0.13805332715401844,0.04516309946923219,-0.002285289764048994,0.1331653525047277,0.13427444437233685,0.043446976476878535,-0.10859831488546964,-0.02557476139676531
NOTCH2,-0.04865572923827725,0.07846931649602304,-0.03393729993665098,0.008917334615530242,-0.014479065555563402,0.049443418748542155,0.011194510406769338,0.08315354495996603,-0.013221873597439376,0.02140438950970905,0.0010661314869613075,0.018389368254391608
PSMA6,-0.012536112319622367,0.023128010412408084,-0.00872007179351153,0.007783690087019378,-0.011087215849768394,0.009562818212219997,-0.030536809579307492,-0.01311140605405333,-0.014670239466390428,-0.00941160211346869,0.003468156770096178,-0.049702249680826004
ST14,0.04887571956376161,0.01568539229769079,0.01123447057194995,0.02924682826034019,-0.01753567169152179,0.008091642603837433,0.03027623618438256,-0.015540950494005713,0.017346530383528687,-0.011799589243138016,0.002783417757443688,0.014044835430122141
YY1,0.00904692652256423,-0.028523744009444147,0.05756629816557587,0.002560976139859272,0.0804636647203928,-0.04187358939085372,0.01069141579775725,-0.004470329650003285,-0.03477393772038517,0.05249076199669044,-0.007289512598293499,0.01583377053771621
PSMA2,0.010264352590195735,-0.020705096109259424,-0.0018819504463596622,-0.0026324073377833866,-0.03198256152524337,0.03444913437690789,0.016041762100937294,-0.024248378104664414,0.030563405424291566,-0.023536168572713703,0.0038063271187541298,-0.004461470942001766
HIST3H3,0.03175318362788851,-0.027811960296957657,0.0108584649110089,-0.018315816845064278,0.015661734656941876,-0.008028341721146835,0.0007247387706332657,0.006128106006470448,-0.016767340998334348,-0.025376838127550757,0.0033309808232531643,-0.008630776319903383
PSMB3,0.0041898837335525635,-0.02120598500729735,-0.002914492537259699,0.013546634538944825,-0.03662103303095737,0.03290549197259314,0.04093407946432712,-0.04948405278088953,0.03483109292604671,0.009789180469029053,0.007387126133796415,0.008340226241253678
PSMB2,-0.0478036126222478,0.08768735721011832,-0.01528332483580804,-0.02071686864196061,0.08212922044624377,-0.020353492978341346,-0.06097283708725946,0.0024967491398240685,0.0025928985635758715,-8.160531195148767e-05,0.03256910169770856,-0.11428226745911703
USP2,0.02241417564066605,-0.008578944497271944,0.022682516570793388,0.01888493642485391,0.01993055390688927,0.045044212355831184,-0.05743131547800556,0.0052953626572523815,0.05316717831024939,-0.02078201490744918,0.0777748880109383,0.029472551363915103
SLC30A1,-0.1497579899591329,-0.0543701943395008,0.06862566818644406,0.06511606092042437,-0.004582727691733698,-0.019369497942170598,0.05497122189627306,0.025783488172541443,0.0020191092921855985,-0.04419531480493065,-0.04448610596188413,0.0015432644694331602
MEOX2,-0.056143510870764794,0.028061053011564266,-0.0873343628789306,0.03938818573602404,-0.028960834309648215,-0.01993748456908274,0.047852999819471095,0.04005772355406484,0.0002172615791992959,0.043132737476948006,-0.02669513165686913,-0.018528817830410795
CLEC2B,-0.010434787739178226,-0.011223415862698559,-0.10147518487179792,-0.014493265034753124,-0.02113791980842362,0.021300968730614878,-0.09064276262552305,-0.055197231222137995,0.03174116846785175,0.014084479868243762,0.024737148055264686,-0.0724520974790372
USP7,-0.049184296208635146,0.041318988083374655,0.040632315973665824,0.010899941949652138,0.007276296690103959,-0.0017619038214945924,0.0045110903993163054,-0.006313476187788159,8.627555006899214e-05,0.08826101584034593,0.014514074869476971,-0.03001930221644209
FBXO11,-0.02282800989157792,0.05144282664236265,-0.002591156601859999,-0.03275732980444304,-0.06553948713682663,0.022708646853673194,0.005332714217476541,0.039667733088228914,0.07453639324453996,-0.10207245763774242,-0.008481903718690014,-0.013386588348695959
KRT40,-0.0020226863562996505,0.098092246692066,-0.04831150985652793,0.03022440743953078,0.0067418745696150905,-0.030232062592433214,0.03171314235730306,0.11036019469966737,0.005102288997805928,0.06911485889319487,0.030243882197094975,0.043679460776401745
JAK3,-0.032769239147446394,-0.012036792579900996,0.03571028339000338,0.003496353596880378,0.02260583323858551,-0.013249593428082,-0.048469003150211215,-0.03864965365870153,0.0462839137152614,-0.011414544331232322,-0.03094916869687236,-0.019274688875827832
SLC71A2,0.04902155261648594,-0.0029620206278693534,0.018931897157141685,0.004447428029773384,0.0315134645359892,0.03455238910185459,0.0013327324447872937,-0.007547475873563279,0.025181979122803053,-0.019245455100016316,0.016576612618127717,0.02659582822450168
SYK,0.0700422162496517,-0.017846613162401197,-0.02250518794513634,-0.018236848808812673,-0.032763620857824964,-0.07677852894892086,-0.00632262460607285,-0.023428192297415683,-0.06173785504525824,0.0011582121562835265,-0.022969353926147122,-0.007107548604171439
VIM,-0.005433635014915578,0.07998550556733484,-0.017011331131478992,0.055217070356358554,0.01887486019299318,0.0027273536591370653,-0.05144098021568621,-0.0028413879552981404,0.021216856896014318,0.033007565579240554,0.0663985820126597,-0.005948215276552601
PSME3,0.025582904607036393,-0.02990624354447695,-0.03786591599809494,0.05591211479593349,-0.11482414985136129,0.06935447095451422,0.029192776315582872,-0.036740327806643366,0.07124359422075269,-0.06003514027622858,0.0012502630370511258,0.061954574495438376
PSMB5,0.006328549164976569,-0.0018209932791489784,0.006382065793900803,0.016511574340175986,-0.036976821216435196,0.01836805143151887,0.0032106688253574186,-0.011866185658816005,0.026876419837058414,0.005997184215104368,0.017632463225287616,-0.014912584831805072
CLEC4E,-0.0399548325696948,-0.08123362999731659,-0.0640873943404205,-0.00035556722822593115,-0.05783232744154745,0.004105766840427449,-0.0829149323090245,0.03302916859280176,-0.050702406024339126,0.047809948463271426,0.0031519782775946514,0.003526004963768228
C13ORF40,-0.1289265021609069,-0.06795652100137602,-0.11212439089717197,-0.0357746111958385,-0.15575463590190294,-0.42458440022666866,0.06589216312395835,-0.13750273360308432,0.052052332488489936,-0.09975550434731892,-0.09103969326390039,-0.05402151788542225
DVL2,-0.0766599788076832,0.049899688650416905,0.018098510096486702,-0.021426049202613803,0.10042749430525136,0.028633657100817927,0.07112505886801133,-0.011004972415036837,0.05739375849297336,-0.025224011604437744,0.0003164401691929884,0.0022049457780384334
PSMB7,-0.00347749358316849,-0.022365215422173672,-0.003503863942911029,0.01244943482578535,-0.02769560823482694,0.03258256453264319,0.03271953731348564,-0.03840811644498233,0.024420881107294793,0.01295058785789525,0.009230035402165649,0.012825974966205727
KRTAP5-7,-0.068571135399304,0.04785650423805164,0.06615938251923381,-0.012846320573217726,0.021987490741018682,-0.005961471170625117,-0.08074506977624232,-0.02502534687846475,0.053972345436181055,-0.013476622815160587,-0.03035242798239748,0.0455575845976427
KRTAP1-3,0.0,0.0,0.0,0.0,0.0,0.0,0.0,0.0,0.0,0.0,0.0,0.0
SMC1A,0.07372696757814533,-0.11508388563550784,0.06922830558393887,0.00023785601955723153,0.0013722261631765376,-0.004210533511246021,-0.05514921742445547,0.12126390205623258,0.05085927945254722,-0.05734986195146805,-0.03491697016183778,-0.08773474766643889
IL4,-0.11789059384988193,0.10061520432527135,0.08285369046867729,0.004634717540548362,0.05327115106925913,-0.016571298622660564,-0.11621656101072549,-0.03344389049772719,0.0632029890654483,-0.0464331624130981,-0.0226168395798553,-0.01041148833615949
ARPC3,-0.006941643526284171,-0.05874415198893073,0.0573160950993245,0.007090298539086651,0.18898422463962541,-0.0050894166820365135,-0.09550192827637376,-0.07015443352079043,-0.045239993727398245,-0.045685754113068924,-0.07436739005279479,-0.0950381702655966
WASL,-0.04154359542349609,-0.09472930000575742,0.004140749964214687,0.0189941927265195,0.1471107090475905,0.043514870820950374,0.02430562606915275,-0.07274426161824392,0.05711064735050746,0.03355707141543769,-0.0013994749945621398,0.03295594970420739
GLUL,0.1471360879130783,0.15004469918257365,0.1260606923332089,0.04571244675009711,0.021363383351568847,-0.025161161216772258,0.04279118140234991,-0.025711063109643342,0.009446481218753654,-0.022642083109030688,-0.013996953515456108,0.020108612054845938
FCER1G,0.06854849411523796,-0.0957019327128006,0.09428032474754314,0.06725067931732757,0.048385817846700714,-0.007308724994494813,0.0036169101153835613,-0.015348875713660918,-0.02110202132482381,-0.013126944862588676,0.033797579309127856,0.1478845637607113
CCDC107,-0.0207100497920338,0.06719361299252471,-0.0024700345316556573,-0.033653314868954586,0.059100761722287246,0.030814115517411537,0.08475367732749163,-0.02471802070158128,0.03485499268017138,-0.03462027127013766,-0.1283801931862864,0.03064629754186022
GPR152,0.07147266919718871,-0.017402520177512072,0.0033414804370644658,-0.005153001408921947,-0.03140698489565341,0.021718428476188628,0.03021963599918519,-0.0031928584158668638,0.021101770908478014,-0.02919754244049187,-0.00023381673400060427,0.009472645779889747
IL15RA,-0.13921098779478633,0.15485800464824118,0.051574812091351244,-0.011563292696348365,0.041771160506340055,0.0011348693082783607,-0.1706799411287261,-0.03281195312887173,0.09950647114401065,-0.05172820115150034,-0.028288588672991277,0.04336436985334416
TAF9,-0.023380697870276995,0.051431281184757996,-0.07891815123524154,0.06820114970699595,0.00754585805292621,-0.00752221874648742,0.03225244469854232,-0.0042643289142580195,0.014638198461119474,0.05420492160718457,0.02997857449690414,-0.02136179970434347
IRS4,-0.011045525987270622,0.054511383986236464,0.007434536977672203,0.029151023387770328,-0.024388955912904218,-0.04492086168872268,-0.02753027014116643,0.02927257426157283,-0.020068251628289978,0.029542193158712926,0.028214550695155417,-0.051560376465835146
TAF12,-0.012266846754587876,0.07330435394138328,-0.08702009000002525,0.09064996516756962,-0.013915987565133802,0.029647475536881195,0.01300544488445351,0.014570952936662718,0.03260416957465273,-0.0007977337525865013,0.05320182095322071,-0.03698240401145244
TAF10,0.019579005723186348,0.04679874826191458,-0.09206784099982954,0.057024263613529046,-0.008040291828791542,-0.005432057858119332,0.023303281371993202,0.035386353196084845,0.03297512895645364,0.0005630627321557726,0.04801069817331388,-0.03151509436982849
ATP6V0C,-0.037930723293513845,-0.050207998954621635,0.10896296542530119,0.08212958886228815,0.011599216805680445,-0.06444179799443003,0.04415486486812457,-0.011974674701711199,-0.03876638109845064,-0.020452530914038775,-0.007444682431240622,0.07580509508467265
CTPS2,0.03743538238859773,0.031562160243869986,-0.03516610669741892,-0.021701192115260427,-0.01863170942660585,-0.01935428579227412,-0.04083318223059549,0.018251767848373304,-0.009456126495914976,0.07286471060595333,-0.011608682063738678,0.05209350515689468
TAF6,0.05656544178456577,-0.030354963847293085,0.04386480908519675,-0.0285742194373105,0.01349980954063614,-0.04444358238854724,-0.018788906422404345,0.06745657339967186,-0.05674319123748297,-0.03671426674186642,-0.005757879621628483,-0.036851264651468874
HNRNPA1,-0.010855038407282538,-0.012359610026096632,-0.0023676123607649967,0.058225769883866366,-0.009412980503749868,-0.018217854606243134,0.020364501779210894,0.0037967009225569307,0.06778677765776009,0.052571354468292864,-0.005885454485944531,-0.04154662154436557
UBXN6,0.0025615835402158214,-0.027201616400710792,0.09391714675471852,0.07156642191865732,0.10225318249023592,-0.03530376708270929,-0.1648626550974264,-0.061728027847406795,-0.1067137612160097,-0.12820841265356822,0.052403500769328794,-0.17769120198801458
TAF5,0.0031132464484881976,0.0014213763024846558,-0.10102028720163292,0.06914795814769058,0.017037490660813392,0.020037704295158734,0.06949420607215673,0.03925708819894898,-0.017366807478750315,0.05303294756797668,0.020977926059192666,-0.05435859594209872
UBE2H,-0.02336771188504546,0.03739240815219955,0.01436256303375507,-0.05168948043554854,-0.008367587199938416,-0.04801628580151183,-0.02461861145240189,-0.05269774131761928,0.05506309974293956,-0.013629013775140815,0.038957677639357605,0.04025863887079779
PSMA7,-0.04801202116881921,0.026884085514409583,-0.003389488428504791,0.09593633635677053,-0.012146791575723858,-0.00472514202325017,0.007496681605851549,-0.03826666275321491,-0.001814054504238455,0.03545093464354076,-0.031751145934180394,-0.06742360615965252
DLX6,-0.0639733302414974,0.037846738199639414,-0.08433735091561478,0.023634614621519535,0.021252944811675594,0.01800786151654526,0.029041527919731667,0.059386607935167465,0.035766735364208324,-0.024755646718414157,-0.04141286850044242,0.012899308258364847
ELOVL4,0.10388167063985489,-0.05216531168444792,0.0983612868720759,-0.004251141101630468,0.03833182565476695,0.06987933811266966,0.034285089038398386,-0.018406567181432593,0.03684687067296965,-0.02748582531826035,0.05866019661408038,0.07194112328145347
TAF1,-0.012724701964766242,0.06808585901565316,-0.09054922622887869,0.0635646376408787,-0.007629462810308957,0.002436995967530644,0.015464403398643418,0.006657556955968881,0.026294595152596686,0.00911104355594624,0.04613912285760197,-0.026787223877675088
PSMA5,0.009421145400788535,-0.022152470248799214,-0.0006769148190197364,0.0014936701526956336,-0.029288938381063456,0.02756204613580446,0.036762491333651455,-0.045154082870215446,0.03987636171282568,-0.0016682594597032076,0.012101618558939552,0.006834716597121719
FHL2,-0.0033376269468575995,-0.015572580322740132,0.006179999709836016,-0.008398764298494156,-0.008073794730035791,0.02549769657135874,-0.008690095303211073,0.049972340928795995,-0.03995001676792181,-0.027474925253300253,-0.003683384693982555,-0.041143671934843584
NUDT10,-0.024233844019952086,0.013594009794896533,0.019174813194313963,-0.008088287888965118,0.0026350605033075196,0.01590613422392093,-0.004226191782673508,-0.05025647233471619,0.009273928265726771,-0.07551187698847385,-0.031081469937715742,0.0489529457670575
SIRT1,-0.02458707574063472,-0.05838187358921516,-0.0005699579196815299,0.0605302485728962,-0.03655758310801889,0.019684286905694567,0.01803579871822421,-0.028820568907533248,0.050029685579486734,0.053772688660877824,-0.021322113437704314,0.009755144637575139
SGF29,-0.0009643919700319219,0.0736053086138082,-0.04711493556838874,0.08646406140187314,-0.0013304516706929468,0.00779020474381165,0.006318973423589909,0.05321624909471995,0.05222602173784596,0.05449583371538258,0.036236669273949584,-0.011672908686938915
GDPD1,-0.16182367302032516,-0.199015384515095,-0.14764112329597034,0.0009152497795851097,0.034351902474247284,-0.05606269941300835,-0.030216689097559733,-0.05139670429619129,-0.014871895420428717,-0.051927915210242745,0.05918479341332261,0.010360066508337668
CBWD7,0.025662623004675655,0.06300224094036125,-0.05714668658724828,-0.0322978081247953,-0.0994479457305961,-0.030447073894861627,-0.0415041241049729,-0.0327067463249702,-0.06815369265648462,0.0419632914547939,0.07815354546274454,-0.001882131614675832
E6,-0.042740810370368525,0.02998004232821537,0.0864128798829633,0.004218592772178264,-0.005565509659266378,0.15402124060440728,0.05065545059233116,-0.013206492701227715,0.018102176244633478,0.04436603315003873,-0.05172392118752212,0.05616602183348179
PRKCB,-0.0448967184972973,0.05280181508933121,-0.01628176183269875,0.013872721634303435,-0.059093046050508954,-0.020899576535397923,0.028419281031148397,0.04379462541731408,0.02319508527795662,-0.020878874810113315,-0.008779782742237834,-0.10783262108475739
HOMER3,-0.08164984786701536,-0.023315117020739386,0.03448010119999331,-0.018656666436536993,0.06528550168910514,0.04355493413749649,0.011260634371974226,0.007124526596773588,0.034073315581519124,-0.01303688249363255,-0.18031817737645536,0.025786277960465714
