schema_version,study_role,center_source_study_role,dimension,scenario,replicate,method,center_error,center_branch_distance_cv,approx_halfspace_depth,root_edge_left,root_edge_right,root_edge_distance_to_center,root_edge_distance_to_true_root,root_edge_min_side_fraction,branch_integrity,split_branch_count,smaller_side_outlier_fraction
robust_center_rooted_tree_smoke/v1,diagnostic_robust_center_rooted_tree_not_calibration,diagnostic_robust_center_root_anchor_not_calibration,5,balanced_clean,0,centroid_rooted,0.3362478354399353,0.09011444706207769,,636,638,1.0591761858187545e-16,0.33624783543993536,0.5,0.9875,0,0.0
robust_center_rooted_tree_smoke/v1,diagnostic_robust_center_rooted_tree_not_calibration,diagnostic_robust_center_root_anchor_not_calibration,5,balanced_clean,0,geometric_median_rooted,0.44907195187329507,0.12539725496455437,,636,638,0.0586281254929741,0.33624783543993536,0.5,0.9875,0,0.0
robust_center_rooted_tree_smoke/v1,diagnostic_robust_center_rooted_tree_not_calibration,diagnostic_robust_center_root_anchor_not_calibration,5,balanced_clean,0,tukey_depth_rooted,0.44907195187329507,0.12539725496455437,0.4,636,638,0.0586281254929741,0.33624783543993536,0.5,0.9875,0,0.0
robust_center_rooted_tree_smoke/v1,diagnostic_robust_center_rooted_tree_not_calibration,diagnostic_robust_center_root_anchor_not_calibration,5,balanced_clean,1,centroid_rooted,0.29443144868751636,0.08717073617195165,,636,638,8.002322828458972e-17,0.2944314486875164,0.496875,0.971875,0,0.0
robust_center_rooted_tree_smoke/v1,diagnostic_robust_center_rooted_tree_not_calibration,diagnostic_robust_center_root_anchor_not_calibration,5,balanced_clean,1,geometric_median_rooted,0.36133415402956287,0.11050952535133718,,636,638,0.03515682325147035,0.2944314486875164,0.496875,0.971875,0,0.0
robust_center_rooted_tree_smoke/v1,diagnostic_robust_center_rooted_tree_not_calibration,diagnostic_robust_center_root_anchor_not_calibration,5,balanced_clean,1,tukey_depth_rooted,0.4797950396124729,0.1494266908787874,0.421875,636,638,0.07756021914395556,0.2944314486875164,0.496875,0.971875,0,0.0
robust_center_rooted_tree_smoke/v1,diagnostic_robust_center_rooted_tree_not_calibration,diagnostic_robust_center_root_anchor_not_calibration,5,balanced_clean,2,centroid_rooted,0.24911916660945146,0.05672797149153111,,636,638,8.582937747229195e-17,0.24911916660945146,0.484375,0.946875,1,0.0
robust_center_rooted_tree_smoke/v1,diagnostic_robust_center_rooted_tree_not_calibration,diagnostic_robust_center_root_anchor_not_calibration,5,balanced_clean,2,geometric_median_rooted,0.30652060940459563,0.06831368673568025,,636,638,0.05957151226653545,0.24911916660945146,0.484375,0.946875,1,0.0
robust_center_rooted_tree_smoke/v1,diagnostic_robust_center_rooted_tree_not_calibration,diagnostic_robust_center_root_anchor_not_calibration,5,balanced_clean,2,tukey_depth_rooted,0.30652060940459563,0.06831368673568025,0.390625,636,638,0.05957151226653545,0.24911916660945146,0.484375,0.946875,1,0.0
robust_center_rooted_tree_smoke/v1,diagnostic_robust_center_rooted_tree_not_calibration,diagnostic_robust_center_root_anchor_not_calibration,5,balanced_clean,3,centroid_rooted,0.3672357646352087,0.08101771604127524,,636,638,5.551115123125783e-17,0.21616677465200537,0.24375,0.98125,0,0.0
robust_center_rooted_tree_smoke/v1,diagnostic_robust_center_rooted_tree_not_calibration,diagnostic_robust_center_root_anchor_not_calibration,5,balanced_clean,3,geometric_median_rooted,0.45616236935410764,0.10469594091594106,,637,638,0.052237150436497376,0.36723576463520874,0.24375,0.98125,0,0.0
robust_center_rooted_tree_smoke/v1,diagnostic_robust_center_rooted_tree_not_calibration,diagnostic_robust_center_root_anchor_not_calibration,5,balanced_clean,3,tukey_depth_rooted,0.45616236935410764,0.10469594091594106,0.390625,637,638,0.052237150436497376,0.36723576463520874,0.24375,0.98125,0,0.0
robust_center_rooted_tree_smoke/v1,diagnostic_robust_center_rooted_tree_not_calibration,diagnostic_robust_center_root_anchor_not_calibration,5,balanced_clean,4,centroid_rooted,0.2027128688533767,0.06711105007614097,,635,638,6.798699777552591e-17,0.20039299201332209,0.5,0.95,0,0.0
robust_center_rooted_tree_smoke/v1,diagnostic_robust_center_rooted_tree_not_calibration,diagnostic_robust_center_root_anchor_not_calibration,5,balanced_clean,4,geometric_median_rooted,0.2863823133027799,0.08605940873118349,,637,638,0.09884637062090548,0.2027128688533767,0.5,0.95,0,0.0
robust_center_rooted_tree_smoke/v1,diagnostic_robust_center_rooted_tree_not_calibration,diagnostic_robust_center_root_anchor_not_calibration,5,balanced_clean,4,tukey_depth_rooted,0.2863823133027799,0.08605940873118349,0.425,637,638,0.09884637062090548,0.2027128688533767,0.5,0.95,0,0.0
robust_center_rooted_tree_smoke/v1,diagnostic_robust_center_rooted_tree_not_calibration,diagnostic_robust_center_root_anchor_not_calibration,5,balanced_clean,5,centroid_rooted,0.2760234470259933,0.08490841614788289,,634,635,0.018606094209552265,0.17577808268987963,0.4625,0.93125,1,0.0
robust_center_rooted_tree_smoke/v1,diagnostic_robust_center_rooted_tree_not_calibration,diagnostic_robust_center_root_anchor_not_calibration,5,balanced_clean,5,geometric_median_rooted,0.35626873669708725,0.10438261850762999,,632,635,0.06717084713154477,0.27317212654586226,0.475,0.9375,1,0.0
robust_center_rooted_tree_smoke/v1,diagnostic_robust_center_rooted_tree_not_calibration,diagnostic_robust_center_root_anchor_not_calibration,5,balanced_clean,5,tukey_depth_rooted,0.35626873669708725,0.10438261850762999,0.415625,632,635,0.06717084713154477,0.27317212654586226,0.475,0.9375,1,0.0
robust_center_rooted_tree_smoke/v1,diagnostic_robust_center_rooted_tree_not_calibration,diagnostic_robust_center_root_anchor_not_calibration,5,balanced_clean,6,centroid_rooted,0.21095754913941545,0.07227852236065907,,635,636,0.016533887382891688,0.19979128373171762,0.49375,0.975,0,0.0
robust_center_rooted_tree_smoke/v1,diagnostic_robust_center_rooted_tree_not_calibration,diagnostic_robust_center_root_anchor_not_calibration,5,balanced_clean,6,geometric_median_rooted,0.26372969551771325,0.08754837043422128,,635,636,0.055707369345918925,0.19979128373171762,0.49375,0.975,0,0.0
robust_center_rooted_tree_smoke/v1,diagnostic_robust_center_rooted_tree_not_calibration,diagnostic_robust_center_root_anchor_not_calibration,5,balanced_clean,6,tukey_depth_rooted,0.27581183443451573,0.07635235576207403,0.40625,635,636,0.13840709657515993,0.19979128373171762,0.49375,0.975,0,0.0
robust_center_rooted_tree_smoke/v1,diagnostic_robust_center_rooted_tree_not_calibration,diagnostic_robust_center_root_anchor_not_calibration,5,balanced_clean,7,centroid_rooted,0.25393651922306665,0.05783827430137521,,635,638,9.859350893676448e-17,0.25393651922306665,0.465625,0.934375,1,0.0
robust_center_rooted_tree_smoke/v1,diagnostic_robust_center_rooted_tree_not_calibration,diagnostic_robust_center_root_anchor_not_calibration,5,balanced_clean,7,geometric_median_rooted,0.34132696221515973,0.07812088521688369,,635,638,0.07002158382325219,0.25393651922306665,0.465625,0.934375,1,0.0
robust_center_rooted_tree_smoke/v1,diagnostic_robust_center_rooted_tree_not_calibration,diagnostic_robust_center_root_anchor_not_calibration,5,balanced_clean,7,tukey_depth_rooted,0.33340909097595783,0.07928278428078088,0.421875,635,638,0.09888451357043239,0.25393651922306665,0.465625,0.934375,1,0.0
robust_center_rooted_tree_smoke/v1,diagnostic_robust_center_rooted_tree_not_calibration,diagnostic_robust_center_root_anchor_not_calibration,5,balanced_clean,8,centroid_rooted,0.5542453539439316,0.17757207625303523,,635,637,0.02753930339012911,0.09358889216599119,0.2625,0.9875,0,0.0
robust_center_rooted_tree_smoke/v1,diagnostic_robust_center_rooted_tree_not_calibration,diagnostic_robust_center_root_anchor_not_calibration,5,balanced_clean,8,geometric_median_rooted,0.8211896621587482,0.2568792878455897,,636,637,0.07851841557192181,0.5541622765744421,0.26875,0.98125,0,0.0
robust_center_rooted_tree_smoke/v1,diagnostic_robust_center_rooted_tree_not_calibration,diagnostic_robust_center_root_anchor_not_calibration,5,balanced_clean,8,tukey_depth_rooted,0.8211896621587482,0.2568792878455897,0.40625,636,637,0.07851841557192181,0.5541622765744421,0.26875,0.98125,0,0.0
robust_center_rooted_tree_smoke/v1,diagnostic_robust_center_rooted_tree_not_calibration,diagnostic_robust_center_root_anchor_not_calibration,5,balanced_clean,9,centroid_rooted,0.4499440826173105,0.12246031433878048,,636,638,9.437916079723832e-17,0.3511230000858824,0.471875,0.946875,1,0.0
robust_center_rooted_tree_smoke/v1,diagnostic_robust_center_rooted_tree_not_calibration,diagnostic_robust_center_root_anchor_not_calibration,5,balanced_clean,9,geometric_median_rooted,0.5714414152661356,0.16265899448377563,,637,638,0.08456320343221131,0.44994408261731056,0.471875,0.946875,1,0.0
robust_center_rooted_tree_smoke/v1,diagnostic_robust_center_rooted_tree_not_calibration,diagnostic_robust_center_root_anchor_not_calibration,5,balanced_clean,9,tukey_depth_rooted,0.5714414152661356,0.16265899448377563,0.415625,637,638,0.08456320343221131,0.44994408261731056,0.471875,0.946875,1,0.0
robust_center_rooted_tree_smoke/v1,diagnostic_robust_center_rooted_tree_not_calibration,diagnostic_robust_center_root_anchor_not_calibration,5,balanced_clean,10,centroid_rooted,0.2400425460874185,0.04274020194162309,,635,637,0.01612394607503469,0.24657466860519198,0.478125,0.959375,0,0.0
robust_center_rooted_tree_smoke/v1,diagnostic_robust_center_rooted_tree_not_calibration,diagnostic_robust_center_root_anchor_not_calibration,5,balanced_clean,10,geometric_median_rooted,0.2673929950178525,0.04980779966249936,,635,637,0.030614715186351026,0.24657466860519198,0.478125,0.959375,0,0.0
robust_center_rooted_tree_smoke/v1,diagnostic_robust_center_rooted_tree_not_calibration,diagnostic_robust_center_root_anchor_not_calibration,5,balanced_clean,10,tukey_depth_rooted,0.4361222198789552,0.07970357776913212,0.4,635,637,0.199114459933215,0.24657466860519198,0.478125,0.959375,0,0.0
robust_center_rooted_tree_smoke/v1,diagnostic_robust_center_rooted_tree_not_calibration,diagnostic_robust_center_root_anchor_not_calibration,5,balanced_clean,11,centroid_rooted,0.2529441614468578,0.038271902130895284,,636,638,9.517689628308303e-17,0.21110260229723762,0.490625,0.946875,0,0.0
robust_center_rooted_tree_smoke/v1,diagnostic_robust_center_rooted_tree_not_calibration,diagnostic_robust_center_root_anchor_not_calibration,5,balanced_clean,11,geometric_median_rooted,0.27104329888333195,0.042471188927797394,,637,638,0.03926379005416098,0.25294416144685783,0.490625,0.946875,0,0.0
robust_center_rooted_tree_smoke/v1,diagnostic_robust_center_rooted_tree_not_calibration,diagnostic_robust_center_root_anchor_not_calibration,5,balanced_clean,11,tukey_depth_rooted,0.2529441614468578,0.038271902130895284,0.4125,636,638,9.517689628308303e-17,0.21110260229723762,0.490625,0.946875,0,0.0
robust_center_rooted_tree_smoke/v1,diagnostic_robust_center_rooted_tree_not_calibration,diagnostic_robust_center_root_anchor_not_calibration,5,balanced_clean,12,centroid_rooted,0.48420325866705755,0.16900282115485066,,637,638,2.7755575615628914e-17,0.48420325866705755,0.259375,0.978125,0,0.0
robust_center_rooted_tree_smoke/v1,diagnostic_robust_center_rooted_tree_not_calibration,diagnostic_robust_center_root_anchor_not_calibration,5,balanced_clean,12,geometric_median_rooted,0.6231190862658866,0.21379579132637555,,637,638,0.08447517672650033,0.48420325866705755,0.259375,0.978125,0,0.0
robust_center_rooted_tree_smoke/v1,diagnostic_robust_center_rooted_tree_not_calibration,diagnostic_robust_center_root_anchor_not_calibration,5,balanced_clean,12,tukey_depth_rooted,0.6231190862658866,0.21379579132637555,0.409375,637,638,0.08447517672650033,0.48420325866705755,0.259375,0.978125,0,0.0
robust_center_rooted_tree_smoke/v1,diagnostic_robust_center_rooted_tree_not_calibration,diagnostic_robust_center_root_anchor_not_calibration,5,balanced_clean,13,centroid_rooted,0.10605593110119546,0.03541534280921184,,635,637,0.013729593617620543,0.10402416676319129,0.475,0.94375,1,0.0
robust_center_rooted_tree_smoke/v1,diagnostic_robust_center_rooted_tree_not_calibration,diagnostic_robust_center_root_anchor_not_calibration,5,balanced_clean,13,geometric_median_rooted,0.15784820776596253,0.055260160710633166,,635,637,0.026981376700534538,0.10402416676319129,0.475,0.94375,1,0.0
robust_center_rooted_tree_smoke/v1,diagnostic_robust_center_rooted_tree_not_calibration,diagnostic_robust_center_root_anchor_not_calibration,5,balanced_clean,13,tukey_depth_rooted,0.15784820776596253,0.055260160710633166,0.396875,635,637,0.026981376700534538,0.10402416676319129,0.475,0.94375,1,0.0
robust_center_rooted_tree_smoke/v1,diagnostic_robust_center_rooted_tree_not_calibration,diagnostic_robust_center_root_anchor_not_calibration,5,balanced_clean,14,centroid_rooted,0.21327466934411907,0.07448426843413353,,631,637,0.016242828516816805,0.21766287650935404,0.459375,0.934375,1,0.0
robust_center_rooted_tree_smoke/v1,diagnostic_robust_center_rooted_tree_not_calibration,diagnostic_robust_center_root_anchor_not_calibration,5,balanced_clean,14,geometric_median_rooted,0.2983450938379324,0.100775247622408,,631,637,0.061144420007962254,0.21766287650935404,0.459375,0.934375,1,0.0
robust_center_rooted_tree_smoke/v1,diagnostic_robust_center_rooted_tree_not_calibration,diagnostic_robust_center_root_anchor_not_calibration,5,balanced_clean,14,tukey_depth_rooted,0.2983450938379324,0.100775247622408,0.41875,631,637,0.061144420007962254,0.21766287650935404,0.459375,0.934375,1,0.0
robust_center_rooted_tree_smoke/v1,diagnostic_robust_center_rooted_tree_not_calibration,diagnostic_robust_center_root_anchor_not_calibration,5,balanced_clean,15,centroid_rooted,0.14662469936305192,0.0175762777908415,,635,638,4.7697009830883764e-17,0.08567769724839351,0.478125,0.946875,1,0.0
robust_center_rooted_tree_smoke/v1,diagnostic_robust_center_rooted_tree_not_calibration,diagnostic_robust_center_root_anchor_not_calibration,5,balanced_clean,15,geometric_median_rooted,0.1551953241988276,0.022414415030426748,,637,638,0.040314899192332256,0.1466246993630519,0.478125,0.946875,1,0.0
robust_center_rooted_tree_smoke/v1,diagnostic_robust_center_rooted_tree_not_calibration,diagnostic_robust_center_root_anchor_not_calibration,5,balanced_clean,15,tukey_depth_rooted,0.14662469936305192,0.0175762777908415,0.39375,635,638,4.7697009830883764e-17,0.08567769724839351,0.478125,0.946875,1,0.0
robust_center_rooted_tree_smoke/v1,diagnostic_robust_center_rooted_tree_not_calibration,diagnostic_robust_center_root_anchor_not_calibration,5,balanced_clean,16,centroid_rooted,0.2906650557628839,0.09009559086055269,,637,638,3.029564307160424e-17,0.15560308856412194,0.4875,0.96875,0,0.0
robust_center_rooted_tree_smoke/v1,diagnostic_robust_center_rooted_tree_not_calibration,diagnostic_robust_center_root_anchor_not_calibration,5,balanced_clean,16,geometric_median_rooted,0.3969251873596856,0.12255046411785361,,636,638,0.07455257064489842,0.2906650557628839,0.4875,0.96875,0,0.0
robust_center_rooted_tree_smoke/v1,diagnostic_robust_center_rooted_tree_not_calibration,diagnostic_robust_center_root_anchor_not_calibration,5,balanced_clean,16,tukey_depth_rooted,0.3969251873596856,0.12255046411785361,0.425,636,638,0.07455257064489842,0.2906650557628839,0.4875,0.96875,0,0.0
robust_center_rooted_tree_smoke/v1,diagnostic_robust_center_rooted_tree_not_calibration,diagnostic_robust_center_root_anchor_not_calibration,5,balanced_clean,17,centroid_rooted,0.17844436848943393,0.060371289503574004,,637,638,3.179800655392251e-17,0.1784443684894339,0.246875,0.934375,1,0.0
robust_center_rooted_tree_smoke/v1,diagnostic_robust_center_rooted_tree_not_calibration,diagnostic_robust_center_root_anchor_not_calibration,5,balanced_clean,17,geometric_median_rooted,0.3018999837291476,0.0876069669366347,,637,638,0.0753678342510179,0.1784443684894339,0.246875,0.934375,1,0.0
robust_center_rooted_tree_smoke/v1,diagnostic_robust_center_rooted_tree_not_calibration,diagnostic_robust_center_root_anchor_not_calibration,5,balanced_clean,17,tukey_depth_rooted,0.3018999837291476,0.0876069669366347,0.403125,637,638,0.0753678342510179,0.1784443684894339,0.246875,0.934375,1,0.0
robust_center_rooted_tree_smoke/v1,diagnostic_robust_center_rooted_tree_not_calibration,diagnostic_robust_center_root_anchor_not_calibration,5,balanced_clean,18,centroid_rooted,0.43940691461699827,0.058141471078314896,,635,638,1.0895665444489586e-16,0.28528081144335343,0.475,0.94375,1,0.0
robust_center_rooted_tree_smoke/v1,diagnostic_robust_center_rooted_tree_not_calibration,diagnostic_robust_center_root_anchor_not_calibration,5,balanced_clean,18,geometric_median_rooted,0.5338753084152977,0.0878332290174554,,637,638,0.0302416289443527,0.4394069146169984,0.475,0.94375,1,0.0
robust_center_rooted_tree_smoke/v1,diagnostic_robust_center_rooted_tree_not_calibration,diagnostic_robust_center_root_anchor_not_calibration,5,balanced_clean,18,tukey_depth_rooted,0.49358272600192316,0.07084615283175809,0.40625,637,638,0.09189877498425261,0.4394069146169984,0.475,0.94375,1,0.0
robust_center_rooted_tree_smoke/v1,diagnostic_robust_center_rooted_tree_not_calibration,diagnostic_robust_center_root_anchor_not_calibration,5,balanced_clean,19,centroid_rooted,0.21539613829601634,0.047460615542533134,,637,638,6.128265163612872e-17,0.18559907762740863,0.4875,0.95625,1,0.0
robust_center_rooted_tree_smoke/v1,diagnostic_robust_center_rooted_tree_not_calibration,diagnostic_robust_center_root_anchor_not_calibration,5,balanced_clean,19,geometric_median_rooted,0.2421904973949893,0.04987243793873546,,636,638,0.06303887348458916,0.2153961382960164,0.4875,0.95625,1,0.0
robust_center_rooted_tree_smoke/v1,diagnostic_robust_center_rooted_tree_not_calibration,diagnostic_robust_center_root_anchor_not_calibration,5,balanced_clean,19,tukey_depth_rooted,0.21539613829601634,0.047460615542533134,0.4,637,638,6.128265163612872e-17,0.18559907762740863,0.4875,0.95625,1,0.0
robust_center_rooted_tree_smoke/v1,diagnostic_robust_center_rooted_tree_not_calibration,diagnostic_robust_center_root_anchor_not_calibration,5,balanced_clean,20,centroid_rooted,0.33164100942602065,0.12502584665405064,,633,638,6.359601310784502e-17,0.3316410094260206,0.496875,0.953125,0,0.0
robust_center_rooted_tree_smoke/v1,diagnostic_robust_center_rooted_tree_not_calibration,diagnostic_robust_center_root_anchor_not_calibration,5,balanced_clean,20,geometric_median_rooted,0.44694102348296316,0.1615502657779852,,633,638,0.06515864181156628,0.3316410094260206,0.496875,0.953125,0,0.0
robust_center_rooted_tree_smoke/v1,diagnostic_robust_center_rooted_tree_not_calibration,diagnostic_robust_center_root_anchor_not_calibration,5,balanced_clean,20,tukey_depth_rooted,0.44694102348296316,0.1615502657779852,0.421875,633,638,0.06515864181156628,0.3316410094260206,0.496875,0.953125,0,0.0
robust_center_rooted_tree_smoke/v1,diagnostic_robust_center_rooted_tree_not_calibration,diagnostic_robust_center_root_anchor_not_calibration,5,balanced_clean,21,centroid_rooted,0.36748984720371136,0.12009283180041534,,636,638,3.1031676915590914e-17,0.14757003240605351,0.49375,0.96875,0,0.0
robust_center_rooted_tree_smoke/v1,diagnostic_robust_center_rooted_tree_not_calibration,diagnostic_robust_center_root_anchor_not_calibration,5,balanced_clean,21,geometric_median_rooted,0.5227281336811928,0.16492765519635383,,637,638,0.08095599392144352,0.36748984720371136,0.49375,0.96875,0,0.0
robust_center_rooted_tree_smoke/v1,diagnostic_robust_center_rooted_tree_not_calibration,diagnostic_robust_center_root_anchor_not_calibration,5,balanced_clean,21,tukey_depth_rooted,0.5227281336811928,0.16492765519635383,0.40625,637,638,0.08095599392144352,0.36748984720371136,0.49375,0.96875,0,0.0
robust_center_rooted_tree_smoke/v1,diagnostic_robust_center_rooted_tree_not_calibration,diagnostic_robust_center_root_anchor_not_calibration,5,balanced_clean,22,centroid_rooted,0.27984809160401114,0.049841089384976854,,636,638,9.205483015737869e-17,0.26394021404335766,0.471875,0.965625,0,0.0
robust_center_rooted_tree_smoke/v1,diagnostic_robust_center_rooted_tree_not_calibration,diagnostic_robust_center_root_anchor_not_calibration,5,balanced_clean,22,geometric_median_rooted,0.30122146498287045,0.06138170684249225,,636,638,0.036939526465127354,0.26394021404335766,0.471875,0.965625,0,0.0
robust_center_rooted_tree_smoke/v1,diagnostic_robust_center_rooted_tree_not_calibration,diagnostic_robust_center_root_anchor_not_calibration,5,balanced_clean,22,tukey_depth_rooted,0.2931734039242804,0.0699924956750006,0.39375,636,638,0.1555154943969304,0.26394021404335766,0.471875,0.965625,0,0.0
robust_center_rooted_tree_smoke/v1,diagnostic_robust_center_rooted_tree_not_calibration,diagnostic_robust_center_root_anchor_not_calibration,5,balanced_clean,23,centroid_rooted,0.22699316591598914,0.03861383455461608,,637,638,9.283607327506308e-17,0.21907595832607543,0.490625,0.971875,0,0.0
robust_center_rooted_tree_smoke/v1,diagnostic_robust_center_rooted_tree_not_calibration,diagnostic_robust_center_root_anchor_not_calibration,5,balanced_clean,23,geometric_median_rooted,0.2778944632423248,0.04865367618424829,,635,638,0.0500279423237997,0.2269931659159892,0.490625,0.971875,0,0.0
robust_center_rooted_tree_smoke/v1,diagnostic_robust_center_rooted_tree_not_calibration,diagnostic_robust_center_root_anchor_not_calibration,5,balanced_clean,23,tukey_depth_rooted,0.2778944632423248,0.04865367618424829,0.4,635,638,0.0500279423237997,0.2269931659159892,0.490625,0.971875,0,0.0
robust_center_rooted_tree_smoke/v1,diagnostic_robust_center_rooted_tree_not_calibration,diagnostic_robust_center_root_anchor_not_calibration,5,balanced_clean,24,centroid_rooted,0.5582161001331722,0.1296728078234457,,636,637,0.029310036144495417,0.5391575580803863,0.29375,0.9375,1,0.0
robust_center_rooted_tree_smoke/v1,diagnostic_robust_center_rooted_tree_not_calibration,diagnostic_robust_center_root_anchor_not_calibration,5,balanced_clean,24,geometric_median_rooted,0.6688021992879025,0.16191712038571127,,636,637,0.13712663548806156,0.5391575580803863,0.29375,0.9375,1,0.0
robust_center_rooted_tree_smoke/v1,diagnostic_robust_center_rooted_tree_not_calibration,diagnostic_robust_center_root_anchor_not_calibration,5,balanced_clean,24,tukey_depth_rooted,0.8035232193524774,0.185221167820788,0.4,636,637,0.2859268267375377,0.5391575580803863,0.29375,0.9375,1,0.0
robust_center_rooted_tree_smoke/v1,diagnostic_robust_center_rooted_tree_not_calibration,diagnostic_robust_center_root_anchor_not_calibration,5,balanced_clean,25,centroid_rooted,0.1282524681058927,0.059118542698120634,,636,637,0.0121955612506605,0.12201582908985568,0.478125,0.953125,0,0.0
robust_center_rooted_tree_smoke/v1,diagnostic_robust_center_rooted_tree_not_calibration,diagnostic_robust_center_root_anchor_not_calibration,5,balanced_clean,25,geometric_median_rooted,0.18277128654450908,0.0761378082983962,,635,637,0.0616724510908264,0.12522907211297474,0.475,0.95625,0,0.0
robust_center_rooted_tree_smoke/v1,diagnostic_robust_center_rooted_tree_not_calibration,diagnostic_robust_center_root_anchor_not_calibration,5,balanced_clean,25,tukey_depth_rooted,0.18277128654450908,0.0761378082983962,0.4,635,637,0.0616724510908264,0.12522907211297474,0.475,0.95625,0,0.0
robust_center_rooted_tree_smoke/v1,diagnostic_robust_center_rooted_tree_not_calibration,diagnostic_robust_center_root_anchor_not_calibration,5,balanced_clean,26,centroid_rooted,0.2586620819579048,0.09386204001081676,,635,637,0.01475866227731392,0.251035610483077,0.4875,0.9625,1,0.0
robust_center_rooted_tree_smoke/v1,diagnostic_robust_center_rooted_tree_not_calibration,diagnostic_robust_center_root_anchor_not_calibration,5,balanced_clean,26,geometric_median_rooted,0.318604886236856,0.10837699911356283,,635,637,0.06406303038827209,0.251035610483077,0.4875,0.9625,1,0.0
robust_center_rooted_tree_smoke/v1,diagnostic_robust_center_rooted_tree_not_calibration,diagnostic_robust_center_root_anchor_not_calibration,5,balanced_clean,26,tukey_depth_rooted,0.3195224501564428,0.11430877982041374,0.403125,635,637,0.12522745576120053,0.251035610483077,0.4875,0.9625,1,0.0
robust_center_rooted_tree_smoke/v1,diagnostic_robust_center_rooted_tree_not_calibration,diagnostic_robust_center_root_anchor_not_calibration,5,balanced_clean,27,centroid_rooted,0.26220841497047254,0.048238719613571776,,635,638,7.28583859910259e-17,0.22881261110148532,0.46875,0.94375,1,0.0
robust_center_rooted_tree_smoke/v1,diagnostic_robust_center_rooted_tree_not_calibration,diagnostic_robust_center_root_anchor_not_calibration,5,balanced_clean,27,geometric_median_rooted,0.2947958861925578,0.053362083036874355,,637,638,0.035683643774202876,0.2622084149704725,0.46875,0.94375,1,0.0
robust_center_rooted_tree_smoke/v1,diagnostic_robust_center_rooted_tree_not_calibration,diagnostic_robust_center_root_anchor_not_calibration,5,balanced_clean,27,tukey_depth_rooted,0.26220841497047254,0.048238719613571776,0.43125,635,638,7.28583859910259e-17,0.22881261110148532,0.46875,0.94375,1,0.0
robust_center_rooted_tree_smoke/v1,diagnostic_robust_center_rooted_tree_not_calibration,diagnostic_robust_center_root_anchor_not_calibration,5,balanced_clean,28,centroid_rooted,0.14664675630649027,0.03642024790848236,,634,635,0.016377945633234907,0.11711036196689027,0.490625,0.953125,0,0.0
robust_center_rooted_tree_smoke/v1,diagnostic_robust_center_rooted_tree_not_calibration,diagnostic_robust_center_root_anchor_not_calibration,5,balanced_clean,28,geometric_median_rooted,0.18294764636515795,0.044392664007158536,,633,635,0.020006845421051012,0.15846797398673035,0.48125,0.95625,0,0.0
robust_center_rooted_tree_smoke/v1,diagnostic_robust_center_rooted_tree_not_calibration,diagnostic_robust_center_root_anchor_not_calibration,5,balanced_clean,28,tukey_depth_rooted,0.2535128832583202,0.04051990974102205,0.396875,633,635,0.18294355082272848,0.15846797398673035,0.48125,0.95625,0,0.0
robust_center_rooted_tree_smoke/v1,diagnostic_robust_center_rooted_tree_not_calibration,diagnostic_robust_center_root_anchor_not_calibration,5,balanced_clean,29,centroid_rooted,0.522909811222086,0.101308939880953,,637,638,6.42700562393988e-17,0.522909811222086,0.253125,0.971875,0,0.0
robust_center_rooted_tree_smoke/v1,diagnostic_robust_center_rooted_tree_not_calibration,diagnostic_robust_center_root_anchor_not_calibration,5,balanced_clean,29,geometric_median_rooted,0.6230802396471595,0.1262066301406513,,637,638,0.06344150931434016,0.522909811222086,0.253125,0.971875,0,0.0
robust_center_rooted_tree_smoke/v1,diagnostic_robust_center_rooted_tree_not_calibration,diagnostic_robust_center_root_anchor_not_calibration,5,balanced_clean,29,tukey_depth_rooted,0.522909811222086,0.101308939880953,0.4125,637,638,6.42700562393988e-17,0.522909811222086,0.253125,0.971875,0,0.0
robust_center_rooted_tree_smoke/v1,diagnostic_robust_center_rooted_tree_not_calibration,diagnostic_robust_center_root_anchor_not_calibration,5,balanced_10pct_outliers,0,centroid_rooted,1.25481812366198,0.23135990801778394,,697,701,1.040332040955261,0.2068579018264547,0.4289772727272727,0.971875,1,0.0
robust_center_rooted_tree_smoke/v1,diagnostic_robust_center_rooted_tree_not_calibration,diagnostic_robust_center_root_anchor_not_calibration,5,balanced_10pct_outliers,0,geometric_median_rooted,0.5664428428838508,0.13712105622702705,,697,701,0.3556807735136442,0.2068579018264547,0.4289772727272727,0.971875,1,0.0
robust_center_rooted_tree_smoke/v1,diagnostic_robust_center_rooted_tree_not_calibration,diagnostic_robust_center_root_anchor_not_calibration,5,balanced_10pct_outliers,0,tukey_depth_rooted,0.5664428428838508,0.13712105622702705,0.4289772727272727,697,701,0.3556807735136442,0.2068579018264547,0.4289772727272727,0.971875,1,0.0
robust_center_rooted_tree_smoke/v1,diagnostic_robust_center_rooted_tree_not_calibration,diagnostic_robust_center_root_anchor_not_calibration,5,balanced_10pct_outliers,1,centroid_rooted,1.0450559905479078,0.12122101373181675,,699,700,0.9943853973267315,0.33954741986234105,0.45454545454545453,0.96875,0,0.0
robust_center_rooted_tree_smoke/v1,diagnostic_robust_center_rooted_tree_not_calibration,diagnostic_robust_center_root_anchor_not_calibration,5,balanced_10pct_outliers,1,geometric_median_rooted,0.4829211927733775,0.07386712061495461,,699,700,0.3344195644673504,0.33954741986234105,0.45454545454545453,0.96875,0,0.0
robust_center_rooted_tree_smoke/v1,diagnostic_robust_center_rooted_tree_not_calibration,diagnostic_robust_center_root_anchor_not_calibration,5,balanced_10pct_outliers,1,tukey_depth_rooted,0.4829211927733775,0.07386712061495461,0.38636363636363635,699,700,0.3344195644673504,0.33954741986234105,0.45454545454545453,0.96875,0,0.0
robust_center_rooted_tree_smoke/v1,diagnostic_robust_center_rooted_tree_not_calibration,diagnostic_robust_center_root_anchor_not_calibration,5,balanced_10pct_outliers,2,centroid_rooted,1.218619454091206,0.2527515675382574,,693,700,0.6039809598123931,1.0214373566290074,0.2159090909090909,0.9625,1,0.0
robust_center_rooted_tree_smoke/v1,diagnostic_robust_center_rooted_tree_not_calibration,diagnostic_robust_center_root_anchor_not_calibration,5,balanced_10pct_outliers,2,geometric_median_rooted,0.6008277336692025,0.1490124056259816,,700,701,0.21587400114624775,0.21022857698025704,0.3039772727272727,0.971875,0,0.29906542056074764
robust_center_rooted_tree_smoke/v1,diagnostic_robust_center_rooted_tree_not_calibration,diagnostic_robust_center_root_anchor_not_calibration,5,balanced_10pct_outliers,2,tukey_depth_rooted,0.6008277336692025,0.1490124056259816,0.4005681818181818,700,701,0.21587400114624775,0.21022857698025704,0.3039772727272727,0.971875,0,0.29906542056074764
robust_center_rooted_tree_smoke/v1,diagnostic_robust_center_rooted_tree_not_calibration,diagnostic_robust_center_root_anchor_not_calibration,5,balanced_10pct_outliers,3,centroid_rooted,0.9535513406451741,0.11023425572535521,,699,700,1.0978022834916954,0.25167998126231156,0.45170454545454547,0.965625,0,0.0
robust_center_rooted_tree_smoke/v1,diagnostic_robust_center_rooted_tree_not_calibration,diagnostic_robust_center_root_anchor_not_calibration,5,balanced_10pct_outliers,3,geometric_median_rooted,0.23625522433946153,0.028777576022724776,,699,700,0.31029236004121646,0.25167998126231156,0.45170454545454547,0.965625,0,0.0
robust_center_rooted_tree_smoke/v1,diagnostic_robust_center_rooted_tree_not_calibration,diagnostic_robust_center_root_anchor_not_calibration,5,balanced_10pct_outliers,3,tukey_depth_rooted,0.23625522433946153,0.028777576022724776,0.40625,699,700,0.31029236004121646,0.25167998126231156,0.45170454545454547,0.965625,0,0.0
robust_center_rooted_tree_smoke/v1,diagnostic_robust_center_rooted_tree_not_calibration,diagnostic_robust_center_root_anchor_not_calibration,5,balanced_10pct_outliers,4,centroid_rooted,1.186105399801403,0.1704969297105642,,694,699,1.0064020074708404,0.25408807749133105,0.4630681818181818,0.959375,0,0.0
robust_center_rooted_tree_smoke/v1,diagnostic_robust_center_rooted_tree_not_calibration,diagnostic_robust_center_root_anchor_not_calibration,5,balanced_10pct_outliers,4,geometric_median_rooted,0.5524718062782014,0.12952694735831458,,694,699,0.27676162659993686,0.25408807749133105,0.4630681818181818,0.959375,0,0.0
robust_center_rooted_tree_smoke/v1,diagnostic_robust_center_rooted_tree_not_calibration,diagnostic_robust_center_root_anchor_not_calibration,5,balanced_10pct_outliers,4,tukey_depth_rooted,0.5327788804126934,0.10457226924323039,0.3835227272727273,694,699,0.3995684657944069,0.25408807749133105,0.4630681818181818,0.959375,0,0.0
robust_center_rooted_tree_smoke/v1,diagnostic_robust_center_rooted_tree_not_calibration,diagnostic_robust_center_root_anchor_not_calibration,5,balanced_10pct_outliers,5,centroid_rooted,1.1949544155491179,0.16195296182153024,,698,701,1.0807790438851341,0.3265108092597547,0.4659090909090909,0.96875,0,0.0
robust_center_rooted_tree_smoke/v1,diagnostic_robust_center_rooted_tree_not_calibration,diagnostic_robust_center_root_anchor_not_calibration,5,balanced_10pct_outliers,5,geometric_median_rooted,0.6577131173742192,0.15764209893094147,,698,701,0.3762438768451395,0.3265108092597547,0.4659090909090909,0.96875,0,0.0
robust_center_rooted_tree_smoke/v1,diagnostic_robust_center_rooted_tree_not_calibration,diagnostic_robust_center_root_anchor_not_calibration,5,balanced_10pct_outliers,5,tukey_depth_rooted,0.6577131173742192,0.15764209893094147,0.39488636363636365,698,701,0.3762438768451395,0.3265108092597547,0.4659090909090909,0.96875,0,0.0
robust_center_rooted_tree_smoke/v1,diagnostic_robust_center_rooted_tree_not_calibration,diagnostic_robust_center_root_anchor_not_calibration,5,balanced_10pct_outliers,6,centroid_rooted,1.0963689154711809,0.14967613081017486,,700,701,1.0540947557891485,0.148744303109638,0.45738636363636365,0.984375,0,0.0
robust_center_rooted_tree_smoke/v1,diagnostic_robust_center_rooted_tree_not_calibration,diagnostic_robust_center_root_anchor_not_calibration,5,balanced_10pct_outliers,6,geometric_median_rooted,0.43353148095155414,0.1042771328311642,,700,701,0.33373913760592455,0.148744303109638,0.45738636363636365,0.984375,0,0.0
robust_center_rooted_tree_smoke/v1,diagnostic_robust_center_rooted_tree_not_calibration,diagnostic_robust_center_root_anchor_not_calibration,5,balanced_10pct_outliers,6,tukey_depth_rooted,0.43353148095155414,0.1042771328311642,0.41761363636363635,700,701,0.33373913760592455,0.148744303109638,0.45738636363636365,0.984375,0,0.0
robust_center_rooted_tree_smoke/v1,diagnostic_robust_center_rooted_tree_not_calibration,diagnostic_robust_center_root_anchor_not_calibration,5,balanced_10pct_outliers,7,centroid_rooted,0.9230872440198734,0.16674583201713336,,700,701,0.6952449324606501,0.10135144447952145,0.4914772727272727,0.959375,1,0.0
robust_center_rooted_tree_smoke/v1,diagnostic_robust_center_rooted_tree_not_calibration,diagnostic_robust_center_root_anchor_not_calibration,5,balanced_10pct_outliers,7,geometric_median_rooted,0.2101067410786232,0.055860114593191554,,700,701,0.21679966056814365,0.10135144447952145,0.4914772727272727,0.959375,1,0.0
robust_center_rooted_tree_smoke/v1,diagnostic_robust_center_rooted_tree_not_calibration,diagnostic_robust_center_root_anchor_not_calibration,5,balanced_10pct_outliers,7,tukey_depth_rooted,0.2101067410786232,0.055860114593191554,0.3835227272727273,700,701,0.21679966056814365,0.10135144447952145,0.4914772727272727,0.959375,1,0.0
robust_center_rooted_tree_smoke/v1,diagnostic_robust_center_rooted_tree_not_calibration,diagnostic_robust_center_root_anchor_not_calibration,5,balanced_10pct_outliers,8,centroid_rooted,1.1006384961828943,0.1649226165082088,,700,701,0.9138954664335238,0.22283194945111115,0.48011363636363635,0.953125,1,0.0
robust_center_rooted_tree_smoke/v1,diagnostic_robust_center_rooted_tree_not_calibration,diagnostic_robust_center_root_anchor_not_calibration,5,balanced_10pct_outliers,8,geometric_median_rooted,0.5157503717644708,0.09015933446228386,,700,701,0.368118092506052,0.22283194945111115,0.48011363636363635,0.953125,1,0.0
robust_center_rooted_tree_smoke/v1,diagnostic_robust_center_rooted_tree_not_calibration,diagnostic_robust_center_root_anchor_not_calibration,5,balanced_10pct_outliers,8,tukey_depth_rooted,0.5157503717644708,0.09015933446228386,0.3806818181818182,700,701,0.368118092506052,0.22283194945111115,0.48011363636363635,0.953125,1,0.0
robust_center_rooted_tree_smoke/v1,diagnostic_robust_center_rooted_tree_not_calibration,diagnostic_robust_center_root_anchor_not_calibration,5,balanced_10pct_outliers,9,centroid_rooted,1.230762675545562,0.07494149987445695,,699,700,1.0717848642326089,0.16756272769750122,0.4375,0.96875,0,0.0
robust_center_rooted_tree_smoke/v1,diagnostic_robust_center_rooted_tree_not_calibration,diagnostic_robust_center_root_anchor_not_calibration,5,balanced_10pct_outliers,9,geometric_median_rooted,0.45139200181240824,0.05276926340971248,,699,700,0.3017257079610387,0.16756272769750122,0.4375,0.96875,0,0.0
robust_center_rooted_tree_smoke/v1,diagnostic_robust_center_rooted_tree_not_calibration,diagnostic_robust_center_root_anchor_not_calibration,5,balanced_10pct_outliers,9,tukey_depth_rooted,0.45139200181240824,0.05276926340971248,0.4119318181818182,699,700,0.3017257079610387,0.16756272769750122,0.4375,0.96875,0,0.0
robust_center_rooted_tree_smoke/v1,diagnostic_robust_center_rooted_tree_not_calibration,diagnostic_robust_center_root_anchor_not_calibration,5,balanced_10pct_outliers,10,centroid_rooted,1.23995832665502,0.1771138552571965,,699,701,0.9710800800801113,0.31763824491217696,0.4403409090909091,0.971875,0,0.0
robust_center_rooted_tree_smoke/v1,diagnostic_robust_center_rooted_tree_not_calibration,diagnostic_robust_center_root_anchor_not_calibration,5,balanced_10pct_outliers,10,geometric_median_rooted,0.6970745666064954,0.15984374648286365,,699,701,0.3164923672125321,0.31763824491217696,0.4403409090909091,0.971875,0,0.0
robust_center_rooted_tree_smoke/v1,diagnostic_robust_center_rooted_tree_not_calibration,diagnostic_robust_center_root_anchor_not_calibration,5,balanced_10pct_outliers,10,tukey_depth_rooted,0.7659383751290082,0.17800197435413254,0.38920454545454547,699,701,0.3495737086418332,0.31763824491217696,0.4403409090909091,0.971875,0,0.0
robust_center_rooted_tree_smoke/v1,diagnostic_robust_center_rooted_tree_not_calibration,diagnostic_robust_center_root_anchor_not_calibration,5,balanced_10pct_outliers,11,centroid_rooted,1.3256788862865094,0.1656132772330084,,700,701,1.0681517336377255,0.5622818062074973,0.32386363636363635,0.98125,0,0.2807017543859649
robust_center_rooted_tree_smoke/v1,diagnostic_robust_center_rooted_tree_not_calibration,diagnostic_robust_center_root_anchor_not_calibration,5,balanced_10pct_outliers,11,geometric_median_rooted,0.8082371266702479,0.18244280327924642,,700,701,0.3004875571250139,0.5622818062074973,0.32386363636363635,0.98125,0,0.2807017543859649
robust_center_rooted_tree_smoke/v1,diagnostic_robust_center_rooted_tree_not_calibration,diagnostic_robust_center_root_anchor_not_calibration,5,balanced_10pct_outliers,11,tukey_depth_rooted,0.8082371266702479,0.18244280327924642,0.39204545454545453,700,701,0.3004875571250139,0.5622818062074973,0.32386363636363635,0.98125,0,0.2807017543859649
robust_center_rooted_tree_smoke/v1,diagnostic_robust_center_rooted_tree_not_calibration,diagnostic_robust_center_root_anchor_not_calibration,5,balanced_10pct_outliers,12,centroid_rooted,1.1767169821274568,0.11432608837261811,,700,701,1.08458114184265,0.2710705898493893,0.46875,0.946875,1,0.0
robust_center_rooted_tree_smoke/v1,diagnostic_robust_center_rooted_tree_not_calibration,diagnostic_robust_center_root_anchor_not_calibration,5,balanced_10pct_outliers,12,geometric_median_rooted,0.553293275621696,0.12073277918159375,,700,701,0.3659131275416348,0.2710705898493893,0.46875,0.946875,1,0.0
robust_center_rooted_tree_smoke/v1,diagnostic_robust_center_rooted_tree_not_calibration,diagnostic_robust_center_root_anchor_not_calibration,5,balanced_10pct_outliers,12,tukey_depth_rooted,0.553293275621696,0.12073277918159375,0.39204545454545453,700,701,0.3659131275416348,0.2710705898493893,0.46875,0.946875,1,0.0
robust_center_rooted_tree_smoke/v1,diagnostic_robust_center_rooted_tree_not_calibration,diagnostic_robust_center_root_anchor_not_calibration,5,balanced_10pct_outliers,13,centroid_rooted,1.0643380428326483,0.1660133451165869,,698,700,0.9673815290817309,0.33565563560617023,0.4431818181818182,0.95,1,0.0
robust_center_rooted_tree_smoke/v1,diagnostic_robust_center_rooted_tree_not_calibration,diagnostic_robust_center_root_anchor_not_calibration,5,balanced_10pct_outliers,13,geometric_median_rooted,0.5238626781520601,0.14491954894201717,,698,700,0.3199709733012109,0.33565563560617023,0.4431818181818182,0.95,1,0.0
robust_center_rooted_tree_smoke/v1,diagnostic_robust_center_rooted_tree_not_calibration,diagnostic_robust_center_root_anchor_not_calibration,5,balanced_10pct_outliers,13,tukey_depth_rooted,0.5238626781520601,0.14491954894201717,0.4005681818181818,698,700,0.3199709733012109,0.33565563560617023,0.4431818181818182,0.95,1,0.0
robust_center_rooted_tree_smoke/v1,diagnostic_robust_center_rooted_tree_not_calibration,diagnostic_robust_center_root_anchor_not_calibration,5,balanced_10pct_outliers,14,centroid_rooted,1.4123749433545378,0.2994397427605803,,700,701,1.068147203313783,0.561934016337856,0.35795454545454547,0.94375,1,0.25396825396825395
robust_center_rooted_tree_smoke/v1,diagnostic_robust_center_rooted_tree_not_calibration,diagnostic_robust_center_root_anchor_not_calibration,5,balanced_10pct_outliers,14,geometric_median_rooted,0.9426948866689911,0.2810744271317176,,700,701,0.4147830897968907,0.561934016337856,0.35795454545454547,0.94375,1,0.25396825396825395
robust_center_rooted_tree_smoke/v1,diagnostic_robust_center_rooted_tree_not_calibration,diagnostic_robust_center_root_anchor_not_calibration,5,balanced_10pct_outliers,14,tukey_depth_rooted,0.9426948866689911,0.2810744271317176,0.39488636363636365,700,701,0.4147830897968907,0.561934016337856,0.35795454545454547,0.94375,1,0.25396825396825395
robust_center_rooted_tree_smoke/v1,diagnostic_robust_center_rooted_tree_not_calibration,diagnostic_robust_center_root_anchor_not_calibration,5,balanced_10pct_outliers,15,centroid_rooted,0.9995707855894327,0.08701311671915263,,698,701,1.0874634813559148,0.20404205998382458,0.21875,0.953125,1,0.0
robust_center_rooted_tree_smoke/v1,diagnostic_robust_center_rooted_tree_not_calibration,diagnostic_robust_center_root_anchor_not_calibration,5,balanced_10pct_outliers,15,geometric_median_rooted,0.5053405967995727,0.1773914111155762,,700,701,0.30891616894895624,0.3695578549215934,0.3096590909090909,0.953125,1,0.29357798165137616
robust_center_rooted_tree_smoke/v1,diagnostic_robust_center_rooted_tree_not_calibration,diagnostic_robust_center_root_anchor_not_calibration,5,balanced_10pct_outliers,15,tukey_depth_rooted,0.6108289817379489,0.2034152391433497,0.4005681818181818,700,701,0.40249002017096086,0.3695578549215934,0.3096590909090909,0.953125,1,0.29357798165137616
robust_center_rooted_tree_smoke/v1,diagnostic_robust_center_rooted_tree_not_calibration,diagnostic_robust_center_root_anchor_not_calibration,5,balanced_10pct_outliers,16,centroid_rooted,1.2980494168827694,0.21485588614074203,,699,700,1.0737569674884173,0.39725000660717574,0.4602272727272727,0.96875,0,0.0
robust_center_rooted_tree_smoke/v1,diagnostic_robust_center_rooted_tree_not_calibration,diagnostic_robust_center_root_anchor_not_calibration,5,balanced_10pct_outliers,16,geometric_median_rooted,0.7717529471333463,0.1952280275514067,,699,700,0.3956972735768978,0.39725000660717574,0.4602272727272727,0.96875,0,0.0
robust_center_rooted_tree_smoke/v1,diagnostic_robust_center_rooted_tree_not_calibration,diagnostic_robust_center_root_anchor_not_calibration,5,balanced_10pct_outliers,16,tukey_depth_rooted,0.7717529471333463,0.1952280275514067,0.4034090909090909,699,700,0.3956972735768978,0.39725000660717574,0.4602272727272727,0.96875,0,0.0
robust_center_rooted_tree_smoke/v1,diagnostic_robust_center_rooted_tree_not_calibration,diagnostic_robust_center_root_anchor_not_calibration,5,balanced_10pct_outliers,17,centroid_rooted,1.0286179888324198,0.23375462043249734,,697,701,0.8670847646099894,0.09760930857057144,0.4744318181818182,0.959375,0,0.0
robust_center_rooted_tree_smoke/v1,diagnostic_robust_center_rooted_tree_not_calibration,diagnostic_robust_center_root_anchor_not_calibration,5,balanced_10pct_outliers,17,geometric_median_rooted,0.39262537440730383,0.10343082386767961,,697,701,0.29989686925774295,0.09760930857057144,0.4744318181818182,0.959375,0,0.0
robust_center_rooted_tree_smoke/v1,diagnostic_robust_center_rooted_tree_not_calibration,diagnostic_robust_center_root_anchor_not_calibration,5,balanced_10pct_outliers,17,tukey_depth_rooted,0.39262537440730383,0.10343082386767961,0.4090909090909091,697,701,0.29989686925774295,0.09760930857057144,0.4744318181818182,0.959375,0,0.0
robust_center_rooted_tree_smoke/v1,diagnostic_robust_center_rooted_tree_not_calibration,diagnostic_robust_center_root_anchor_not_calibration,5,balanced_10pct_outliers,18,centroid_rooted,1.059342229333146,0.1326063202909382,,699,701,1.097074257026134,0.28179766410183327,0.45170454545454547,0.978125,0,0.0
robust_center_rooted_tree_smoke/v1,diagnostic_robust_center_rooted_tree_not_calibration,diagnostic_robust_center_root_anchor_not_calibration,5,balanced_10pct_outliers,18,geometric_median_rooted,0.3851483680802716,0.0633172651056824,,699,701,0.30764732790446625,0.28179766410183327,0.45170454545454547,0.978125,0,0.0
robust_center_rooted_tree_smoke/v1,diagnostic_robust_center_rooted_tree_not_calibration,diagnostic_robust_center_root_anchor_not_calibration,5,balanced_10pct_outliers,18,tukey_depth_rooted,0.3851483680802716,0.0633172651056824,0.3806818181818182,699,701,0.30764732790446625,0.28179766410183327,0.45170454545454547,0.978125,0,0.0
robust_center_rooted_tree_smoke/v1,diagnostic_robust_center_rooted_tree_not_calibration,diagnostic_robust_center_root_anchor_not_calibration,5,balanced_10pct_outliers,19,centroid_rooted,0.92132433890429,0.09250934887616856,,695,700,0.8997901198007182,0.1871930614148146,0.22443181818181818,0.990625,0,0.0
robust_center_rooted_tree_smoke/v1,diagnostic_robust_center_rooted_tree_not_calibration,diagnostic_robust_center_root_anchor_not_calibration,5,balanced_10pct_outliers,19,geometric_median_rooted,0.4780555503784781,0.12884066087870408,,695,700,0.28479001440818436,0.1871930614148146,0.22443181818181818,0.990625,0,0.0
robust_center_rooted_tree_smoke/v1,diagnostic_robust_center_rooted_tree_not_calibration,diagnostic_robust_center_root_anchor_not_calibration,5,balanced_10pct_outliers,19,tukey_depth_rooted,0.4780555503784781,0.12884066087870408,0.42045454545454547,695,700,0.28479001440818436,0.1871930614148146,0.22443181818181818,0.990625,0,0.0
robust_center_rooted_tree_smoke/v1,diagnostic_robust_center_rooted_tree_not_calibration,diagnostic_robust_center_root_anchor_not_calibration,5,balanced_10pct_outliers,20,centroid_rooted,1.0686323758349958,0.1640131725405801,,700,701,1.051989376587978,0.16549932208457607,0.4289772727272727,0.959375,1,0.0
robust_center_rooted_tree_smoke/v1,diagnostic_robust_center_rooted_tree_not_calibration,diagnostic_robust_center_root_anchor_not_calibration,5,balanced_10pct_outliers,20,geometric_median_rooted,0.40127177969412975,0.13037996656824702,,700,701,0.3203103939024967,0.16549932208457607,0.4289772727272727,0.959375,1,0.0
robust_center_rooted_tree_smoke/v1,diagnostic_robust_center_rooted_tree_not_calibration,diagnostic_robust_center_root_anchor_not_calibration,5,balanced_10pct_outliers,20,tukey_depth_rooted,0.40127177969412975,0.13037996656824702,0.41761363636363635,700,701,0.3203103939024967,0.16549932208457607,0.4289772727272727,0.959375,1,0.0
robust_center_rooted_tree_smoke/v1,diagnostic_robust_center_rooted_tree_not_calibration,diagnostic_robust_center_root_anchor_not_calibration,5,balanced_10pct_outliers,21,centroid_rooted,0.9837832057765789,0.0368211694337573,,699,700,1.0722557648175288,0.12656649730504857,0.45738636363636365,0.953125,0,0.0
robust_center_rooted_tree_smoke/v1,diagnostic_robust_center_rooted_tree_not_calibration,diagnostic_robust_center_root_anchor_not_calibration,5,balanced_10pct_outliers,21,geometric_median_rooted,0.3350812531344029,0.07296589124047334,,698,700,0.32389429835365113,0.24301691599920974,0.44886363636363635,0.95,0,0.0
robust_center_rooted_tree_smoke/v1,diagnostic_robust_center_rooted_tree_not_calibration,diagnostic_robust_center_root_anchor_not_calibration,5,balanced_10pct_outliers,21,tukey_depth_rooted,0.3350812531344029,0.07296589124047334,0.39488636363636365,698,700,0.32389429835365113,0.24301691599920974,0.44886363636363635,0.95,0,0.0
robust_center_rooted_tree_smoke/v1,diagnostic_robust_center_rooted_tree_not_calibration,diagnostic_robust_center_root_anchor_not_calibration,5,balanced_10pct_outliers,22,centroid_rooted,1.0852309972869332,0.16261804807473876,,699,701,0.9200560218408532,0.09830513720196586,0.46875,0.978125,0,0.0
robust_center_rooted_tree_smoke/v1,diagnostic_robust_center_rooted_tree_not_calibration,diagnostic_robust_center_root_anchor_not_calibration,5,balanced_10pct_outliers,22,geometric_median_rooted,0.384319228079262,0.07886969811979817,,699,701,0.28553914050029694,0.09830513720196586,0.46875,0.978125,0,0.0
robust_center_rooted_tree_smoke/v1,diagnostic_robust_center_rooted_tree_not_calibration,diagnostic_robust_center_root_anchor_not_calibration,5,balanced_10pct_outliers,22,tukey_depth_rooted,0.384319228079262,0.07886969811979817,0.375,699,701,0.28553914050029694,0.09830513720196586,0.46875,0.978125,0,0.0
robust_center_rooted_tree_smoke/v1,diagnostic_robust_center_rooted_tree_not_calibration,diagnostic_robust_center_root_anchor_not_calibration,5,balanced_10pct_outliers,23,centroid_rooted,1.132530882286364,0.19688539347793874,,699,701,0.9358745610480038,0.24827780690230514,0.4715909090909091,0.9625,0,0.0
robust_center_rooted_tree_smoke/v1,diagnostic_robust_center_rooted_tree_not_calibration,diagnostic_robust_center_root_anchor_not_calibration,5,balanced_10pct_outliers,23,geometric_median_rooted,0.5396608150911977,0.13580188730893403,,699,701,0.31748001833160044,0.24827780690230514,0.4715909090909091,0.9625,0,0.0
robust_center_rooted_tree_smoke/v1,diagnostic_robust_center_rooted_tree_not_calibration,diagnostic_robust_center_root_anchor_not_calibration,5,balanced_10pct_outliers,23,tukey_depth_rooted,0.5396608150911977,0.13580188730893403,0.38920454545454547,699,701,0.31748001833160044,0.24827780690230514,0.4715909090909091,0.9625,0,0.0
robust_center_rooted_tree_smoke/v1,diagnostic_robust_center_rooted_tree_not_calibration,diagnostic_robust_center_root_anchor_not_calibration,5,balanced_10pct_outliers,24,centroid_rooted,1.2658749572127577,0.21030290145127942,,697,699,1.0782648044640886,0.36482441555190687,0.44886363636363635,0.95625,0,0.0
robust_center_rooted_tree_smoke/v1,diagnostic_robust_center_rooted_tree_not_calibration,diagnostic_robust_center_root_anchor_not_calibration,5,balanced_10pct_outliers,24,geometric_median_rooted,0.6331558587991891,0.11836382326533344,,697,699,0.32263413522438106,0.36482441555190687,0.44886363636363635,0.95625,0,0.0
robust_center_rooted_tree_smoke/v1,diagnostic_robust_center_rooted_tree_not_calibration,diagnostic_robust_center_root_anchor_not_calibration,5,balanced_10pct_outliers,24,tukey_depth_rooted,0.6331558587991891,0.11836382326533344,0.3977272727272727,697,699,0.32263413522438106,0.36482441555190687,0.44886363636363635,0.95625,0,0.0
robust_center_rooted_tree_smoke/v1,diagnostic_robust_center_rooted_tree_not_calibration,diagnostic_robust_center_root_anchor_not_calibration,5,balanced_10pct_outliers,25,centroid_rooted,1.1049603548727467,0.19471350170247345,,699,701,0.8258464646917606,0.13997520923028725,0.4460227272727273,0.934375,1,0.0
robust_center_rooted_tree_smoke/v1,diagnostic_robust_center_rooted_tree_not_calibration,diagnostic_robust_center_root_anchor_not_calibration,5,balanced_10pct_outliers,25,geometric_median_rooted,0.4379565992683767,0.11214474287235456,,699,701,0.2299962348811931,0.13997520923028725,0.4460227272727273,0.934375,1,0.0
robust_center_rooted_tree_smoke/v1,diagnostic_robust_center_rooted_tree_not_calibration,diagnostic_robust_center_root_anchor_not_calibration,5,balanced_10pct_outliers,25,tukey_depth_rooted,0.4379565992683767,0.11214474287235456,0.42045454545454547,699,701,0.2299962348811931,0.13997520923028725,0.4460227272727273,0.934375,1,0.0
robust_center_rooted_tree_smoke/v1,diagnostic_robust_center_rooted_tree_not_calibration,diagnostic_robust_center_root_anchor_not_calibration,5,balanced_10pct_outliers,26,centroid_rooted,0.9811420608664883,0.2551513215064234,,700,701,0.7388420125952518,0.2503124678922314,0.4375,0.96875,0,0.0
robust_center_rooted_tree_smoke/v1,diagnostic_robust_center_rooted_tree_not_calibration,diagnostic_robust_center_root_anchor_not_calibration,5,balanced_10pct_outliers,26,geometric_median_rooted,0.3538111212102591,0.11033881497204483,,700,701,0.23935602000465392,0.2503124678922314,0.4375,0.96875,0,0.0
robust_center_rooted_tree_smoke/v1,diagnostic_robust_center_rooted_tree_not_calibration,diagnostic_robust_center_root_anchor_not_calibration,5,balanced_10pct_outliers,26,tukey_depth_rooted,0.30277120587567125,0.09041379497128407,0.42045454545454547,700,701,0.3369495381055239,0.2503124678922314,0.4375,0.96875,0,0.0
robust_center_rooted_tree_smoke/v1,diagnostic_robust_center_rooted_tree_not_calibration,diagnostic_robust_center_root_anchor_not_calibration,5,balanced_10pct_outliers,27,centroid_rooted,1.0156579307944216,0.10867203843346787,,693,701,1.068717720488192,0.17594226679050964,0.2215909090909091,0.975,0,0.0
robust_center_rooted_tree_smoke/v1,diagnostic_robust_center_rooted_tree_not_calibration,diagnostic_robust_center_root_anchor_not_calibration,5,balanced_10pct_outliers,27,geometric_median_rooted,0.5095335165405525,0.10151630588096763,,693,701,0.37764939387755975,0.17594226679050964,0.2215909090909091,0.975,0,0.0
robust_center_rooted_tree_smoke/v1,diagnostic_robust_center_rooted_tree_not_calibration,diagnostic_robust_center_root_anchor_not_calibration,5,balanced_10pct_outliers,27,tukey_depth_rooted,0.5095335165405525,0.10151630588096763,0.3806818181818182,693,701,0.37764939387755975,0.17594226679050964,0.2215909090909091,0.975,0,0.0
robust_center_rooted_tree_smoke/v1,diagnostic_robust_center_rooted_tree_not_calibration,diagnostic_robust_center_root_anchor_not_calibration,5,balanced_10pct_outliers,28,centroid_rooted,0.8799402322693753,0.16496637821070137,,691,700,1.0026387246667263,0.20301107359612056,0.20738636363636365,0.971875,1,0.0
robust_center_rooted_tree_smoke/v1,diagnostic_robust_center_rooted_tree_not_calibration,diagnostic_robust_center_root_anchor_not_calibration,5,balanced_10pct_outliers,28,geometric_median_rooted,0.24642641185454814,0.07079302029877427,,691,700,0.30201865941173806,0.20301107359612056,0.20738636363636365,0.971875,1,0.0
robust_center_rooted_tree_smoke/v1,diagnostic_robust_center_rooted_tree_not_calibration,diagnostic_robust_center_root_anchor_not_calibration,5,balanced_10pct_outliers,28,tukey_depth_rooted,0.26660878089362106,0.06229608323776407,0.39488636363636365,691,700,0.3155973382641505,0.20301107359612056,0.20738636363636365,0.971875,1,0.0
robust_center_rooted_tree_smoke/v1,diagnostic_robust_center_rooted_tree_not_calibration,diagnostic_robust_center_root_anchor_not_calibration,5,balanced_10pct_outliers,29,centroid_rooted,1.0971230287222922,0.11408719867035255,,698,701,0.9973795425720924,0.09721233695084287,0.19886363636363635,0.95,1,0.0
robust_center_rooted_tree_smoke/v1,diagnostic_robust_center_rooted_tree_not_calibration,diagnostic_robust_center_root_anchor_not_calibration,5,balanced_10pct_outliers,29,geometric_median_rooted,0.4072327281065386,0.05520996983007623,,698,701,0.3398871493303351,0.09721233695084287,0.19886363636363635,0.95,1,0.0
robust_center_rooted_tree_smoke/v1,diagnostic_robust_center_rooted_tree_not_calibration,diagnostic_robust_center_root_anchor_not_calibration,5,balanced_10pct_outliers,29,tukey_depth_rooted,0.4072327281065386,0.05520996983007623,0.39204545454545453,698,701,0.3398871493303351,0.09721233695084287,0.19886363636363635,0.95,1,0.0
robust_center_rooted_tree_smoke/v1,diagnostic_robust_center_rooted_tree_not_calibration,diagnostic_robust_center_root_anchor_not_calibration,5,imbalanced_clean,0,centroid_rooted,0.604088547664011,0.15205762499220496,,636,637,0.11986162484212111,0.698991712217943,0.29375,0.90625,2,0.0
robust_center_rooted_tree_smoke/v1,diagnostic_robust_center_rooted_tree_not_calibration,diagnostic_robust_center_root_anchor_not_calibration,5,imbalanced_clean,0,geometric_median_rooted,0.6696470283667327,0.17271458236505094,,636,637,0.12169295053094525,0.698991712217943,0.29375,0.90625,2,0.0
robust_center_rooted_tree_smoke/v1,diagnostic_robust_center_rooted_tree_not_calibration,diagnostic_robust_center_root_anchor_not_calibration,5,imbalanced_clean,0,tukey_depth_rooted,0.6906811051570368,0.17234215787320267,0.421875,636,637,0.17972082007683032,0.698991712217943,0.29375,0.90625,2,0.0
robust_center_rooted_tree_smoke/v1,diagnostic_robust_center_rooted_tree_not_calibration,diagnostic_robust_center_root_anchor_not_calibration,5,imbalanced_clean,1,centroid_rooted,0.9846684122630761,0.20366639951787244,,637,638,0.0,0.9846684122630761,0.184375,0.984375,0,0.0
robust_center_rooted_tree_smoke/v1,diagnostic_robust_center_rooted_tree_not_calibration,diagnostic_robust_center_root_anchor_not_calibration,5,imbalanced_clean,1,geometric_median_rooted,1.1190616333255117,0.23144596328948117,,637,638,0.07668699548474067,0.9846684122630761,0.184375,0.984375,0,0.0
robust_center_rooted_tree_smoke/v1,diagnostic_robust_center_rooted_tree_not_calibration,diagnostic_robust_center_root_anchor_not_calibration,5,imbalanced_clean,1,tukey_depth_rooted,1.1190616333255117,0.23144596328948117,0.40625,637,638,0.07668699548474067,0.9846684122630761,0.184375,0.984375,0,0.0
robust_center_rooted_tree_smoke/v1,diagnostic_robust_center_rooted_tree_not_calibration,diagnostic_robust_center_root_anchor_not_calibration,5,imbalanced_clean,2,centroid_rooted,0.6060931006714966,0.13957600806455026,,637,638,1.1443916996305594e-16,0.6060931006714966,0.35,0.96875,1,0.0
robust_center_rooted_tree_smoke/v1,diagnostic_robust_center_rooted_tree_not_calibration,diagnostic_robust_center_root_anchor_not_calibration,5,imbalanced_clean,2,geometric_median_rooted,0.8064903736962915,0.19844462176783537,,637,638,0.10886092120824754,0.6060931006714966,0.35,0.96875,1,0.0
robust_center_rooted_tree_smoke/v1,diagnostic_robust_center_rooted_tree_not_calibration,diagnostic_robust_center_root_anchor_not_calibration,5,imbalanced_clean,2,tukey_depth_rooted,0.8064903736962915,0.19844462176783537,0.415625,637,638,0.10886092120824754,0.6060931006714966,0.35,0.96875,1,0.0
robust_center_rooted_tree_smoke/v1,diagnostic_robust_center_rooted_tree_not_calibration,diagnostic_robust_center_root_anchor_not_calibration,5,imbalanced_clean,3,centroid_rooted,0.7886349945060436,0.217330799591449,,637,638,5.551115123125783e-17,0.7886349945060436,0.203125,0.953125,2,0.0
robust_center_rooted_tree_smoke/v1,diagnostic_robust_center_rooted_tree_not_calibration,diagnostic_robust_center_root_anchor_not_calibration,5,imbalanced_clean,3,geometric_median_rooted,0.9463298703692453,0.2567179068500296,,637,638,0.07407360194368645,0.7886349945060436,0.203125,0.953125,2,0.0
robust_center_rooted_tree_smoke/v1,diagnostic_robust_center_rooted_tree_not_calibration,diagnostic_robust_center_root_anchor_not_calibration,5,imbalanced_clean,3,tukey_depth_rooted,0.9463298703692453,0.2567179068500296,0.40625,637,638,0.07407360194368645,0.7886349945060436,0.203125,0.953125,2,0.0
robust_center_rooted_tree_smoke/v1,diagnostic_robust_center_rooted_tree_not_calibration,diagnostic_robust_center_root_anchor_not_calibration,5,imbalanced_clean,4,centroid_rooted,0.7460449831352659,0.23177319422012246,,635,638,1.5899003276961254e-17,0.7460449831352659,0.240625,0.978125,1,0.0
robust_center_rooted_tree_smoke/v1,diagnostic_robust_center_rooted_tree_not_calibration,diagnostic_robust_center_root_anchor_not_calibration,5,imbalanced_clean,4,geometric_median_rooted,0.9715808239280408,0.28710278914228965,,635,638,0.05564399864675056,0.7460449831352659,0.240625,0.978125,1,0.0
robust_center_rooted_tree_smoke/v1,diagnostic_robust_center_rooted_tree_not_calibration,diagnostic_robust_center_root_anchor_not_calibration,5,imbalanced_clean,4,tukey_depth_rooted,0.998641144610967,0.2923413968977803,0.415625,635,638,0.21267889022923386,0.7460449831352659,0.240625,0.978125,1,0.0
robust_center_rooted_tree_smoke/v1,diagnostic_robust_center_rooted_tree_not_calibration,diagnostic_robust_center_root_anchor_not_calibration,5,imbalanced_clean,5,centroid_rooted,0.5443296413918784,0.08640082145600246,,632,638,8.326672684688674e-17,0.5443296413918784,0.415625,0.953125,0,0.0
robust_center_rooted_tree_smoke/v1,diagnostic_robust_center_rooted_tree_not_calibration,diagnostic_robust_center_root_anchor_not_calibration,5,imbalanced_clean,5,geometric_median_rooted,0.5774475273630508,0.10236057297780123,,632,638,0.029832761251787597,0.5443296413918784,0.415625,0.953125,0,0.0
robust_center_rooted_tree_smoke/v1,diagnostic_robust_center_rooted_tree_not_calibration,diagnostic_robust_center_root_anchor_not_calibration,5,imbalanced_clean,5,tukey_depth_rooted,0.5920742449902665,0.09896047316775028,0.43125,632,638,0.09064972042545502,0.5443296413918784,0.415625,0.953125,0,0.0
robust_center_rooted_tree_smoke/v1,diagnostic_robust_center_rooted_tree_not_calibration,diagnostic_robust_center_root_anchor_not_calibration,5,imbalanced_clean,6,centroid_rooted,0.7055137987257575,0.1922616492484473,,637,638,5.594315114139762e-17,0.7055137987257575,0.284375,0.953125,1,0.0
robust_center_rooted_tree_smoke/v1,diagnostic_robust_center_rooted_tree_not_calibration,diagnostic_robust_center_root_anchor_not_calibration,5,imbalanced_clean,6,geometric_median_rooted,0.8367114923095723,0.2227040695884358,,637,638,0.12186984216721,0.7055137987257575,0.284375,0.953125,1,0.0
robust_center_rooted_tree_smoke/v1,diagnostic_robust_center_rooted_tree_not_calibration,diagnostic_robust_center_root_anchor_not_calibration,5,imbalanced_clean,6,tukey_depth_rooted,0.8367114923095723,0.2227040695884358,0.40625,637,638,0.12186984216721,0.7055137987257575,0.284375,0.953125,1,0.0
robust_center_rooted_tree_smoke/v1,diagnostic_robust_center_rooted_tree_not_calibration,diagnostic_robust_center_root_anchor_not_calibration,5,imbalanced_clean,7,centroid_rooted,0.5813104799956509,0.15915014666292324,,636,638,1.18590247731408e-16,0.581310479995651,0.36875,0.9875,1,0.0
robust_center_rooted_tree_smoke/v1,diagnostic_robust_center_rooted_tree_not_calibration,diagnostic_robust_center_root_anchor_not_calibration,5,imbalanced_clean,7,geometric_median_rooted,0.878473748307808,0.2621658585775197,,636,638,0.026016405021824052,0.581310479995651,0.36875,0.9875,1,0.0
robust_center_rooted_tree_smoke/v1,diagnostic_robust_center_rooted_tree_not_calibration,diagnostic_robust_center_root_anchor_not_calibration,5,imbalanced_clean,7,tukey_depth_rooted,0.878473748307808,0.2621658585775197,0.415625,636,638,0.026016405021824052,0.581310479995651,0.36875,0.9875,1,0.0
robust_center_rooted_tree_smoke/v1,diagnostic_robust_center_rooted_tree_not_calibration,diagnostic_robust_center_root_anchor_not_calibration,5,imbalanced_clean,8,centroid_rooted,0.9836962898833116,0.227402426147194,,632,637,0.08233308476743433,1.0469235925969196,0.45625,0.95625,1,0.0
robust_center_rooted_tree_smoke/v1,diagnostic_robust_center_rooted_tree_not_calibration,diagnostic_robust_center_root_anchor_not_calibration,5,imbalanced_clean,8,geometric_median_rooted,1.107980358723753,0.24841102243633173,,636,637,0.032688356251194164,1.07562403863223,0.478125,0.978125,0,0.0
robust_center_rooted_tree_smoke/v1,diagnostic_robust_center_rooted_tree_not_calibration,diagnostic_robust_center_root_anchor_not_calibration,5,imbalanced_clean,8,tukey_depth_rooted,1.107980358723753,0.24841102243633173,0.440625,636,637,0.032688356251194164,1.07562403863223,0.478125,0.978125,0,0.0
robust_center_rooted_tree_smoke/v1,diagnostic_robust_center_rooted_tree_not_calibration,diagnostic_robust_center_root_anchor_not_calibration,5,imbalanced_clean,9,centroid_rooted,1.0892513312125751,0.25047131816777846,,635,638,0.0,1.0892513312125751,0.225,0.9625,1,0.0
robust_center_rooted_tree_smoke/v1,diagnostic_robust_center_rooted_tree_not_calibration,diagnostic_robust_center_root_anchor_not_calibration,5,imbalanced_clean,9,geometric_median_rooted,1.2991672258784317,0.29549243396057706,,635,638,0.05108581912367803,1.0892513312125751,0.225,0.9625,1,0.0
robust_center_rooted_tree_smoke/v1,diagnostic_robust_center_rooted_tree_not_calibration,diagnostic_robust_center_root_anchor_not_calibration,5,imbalanced_clean,9,tukey_depth_rooted,1.2991672258784317,0.29549243396057706,0.415625,635,638,0.05108581912367803,1.0892513312125751,0.225,0.9625,1,0.0
robust_center_rooted_tree_smoke/v1,diagnostic_robust_center_rooted_tree_not_calibration,diagnostic_robust_center_root_anchor_not_calibration,5,imbalanced_clean,10,centroid_rooted,1.2773956032394542,0.4123276415111795,,634,638,0.0,1.2773956032394542,0.2625,0.95625,1,0.0
robust_center_rooted_tree_smoke/v1,diagnostic_robust_center_rooted_tree_not_calibration,diagnostic_robust_center_root_anchor_not_calibration,5,imbalanced_clean,10,geometric_median_rooted,1.6177476699352662,0.49818195143504884,,634,638,0.05433204736005115,1.2773956032394542,0.2625,0.95625,1,0.0
robust_center_rooted_tree_smoke/v1,diagnostic_robust_center_rooted_tree_not_calibration,diagnostic_robust_center_root_anchor_not_calibration,5,imbalanced_clean,10,tukey_depth_rooted,1.6177476699352662,0.49818195143504884,0.421875,634,638,0.05433204736005115,1.2773956032394542,0.2625,0.95625,1,0.0
robust_center_rooted_tree_smoke/v1,diagnostic_robust_center_rooted_tree_not_calibration,diagnostic_robust_center_root_anchor_not_calibration,5,imbalanced_clean,11,centroid_rooted,0.8464758453429192,0.2114917333434795,,636,637,0.015543263762821337,0.8520850742785628,0.390625,0.959375,0,0.0
robust_center_rooted_tree_smoke/v1,diagnostic_robust_center_rooted_tree_not_calibration,diagnostic_robust_center_root_anchor_not_calibration,5,imbalanced_clean,11,geometric_median_rooted,1.0541920664463524,0.28199100733031435,,636,637,0.08075088117996919,0.8520850742785628,0.390625,0.959375,0,0.0
robust_center_rooted_tree_smoke/v1,diagnostic_robust_center_rooted_tree_not_calibration,diagnostic_robust_center_root_anchor_not_calibration,5,imbalanced_clean,11,tukey_depth_rooted,0.977402576186745,0.2440047962748849,0.41875,636,637,0.14589111374720024,0.8520850742785628,0.390625,0.959375,0,0.0
robust_center_rooted_tree_smoke/v1,diagnostic_robust_center_rooted_tree_not_calibration,diagnostic_robust_center_root_anchor_not_calibration,5,imbalanced_clean,12,centroid_rooted,0.5450309959353917,0.25024612157074555,,634,638,1.2442938235622048e-16,0.5450309959353917,0.371875,0.971875,1,0.0
robust_center_rooted_tree_smoke/v1,diagnostic_robust_center_rooted_tree_not_calibration,diagnostic_robust_center_root_anchor_not_calibration,5,imbalanced_clean,12,geometric_median_rooted,0.9724174169540413,0.39474469422321373,,634,638,0.04309027246126978,0.5450309959353917,0.371875,0.971875,1,0.0
robust_center_rooted_tree_smoke/v1,diagnostic_robust_center_rooted_tree_not_calibration,diagnostic_robust_center_root_anchor_not_calibration,5,imbalanced_clean,12,tukey_depth_rooted,0.9724174169540413,0.39474469422321373,0.41875,634,638,0.04309027246126978,0.5450309959353917,0.371875,0.971875,1,0.0
robust_center_rooted_tree_smoke/v1,diagnostic_robust_center_rooted_tree_not_calibration,diagnostic_robust_center_root_anchor_not_calibration,5,imbalanced_clean,13,centroid_rooted,0.8738369985177582,0.21943475238169607,,637,638,2.7755575615628914e-17,0.8738369985177582,0.203125,0.971875,1,0.0
robust_center_rooted_tree_smoke/v1,diagnostic_robust_center_rooted_tree_not_calibration,diagnostic_robust_center_root_anchor_not_calibration,5,imbalanced_clean,13,geometric_median_rooted,1.1100791575252051,0.2853276138198381,,637,638,0.1495631267424471,0.8738369985177582,0.203125,0.971875,1,0.0
robust_center_rooted_tree_smoke/v1,diagnostic_robust_center_rooted_tree_not_calibration,diagnostic_robust_center_root_anchor_not_calibration,5,imbalanced_clean,13,tukey_depth_rooted,1.1100791575252051,0.2853276138198381,0.403125,637,638,0.1495631267424471,0.8738369985177582,0.203125,0.971875,1,0.0
robust_center_rooted_tree_smoke/v1,diagnostic_robust_center_rooted_tree_not_calibration,diagnostic_robust_center_root_anchor_not_calibration,5,imbalanced_clean,14,centroid_rooted,0.9091100869536963,0.2365046993975445,,635,637,0.05012808675330917,0.8484416285885177,0.465625,0.940625,2,0.0
robust_center_rooted_tree_smoke/v1,diagnostic_robust_center_rooted_tree_not_calibration,diagnostic_robust_center_root_anchor_not_calibration,5,imbalanced_clean,14,geometric_median_rooted,1.0463547871982901,0.26006668409887185,,636,637,0.0837561784757361,0.9367193991297769,0.478125,0.953125,2,0.0
robust_center_rooted_tree_smoke/v1,diagnostic_robust_center_rooted_tree_not_calibration,diagnostic_robust_center_root_anchor_not_calibration,5,imbalanced_clean,14,tukey_depth_rooted,1.0463547871982901,0.26006668409887185,0.425,636,637,0.0837561784757361,0.9367193991297769,0.478125,0.953125,2,0.0
robust_center_rooted_tree_smoke/v1,diagnostic_robust_center_rooted_tree_not_calibration,diagnostic_robust_center_root_anchor_not_calibration,5,imbalanced_clean,15,centroid_rooted,1.1049955441418235,0.31748938520287784,,637,638,0.0,1.1049955441418235,0.259375,0.965625,0,0.0
robust_center_rooted_tree_smoke/v1,diagnostic_robust_center_rooted_tree_not_calibration,diagnostic_robust_center_root_anchor_not_calibration,5,imbalanced_clean,15,geometric_median_rooted,1.3849915659998109,0.39230537021771295,,637,638,0.013955077267522412,1.1049955441418235,0.259375,0.965625,0,0.0
robust_center_rooted_tree_smoke/v1,diagnostic_robust_center_rooted_tree_not_calibration,diagnostic_robust_center_root_anchor_not_calibration,5,imbalanced_clean,15,tukey_depth_rooted,1.3849915659998109,0.39230537021771295,0.421875,637,638,0.013955077267522412,1.1049955441418235,0.259375,0.965625,0,0.0
robust_center_rooted_tree_smoke/v1,diagnostic_robust_center_rooted_tree_not_calibration,diagnostic_robust_center_root_anchor_not_calibration,5,imbalanced_clean,16,centroid_rooted,0.5691708996868879,0.13533418236071945,,637,638,2.7755575615628914e-17,0.3766244195076935,0.49375,0.95625,0,0.0
robust_center_rooted_tree_smoke/v1,diagnostic_robust_center_rooted_tree_not_calibration,diagnostic_robust_center_root_anchor_not_calibration,5,imbalanced_clean,16,geometric_median_rooted,0.7063578282913353,0.18744025678065465,,636,638,0.02133932106209458,0.5691708996868879,0.49375,0.95625,0,0.0
robust_center_rooted_tree_smoke/v1,diagnostic_robust_center_rooted_tree_not_calibration,diagnostic_robust_center_root_anchor_not_calibration,5,imbalanced_clean,16,tukey_depth_rooted,0.814914993470165,0.21979336449949485,0.415625,636,638,0.06485166751733809,0.5691708996868879,0.49375,0.95625,0,0.0
robust_center_rooted_tree_smoke/v1,diagnostic_robust_center_rooted_tree_not_calibration,diagnostic_robust_center_root_anchor_not_calibration,5,imbalanced_clean,17,centroid_rooted,1.0969778572507731,0.35591628550315896,,633,637,0.22580416069853987,1.1701947810776812,0.315625,0.959375,1,0.0
robust_center_rooted_tree_smoke/v1,diagnostic_robust_center_rooted_tree_not_calibration,diagnostic_robust_center_root_anchor_not_calibration,5,imbalanced_clean,17,geometric_median_rooted,1.2944758863677408,0.4013197846802944,,636,637,0.11684881651337468,1.300392963936868,0.365625,0.946875,2,0.0
robust_center_rooted_tree_smoke/v1,diagnostic_robust_center_rooted_tree_not_calibration,diagnostic_robust_center_root_anchor_not_calibration,5,imbalanced_clean,17,tukey_depth_rooted,1.2944758863677408,0.4013197846802944,0.4375,636,637,0.11684881651337468,1.300392963936868,0.365625,0.946875,2,0.0
robust_center_rooted_tree_smoke/v1,diagnostic_robust_center_rooted_tree_not_calibration,diagnostic_robust_center_root_anchor_not_calibration,5,imbalanced_clean,18,centroid_rooted,0.9312218735874718,0.22319521015069133,,634,637,0.21513057120845672,0.955205457438584,0.20625,0.9625,0,0.0
robust_center_rooted_tree_smoke/v1,diagnostic_robust_center_rooted_tree_not_calibration,diagnostic_robust_center_root_anchor_not_calibration,5,imbalanced_clean,18,geometric_median_rooted,1.1235237624443126,0.2627576489979675,,636,637,0.21793669584309808,1.108410976018774,0.265625,0.959375,1,0.0
robust_center_rooted_tree_smoke/v1,diagnostic_robust_center_rooted_tree_not_calibration,diagnostic_robust_center_root_anchor_not_calibration,5,imbalanced_clean,18,tukey_depth_rooted,1.1997803421655955,0.280638492070947,0.409375,636,637,0.3215591427038974,1.108410976018774,0.265625,0.959375,1,0.0
robust_center_rooted_tree_smoke/v1,diagnostic_robust_center_rooted_tree_not_calibration,diagnostic_robust_center_root_anchor_not_calibration,5,imbalanced_clean,19,centroid_rooted,0.9976496117159432,0.2971626872740346,,637,638,1.734723475976807e-17,0.9976496117159432,0.234375,0.978125,1,0.0
robust_center_rooted_tree_smoke/v1,diagnostic_robust_center_rooted_tree_not_calibration,diagnostic_robust_center_root_anchor_not_calibration,5,imbalanced_clean,19,geometric_median_rooted,1.2806035108402918,0.36979024413040007,,637,638,0.04458775879424455,0.9976496117159432,0.234375,0.978125,1,0.0
robust_center_rooted_tree_smoke/v1,diagnostic_robust_center_rooted_tree_not_calibration,diagnostic_robust_center_root_anchor_not_calibration,5,imbalanced_clean,19,tukey_depth_rooted,1.2806035108402918,0.36979024413040007,0.41875,637,638,0.04458775879424455,0.9976496117159432,0.234375,0.978125,1,0.0
robust_center_rooted_tree_smoke/v1,diagnostic_robust_center_rooted_tree_not_calibration,diagnostic_robust_center_root_anchor_not_calibration,5,imbalanced_clean,20,centroid_rooted,0.3105669165259742,0.04788418737554901,,635,638,4.885025661874571e-17,0.3105669165259742,0.496875,0.965625,1,0.0
robust_center_rooted_tree_smoke/v1,diagnostic_robust_center_rooted_tree_not_calibration,diagnostic_robust_center_root_anchor_not_calibration,5,imbalanced_clean,20,geometric_median_rooted,0.3185096561445841,0.05093841444816944,,635,638,0.03112886965758163,0.3105669165259742,0.496875,0.965625,1,0.0
robust_center_rooted_tree_smoke/v1,diagnostic_robust_center_rooted_tree_not_calibration,diagnostic_robust_center_root_anchor_not_calibration,5,imbalanced_clean,20,tukey_depth_rooted,0.3185096561445841,0.05093841444816944,0.440625,635,638,0.03112886965758163,0.3105669165259742,0.496875,0.965625,1,0.0
robust_center_rooted_tree_smoke/v1,diagnostic_robust_center_rooted_tree_not_calibration,diagnostic_robust_center_root_anchor_not_calibration,5,imbalanced_clean,21,centroid_rooted,0.6301967283028258,0.14326874047181162,,636,638,2.9958528781297536e-17,0.6290692710696189,0.3,0.98125,0,0.0
robust_center_rooted_tree_smoke/v1,diagnostic_robust_center_rooted_tree_not_calibration,diagnostic_robust_center_root_anchor_not_calibration,5,imbalanced_clean,21,geometric_median_rooted,0.7851288961123591,0.19015850870178674,,636,638,0.16299504381872054,0.6290692710696189,0.3,0.98125,0,0.0
robust_center_rooted_tree_smoke/v1,diagnostic_robust_center_rooted_tree_not_calibration,diagnostic_robust_center_root_anchor_not_calibration,5,imbalanced_clean,21,tukey_depth_rooted,0.7851288961123591,0.19015850870178674,0.4125,636,638,0.16299504381872054,0.6290692710696189,0.3,0.98125,0,0.0
robust_center_rooted_tree_smoke/v1,diagnostic_robust_center_rooted_tree_not_calibration,diagnostic_robust_center_root_anchor_not_calibration,5,imbalanced_clean,22,centroid_rooted,0.7991956885316209,0.21477936015600543,,635,636,0.01446460482636937,0.7219000827311509,0.36875,0.99375,0,0.0
robust_center_rooted_tree_smoke/v1,diagnostic_robust_center_rooted_tree_not_calibration,diagnostic_robust_center_root_anchor_not_calibration,5,imbalanced_clean,22,geometric_median_rooted,0.9879654783991337,0.281530163036271,,634,636,0.08188530167969733,0.7986428067027962,0.375,0.9875,0,0.0
robust_center_rooted_tree_smoke/v1,diagnostic_robust_center_rooted_tree_not_calibration,diagnostic_robust_center_root_anchor_not_calibration,5,imbalanced_clean,22,tukey_depth_rooted,0.9879654783991337,0.281530163036271,0.409375,634,636,0.08188530167969733,0.7986428067027962,0.375,0.9875,0,0.0
robust_center_rooted_tree_smoke/v1,diagnostic_robust_center_rooted_tree_not_calibration,diagnostic_robust_center_root_anchor_not_calibration,5,imbalanced_clean,23,centroid_rooted,0.7603821234336138,0.1775613908773518,,636,638,5.561946577567963e-17,0.7603821234336138,0.434375,0.928125,1,0.0
robust_center_rooted_tree_smoke/v1,diagnostic_robust_center_rooted_tree_not_calibration,diagnostic_robust_center_root_anchor_not_calibration,5,imbalanced_clean,23,geometric_median_rooted,0.8643904715161808,0.20284951754028965,,636,638,0.08693914526615498,0.7603821234336138,0.434375,0.928125,1,0.0
robust_center_rooted_tree_smoke/v1,diagnostic_robust_center_rooted_tree_not_calibration,diagnostic_robust_center_root_anchor_not_calibration,5,imbalanced_clean,23,tukey_depth_rooted,0.8643904715161808,0.20284951754028965,0.41875,636,638,0.08693914526615498,0.7603821234336138,0.434375,0.928125,1,0.0
robust_center_rooted_tree_smoke/v1,diagnostic_robust_center_rooted_tree_not_calibration,diagnostic_robust_center_root_anchor_not_calibration,5,imbalanced_clean,24,centroid_rooted,0.7399774376311145,0.15493300492162004,,636,638,2.7755575615628914e-17,0.7381823668072061,0.440625,0.934375,2,0.0
robust_center_rooted_tree_smoke/v1,diagnostic_robust_center_rooted_tree_not_calibration,diagnostic_robust_center_root_anchor_not_calibration,5,imbalanced_clean,24,geometric_median_rooted,0.8121772766496838,0.1674117399756149,,637,638,0.06878756083969521,0.7399774376311145,0.440625,0.934375,2,0.0
robust_center_rooted_tree_smoke/v1,diagnostic_robust_center_rooted_tree_not_calibration,diagnostic_robust_center_root_anchor_not_calibration,5,imbalanced_clean,24,tukey_depth_rooted,0.8121772766496838,0.1674117399756149,0.4375,637,638,0.06878756083969521,0.7399774376311145,0.440625,0.934375,2,0.0
robust_center_rooted_tree_smoke/v1,diagnostic_robust_center_rooted_tree_not_calibration,diagnostic_robust_center_root_anchor_not_calibration,5,imbalanced_clean,25,centroid_rooted,0.45045437385943093,0.1848004074041801,,636,637,0.035510720286053725,0.476771014788394,0.48125,0.98125,0,0.0
robust_center_rooted_tree_smoke/v1,diagnostic_robust_center_rooted_tree_not_calibration,diagnostic_robust_center_root_anchor_not_calibration,5,imbalanced_clean,25,geometric_median_rooted,0.5128573353997717,0.20329262062552345,,636,637,0.030590573853114304,0.476771014788394,0.48125,0.98125,0,0.0
robust_center_rooted_tree_smoke/v1,diagnostic_robust_center_rooted_tree_not_calibration,diagnostic_robust_center_root_anchor_not_calibration,5,imbalanced_clean,25,tukey_depth_rooted,0.5128573353997717,0.20329262062552345,0.440625,636,637,0.030590573853114304,0.476771014788394,0.48125,0.98125,0,0.0
robust_center_rooted_tree_smoke/v1,diagnostic_robust_center_rooted_tree_not_calibration,diagnostic_robust_center_root_anchor_not_calibration,5,imbalanced_clean,26,centroid_rooted,1.1956773608549172,0.34001395136925383,,633,636,0.24073469743085602,1.430979330745673,0.25625,0.9375,1,0.0
robust_center_rooted_tree_smoke/v1,diagnostic_robust_center_rooted_tree_not_calibration,diagnostic_robust_center_root_anchor_not_calibration,5,imbalanced_clean,26,geometric_median_rooted,1.3179189418146133,0.36476182997319023,,635,636,0.14785472432236363,1.4335892643083872,0.3125,0.925,2,0.0
robust_center_rooted_tree_smoke/v1,diagnostic_robust_center_rooted_tree_not_calibration,diagnostic_robust_center_root_anchor_not_calibration,5,imbalanced_clean,26,tukey_depth_rooted,1.2747970135220184,0.3574182020281342,0.415625,635,636,0.2725304741241585,1.4335892643083872,0.3125,0.925,2,0.0
robust_center_rooted_tree_smoke/v1,diagnostic_robust_center_rooted_tree_not_calibration,diagnostic_robust_center_root_anchor_not_calibration,5,imbalanced_clean,27,centroid_rooted,0.8481628790243535,0.2329262783476148,,636,638,4.163336342344337e-17,0.8481628790243535,0.3625,0.975,1,0.0
robust_center_rooted_tree_smoke/v1,diagnostic_robust_center_rooted_tree_not_calibration,diagnostic_robust_center_root_anchor_not_calibration,5,imbalanced_clean,27,geometric_median_rooted,1.0948071939547095,0.31409715304259544,,636,638,0.05896544445270378,0.8481628790243535,0.3625,0.975,1,0.0
robust_center_rooted_tree_smoke/v1,diagnostic_robust_center_rooted_tree_not_calibration,diagnostic_robust_center_root_anchor_not_calibration,5,imbalanced_clean,27,tukey_depth_rooted,1.0948071939547095,0.31409715304259544,0.415625,636,638,0.05896544445270378,0.8481628790243535,0.3625,0.975,1,0.0
robust_center_rooted_tree_smoke/v1,diagnostic_robust_center_rooted_tree_not_calibration,diagnostic_robust_center_root_anchor_not_calibration,5,imbalanced_clean,28,centroid_rooted,0.7975309954342727,0.26724038281828627,,636,638,1.1123893155135927e-16,0.3698335280777996,0.384375,0.978125,0,0.0
robust_center_rooted_tree_smoke/v1,diagnostic_robust_center_rooted_tree_not_calibration,diagnostic_robust_center_root_anchor_not_calibration,5,imbalanced_clean,28,geometric_median_rooted,1.1316222292423428,0.3763685884296837,,637,638,0.01824578092343645,0.7975309954342726,0.384375,0.978125,0,0.0
robust_center_rooted_tree_smoke/v1,diagnostic_robust_center_rooted_tree_not_calibration,diagnostic_robust_center_root_anchor_not_calibration,5,imbalanced_clean,28,tukey_depth_rooted,1.1316222292423428,0.3763685884296837,0.43125,637,638,0.01824578092343645,0.7975309954342726,0.384375,0.978125,0,0.0
robust_center_rooted_tree_smoke/v1,diagnostic_robust_center_rooted_tree_not_calibration,diagnostic_robust_center_root_anchor_not_calibration,5,imbalanced_clean,29,centroid_rooted,0.8335741221766084,0.24208552959403412,,637,638,7.989150271662703e-17,0.8335741221766083,0.365625,0.984375,0,0.0
robust_center_rooted_tree_smoke/v1,diagnostic_robust_center_rooted_tree_not_calibration,diagnostic_robust_center_root_anchor_not_calibration,5,imbalanced_clean,29,geometric_median_rooted,1.1392232862773313,0.33811785864080324,,637,638,0.09080132386415508,0.8335741221766083,0.365625,0.984375,0,0.0
robust_center_rooted_tree_smoke/v1,diagnostic_robust_center_rooted_tree_not_calibration,diagnostic_robust_center_root_anchor_not_calibration,5,imbalanced_clean,29,tukey_depth_rooted,1.092282788845986,0.31350385571446304,0.4125,637,638,0.1624279886067298,0.8335741221766083,0.365625,0.984375,0,0.0
robust_center_rooted_tree_smoke/v1,diagnostic_robust_center_rooted_tree_not_calibration,diagnostic_robust_center_root_anchor_not_calibration,5,imbalanced_10pct_outliers,0,centroid_rooted,1.5911152259116483,0.2109088887550636,,698,699,1.0402075753647224,0.6528377516067462,0.4971590909090909,0.928125,2,0.18285714285714286
robust_center_rooted_tree_smoke/v1,diagnostic_robust_center_rooted_tree_not_calibration,diagnostic_robust_center_root_anchor_not_calibration,5,imbalanced_10pct_outliers,0,geometric_median_rooted,0.8900621959232478,0.17317807072314093,,691,699,0.2760452416686859,0.6578591926551263,0.3806818181818182,0.95,0,0.0
robust_center_rooted_tree_smoke/v1,diagnostic_robust_center_rooted_tree_not_calibration,diagnostic_robust_center_root_anchor_not_calibration,5,imbalanced_10pct_outliers,0,tukey_depth_rooted,0.8900621959232478,0.17317807072314093,0.42329545454545453,691,699,0.2760452416686859,0.6578591926551263,0.3806818181818182,0.95,0,0.0
robust_center_rooted_tree_smoke/v1,diagnostic_robust_center_rooted_tree_not_calibration,diagnostic_robust_center_root_anchor_not_calibration,5,imbalanced_10pct_outliers,1,centroid_rooted,1.776627643194087,0.34409411848105054,,700,701,1.0292612433126664,0.8889168838310966,0.4034090909090909,0.95625,1,0.22535211267605634
robust_center_rooted_tree_smoke/v1,diagnostic_robust_center_rooted_tree_not_calibration,diagnostic_robust_center_root_anchor_not_calibration,5,imbalanced_10pct_outliers,1,geometric_median_rooted,1.3864366763378444,0.33319468566286725,,700,701,0.5106389126356319,0.8889168838310966,0.4034090909090909,0.95625,1,0.22535211267605634
robust_center_rooted_tree_smoke/v1,diagnostic_robust_center_rooted_tree_not_calibration,diagnostic_robust_center_root_anchor_not_calibration,5,imbalanced_10pct_outliers,1,tukey_depth_rooted,1.3864366763378444,0.33319468566286725,0.40625,700,701,0.5106389126356319,0.8889168838310966,0.4034090909090909,0.95625,1,0.22535211267605634
robust_center_rooted_tree_smoke/v1,diagnostic_robust_center_rooted_tree_not_calibration,diagnostic_robust_center_root_anchor_not_calibration,5,imbalanced_10pct_outliers,2,centroid_rooted,1.3422809900296533,0.2119894658420321,,698,701,0.9905295943963103,0.5507093238882007,0.29261363636363635,0.971875,1,0.0
robust_center_rooted_tree_smoke/v1,diagnostic_robust_center_rooted_tree_not_calibration,diagnostic_robust_center_root_anchor_not_calibration,5,imbalanced_10pct_outliers,2,geometric_median_rooted,1.0030827516817098,0.25538559575702396,,700,701,0.34066916811790576,0.7319486712736383,0.3835227272727273,0.971875,1,0.23703703703703705
robust_center_rooted_tree_smoke/v1,diagnostic_robust_center_rooted_tree_not_calibration,diagnostic_robust_center_root_anchor_not_calibration,5,imbalanced_10pct_outliers,2,tukey_depth_rooted,1.0030827516817098,0.25538559575702396,0.4147727272727273,700,701,0.34066916811790576,0.7319486712736383,0.3835227272727273,0.971875,1,0.23703703703703705
robust_center_rooted_tree_smoke/v1,diagnostic_robust_center_rooted_tree_not_calibration,diagnostic_robust_center_root_anchor_not_calibration,5,imbalanced_10pct_outliers,3,centroid_rooted,1.8470242433228565,0.4152106376729366,,700,701,1.027048028293403,1.1827068668098235,0.3068181818181818,0.98125,1,0.2962962962962963
robust_center_rooted_tree_smoke/v1,diagnostic_robust_center_rooted_tree_not_calibration,diagnostic_robust_center_root_anchor_not_calibration,5,imbalanced_10pct_outliers,3,geometric_median_rooted,1.6917076871061618,0.53320087693709,,700,701,0.2999378597664968,1.1827068668098235,0.3068181818181818,0.98125,1,0.2962962962962963
robust_center_rooted_tree_smoke/v1,diagnostic_robust_center_rooted_tree_not_calibration,diagnostic_robust_center_root_anchor_not_calibration,5,imbalanced_10pct_outliers,3,tukey_depth_rooted,1.6917076871061618,0.53320087693709,0.4005681818181818,700,701,0.2999378597664968,1.1827068668098235,0.3068181818181818,0.98125,1,0.2962962962962963
robust_center_rooted_tree_smoke/v1,diagnostic_robust_center_rooted_tree_not_calibration,diagnostic_robust_center_root_anchor_not_calibration,5,imbalanced_10pct_outliers,4,centroid_rooted,1.3174963778747366,0.1407573840494271,,700,701,1.1356410148777805,0.9322367456341188,0.33238636363636365,0.971875,1,0.0
robust_center_rooted_tree_smoke/v1,diagnostic_robust_center_rooted_tree_not_calibration,diagnostic_robust_center_root_anchor_not_calibration,5,imbalanced_10pct_outliers,4,geometric_median_rooted,1.2676505127445352,0.28765373531974125,,699,701,0.24682252492214413,1.1469630487184044,0.42329545454545453,0.971875,1,0.21476510067114093
robust_center_rooted_tree_smoke/v1,diagnostic_robust_center_rooted_tree_not_calibration,diagnostic_robust_center_root_anchor_not_calibration,5,imbalanced_10pct_outliers,4,tukey_depth_rooted,1.2676505127445352,0.28765373531974125,0.39488636363636365,699,701,0.24682252492214413,1.1469630487184044,0.42329545454545453,0.971875,1,0.21476510067114093
robust_center_rooted_tree_smoke/v1,diagnostic_robust_center_rooted_tree_not_calibration,diagnostic_robust_center_root_anchor_not_calibration,5,imbalanced_10pct_outliers,5,centroid_rooted,2.3394265213548096,0.5045763407195772,,690,699,0.9024226603100752,1.47326151602529,0.18181818181818182,0.98125,1,0.0
robust_center_rooted_tree_smoke/v1,diagnostic_robust_center_rooted_tree_not_calibration,diagnostic_robust_center_root_anchor_not_calibration,5,imbalanced_10pct_outliers,5,geometric_median_rooted,2.023822543715248,0.5157352832552337,,698,699,0.262237576929179,1.8269290188435858,0.3181818181818182,0.975,1,0.2857142857142857
robust_center_rooted_tree_smoke/v1,diagnostic_robust_center_rooted_tree_not_calibration,diagnostic_robust_center_root_anchor_not_calibration,5,imbalanced_10pct_outliers,5,tukey_depth_rooted,2.023822543715248,0.5157352832552337,0.4147727272727273,698,699,0.262237576929179,1.8269290188435858,0.3181818181818182,0.975,1,0.2857142857142857
robust_center_rooted_tree_smoke/v1,diagnostic_robust_center_rooted_tree_not_calibration,diagnostic_robust_center_root_anchor_not_calibration,5,imbalanced_10pct_outliers,6,centroid_rooted,1.4723579996058571,0.16716923801679287,,698,701,1.0475620973187894,0.7313943392182483,0.42613636363636365,0.94375,2,0.0
robust_center_rooted_tree_smoke/v1,diagnostic_robust_center_rooted_tree_not_calibration,diagnostic_robust_center_root_anchor_not_calibration,5,imbalanced_10pct_outliers,6,geometric_median_rooted,0.9882227297764183,0.17424638187553962,,700,701,0.35544261843423686,0.7613995600123812,0.48295454545454547,0.94375,2,0.0
robust_center_rooted_tree_smoke/v1,diagnostic_robust_center_rooted_tree_not_calibration,diagnostic_robust_center_root_anchor_not_calibration,5,imbalanced_10pct_outliers,6,tukey_depth_rooted,0.9882227297764183,0.17424638187553962,0.3977272727272727,700,701,0.35544261843423686,0.7613995600123812,0.48295454545454547,0.94375,2,0.0
robust_center_rooted_tree_smoke/v1,diagnostic_robust_center_rooted_tree_not_calibration,diagnostic_robust_center_root_anchor_not_calibration,5,imbalanced_10pct_outliers,7,centroid_rooted,0.8250448001544249,0.13461242236393806,,699,700,0.8554764507055486,0.5501884784323173,0.23579545454545456,0.959375,0,0.0
robust_center_rooted_tree_smoke/v1,diagnostic_robust_center_rooted_tree_not_calibration,diagnostic_robust_center_root_anchor_not_calibration,5,imbalanced_10pct_outliers,7,geometric_median_rooted,1.1180897364923637,0.27808568496568575,,699,700,0.18253515705902418,0.5501884784323173,0.23579545454545456,0.959375,0,0.0
robust_center_rooted_tree_smoke/v1,diagnostic_robust_center_rooted_tree_not_calibration,diagnostic_robust_center_root_anchor_not_calibration,5,imbalanced_10pct_outliers,7,tukey_depth_rooted,1.1180897364923637,0.27808568496568575,0.4289772727272727,699,700,0.18253515705902418,0.5501884784323173,0.23579545454545456,0.959375,0,0.0
robust_center_rooted_tree_smoke/v1,diagnostic_robust_center_rooted_tree_not_calibration,diagnostic_robust_center_root_anchor_not_calibration,5,imbalanced_10pct_outliers,8,centroid_rooted,1.995895771821374,0.3509280245906936,,698,701,1.010678831036092,1.1147349852419892,0.28125,0.965625,0,0.0
robust_center_rooted_tree_smoke/v1,diagnostic_robust_center_rooted_tree_not_calibration,diagnostic_robust_center_root_anchor_not_calibration,5,imbalanced_10pct_outliers,8,geometric_median_rooted,1.4785679910941578,0.3566883842724733,,699,701,0.38198077873735575,1.1192962194717213,0.3721590909090909,0.965625,0,0.24427480916030533
robust_center_rooted_tree_smoke/v1,diagnostic_robust_center_rooted_tree_not_calibration,diagnostic_robust_center_root_anchor_not_calibration,5,imbalanced_10pct_outliers,8,tukey_depth_rooted,1.4785679910941578,0.3566883842724733,0.39204545454545453,699,701,0.38198077873735575,1.1192962194717213,0.3721590909090909,0.965625,0,0.24427480916030533
robust_center_rooted_tree_smoke/v1,diagnostic_robust_center_rooted_tree_not_calibration,diagnostic_robust_center_root_anchor_not_calibration,5,imbalanced_10pct_outliers,9,centroid_rooted,1.6451836578106633,0.2956067988301194,,696,700,0.9226471795004435,0.6774951893440165,0.42329545454545453,0.959375,1,0.0
robust_center_rooted_tree_smoke/v1,diagnostic_robust_center_rooted_tree_not_calibration,diagnostic_robust_center_root_anchor_not_calibration,5,imbalanced_10pct_outliers,9,geometric_median_rooted,1.1146269175440677,0.24413857453518745,,696,700,0.35652406536171294,0.6774951893440165,0.42329545454545453,0.959375,1,0.0
robust_center_rooted_tree_smoke/v1,diagnostic_robust_center_rooted_tree_not_calibration,diagnostic_robust_center_root_anchor_not_calibration,5,imbalanced_10pct_outliers,9,tukey_depth_rooted,1.1146269175440677,0.24413857453518745,0.42613636363636365,696,700,0.35652406536171294,0.6774951893440165,0.42329545454545453,0.959375,1,0.0
robust_center_rooted_tree_smoke/v1,diagnostic_robust_center_rooted_tree_not_calibration,diagnostic_robust_center_root_anchor_not_calibration,5,imbalanced_10pct_outliers,10,centroid_rooted,1.2251847603741612,0.18860534219532488,,700,701,0.668318514380938,0.767300230017865,0.34375,0.959375,1,0.0
robust_center_rooted_tree_smoke/v1,diagnostic_robust_center_rooted_tree_not_calibration,diagnostic_robust_center_root_anchor_not_calibration,5,imbalanced_10pct_outliers,10,geometric_median_rooted,0.9630237885798264,0.18508275129837792,,700,701,0.2141203334993591,0.767300230017865,0.34375,0.959375,1,0.0
robust_center_rooted_tree_smoke/v1,diagnostic_robust_center_rooted_tree_not_calibration,diagnostic_robust_center_root_anchor_not_calibration,5,imbalanced_10pct_outliers,10,tukey_depth_rooted,0.9630237885798264,0.18508275129837792,0.41761363636363635,700,701,0.2141203334993591,0.767300230017865,0.34375,0.959375,1,0.0
robust_center_rooted_tree_smoke/v1,diagnostic_robust_center_rooted_tree_not_calibration,diagnostic_robust_center_root_anchor_not_calibration,5,imbalanced_10pct_outliers,11,centroid_rooted,1.1344752385581462,0.17924622700390416,,698,701,1.1024174746242676,0.8083549903363433,0.4090909090909091,0.96875,1,0.2222222222222222
robust_center_rooted_tree_smoke/v1,diagnostic_robust_center_rooted_tree_not_calibration,diagnostic_robust_center_root_anchor_not_calibration,5,imbalanced_10pct_outliers,11,geometric_median_rooted,0.9643138209012811,0.2587926756149564,,698,701,0.27204930270652655,0.8083549903363433,0.4090909090909091,0.96875,1,0.2222222222222222
robust_center_rooted_tree_smoke/v1,diagnostic_robust_center_rooted_tree_not_calibration,diagnostic_robust_center_root_anchor_not_calibration,5,imbalanced_10pct_outliers,11,tukey_depth_rooted,0.9643138209012811,0.2587926756149564,0.38920454545454547,698,701,0.27204930270652655,0.8083549903363433,0.4090909090909091,0.96875,1,0.2222222222222222
robust_center_rooted_tree_smoke/v1,diagnostic_robust_center_rooted_tree_not_calibration,diagnostic_robust_center_root_anchor_not_calibration,5,imbalanced_10pct_outliers,12,centroid_rooted,1.951244069825154,0.39236093717715714,,679,682,0.9396816199455629,1.9173035382478272,0.16761363636363635,0.815625,2,0.0
robust_center_rooted_tree_smoke/v1,diagnostic_robust_center_rooted_tree_not_calibration,diagnostic_robust_center_root_anchor_not_calibration,5,imbalanced_10pct_outliers,12,geometric_median_rooted,1.8462125149391868,0.4710273314835955,,699,700,0.3372998739773348,1.6738581122556437,0.1590909090909091,0.975,1,0.5714285714285714
robust_center_rooted_tree_smoke/v1,diagnostic_robust_center_rooted_tree_not_calibration,diagnostic_robust_center_root_anchor_not_calibration,5,imbalanced_10pct_outliers,12,tukey_depth_rooted,1.7943448674886913,0.4608544207315653,0.40625,699,700,0.33192848589667523,1.6738581122556437,0.1590909090909091,0.975,1,0.5714285714285714
robust_center_rooted_tree_smoke/v1,diagnostic_robust_center_rooted_tree_not_calibration,diagnostic_robust_center_root_anchor_not_calibration,5,imbalanced_10pct_outliers,13,centroid_rooted,1.2886087234833108,0.2359150696642343,,700,701,0.9328390116401606,0.5638984839458965,0.4034090909090909,0.95,0,0.0
robust_center_rooted_tree_smoke/v1,diagnostic_robust_center_rooted_tree_not_calibration,diagnostic_robust_center_root_anchor_not_calibration,5,imbalanced_10pct_outliers,13,geometric_median_rooted,0.8040985234488782,0.2177929105315859,,700,701,0.2633297955130588,0.5638984839458965,0.4034090909090909,0.95,0,0.0
robust_center_rooted_tree_smoke/v1,diagnostic_robust_center_rooted_tree_not_calibration,diagnostic_robust_center_root_anchor_not_calibration,5,imbalanced_10pct_outliers,13,tukey_depth_rooted,0.8040985234488782,0.2177929105315859,0.4318181818181818,700,701,0.2633297955130588,0.5638984839458965,0.4034090909090909,0.95,0,0.0
robust_center_rooted_tree_smoke/v1,diagnostic_robust_center_rooted_tree_not_calibration,diagnostic_robust_center_root_anchor_not_calibration,5,imbalanced_10pct_outliers,14,centroid_rooted,1.3665429546148813,0.11660514274134709,,697,701,0.9684398433309769,0.5784250587065692,0.33238636363636365,0.990625,0,0.0
robust_center_rooted_tree_smoke/v1,diagnostic_robust_center_rooted_tree_not_calibration,diagnostic_robust_center_root_anchor_not_calibration,5,imbalanced_10pct_outliers,14,geometric_median_rooted,0.820417171848869,0.13507018690775827,,697,701,0.2985852216255816,0.5784250587065692,0.33238636363636365,0.990625,0,0.0
robust_center_rooted_tree_smoke/v1,diagnostic_robust_center_rooted_tree_not_calibration,diagnostic_robust_center_root_anchor_not_calibration,5,imbalanced_10pct_outliers,14,tukey_depth_rooted,0.820417171848869,0.13507018690775827,0.4034090909090909,697,701,0.2985852216255816,0.5784250587065692,0.33238636363636365,0.990625,0,0.0
robust_center_rooted_tree_smoke/v1,diagnostic_robust_center_rooted_tree_not_calibration,diagnostic_robust_center_root_anchor_not_calibration,5,imbalanced_10pct_outliers,15,centroid_rooted,1.1812159352409521,0.11484024585758384,,699,701,0.9330025096465987,0.8476093250790373,0.35511363636363635,0.971875,1,0.0
robust_center_rooted_tree_smoke/v1,diagnostic_robust_center_rooted_tree_not_calibration,diagnostic_robust_center_root_anchor_not_calibration,5,imbalanced_10pct_outliers,15,geometric_median_rooted,1.1172072781902314,0.3282284994084018,,698,701,0.23653835836510645,1.0304573320666806,0.4460227272727273,0.971875,1,0.20382165605095542
robust_center_rooted_tree_smoke/v1,diagnostic_robust_center_rooted_tree_not_calibration,diagnostic_robust_center_root_anchor_not_calibration,5,imbalanced_10pct_outliers,15,tukey_depth_rooted,1.1172072781902314,0.3282284994084018,0.4289772727272727,698,701,0.23653835836510645,1.0304573320666806,0.4460227272727273,0.971875,1,0.20382165605095542
robust_center_rooted_tree_smoke/v1,diagnostic_robust_center_rooted_tree_not_calibration,diagnostic_robust_center_root_anchor_not_calibration,5,imbalanced_10pct_outliers,16,centroid_rooted,0.7979228832602602,0.12560720896817198,,697,701,1.0803391921925043,0.36482974834031584,0.3352272727272727,0.99375,0,0.0
robust_center_rooted_tree_smoke/v1,diagnostic_robust_center_rooted_tree_not_calibration,diagnostic_robust_center_root_anchor_not_calibration,5,imbalanced_10pct_outliers,16,geometric_median_rooted,0.36125092136005227,0.07871693370571536,,697,701,0.3256049563354055,0.36482974834031584,0.3352272727272727,0.99375,0,0.0
robust_center_rooted_tree_smoke/v1,diagnostic_robust_center_rooted_tree_not_calibration,diagnostic_robust_center_root_anchor_not_calibration,5,imbalanced_10pct_outliers,16,tukey_depth_rooted,0.36125092136005227,0.07871693370571536,0.39488636363636365,697,701,0.3256049563354055,0.36482974834031584,0.3352272727272727,0.99375,0,0.0
robust_center_rooted_tree_smoke/v1,diagnostic_robust_center_rooted_tree_not_calibration,diagnostic_robust_center_root_anchor_not_calibration,5,imbalanced_10pct_outliers,17,centroid_rooted,0.9428135439884942,0.0796768931389959,,697,700,1.1223815547674632,0.549840720539916,0.2755681818181818,0.984375,0,0.0
robust_center_rooted_tree_smoke/v1,diagnostic_robust_center_rooted_tree_not_calibration,diagnostic_robust_center_root_anchor_not_calibration,5,imbalanced_10pct_outliers,17,geometric_median_rooted,0.7246127717572624,0.1763662527188785,,699,700,0.26475418878850393,0.6573634599168007,0.3693181818181818,0.98125,0,0.24615384615384617
robust_center_rooted_tree_smoke/v1,diagnostic_robust_center_rooted_tree_not_calibration,diagnostic_robust_center_root_anchor_not_calibration,5,imbalanced_10pct_outliers,17,tukey_depth_rooted,0.7246127717572624,0.1763662527188785,0.3977272727272727,699,700,0.26475418878850393,0.6573634599168007,0.3693181818181818,0.98125,0,0.24615384615384617
robust_center_rooted_tree_smoke/v1,diagnostic_robust_center_rooted_tree_not_calibration,diagnostic_robust_center_root_anchor_not_calibration,5,imbalanced_10pct_outliers,18,centroid_rooted,1.2409215720295614,0.15640649705692455,,693,701,0.9814363487418207,0.4260422293801114,0.4346590909090909,0.965625,0,0.0
robust_center_rooted_tree_smoke/v1,diagnostic_robust_center_rooted_tree_not_calibration,diagnostic_robust_center_root_anchor_not_calibration,5,imbalanced_10pct_outliers,18,geometric_median_rooted,0.6282915759430933,0.09399146841572299,,693,701,0.322488463195204,0.4260422293801114,0.4346590909090909,0.965625,0,0.0
robust_center_rooted_tree_smoke/v1,diagnostic_robust_center_rooted_tree_not_calibration,diagnostic_robust_center_root_anchor_not_calibration,5,imbalanced_10pct_outliers,18,tukey_depth_rooted,0.6282915759430933,0.09399146841572299,0.4034090909090909,693,701,0.322488463195204,0.4260422293801114,0.4346590909090909,0.965625,0,0.0
robust_center_rooted_tree_smoke/v1,diagnostic_robust_center_rooted_tree_not_calibration,diagnostic_robust_center_root_anchor_not_calibration,5,imbalanced_10pct_outliers,19,centroid_rooted,0.7739462495219163,0.10747111777252592,,700,701,1.1335255529556179,0.46552031067930466,0.4431818181818182,0.975,0,0.0
robust_center_rooted_tree_smoke/v1,diagnostic_robust_center_rooted_tree_not_calibration,diagnostic_robust_center_root_anchor_not_calibration,5,imbalanced_10pct_outliers,19,geometric_median_rooted,0.25911168897221837,0.045919562073033264,,698,701,0.35205872054106563,0.4736249776993883,0.4659090909090909,0.975,0,0.0
robust_center_rooted_tree_smoke/v1,diagnostic_robust_center_rooted_tree_not_calibration,diagnostic_robust_center_root_anchor_not_calibration,5,imbalanced_10pct_outliers,19,tukey_depth_rooted,0.25911168897221837,0.045919562073033264,0.4119318181818182,698,701,0.35205872054106563,0.4736249776993883,0.4659090909090909,0.975,0,0.0
robust_center_rooted_tree_smoke/v1,diagnostic_robust_center_rooted_tree_not_calibration,diagnostic_robust_center_root_anchor_not_calibration,5,imbalanced_10pct_outliers,20,centroid_rooted,0.9851021945094699,0.14615096611614753,,699,701,1.079105522799376,0.41036995153146016,0.28125,0.959375,1,0.0
robust_center_rooted_tree_smoke/v1,diagnostic_robust_center_rooted_tree_not_calibration,diagnostic_robust_center_root_anchor_not_calibration,5,imbalanced_10pct_outliers,20,geometric_median_rooted,1.0821501020358906,0.3257002916154199,,700,701,0.30557105093552767,0.8978973839749739,0.3721590909090909,0.959375,1,0.24427480916030533
robust_center_rooted_tree_smoke/v1,diagnostic_robust_center_rooted_tree_not_calibration,diagnostic_robust_center_root_anchor_not_calibration,5,imbalanced_10pct_outliers,20,tukey_depth_rooted,1.0821501020358906,0.3257002916154199,0.4090909090909091,700,701,0.30557105093552767,0.8978973839749739,0.3721590909090909,0.959375,1,0.24427480916030533
robust_center_rooted_tree_smoke/v1,diagnostic_robust_center_rooted_tree_not_calibration,diagnostic_robust_center_root_anchor_not_calibration,5,imbalanced_10pct_outliers,21,centroid_rooted,1.497102066114275,0.21271104337488644,,699,701,1.0408951276961942,0.5609962843606365,0.4659090909090909,0.9375,0,0.0
robust_center_rooted_tree_smoke/v1,diagnostic_robust_center_rooted_tree_not_calibration,diagnostic_robust_center_root_anchor_not_calibration,5,imbalanced_10pct_outliers,21,geometric_median_rooted,0.8723984033099136,0.17459571349743774,,700,701,0.36347222673116675,0.5579919471354166,0.4431818181818182,0.9375,0,0.0
robust_center_rooted_tree_smoke/v1,diagnostic_robust_center_rooted_tree_not_calibration,diagnostic_robust_center_root_anchor_not_calibration,5,imbalanced_10pct_outliers,21,tukey_depth_rooted,0.8723984033099136,0.17459571349743774,0.4318181818181818,700,701,0.36347222673116675,0.5579919471354166,0.4431818181818182,0.9375,0,0.0
robust_center_rooted_tree_smoke/v1,diagnostic_robust_center_rooted_tree_not_calibration,diagnostic_robust_center_root_anchor_not_calibration,5,imbalanced_10pct_outliers,22,centroid_rooted,1.229533342614484,0.13717816500243282,,697,700,1.1127597369123898,0.7751437197574376,0.3409090909090909,0.9875,1,0.0
robust_center_rooted_tree_smoke/v1,diagnostic_robust_center_rooted_tree_not_calibration,diagnostic_robust_center_root_anchor_not_calibration,5,imbalanced_10pct_outliers,22,geometric_median_rooted,0.9771681018769923,0.2371113733947965,,699,700,0.30706425191158027,0.862422431418583,0.4375,0.99375,0,0.2077922077922078
robust_center_rooted_tree_smoke/v1,diagnostic_robust_center_rooted_tree_not_calibration,diagnostic_robust_center_root_anchor_not_calibration,5,imbalanced_10pct_outliers,22,tukey_depth_rooted,0.9771681018769923,0.2371113733947965,0.3977272727272727,699,700,0.30706425191158027,0.862422431418583,0.4375,0.99375,0,0.2077922077922078
robust_center_rooted_tree_smoke/v1,diagnostic_robust_center_rooted_tree_not_calibration,diagnostic_robust_center_root_anchor_not_calibration,5,imbalanced_10pct_outliers,23,centroid_rooted,1.2545806718459465,0.16776819882560354,,697,699,0.9434734203864972,0.48340481197579416,0.4147727272727273,0.94375,1,0.0
robust_center_rooted_tree_smoke/v1,diagnostic_robust_center_rooted_tree_not_calibration,diagnostic_robust_center_root_anchor_not_calibration,5,imbalanced_10pct_outliers,23,geometric_median_rooted,0.7075154235648456,0.1358156498795806,,697,699,0.2910484899055274,0.48340481197579416,0.4147727272727273,0.94375,1,0.0
robust_center_rooted_tree_smoke/v1,diagnostic_robust_center_rooted_tree_not_calibration,diagnostic_robust_center_root_anchor_not_calibration,5,imbalanced_10pct_outliers,23,tukey_depth_rooted,0.7075154235648456,0.1358156498795806,0.4005681818181818,697,699,0.2910484899055274,0.48340481197579416,0.4147727272727273,0.94375,1,0.0
robust_center_rooted_tree_smoke/v1,diagnostic_robust_center_rooted_tree_not_calibration,diagnostic_robust_center_root_anchor_not_calibration,5,imbalanced_10pct_outliers,24,centroid_rooted,1.7036400723853757,0.27565931142418254,,693,699,0.9734338566857454,1.2886726081486815,0.26704545454545453,0.96875,0,0.0
robust_center_rooted_tree_smoke/v1,diagnostic_robust_center_rooted_tree_not_calibration,diagnostic_robust_center_root_anchor_not_calibration,5,imbalanced_10pct_outliers,24,geometric_median_rooted,1.2883790849405552,0.2931647903215284,,697,699,0.2476290516104012,1.288768781884845,0.42329545454545453,0.959375,0,0.21476510067114093
robust_center_rooted_tree_smoke/v1,diagnostic_robust_center_rooted_tree_not_calibration,diagnostic_robust_center_root_anchor_not_calibration,5,imbalanced_10pct_outliers,24,tukey_depth_rooted,1.2883790849405552,0.2931647903215284,0.3977272727272727,697,699,0.2476290516104012,1.288768781884845,0.42329545454545453,0.959375,0,0.21476510067114093
robust_center_rooted_tree_smoke/v1,diagnostic_robust_center_rooted_tree_not_calibration,diagnostic_robust_center_root_anchor_not_calibration,5,imbalanced_10pct_outliers,25,centroid_rooted,1.5323376706901717,0.2327013340224367,,698,699,0.9023112291480087,1.423246969471001,0.32670454545454547,0.940625,1,0.0
robust_center_rooted_tree_smoke/v1,diagnostic_robust_center_rooted_tree_not_calibration,diagnostic_robust_center_root_anchor_not_calibration,5,imbalanced_10pct_outliers,25,geometric_median_rooted,1.088616189099889,0.2320863074479262,,699,701,0.2809983998179897,0.7860356214669075,0.2471590909090909,0.978125,1,0.367816091954023
robust_center_rooted_tree_smoke/v1,diagnostic_robust_center_rooted_tree_not_calibration,diagnostic_robust_center_root_anchor_not_calibration,5,imbalanced_10pct_outliers,25,tukey_depth_rooted,1.088616189099889,0.2320863074479262,0.39488636363636365,699,701,0.2809983998179897,0.7860356214669075,0.2471590909090909,0.978125,1,0.367816091954023
robust_center_rooted_tree_smoke/v1,diagnostic_robust_center_rooted_tree_not_calibration,diagnostic_robust_center_root_anchor_not_calibration,5,imbalanced_10pct_outliers,26,centroid_rooted,1.8831156667907771,0.2900298119115571,,698,700,0.9117162495866457,1.1980754814034913,0.45454545454545453,0.95625,0,0.2
robust_center_rooted_tree_smoke/v1,diagnostic_robust_center_rooted_tree_not_calibration,diagnostic_robust_center_root_anchor_not_calibration,5,imbalanced_10pct_outliers,26,geometric_median_rooted,1.4716241615069285,0.2729383554997897,,698,700,0.33772107569912385,1.1980754814034913,0.45454545454545453,0.95625,0,0.2
robust_center_rooted_tree_smoke/v1,diagnostic_robust_center_rooted_tree_not_calibration,diagnostic_robust_center_root_anchor_not_calibration,5,imbalanced_10pct_outliers,26,tukey_depth_rooted,1.4716241615069285,0.2729383554997897,0.38920454545454547,698,700,0.33772107569912385,1.1980754814034913,0.45454545454545453,0.95625,0,0.2
robust_center_rooted_tree_smoke/v1,diagnostic_robust_center_rooted_tree_not_calibration,diagnostic_robust_center_root_anchor_not_calibration,5,imbalanced_10pct_outliers,27,centroid_rooted,1.8793598617864955,0.36133024606517833,,699,700,0.8198746204265669,1.1008402121659895,0.48295454545454547,0.925,2,0.18823529411764706
robust_center_rooted_tree_smoke/v1,diagnostic_robust_center_rooted_tree_not_calibration,diagnostic_robust_center_root_anchor_not_calibration,5,imbalanced_10pct_outliers,27,geometric_median_rooted,1.3603384456434557,0.34894280618709744,,699,700,0.1754235831322261,1.1008402121659895,0.48295454545454547,0.925,2,0.18823529411764706
robust_center_rooted_tree_smoke/v1,diagnostic_robust_center_rooted_tree_not_calibration,diagnostic_robust_center_root_anchor_not_calibration,5,imbalanced_10pct_outliers,27,tukey_depth_rooted,1.3603384456434557,0.34894280618709744,0.4090909090909091,699,700,0.1754235831322261,1.1008402121659895,0.48295454545454547,0.925,2,0.18823529411764706
robust_center_rooted_tree_smoke/v1,diagnostic_robust_center_rooted_tree_not_calibration,diagnostic_robust_center_root_anchor_not_calibration,5,imbalanced_10pct_outliers,28,centroid_rooted,1.1369402561905466,0.18411812155458765,,699,701,1.0713387969955754,0.6936445984436997,0.3835227272727273,0.959375,0,0.0
robust_center_rooted_tree_smoke/v1,diagnostic_robust_center_rooted_tree_not_calibration,diagnostic_robust_center_root_anchor_not_calibration,5,imbalanced_10pct_outliers,28,geometric_median_rooted,0.8174104621899079,0.15027005414326633,,699,701,0.31547777603237065,0.6936445984436997,0.3835227272727273,0.959375,0,0.0
robust_center_rooted_tree_smoke/v1,diagnostic_robust_center_rooted_tree_not_calibration,diagnostic_robust_center_root_anchor_not_calibration,5,imbalanced_10pct_outliers,28,tukey_depth_rooted,0.8174104621899079,0.15027005414326633,0.40625,699,701,0.31547777603237065,0.6936445984436997,0.3835227272727273,0.959375,0,0.0
robust_center_rooted_tree_smoke/v1,diagnostic_robust_center_rooted_tree_not_calibration,diagnostic_robust_center_root_anchor_not_calibration,5,imbalanced_10pct_outliers,29,centroid_rooted,0.9135369565282301,0.19946893217972153,,700,701,1.112480268713688,0.5622376369871386,0.44886363636363635,0.9625,0,0.0
robust_center_rooted_tree_smoke/v1,diagnostic_robust_center_rooted_tree_not_calibration,diagnostic_robust_center_root_anchor_not_calibration,5,imbalanced_10pct_outliers,29,geometric_median_rooted,0.6081157121664268,0.16737932695042618,,700,701,0.24062004813082039,0.5622376369871386,0.44886363636363635,0.9625,0,0.0
robust_center_rooted_tree_smoke/v1,diagnostic_robust_center_rooted_tree_not_calibration,diagnostic_robust_center_root_anchor_not_calibration,5,imbalanced_10pct_outliers,29,tukey_depth_rooted,0.6081157121664268,0.16737932695042618,0.41761363636363635,700,701,0.24062004813082039,0.5622376369871386,0.44886363636363635,0.9625,0,0.0
robust_center_rooted_tree_smoke/v1,diagnostic_robust_center_rooted_tree_not_calibration,diagnostic_robust_center_root_anchor_not_calibration,20,balanced_clean,0,centroid_rooted,0.21815385101502777,0.05373565377130884,,631,632,0.055196349734680517,0.22014036856353997,0.490625,0.878125,2,0.0
robust_center_rooted_tree_smoke/v1,diagnostic_robust_center_rooted_tree_not_calibration,diagnostic_robust_center_root_anchor_not_calibration,20,balanced_clean,0,geometric_median_rooted,0.2296148658803172,0.05197788774205881,,630,632,0.059417596292459914,0.22414375285366148,0.4625,0.875,2,0.0
robust_center_rooted_tree_smoke/v1,diagnostic_robust_center_rooted_tree_not_calibration,diagnostic_robust_center_root_anchor_not_calibration,20,balanced_clean,0,tukey_depth_rooted,0.21815385101502777,0.05373565377130884,0.434375,631,632,0.055196349734680517,0.22014036856353997,0.490625,0.878125,2,0.0
robust_center_rooted_tree_smoke/v1,diagnostic_robust_center_rooted_tree_not_calibration,diagnostic_robust_center_root_anchor_not_calibration,20,balanced_clean,1,centroid_rooted,0.29854212460989427,0.03396507200194411,,631,634,0.0349612685628913,0.28602980756821783,0.496875,0.940625,0,0.0
robust_center_rooted_tree_smoke/v1,diagnostic_robust_center_rooted_tree_not_calibration,diagnostic_robust_center_root_anchor_not_calibration,20,balanced_clean,1,geometric_median_rooted,0.29991063126233497,0.03701176272713363,,633,634,0.04843344285352155,0.29191416987680197,0.484375,0.940625,0,0.0
robust_center_rooted_tree_smoke/v1,diagnostic_robust_center_rooted_tree_not_calibration,diagnostic_robust_center_root_anchor_not_calibration,20,balanced_clean,1,tukey_depth_rooted,0.29854212460989427,0.03396507200194411,0.428125,631,634,0.0349612685628913,0.28602980756821783,0.496875,0.940625,0,0.0
robust_center_rooted_tree_smoke/v1,diagnostic_robust_center_rooted_tree_not_calibration,diagnostic_robust_center_root_anchor_not_calibration,20,balanced_clean,2,centroid_rooted,0.27730529268598714,0.039570041444520365,,627,631,0.077514839991742,0.2283329792505273,0.225,0.94375,1,0.0
robust_center_rooted_tree_smoke/v1,diagnostic_robust_center_rooted_tree_not_calibration,diagnostic_robust_center_root_anchor_not_calibration,20,balanced_clean,2,geometric_median_rooted,0.27891456275671833,0.041547597088179185,,627,631,0.08874738709959107,0.2283329792505273,0.225,0.94375,1,0.0
robust_center_rooted_tree_smoke/v1,diagnostic_robust_center_rooted_tree_not_calibration,diagnostic_robust_center_root_anchor_not_calibration,20,balanced_clean,2,tukey_depth_rooted,0.27730529268598714,0.039570041444520365,0.434375,627,631,0.077514839991742,0.2283329792505273,0.225,0.94375,1,0.0
robust_center_rooted_tree_smoke/v1,diagnostic_robust_center_rooted_tree_not_calibration,diagnostic_robust_center_root_anchor_not_calibration,20,balanced_clean,3,centroid_rooted,0.18821004583452314,0.06559721868743168,,631,633,0.07440235413346699,0.19965066556035474,0.478125,0.909375,2,0.0
robust_center_rooted_tree_smoke/v1,diagnostic_robust_center_rooted_tree_not_calibration,diagnostic_robust_center_root_anchor_not_calibration,20,balanced_clean,3,geometric_median_rooted,0.20141771265163916,0.07074298558003939,,631,633,0.08883484571283719,0.19965066556035474,0.478125,0.909375,2,0.0
robust_center_rooted_tree_smoke/v1,diagnostic_robust_center_rooted_tree_not_calibration,diagnostic_robust_center_root_anchor_not_calibration,20,balanced_clean,3,tukey_depth_rooted,0.18821004583452314,0.06559721868743168,0.4375,631,633,0.07440235413346699,0.19965066556035474,0.478125,0.909375,2,0.0
robust_center_rooted_tree_smoke/v1,diagnostic_robust_center_rooted_tree_not_calibration,diagnostic_robust_center_root_anchor_not_calibration,20,balanced_clean,4,centroid_rooted,0.23468252340421675,0.04653183909724362,,630,635,0.05866525224582058,0.2583044091741912,0.5,0.95,0,0.0
robust_center_rooted_tree_smoke/v1,diagnostic_robust_center_rooted_tree_not_calibration,diagnostic_robust_center_root_anchor_not_calibration,20,balanced_clean,4,geometric_median_rooted,0.24152879728222965,0.04761426802484877,,630,635,0.06360359376242634,0.2583044091741912,0.5,0.95,0,0.0
robust_center_rooted_tree_smoke/v1,diagnostic_robust_center_rooted_tree_not_calibration,diagnostic_robust_center_root_anchor_not_calibration,20,balanced_clean,4,tukey_depth_rooted,0.23468252340421675,0.04653183909724362,0.43125,630,635,0.05866525224582058,0.2583044091741912,0.5,0.95,0,0.0
robust_center_rooted_tree_smoke/v1,diagnostic_robust_center_rooted_tree_not_calibration,diagnostic_robust_center_root_anchor_not_calibration,20,balanced_clean,5,centroid_rooted,0.3457122765548687,0.03125381476788803,,623,629,0.05469005151076986,0.35314219659283624,0.25,0.95,1,0.0
robust_center_rooted_tree_smoke/v1,diagnostic_robust_center_rooted_tree_not_calibration,diagnostic_robust_center_root_anchor_not_calibration,20,balanced_clean,5,geometric_median_rooted,0.34934352545962283,0.04089605539816187,,628,629,0.055567230790781304,0.35375656575004955,0.28125,0.93125,0,0.0
robust_center_rooted_tree_smoke/v1,diagnostic_robust_center_rooted_tree_not_calibration,diagnostic_robust_center_root_anchor_not_calibration,20,balanced_clean,5,tukey_depth_rooted,0.34934352545962283,0.04089605539816187,0.43125,628,629,0.055567230790781304,0.35375656575004955,0.28125,0.93125,0,0.0
robust_center_rooted_tree_smoke/v1,diagnostic_robust_center_rooted_tree_not_calibration,diagnostic_robust_center_root_anchor_not_calibration,20,balanced_clean,6,centroid_rooted,0.3767736042253774,0.033441673755886164,,630,632,0.06618726194509347,0.352489037510736,0.48125,0.91875,1,0.0
robust_center_rooted_tree_smoke/v1,diagnostic_robust_center_rooted_tree_not_calibration,diagnostic_robust_center_root_anchor_not_calibration,20,balanced_clean,6,geometric_median_rooted,0.38115495331781196,0.03556992541219482,,630,632,0.06223969310766632,0.352489037510736,0.48125,0.91875,1,0.0
robust_center_rooted_tree_smoke/v1,diagnostic_robust_center_rooted_tree_not_calibration,diagnostic_robust_center_root_anchor_not_calibration,20,balanced_clean,6,tukey_depth_rooted,0.3767736042253774,0.033441673755886164,0.4375,630,632,0.06618726194509347,0.352489037510736,0.48125,0.91875,1,0.0
robust_center_rooted_tree_smoke/v1,diagnostic_robust_center_rooted_tree_not_calibration,diagnostic_robust_center_root_anchor_not_calibration,20,balanced_clean,7,centroid_rooted,0.3057442815461738,0.04130193433793077,,634,636,0.046446483943768026,0.29980325329505325,0.5,0.9375,1,0.0
robust_center_rooted_tree_smoke/v1,diagnostic_robust_center_rooted_tree_not_calibration,diagnostic_robust_center_root_anchor_not_calibration,20,balanced_clean,7,geometric_median_rooted,0.3166971722338589,0.04327514127758887,,635,636,0.04973309835095349,0.32096747584918034,0.4875,0.94375,1,0.0
robust_center_rooted_tree_smoke/v1,diagnostic_robust_center_rooted_tree_not_calibration,diagnostic_robust_center_root_anchor_not_calibration,20,balanced_clean,7,tukey_depth_rooted,0.3166971722338589,0.04327514127758887,0.43125,635,636,0.04973309835095349,0.32096747584918034,0.4875,0.94375,1,0.0
robust_center_rooted_tree_smoke/v1,diagnostic_robust_center_rooted_tree_not_calibration,diagnostic_robust_center_root_anchor_not_calibration,20,balanced_clean,8,centroid_rooted,0.240660824922343,0.050892806512717666,,630,633,0.06246182300287772,0.24233846732305817,0.490625,0.921875,1,0.0
robust_center_rooted_tree_smoke/v1,diagnostic_robust_center_rooted_tree_not_calibration,diagnostic_robust_center_root_anchor_not_calibration,20,balanced_clean,8,geometric_median_rooted,0.2497063791966633,0.05363858595111526,,630,633,0.05132180329985728,0.24233846732305817,0.490625,0.921875,1,0.0
robust_center_rooted_tree_smoke/v1,diagnostic_robust_center_rooted_tree_not_calibration,diagnostic_robust_center_root_anchor_not_calibration,20,balanced_clean,8,tukey_depth_rooted,0.2497063791966633,0.05363858595111526,0.421875,630,633,0.05132180329985728,0.24233846732305817,0.490625,0.921875,1,0.0
robust_center_rooted_tree_smoke/v1,diagnostic_robust_center_rooted_tree_not_calibration,diagnostic_robust_center_root_anchor_not_calibration,20,balanced_clean,9,centroid_rooted,0.3077966994964214,0.045625320265771534,,635,636,0.049282575884102876,0.2302223724334789,0.496875,0.934375,0,0.0
robust_center_rooted_tree_smoke/v1,diagnostic_robust_center_rooted_tree_not_calibration,diagnostic_robust_center_root_anchor_not_calibration,20,balanced_clean,9,geometric_median_rooted,0.31726005993359296,0.04889818053232381,,635,636,0.07304360792025212,0.2302223724334789,0.496875,0.934375,0,0.0
robust_center_rooted_tree_smoke/v1,diagnostic_robust_center_rooted_tree_not_calibration,diagnostic_robust_center_root_anchor_not_calibration,20,balanced_clean,9,tukey_depth_rooted,0.31726005993359296,0.04889818053232381,0.440625,635,636,0.07304360792025212,0.2302223724334789,0.496875,0.934375,0,0.0
robust_center_rooted_tree_smoke/v1,diagnostic_robust_center_rooted_tree_not_calibration,diagnostic_robust_center_root_anchor_not_calibration,20,balanced_clean,10,centroid_rooted,0.2479232938856753,0.0405245298721512,,634,635,0.04949698504440229,0.24256727671130496,0.225,0.91875,1,0.0
robust_center_rooted_tree_smoke/v1,diagnostic_robust_center_rooted_tree_not_calibration,diagnostic_robust_center_root_anchor_not_calibration,20,balanced_clean,10,geometric_median_rooted,0.251583859997383,0.04326164064476446,,634,635,0.04997786947979035,0.24256727671130496,0.225,0.91875,1,0.0
robust_center_rooted_tree_smoke/v1,diagnostic_robust_center_rooted_tree_not_calibration,diagnostic_robust_center_root_anchor_not_calibration,20,balanced_clean,10,tukey_depth_rooted,0.2479232938856753,0.0405245298721512,0.428125,634,635,0.04949698504440229,0.24256727671130496,0.225,0.91875,1,0.0
robust_center_rooted_tree_smoke/v1,diagnostic_robust_center_rooted_tree_not_calibration,diagnostic_robust_center_root_anchor_not_calibration,20,balanced_clean,11,centroid_rooted,0.36249796869118667,0.020882602539253076,,633,634,0.07972101792807601,0.42744455415291344,0.496875,0.921875,0,0.0
robust_center_rooted_tree_smoke/v1,diagnostic_robust_center_rooted_tree_not_calibration,diagnostic_robust_center_root_anchor_not_calibration,20,balanced_clean,11,geometric_median_rooted,0.39028222030405446,0.023118228431316272,,633,634,0.059752986143764335,0.42744455415291344,0.496875,0.921875,0,0.0
robust_center_rooted_tree_smoke/v1,diagnostic_robust_center_rooted_tree_not_calibration,diagnostic_robust_center_root_anchor_not_calibration,20,balanced_clean,11,tukey_depth_rooted,0.36249796869118667,0.020882602539253076,0.43125,633,634,0.07972101792807601,0.42744455415291344,0.496875,0.921875,0,0.0
robust_center_rooted_tree_smoke/v1,diagnostic_robust_center_rooted_tree_not_calibration,diagnostic_robust_center_root_anchor_not_calibration,20,balanced_clean,12,centroid_rooted,0.2558012734592944,0.04629812204376503,,632,633,0.04264212155346909,0.2636983222657802,0.234375,0.934375,1,0.0
robust_center_rooted_tree_smoke/v1,diagnostic_robust_center_rooted_tree_not_calibration,diagnostic_robust_center_root_anchor_not_calibration,20,balanced_clean,12,geometric_median_rooted,0.2612607787814036,0.05201547045701853,,632,633,0.055781717152817614,0.2636983222657802,0.234375,0.934375,1,0.0
robust_center_rooted_tree_smoke/v1,diagnostic_robust_center_rooted_tree_not_calibration,diagnostic_robust_center_root_anchor_not_calibration,20,balanced_clean,12,tukey_depth_rooted,0.2558012734592944,0.04629812204376503,0.4375,632,633,0.04264212155346909,0.2636983222657802,0.234375,0.934375,1,0.0
robust_center_rooted_tree_smoke/v1,diagnostic_robust_center_rooted_tree_not_calibration,diagnostic_robust_center_root_anchor_not_calibration,20,balanced_clean,13,centroid_rooted,0.2714718236693331,0.03720136047038803,,631,632,0.07801119932212731,0.2823021681007508,0.29375,0.91875,1,0.0
robust_center_rooted_tree_smoke/v1,diagnostic_robust_center_rooted_tree_not_calibration,diagnostic_robust_center_root_anchor_not_calibration,20,balanced_clean,13,geometric_median_rooted,0.28639857994994705,0.03914538032472347,,631,632,0.07725709804272574,0.2823021681007508,0.29375,0.91875,1,0.0
robust_center_rooted_tree_smoke/v1,diagnostic_robust_center_rooted_tree_not_calibration,diagnostic_robust_center_root_anchor_not_calibration,20,balanced_clean,13,tukey_depth_rooted,0.2714718236693331,0.03720136047038803,0.41875,631,632,0.07801119932212731,0.2823021681007508,0.29375,0.91875,1,0.0
robust_center_rooted_tree_smoke/v1,diagnostic_robust_center_rooted_tree_not_calibration,diagnostic_robust_center_root_anchor_not_calibration,20,balanced_clean,14,centroid_rooted,0.3008493879235673,0.024998502143689046,,626,629,0.06687262447219863,0.3354471522632968,0.425,0.90625,2,0.0
robust_center_rooted_tree_smoke/v1,diagnostic_robust_center_rooted_tree_not_calibration,diagnostic_robust_center_root_anchor_not_calibration,20,balanced_clean,14,geometric_median_rooted,0.3181756155746339,0.028482904303052503,,628,629,0.07092872985824254,0.3355735649799312,0.465625,0.909375,2,0.0
robust_center_rooted_tree_smoke/v1,diagnostic_robust_center_rooted_tree_not_calibration,diagnostic_robust_center_root_anchor_not_calibration,20,balanced_clean,14,tukey_depth_rooted,0.3008493879235673,0.024998502143689046,0.421875,626,629,0.06687262447219863,0.3354471522632968,0.425,0.90625,2,0.0
robust_center_rooted_tree_smoke/v1,diagnostic_robust_center_rooted_tree_not_calibration,diagnostic_robust_center_root_anchor_not_calibration,20,balanced_clean,15,centroid_rooted,0.2776764926328029,0.047519001590355034,,631,632,0.044792502583229525,0.2652330104078622,0.271875,0.928125,1,0.0
robust_center_rooted_tree_smoke/v1,diagnostic_robust_center_rooted_tree_not_calibration,diagnostic_robust_center_root_anchor_not_calibration,20,balanced_clean,15,geometric_median_rooted,0.29810217041674875,0.056349392368071016,,631,632,0.057409661155290274,0.2652330104078622,0.271875,0.928125,1,0.0
robust_center_rooted_tree_smoke/v1,diagnostic_robust_center_rooted_tree_not_calibration,diagnostic_robust_center_root_anchor_not_calibration,20,balanced_clean,15,tukey_depth_rooted,0.2776764926328029,0.047519001590355034,0.440625,631,632,0.044792502583229525,0.2652330104078622,0.271875,0.928125,1,0.0
robust_center_rooted_tree_smoke/v1,diagnostic_robust_center_rooted_tree_not_calibration,diagnostic_robust_center_root_anchor_not_calibration,20,balanced_clean,16,centroid_rooted,0.2807284760286323,0.04413602030265034,,636,637,0.02187525449194641,0.2746860839819237,0.5,0.91875,1,0.0
robust_center_rooted_tree_smoke/v1,diagnostic_robust_center_rooted_tree_not_calibration,diagnostic_robust_center_root_anchor_not_calibration,20,balanced_clean,16,geometric_median_rooted,0.2899937559400027,0.047150104753507616,,635,637,0.04355774369735564,0.2744489212025913,0.496875,0.921875,1,0.0
robust_center_rooted_tree_smoke/v1,diagnostic_robust_center_rooted_tree_not_calibration,diagnostic_robust_center_root_anchor_not_calibration,20,balanced_clean,16,tukey_depth_rooted,0.2899937559400027,0.047150104753507616,0.425,635,637,0.04355774369735564,0.2744489212025913,0.496875,0.921875,1,0.0
robust_center_rooted_tree_smoke/v1,diagnostic_robust_center_rooted_tree_not_calibration,diagnostic_robust_center_root_anchor_not_calibration,20,balanced_clean,17,centroid_rooted,0.2472610797391762,0.03735690140659243,,621,626,0.07045600339728902,0.26767844819631464,0.484375,0.903125,3,0.0
robust_center_rooted_tree_smoke/v1,diagnostic_robust_center_rooted_tree_not_calibration,diagnostic_robust_center_root_anchor_not_calibration,20,balanced_clean,17,geometric_median_rooted,0.27284511176597176,0.04016389163420174,,621,626,0.073010559708015,0.26767844819631464,0.484375,0.903125,3,0.0
robust_center_rooted_tree_smoke/v1,diagnostic_robust_center_rooted_tree_not_calibration,diagnostic_robust_center_root_anchor_not_calibration,20,balanced_clean,17,tukey_depth_rooted,0.2472610797391762,0.03735690140659243,0.43125,621,626,0.07045600339728902,0.26767844819631464,0.484375,0.903125,3,0.0
robust_center_rooted_tree_smoke/v1,diagnostic_robust_center_rooted_tree_not_calibration,diagnostic_robust_center_root_anchor_not_calibration,20,balanced_clean,18,centroid_rooted,0.20392866689320396,0.03203092038333586,,631,635,0.03460082973728718,0.2159598070659872,0.221875,0.928125,1,0.0
robust_center_rooted_tree_smoke/v1,diagnostic_robust_center_rooted_tree_not_calibration,diagnostic_robust_center_root_anchor_not_calibration,20,balanced_clean,18,geometric_median_rooted,0.2268412082719185,0.03646001381642859,,634,635,0.049569482762960325,0.21575744575539502,0.23125,0.925,1,0.0
robust_center_rooted_tree_smoke/v1,diagnostic_robust_center_rooted_tree_not_calibration,diagnostic_robust_center_root_anchor_not_calibration,20,balanced_clean,18,tukey_depth_rooted,0.20392866689320396,0.03203092038333586,0.4375,631,635,0.03460082973728718,0.2159598070659872,0.221875,0.928125,1,0.0
robust_center_rooted_tree_smoke/v1,diagnostic_robust_center_rooted_tree_not_calibration,diagnostic_robust_center_root_anchor_not_calibration,20,balanced_clean,19,centroid_rooted,0.22966337461876904,0.04590070829964273,,630,633,0.048227809496016245,0.21811463513118623,0.475,0.9125,2,0.0
robust_center_rooted_tree_smoke/v1,diagnostic_robust_center_rooted_tree_not_calibration,diagnostic_robust_center_root_anchor_not_calibration,20,balanced_clean,19,geometric_median_rooted,0.24315942889326753,0.05164125165497408,,631,633,0.055889834406986125,0.22665871060912277,0.45,0.91875,2,0.0
robust_center_rooted_tree_smoke/v1,diagnostic_robust_center_rooted_tree_not_calibration,diagnostic_robust_center_root_anchor_not_calibration,20,balanced_clean,19,tukey_depth_rooted,0.22966337461876904,0.04590070829964273,0.4375,630,633,0.048227809496016245,0.21811463513118623,0.475,0.9125,2,0.0
robust_center_rooted_tree_smoke/v1,diagnostic_robust_center_rooted_tree_not_calibration,diagnostic_robust_center_root_anchor_not_calibration,20,balanced_clean,20,centroid_rooted,0.2873207325241376,0.029744485458803097,,629,634,0.04350397411714726,0.2881751905257544,0.475,0.8875,3,0.0
robust_center_rooted_tree_smoke/v1,diagnostic_robust_center_rooted_tree_not_calibration,diagnostic_robust_center_root_anchor_not_calibration,20,balanced_clean,20,geometric_median_rooted,0.3051856064772473,0.03653062611017711,,629,634,0.040877148302844536,0.2881751905257544,0.475,0.8875,3,0.0
robust_center_rooted_tree_smoke/v1,diagnostic_robust_center_rooted_tree_not_calibration,diagnostic_robust_center_root_anchor_not_calibration,20,balanced_clean,20,tukey_depth_rooted,0.2873207325241376,0.029744485458803097,0.41875,629,634,0.04350397411714726,0.2881751905257544,0.475,0.8875,3,0.0
robust_center_rooted_tree_smoke/v1,diagnostic_robust_center_rooted_tree_not_calibration,diagnostic_robust_center_root_anchor_not_calibration,20,balanced_clean,21,centroid_rooted,0.31785528266251156,0.04345557087793286,,630,633,0.04967169585508786,0.28337779164509963,0.209375,0.915625,1,0.0
robust_center_rooted_tree_smoke/v1,diagnostic_robust_center_rooted_tree_not_calibration,diagnostic_robust_center_root_anchor_not_calibration,20,balanced_clean,21,geometric_median_rooted,0.3251764680243927,0.05078287594849474,,630,633,0.07014211207343946,0.28337779164509963,0.209375,0.915625,1,0.0
robust_center_rooted_tree_smoke/v1,diagnostic_robust_center_rooted_tree_not_calibration,diagnostic_robust_center_root_anchor_not_calibration,20,balanced_clean,21,tukey_depth_rooted,0.31785528266251156,0.04345557087793286,0.44375,630,633,0.04967169585508786,0.28337779164509963,0.209375,0.915625,1,0.0
robust_center_rooted_tree_smoke/v1,diagnostic_robust_center_rooted_tree_not_calibration,diagnostic_robust_center_root_anchor_not_calibration,20,balanced_clean,22,centroid_rooted,0.268701541515575,0.007169465326108965,,626,634,0.055765974519787785,0.2093987765949333,0.23125,0.95,1,0.0
robust_center_rooted_tree_smoke/v1,diagnostic_robust_center_rooted_tree_not_calibration,diagnostic_robust_center_root_anchor_not_calibration,20,balanced_clean,22,geometric_median_rooted,0.28575615641226204,0.010142689300978839,,633,634,0.057109178337208785,0.2600895124903732,0.25,0.9375,1,0.0
robust_center_rooted_tree_smoke/v1,diagnostic_robust_center_rooted_tree_not_calibration,diagnostic_robust_center_root_anchor_not_calibration,20,balanced_clean,22,tukey_depth_rooted,0.268701541515575,0.007169465326108965,0.421875,626,634,0.055765974519787785,0.2093987765949333,0.23125,0.95,1,0.0
robust_center_rooted_tree_smoke/v1,diagnostic_robust_center_rooted_tree_not_calibration,diagnostic_robust_center_root_anchor_not_calibration,20,balanced_clean,23,centroid_rooted,0.2257295629412669,0.030567695927478752,,628,629,0.08558731318971748,0.25184480575245144,0.471875,0.865625,3,0.0
robust_center_rooted_tree_smoke/v1,diagnostic_robust_center_rooted_tree_not_calibration,diagnostic_robust_center_root_anchor_not_calibration,20,balanced_clean,23,geometric_median_rooted,0.22389616480498398,0.03584714237414899,,628,629,0.08877554568389111,0.25184480575245144,0.471875,0.865625,3,0.0
robust_center_rooted_tree_smoke/v1,diagnostic_robust_center_rooted_tree_not_calibration,diagnostic_robust_center_root_anchor_not_calibration,20,balanced_clean,23,tukey_depth_rooted,0.2257295629412669,0.030567695927478752,0.44375,628,629,0.08558731318971748,0.25184480575245144,0.471875,0.865625,3,0.0
robust_center_rooted_tree_smoke/v1,diagnostic_robust_center_rooted_tree_not_calibration,diagnostic_robust_center_root_anchor_not_calibration,20,balanced_clean,24,centroid_rooted,0.2445762810617232,0.027568837667930852,,629,632,0.05963257980599867,0.2633675778593184,0.496875,0.909375,2,0.0
robust_center_rooted_tree_smoke/v1,diagnostic_robust_center_rooted_tree_not_calibration,diagnostic_robust_center_root_anchor_not_calibration,20,balanced_clean,24,geometric_median_rooted,0.2482491911421895,0.02931437193052052,,629,632,0.05408836561324867,0.2633675778593184,0.496875,0.909375,2,0.0
robust_center_rooted_tree_smoke/v1,diagnostic_robust_center_rooted_tree_not_calibration,diagnostic_robust_center_root_anchor_not_calibration,20,balanced_clean,24,tukey_depth_rooted,0.2445762810617232,0.027568837667930852,0.425,629,632,0.05963257980599867,0.2633675778593184,0.496875,0.909375,2,0.0
robust_center_rooted_tree_smoke/v1,diagnostic_robust_center_rooted_tree_not_calibration,diagnostic_robust_center_root_anchor_not_calibration,20,balanced_clean,25,centroid_rooted,0.19623462878614886,0.03146624051453721,,630,631,0.08609619520883437,0.19869875533806422,0.484375,0.884375,3,0.0
robust_center_rooted_tree_smoke/v1,diagnostic_robust_center_rooted_tree_not_calibration,diagnostic_robust_center_root_anchor_not_calibration,20,balanced_clean,25,geometric_median_rooted,0.19678112686456717,0.030916352325018034,,630,631,0.09193876398105746,0.19869875533806422,0.484375,0.884375,3,0.0
robust_center_rooted_tree_smoke/v1,diagnostic_robust_center_rooted_tree_not_calibration,diagnostic_robust_center_root_anchor_not_calibration,20,balanced_clean,25,tukey_depth_rooted,0.19623462878614886,0.03146624051453721,0.4375,630,631,0.08609619520883437,0.19869875533806422,0.484375,0.884375,3,0.0
robust_center_rooted_tree_smoke/v1,diagnostic_robust_center_rooted_tree_not_calibration,diagnostic_robust_center_root_anchor_not_calibration,20,balanced_clean,26,centroid_rooted,0.30499467816718423,0.06064194634087195,,631,632,0.06963228868007093,0.3222277651569648,0.459375,0.928125,2,0.0
robust_center_rooted_tree_smoke/v1,diagnostic_robust_center_rooted_tree_not_calibration,diagnostic_robust_center_root_anchor_not_calibration,20,balanced_clean,26,geometric_median_rooted,0.3293969470051056,0.06749734676760438,,631,632,0.059381344526827765,0.3222277651569648,0.459375,0.928125,2,0.0
robust_center_rooted_tree_smoke/v1,diagnostic_robust_center_rooted_tree_not_calibration,diagnostic_robust_center_root_anchor_not_calibration,20,balanced_clean,26,tukey_depth_rooted,0.30499467816718423,0.06064194634087195,0.434375,631,632,0.06963228868007093,0.3222277651569648,0.459375,0.928125,2,0.0
robust_center_rooted_tree_smoke/v1,diagnostic_robust_center_rooted_tree_not_calibration,diagnostic_robust_center_root_anchor_not_calibration,20,balanced_clean,27,centroid_rooted,0.1694771620511594,0.04044827071312717,,627,632,0.07094814906891558,0.2018486207549663,0.240625,0.921875,1,0.0
robust_center_rooted_tree_smoke/v1,diagnostic_robust_center_rooted_tree_not_calibration,diagnostic_robust_center_root_anchor_not_calibration,20,balanced_clean,27,geometric_median_rooted,0.18222881137156846,0.05078781399312601,,630,632,0.07965076446397612,0.20634370212258601,0.271875,0.903125,2,0.0
robust_center_rooted_tree_smoke/v1,diagnostic_robust_center_rooted_tree_not_calibration,diagnostic_robust_center_root_anchor_not_calibration,20,balanced_clean,27,tukey_depth_rooted,0.18222881137156846,0.05078781399312601,0.434375,630,632,0.07965076446397612,0.20634370212258601,0.271875,0.903125,2,0.0
robust_center_rooted_tree_smoke/v1,diagnostic_robust_center_rooted_tree_not_calibration,diagnostic_robust_center_root_anchor_not_calibration,20,balanced_clean,28,centroid_rooted,0.13986284587818615,0.027153917919507366,,633,635,0.10382708204296348,0.21289026931643645,0.24375,0.8875,1,0.0
robust_center_rooted_tree_smoke/v1,diagnostic_robust_center_rooted_tree_not_calibration,diagnostic_robust_center_root_anchor_not_calibration,20,balanced_clean,28,geometric_median_rooted,0.15293773467573202,0.03342178518280573,,633,635,0.0895765469332664,0.21289026931643645,0.24375,0.8875,1,0.0
robust_center_rooted_tree_smoke/v1,diagnostic_robust_center_rooted_tree_not_calibration,diagnostic_robust_center_root_anchor_not_calibration,20,balanced_clean,28,tukey_depth_rooted,0.13986284587818615,0.027153917919507366,0.428125,633,635,0.10382708204296348,0.21289026931643645,0.24375,0.8875,1,0.0
robust_center_rooted_tree_smoke/v1,diagnostic_robust_center_rooted_tree_not_calibration,diagnostic_robust_center_root_anchor_not_calibration,20,balanced_clean,29,centroid_rooted,0.210840598254389,0.04432925433900379,,632,633,0.0624987709451041,0.19763078157414232,0.484375,0.965625,0,0.0
robust_center_rooted_tree_smoke/v1,diagnostic_robust_center_rooted_tree_not_calibration,diagnostic_robust_center_root_anchor_not_calibration,20,balanced_clean,29,geometric_median_rooted,0.2337306116780511,0.053029134530925795,,630,633,0.0858684701143302,0.19803406859109646,0.490625,0.959375,0,0.0
robust_center_rooted_tree_smoke/v1,diagnostic_robust_center_rooted_tree_not_calibration,diagnostic_robust_center_root_anchor_not_calibration,20,balanced_clean,29,tukey_depth_rooted,0.2337306116780511,0.053029134530925795,0.428125,630,633,0.0858684701143302,0.19803406859109646,0.490625,0.959375,0,0.0
robust_center_rooted_tree_smoke/v1,diagnostic_robust_center_rooted_tree_not_calibration,diagnostic_robust_center_root_anchor_not_calibration,20,balanced_10pct_outliers,0,centroid_rooted,1.2027404682441765,0.08017717417997922,,694,696,1.0214220284752429,0.29625808720620805,0.42329545454545453,0.890625,1,0.0
robust_center_rooted_tree_smoke/v1,diagnostic_robust_center_rooted_tree_not_calibration,diagnostic_robust_center_root_anchor_not_calibration,20,balanced_10pct_outliers,0,geometric_median_rooted,0.6368934007025161,0.03774463403632221,,694,696,0.44533192013618245,0.29625808720620805,0.42329545454545453,0.890625,1,0.0
robust_center_rooted_tree_smoke/v1,diagnostic_robust_center_rooted_tree_not_calibration,diagnostic_robust_center_root_anchor_not_calibration,20,balanced_10pct_outliers,0,tukey_depth_rooted,0.6368934007025161,0.03774463403632221,0.4289772727272727,694,696,0.44533192013618245,0.29625808720620805,0.42329545454545453,0.890625,1,0.0
robust_center_rooted_tree_smoke/v1,diagnostic_robust_center_rooted_tree_not_calibration,diagnostic_robust_center_root_anchor_not_calibration,20,balanced_10pct_outliers,1,centroid_rooted,1.0795178073280973,0.09697724544791848,,686,690,0.9967652893611368,0.3445041352088077,0.4346590909090909,0.890625,2,0.0
robust_center_rooted_tree_smoke/v1,diagnostic_robust_center_rooted_tree_not_calibration,diagnostic_robust_center_root_anchor_not_calibration,20,balanced_10pct_outliers,1,geometric_median_rooted,0.5499522762450675,0.06416594084166215,,686,690,0.44139578355368186,0.3445041352088077,0.4346590909090909,0.890625,2,0.0
robust_center_rooted_tree_smoke/v1,diagnostic_robust_center_rooted_tree_not_calibration,diagnostic_robust_center_root_anchor_not_calibration,20,balanced_10pct_outliers,1,tukey_depth_rooted,0.5499522762450675,0.06416594084166215,0.42329545454545453,686,690,0.44139578355368186,0.3445041352088077,0.4346590909090909,0.890625,2,0.0
robust_center_rooted_tree_smoke/v1,diagnostic_robust_center_rooted_tree_not_calibration,diagnostic_robust_center_root_anchor_not_calibration,20,balanced_10pct_outliers,2,centroid_rooted,1.009878654771775,0.08592830408525026,,691,695,1.0201293130200746,0.2739863621195674,0.4630681818181818,0.953125,0,0.0
robust_center_rooted_tree_smoke/v1,diagnostic_robust_center_rooted_tree_not_calibration,diagnostic_robust_center_root_anchor_not_calibration,20,balanced_10pct_outliers,2,geometric_median_rooted,0.4930191146413706,0.06669011010904374,,691,695,0.4699836019175288,0.2739863621195674,0.4630681818181818,0.953125,0,0.0
robust_center_rooted_tree_smoke/v1,diagnostic_robust_center_rooted_tree_not_calibration,diagnostic_robust_center_root_anchor_not_calibration,20,balanced_10pct_outliers,2,tukey_depth_rooted,0.4930191146413706,0.06669011010904374,0.4346590909090909,691,695,0.4699836019175288,0.2739863621195674,0.4630681818181818,0.953125,0,0.0
robust_center_rooted_tree_smoke/v1,diagnostic_robust_center_rooted_tree_not_calibration,diagnostic_robust_center_root_anchor_not_calibration,20,balanced_10pct_outliers,3,centroid_rooted,1.1104511622526279,0.10786123401460067,,694,697,1.0150002692832694,0.3648365544304389,0.4289772727272727,0.915625,2,0.0
robust_center_rooted_tree_smoke/v1,diagnostic_robust_center_rooted_tree_not_calibration,diagnostic_robust_center_root_anchor_not_calibration,20,balanced_10pct_outliers,3,geometric_median_rooted,0.5753230137904853,0.07634767360157882,,694,697,0.4368341272638313,0.3648365544304389,0.4289772727272727,0.915625,2,0.0
robust_center_rooted_tree_smoke/v1,diagnostic_robust_center_rooted_tree_not_calibration,diagnostic_robust_center_root_anchor_not_calibration,20,balanced_10pct_outliers,3,tukey_depth_rooted,0.5753230137904853,0.07634767360157882,0.41761363636363635,694,697,0.4368341272638313,0.3648365544304389,0.4289772727272727,0.915625,2,0.0
robust_center_rooted_tree_smoke/v1,diagnostic_robust_center_rooted_tree_not_calibration,diagnostic_robust_center_root_anchor_not_calibration,20,balanced_10pct_outliers,4,centroid_rooted,1.1074217768882226,0.10883975803688178,,692,693,1.0684547327052956,0.327502492145335,0.4715909090909091,0.90625,1,0.0
robust_center_rooted_tree_smoke/v1,diagnostic_robust_center_rooted_tree_not_calibration,diagnostic_robust_center_root_anchor_not_calibration,20,balanced_10pct_outliers,4,geometric_median_rooted,0.553642506278585,0.09616709425556921,,692,693,0.4641996933235424,0.327502492145335,0.4715909090909091,0.90625,1,0.0
robust_center_rooted_tree_smoke/v1,diagnostic_robust_center_rooted_tree_not_calibration,diagnostic_robust_center_root_anchor_not_calibration,20,balanced_10pct_outliers,4,tukey_depth_rooted,0.553642506278585,0.09616709425556921,0.4090909090909091,692,693,0.4641996933235424,0.327502492145335,0.4715909090909091,0.90625,1,0.0
robust_center_rooted_tree_smoke/v1,diagnostic_robust_center_rooted_tree_not_calibration,diagnostic_robust_center_root_anchor_not_calibration,20,balanced_10pct_outliers,5,centroid_rooted,1.1014905339001213,0.06846430992546874,,696,699,1.0926309209777714,0.19571318905665155,0.32386363636363635,0.94375,1,0.2807017543859649
robust_center_rooted_tree_smoke/v1,diagnostic_robust_center_rooted_tree_not_calibration,diagnostic_robust_center_root_anchor_not_calibration,20,balanced_10pct_outliers,5,geometric_median_rooted,0.5085614483645752,0.0701744547358135,,696,699,0.46756909932430774,0.19571318905665155,0.32386363636363635,0.94375,1,0.2807017543859649
robust_center_rooted_tree_smoke/v1,diagnostic_robust_center_rooted_tree_not_calibration,diagnostic_robust_center_root_anchor_not_calibration,20,balanced_10pct_outliers,5,tukey_depth_rooted,0.5085614483645752,0.0701744547358135,0.42045454545454547,696,699,0.46756909932430774,0.19571318905665155,0.32386363636363635,0.94375,1,0.2807017543859649
robust_center_rooted_tree_smoke/v1,diagnostic_robust_center_rooted_tree_not_calibration,diagnostic_robust_center_root_anchor_not_calibration,20,balanced_10pct_outliers,6,centroid_rooted,1.1281330703089725,0.09702256918997516,,687,693,1.0348205283278868,0.2026179135208524,0.4744318181818182,0.909375,2,0.0
robust_center_rooted_tree_smoke/v1,diagnostic_robust_center_rooted_tree_not_calibration,diagnostic_robust_center_root_anchor_not_calibration,20,balanced_10pct_outliers,6,geometric_median_rooted,0.565756251865555,0.06646185427631437,,687,693,0.4851455893697579,0.2026179135208524,0.4744318181818182,0.909375,2,0.0
robust_center_rooted_tree_smoke/v1,diagnostic_robust_center_rooted_tree_not_calibration,diagnostic_robust_center_root_anchor_not_calibration,20,balanced_10pct_outliers,6,tukey_depth_rooted,0.565756251865555,0.06646185427631437,0.4119318181818182,687,693,0.4851455893697579,0.2026179135208524,0.4744318181818182,0.909375,2,0.0
robust_center_rooted_tree_smoke/v1,diagnostic_robust_center_rooted_tree_not_calibration,diagnostic_robust_center_root_anchor_not_calibration,20,balanced_10pct_outliers,7,centroid_rooted,1.1605395575123147,0.12083059550250687,,693,694,1.1199911743803628,0.3058263270819313,0.45170454545454547,0.878125,3,0.0
robust_center_rooted_tree_smoke/v1,diagnostic_robust_center_rooted_tree_not_calibration,diagnostic_robust_center_root_anchor_not_calibration,20,balanced_10pct_outliers,7,geometric_median_rooted,0.5693904861543283,0.08732380670221757,,693,694,0.5037111521946479,0.3058263270819313,0.45170454545454547,0.878125,3,0.0
robust_center_rooted_tree_smoke/v1,diagnostic_robust_center_rooted_tree_not_calibration,diagnostic_robust_center_root_anchor_not_calibration,20,balanced_10pct_outliers,7,tukey_depth_rooted,0.5693904861543283,0.08732380670221757,0.42329545454545453,693,694,0.5037111521946479,0.3058263270819313,0.45170454545454547,0.878125,3,0.0
robust_center_rooted_tree_smoke/v1,diagnostic_robust_center_rooted_tree_not_calibration,diagnostic_robust_center_root_anchor_not_calibration,20,balanced_10pct_outliers,8,centroid_rooted,1.2168182060962762,0.13374080069521285,,694,698,1.0724166817175793,0.2991260821390701,0.45738636363636365,0.934375,1,0.0
robust_center_rooted_tree_smoke/v1,diagnostic_robust_center_rooted_tree_not_calibration,diagnostic_robust_center_root_anchor_not_calibration,20,balanced_10pct_outliers,8,geometric_median_rooted,0.6422834634206334,0.09904165884004357,,694,698,0.4731517306504125,0.2991260821390701,0.45738636363636365,0.934375,1,0.0
robust_center_rooted_tree_smoke/v1,diagnostic_robust_center_rooted_tree_not_calibration,diagnostic_robust_center_root_anchor_not_calibration,20,balanced_10pct_outliers,8,tukey_depth_rooted,0.6422834634206334,0.09904165884004357,0.4289772727272727,694,698,0.4731517306504125,0.2991260821390701,0.45738636363636365,0.934375,1,0.0
robust_center_rooted_tree_smoke/v1,diagnostic_robust_center_rooted_tree_not_calibration,diagnostic_robust_center_root_anchor_not_calibration,20,balanced_10pct_outliers,9,centroid_rooted,1.1449526347978887,0.034829976998185005,,695,697,1.0952323503097976,0.3084869720796333,0.4460227272727273,0.946875,0,0.0
robust_center_rooted_tree_smoke/v1,diagnostic_robust_center_rooted_tree_not_calibration,diagnostic_robust_center_root_anchor_not_calibration,20,balanced_10pct_outliers,9,geometric_median_rooted,0.5718639056010916,0.038284860639632566,,695,697,0.47791846628052637,0.3084869720796333,0.4460227272727273,0.946875,0,0.0
robust_center_rooted_tree_smoke/v1,diagnostic_robust_center_rooted_tree_not_calibration,diagnostic_robust_center_root_anchor_not_calibration,20,balanced_10pct_outliers,9,tukey_depth_rooted,0.5718639056010916,0.038284860639632566,0.42329545454545453,695,697,0.47791846628052637,0.3084869720796333,0.4460227272727273,0.946875,0,0.0
robust_center_rooted_tree_smoke/v1,diagnostic_robust_center_rooted_tree_not_calibration,diagnostic_robust_center_root_anchor_not_calibration,20,balanced_10pct_outliers,10,centroid_rooted,1.0399880972289157,0.042029396458837194,,694,697,1.081298663587911,0.2396055761480465,0.22443181818181818,0.946875,1,0.0
robust_center_rooted_tree_smoke/v1,diagnostic_robust_center_rooted_tree_not_calibration,diagnostic_robust_center_root_anchor_not_calibration,20,balanced_10pct_outliers,10,geometric_median_rooted,0.4312855639835081,0.010010789435518126,,694,697,0.4574458147901714,0.2396055761480465,0.22443181818181818,0.946875,1,0.0
robust_center_rooted_tree_smoke/v1,diagnostic_robust_center_rooted_tree_not_calibration,diagnostic_robust_center_root_anchor_not_calibration,20,balanced_10pct_outliers,10,tukey_depth_rooted,0.4312855639835081,0.010010789435518126,0.42613636363636365,694,697,0.4574458147901714,0.2396055761480465,0.22443181818181818,0.946875,1,0.0
robust_center_rooted_tree_smoke/v1,diagnostic_robust_center_rooted_tree_not_calibration,diagnostic_robust_center_root_anchor_not_calibration,20,balanced_10pct_outliers,11,centroid_rooted,1.0055500112599667,0.07127196874115933,,689,692,1.0151894089523112,0.32344379999971035,0.4602272727272727,0.9375,0,0.0
robust_center_rooted_tree_smoke/v1,diagnostic_robust_center_rooted_tree_not_calibration,diagnostic_robust_center_root_anchor_not_calibration,20,balanced_10pct_outliers,11,geometric_median_rooted,0.49445261517946665,0.03648169522582831,,689,692,0.4470624782267155,0.32344379999971035,0.4602272727272727,0.9375,0,0.0
robust_center_rooted_tree_smoke/v1,diagnostic_robust_center_rooted_tree_not_calibration,diagnostic_robust_center_root_anchor_not_calibration,20,balanced_10pct_outliers,11,tukey_depth_rooted,0.49445261517946665,0.03648169522582831,0.42045454545454547,689,692,0.4470624782267155,0.32344379999971035,0.4602272727272727,0.9375,0,0.0
robust_center_rooted_tree_smoke/v1,diagnostic_robust_center_rooted_tree_not_calibration,diagnostic_robust_center_root_anchor_not_calibration,20,balanced_10pct_outliers,12,centroid_rooted,1.128772373574553,0.140870465134991,,698,699,1.0106461013502024,0.2362245403754036,0.4659090909090909,0.9375,0,0.0
robust_center_rooted_tree_smoke/v1,diagnostic_robust_center_rooted_tree_not_calibration,diagnostic_robust_center_root_anchor_not_calibration,20,balanced_10pct_outliers,12,geometric_median_rooted,0.5823772759474874,0.0984366901106309,,698,699,0.46376234756664036,0.2362245403754036,0.4659090909090909,0.9375,0,0.0
robust_center_rooted_tree_smoke/v1,diagnostic_robust_center_rooted_tree_not_calibration,diagnostic_robust_center_root_anchor_not_calibration,20,balanced_10pct_outliers,12,tukey_depth_rooted,0.5823772759474874,0.0984366901106309,0.41761363636363635,698,699,0.46376234756664036,0.2362245403754036,0.4659090909090909,0.9375,0,0.0
robust_center_rooted_tree_smoke/v1,diagnostic_robust_center_rooted_tree_not_calibration,diagnostic_robust_center_root_anchor_not_calibration,20,balanced_10pct_outliers,13,centroid_rooted,1.170175300696119,0.053547719401420835,,693,696,1.0846426991327263,0.2670452447037739,0.42045454545454547,0.8875,3,0.0
robust_center_rooted_tree_smoke/v1,diagnostic_robust_center_rooted_tree_not_calibration,diagnostic_robust_center_root_anchor_not_calibration,20,balanced_10pct_outliers,13,geometric_median_rooted,0.6025843037993679,0.05076205987596831,,693,696,0.4890009333244841,0.2670452447037739,0.42045454545454547,0.8875,3,0.0
robust_center_rooted_tree_smoke/v1,diagnostic_robust_center_rooted_tree_not_calibration,diagnostic_robust_center_root_anchor_not_calibration,20,balanced_10pct_outliers,13,tukey_depth_rooted,0.6025843037993679,0.05076205987596831,0.42045454545454547,693,696,0.4890009333244841,0.2670452447037739,0.42045454545454547,0.8875,3,0.0
robust_center_rooted_tree_smoke/v1,diagnostic_robust_center_rooted_tree_not_calibration,diagnostic_robust_center_root_anchor_not_calibration,20,balanced_10pct_outliers,14,centroid_rooted,1.2013965360349463,0.12275154322654287,,692,693,0.9419122802122532,0.3351478285229016,0.44886363636363635,0.93125,1,0.0
robust_center_rooted_tree_smoke/v1,diagnostic_robust_center_rooted_tree_not_calibration,diagnostic_robust_center_root_anchor_not_calibration,20,balanced_10pct_outliers,14,geometric_median_rooted,0.650711314562141,0.06982641203132804,,692,693,0.4259652377341815,0.3351478285229016,0.44886363636363635,0.93125,1,0.0
robust_center_rooted_tree_smoke/v1,diagnostic_robust_center_rooted_tree_not_calibration,diagnostic_robust_center_root_anchor_not_calibration,20,balanced_10pct_outliers,14,tukey_depth_rooted,0.650711314562141,0.06982641203132804,0.42613636363636365,692,693,0.4259652377341815,0.3351478285229016,0.44886363636363635,0.93125,1,0.0
robust_center_rooted_tree_smoke/v1,diagnostic_robust_center_rooted_tree_not_calibration,diagnostic_robust_center_root_anchor_not_calibration,20,balanced_10pct_outliers,15,centroid_rooted,1.079522358695348,0.09820456853070106,,694,696,1.038503581070654,0.2003563640264099,0.4602272727272727,0.9125,2,0.0
robust_center_rooted_tree_smoke/v1,diagnostic_robust_center_rooted_tree_not_calibration,diagnostic_robust_center_root_anchor_not_calibration,20,balanced_10pct_outliers,15,geometric_median_rooted,0.4694218589394673,0.05761796286866953,,694,696,0.4390971526905648,0.2003563640264099,0.4602272727272727,0.9125,2,0.0
robust_center_rooted_tree_smoke/v1,diagnostic_robust_center_rooted_tree_not_calibration,diagnostic_robust_center_root_anchor_not_calibration,20,balanced_10pct_outliers,15,tukey_depth_rooted,0.4694218589394673,0.05761796286866953,0.4289772727272727,694,696,0.4390971526905648,0.2003563640264099,0.4602272727272727,0.9125,2,0.0
robust_center_rooted_tree_smoke/v1,diagnostic_robust_center_rooted_tree_not_calibration,diagnostic_robust_center_root_anchor_not_calibration,20,balanced_10pct_outliers,16,centroid_rooted,1.0030447356884828,0.054655237828896086,,694,695,1.073344023067922,0.2918473727153018,0.48295454545454547,0.9125,2,0.0
robust_center_rooted_tree_smoke/v1,diagnostic_robust_center_rooted_tree_not_calibration,diagnostic_robust_center_root_anchor_not_calibration,20,balanced_10pct_outliers,16,geometric_median_rooted,0.4559795003664558,0.030783561835589352,,694,695,0.48421114922519326,0.2918473727153018,0.48295454545454547,0.9125,2,0.0
robust_center_rooted_tree_smoke/v1,diagnostic_robust_center_rooted_tree_not_calibration,diagnostic_robust_center_root_anchor_not_calibration,20,balanced_10pct_outliers,16,tukey_depth_rooted,0.4559795003664558,0.030783561835589352,0.42045454545454547,694,695,0.48421114922519326,0.2918473727153018,0.48295454545454547,0.9125,2,0.0
robust_center_rooted_tree_smoke/v1,diagnostic_robust_center_rooted_tree_not_calibration,diagnostic_robust_center_root_anchor_not_calibration,20,balanced_10pct_outliers,17,centroid_rooted,1.1133554436655069,0.09066922433394294,,696,698,1.067485511515934,0.1859951612248495,0.22727272727272727,0.9375,1,0.0
robust_center_rooted_tree_smoke/v1,diagnostic_robust_center_rooted_tree_not_calibration,diagnostic_robust_center_root_anchor_not_calibration,20,balanced_10pct_outliers,17,geometric_median_rooted,0.5641899842274938,0.05518373882072888,,696,698,0.4947953539233779,0.1859951612248495,0.22727272727272727,0.9375,1,0.0
robust_center_rooted_tree_smoke/v1,diagnostic_robust_center_rooted_tree_not_calibration,diagnostic_robust_center_root_anchor_not_calibration,20,balanced_10pct_outliers,17,tukey_depth_rooted,0.5641899842274938,0.05518373882072888,0.4147727272727273,696,698,0.4947953539233779,0.1859951612248495,0.22727272727272727,0.9375,1,0.0
robust_center_rooted_tree_smoke/v1,diagnostic_robust_center_rooted_tree_not_calibration,diagnostic_robust_center_root_anchor_not_calibration,20,balanced_10pct_outliers,18,centroid_rooted,1.1586949070046628,0.04378193833092559,,696,699,1.0972323686651921,0.2707200881898211,0.24147727272727273,0.959375,0,0.0
robust_center_rooted_tree_smoke/v1,diagnostic_robust_center_rooted_tree_not_calibration,diagnostic_robust_center_root_anchor_not_calibration,20,balanced_10pct_outliers,18,geometric_median_rooted,0.5857252498659823,0.0375041001736557,,696,699,0.4817882757587467,0.2707200881898211,0.24147727272727273,0.959375,0,0.0
robust_center_rooted_tree_smoke/v1,diagnostic_robust_center_rooted_tree_not_calibration,diagnostic_robust_center_root_anchor_not_calibration,20,balanced_10pct_outliers,18,tukey_depth_rooted,0.5857252498659823,0.0375041001736557,0.42329545454545453,696,699,0.4817882757587467,0.2707200881898211,0.24147727272727273,0.959375,0,0.0
robust_center_rooted_tree_smoke/v1,diagnostic_robust_center_rooted_tree_not_calibration,diagnostic_robust_center_root_anchor_not_calibration,20,balanced_10pct_outliers,19,centroid_rooted,1.0924302561745494,0.0692608851150747,,688,693,1.1142818330842426,0.2609500082816964,0.4602272727272727,0.90625,3,0.0
robust_center_rooted_tree_smoke/v1,diagnostic_robust_center_rooted_tree_not_calibration,diagnostic_robust_center_root_anchor_not_calibration,20,balanced_10pct_outliers,19,geometric_median_rooted,0.48285169209119594,0.06192825195586182,,688,693,0.48279108751979477,0.2609500082816964,0.4602272727272727,0.90625,3,0.0
robust_center_rooted_tree_smoke/v1,diagnostic_robust_center_rooted_tree_not_calibration,diagnostic_robust_center_root_anchor_not_calibration,20,balanced_10pct_outliers,19,tukey_depth_rooted,0.48285169209119594,0.06192825195586182,0.4119318181818182,688,693,0.48279108751979477,0.2609500082816964,0.4602272727272727,0.90625,3,0.0
robust_center_rooted_tree_smoke/v1,diagnostic_robust_center_rooted_tree_not_calibration,diagnostic_robust_center_root_anchor_not_calibration,20,balanced_10pct_outliers,20,centroid_rooted,1.1800459580070959,0.0494610189381198,,693,695,1.1015712394029868,0.2735464680610717,0.4119318181818182,0.903125,2,0.0
robust_center_rooted_tree_smoke/v1,diagnostic_robust_center_rooted_tree_not_calibration,diagnostic_robust_center_root_anchor_not_calibration,20,balanced_10pct_outliers,20,geometric_median_rooted,0.5912170511711016,0.034931133295381465,,693,695,0.485107523142871,0.2735464680610717,0.4119318181818182,0.903125,2,0.0
robust_center_rooted_tree_smoke/v1,diagnostic_robust_center_rooted_tree_not_calibration,diagnostic_robust_center_root_anchor_not_calibration,20,balanced_10pct_outliers,20,tukey_depth_rooted,0.5912170511711016,0.034931133295381465,0.42613636363636365,693,695,0.485107523142871,0.2735464680610717,0.4119318181818182,0.903125,2,0.0
robust_center_rooted_tree_smoke/v1,diagnostic_robust_center_rooted_tree_not_calibration,diagnostic_robust_center_root_anchor_not_calibration,20,balanced_10pct_outliers,21,centroid_rooted,1.0443990605347904,0.12991010181329227,,697,698,1.1070477727256154,0.2710218527608663,0.3352272727272727,0.9375,0,0.2711864406779661
robust_center_rooted_tree_smoke/v1,diagnostic_robust_center_rooted_tree_not_calibration,diagnostic_robust_center_root_anchor_not_calibration,20,balanced_10pct_outliers,21,geometric_median_rooted,0.5072163119291573,0.08291829014922043,,697,698,0.5214870160172543,0.2710218527608663,0.3352272727272727,0.9375,0,0.2711864406779661
robust_center_rooted_tree_smoke/v1,diagnostic_robust_center_rooted_tree_not_calibration,diagnostic_robust_center_root_anchor_not_calibration,20,balanced_10pct_outliers,21,tukey_depth_rooted,0.5072163119291573,0.08291829014922043,0.4119318181818182,697,698,0.5214870160172543,0.2710218527608663,0.3352272727272727,0.9375,0,0.2711864406779661
robust_center_rooted_tree_smoke/v1,diagnostic_robust_center_rooted_tree_not_calibration,diagnostic_robust_center_root_anchor_not_calibration,20,balanced_10pct_outliers,22,centroid_rooted,1.1640446735525458,0.09247482481888795,,693,695,1.075067760656311,0.3404653149500581,0.40625,0.890625,2,0.0
robust_center_rooted_tree_smoke/v1,diagnostic_robust_center_rooted_tree_not_calibration,diagnostic_robust_center_root_anchor_not_calibration,20,balanced_10pct_outliers,22,geometric_median_rooted,0.6240367697977675,0.07923287569417067,,693,695,0.4732790763795794,0.3404653149500581,0.40625,0.890625,2,0.0
robust_center_rooted_tree_smoke/v1,diagnostic_robust_center_rooted_tree_not_calibration,diagnostic_robust_center_root_anchor_not_calibration,20,balanced_10pct_outliers,22,tukey_depth_rooted,0.6240367697977675,0.07923287569417067,0.4005681818181818,693,695,0.4732790763795794,0.3404653149500581,0.40625,0.890625,2,0.0
robust_center_rooted_tree_smoke/v1,diagnostic_robust_center_rooted_tree_not_calibration,diagnostic_robust_center_root_anchor_not_calibration,20,balanced_10pct_outliers,23,centroid_rooted,1.143606374650217,0.0773824914268139,,694,696,1.1012360370399676,0.22181455691800292,0.41761363636363635,0.921875,2,0.0
robust_center_rooted_tree_smoke/v1,diagnostic_robust_center_rooted_tree_not_calibration,diagnostic_robust_center_root_anchor_not_calibration,20,balanced_10pct_outliers,23,geometric_median_rooted,0.5828986141673749,0.06932655779017872,,694,696,0.509789588663561,0.22181455691800292,0.41761363636363635,0.921875,2,0.0
robust_center_rooted_tree_smoke/v1,diagnostic_robust_center_rooted_tree_not_calibration,diagnostic_robust_center_root_anchor_not_calibration,20,balanced_10pct_outliers,23,tukey_depth_rooted,0.5828986141673749,0.06932655779017872,0.42329545454545453,694,696,0.509789588663561,0.22181455691800292,0.41761363636363635,0.921875,2,0.0
robust_center_rooted_tree_smoke/v1,diagnostic_robust_center_rooted_tree_not_calibration,diagnostic_robust_center_root_anchor_not_calibration,20,balanced_10pct_outliers,24,centroid_rooted,1.0482961561332926,0.09571664788307775,,695,696,1.0792748110391235,0.29691400919351285,0.3465909090909091,0.9125,1,0.26229508196721313
robust_center_rooted_tree_smoke/v1,diagnostic_robust_center_rooted_tree_not_calibration,diagnostic_robust_center_root_anchor_not_calibration,20,balanced_10pct_outliers,24,geometric_median_rooted,0.5163229098549212,0.04236252247454253,,695,696,0.5080771785755801,0.29691400919351285,0.3465909090909091,0.9125,1,0.26229508196721313
robust_center_rooted_tree_smoke/v1,diagnostic_robust_center_rooted_tree_not_calibration,diagnostic_robust_center_root_anchor_not_calibration,20,balanced_10pct_outliers,24,tukey_depth_rooted,0.5163229098549212,0.04236252247454253,0.42613636363636365,695,696,0.5080771785755801,0.29691400919351285,0.3465909090909091,0.9125,1,0.26229508196721313
robust_center_rooted_tree_smoke/v1,diagnostic_robust_center_rooted_tree_not_calibration,diagnostic_robust_center_root_anchor_not_calibration,20,balanced_10pct_outliers,25,centroid_rooted,1.1338259076180988,0.09945709298176668,,690,696,1.0228336898120598,0.26798385660486235,0.1875,0.89375,1,0.0
robust_center_rooted_tree_smoke/v1,diagnostic_robust_center_rooted_tree_not_calibration,diagnostic_robust_center_root_anchor_not_calibration,20,balanced_10pct_outliers,25,geometric_median_rooted,0.5524254028660542,0.05701392430177127,,690,696,0.4541686215592568,0.26798385660486235,0.1875,0.89375,1,0.0
robust_center_rooted_tree_smoke/v1,diagnostic_robust_center_rooted_tree_not_calibration,diagnostic_robust_center_root_anchor_not_calibration,20,balanced_10pct_outliers,25,tukey_depth_rooted,0.5524254028660542,0.05701392430177127,0.4289772727272727,690,696,0.4541686215592568,0.26798385660486235,0.1875,0.89375,1,0.0
robust_center_rooted_tree_smoke/v1,diagnostic_robust_center_rooted_tree_not_calibration,diagnostic_robust_center_root_anchor_not_calibration,20,balanced_10pct_outliers,26,centroid_rooted,1.1820611663068445,0.11611703760010322,,690,692,1.0733759180843336,0.42813578365060195,0.34375,0.915625,1,0.2644628099173554
robust_center_rooted_tree_smoke/v1,diagnostic_robust_center_rooted_tree_not_calibration,diagnostic_robust_center_root_anchor_not_calibration,20,balanced_10pct_outliers,26,geometric_median_rooted,0.6911859217703349,0.11643780880872796,,690,692,0.49284251424168785,0.42813578365060195,0.34375,0.915625,1,0.2644628099173554
robust_center_rooted_tree_smoke/v1,diagnostic_robust_center_rooted_tree_not_calibration,diagnostic_robust_center_root_anchor_not_calibration,20,balanced_10pct_outliers,26,tukey_depth_rooted,0.6911859217703349,0.11643780880872796,0.41761363636363635,690,692,0.49284251424168785,0.42813578365060195,0.34375,0.915625,1,0.2644628099173554
robust_center_rooted_tree_smoke/v1,diagnostic_robust_center_rooted_tree_not_calibration,diagnostic_robust_center_root_anchor_not_calibration,20,balanced_10pct_outliers,27,centroid_rooted,1.1278143923691863,0.11893691177003039,,696,700,1.0684271825535583,0.27023545392585285,0.4602272727272727,0.96875,0,0.0
robust_center_rooted_tree_smoke/v1,diagnostic_robust_center_rooted_tree_not_calibration,diagnostic_robust_center_root_anchor_not_calibration,20,balanced_10pct_outliers,27,geometric_median_rooted,0.5800374588467174,0.08681086709035057,,696,700,0.4848101659110797,0.27023545392585285,0.4602272727272727,0.96875,0,0.0
robust_center_rooted_tree_smoke/v1,diagnostic_robust_center_rooted_tree_not_calibration,diagnostic_robust_center_root_anchor_not_calibration,20,balanced_10pct_outliers,27,tukey_depth_rooted,0.5800374588467174,0.08681086709035057,0.42613636363636365,696,700,0.4848101659110797,0.27023545392585285,0.4602272727272727,0.96875,0,0.0
robust_center_rooted_tree_smoke/v1,diagnostic_robust_center_rooted_tree_not_calibration,diagnostic_robust_center_root_anchor_not_calibration,20,balanced_10pct_outliers,28,centroid_rooted,1.0480135455215807,0.11738117106694058,,694,697,1.024998786528245,0.20058096838931638,0.41761363636363635,0.896875,2,0.0
robust_center_rooted_tree_smoke/v1,diagnostic_robust_center_rooted_tree_not_calibration,diagnostic_robust_center_root_anchor_not_calibration,20,balanced_10pct_outliers,28,geometric_median_rooted,0.46899466616658214,0.07810820118191354,,694,697,0.44476263163361224,0.20058096838931638,0.41761363636363635,0.896875,2,0.0
robust_center_rooted_tree_smoke/v1,diagnostic_robust_center_rooted_tree_not_calibration,diagnostic_robust_center_root_anchor_not_calibration,20,balanced_10pct_outliers,28,tukey_depth_rooted,0.46899466616658214,0.07810820118191354,0.42329545454545453,694,697,0.44476263163361224,0.20058096838931638,0.41761363636363635,0.896875,2,0.0
robust_center_rooted_tree_smoke/v1,diagnostic_robust_center_rooted_tree_not_calibration,diagnostic_robust_center_root_anchor_not_calibration,20,balanced_10pct_outliers,29,centroid_rooted,1.0467964918511328,0.0824560643495086,,690,696,1.0202972661147671,0.26829632739002085,0.4431818181818182,0.94375,1,0.0
robust_center_rooted_tree_smoke/v1,diagnostic_robust_center_rooted_tree_not_calibration,diagnostic_robust_center_root_anchor_not_calibration,20,balanced_10pct_outliers,29,geometric_median_rooted,0.476396079006071,0.03995354186901613,,690,696,0.4391195475802856,0.26829632739002085,0.4431818181818182,0.94375,1,0.0
robust_center_rooted_tree_smoke/v1,diagnostic_robust_center_rooted_tree_not_calibration,diagnostic_robust_center_root_anchor_not_calibration,20,balanced_10pct_outliers,29,tukey_depth_rooted,0.476396079006071,0.03995354186901613,0.42329545454545453,690,696,0.4391195475802856,0.26829632739002085,0.4431818181818182,0.94375,1,0.0
robust_center_rooted_tree_smoke/v1,diagnostic_robust_center_rooted_tree_not_calibration,diagnostic_robust_center_root_anchor_not_calibration,20,imbalanced_clean,0,centroid_rooted,0.9299420205644199,0.22242882344893114,,632,633,0.12062344092175505,0.675930170833891,0.209375,0.940625,2,0.0
robust_center_rooted_tree_smoke/v1,diagnostic_robust_center_rooted_tree_not_calibration,diagnostic_robust_center_root_anchor_not_calibration,20,imbalanced_clean,0,geometric_median_rooted,0.9870795762214425,0.23566949194491607,,631,633,0.11306664641022533,1.0272082505851678,0.25,0.9375,2,0.0
robust_center_rooted_tree_smoke/v1,diagnostic_robust_center_rooted_tree_not_calibration,diagnostic_robust_center_root_anchor_not_calibration,20,imbalanced_clean,0,tukey_depth_rooted,0.9299420205644199,0.22242882344893114,0.44375,632,633,0.12062344092175505,0.675930170833891,0.209375,0.940625,2,0.0
robust_center_rooted_tree_smoke/v1,diagnostic_robust_center_rooted_tree_not_calibration,diagnostic_robust_center_root_anchor_not_calibration,20,imbalanced_clean,1,centroid_rooted,0.9807879380097838,0.20929018296653012,,631,632,0.10408711997107681,0.8266137445754018,0.196875,0.953125,1,0.0
robust_center_rooted_tree_smoke/v1,diagnostic_robust_center_rooted_tree_not_calibration,diagnostic_robust_center_root_anchor_not_calibration,20,imbalanced_clean,1,geometric_median_rooted,1.0410126898538052,0.22279589526141194,,630,632,0.1334801145693692,0.9964127050374864,0.25,0.90625,2,0.0
robust_center_rooted_tree_smoke/v1,diagnostic_robust_center_rooted_tree_not_calibration,diagnostic_robust_center_root_anchor_not_calibration,20,imbalanced_clean,1,tukey_depth_rooted,1.0410126898538052,0.22279589526141194,0.4375,630,632,0.1334801145693692,0.9964127050374864,0.25,0.90625,2,0.0
robust_center_rooted_tree_smoke/v1,diagnostic_robust_center_rooted_tree_not_calibration,diagnostic_robust_center_root_anchor_not_calibration,20,imbalanced_clean,2,centroid_rooted,0.7713851587851124,0.1798153022771203,,634,635,0.049002090141006927,0.7476755366766628,0.18125,0.93125,1,0.0
robust_center_rooted_tree_smoke/v1,diagnostic_robust_center_rooted_tree_not_calibration,diagnostic_robust_center_root_anchor_not_calibration,20,imbalanced_clean,2,geometric_median_rooted,0.7869637547000145,0.18759687148928836,,634,635,0.08225022061147308,0.7476755366766628,0.18125,0.93125,1,0.0
robust_center_rooted_tree_smoke/v1,diagnostic_robust_center_rooted_tree_not_calibration,diagnostic_robust_center_root_anchor_not_calibration,20,imbalanced_clean,2,tukey_depth_rooted,0.7869637547000145,0.18759687148928836,0.446875,634,635,0.08225022061147308,0.7476755366766628,0.18125,0.93125,1,0.0
robust_center_rooted_tree_smoke/v1,diagnostic_robust_center_rooted_tree_not_calibration,diagnostic_robust_center_root_anchor_not_calibration,20,imbalanced_clean,3,centroid_rooted,0.784420540737156,0.16006654691130914,,629,633,0.06082415537717048,0.7259243532704628,0.465625,0.934375,1,0.0
robust_center_rooted_tree_smoke/v1,diagnostic_robust_center_rooted_tree_not_calibration,diagnostic_robust_center_root_anchor_not_calibration,20,imbalanced_clean,3,geometric_median_rooted,0.8177272395569192,0.16978403792368837,,631,633,0.07459775958648208,0.7926865168259303,0.490625,0.946875,1,0.0
robust_center_rooted_tree_smoke/v1,diagnostic_robust_center_rooted_tree_not_calibration,diagnostic_robust_center_root_anchor_not_calibration,20,imbalanced_clean,3,tukey_depth_rooted,0.8177272395569192,0.16978403792368837,0.4375,631,633,0.07459775958648208,0.7926865168259303,0.490625,0.946875,1,0.0
robust_center_rooted_tree_smoke/v1,diagnostic_robust_center_rooted_tree_not_calibration,diagnostic_robust_center_root_anchor_not_calibration,20,imbalanced_clean,4,centroid_rooted,0.7674328915558336,0.18584473968087073,,632,634,0.09848624253878877,0.7956826888319758,0.39375,0.93125,2,0.0
robust_center_rooted_tree_smoke/v1,diagnostic_robust_center_rooted_tree_not_calibration,diagnostic_robust_center_root_anchor_not_calibration,20,imbalanced_clean,4,geometric_median_rooted,0.8405145877326072,0.20498492973406834,,632,634,0.07785970334970387,0.7956826888319758,0.39375,0.93125,2,0.0
robust_center_rooted_tree_smoke/v1,diagnostic_robust_center_rooted_tree_not_calibration,diagnostic_robust_center_root_anchor_not_calibration,20,imbalanced_clean,4,tukey_depth_rooted,0.8405145877326072,0.20498492973406834,0.440625,632,634,0.07785970334970387,0.7956826888319758,0.39375,0.93125,2,0.0
robust_center_rooted_tree_smoke/v1,diagnostic_robust_center_rooted_tree_not_calibration,diagnostic_robust_center_root_anchor_not_calibration,20,imbalanced_clean,5,centroid_rooted,0.8964241635571139,0.21482009173328562,,630,632,0.19864710574058556,0.9768148228031072,0.490625,0.915625,1,0.0
robust_center_rooted_tree_smoke/v1,diagnostic_robust_center_rooted_tree_not_calibration,diagnostic_robust_center_root_anchor_not_calibration,20,imbalanced_clean,5,geometric_median_rooted,0.9111492044005008,0.21894810015496124,,631,632,0.1944531871975467,1.0550918579377955,0.40625,0.9125,2,0.0
robust_center_rooted_tree_smoke/v1,diagnostic_robust_center_rooted_tree_not_calibration,diagnostic_robust_center_root_anchor_not_calibration,20,imbalanced_clean,5,tukey_depth_rooted,0.8964241635571139,0.21482009173328562,0.434375,630,632,0.19864710574058556,0.9768148228031072,0.490625,0.915625,1,0.0
robust_center_rooted_tree_smoke/v1,diagnostic_robust_center_rooted_tree_not_calibration,diagnostic_robust_center_root_anchor_not_calibration,20,imbalanced_clean,6,centroid_rooted,0.8753404548066825,0.21201261477436287,,631,633,0.07517535586757254,0.8551997260827062,0.19375,0.91875,1,0.0
robust_center_rooted_tree_smoke/v1,diagnostic_robust_center_rooted_tree_not_calibration,diagnostic_robust_center_root_anchor_not_calibration,20,imbalanced_clean,6,geometric_median_rooted,0.8921165277061367,0.21612159108959264,,631,633,0.08505558076265003,0.8551997260827062,0.19375,0.91875,1,0.0
robust_center_rooted_tree_smoke/v1,diagnostic_robust_center_rooted_tree_not_calibration,diagnostic_robust_center_root_anchor_not_calibration,20,imbalanced_clean,6,tukey_depth_rooted,0.8921165277061367,0.21612159108959264,0.44375,631,633,0.08505558076265003,0.8551997260827062,0.19375,0.91875,1,0.0
robust_center_rooted_tree_smoke/v1,diagnostic_robust_center_rooted_tree_not_calibration,diagnostic_robust_center_root_anchor_not_calibration,20,imbalanced_clean,7,centroid_rooted,0.7110699638640203,0.14373721960160393,,632,633,0.09246531800620726,0.7530110729048233,0.484375,0.928125,2,0.0
robust_center_rooted_tree_smoke/v1,diagnostic_robust_center_rooted_tree_not_calibration,diagnostic_robust_center_root_anchor_not_calibration,20,imbalanced_clean,7,geometric_median_rooted,0.7309780753115064,0.1506939124139487,,631,633,0.08285655040418499,0.7719937371921739,0.44375,0.90625,3,0.0
robust_center_rooted_tree_smoke/v1,diagnostic_robust_center_rooted_tree_not_calibration,diagnostic_robust_center_root_anchor_not_calibration,20,imbalanced_clean,7,tukey_depth_rooted,0.7309780753115064,0.1506939124139487,0.4375,631,633,0.08285655040418499,0.7719937371921739,0.44375,0.90625,3,0.0
robust_center_rooted_tree_smoke/v1,diagnostic_robust_center_rooted_tree_not_calibration,diagnostic_robust_center_root_anchor_not_calibration,20,imbalanced_clean,8,centroid_rooted,1.0164333554505707,0.21115217250738935,,631,633,0.16658069341768594,1.1393126966856582,0.296875,0.928125,1,0.0
robust_center_rooted_tree_smoke/v1,diagnostic_robust_center_rooted_tree_not_calibration,diagnostic_robust_center_root_anchor_not_calibration,20,imbalanced_clean,8,geometric_median_rooted,1.0682248129494045,0.22621311053781604,,632,633,0.16550484705725882,1.1592183265532707,0.353125,0.909375,2,0.0
robust_center_rooted_tree_smoke/v1,diagnostic_robust_center_rooted_tree_not_calibration,diagnostic_robust_center_root_anchor_not_calibration,20,imbalanced_clean,8,tukey_depth_rooted,1.0682248129494045,0.22621311053781604,0.440625,632,633,0.16550484705725882,1.1592183265532707,0.353125,0.909375,2,0.0
robust_center_rooted_tree_smoke/v1,diagnostic_robust_center_rooted_tree_not_calibration,diagnostic_robust_center_root_anchor_not_calibration,20,imbalanced_clean,9,centroid_rooted,0.7355858278561849,0.16646257372657874,,633,634,0.03901823763057873,0.7304310681378375,0.340625,0.934375,2,0.0
robust_center_rooted_tree_smoke/v1,diagnostic_robust_center_rooted_tree_not_calibration,diagnostic_robust_center_root_anchor_not_calibration,20,imbalanced_clean,9,geometric_median_rooted,0.7724647761431356,0.17334104767673422,,633,634,0.05761457891375425,0.7304310681378375,0.340625,0.934375,2,0.0
robust_center_rooted_tree_smoke/v1,diagnostic_robust_center_rooted_tree_not_calibration,diagnostic_robust_center_root_anchor_not_calibration,20,imbalanced_clean,9,tukey_depth_rooted,0.7724647761431356,0.17334104767673422,0.43125,633,634,0.05761457891375425,0.7304310681378375,0.340625,0.934375,2,0.0
robust_center_rooted_tree_smoke/v1,diagnostic_robust_center_rooted_tree_not_calibration,diagnostic_robust_center_root_anchor_not_calibration,20,imbalanced_clean,10,centroid_rooted,0.9579974643423173,0.28096173037874067,,636,637,0.020237359515477883,0.9524383848987018,0.259375,0.946875,1,0.0
robust_center_rooted_tree_smoke/v1,diagnostic_robust_center_rooted_tree_not_calibration,diagnostic_robust_center_root_anchor_not_calibration,20,imbalanced_clean,10,geometric_median_rooted,1.0395616013149638,0.29766603377833306,,636,637,0.028858955125737714,0.9524383848987018,0.259375,0.946875,1,0.0
robust_center_rooted_tree_smoke/v1,diagnostic_robust_center_rooted_tree_not_calibration,diagnostic_robust_center_root_anchor_not_calibration,20,imbalanced_clean,10,tukey_depth_rooted,1.0395616013149638,0.29766603377833306,0.43125,636,637,0.028858955125737714,0.9524383848987018,0.259375,0.946875,1,0.0
robust_center_rooted_tree_smoke/v1,diagnostic_robust_center_rooted_tree_not_calibration,diagnostic_robust_center_root_anchor_not_calibration,20,imbalanced_clean,11,centroid_rooted,0.9081028263485804,0.2275580426515409,,629,631,0.08470120417669187,0.9309296571034796,0.415625,0.896875,2,0.0
robust_center_rooted_tree_smoke/v1,diagnostic_robust_center_rooted_tree_not_calibration,diagnostic_robust_center_root_anchor_not_calibration,20,imbalanced_clean,11,geometric_median_rooted,0.9545411803109601,0.2386197801048712,,629,631,0.0913897551847305,0.9309296571034796,0.415625,0.896875,2,0.0
robust_center_rooted_tree_smoke/v1,diagnostic_robust_center_rooted_tree_not_calibration,diagnostic_robust_center_root_anchor_not_calibration,20,imbalanced_clean,11,tukey_depth_rooted,0.9545411803109601,0.2386197801048712,0.45,629,631,0.0913897551847305,0.9309296571034796,0.415625,0.896875,2,0.0
robust_center_rooted_tree_smoke/v1,diagnostic_robust_center_rooted_tree_not_calibration,diagnostic_robust_center_root_anchor_not_calibration,20,imbalanced_clean,12,centroid_rooted,0.7619781738586741,0.18613010531827928,,632,635,0.032270296449528904,0.6861853738384631,0.371875,0.934375,1,0.0
robust_center_rooted_tree_smoke/v1,diagnostic_robust_center_rooted_tree_not_calibration,diagnostic_robust_center_root_anchor_not_calibration,20,imbalanced_clean,12,geometric_median_rooted,0.8058207950963916,0.19456404305222794,,634,635,0.07357769096094234,0.7703077704460822,0.38125,0.9375,1,0.0
robust_center_rooted_tree_smoke/v1,diagnostic_robust_center_rooted_tree_not_calibration,diagnostic_robust_center_root_anchor_not_calibration,20,imbalanced_clean,12,tukey_depth_rooted,0.8058207950963916,0.19456404305222794,0.440625,634,635,0.07357769096094234,0.7703077704460822,0.38125,0.9375,1,0.0
robust_center_rooted_tree_smoke/v1,diagnostic_robust_center_rooted_tree_not_calibration,diagnostic_robust_center_root_anchor_not_calibration,20,imbalanced_clean,13,centroid_rooted,0.8246314455189648,0.1477552944766978,,633,634,0.12705072645480459,0.7559114024286547,0.484375,0.909375,2,0.0
robust_center_rooted_tree_smoke/v1,diagnostic_robust_center_rooted_tree_not_calibration,diagnostic_robust_center_root_anchor_not_calibration,20,imbalanced_clean,13,geometric_median_rooted,0.8571829389446429,0.15820201256369554,,633,634,0.12573610900386412,0.7559114024286547,0.484375,0.909375,2,0.0
robust_center_rooted_tree_smoke/v1,diagnostic_robust_center_rooted_tree_not_calibration,diagnostic_robust_center_root_anchor_not_calibration,20,imbalanced_clean,13,tukey_depth_rooted,0.8246314455189648,0.1477552944766978,0.44375,633,634,0.12705072645480459,0.7559114024286547,0.484375,0.909375,2,0.0
robust_center_rooted_tree_smoke/v1,diagnostic_robust_center_rooted_tree_not_calibration,diagnostic_robust_center_root_anchor_not_calibration,20,imbalanced_clean,14,centroid_rooted,0.9183082523516053,0.21306701524589605,,630,632,0.15340301243515775,0.8679354964520497,0.19375,0.95,2,0.0
robust_center_rooted_tree_smoke/v1,diagnostic_robust_center_rooted_tree_not_calibration,diagnostic_robust_center_root_anchor_not_calibration,20,imbalanced_clean,14,geometric_median_rooted,0.9618053061161553,0.22303299661180587,,630,632,0.1429207501268288,0.8679354964520497,0.19375,0.95,2,0.0
robust_center_rooted_tree_smoke/v1,diagnostic_robust_center_rooted_tree_not_calibration,diagnostic_robust_center_root_anchor_not_calibration,20,imbalanced_clean,14,tukey_depth_rooted,0.9183082523516053,0.21306701524589605,0.446875,630,632,0.15340301243515775,0.8679354964520497,0.19375,0.95,2,0.0
robust_center_rooted_tree_smoke/v1,diagnostic_robust_center_rooted_tree_not_calibration,diagnostic_robust_center_root_anchor_not_calibration,20,imbalanced_clean,15,centroid_rooted,0.7932789397430321,0.1177919359470391,,634,637,0.01875484808343337,0.7868200550226906,0.478125,0.946875,1,0.0
robust_center_rooted_tree_smoke/v1,diagnostic_robust_center_rooted_tree_not_calibration,diagnostic_robust_center_root_anchor_not_calibration,20,imbalanced_clean,15,geometric_median_rooted,0.8207500086862946,0.12483301758517054,,634,637,0.04858165587458145,0.7868200550226906,0.478125,0.946875,1,0.0
robust_center_rooted_tree_smoke/v1,diagnostic_robust_center_rooted_tree_not_calibration,diagnostic_robust_center_root_anchor_not_calibration,20,imbalanced_clean,15,tukey_depth_rooted,0.8207500086862946,0.12483301758517054,0.440625,634,637,0.04858165587458145,0.7868200550226906,0.478125,0.946875,1,0.0
robust_center_rooted_tree_smoke/v1,diagnostic_robust_center_rooted_tree_not_calibration,diagnostic_robust_center_root_anchor_not_calibration,20,imbalanced_clean,16,centroid_rooted,0.7938188502308137,0.12893597208645974,,633,634,0.04660333307548062,0.7882764816659906,0.315625,0.928125,2,0.0
robust_center_rooted_tree_smoke/v1,diagnostic_robust_center_rooted_tree_not_calibration,diagnostic_robust_center_root_anchor_not_calibration,20,imbalanced_clean,16,geometric_median_rooted,0.8151554410614843,0.13708782884051077,,633,634,0.04978386835328258,0.7882764816659906,0.315625,0.928125,2,0.0
robust_center_rooted_tree_smoke/v1,diagnostic_robust_center_rooted_tree_not_calibration,diagnostic_robust_center_root_anchor_not_calibration,20,imbalanced_clean,16,tukey_depth_rooted,0.7938188502308137,0.12893597208645974,0.440625,633,634,0.04660333307548062,0.7882764816659906,0.315625,0.928125,2,0.0
robust_center_rooted_tree_smoke/v1,diagnostic_robust_center_rooted_tree_not_calibration,diagnostic_robust_center_root_anchor_not_calibration,20,imbalanced_clean,17,centroid_rooted,1.1454616948639076,0.2993496746299462,,618,629,0.11656750401702158,0.772766477502518,0.253125,0.909375,2,0.0
robust_center_rooted_tree_smoke/v1,diagnostic_robust_center_rooted_tree_not_calibration,diagnostic_robust_center_root_anchor_not_calibration,20,imbalanced_clean,17,geometric_median_rooted,1.2131610249585953,0.3168915211310842,,628,629,0.10963290523084425,1.154277568860108,0.321875,0.884375,2,0.0
robust_center_rooted_tree_smoke/v1,diagnostic_robust_center_rooted_tree_not_calibration,diagnostic_robust_center_root_anchor_not_calibration,20,imbalanced_clean,17,tukey_depth_rooted,1.2131610249585953,0.3168915211310842,0.4375,628,629,0.10963290523084425,1.154277568860108,0.321875,0.884375,2,0.0
robust_center_rooted_tree_smoke/v1,diagnostic_robust_center_rooted_tree_not_calibration,diagnostic_robust_center_root_anchor_not_calibration,20,imbalanced_clean,18,centroid_rooted,0.6077637815243982,0.1278725283990663,,632,634,0.04859496518393389,0.6302310532175943,0.478125,0.928125,2,0.0
robust_center_rooted_tree_smoke/v1,diagnostic_robust_center_rooted_tree_not_calibration,diagnostic_robust_center_root_anchor_not_calibration,20,imbalanced_clean,18,geometric_median_rooted,0.6176444686446468,0.1308275367266623,,632,634,0.053659837284629947,0.6302310532175943,0.478125,0.928125,2,0.0
robust_center_rooted_tree_smoke/v1,diagnostic_robust_center_rooted_tree_not_calibration,diagnostic_robust_center_root_anchor_not_calibration,20,imbalanced_clean,18,tukey_depth_rooted,0.6176444686446468,0.1308275367266623,0.44375,632,634,0.053659837284629947,0.6302310532175943,0.478125,0.928125,2,0.0
robust_center_rooted_tree_smoke/v1,diagnostic_robust_center_rooted_tree_not_calibration,diagnostic_robust_center_root_anchor_not_calibration,20,imbalanced_clean,19,centroid_rooted,0.764893851954467,0.15622076905734267,,632,633,0.11829850535934601,0.788775016673928,0.18125,0.91875,2,0.0
robust_center_rooted_tree_smoke/v1,diagnostic_robust_center_rooted_tree_not_calibration,diagnostic_robust_center_root_anchor_not_calibration,20,imbalanced_clean,19,geometric_median_rooted,0.820975682635672,0.17169183868550913,,632,633,0.07182468119984865,0.788775016673928,0.18125,0.91875,2,0.0
robust_center_rooted_tree_smoke/v1,diagnostic_robust_center_rooted_tree_not_calibration,diagnostic_robust_center_root_anchor_not_calibration,20,imbalanced_clean,19,tukey_depth_rooted,0.820975682635672,0.17169183868550913,0.440625,632,633,0.07182468119984865,0.788775016673928,0.18125,0.91875,2,0.0
robust_center_rooted_tree_smoke/v1,diagnostic_robust_center_rooted_tree_not_calibration,diagnostic_robust_center_root_anchor_not_calibration,20,imbalanced_clean,20,centroid_rooted,0.8710665182915287,0.16154639418291558,,635,636,0.14090664161879482,0.910597572421632,0.35,0.925,2,0.0
robust_center_rooted_tree_smoke/v1,diagnostic_robust_center_rooted_tree_not_calibration,diagnostic_robust_center_root_anchor_not_calibration,20,imbalanced_clean,20,geometric_median_rooted,0.9241883854239262,0.17969827413729358,,635,636,0.11906081838772192,0.910597572421632,0.35,0.925,2,0.0
robust_center_rooted_tree_smoke/v1,diagnostic_robust_center_rooted_tree_not_calibration,diagnostic_robust_center_root_anchor_not_calibration,20,imbalanced_clean,20,tukey_depth_rooted,0.9241883854239262,0.17969827413729358,0.41875,635,636,0.11906081838772192,0.910597572421632,0.35,0.925,2,0.0
robust_center_rooted_tree_smoke/v1,diagnostic_robust_center_rooted_tree_not_calibration,diagnostic_robust_center_root_anchor_not_calibration,20,imbalanced_clean,21,centroid_rooted,0.9224678369055342,0.25266324009652097,,631,632,0.2265807355356639,1.0858762355601541,0.3125,0.94375,0,0.0
robust_center_rooted_tree_smoke/v1,diagnostic_robust_center_rooted_tree_not_calibration,diagnostic_robust_center_root_anchor_not_calibration,20,imbalanced_clean,21,geometric_median_rooted,0.9711650976031501,0.2622772582199238,,627,632,0.210445185966128,1.12208155265002,0.390625,0.934375,1,0.0
robust_center_rooted_tree_smoke/v1,diagnostic_robust_center_rooted_tree_not_calibration,diagnostic_robust_center_root_anchor_not_calibration,20,imbalanced_clean,21,tukey_depth_rooted,0.9224678369055342,0.25266324009652097,0.440625,631,632,0.2265807355356639,1.0858762355601541,0.3125,0.94375,0,0.0
robust_center_rooted_tree_smoke/v1,diagnostic_robust_center_rooted_tree_not_calibration,diagnostic_robust_center_root_anchor_not_calibration,20,imbalanced_clean,22,centroid_rooted,0.8069804042657798,0.1307047277367557,,631,632,0.05927417810946614,0.8336547942110859,0.31875,0.89375,2,0.0
robust_center_rooted_tree_smoke/v1,diagnostic_robust_center_rooted_tree_not_calibration,diagnostic_robust_center_root_anchor_not_calibration,20,imbalanced_clean,22,geometric_median_rooted,0.856582338015947,0.14770884997646455,,631,632,0.07376551226438355,0.8336547942110859,0.31875,0.89375,2,0.0
robust_center_rooted_tree_smoke/v1,diagnostic_robust_center_rooted_tree_not_calibration,diagnostic_robust_center_root_anchor_not_calibration,20,imbalanced_clean,22,tukey_depth_rooted,0.856582338015947,0.14770884997646455,0.446875,631,632,0.07376551226438355,0.8336547942110859,0.31875,0.89375,2,0.0
robust_center_rooted_tree_smoke/v1,diagnostic_robust_center_rooted_tree_not_calibration,diagnostic_robust_center_root_anchor_not_calibration,20,imbalanced_clean,23,centroid_rooted,0.8463587935551554,0.19199611954301948,,631,634,0.1885016077712031,0.895052222460915,0.459375,0.878125,3,0.0
robust_center_rooted_tree_smoke/v1,diagnostic_robust_center_rooted_tree_not_calibration,diagnostic_robust_center_root_anchor_not_calibration,20,imbalanced_clean,23,geometric_median_rooted,0.8637734378651191,0.19450789851998088,,631,634,0.18271736372541092,0.895052222460915,0.459375,0.878125,3,0.0
robust_center_rooted_tree_smoke/v1,diagnostic_robust_center_rooted_tree_not_calibration,diagnostic_robust_center_root_anchor_not_calibration,20,imbalanced_clean,23,tukey_depth_rooted,0.8463587935551554,0.19199611954301948,0.44375,631,634,0.1885016077712031,0.895052222460915,0.459375,0.878125,3,0.0
robust_center_rooted_tree_smoke/v1,diagnostic_robust_center_rooted_tree_not_calibration,diagnostic_robust_center_root_anchor_not_calibration,20,imbalanced_clean,24,centroid_rooted,0.9604470766898617,0.1644423034562885,,630,632,0.15906496346614438,1.0350918110785996,0.378125,0.928125,1,0.0
robust_center_rooted_tree_smoke/v1,diagnostic_robust_center_rooted_tree_not_calibration,diagnostic_robust_center_root_anchor_not_calibration,20,imbalanced_clean,24,geometric_median_rooted,0.9998453288288863,0.17399360159540467,,630,632,0.14985783236987701,1.0350918110785996,0.378125,0.928125,1,0.0
robust_center_rooted_tree_smoke/v1,diagnostic_robust_center_rooted_tree_not_calibration,diagnostic_robust_center_root_anchor_not_calibration,20,imbalanced_clean,24,tukey_depth_rooted,0.9604470766898617,0.1644423034562885,0.45,630,632,0.15906496346614438,1.0350918110785996,0.378125,0.928125,1,0.0
robust_center_rooted_tree_smoke/v1,diagnostic_robust_center_rooted_tree_not_calibration,diagnostic_robust_center_root_anchor_not_calibration,20,imbalanced_clean,25,centroid_rooted,0.7788100638665678,0.16326452821359577,,631,634,0.04540178322640883,0.7737996742755188,0.321875,0.946875,2,0.0
robust_center_rooted_tree_smoke/v1,diagnostic_robust_center_rooted_tree_not_calibration,diagnostic_robust_center_root_anchor_not_calibration,20,imbalanced_clean,25,geometric_median_rooted,0.811142693254958,0.1708021571887895,,633,634,0.04865619799372071,0.7895489872143492,0.3375,0.95,2,0.0
robust_center_rooted_tree_smoke/v1,diagnostic_robust_center_rooted_tree_not_calibration,diagnostic_robust_center_root_anchor_not_calibration,20,imbalanced_clean,25,tukey_depth_rooted,0.7788100638665678,0.16326452821359577,0.43125,631,634,0.04540178322640883,0.7737996742755188,0.321875,0.946875,2,0.0
robust_center_rooted_tree_smoke/v1,diagnostic_robust_center_rooted_tree_not_calibration,diagnostic_robust_center_root_anchor_not_calibration,20,imbalanced_clean,26,centroid_rooted,0.8463936860620387,0.1865055707320217,,631,632,0.08779565227425497,0.8749072681677238,0.3125,0.90625,2,0.0
robust_center_rooted_tree_smoke/v1,diagnostic_robust_center_rooted_tree_not_calibration,diagnostic_robust_center_root_anchor_not_calibration,20,imbalanced_clean,26,geometric_median_rooted,0.8929473117913289,0.19920887697231762,,631,632,0.07172566041964291,0.8749072681677238,0.3125,0.90625,2,0.0
robust_center_rooted_tree_smoke/v1,diagnostic_robust_center_rooted_tree_not_calibration,diagnostic_robust_center_root_anchor_not_calibration,20,imbalanced_clean,26,tukey_depth_rooted,0.8929473117913289,0.19920887697231762,0.425,631,632,0.07172566041964291,0.8749072681677238,0.3125,0.90625,2,0.0
robust_center_rooted_tree_smoke/v1,diagnostic_robust_center_rooted_tree_not_calibration,diagnostic_robust_center_root_anchor_not_calibration,20,imbalanced_clean,27,centroid_rooted,0.8055240045386972,0.13097748312901908,,629,630,0.10147960666504108,0.6735980920378164,0.453125,0.890625,4,0.0
robust_center_rooted_tree_smoke/v1,diagnostic_robust_center_rooted_tree_not_calibration,diagnostic_robust_center_root_anchor_not_calibration,20,imbalanced_clean,27,geometric_median_rooted,0.8288403518460177,0.13768359223824317,,629,630,0.09364552879883917,0.6735980920378164,0.453125,0.890625,4,0.0
robust_center_rooted_tree_smoke/v1,diagnostic_robust_center_rooted_tree_not_calibration,diagnostic_robust_center_root_anchor_not_calibration,20,imbalanced_clean,27,tukey_depth_rooted,0.8055240045386972,0.13097748312901908,0.44375,629,630,0.10147960666504108,0.6735980920378164,0.453125,0.890625,4,0.0
robust_center_rooted_tree_smoke/v1,diagnostic_robust_center_rooted_tree_not_calibration,diagnostic_robust_center_root_anchor_not_calibration,20,imbalanced_clean,28,centroid_rooted,0.6697706394273546,0.22170830103946396,,628,633,0.07018351820084888,0.6613222418545192,0.278125,0.909375,1,0.0
robust_center_rooted_tree_smoke/v1,diagnostic_robust_center_rooted_tree_not_calibration,diagnostic_robust_center_root_anchor_not_calibration,20,imbalanced_clean,28,geometric_median_rooted,0.7467408300496786,0.239631568629239,,628,633,0.09004953073965864,0.6613222418545192,0.278125,0.909375,1,0.0
robust_center_rooted_tree_smoke/v1,diagnostic_robust_center_rooted_tree_not_calibration,diagnostic_robust_center_root_anchor_not_calibration,20,imbalanced_clean,28,tukey_depth_rooted,0.7467408300496786,0.239631568629239,0.440625,628,633,0.09004953073965864,0.6613222418545192,0.278125,0.909375,1,0.0
robust_center_rooted_tree_smoke/v1,diagnostic_robust_center_rooted_tree_not_calibration,diagnostic_robust_center_root_anchor_not_calibration,20,imbalanced_clean,29,centroid_rooted,0.7607931566593545,0.16284400892139733,,632,635,0.04066974655164528,0.7458984826387921,0.39375,0.93125,2,0.0
robust_center_rooted_tree_smoke/v1,diagnostic_robust_center_rooted_tree_not_calibration,diagnostic_robust_center_root_anchor_not_calibration,20,imbalanced_clean,29,geometric_median_rooted,0.7849958577615694,0.16814578124344676,,632,635,0.050328231559496256,0.7458984826387921,0.39375,0.93125,2,0.0
robust_center_rooted_tree_smoke/v1,diagnostic_robust_center_rooted_tree_not_calibration,diagnostic_robust_center_root_anchor_not_calibration,20,imbalanced_clean,29,tukey_depth_rooted,0.7849958577615694,0.16814578124344676,0.434375,632,635,0.050328231559496256,0.7458984826387921,0.39375,0.93125,2,0.0
robust_center_rooted_tree_smoke/v1,diagnostic_robust_center_rooted_tree_not_calibration,diagnostic_robust_center_root_anchor_not_calibration,20,imbalanced_10pct_outliers,0,centroid_rooted,1.3279235121571566,0.18939010743673426,,691,695,1.1133123696635403,0.9147807095355344,0.3380681818181818,0.909375,2,0.2689075630252101
robust_center_rooted_tree_smoke/v1,diagnostic_robust_center_rooted_tree_not_calibration,diagnostic_robust_center_root_anchor_not_calibration,20,imbalanced_10pct_outliers,0,geometric_median_rooted,0.9778585807087204,0.222166625174928,,691,695,0.46941387675788127,0.9147807095355344,0.3380681818181818,0.909375,2,0.2689075630252101
robust_center_rooted_tree_smoke/v1,diagnostic_robust_center_rooted_tree_not_calibration,diagnostic_robust_center_root_anchor_not_calibration,20,imbalanced_10pct_outliers,0,tukey_depth_rooted,0.9778585807087204,0.222166625174928,0.42045454545454547,691,695,0.46941387675788127,0.9147807095355344,0.3380681818181818,0.909375,2,0.2689075630252101
robust_center_rooted_tree_smoke/v1,diagnostic_robust_center_rooted_tree_not_calibration,diagnostic_robust_center_root_anchor_not_calibration,20,imbalanced_10pct_outliers,1,centroid_rooted,1.4914408553268168,0.2217868454515363,,691,694,1.0660718249272494,0.8242407341251318,0.4460227272727273,0.921875,0,0.0
robust_center_rooted_tree_smoke/v1,diagnostic_robust_center_rooted_tree_not_calibration,diagnostic_robust_center_root_anchor_not_calibration,20,imbalanced_10pct_outliers,1,geometric_median_rooted,1.0716318100489903,0.23708840197095876,,691,694,0.48068032196303556,0.8242407341251318,0.4460227272727273,0.921875,0,0.0
robust_center_rooted_tree_smoke/v1,diagnostic_robust_center_rooted_tree_not_calibration,diagnostic_robust_center_root_anchor_not_calibration,20,imbalanced_10pct_outliers,1,tukey_depth_rooted,1.0716318100489903,0.23708840197095876,0.42613636363636365,691,694,0.48068032196303556,0.8242407341251318,0.4460227272727273,0.921875,0,0.0
robust_center_rooted_tree_smoke/v1,diagnostic_robust_center_rooted_tree_not_calibration,diagnostic_robust_center_root_anchor_not_calibration,20,imbalanced_10pct_outliers,2,centroid_rooted,1.304735496064763,0.12597989209269966,,687,695,1.1751411465564963,0.7324253304465442,0.45738636363636365,0.909375,2,0.19875776397515527
robust_center_rooted_tree_smoke/v1,diagnostic_robust_center_rooted_tree_not_calibration,diagnostic_robust_center_root_anchor_not_calibration,20,imbalanced_10pct_outliers,2,geometric_median_rooted,0.8531941799111148,0.1666845059544624,,687,695,0.560588983007082,0.7324253304465442,0.45738636363636365,0.909375,2,0.19875776397515527
robust_center_rooted_tree_smoke/v1,diagnostic_robust_center_rooted_tree_not_calibration,diagnostic_robust_center_root_anchor_not_calibration,20,imbalanced_10pct_outliers,2,tukey_depth_rooted,0.8531941799111148,0.1666845059544624,0.42045454545454547,687,695,0.560588983007082,0.7324253304465442,0.45738636363636365,0.909375,2,0.19875776397515527
robust_center_rooted_tree_smoke/v1,diagnostic_robust_center_rooted_tree_not_calibration,diagnostic_robust_center_root_anchor_not_calibration,20,imbalanced_10pct_outliers,3,centroid_rooted,1.2771485168592571,0.15198079366877676,,691,697,1.1262134840373086,0.9572802560274868,0.39204545454545453,0.95,1,0.0
robust_center_rooted_tree_smoke/v1,diagnostic_robust_center_rooted_tree_not_calibration,diagnostic_robust_center_root_anchor_not_calibration,20,imbalanced_10pct_outliers,3,geometric_median_rooted,0.9225196148891887,0.18439717295920202,,691,697,0.5278344505048959,0.9572802560274868,0.39204545454545453,0.95,1,0.0
robust_center_rooted_tree_smoke/v1,diagnostic_robust_center_rooted_tree_not_calibration,diagnostic_robust_center_root_anchor_not_calibration,20,imbalanced_10pct_outliers,3,tukey_depth_rooted,0.9225196148891887,0.18439717295920202,0.42613636363636365,691,697,0.5278344505048959,0.9572802560274868,0.39204545454545453,0.95,1,0.0
robust_center_rooted_tree_smoke/v1,diagnostic_robust_center_rooted_tree_not_calibration,diagnostic_robust_center_root_anchor_not_calibration,20,imbalanced_10pct_outliers,4,centroid_rooted,1.6440044883383258,0.2762265866523914,,691,693,1.111985749906478,1.3467587595577362,0.35511363636363635,0.915625,2,0.256
robust_center_rooted_tree_smoke/v1,diagnostic_robust_center_rooted_tree_not_calibration,diagnostic_robust_center_root_anchor_not_calibration,20,imbalanced_10pct_outliers,4,geometric_median_rooted,1.3788154215457713,0.3239312890261235,,691,693,0.5136693385107494,1.3467587595577362,0.35511363636363635,0.915625,2,0.256
robust_center_rooted_tree_smoke/v1,diagnostic_robust_center_rooted_tree_not_calibration,diagnostic_robust_center_root_anchor_not_calibration,20,imbalanced_10pct_outliers,4,tukey_depth_rooted,1.3788154215457713,0.3239312890261235,0.4289772727272727,691,693,0.5136693385107494,1.3467587595577362,0.35511363636363635,0.915625,2,0.256
robust_center_rooted_tree_smoke/v1,diagnostic_robust_center_rooted_tree_not_calibration,diagnostic_robust_center_root_anchor_not_calibration,20,imbalanced_10pct_outliers,5,centroid_rooted,1.4009196196682283,0.19645191720259705,,690,693,0.9978019830114722,0.8937523450141177,0.38636363636363635,0.90625,2,0.0
robust_center_rooted_tree_smoke/v1,diagnostic_robust_center_rooted_tree_not_calibration,diagnostic_robust_center_root_anchor_not_calibration,20,imbalanced_10pct_outliers,5,geometric_median_rooted,0.985648417617007,0.1983291914349931,,690,693,0.4529206381867342,0.8937523450141177,0.38636363636363635,0.90625,2,0.0
robust_center_rooted_tree_smoke/v1,diagnostic_robust_center_rooted_tree_not_calibration,diagnostic_robust_center_root_anchor_not_calibration,20,imbalanced_10pct_outliers,5,tukey_depth_rooted,0.985648417617007,0.1983291914349931,0.42613636363636365,690,693,0.4529206381867342,0.8937523450141177,0.38636363636363635,0.90625,2,0.0
robust_center_rooted_tree_smoke/v1,diagnostic_robust_center_rooted_tree_not_calibration,diagnostic_robust_center_root_anchor_not_calibration,20,imbalanced_10pct_outliers,6,centroid_rooted,1.2336526795039184,0.11460360555417626,,692,696,1.0336633527799963,0.6006665369342037,0.20454545454545456,0.94375,2,0.0
robust_center_rooted_tree_smoke/v1,diagnostic_robust_center_rooted_tree_not_calibration,diagnostic_robust_center_root_anchor_not_calibration,20,imbalanced_10pct_outliers,6,geometric_median_rooted,0.9692777078658721,0.181640167755732,,692,696,0.4545341913729689,0.6006665369342037,0.20454545454545456,0.94375,2,0.0
robust_center_rooted_tree_smoke/v1,diagnostic_robust_center_rooted_tree_not_calibration,diagnostic_robust_center_root_anchor_not_calibration,20,imbalanced_10pct_outliers,6,tukey_depth_rooted,0.9692777078658721,0.181640167755732,0.4318181818181818,692,696,0.4545341913729689,0.6006665369342037,0.20454545454545456,0.94375,2,0.0
robust_center_rooted_tree_smoke/v1,diagnostic_robust_center_rooted_tree_not_calibration,diagnostic_robust_center_root_anchor_not_calibration,20,imbalanced_10pct_outliers,7,centroid_rooted,1.6811988035886578,0.2335322148877302,,690,695,1.0589576810414847,1.1647601971182515,0.3153409090909091,0.934375,1,0.2882882882882883
robust_center_rooted_tree_smoke/v1,diagnostic_robust_center_rooted_tree_not_calibration,diagnostic_robust_center_root_anchor_not_calibration,20,imbalanced_10pct_outliers,7,geometric_median_rooted,1.3723574704390644,0.26920931167756157,,690,695,0.4484624473487113,1.1647601971182515,0.3153409090909091,0.934375,1,0.2882882882882883
robust_center_rooted_tree_smoke/v1,diagnostic_robust_center_rooted_tree_not_calibration,diagnostic_robust_center_root_anchor_not_calibration,20,imbalanced_10pct_outliers,7,tukey_depth_rooted,1.3723574704390644,0.26920931167756157,0.4090909090909091,690,695,0.4484624473487113,1.1647601971182515,0.3153409090909091,0.934375,1,0.2882882882882883
robust_center_rooted_tree_smoke/v1,diagnostic_robust_center_rooted_tree_not_calibration,diagnostic_robust_center_root_anchor_not_calibration,20,imbalanced_10pct_outliers,8,centroid_rooted,1.4929354879894359,0.19402164329047714,,697,699,1.0394073389928526,0.8900124615397639,0.42045454545454547,0.9125,3,0.0
robust_center_rooted_tree_smoke/v1,diagnostic_robust_center_rooted_tree_not_calibration,diagnostic_robust_center_root_anchor_not_calibration,20,imbalanced_10pct_outliers,8,geometric_median_rooted,1.0451053409473399,0.19109319764315136,,697,699,0.446842260557198,0.8900124615397639,0.42045454545454547,0.9125,3,0.0
robust_center_rooted_tree_smoke/v1,diagnostic_robust_center_rooted_tree_not_calibration,diagnostic_robust_center_root_anchor_not_calibration,20,imbalanced_10pct_outliers,8,tukey_depth_rooted,1.0451053409473399,0.19109319764315136,0.4289772727272727,697,699,0.446842260557198,0.8900124615397639,0.42045454545454547,0.9125,3,0.0
robust_center_rooted_tree_smoke/v1,diagnostic_robust_center_rooted_tree_not_calibration,diagnostic_robust_center_root_anchor_not_calibration,20,imbalanced_10pct_outliers,9,centroid_rooted,1.6235738002306512,0.25502322366114527,,690,691,1.011385760690062,0.9855631598133446,0.4602272727272727,0.94375,1,0.0
robust_center_rooted_tree_smoke/v1,diagnostic_robust_center_rooted_tree_not_calibration,diagnostic_robust_center_root_anchor_not_calibration,20,imbalanced_10pct_outliers,9,geometric_median_rooted,1.2349346853881278,0.2475678939188838,,690,691,0.47048705606997765,0.9855631598133446,0.4602272727272727,0.94375,1,0.0
robust_center_rooted_tree_smoke/v1,diagnostic_robust_center_rooted_tree_not_calibration,diagnostic_robust_center_root_anchor_not_calibration,20,imbalanced_10pct_outliers,9,tukey_depth_rooted,1.2349346853881278,0.2475678939188838,0.4147727272727273,690,691,0.47048705606997765,0.9855631598133446,0.4602272727272727,0.94375,1,0.0
robust_center_rooted_tree_smoke/v1,diagnostic_robust_center_rooted_tree_not_calibration,diagnostic_robust_center_root_anchor_not_calibration,20,imbalanced_10pct_outliers,10,centroid_rooted,1.3969169373664625,0.24720984880708405,,696,698,1.053557360554133,0.9052809602841931,0.3125,0.9375,2,0.2909090909090909
robust_center_rooted_tree_smoke/v1,diagnostic_robust_center_rooted_tree_not_calibration,diagnostic_robust_center_root_anchor_not_calibration,20,imbalanced_10pct_outliers,10,geometric_median_rooted,1.108578179279743,0.24973279250861224,,696,698,0.4998947189758286,0.9052809602841931,0.3125,0.9375,2,0.2909090909090909
robust_center_rooted_tree_smoke/v1,diagnostic_robust_center_rooted_tree_not_calibration,diagnostic_robust_center_root_anchor_not_calibration,20,imbalanced_10pct_outliers,10,tukey_depth_rooted,1.108578179279743,0.24973279250861224,0.42045454545454547,696,698,0.4998947189758286,0.9052809602841931,0.3125,0.9375,2,0.2909090909090909
robust_center_rooted_tree_smoke/v1,diagnostic_robust_center_rooted_tree_not_calibration,diagnostic_robust_center_root_anchor_not_calibration,20,imbalanced_10pct_outliers,11,centroid_rooted,1.2200952822115845,0.14426866795524013,,695,697,1.1078855367656895,0.758129616233842,0.16761363636363635,0.978125,0,0.0
robust_center_rooted_tree_smoke/v1,diagnostic_robust_center_rooted_tree_not_calibration,diagnostic_robust_center_root_anchor_not_calibration,20,imbalanced_10pct_outliers,11,geometric_median_rooted,0.9835794697787856,0.2061422821218746,,696,697,0.4695105763356109,0.9756656289736986,0.28125,0.953125,1,0.32323232323232326
robust_center_rooted_tree_smoke/v1,diagnostic_robust_center_rooted_tree_not_calibration,diagnostic_robust_center_root_anchor_not_calibration,20,imbalanced_10pct_outliers,11,tukey_depth_rooted,0.9835794697787856,0.2061422821218746,0.4147727272727273,696,697,0.4695105763356109,0.9756656289736986,0.28125,0.953125,1,0.32323232323232326
robust_center_rooted_tree_smoke/v1,diagnostic_robust_center_rooted_tree_not_calibration,diagnostic_robust_center_root_anchor_not_calibration,20,imbalanced_10pct_outliers,12,centroid_rooted,1.2500486895768215,0.09194064685976526,,693,695,1.135247205754698,1.0934361152476735,0.45170454545454547,0.915625,2,0.0
robust_center_rooted_tree_smoke/v1,diagnostic_robust_center_rooted_tree_not_calibration,diagnostic_robust_center_root_anchor_not_calibration,20,imbalanced_10pct_outliers,12,geometric_median_rooted,1.0079122066099744,0.16973089005502373,,693,695,0.5170494021995913,1.0934361152476735,0.45170454545454547,0.915625,2,0.0
robust_center_rooted_tree_smoke/v1,diagnostic_robust_center_rooted_tree_not_calibration,diagnostic_robust_center_root_anchor_not_calibration,20,imbalanced_10pct_outliers,12,tukey_depth_rooted,1.0079122066099744,0.16973089005502373,0.4375,693,695,0.5170494021995913,1.0934361152476735,0.45170454545454547,0.915625,2,0.0
robust_center_rooted_tree_smoke/v1,diagnostic_robust_center_rooted_tree_not_calibration,diagnostic_robust_center_root_anchor_not_calibration,20,imbalanced_10pct_outliers,13,centroid_rooted,1.409545651175158,0.1862471818040466,,694,696,1.086837943614611,0.8955815867396804,0.4403409090909091,0.965625,1,0.2064516129032258
robust_center_rooted_tree_smoke/v1,diagnostic_robust_center_rooted_tree_not_calibration,diagnostic_robust_center_root_anchor_not_calibration,20,imbalanced_10pct_outliers,13,geometric_median_rooted,1.0633421044966378,0.21016356472146022,,694,696,0.48977805699009447,0.8955815867396804,0.4403409090909091,0.965625,1,0.2064516129032258
robust_center_rooted_tree_smoke/v1,diagnostic_robust_center_rooted_tree_not_calibration,diagnostic_robust_center_root_anchor_not_calibration,20,imbalanced_10pct_outliers,13,tukey_depth_rooted,1.0633421044966378,0.21016356472146022,0.41761363636363635,694,696,0.48977805699009447,0.8955815867396804,0.4403409090909091,0.965625,1,0.2064516129032258
robust_center_rooted_tree_smoke/v1,diagnostic_robust_center_rooted_tree_not_calibration,diagnostic_robust_center_root_anchor_not_calibration,20,imbalanced_10pct_outliers,14,centroid_rooted,1.4298428123484466,0.19248368843518326,,683,693,1.0954495387372554,0.7048494246212262,0.1534090909090909,0.94375,2,0.0
robust_center_rooted_tree_smoke/v1,diagnostic_robust_center_rooted_tree_not_calibration,diagnostic_robust_center_root_anchor_not_calibration,20,imbalanced_10pct_outliers,14,geometric_median_rooted,1.000123122127212,0.21643819051935473,,691,693,0.48033097588600054,0.792725494996465,0.2840909090909091,0.9125,2,0.32
robust_center_rooted_tree_smoke/v1,diagnostic_robust_center_rooted_tree_not_calibration,diagnostic_robust_center_root_anchor_not_calibration,20,imbalanced_10pct_outliers,14,tukey_depth_rooted,1.000123122127212,0.21643819051935473,0.4090909090909091,691,693,0.48033097588600054,0.792725494996465,0.2840909090909091,0.9125,2,0.32
robust_center_rooted_tree_smoke/v1,diagnostic_robust_center_rooted_tree_not_calibration,diagnostic_robust_center_root_anchor_not_calibration,20,imbalanced_10pct_outliers,15,centroid_rooted,1.1499213280121912,0.17686612726126458,,697,698,1.0577201104532554,0.7705417950742547,0.42613636363636365,0.9375,1,0.0
robust_center_rooted_tree_smoke/v1,diagnostic_robust_center_rooted_tree_not_calibration,diagnostic_robust_center_root_anchor_not_calibration,20,imbalanced_10pct_outliers,15,geometric_median_rooted,0.8489541232296074,0.20975474840454486,,697,698,0.47666407183851084,0.7705417950742547,0.42613636363636365,0.9375,1,0.0
robust_center_rooted_tree_smoke/v1,diagnostic_robust_center_rooted_tree_not_calibration,diagnostic_robust_center_root_anchor_not_calibration,20,imbalanced_10pct_outliers,15,tukey_depth_rooted,0.8489541232296074,0.20975474840454486,0.41761363636363635,697,698,0.47666407183851084,0.7705417950742547,0.42613636363636365,0.9375,1,0.0
robust_center_rooted_tree_smoke/v1,diagnostic_robust_center_rooted_tree_not_calibration,diagnostic_robust_center_root_anchor_not_calibration,20,imbalanced_10pct_outliers,16,centroid_rooted,1.5180987081558597,0.2326522844825586,,697,700,1.070436354829426,0.9058382379917946,0.34375,0.946875,2,0.2644628099173554
robust_center_rooted_tree_smoke/v1,diagnostic_robust_center_rooted_tree_not_calibration,diagnostic_robust_center_root_anchor_not_calibration,20,imbalanced_10pct_outliers,16,geometric_median_rooted,1.172894880146732,0.26482802552181484,,697,700,0.46674076954991395,0.9058382379917946,0.34375,0.946875,2,0.2644628099173554
robust_center_rooted_tree_smoke/v1,diagnostic_robust_center_rooted_tree_not_calibration,diagnostic_robust_center_root_anchor_not_calibration,20,imbalanced_10pct_outliers,16,tukey_depth_rooted,1.172894880146732,0.26482802552181484,0.42045454545454547,697,700,0.46674076954991395,0.9058382379917946,0.34375,0.946875,2,0.2644628099173554
robust_center_rooted_tree_smoke/v1,diagnostic_robust_center_rooted_tree_not_calibration,diagnostic_robust_center_root_anchor_not_calibration,20,imbalanced_10pct_outliers,17,centroid_rooted,1.4087372822633406,0.14736135364823505,,691,695,1.1149507742989717,0.9484989836087666,0.42045454545454547,0.9375,2,0.0
robust_center_rooted_tree_smoke/v1,diagnostic_robust_center_rooted_tree_not_calibration,diagnostic_robust_center_root_anchor_not_calibration,20,imbalanced_10pct_outliers,17,geometric_median_rooted,1.0619955023772372,0.17190462255094477,,691,695,0.47915123789904196,0.9484989836087666,0.42045454545454547,0.9375,2,0.0
robust_center_rooted_tree_smoke/v1,diagnostic_robust_center_rooted_tree_not_calibration,diagnostic_robust_center_root_anchor_not_calibration,20,imbalanced_10pct_outliers,17,tukey_depth_rooted,1.0619955023772372,0.17190462255094477,0.4090909090909091,691,695,0.47915123789904196,0.9484989836087666,0.42045454545454547,0.9375,2,0.0
robust_center_rooted_tree_smoke/v1,diagnostic_robust_center_rooted_tree_not_calibration,diagnostic_robust_center_root_anchor_not_calibration,20,imbalanced_10pct_outliers,18,centroid_rooted,1.2120295992710566,0.09366770161827152,,694,695,1.1216455816413038,0.6026938234315404,0.4715909090909091,0.9375,2,0.0
robust_center_rooted_tree_smoke/v1,diagnostic_robust_center_rooted_tree_not_calibration,diagnostic_robust_center_root_anchor_not_calibration,20,imbalanced_10pct_outliers,18,geometric_median_rooted,0.7674834209664706,0.13636247300010437,,694,695,0.5032432191505898,0.6026938234315404,0.4715909090909091,0.9375,2,0.0
robust_center_rooted_tree_smoke/v1,diagnostic_robust_center_rooted_tree_not_calibration,diagnostic_robust_center_root_anchor_not_calibration,20,imbalanced_10pct_outliers,18,tukey_depth_rooted,0.7674834209664706,0.13636247300010437,0.41761363636363635,694,695,0.5032432191505898,0.6026938234315404,0.4715909090909091,0.9375,2,0.0
robust_center_rooted_tree_smoke/v1,diagnostic_robust_center_rooted_tree_not_calibration,diagnostic_robust_center_root_anchor_not_calibration,20,imbalanced_10pct_outliers,19,centroid_rooted,1.3039863373401188,0.1612959306523574,,698,699,1.0599169237675772,0.7641457177469824,0.4403409090909091,0.928125,1,0.0
robust_center_rooted_tree_smoke/v1,diagnostic_robust_center_rooted_tree_not_calibration,diagnostic_robust_center_root_anchor_not_calibration,20,imbalanced_10pct_outliers,19,geometric_median_rooted,0.9167167960486885,0.1899218575042001,,698,699,0.456931952758711,0.7641457177469824,0.4403409090909091,0.928125,1,0.0
robust_center_rooted_tree_smoke/v1,diagnostic_robust_center_rooted_tree_not_calibration,diagnostic_robust_center_root_anchor_not_calibration,20,imbalanced_10pct_outliers,19,tukey_depth_rooted,0.9167167960486885,0.1899218575042001,0.41761363636363635,698,699,0.456931952758711,0.7641457177469824,0.4403409090909091,0.928125,1,0.0
robust_center_rooted_tree_smoke/v1,diagnostic_robust_center_rooted_tree_not_calibration,diagnostic_robust_center_root_anchor_not_calibration,20,imbalanced_10pct_outliers,20,centroid_rooted,1.3641250137203191,0.211748019627879,,697,699,1.006126878871164,0.83546146664585,0.39204545454545453,0.8875,2,0.0
robust_center_rooted_tree_smoke/v1,diagnostic_robust_center_rooted_tree_not_calibration,diagnostic_robust_center_root_anchor_not_calibration,20,imbalanced_10pct_outliers,20,geometric_median_rooted,1.0141866249056375,0.21007623179899512,,697,699,0.4380481013452701,0.83546146664585,0.39204545454545453,0.8875,2,0.0
robust_center_rooted_tree_smoke/v1,diagnostic_robust_center_rooted_tree_not_calibration,diagnostic_robust_center_root_anchor_not_calibration,20,imbalanced_10pct_outliers,20,tukey_depth_rooted,1.0141866249056375,0.21007623179899512,0.41761363636363635,697,699,0.4380481013452701,0.83546146664585,0.39204545454545453,0.8875,2,0.0
robust_center_rooted_tree_smoke/v1,diagnostic_robust_center_rooted_tree_not_calibration,diagnostic_robust_center_root_anchor_not_calibration,20,imbalanced_10pct_outliers,21,centroid_rooted,1.1379456261924759,0.13045795990842154,,698,699,0.8592485385975736,0.784457007151155,0.1846590909090909,0.965625,0,0.0
robust_center_rooted_tree_smoke/v1,diagnostic_robust_center_rooted_tree_not_calibration,diagnostic_robust_center_root_anchor_not_calibration,20,imbalanced_10pct_outliers,21,geometric_median_rooted,0.9436145709712733,0.21689238188479085,,698,699,0.3572214597079798,0.784457007151155,0.1846590909090909,0.965625,0,0.0
robust_center_rooted_tree_smoke/v1,diagnostic_robust_center_rooted_tree_not_calibration,diagnostic_robust_center_root_anchor_not_calibration,20,imbalanced_10pct_outliers,21,tukey_depth_rooted,1.052709671000502,0.2563505570808783,0.4119318181818182,698,699,0.45095911145693457,0.784457007151155,0.1846590909090909,0.965625,0,0.0
robust_center_rooted_tree_smoke/v1,diagnostic_robust_center_rooted_tree_not_calibration,diagnostic_robust_center_root_anchor_not_calibration,20,imbalanced_10pct_outliers,22,centroid_rooted,1.55251763950213,0.212981943963126,,692,695,1.066763619286895,0.9897818441125237,0.3125,0.9375,2,0.2909090909090909
robust_center_rooted_tree_smoke/v1,diagnostic_robust_center_rooted_tree_not_calibration,diagnostic_robust_center_root_anchor_not_calibration,20,imbalanced_10pct_outliers,22,geometric_median_rooted,1.1888707979154305,0.23249455335709204,,692,695,0.4670362495904846,0.9897818441125237,0.3125,0.9375,2,0.2909090909090909
robust_center_rooted_tree_smoke/v1,diagnostic_robust_center_rooted_tree_not_calibration,diagnostic_robust_center_root_anchor_not_calibration,20,imbalanced_10pct_outliers,22,tukey_depth_rooted,1.1888707979154305,0.23249455335709204,0.4147727272727273,692,695,0.4670362495904846,0.9897818441125237,0.3125,0.9375,2,0.2909090909090909
robust_center_rooted_tree_smoke/v1,diagnostic_robust_center_rooted_tree_not_calibration,diagnostic_robust_center_root_anchor_not_calibration,20,imbalanced_10pct_outliers,23,centroid_rooted,1.1776358268894738,0.1283405802557202,,697,698,1.0998934031253802,0.8489030306583003,0.3806818181818182,0.925,2,0.23880597014925373
robust_center_rooted_tree_smoke/v1,diagnostic_robust_center_rooted_tree_not_calibration,diagnostic_robust_center_root_anchor_not_calibration,20,imbalanced_10pct_outliers,23,geometric_median_rooted,0.8831183186680791,0.16981702016104752,,697,698,0.4750833862955713,0.8489030306583003,0.3806818181818182,0.925,2,0.23880597014925373
robust_center_rooted_tree_smoke/v1,diagnostic_robust_center_rooted_tree_not_calibration,diagnostic_robust_center_root_anchor_not_calibration,20,imbalanced_10pct_outliers,23,tukey_depth_rooted,0.8831183186680791,0.16981702016104752,0.4147727272727273,697,698,0.4750833862955713,0.8489030306583003,0.3806818181818182,0.925,2,0.23880597014925373
robust_center_rooted_tree_smoke/v1,diagnostic_robust_center_rooted_tree_not_calibration,diagnostic_robust_center_root_anchor_not_calibration,20,imbalanced_10pct_outliers,24,centroid_rooted,1.1454352805932828,0.1298115771587228,,692,693,1.091758440268862,0.6124192258916636,0.48011363636363635,0.921875,2,0.0
robust_center_rooted_tree_smoke/v1,diagnostic_robust_center_rooted_tree_not_calibration,diagnostic_robust_center_root_anchor_not_calibration,20,imbalanced_10pct_outliers,24,geometric_median_rooted,0.7613502275460468,0.15652266976595355,,692,693,0.5021543231598437,0.6124192258916636,0.48011363636363635,0.921875,2,0.0
robust_center_rooted_tree_smoke/v1,diagnostic_robust_center_rooted_tree_not_calibration,diagnostic_robust_center_root_anchor_not_calibration,20,imbalanced_10pct_outliers,24,tukey_depth_rooted,0.7613502275460468,0.15652266976595355,0.4034090909090909,692,693,0.5021543231598437,0.6124192258916636,0.48011363636363635,0.921875,2,0.0
robust_center_rooted_tree_smoke/v1,diagnostic_robust_center_rooted_tree_not_calibration,diagnostic_robust_center_root_anchor_not_calibration,20,imbalanced_10pct_outliers,25,centroid_rooted,1.258650983803434,0.13682723970617133,,692,695,0.9890965872661724,0.6199112149050058,0.15056818181818182,0.921875,2,0.0
robust_center_rooted_tree_smoke/v1,diagnostic_robust_center_rooted_tree_not_calibration,diagnostic_robust_center_root_anchor_not_calibration,20,imbalanced_10pct_outliers,25,geometric_median_rooted,0.8805394691463535,0.15647300212962625,,692,695,0.4351959613819554,0.6199112149050058,0.15056818181818182,0.921875,2,0.0
robust_center_rooted_tree_smoke/v1,diagnostic_robust_center_rooted_tree_not_calibration,diagnostic_robust_center_root_anchor_not_calibration,20,imbalanced_10pct_outliers,25,tukey_depth_rooted,0.8805394691463535,0.15647300212962625,0.4375,692,695,0.4351959613819554,0.6199112149050058,0.15056818181818182,0.921875,2,0.0
robust_center_rooted_tree_smoke/v1,diagnostic_robust_center_rooted_tree_not_calibration,diagnostic_robust_center_root_anchor_not_calibration,20,imbalanced_10pct_outliers,26,centroid_rooted,1.4481794435319628,0.23229820967050802,,689,694,1.097491256133177,0.9597880286695274,0.48295454545454547,0.8875,2,0.18823529411764706
robust_center_rooted_tree_smoke/v1,diagnostic_robust_center_rooted_tree_not_calibration,diagnostic_robust_center_root_anchor_not_calibration,20,imbalanced_10pct_outliers,26,geometric_median_rooted,1.1101780163760828,0.2580020323580296,,689,694,0.47518467958337196,0.9597880286695274,0.48295454545454547,0.8875,2,0.18823529411764706
robust_center_rooted_tree_smoke/v1,diagnostic_robust_center_rooted_tree_not_calibration,diagnostic_robust_center_root_anchor_not_calibration,20,imbalanced_10pct_outliers,26,tukey_depth_rooted,1.1101780163760828,0.2580020323580296,0.42329545454545453,689,694,0.47518467958337196,0.9597880286695274,0.48295454545454547,0.8875,2,0.18823529411764706
robust_center_rooted_tree_smoke/v1,diagnostic_robust_center_rooted_tree_not_calibration,diagnostic_robust_center_root_anchor_not_calibration,20,imbalanced_10pct_outliers,27,centroid_rooted,1.2577725634920613,0.19346287298117004,,694,697,1.1148018321827569,0.4095803957945703,0.23295454545454544,0.94375,1,0.0
robust_center_rooted_tree_smoke/v1,diagnostic_robust_center_rooted_tree_not_calibration,diagnostic_robust_center_root_anchor_not_calibration,20,imbalanced_10pct_outliers,27,geometric_median_rooted,1.0402026783947815,0.27288893410960785,,689,697,0.4709385115495704,0.9884262648221356,0.36363636363636365,0.9125,2,0.25
robust_center_rooted_tree_smoke/v1,diagnostic_robust_center_rooted_tree_not_calibration,diagnostic_robust_center_root_anchor_not_calibration,20,imbalanced_10pct_outliers,27,tukey_depth_rooted,1.0402026783947815,0.27288893410960785,0.4034090909090909,689,697,0.4709385115495704,0.9884262648221356,0.36363636363636365,0.9125,2,0.25
robust_center_rooted_tree_smoke/v1,diagnostic_robust_center_rooted_tree_not_calibration,diagnostic_robust_center_root_anchor_not_calibration,20,imbalanced_10pct_outliers,28,centroid_rooted,1.1925215310598283,0.15898768320457543,,691,696,1.132887489808995,0.6896520060078579,0.16761363636363635,0.946875,2,0.0
robust_center_rooted_tree_smoke/v1,diagnostic_robust_center_rooted_tree_not_calibration,diagnostic_robust_center_root_anchor_not_calibration,20,imbalanced_10pct_outliers,28,geometric_median_rooted,0.8742974096633763,0.2125928986130584,,694,696,0.5090619068620805,0.9031902833116925,0.29545454545454547,0.91875,2,0.3076923076923077
robust_center_rooted_tree_smoke/v1,diagnostic_robust_center_rooted_tree_not_calibration,diagnostic_robust_center_root_anchor_not_calibration,20,imbalanced_10pct_outliers,28,tukey_depth_rooted,0.8742974096633763,0.2125928986130584,0.4090909090909091,694,696,0.5090619068620805,0.9031902833116925,0.29545454545454547,0.91875,2,0.3076923076923077
robust_center_rooted_tree_smoke/v1,diagnostic_robust_center_rooted_tree_not_calibration,diagnostic_robust_center_root_anchor_not_calibration,20,imbalanced_10pct_outliers,29,centroid_rooted,1.2381512929157064,0.11706600492094137,,692,694,1.1055600024768877,0.7661352000282108,0.3806818181818182,0.91875,2,0.0
robust_center_rooted_tree_smoke/v1,diagnostic_robust_center_rooted_tree_not_calibration,diagnostic_robust_center_root_anchor_not_calibration,20,imbalanced_10pct_outliers,29,geometric_median_rooted,0.8404315326310371,0.1363836139769773,,692,694,0.494938954669556,0.7661352000282108,0.3806818181818182,0.91875,2,0.0
robust_center_rooted_tree_smoke/v1,diagnostic_robust_center_rooted_tree_not_calibration,diagnostic_robust_center_root_anchor_not_calibration,20,imbalanced_10pct_outliers,29,tukey_depth_rooted,0.8404315326310371,0.1363836139769773,0.42045454545454547,692,694,0.494938954669556,0.7661352000282108,0.3806818181818182,0.91875,2,0.0
robust_center_rooted_tree_smoke/v1,diagnostic_robust_center_rooted_tree_not_calibration,diagnostic_robust_center_root_anchor_not_calibration,100,balanced_clean,0,centroid_rooted,0.588815295826826,0.04210829190686468,,620,621,0.24286749895121512,0.6406977919321201,0.29375,0.81875,4,0.0
robust_center_rooted_tree_smoke/v1,diagnostic_robust_center_rooted_tree_not_calibration,diagnostic_robust_center_root_anchor_not_calibration,100,balanced_clean,0,geometric_median_rooted,0.5922876675152486,0.04234195191573287,,620,621,0.22603107197010988,0.6406977919321201,0.29375,0.81875,4,0.0
robust_center_rooted_tree_smoke/v1,diagnostic_robust_center_rooted_tree_not_calibration,diagnostic_robust_center_root_anchor_not_calibration,100,balanced_clean,0,tukey_depth_rooted,0.5922876675152486,0.04234195191573287,0.434375,620,621,0.22603107197010988,0.6406977919321201,0.29375,0.81875,4,0.0
robust_center_rooted_tree_smoke/v1,diagnostic_robust_center_rooted_tree_not_calibration,diagnostic_robust_center_root_anchor_not_calibration,100,balanced_clean,1,centroid_rooted,0.60617083955851,0.033862585172511665,,621,622,0.3062689090427009,0.6944603563263569,0.15625,0.84375,4,0.0
robust_center_rooted_tree_smoke/v1,diagnostic_robust_center_rooted_tree_not_calibration,diagnostic_robust_center_root_anchor_not_calibration,100,balanced_clean,1,geometric_median_rooted,0.6130521103836676,0.03407010075579344,,621,622,0.2919311134568766,0.6944603563263569,0.15625,0.84375,4,0.0
robust_center_rooted_tree_smoke/v1,diagnostic_robust_center_rooted_tree_not_calibration,diagnostic_robust_center_root_anchor_not_calibration,100,balanced_clean,1,tukey_depth_rooted,0.60617083955851,0.033862585172511665,0.45,621,622,0.3062689090427009,0.6944603563263569,0.15625,0.84375,4,0.0
robust_center_rooted_tree_smoke/v1,diagnostic_robust_center_rooted_tree_not_calibration,diagnostic_robust_center_root_anchor_not_calibration,100,balanced_clean,2,centroid_rooted,0.6050849262950291,0.03301184937767268,,613,615,0.29459459997680076,0.6671610614242747,0.159375,0.840625,3,0.0
robust_center_rooted_tree_smoke/v1,diagnostic_robust_center_rooted_tree_not_calibration,diagnostic_robust_center_root_anchor_not_calibration,100,balanced_clean,2,geometric_median_rooted,0.6069939426883162,0.03124946089881499,,613,615,0.2734832268350408,0.6671610614242747,0.159375,0.840625,3,0.0
robust_center_rooted_tree_smoke/v1,diagnostic_robust_center_rooted_tree_not_calibration,diagnostic_robust_center_root_anchor_not_calibration,100,balanced_clean,2,tukey_depth_rooted,0.6069939426883162,0.03124946089881499,0.446875,613,615,0.2734832268350408,0.6671610614242747,0.159375,0.840625,3,0.0
robust_center_rooted_tree_smoke/v1,diagnostic_robust_center_rooted_tree_not_calibration,diagnostic_robust_center_root_anchor_not_calibration,100,balanced_clean,3,centroid_rooted,0.5529987814709106,0.047982685512564655,,619,620,0.2942289175111543,0.6208507181606399,0.15625,0.84375,4,0.0
robust_center_rooted_tree_smoke/v1,diagnostic_robust_center_rooted_tree_not_calibration,diagnostic_robust_center_root_anchor_not_calibration,100,balanced_clean,3,geometric_median_rooted,0.5540614099745867,0.049601488906926276,,619,620,0.27315192725589865,0.6208507181606399,0.15625,0.84375,4,0.0
robust_center_rooted_tree_smoke/v1,diagnostic_robust_center_rooted_tree_not_calibration,diagnostic_robust_center_root_anchor_not_calibration,100,balanced_clean,3,tukey_depth_rooted,0.5540614099745867,0.049601488906926276,0.45,619,620,0.27315192725589865,0.6208507181606399,0.15625,0.84375,4,0.0
robust_center_rooted_tree_smoke/v1,diagnostic_robust_center_rooted_tree_not_calibration,diagnostic_robust_center_root_anchor_not_calibration,100,balanced_clean,4,centroid_rooted,0.571234937967114,0.03540865880443751,,615,617,0.3032079185351829,0.6689964334743967,0.159375,0.840625,3,0.0
robust_center_rooted_tree_smoke/v1,diagnostic_robust_center_rooted_tree_not_calibration,diagnostic_robust_center_root_anchor_not_calibration,100,balanced_clean,4,geometric_median_rooted,0.5742845530061709,0.03471643989974076,,615,617,0.29077875868147385,0.6689964334743967,0.159375,0.840625,3,0.0
robust_center_rooted_tree_smoke/v1,diagnostic_robust_center_rooted_tree_not_calibration,diagnostic_robust_center_root_anchor_not_calibration,100,balanced_clean,4,tukey_depth_rooted,0.571234937967114,0.03540865880443751,0.45,615,617,0.3032079185351829,0.6689964334743967,0.159375,0.840625,3,0.0
robust_center_rooted_tree_smoke/v1,diagnostic_robust_center_rooted_tree_not_calibration,diagnostic_robust_center_root_anchor_not_calibration,100,balanced_clean,5,centroid_rooted,0.6096456150514871,0.025536305300713866,,617,618,0.30348299230943887,0.6795998558599791,0.16875,0.83125,3,0.0
robust_center_rooted_tree_smoke/v1,diagnostic_robust_center_rooted_tree_not_calibration,diagnostic_robust_center_root_anchor_not_calibration,100,balanced_clean,5,geometric_median_rooted,0.606270096203753,0.024675413029503178,,617,618,0.2812652926121844,0.6795998558599791,0.16875,0.83125,3,0.0
robust_center_rooted_tree_smoke/v1,diagnostic_robust_center_rooted_tree_not_calibration,diagnostic_robust_center_root_anchor_not_calibration,100,balanced_clean,5,tukey_depth_rooted,0.6096456150514871,0.025536305300713866,0.44375,617,618,0.30348299230943887,0.6795998558599791,0.16875,0.83125,3,0.0
robust_center_rooted_tree_smoke/v1,diagnostic_robust_center_rooted_tree_not_calibration,diagnostic_robust_center_root_anchor_not_calibration,100,balanced_clean,6,centroid_rooted,0.5980616006464081,0.030642660549708784,,617,618,0.2663716128462839,0.6379285022770526,0.15625,0.84375,4,0.0
robust_center_rooted_tree_smoke/v1,diagnostic_robust_center_rooted_tree_not_calibration,diagnostic_robust_center_root_anchor_not_calibration,100,balanced_clean,6,geometric_median_rooted,0.5933221873743342,0.03139825332620568,,617,618,0.2476782637067493,0.6379285022770526,0.15625,0.84375,4,0.0
robust_center_rooted_tree_smoke/v1,diagnostic_robust_center_rooted_tree_not_calibration,diagnostic_robust_center_root_anchor_not_calibration,100,balanced_clean,6,tukey_depth_rooted,0.5980616006464081,0.030642660549708784,0.44375,617,618,0.2663716128462839,0.6379285022770526,0.15625,0.84375,4,0.0
robust_center_rooted_tree_smoke/v1,diagnostic_robust_center_rooted_tree_not_calibration,diagnostic_robust_center_root_anchor_not_calibration,100,balanced_clean,7,centroid_rooted,0.5947187362798722,0.034683423782730365,,617,620,0.24752453157774862,0.6383971586589365,0.153125,0.846875,4,0.0
robust_center_rooted_tree_smoke/v1,diagnostic_robust_center_rooted_tree_not_calibration,diagnostic_robust_center_root_anchor_not_calibration,100,balanced_clean,7,geometric_median_rooted,0.5920992710187678,0.03381942416527564,,617,620,0.22976416704861163,0.6383971586589365,0.153125,0.846875,4,0.0
robust_center_rooted_tree_smoke/v1,diagnostic_robust_center_rooted_tree_not_calibration,diagnostic_robust_center_root_anchor_not_calibration,100,balanced_clean,7,tukey_depth_rooted,0.5947187362798722,0.034683423782730365,0.434375,617,620,0.24752453157774862,0.6383971586589365,0.153125,0.846875,4,0.0
robust_center_rooted_tree_smoke/v1,diagnostic_robust_center_rooted_tree_not_calibration,diagnostic_robust_center_root_anchor_not_calibration,100,balanced_clean,8,centroid_rooted,0.5360502276649873,0.034732929837681115,,618,620,0.3215759335174483,0.5587184555344323,0.1625,0.8375,4,0.0
robust_center_rooted_tree_smoke/v1,diagnostic_robust_center_rooted_tree_not_calibration,diagnostic_robust_center_root_anchor_not_calibration,100,balanced_clean,8,geometric_median_rooted,0.5323818390260727,0.033584238539226687,,618,620,0.30192695923275775,0.5587184555344323,0.1625,0.8375,4,0.0
robust_center_rooted_tree_smoke/v1,diagnostic_robust_center_rooted_tree_not_calibration,diagnostic_robust_center_root_anchor_not_calibration,100,balanced_clean,8,tukey_depth_rooted,0.5360502276649873,0.034732929837681115,0.446875,618,620,0.3215759335174483,0.5587184555344323,0.1625,0.8375,4,0.0
robust_center_rooted_tree_smoke/v1,diagnostic_robust_center_rooted_tree_not_calibration,diagnostic_robust_center_root_anchor_not_calibration,100,balanced_clean,9,centroid_rooted,0.5520089804080539,0.005720477204132126,,617,618,0.28316263481742404,0.6165502624734459,0.15625,0.84375,4,0.0
robust_center_rooted_tree_smoke/v1,diagnostic_robust_center_rooted_tree_not_calibration,diagnostic_robust_center_root_anchor_not_calibration,100,balanced_clean,9,geometric_median_rooted,0.5557669319832403,0.0068661796601303705,,617,618,0.25784190570905324,0.6165502624734459,0.15625,0.84375,4,0.0
robust_center_rooted_tree_smoke/v1,diagnostic_robust_center_rooted_tree_not_calibration,diagnostic_robust_center_root_anchor_not_calibration,100,balanced_clean,9,tukey_depth_rooted,0.5520089804080539,0.005720477204132126,0.434375,617,618,0.28316263481742404,0.6165502624734459,0.15625,0.84375,4,0.0
robust_center_rooted_tree_smoke/v1,diagnostic_robust_center_rooted_tree_not_calibration,diagnostic_robust_center_root_anchor_not_calibration,100,balanced_clean,10,centroid_rooted,0.6045503613662838,0.034208377742363086,,619,620,0.2922055012835398,0.6632158098295851,0.15,0.85,3,0.0
robust_center_rooted_tree_smoke/v1,diagnostic_robust_center_rooted_tree_not_calibration,diagnostic_robust_center_root_anchor_not_calibration,100,balanced_clean,10,geometric_median_rooted,0.6030165634004622,0.03343081899378351,,619,620,0.2708640752031342,0.6632158098295851,0.15,0.85,3,0.0
robust_center_rooted_tree_smoke/v1,diagnostic_robust_center_rooted_tree_not_calibration,diagnostic_robust_center_root_anchor_not_calibration,100,balanced_clean,10,tukey_depth_rooted,0.6045503613662838,0.034208377742363086,0.446875,619,620,0.2922055012835398,0.6632158098295851,0.15,0.85,3,0.0
robust_center_rooted_tree_smoke/v1,diagnostic_robust_center_rooted_tree_not_calibration,diagnostic_robust_center_root_anchor_not_calibration,100,balanced_clean,11,centroid_rooted,0.561799192564984,0.03645500609766745,,617,618,0.32496485985628715,0.645361270888501,0.18125,0.81875,4,0.0
robust_center_rooted_tree_smoke/v1,diagnostic_robust_center_rooted_tree_not_calibration,diagnostic_robust_center_root_anchor_not_calibration,100,balanced_clean,11,geometric_median_rooted,0.5669870593094927,0.037728130328829115,,617,618,0.2979152227755243,0.645361270888501,0.18125,0.81875,4,0.0
robust_center_rooted_tree_smoke/v1,diagnostic_robust_center_rooted_tree_not_calibration,diagnostic_robust_center_root_anchor_not_calibration,100,balanced_clean,11,tukey_depth_rooted,0.561799192564984,0.03645500609766745,0.446875,617,618,0.32496485985628715,0.645361270888501,0.18125,0.81875,4,0.0
robust_center_rooted_tree_smoke/v1,diagnostic_robust_center_rooted_tree_not_calibration,diagnostic_robust_center_root_anchor_not_calibration,100,balanced_clean,12,centroid_rooted,0.6103028568662068,0.028720319465403796,,612,614,0.26036136188522424,0.672266328955251,0.15,0.85,4,0.0
robust_center_rooted_tree_smoke/v1,diagnostic_robust_center_rooted_tree_not_calibration,diagnostic_robust_center_root_anchor_not_calibration,100,balanced_clean,12,geometric_median_rooted,0.6155165607169927,0.030399925161966896,,612,614,0.23231014906094874,0.672266328955251,0.15,0.85,4,0.0
robust_center_rooted_tree_smoke/v1,diagnostic_robust_center_rooted_tree_not_calibration,diagnostic_robust_center_root_anchor_not_calibration,100,balanced_clean,12,tukey_depth_rooted,0.6103028568662068,0.028720319465403796,0.4375,612,614,0.26036136188522424,0.672266328955251,0.15,0.85,4,0.0
robust_center_rooted_tree_smoke/v1,diagnostic_robust_center_rooted_tree_not_calibration,diagnostic_robust_center_root_anchor_not_calibration,100,balanced_clean,13,centroid_rooted,0.47884087131054803,0.01896952920417257,,619,622,0.25023302859276486,0.5457196392933006,0.165625,0.834375,4,0.0
robust_center_rooted_tree_smoke/v1,diagnostic_robust_center_rooted_tree_not_calibration,diagnostic_robust_center_root_anchor_not_calibration,100,balanced_clean,13,geometric_median_rooted,0.4801092086759832,0.01926684592245056,,619,622,0.23823911530237724,0.5457196392933006,0.165625,0.834375,4,0.0
robust_center_rooted_tree_smoke/v1,diagnostic_robust_center_rooted_tree_not_calibration,diagnostic_robust_center_root_anchor_not_calibration,100,balanced_clean,13,tukey_depth_rooted,0.47884087131054803,0.01896952920417257,0.446875,619,622,0.25023302859276486,0.5457196392933006,0.165625,0.834375,4,0.0
robust_center_rooted_tree_smoke/v1,diagnostic_robust_center_rooted_tree_not_calibration,diagnostic_robust_center_root_anchor_not_calibration,100,balanced_clean,14,centroid_rooted,0.5697610671654585,0.010075118959390159,,618,619,0.26331406372601973,0.639493831513594,0.153125,0.846875,3,0.0
robust_center_rooted_tree_smoke/v1,diagnostic_robust_center_rooted_tree_not_calibration,diagnostic_robust_center_root_anchor_not_calibration,100,balanced_clean,14,geometric_median_rooted,0.5724897092644693,0.010558332187044403,,618,619,0.2480416369752749,0.639493831513594,0.153125,0.846875,3,0.0
robust_center_rooted_tree_smoke/v1,diagnostic_robust_center_rooted_tree_not_calibration,diagnostic_robust_center_root_anchor_not_calibration,100,balanced_clean,14,tukey_depth_rooted,0.5724897092644693,0.010558332187044403,0.453125,618,619,0.2480416369752749,0.639493831513594,0.153125,0.846875,3,0.0
robust_center_rooted_tree_smoke/v1,diagnostic_robust_center_rooted_tree_not_calibration,diagnostic_robust_center_root_anchor_not_calibration,100,balanced_clean,15,centroid_rooted,0.5610550020074081,0.04776202667007088,,617,618,0.2784238802340361,0.6574741151726203,0.16875,0.83125,4,0.0
robust_center_rooted_tree_smoke/v1,diagnostic_robust_center_rooted_tree_not_calibration,diagnostic_robust_center_root_anchor_not_calibration,100,balanced_clean,15,geometric_median_rooted,0.5653231622488284,0.04825273357861871,,617,618,0.25400276766374213,0.6574741151726203,0.16875,0.83125,4,0.0
robust_center_rooted_tree_smoke/v1,diagnostic_robust_center_rooted_tree_not_calibration,diagnostic_robust_center_root_anchor_not_calibration,100,balanced_clean,15,tukey_depth_rooted,0.5653231622488284,0.04825273357861871,0.44375,617,618,0.25400276766374213,0.6574741151726203,0.16875,0.83125,4,0.0
robust_center_rooted_tree_smoke/v1,diagnostic_robust_center_rooted_tree_not_calibration,diagnostic_robust_center_root_anchor_not_calibration,100,balanced_clean,16,centroid_rooted,0.5434004323747232,0.041589640631714005,,619,620,0.28572068360825204,0.6338389907349897,0.1625,0.8375,4,0.0
robust_center_rooted_tree_smoke/v1,diagnostic_robust_center_rooted_tree_not_calibration,diagnostic_robust_center_root_anchor_not_calibration,100,balanced_clean,16,geometric_median_rooted,0.54287427620266,0.04253086093500483,,619,620,0.2673557666068107,0.6338389907349897,0.1625,0.8375,4,0.0
robust_center_rooted_tree_smoke/v1,diagnostic_robust_center_rooted_tree_not_calibration,diagnostic_robust_center_root_anchor_not_calibration,100,balanced_clean,16,tukey_depth_rooted,0.5434004323747232,0.041589640631714005,0.4375,619,620,0.28572068360825204,0.6338389907349897,0.1625,0.8375,4,0.0
robust_center_rooted_tree_smoke/v1,diagnostic_robust_center_rooted_tree_not_calibration,diagnostic_robust_center_root_anchor_not_calibration,100,balanced_clean,17,centroid_rooted,0.6271308911883993,0.028112829717616195,,614,616,0.2789310418738313,0.6636105696614875,0.159375,0.840625,4,0.0
robust_center_rooted_tree_smoke/v1,diagnostic_robust_center_rooted_tree_not_calibration,diagnostic_robust_center_root_anchor_not_calibration,100,balanced_clean,17,geometric_median_rooted,0.6258882077794208,0.028540262804818223,,614,616,0.2576582882532569,0.6636105696614875,0.159375,0.840625,4,0.0
robust_center_rooted_tree_smoke/v1,diagnostic_robust_center_rooted_tree_not_calibration,diagnostic_robust_center_root_anchor_not_calibration,100,balanced_clean,17,tukey_depth_rooted,0.6271308911883993,0.028112829717616195,0.440625,614,616,0.2789310418738313,0.6636105696614875,0.159375,0.840625,4,0.0
robust_center_rooted_tree_smoke/v1,diagnostic_robust_center_rooted_tree_not_calibration,diagnostic_robust_center_root_anchor_not_calibration,100,balanced_clean,18,centroid_rooted,0.5281292672999274,0.029087779374112555,,619,620,0.27582260157617844,0.6236540341013528,0.159375,0.840625,4,0.0
robust_center_rooted_tree_smoke/v1,diagnostic_robust_center_rooted_tree_not_calibration,diagnostic_robust_center_root_anchor_not_calibration,100,balanced_clean,18,geometric_median_rooted,0.5284741533771221,0.029917375093523355,,619,620,0.2569012134427444,0.6236540341013528,0.159375,0.840625,4,0.0
robust_center_rooted_tree_smoke/v1,diagnostic_robust_center_rooted_tree_not_calibration,diagnostic_robust_center_root_anchor_not_calibration,100,balanced_clean,18,tukey_depth_rooted,0.5281292672999274,0.029087779374112555,0.45,619,620,0.27582260157617844,0.6236540341013528,0.159375,0.840625,4,0.0
robust_center_rooted_tree_smoke/v1,diagnostic_robust_center_rooted_tree_not_calibration,diagnostic_robust_center_root_anchor_not_calibration,100,balanced_clean,19,centroid_rooted,0.5477976517195997,0.012171071616244864,,616,617,0.24788088728875446,0.6059723872320678,0.15,0.85,4,0.0
robust_center_rooted_tree_smoke/v1,diagnostic_robust_center_rooted_tree_not_calibration,diagnostic_robust_center_root_anchor_not_calibration,100,balanced_clean,19,geometric_median_rooted,0.5546203615314891,0.013403726506268313,,616,617,0.22614012672998102,0.6059723872320678,0.15,0.85,4,0.0
robust_center_rooted_tree_smoke/v1,diagnostic_robust_center_rooted_tree_not_calibration,diagnostic_robust_center_root_anchor_not_calibration,100,balanced_clean,19,tukey_depth_rooted,0.5477976517195997,0.012171071616244864,0.4375,616,617,0.24788088728875446,0.6059723872320678,0.15,0.85,4,0.0
robust_center_rooted_tree_smoke/v1,diagnostic_robust_center_rooted_tree_not_calibration,diagnostic_robust_center_root_anchor_not_calibration,100,balanced_clean,20,centroid_rooted,0.5682206178648893,0.016749310252611775,,620,621,0.26264006323560907,0.6279071275538761,0.15,0.85,3,0.0
robust_center_rooted_tree_smoke/v1,diagnostic_robust_center_rooted_tree_not_calibration,diagnostic_robust_center_root_anchor_not_calibration,100,balanced_clean,20,geometric_median_rooted,0.5678452579919796,0.01578800336353879,,620,621,0.24487884647949038,0.6279071275538761,0.15,0.85,3,0.0
robust_center_rooted_tree_smoke/v1,diagnostic_robust_center_rooted_tree_not_calibration,diagnostic_robust_center_root_anchor_not_calibration,100,balanced_clean,20,tukey_depth_rooted,0.5682206178648893,0.016749310252611775,0.434375,620,621,0.26264006323560907,0.6279071275538761,0.15,0.85,3,0.0
robust_center_rooted_tree_smoke/v1,diagnostic_robust_center_rooted_tree_not_calibration,diagnostic_robust_center_root_anchor_not_calibration,100,balanced_clean,21,centroid_rooted,0.5181069519335192,0.016905177219061467,,618,620,0.2712938593163235,0.5539952347221943,0.1625,0.8375,3,0.0
robust_center_rooted_tree_smoke/v1,diagnostic_robust_center_rooted_tree_not_calibration,diagnostic_robust_center_root_anchor_not_calibration,100,balanced_clean,21,geometric_median_rooted,0.5170236113653524,0.016547431389803552,,618,620,0.25234403921971693,0.5539952347221943,0.1625,0.8375,3,0.0
robust_center_rooted_tree_smoke/v1,diagnostic_robust_center_rooted_tree_not_calibration,diagnostic_robust_center_root_anchor_not_calibration,100,balanced_clean,21,tukey_depth_rooted,0.5181069519335192,0.016905177219061467,0.44375,618,620,0.2712938593163235,0.5539952347221943,0.1625,0.8375,3,0.0
robust_center_rooted_tree_smoke/v1,diagnostic_robust_center_rooted_tree_not_calibration,diagnostic_robust_center_root_anchor_not_calibration,100,balanced_clean,22,centroid_rooted,0.5992994695725373,0.03639827589425288,,619,620,0.2611205021240714,0.6092468499389826,0.153125,0.846875,3,0.0
robust_center_rooted_tree_smoke/v1,diagnostic_robust_center_rooted_tree_not_calibration,diagnostic_robust_center_root_anchor_not_calibration,100,balanced_clean,22,geometric_median_rooted,0.6020587285370892,0.037196462970718845,,619,620,0.243743750306615,0.6092468499389826,0.153125,0.846875,3,0.0
robust_center_rooted_tree_smoke/v1,diagnostic_robust_center_rooted_tree_not_calibration,diagnostic_robust_center_root_anchor_not_calibration,100,balanced_clean,22,tukey_depth_rooted,0.5992994695725373,0.03639827589425288,0.45,619,620,0.2611205021240714,0.6092468499389826,0.153125,0.846875,3,0.0
robust_center_rooted_tree_smoke/v1,diagnostic_robust_center_rooted_tree_not_calibration,diagnostic_robust_center_root_anchor_not_calibration,100,balanced_clean,23,centroid_rooted,0.5471158171266635,0.02833937960782176,,616,617,0.2888074037621657,0.6147902529371284,0.190625,0.809375,4,0.0
robust_center_rooted_tree_smoke/v1,diagnostic_robust_center_rooted_tree_not_calibration,diagnostic_robust_center_root_anchor_not_calibration,100,balanced_clean,23,geometric_median_rooted,0.5428873722185136,0.030169920220992946,,616,617,0.26713360190293983,0.6147902529371284,0.190625,0.809375,4,0.0
robust_center_rooted_tree_smoke/v1,diagnostic_robust_center_rooted_tree_not_calibration,diagnostic_robust_center_root_anchor_not_calibration,100,balanced_clean,23,tukey_depth_rooted,0.5471158171266635,0.02833937960782176,0.428125,616,617,0.2888074037621657,0.6147902529371284,0.190625,0.809375,4,0.0
robust_center_rooted_tree_smoke/v1,diagnostic_robust_center_rooted_tree_not_calibration,diagnostic_robust_center_root_anchor_not_calibration,100,balanced_clean,24,centroid_rooted,0.544570355366917,0.019529606356494568,,623,624,0.2604740033413433,0.5914523108599959,0.159375,0.840625,2,0.0
robust_center_rooted_tree_smoke/v1,diagnostic_robust_center_rooted_tree_not_calibration,diagnostic_robust_center_root_anchor_not_calibration,100,balanced_clean,24,geometric_median_rooted,0.5482269441248997,0.020759752068418066,,623,624,0.2576019039138883,0.5914523108599959,0.159375,0.840625,2,0.0
robust_center_rooted_tree_smoke/v1,diagnostic_robust_center_rooted_tree_not_calibration,diagnostic_robust_center_root_anchor_not_calibration,100,balanced_clean,24,tukey_depth_rooted,0.544570355366917,0.019529606356494568,0.446875,623,624,0.2604740033413433,0.5914523108599959,0.159375,0.840625,2,0.0
robust_center_rooted_tree_smoke/v1,diagnostic_robust_center_rooted_tree_not_calibration,diagnostic_robust_center_root_anchor_not_calibration,100,balanced_clean,25,centroid_rooted,0.6066654739020094,0.04367893046168347,,621,622,0.28208901683863835,0.6690956188221754,0.165625,0.834375,4,0.0
robust_center_rooted_tree_smoke/v1,diagnostic_robust_center_rooted_tree_not_calibration,diagnostic_robust_center_root_anchor_not_calibration,100,balanced_clean,25,geometric_median_rooted,0.6097383239981448,0.04300861541322386,,621,622,0.26612961767953847,0.6690956188221754,0.165625,0.834375,4,0.0
robust_center_rooted_tree_smoke/v1,diagnostic_robust_center_rooted_tree_not_calibration,diagnostic_robust_center_root_anchor_not_calibration,100,balanced_clean,25,tukey_depth_rooted,0.6066654739020094,0.04367893046168347,0.428125,621,622,0.28208901683863835,0.6690956188221754,0.165625,0.834375,4,0.0
robust_center_rooted_tree_smoke/v1,diagnostic_robust_center_rooted_tree_not_calibration,diagnostic_robust_center_root_anchor_not_calibration,100,balanced_clean,26,centroid_rooted,0.5843822154251287,0.021483721006396953,,613,614,0.3115981276650183,0.6152651787913166,0.15,0.85,4,0.0
robust_center_rooted_tree_smoke/v1,diagnostic_robust_center_rooted_tree_not_calibration,diagnostic_robust_center_root_anchor_not_calibration,100,balanced_clean,26,geometric_median_rooted,0.5828852598018488,0.022033203787599327,,613,614,0.29238217070790085,0.6152651787913166,0.15,0.85,4,0.0
robust_center_rooted_tree_smoke/v1,diagnostic_robust_center_rooted_tree_not_calibration,diagnostic_robust_center_root_anchor_not_calibration,100,balanced_clean,26,tukey_depth_rooted,0.5843822154251287,0.021483721006396953,0.434375,613,614,0.3115981276650183,0.6152651787913166,0.15,0.85,4,0.0
robust_center_rooted_tree_smoke/v1,diagnostic_robust_center_rooted_tree_not_calibration,diagnostic_robust_center_root_anchor_not_calibration,100,balanced_clean,27,centroid_rooted,0.5034031392911189,0.03516989778901386,,620,621,0.23859921078741259,0.5688044939014332,0.15625,0.84375,4,0.0
robust_center_rooted_tree_smoke/v1,diagnostic_robust_center_rooted_tree_not_calibration,diagnostic_robust_center_root_anchor_not_calibration,100,balanced_clean,27,geometric_median_rooted,0.5059957096074477,0.03508820580560535,,620,621,0.22679328234750937,0.5688044939014332,0.15625,0.84375,4,0.0
robust_center_rooted_tree_smoke/v1,diagnostic_robust_center_rooted_tree_not_calibration,diagnostic_robust_center_root_anchor_not_calibration,100,balanced_clean,27,tukey_depth_rooted,0.5034031392911189,0.03516989778901386,0.45,620,621,0.23859921078741259,0.5688044939014332,0.15625,0.84375,4,0.0
robust_center_rooted_tree_smoke/v1,diagnostic_robust_center_rooted_tree_not_calibration,diagnostic_robust_center_root_anchor_not_calibration,100,balanced_clean,28,centroid_rooted,0.5702977444150863,0.035326774238427186,,621,622,0.31025824085103076,0.6383296647205073,0.15,0.85,3,0.0
robust_center_rooted_tree_smoke/v1,diagnostic_robust_center_rooted_tree_not_calibration,diagnostic_robust_center_root_anchor_not_calibration,100,balanced_clean,28,geometric_median_rooted,0.5754611313803446,0.03674344817614147,,621,622,0.28570019902065563,0.6383296647205073,0.15,0.85,3,0.0
robust_center_rooted_tree_smoke/v1,diagnostic_robust_center_rooted_tree_not_calibration,diagnostic_robust_center_root_anchor_not_calibration,100,balanced_clean,28,tukey_depth_rooted,0.5702977444150863,0.035326774238427186,0.45,621,622,0.31025824085103076,0.6383296647205073,0.15,0.85,3,0.0
robust_center_rooted_tree_smoke/v1,diagnostic_robust_center_rooted_tree_not_calibration,diagnostic_robust_center_root_anchor_not_calibration,100,balanced_clean,29,centroid_rooted,0.5123929730929482,0.02592904313908147,,620,621,0.31334401912015836,0.5637494794877274,0.209375,0.790625,4,0.0
robust_center_rooted_tree_smoke/v1,diagnostic_robust_center_rooted_tree_not_calibration,diagnostic_robust_center_root_anchor_not_calibration,100,balanced_clean,29,geometric_median_rooted,0.5070303132916988,0.026961086030375024,,620,621,0.2888289434720788,0.5637494794877274,0.209375,0.790625,4,0.0
robust_center_rooted_tree_smoke/v1,diagnostic_robust_center_rooted_tree_not_calibration,diagnostic_robust_center_root_anchor_not_calibration,100,balanced_clean,29,tukey_depth_rooted,0.5123929730929482,0.02592904313908147,0.4375,620,621,0.31334401912015836,0.5637494794877274,0.209375,0.790625,4,0.0
robust_center_rooted_tree_smoke/v1,diagnostic_robust_center_rooted_tree_not_calibration,diagnostic_robust_center_root_anchor_not_calibration,100,balanced_10pct_outliers,0,centroid_rooted,1.2920718871272512,0.06538969815646888,,689,690,1.1295396883758808,0.5751266913579463,0.1534090909090909,0.93125,1,0.5925925925925926
robust_center_rooted_tree_smoke/v1,diagnostic_robust_center_rooted_tree_not_calibration,diagnostic_robust_center_root_anchor_not_calibration,100,balanced_10pct_outliers,0,geometric_median_rooted,1.0042446698552085,0.0701747468253496,,689,690,0.7994598151491553,0.5751266913579463,0.1534090909090909,0.93125,1,0.5925925925925926
robust_center_rooted_tree_smoke/v1,diagnostic_robust_center_rooted_tree_not_calibration,diagnostic_robust_center_root_anchor_not_calibration,100,balanced_10pct_outliers,0,tukey_depth_rooted,1.0042446698552085,0.0701747468253496,0.4403409090909091,689,690,0.7994598151491553,0.5751266913579463,0.1534090909090909,0.93125,1,0.5925925925925926
robust_center_rooted_tree_smoke/v1,diagnostic_robust_center_rooted_tree_not_calibration,diagnostic_robust_center_root_anchor_not_calibration,100,balanced_10pct_outliers,1,centroid_rooted,1.2203918983532944,0.05604379785352352,,686,687,1.140970756123488,0.5408279500211758,0.16193181818181818,0.921875,1,0.5614035087719298
robust_center_rooted_tree_smoke/v1,diagnostic_robust_center_rooted_tree_not_calibration,diagnostic_robust_center_root_anchor_not_calibration,100,balanced_10pct_outliers,1,geometric_median_rooted,0.9362436380787451,0.04447533164750563,,686,687,0.8122953689992706,0.5408279500211758,0.16193181818181818,0.921875,1,0.5614035087719298
robust_center_rooted_tree_smoke/v1,diagnostic_robust_center_rooted_tree_not_calibration,diagnostic_robust_center_root_anchor_not_calibration,100,balanced_10pct_outliers,1,tukey_depth_rooted,0.9362436380787451,0.04447533164750563,0.4431818181818182,686,687,0.8122953689992706,0.5408279500211758,0.16193181818181818,0.921875,1,0.5614035087719298
robust_center_rooted_tree_smoke/v1,diagnostic_robust_center_rooted_tree_not_calibration,diagnostic_robust_center_root_anchor_not_calibration,100,balanced_10pct_outliers,2,centroid_rooted,1.2567964001672685,0.10185229669172932,,677,680,1.1276448251075781,0.6675533378365165,0.24431818181818182,0.83125,4,0.37209302325581395
robust_center_rooted_tree_smoke/v1,diagnostic_robust_center_rooted_tree_not_calibration,diagnostic_robust_center_root_anchor_not_calibration,100,balanced_10pct_outliers,2,geometric_median_rooted,0.9802761991004,0.0872820502955521,,688,689,0.8130106991166817,0.5924365720541835,0.15625,0.928125,2,0.5818181818181818
robust_center_rooted_tree_smoke/v1,diagnostic_robust_center_rooted_tree_not_calibration,diagnostic_robust_center_root_anchor_not_calibration,100,balanced_10pct_outliers,2,tukey_depth_rooted,0.9802761991004,0.0872820502955521,0.4460227272727273,688,689,0.8130106991166817,0.5924365720541835,0.15625,0.928125,2,0.5818181818181818
robust_center_rooted_tree_smoke/v1,diagnostic_robust_center_rooted_tree_not_calibration,diagnostic_robust_center_root_anchor_not_calibration,100,balanced_10pct_outliers,3,centroid_rooted,1.2168466537047586,0.030778013480217196,,685,687,1.0896682128709316,0.6278454371267449,0.1903409090909091,0.890625,3,0.47761194029850745
robust_center_rooted_tree_smoke/v1,diagnostic_robust_center_rooted_tree_not_calibration,diagnostic_robust_center_root_anchor_not_calibration,100,balanced_10pct_outliers,3,geometric_median_rooted,0.9626420255321023,0.02091204524611894,,690,691,0.7877670704698454,0.6076800818583066,0.1590909090909091,0.925,2,0.5714285714285714
robust_center_rooted_tree_smoke/v1,diagnostic_robust_center_rooted_tree_not_calibration,diagnostic_robust_center_root_anchor_not_calibration,100,balanced_10pct_outliers,3,tukey_depth_rooted,0.9626420255321023,0.02091204524611894,0.4375,690,691,0.7877670704698454,0.6076800818583066,0.1590909090909091,0.925,2,0.5714285714285714
robust_center_rooted_tree_smoke/v1,diagnostic_robust_center_rooted_tree_not_calibration,diagnostic_robust_center_root_anchor_not_calibration,100,balanced_10pct_outliers,4,centroid_rooted,1.1442826789446046,0.038850407039919446,,682,684,1.128072188267219,0.5691322053340575,0.1875,0.89375,3,0.48484848484848486
robust_center_rooted_tree_smoke/v1,diagnostic_robust_center_rooted_tree_not_calibration,diagnostic_robust_center_root_anchor_not_calibration,100,balanced_10pct_outliers,4,geometric_median_rooted,0.8651049282564858,0.03370967085135408,,682,684,0.8068782258086215,0.5691322053340575,0.1875,0.89375,3,0.48484848484848486
robust_center_rooted_tree_smoke/v1,diagnostic_robust_center_rooted_tree_not_calibration,diagnostic_robust_center_root_anchor_not_calibration,100,balanced_10pct_outliers,4,tukey_depth_rooted,0.8651049282564858,0.03370967085135408,0.4460227272727273,682,684,0.8068782258086215,0.5691322053340575,0.1875,0.89375,3,0.48484848484848486
robust_center_rooted_tree_smoke/v1,diagnostic_robust_center_rooted_tree_not_calibration,diagnostic_robust_center_root_anchor_not_calibration,100,balanced_10pct_outliers,5,centroid_rooted,1.2333447543666998,0.03200711060097649,,685,686,1.1484498710389157,0.6307486921305805,0.1875,0.89375,1,0.48484848484848486
robust_center_rooted_tree_smoke/v1,diagnostic_robust_center_rooted_tree_not_calibration,diagnostic_robust_center_root_anchor_not_calibration,100,balanced_10pct_outliers,5,geometric_median_rooted,0.944261419821573,0.03285298068906124,,686,687,0.8128681469863704,0.6157172031429373,0.16761363636363635,0.915625,1,0.5423728813559322
robust_center_rooted_tree_smoke/v1,diagnostic_robust_center_rooted_tree_not_calibration,diagnostic_robust_center_root_anchor_not_calibration,100,balanced_10pct_outliers,5,tukey_depth_rooted,0.944261419821573,0.03285298068906124,0.42329545454545453,686,687,0.8128681469863704,0.6157172031429373,0.16761363636363635,0.915625,1,0.5423728813559322
robust_center_rooted_tree_smoke/v1,diagnostic_robust_center_rooted_tree_not_calibration,diagnostic_robust_center_root_anchor_not_calibration,100,balanced_10pct_outliers,6,centroid_rooted,1.2130590463748676,0.03165558544113411,,685,689,1.0735088963901769,0.5567069768311872,0.15625,0.928125,1,0.5818181818181818
robust_center_rooted_tree_smoke/v1,diagnostic_robust_center_rooted_tree_not_calibration,diagnostic_robust_center_root_anchor_not_calibration,100,balanced_10pct_outliers,6,geometric_median_rooted,0.9424957341776481,0.025319297089332456,,685,689,0.7641591910869354,0.5567069768311872,0.15625,0.928125,1,0.5818181818181818
robust_center_rooted_tree_smoke/v1,diagnostic_robust_center_rooted_tree_not_calibration,diagnostic_robust_center_root_anchor_not_calibration,100,balanced_10pct_outliers,6,tukey_depth_rooted,0.9424957341776481,0.025319297089332456,0.4318181818181818,685,689,0.7641591910869354,0.5567069768311872,0.15625,0.928125,1,0.5818181818181818
robust_center_rooted_tree_smoke/v1,diagnostic_robust_center_rooted_tree_not_calibration,diagnostic_robust_center_root_anchor_not_calibration,100,balanced_10pct_outliers,7,centroid_rooted,1.140034634997844,0.014112573355087131,,690,691,1.1142699249975272,0.5687803751024441,0.16193181818181818,0.921875,2,0.5614035087719298
robust_center_rooted_tree_smoke/v1,diagnostic_robust_center_rooted_tree_not_calibration,diagnostic_robust_center_root_anchor_not_calibration,100,balanced_10pct_outliers,7,geometric_median_rooted,0.8760505642019242,0.020205697992314395,,690,691,0.806989280255323,0.5687803751024441,0.16193181818181818,0.921875,2,0.5614035087719298
robust_center_rooted_tree_smoke/v1,diagnostic_robust_center_rooted_tree_not_calibration,diagnostic_robust_center_root_anchor_not_calibration,100,balanced_10pct_outliers,7,tukey_depth_rooted,0.8760505642019242,0.020205697992314395,0.4403409090909091,690,691,0.806989280255323,0.5687803751024441,0.16193181818181818,0.921875,2,0.5614035087719298
robust_center_rooted_tree_smoke/v1,diagnostic_robust_center_rooted_tree_not_calibration,diagnostic_robust_center_root_anchor_not_calibration,100,balanced_10pct_outliers,8,centroid_rooted,1.270400499041458,0.055207112862572974,,681,683,1.152105809772675,0.5442330435231124,0.17613636363636365,0.90625,2,0.5161290322580645
robust_center_rooted_tree_smoke/v1,diagnostic_robust_center_rooted_tree_not_calibration,diagnostic_robust_center_root_anchor_not_calibration,100,balanced_10pct_outliers,8,geometric_median_rooted,0.988198203044649,0.05154561128823562,,681,683,0.8365918469357574,0.5442330435231124,0.17613636363636365,0.90625,2,0.5161290322580645
robust_center_rooted_tree_smoke/v1,diagnostic_robust_center_rooted_tree_not_calibration,diagnostic_robust_center_root_anchor_not_calibration,100,balanced_10pct_outliers,8,tukey_depth_rooted,0.988198203044649,0.05154561128823562,0.4403409090909091,681,683,0.8365918469357574,0.5442330435231124,0.17613636363636365,0.90625,2,0.5161290322580645
robust_center_rooted_tree_smoke/v1,diagnostic_robust_center_rooted_tree_not_calibration,diagnostic_robust_center_root_anchor_not_calibration,100,balanced_10pct_outliers,9,centroid_rooted,1.3233261098072553,0.07957099557486502,,689,690,1.0634150118928491,0.5967806908052206,0.15056818181818182,0.934375,0,0.6037735849056604
robust_center_rooted_tree_smoke/v1,diagnostic_robust_center_rooted_tree_not_calibration,diagnostic_robust_center_root_anchor_not_calibration,100,balanced_10pct_outliers,9,geometric_median_rooted,1.0593721624219825,0.0736281211831763,,689,690,0.7619926092334024,0.5967806908052206,0.15056818181818182,0.934375,0,0.6037735849056604
robust_center_rooted_tree_smoke/v1,diagnostic_robust_center_rooted_tree_not_calibration,diagnostic_robust_center_root_anchor_not_calibration,100,balanced_10pct_outliers,9,tukey_depth_rooted,1.0593721624219825,0.0736281211831763,0.4147727272727273,689,690,0.7619926092334024,0.5967806908052206,0.15056818181818182,0.934375,0,0.6037735849056604
robust_center_rooted_tree_smoke/v1,diagnostic_robust_center_rooted_tree_not_calibration,diagnostic_robust_center_root_anchor_not_calibration,100,balanced_10pct_outliers,10,centroid_rooted,1.2125874542635904,0.026533709730832824,,690,691,1.0890287548846225,0.6235081719866812,0.15056818181818182,0.934375,1,0.6037735849056604
robust_center_rooted_tree_smoke/v1,diagnostic_robust_center_rooted_tree_not_calibration,diagnostic_robust_center_root_anchor_not_calibration,100,balanced_10pct_outliers,10,geometric_median_rooted,0.960916004469618,0.025135514308448625,,690,691,0.7871839718499571,0.6235081719866812,0.15056818181818182,0.934375,1,0.6037735849056604
robust_center_rooted_tree_smoke/v1,diagnostic_robust_center_rooted_tree_not_calibration,diagnostic_robust_center_root_anchor_not_calibration,100,balanced_10pct_outliers,10,tukey_depth_rooted,0.960916004469618,0.025135514308448625,0.4375,690,691,0.7871839718499571,0.6235081719866812,0.15056818181818182,0.934375,1,0.6037735849056604
robust_center_rooted_tree_smoke/v1,diagnostic_robust_center_rooted_tree_not_calibration,diagnostic_robust_center_root_anchor_not_calibration,100,balanced_10pct_outliers,11,centroid_rooted,1.1707817848699271,0.017491433384383963,,687,688,1.1043644567889495,0.6040761980046578,0.15056818181818182,0.934375,0,0.6037735849056604
robust_center_rooted_tree_smoke/v1,diagnostic_robust_center_rooted_tree_not_calibration,diagnostic_robust_center_root_anchor_not_calibration,100,balanced_10pct_outliers,11,geometric_median_rooted,0.9060526005093336,0.012032757128405546,,687,688,0.7799553983326789,0.6040761980046578,0.15056818181818182,0.934375,0,0.6037735849056604
robust_center_rooted_tree_smoke/v1,diagnostic_robust_center_rooted_tree_not_calibration,diagnostic_robust_center_root_anchor_not_calibration,100,balanced_10pct_outliers,11,tukey_depth_rooted,0.9060526005093336,0.012032757128405546,0.4403409090909091,687,688,0.7799553983326789,0.6040761980046578,0.15056818181818182,0.934375,0,0.6037735849056604
robust_center_rooted_tree_smoke/v1,diagnostic_robust_center_rooted_tree_not_calibration,diagnostic_robust_center_root_anchor_not_calibration,100,balanced_10pct_outliers,12,centroid_rooted,1.219061231016714,0.027922693770147278,,687,689,1.1420880240018212,0.5195916643453009,0.1590909090909091,0.925,1,0.5714285714285714
robust_center_rooted_tree_smoke/v1,diagnostic_robust_center_rooted_tree_not_calibration,diagnostic_robust_center_root_anchor_not_calibration,100,balanced_10pct_outliers,12,geometric_median_rooted,0.9276492680040616,0.02804288013950451,,687,689,0.8168520475238944,0.5195916643453009,0.1590909090909091,0.925,1,0.5714285714285714
robust_center_rooted_tree_smoke/v1,diagnostic_robust_center_rooted_tree_not_calibration,diagnostic_robust_center_root_anchor_not_calibration,100,balanced_10pct_outliers,12,tukey_depth_rooted,0.9276492680040616,0.02804288013950451,0.4460227272727273,687,689,0.8168520475238944,0.5195916643453009,0.1590909090909091,0.925,1,0.5714285714285714
robust_center_rooted_tree_smoke/v1,diagnostic_robust_center_rooted_tree_not_calibration,diagnostic_robust_center_root_anchor_not_calibration,100,balanced_10pct_outliers,13,centroid_rooted,1.268375674447487,0.015352260787086201,,688,689,1.1078767394717193,0.670178121706679,0.15056818181818182,0.934375,0,0.6037735849056604
robust_center_rooted_tree_smoke/v1,diagnostic_robust_center_rooted_tree_not_calibration,diagnostic_robust_center_root_anchor_not_calibration,100,balanced_10pct_outliers,13,geometric_median_rooted,1.0085958992811783,0.016726290786969047,,688,689,0.79007086456824,0.670178121706679,0.15056818181818182,0.934375,0,0.6037735849056604
robust_center_rooted_tree_smoke/v1,diagnostic_robust_center_rooted_tree_not_calibration,diagnostic_robust_center_root_anchor_not_calibration,100,balanced_10pct_outliers,13,tukey_depth_rooted,1.0085958992811783,0.016726290786969047,0.42045454545454547,688,689,0.79007086456824,0.670178121706679,0.15056818181818182,0.934375,0,0.6037735849056604
robust_center_rooted_tree_smoke/v1,diagnostic_robust_center_rooted_tree_not_calibration,diagnostic_robust_center_root_anchor_not_calibration,100,balanced_10pct_outliers,14,centroid_rooted,1.3688814367867221,0.025502184099863164,,687,689,1.1438533664313884,0.6483612754327076,0.16193181818181818,0.921875,2,0.5614035087719298
robust_center_rooted_tree_smoke/v1,diagnostic_robust_center_rooted_tree_not_calibration,diagnostic_robust_center_root_anchor_not_calibration,100,balanced_10pct_outliers,14,geometric_median_rooted,1.0840451650177911,0.020468043264959452,,687,689,0.8130323849537392,0.6483612754327076,0.16193181818181818,0.921875,2,0.5614035087719298
robust_center_rooted_tree_smoke/v1,diagnostic_robust_center_rooted_tree_not_calibration,diagnostic_robust_center_root_anchor_not_calibration,100,balanced_10pct_outliers,14,tukey_depth_rooted,1.0840451650177911,0.020468043264959452,0.4289772727272727,687,689,0.8130323849537392,0.6483612754327076,0.16193181818181818,0.921875,2,0.5614035087719298
robust_center_rooted_tree_smoke/v1,diagnostic_robust_center_rooted_tree_not_calibration,diagnostic_robust_center_root_anchor_not_calibration,100,balanced_10pct_outliers,15,centroid_rooted,1.2257045913031526,0.045333272532094245,,685,687,1.145600466182312,0.5486339074845819,0.20738636363636365,0.871875,4,0.4383561643835616
robust_center_rooted_tree_smoke/v1,diagnostic_robust_center_rooted_tree_not_calibration,diagnostic_robust_center_root_anchor_not_calibration,100,balanced_10pct_outliers,15,geometric_median_rooted,0.9293036714138602,0.03660107712944961,,685,687,0.807600498651194,0.5486339074845819,0.20738636363636365,0.871875,4,0.4383561643835616
robust_center_rooted_tree_smoke/v1,diagnostic_robust_center_rooted_tree_not_calibration,diagnostic_robust_center_root_anchor_not_calibration,100,balanced_10pct_outliers,15,tukey_depth_rooted,0.9293036714138602,0.03660107712944961,0.4375,685,687,0.807600498651194,0.5486339074845819,0.20738636363636365,0.871875,4,0.4383561643835616
robust_center_rooted_tree_smoke/v1,diagnostic_robust_center_rooted_tree_not_calibration,diagnostic_robust_center_root_anchor_not_calibration,100,balanced_10pct_outliers,16,centroid_rooted,1.1997943736405559,0.07570096931597574,,692,693,1.163459099412499,0.5655983275951731,0.1590909090909091,0.925,1,0.5714285714285714
robust_center_rooted_tree_smoke/v1,diagnostic_robust_center_rooted_tree_not_calibration,diagnostic_robust_center_root_anchor_not_calibration,100,balanced_10pct_outliers,16,geometric_median_rooted,0.9028378859299583,0.0703538004038603,,692,693,0.8184436048371351,0.5655983275951731,0.1590909090909091,0.925,1,0.5714285714285714
robust_center_rooted_tree_smoke/v1,diagnostic_robust_center_rooted_tree_not_calibration,diagnostic_robust_center_root_anchor_not_calibration,100,balanced_10pct_outliers,16,tukey_depth_rooted,0.9028378859299583,0.0703538004038603,0.4375,692,693,0.8184436048371351,0.5655983275951731,0.1590909090909091,0.925,1,0.5714285714285714
robust_center_rooted_tree_smoke/v1,diagnostic_robust_center_rooted_tree_not_calibration,diagnostic_robust_center_root_anchor_not_calibration,100,balanced_10pct_outliers,17,centroid_rooted,1.2451376556121643,0.09751977934904933,,681,684,1.0711704845191423,0.5607240564509567,0.20170454545454544,0.878125,3,0.4507042253521127
robust_center_rooted_tree_smoke/v1,diagnostic_robust_center_rooted_tree_not_calibration,diagnostic_robust_center_root_anchor_not_calibration,100,balanced_10pct_outliers,17,geometric_median_rooted,0.9822346227444306,0.07761678126947343,,681,684,0.7748054131859027,0.5607240564509567,0.20170454545454544,0.878125,3,0.4507042253521127
robust_center_rooted_tree_smoke/v1,diagnostic_robust_center_rooted_tree_not_calibration,diagnostic_robust_center_root_anchor_not_calibration,100,balanced_10pct_outliers,17,tukey_depth_rooted,0.9822346227444306,0.07761678126947343,0.4289772727272727,681,684,0.7748054131859027,0.5607240564509567,0.20170454545454544,0.878125,3,0.4507042253521127
robust_center_rooted_tree_smoke/v1,diagnostic_robust_center_rooted_tree_not_calibration,diagnostic_robust_center_root_anchor_not_calibration,100,balanced_10pct_outliers,18,centroid_rooted,1.2300578486412521,0.055681597690919224,,689,691,1.113096809611686,0.6164605471074895,0.18181818181818182,0.9,2,0.5
robust_center_rooted_tree_smoke/v1,diagnostic_robust_center_rooted_tree_not_calibration,diagnostic_robust_center_root_anchor_not_calibration,100,balanced_10pct_outliers,18,geometric_median_rooted,0.9492658798868601,0.051718554385392315,,689,691,0.789023312133687,0.6164605471074895,0.18181818181818182,0.9,2,0.5
robust_center_rooted_tree_smoke/v1,diagnostic_robust_center_rooted_tree_not_calibration,diagnostic_robust_center_root_anchor_not_calibration,100,balanced_10pct_outliers,18,tukey_depth_rooted,0.9492658798868601,0.051718554385392315,0.4346590909090909,689,691,0.789023312133687,0.6164605471074895,0.18181818181818182,0.9,2,0.5
robust_center_rooted_tree_smoke/v1,diagnostic_robust_center_rooted_tree_not_calibration,diagnostic_robust_center_root_anchor_not_calibration,100,balanced_10pct_outliers,19,centroid_rooted,1.2645725991540893,0.06189629745484026,,690,691,1.1316403463132114,0.6454324417179501,0.1534090909090909,0.93125,1,0.5925925925925926
robust_center_rooted_tree_smoke/v1,diagnostic_robust_center_rooted_tree_not_calibration,diagnostic_robust_center_root_anchor_not_calibration,100,balanced_10pct_outliers,19,geometric_median_rooted,0.9922992733501412,0.05368044284213793,,690,691,0.805090647883057,0.6454324417179501,0.1534090909090909,0.93125,1,0.5925925925925926
robust_center_rooted_tree_smoke/v1,diagnostic_robust_center_rooted_tree_not_calibration,diagnostic_robust_center_root_anchor_not_calibration,100,balanced_10pct_outliers,19,tukey_depth_rooted,0.9922992733501412,0.05368044284213793,0.4346590909090909,690,691,0.805090647883057,0.6454324417179501,0.1534090909090909,0.93125,1,0.5925925925925926
robust_center_rooted_tree_smoke/v1,diagnostic_robust_center_rooted_tree_not_calibration,diagnostic_robust_center_root_anchor_not_calibration,100,balanced_10pct_outliers,20,centroid_rooted,1.2583464304907803,0.04438938637831488,,692,693,1.1263024329076017,0.6034853732035015,0.15625,0.928125,1,0.5818181818181818
robust_center_rooted_tree_smoke/v1,diagnostic_robust_center_rooted_tree_not_calibration,diagnostic_robust_center_root_anchor_not_calibration,100,balanced_10pct_outliers,20,geometric_median_rooted,0.9956531721635327,0.04461349185633135,,692,693,0.8197829992996286,0.6034853732035015,0.15625,0.928125,1,0.5818181818181818
robust_center_rooted_tree_smoke/v1,diagnostic_robust_center_rooted_tree_not_calibration,diagnostic_robust_center_root_anchor_not_calibration,100,balanced_10pct_outliers,20,tukey_depth_rooted,0.9956531721635327,0.04461349185633135,0.4431818181818182,692,693,0.8197829992996286,0.6034853732035015,0.15625,0.928125,1,0.5818181818181818
robust_center_rooted_tree_smoke/v1,diagnostic_robust_center_rooted_tree_not_calibration,diagnostic_robust_center_root_anchor_not_calibration,100,balanced_10pct_outliers,21,centroid_rooted,1.2977464893185466,0.0326721051332084,,690,691,1.0940956889260784,0.5874404609688643,0.15056818181818182,0.934375,1,0.6037735849056604
robust_center_rooted_tree_smoke/v1,diagnostic_robust_center_rooted_tree_not_calibration,diagnostic_robust_center_root_anchor_not_calibration,100,balanced_10pct_outliers,21,geometric_median_rooted,1.0403439090349107,0.038737946465458084,,690,691,0.800535966502924,0.5874404609688643,0.15056818181818182,0.934375,1,0.6037735849056604
robust_center_rooted_tree_smoke/v1,diagnostic_robust_center_rooted_tree_not_calibration,diagnostic_robust_center_root_anchor_not_calibration,100,balanced_10pct_outliers,21,tukey_depth_rooted,1.0403439090349107,0.038737946465458084,0.4431818181818182,690,691,0.800535966502924,0.5874404609688643,0.15056818181818182,0.934375,1,0.6037735849056604
robust_center_rooted_tree_smoke/v1,diagnostic_robust_center_rooted_tree_not_calibration,diagnostic_robust_center_root_anchor_not_calibration,100,balanced_10pct_outliers,22,centroid_rooted,1.183540069402893,0.05100559329589021,,685,688,1.076786001085018,0.5679116163182325,0.17897727272727273,0.903125,2,0.5079365079365079
robust_center_rooted_tree_smoke/v1,diagnostic_robust_center_rooted_tree_not_calibration,diagnostic_robust_center_root_anchor_not_calibration,100,balanced_10pct_outliers,22,geometric_median_rooted,0.9172479278090192,0.04430527334113976,,685,688,0.768631345037952,0.5679116163182325,0.17897727272727273,0.903125,2,0.5079365079365079
robust_center_rooted_tree_smoke/v1,diagnostic_robust_center_rooted_tree_not_calibration,diagnostic_robust_center_root_anchor_not_calibration,100,balanced_10pct_outliers,22,tukey_depth_rooted,1.0146747633292807,0.040601061063575784,0.42613636363636365,685,688,0.8578568102630691,0.5679116163182325,0.17897727272727273,0.903125,2,0.5079365079365079
robust_center_rooted_tree_smoke/v1,diagnostic_robust_center_rooted_tree_not_calibration,diagnostic_robust_center_root_anchor_not_calibration,100,balanced_10pct_outliers,23,centroid_rooted,1.2106520825623912,0.03291836440513962,,683,684,1.1274764733280338,0.5893620744231429,0.20170454545454544,0.878125,4,0.4507042253521127
robust_center_rooted_tree_smoke/v1,diagnostic_robust_center_rooted_tree_not_calibration,diagnostic_robust_center_root_anchor_not_calibration,100,balanced_10pct_outliers,23,geometric_median_rooted,0.9209870298759247,0.0320676106017081,,683,684,0.794698645193193,0.5893620744231429,0.20170454545454544,0.878125,4,0.4507042253521127
robust_center_rooted_tree_smoke/v1,diagnostic_robust_center_rooted_tree_not_calibration,diagnostic_robust_center_root_anchor_not_calibration,100,balanced_10pct_outliers,23,tukey_depth_rooted,0.9209870298759247,0.0320676106017081,0.4289772727272727,683,684,0.794698645193193,0.5893620744231429,0.20170454545454544,0.878125,4,0.4507042253521127
robust_center_rooted_tree_smoke/v1,diagnostic_robust_center_rooted_tree_not_calibration,diagnostic_robust_center_root_anchor_not_calibration,100,balanced_10pct_outliers,24,centroid_rooted,1.1671607939848507,0.008178671202564013,,691,692,1.1082588328127216,0.5612114686726668,0.15625,0.928125,1,0.5818181818181818
robust_center_rooted_tree_smoke/v1,diagnostic_robust_center_rooted_tree_not_calibration,diagnostic_robust_center_root_anchor_not_calibration,100,balanced_10pct_outliers,24,geometric_median_rooted,0.8953046707706153,0.010194458835751537,,691,692,0.797943419938758,0.5612114686726668,0.15625,0.928125,1,0.5818181818181818
robust_center_rooted_tree_smoke/v1,diagnostic_robust_center_rooted_tree_not_calibration,diagnostic_robust_center_root_anchor_not_calibration,100,balanced_10pct_outliers,24,tukey_depth_rooted,0.8953046707706153,0.010194458835751537,0.4289772727272727,691,692,0.797943419938758,0.5612114686726668,0.15625,0.928125,1,0.5818181818181818
robust_center_rooted_tree_smoke/v1,diagnostic_robust_center_rooted_tree_not_calibration,diagnostic_robust_center_root_anchor_not_calibration,100,balanced_10pct_outliers,25,centroid_rooted,1.2421780419708648,0.05262969587669987,,689,690,1.1095900090963557,0.5954180521514498,0.1534090909090909,0.93125,1,0.5925925925925926
robust_center_rooted_tree_smoke/v1,diagnostic_robust_center_rooted_tree_not_calibration,diagnostic_robust_center_root_anchor_not_calibration,100,balanced_10pct_outliers,25,geometric_median_rooted,0.9632888519598212,0.049380590070570676,,689,690,0.7890434994119756,0.5954180521514498,0.1534090909090909,0.93125,1,0.5925925925925926
robust_center_rooted_tree_smoke/v1,diagnostic_robust_center_rooted_tree_not_calibration,diagnostic_robust_center_root_anchor_not_calibration,100,balanced_10pct_outliers,25,tukey_depth_rooted,1.0227880927152726,0.055493860891030845,0.42613636363636365,689,690,0.8752287536622145,0.5954180521514498,0.1534090909090909,0.93125,1,0.5925925925925926
robust_center_rooted_tree_smoke/v1,diagnostic_robust_center_rooted_tree_not_calibration,diagnostic_robust_center_root_anchor_not_calibration,100,balanced_10pct_outliers,26,centroid_rooted,1.1858053955668828,0.058746515946883016,,689,691,1.1501669656602769,0.6326531559830579,0.1534090909090909,0.93125,0,0.5925925925925926
robust_center_rooted_tree_smoke/v1,diagnostic_robust_center_rooted_tree_not_calibration,diagnostic_robust_center_root_anchor_not_calibration,100,balanced_10pct_outliers,26,geometric_median_rooted,0.9194501921426493,0.05487879066832591,,689,691,0.8228852827954964,0.6326531559830579,0.1534090909090909,0.93125,0,0.5925925925925926
robust_center_rooted_tree_smoke/v1,diagnostic_robust_center_rooted_tree_not_calibration,diagnostic_robust_center_root_anchor_not_calibration,100,balanced_10pct_outliers,26,tukey_depth_rooted,0.9194501921426493,0.05487879066832591,0.4289772727272727,689,691,0.8228852827954964,0.6326531559830579,0.1534090909090909,0.93125,0,0.5925925925925926
robust_center_rooted_tree_smoke/v1,diagnostic_robust_center_rooted_tree_not_calibration,diagnostic_robust_center_root_anchor_not_calibration,100,balanced_10pct_outliers,27,centroid_rooted,1.2087753000652368,0.030991443260205257,,681,684,1.0826452959286776,0.6794724263086905,0.19602272727272727,0.884375,3,0.463768115942029
robust_center_rooted_tree_smoke/v1,diagnostic_robust_center_rooted_tree_not_calibration,diagnostic_robust_center_root_anchor_not_calibration,100,balanced_10pct_outliers,27,geometric_median_rooted,0.9521110260260509,0.026348726978968617,,686,687,0.7704555938062833,0.6631312286086676,0.17045454545454544,0.9125,2,0.5333333333333333
robust_center_rooted_tree_smoke/v1,diagnostic_robust_center_rooted_tree_not_calibration,diagnostic_robust_center_root_anchor_not_calibration,100,balanced_10pct_outliers,27,tukey_depth_rooted,0.9521110260260509,0.026348726978968617,0.4431818181818182,686,687,0.7704555938062833,0.6631312286086676,0.17045454545454544,0.9125,2,0.5333333333333333
robust_center_rooted_tree_smoke/v1,diagnostic_robust_center_rooted_tree_not_calibration,diagnostic_robust_center_root_anchor_not_calibration,100,balanced_10pct_outliers,28,centroid_rooted,1.217411280710712,0.03224588510934833,,688,690,1.1157722726576775,0.6032823527038559,0.1534090909090909,0.93125,1,0.5925925925925926
robust_center_rooted_tree_smoke/v1,diagnostic_robust_center_rooted_tree_not_calibration,diagnostic_robust_center_root_anchor_not_calibration,100,balanced_10pct_outliers,28,geometric_median_rooted,0.950020333079098,0.02946101785794428,,688,690,0.7971731686778144,0.6032823527038559,0.1534090909090909,0.93125,1,0.5925925925925926
robust_center_rooted_tree_smoke/v1,diagnostic_robust_center_rooted_tree_not_calibration,diagnostic_robust_center_root_anchor_not_calibration,100,balanced_10pct_outliers,28,tukey_depth_rooted,0.950020333079098,0.02946101785794428,0.4318181818181818,688,690,0.7971731686778144,0.6032823527038559,0.1534090909090909,0.93125,1,0.5925925925925926
robust_center_rooted_tree_smoke/v1,diagnostic_robust_center_rooted_tree_not_calibration,diagnostic_robust_center_root_anchor_not_calibration,100,balanced_10pct_outliers,29,centroid_rooted,1.2804381567875822,0.02391259826606629,,686,688,1.1153729731145237,0.5776893365122341,0.15056818181818182,0.934375,0,0.6037735849056604
robust_center_rooted_tree_smoke/v1,diagnostic_robust_center_rooted_tree_not_calibration,diagnostic_robust_center_root_anchor_not_calibration,100,balanced_10pct_outliers,29,geometric_median_rooted,0.9991034772106644,0.020662262235400963,,686,688,0.7914033375160003,0.5776893365122341,0.15056818181818182,0.934375,0,0.6037735849056604
robust_center_rooted_tree_smoke/v1,diagnostic_robust_center_rooted_tree_not_calibration,diagnostic_robust_center_root_anchor_not_calibration,100,balanced_10pct_outliers,29,tukey_depth_rooted,0.9991034772106644,0.020662262235400963,0.4431818181818182,686,688,0.7914033375160003,0.5776893365122341,0.15056818181818182,0.934375,0,0.6037735849056604
robust_center_rooted_tree_smoke/v1,diagnostic_robust_center_rooted_tree_not_calibration,diagnostic_robust_center_root_anchor_not_calibration,100,imbalanced_clean,0,centroid_rooted,1.014251309838349,0.26271702985938916,,616,617,0.3281210246894118,1.1481788722552735,0.15625,0.84375,3,0.0
robust_center_rooted_tree_smoke/v1,diagnostic_robust_center_rooted_tree_not_calibration,diagnostic_robust_center_root_anchor_not_calibration,100,imbalanced_clean,0,geometric_median_rooted,1.028900949185254,0.2655447817186369,,616,617,0.30356915104994314,1.1481788722552735,0.15625,0.84375,3,0.0
robust_center_rooted_tree_smoke/v1,diagnostic_robust_center_rooted_tree_not_calibration,diagnostic_robust_center_root_anchor_not_calibration,100,imbalanced_clean,0,tukey_depth_rooted,1.014251309838349,0.26271702985938916,0.4375,616,617,0.3281210246894118,1.1481788722552735,0.15625,0.84375,3,0.0
robust_center_rooted_tree_smoke/v1,diagnostic_robust_center_rooted_tree_not_calibration,diagnostic_robust_center_root_anchor_not_calibration,100,imbalanced_clean,1,centroid_rooted,0.8730725264939958,0.23007246608856682,,624,625,0.3060447915839767,0.9572439175136515,0.178125,0.821875,4,0.0
robust_center_rooted_tree_smoke/v1,diagnostic_robust_center_rooted_tree_not_calibration,diagnostic_robust_center_root_anchor_not_calibration,100,imbalanced_clean,1,geometric_median_rooted,0.8865748710596115,0.23216331251590833,,624,625,0.2837581239429974,0.9572439175136515,0.178125,0.821875,4,0.0
robust_center_rooted_tree_smoke/v1,diagnostic_robust_center_rooted_tree_not_calibration,diagnostic_robust_center_root_anchor_not_calibration,100,imbalanced_clean,1,tukey_depth_rooted,0.8730725264939958,0.23007246608856682,0.446875,624,625,0.3060447915839767,0.9572439175136515,0.178125,0.821875,4,0.0
robust_center_rooted_tree_smoke/v1,diagnostic_robust_center_rooted_tree_not_calibration,diagnostic_robust_center_root_anchor_not_calibration,100,imbalanced_clean,2,centroid_rooted,0.9466666948533707,0.21141402581934943,,617,618,0.2848822885872974,0.833057566683633,0.15625,0.84375,3,0.0
robust_center_rooted_tree_smoke/v1,diagnostic_robust_center_rooted_tree_not_calibration,diagnostic_robust_center_root_anchor_not_calibration,100,imbalanced_clean,2,geometric_median_rooted,0.9432992780040625,0.2105981020893719,,617,618,0.26745151415261914,0.833057566683633,0.15625,0.84375,3,0.0
robust_center_rooted_tree_smoke/v1,diagnostic_robust_center_rooted_tree_not_calibration,diagnostic_robust_center_root_anchor_not_calibration,100,imbalanced_clean,2,tukey_depth_rooted,0.9432992780040625,0.2105981020893719,0.440625,617,618,0.26745151415261914,0.833057566683633,0.15625,0.84375,3,0.0
robust_center_rooted_tree_smoke/v1,diagnostic_robust_center_rooted_tree_not_calibration,diagnostic_robust_center_root_anchor_not_calibration,100,imbalanced_clean,3,centroid_rooted,0.991175103748312,0.2579048064824069,,617,618,0.2951585056114099,1.078056104114433,0.15,0.85,4,0.0
robust_center_rooted_tree_smoke/v1,diagnostic_robust_center_rooted_tree_not_calibration,diagnostic_robust_center_root_anchor_not_calibration,100,imbalanced_clean,3,geometric_median_rooted,1.0009214481519897,0.2601538830287964,,617,618,0.27476621959227643,1.078056104114433,0.15,0.85,4,0.0
robust_center_rooted_tree_smoke/v1,diagnostic_robust_center_rooted_tree_not_calibration,diagnostic_robust_center_root_anchor_not_calibration,100,imbalanced_clean,3,tukey_depth_rooted,1.0009214481519897,0.2601538830287964,0.446875,617,618,0.27476621959227643,1.078056104114433,0.15,0.85,4,0.0
robust_center_rooted_tree_smoke/v1,diagnostic_robust_center_rooted_tree_not_calibration,diagnostic_robust_center_root_anchor_not_calibration,100,imbalanced_clean,4,centroid_rooted,0.9329813393026635,0.21294750491581055,,617,619,0.29619045237580754,0.9853565393468638,0.16875,0.83125,4,0.0
robust_center_rooted_tree_smoke/v1,diagnostic_robust_center_rooted_tree_not_calibration,diagnostic_robust_center_root_anchor_not_calibration,100,imbalanced_clean,4,geometric_median_rooted,0.9479484952604839,0.21590071243668105,,617,619,0.2728467443127504,0.9853565393468638,0.16875,0.83125,4,0.0
robust_center_rooted_tree_smoke/v1,diagnostic_robust_center_rooted_tree_not_calibration,diagnostic_robust_center_root_anchor_not_calibration,100,imbalanced_clean,4,tukey_depth_rooted,0.9329813393026635,0.21294750491581055,0.440625,617,619,0.29619045237580754,0.9853565393468638,0.16875,0.83125,4,0.0
robust_center_rooted_tree_smoke/v1,diagnostic_robust_center_rooted_tree_not_calibration,diagnostic_robust_center_root_anchor_not_calibration,100,imbalanced_clean,5,centroid_rooted,1.063242811690445,0.2188409056554749,,617,618,0.29454991007847137,1.1558917599008094,0.153125,0.846875,4,0.0
robust_center_rooted_tree_smoke/v1,diagnostic_robust_center_rooted_tree_not_calibration,diagnostic_robust_center_root_anchor_not_calibration,100,imbalanced_clean,5,geometric_median_rooted,1.0784290559554008,0.22163619933498904,,617,618,0.27384746335016796,1.1558917599008094,0.153125,0.846875,4,0.0
robust_center_rooted_tree_smoke/v1,diagnostic_robust_center_rooted_tree_not_calibration,diagnostic_robust_center_root_anchor_not_calibration,100,imbalanced_clean,5,tukey_depth_rooted,1.063242811690445,0.2188409056554749,0.45,617,618,0.29454991007847137,1.1558917599008094,0.153125,0.846875,4,0.0
robust_center_rooted_tree_smoke/v1,diagnostic_robust_center_rooted_tree_not_calibration,diagnostic_robust_center_root_anchor_not_calibration,100,imbalanced_clean,6,centroid_rooted,1.0507035182053717,0.2282120497115231,,620,622,0.2931684917846357,1.080618243787562,0.153125,0.846875,2,0.0
robust_center_rooted_tree_smoke/v1,diagnostic_robust_center_rooted_tree_not_calibration,diagnostic_robust_center_root_anchor_not_calibration,100,imbalanced_clean,6,geometric_median_rooted,1.0607533693325628,0.2296226708983518,,620,622,0.27446235184028,1.080618243787562,0.153125,0.846875,2,0.0
robust_center_rooted_tree_smoke/v1,diagnostic_robust_center_rooted_tree_not_calibration,diagnostic_robust_center_root_anchor_not_calibration,100,imbalanced_clean,6,tukey_depth_rooted,1.0607533693325628,0.2296226708983518,0.44375,620,622,0.27446235184028,1.080618243787562,0.153125,0.846875,2,0.0
robust_center_rooted_tree_smoke/v1,diagnostic_robust_center_rooted_tree_not_calibration,diagnostic_robust_center_root_anchor_not_calibration,100,imbalanced_clean,7,centroid_rooted,1.0157377268499523,0.2516786910946163,,618,619,0.2780178229822785,1.0816008594062767,0.159375,0.840625,4,0.0
robust_center_rooted_tree_smoke/v1,diagnostic_robust_center_rooted_tree_not_calibration,diagnostic_robust_center_root_anchor_not_calibration,100,imbalanced_clean,7,geometric_median_rooted,1.0275512584201447,0.25385077605484135,,618,619,0.2607382093657171,1.0816008594062767,0.159375,0.840625,4,0.0
robust_center_rooted_tree_smoke/v1,diagnostic_robust_center_rooted_tree_not_calibration,diagnostic_robust_center_root_anchor_not_calibration,100,imbalanced_clean,7,tukey_depth_rooted,1.0157377268499523,0.2516786910946163,0.44375,618,619,0.2780178229822785,1.0816008594062767,0.159375,0.840625,4,0.0
robust_center_rooted_tree_smoke/v1,diagnostic_robust_center_rooted_tree_not_calibration,diagnostic_robust_center_root_anchor_not_calibration,100,imbalanced_clean,8,centroid_rooted,0.8524204868707478,0.21062503876037195,,620,622,0.33632073628938136,0.9667119137108776,0.196875,0.803125,3,0.0
robust_center_rooted_tree_smoke/v1,diagnostic_robust_center_rooted_tree_not_calibration,diagnostic_robust_center_root_anchor_not_calibration,100,imbalanced_clean,8,geometric_median_rooted,0.851525397484251,0.21045489824911395,,620,622,0.31712069054080216,0.9667119137108776,0.196875,0.803125,3,0.0
robust_center_rooted_tree_smoke/v1,diagnostic_robust_center_rooted_tree_not_calibration,diagnostic_robust_center_root_anchor_not_calibration,100,imbalanced_clean,8,tukey_depth_rooted,0.8524204868707478,0.21062503876037195,0.44375,620,622,0.33632073628938136,0.9667119137108776,0.196875,0.803125,3,0.0
robust_center_rooted_tree_smoke/v1,diagnostic_robust_center_rooted_tree_not_calibration,diagnostic_robust_center_root_anchor_not_calibration,100,imbalanced_clean,9,centroid_rooted,0.937683126793473,0.2250248508818441,,618,620,0.2985794772205225,1.0399231275044476,0.15625,0.84375,3,0.0
robust_center_rooted_tree_smoke/v1,diagnostic_robust_center_rooted_tree_not_calibration,diagnostic_robust_center_root_anchor_not_calibration,100,imbalanced_clean,9,geometric_median_rooted,0.946448477186965,0.22574486038989774,,618,620,0.28214640136123553,1.0399231275044476,0.15625,0.84375,3,0.0
robust_center_rooted_tree_smoke/v1,diagnostic_robust_center_rooted_tree_not_calibration,diagnostic_robust_center_root_anchor_not_calibration,100,imbalanced_clean,9,tukey_depth_rooted,0.937683126793473,0.2250248508818441,0.440625,618,620,0.2985794772205225,1.0399231275044476,0.15625,0.84375,3,0.0
robust_center_rooted_tree_smoke/v1,diagnostic_robust_center_rooted_tree_not_calibration,diagnostic_robust_center_root_anchor_not_calibration,100,imbalanced_clean,10,centroid_rooted,1.0220963435540822,0.2210674654201873,,620,622,0.3260574478439444,1.143177867345057,0.153125,0.846875,3,0.0
robust_center_rooted_tree_smoke/v1,diagnostic_robust_center_rooted_tree_not_calibration,diagnostic_robust_center_root_anchor_not_calibration,100,imbalanced_clean,10,geometric_median_rooted,1.0373003564643548,0.22401364373338709,,620,622,0.30066157039282454,1.143177867345057,0.153125,0.846875,3,0.0
robust_center_rooted_tree_smoke/v1,diagnostic_robust_center_rooted_tree_not_calibration,diagnostic_robust_center_root_anchor_not_calibration,100,imbalanced_clean,10,tukey_depth_rooted,1.0539930768983163,0.21350633388474766,0.434375,620,622,0.4840630501908181,1.143177867345057,0.153125,0.846875,3,0.0
robust_center_rooted_tree_smoke/v1,diagnostic_robust_center_rooted_tree_not_calibration,diagnostic_robust_center_root_anchor_not_calibration,100,imbalanced_clean,11,centroid_rooted,1.0462219429760518,0.23621214743938856,,619,620,0.26670901293044175,1.0983475314840714,0.1625,0.8375,4,0.0
robust_center_rooted_tree_smoke/v1,diagnostic_robust_center_rooted_tree_not_calibration,diagnostic_robust_center_root_anchor_not_calibration,100,imbalanced_clean,11,geometric_median_rooted,1.0619280964400757,0.23928412415443603,,619,620,0.2431606770390425,1.0983475314840714,0.1625,0.8375,4,0.0
robust_center_rooted_tree_smoke/v1,diagnostic_robust_center_rooted_tree_not_calibration,diagnostic_robust_center_root_anchor_not_calibration,100,imbalanced_clean,11,tukey_depth_rooted,1.0462219429760518,0.23621214743938856,0.45,619,620,0.26670901293044175,1.0983475314840714,0.1625,0.8375,4,0.0
robust_center_rooted_tree_smoke/v1,diagnostic_robust_center_rooted_tree_not_calibration,diagnostic_robust_center_root_anchor_not_calibration,100,imbalanced_clean,12,centroid_rooted,0.930579484893076,0.21896376560089462,,617,618,0.2762308956365063,1.0136974761966533,0.15,0.85,4,0.0
robust_center_rooted_tree_smoke/v1,diagnostic_robust_center_rooted_tree_not_calibration,diagnostic_robust_center_root_anchor_not_calibration,100,imbalanced_clean,12,geometric_median_rooted,0.9427946418785539,0.22144804565292842,,617,618,0.24369022739302265,1.0136974761966533,0.15,0.85,4,0.0
robust_center_rooted_tree_smoke/v1,diagnostic_robust_center_rooted_tree_not_calibration,diagnostic_robust_center_root_anchor_not_calibration,100,imbalanced_clean,12,tukey_depth_rooted,0.930579484893076,0.21896376560089462,0.446875,617,618,0.2762308956365063,1.0136974761966533,0.15,0.85,4,0.0
robust_center_rooted_tree_smoke/v1,diagnostic_robust_center_rooted_tree_not_calibration,diagnostic_robust_center_root_anchor_not_calibration,100,imbalanced_clean,13,centroid_rooted,1.03392591300255,0.2339904520905119,,618,622,0.30772961991472564,1.1266223044226797,0.153125,0.846875,4,0.0
robust_center_rooted_tree_smoke/v1,diagnostic_robust_center_rooted_tree_not_calibration,diagnostic_robust_center_root_anchor_not_calibration,100,imbalanced_clean,13,geometric_median_rooted,1.044031054934013,0.23623681786043016,,618,622,0.2845698190046091,1.1266223044226797,0.153125,0.846875,4,0.0
robust_center_rooted_tree_smoke/v1,diagnostic_robust_center_rooted_tree_not_calibration,diagnostic_robust_center_root_anchor_not_calibration,100,imbalanced_clean,13,tukey_depth_rooted,1.03392591300255,0.2339904520905119,0.44375,618,622,0.30772961991472564,1.1266223044226797,0.153125,0.846875,4,0.0
robust_center_rooted_tree_smoke/v1,diagnostic_robust_center_rooted_tree_not_calibration,diagnostic_robust_center_root_anchor_not_calibration,100,imbalanced_clean,14,centroid_rooted,0.8833652226044605,0.21123549224817256,,617,619,0.3152189668016309,0.9685042646706233,0.159375,0.840625,3,0.0
robust_center_rooted_tree_smoke/v1,diagnostic_robust_center_rooted_tree_not_calibration,diagnostic_robust_center_root_anchor_not_calibration,100,imbalanced_clean,14,geometric_median_rooted,0.8994608331346565,0.21451325619608483,,617,619,0.2861633852734743,0.9685042646706233,0.159375,0.840625,3,0.0
robust_center_rooted_tree_smoke/v1,diagnostic_robust_center_rooted_tree_not_calibration,diagnostic_robust_center_root_anchor_not_calibration,100,imbalanced_clean,14,tukey_depth_rooted,0.8833652226044605,0.21123549224817256,0.44375,617,619,0.3152189668016309,0.9685042646706233,0.159375,0.840625,3,0.0
robust_center_rooted_tree_smoke/v1,diagnostic_robust_center_rooted_tree_not_calibration,diagnostic_robust_center_root_anchor_not_calibration,100,imbalanced_clean,15,centroid_rooted,0.9835160978558868,0.2436263164824884,,620,622,0.26242074201536786,1.03387737938868,0.153125,0.846875,3,0.0
robust_center_rooted_tree_smoke/v1,diagnostic_robust_center_rooted_tree_not_calibration,diagnostic_robust_center_root_anchor_not_calibration,100,imbalanced_clean,15,geometric_median_rooted,1.0032609679771276,0.2467857440224365,,620,622,0.24684466532180163,1.03387737938868,0.153125,0.846875,3,0.0
robust_center_rooted_tree_smoke/v1,diagnostic_robust_center_rooted_tree_not_calibration,diagnostic_robust_center_root_anchor_not_calibration,100,imbalanced_clean,15,tukey_depth_rooted,0.9835160978558868,0.2436263164824884,0.4375,620,622,0.26242074201536786,1.03387737938868,0.153125,0.846875,3,0.0
robust_center_rooted_tree_smoke/v1,diagnostic_robust_center_rooted_tree_not_calibration,diagnostic_robust_center_root_anchor_not_calibration,100,imbalanced_clean,16,centroid_rooted,0.9747922022439545,0.215770203095276,,612,614,0.23452427051306285,1.0047760094149338,0.16875,0.83125,4,0.0
robust_center_rooted_tree_smoke/v1,diagnostic_robust_center_rooted_tree_not_calibration,diagnostic_robust_center_root_anchor_not_calibration,100,imbalanced_clean,16,geometric_median_rooted,0.9795688777243018,0.21603057504466538,,612,614,0.21931086241741138,1.0047760094149338,0.16875,0.83125,4,0.0
robust_center_rooted_tree_smoke/v1,diagnostic_robust_center_rooted_tree_not_calibration,diagnostic_robust_center_root_anchor_not_calibration,100,imbalanced_clean,16,tukey_depth_rooted,0.9795688777243018,0.21603057504466538,0.440625,612,614,0.21931086241741138,1.0047760094149338,0.16875,0.83125,4,0.0
robust_center_rooted_tree_smoke/v1,diagnostic_robust_center_rooted_tree_not_calibration,diagnostic_robust_center_root_anchor_not_calibration,100,imbalanced_clean,17,centroid_rooted,0.9695239480807382,0.18721798681177512,,616,620,0.28666068371204145,1.051700853820892,0.15625,0.84375,4,0.0
robust_center_rooted_tree_smoke/v1,diagnostic_robust_center_rooted_tree_not_calibration,diagnostic_robust_center_root_anchor_not_calibration,100,imbalanced_clean,17,geometric_median_rooted,0.9789233187250181,0.1890965087747717,,616,620,0.26464912409514807,1.051700853820892,0.15625,0.84375,4,0.0
robust_center_rooted_tree_smoke/v1,diagnostic_robust_center_rooted_tree_not_calibration,diagnostic_robust_center_root_anchor_not_calibration,100,imbalanced_clean,17,tukey_depth_rooted,0.9695239480807382,0.18721798681177512,0.4375,616,620,0.28666068371204145,1.051700853820892,0.15625,0.84375,4,0.0
robust_center_rooted_tree_smoke/v1,diagnostic_robust_center_rooted_tree_not_calibration,diagnostic_robust_center_root_anchor_not_calibration,100,imbalanced_clean,18,centroid_rooted,0.9309822476346837,0.25086677852799383,,619,620,0.3295126163612806,1.0746059834813078,0.153125,0.846875,4,0.0
robust_center_rooted_tree_smoke/v1,diagnostic_robust_center_rooted_tree_not_calibration,diagnostic_robust_center_root_anchor_not_calibration,100,imbalanced_clean,18,geometric_median_rooted,0.9416794650951329,0.2531028011239839,,619,620,0.3045871789466048,1.0746059834813078,0.153125,0.846875,4,0.0
robust_center_rooted_tree_smoke/v1,diagnostic_robust_center_rooted_tree_not_calibration,diagnostic_robust_center_root_anchor_not_calibration,100,imbalanced_clean,18,tukey_depth_rooted,0.9416794650951329,0.2531028011239839,0.446875,619,620,0.3045871789466048,1.0746059834813078,0.153125,0.846875,4,0.0
robust_center_rooted_tree_smoke/v1,diagnostic_robust_center_rooted_tree_not_calibration,diagnostic_robust_center_root_anchor_not_calibration,100,imbalanced_clean,19,centroid_rooted,1.0999570667857652,0.263947220892316,,616,618,0.29474256576198254,1.173558637847732,0.196875,0.803125,4,0.0
robust_center_rooted_tree_smoke/v1,diagnostic_robust_center_rooted_tree_not_calibration,diagnostic_robust_center_root_anchor_not_calibration,100,imbalanced_clean,19,geometric_median_rooted,1.1140452314198568,0.2673193884849016,,616,618,0.2715414953950695,1.173558637847732,0.196875,0.803125,4,0.0
robust_center_rooted_tree_smoke/v1,diagnostic_robust_center_rooted_tree_not_calibration,diagnostic_robust_center_root_anchor_not_calibration,100,imbalanced_clean,19,tukey_depth_rooted,1.0999570667857652,0.263947220892316,0.440625,616,618,0.29474256576198254,1.173558637847732,0.196875,0.803125,4,0.0
robust_center_rooted_tree_smoke/v1,diagnostic_robust_center_rooted_tree_not_calibration,diagnostic_robust_center_root_anchor_not_calibration,100,imbalanced_clean,20,centroid_rooted,1.0003025970711636,0.2313405692576901,,615,618,0.2867059683137838,1.0374147924207802,0.203125,0.796875,3,0.0
robust_center_rooted_tree_smoke/v1,diagnostic_robust_center_rooted_tree_not_calibration,diagnostic_robust_center_root_anchor_not_calibration,100,imbalanced_clean,20,geometric_median_rooted,1.018494658950182,0.23607735158942225,,615,618,0.2739153463164409,1.0374147924207802,0.203125,0.796875,3,0.0
robust_center_rooted_tree_smoke/v1,diagnostic_robust_center_rooted_tree_not_calibration,diagnostic_robust_center_root_anchor_not_calibration,100,imbalanced_clean,20,tukey_depth_rooted,1.018494658950182,0.23607735158942225,0.446875,615,618,0.2739153463164409,1.0374147924207802,0.203125,0.796875,3,0.0
robust_center_rooted_tree_smoke/v1,diagnostic_robust_center_rooted_tree_not_calibration,diagnostic_robust_center_root_anchor_not_calibration,100,imbalanced_clean,21,centroid_rooted,0.9734925786135595,0.2697801454781501,,614,615,0.3686616354285744,1.1039859322346375,0.2,0.8,4,0.0
robust_center_rooted_tree_smoke/v1,diagnostic_robust_center_rooted_tree_not_calibration,diagnostic_robust_center_root_anchor_not_calibration,100,imbalanced_clean,21,geometric_median_rooted,0.9941052869893059,0.27255048987113406,,614,615,0.33948842221064585,1.1039859322346375,0.2,0.8,4,0.0
robust_center_rooted_tree_smoke/v1,diagnostic_robust_center_rooted_tree_not_calibration,diagnostic_robust_center_root_anchor_not_calibration,100,imbalanced_clean,21,tukey_depth_rooted,0.9734925786135595,0.2697801454781501,0.446875,614,615,0.3686616354285744,1.1039859322346375,0.2,0.8,4,0.0
robust_center_rooted_tree_smoke/v1,diagnostic_robust_center_rooted_tree_not_calibration,diagnostic_robust_center_root_anchor_not_calibration,100,imbalanced_clean,22,centroid_rooted,1.0214287296164208,0.24034799874757712,,614,617,0.25349399142467327,1.0857231919269235,0.175,0.825,4,0.0
robust_center_rooted_tree_smoke/v1,diagnostic_robust_center_rooted_tree_not_calibration,diagnostic_robust_center_root_anchor_not_calibration,100,imbalanced_clean,22,geometric_median_rooted,1.036119195531289,0.24242583121242098,,614,617,0.24591400544575384,1.0857231919269235,0.175,0.825,4,0.0
robust_center_rooted_tree_smoke/v1,diagnostic_robust_center_rooted_tree_not_calibration,diagnostic_robust_center_root_anchor_not_calibration,100,imbalanced_clean,22,tukey_depth_rooted,1.0214287296164208,0.24034799874757712,0.440625,614,617,0.25349399142467327,1.0857231919269235,0.175,0.825,4,0.0
robust_center_rooted_tree_smoke/v1,diagnostic_robust_center_rooted_tree_not_calibration,diagnostic_robust_center_root_anchor_not_calibration,100,imbalanced_clean,23,centroid_rooted,0.989269344857168,0.2283854458200238,,614,617,0.296129070982937,1.0320607940342272,0.159375,0.840625,4,0.0
robust_center_rooted_tree_smoke/v1,diagnostic_robust_center_rooted_tree_not_calibration,diagnostic_robust_center_root_anchor_not_calibration,100,imbalanced_clean,23,geometric_median_rooted,0.9920486005342423,0.22905742977058996,,614,617,0.2689766527824614,1.0320607940342272,0.159375,0.840625,4,0.0
robust_center_rooted_tree_smoke/v1,diagnostic_robust_center_rooted_tree_not_calibration,diagnostic_robust_center_root_anchor_not_calibration,100,imbalanced_clean,23,tukey_depth_rooted,0.989269344857168,0.2283854458200238,0.44375,614,617,0.296129070982937,1.0320607940342272,0.159375,0.840625,4,0.0
robust_center_rooted_tree_smoke/v1,diagnostic_robust_center_rooted_tree_not_calibration,diagnostic_robust_center_root_anchor_not_calibration,100,imbalanced_clean,24,centroid_rooted,0.9519015163033633,0.2412446378899887,,618,620,0.29107095774656766,1.0099552469648747,0.153125,0.846875,4,0.0
robust_center_rooted_tree_smoke/v1,diagnostic_robust_center_rooted_tree_not_calibration,diagnostic_robust_center_root_anchor_not_calibration,100,imbalanced_clean,24,geometric_median_rooted,0.9571512722795982,0.24171459689992808,,618,620,0.27424404035680805,1.0099552469648747,0.153125,0.846875,4,0.0
robust_center_rooted_tree_smoke/v1,diagnostic_robust_center_rooted_tree_not_calibration,diagnostic_robust_center_root_anchor_not_calibration,100,imbalanced_clean,24,tukey_depth_rooted,0.9519015163033633,0.2412446378899887,0.446875,618,620,0.29107095774656766,1.0099552469648747,0.153125,0.846875,4,0.0
robust_center_rooted_tree_smoke/v1,diagnostic_robust_center_rooted_tree_not_calibration,diagnostic_robust_center_root_anchor_not_calibration,100,imbalanced_clean,25,centroid_rooted,1.1140409120894272,0.28491664903060165,,620,623,0.2663893368476787,1.1528562718234479,0.171875,0.828125,4,0.0
robust_center_rooted_tree_smoke/v1,diagnostic_robust_center_rooted_tree_not_calibration,diagnostic_robust_center_root_anchor_not_calibration,100,imbalanced_clean,25,geometric_median_rooted,1.1265846241878283,0.28784064421682776,,620,623,0.2536751131774638,1.1528562718234479,0.171875,0.828125,4,0.0
robust_center_rooted_tree_smoke/v1,diagnostic_robust_center_rooted_tree_not_calibration,diagnostic_robust_center_root_anchor_not_calibration,100,imbalanced_clean,25,tukey_depth_rooted,1.1140409120894272,0.28491664903060165,0.43125,620,623,0.2663893368476787,1.1528562718234479,0.171875,0.828125,4,0.0
robust_center_rooted_tree_smoke/v1,diagnostic_robust_center_rooted_tree_not_calibration,diagnostic_robust_center_root_anchor_not_calibration,100,imbalanced_clean,26,centroid_rooted,1.0138462993430408,0.26352573617417124,,619,620,0.26465128046504344,1.0486160113971446,0.153125,0.846875,4,0.0
robust_center_rooted_tree_smoke/v1,diagnostic_robust_center_rooted_tree_not_calibration,diagnostic_robust_center_root_anchor_not_calibration,100,imbalanced_clean,26,geometric_median_rooted,1.0237262058189613,0.2664175838754716,,619,620,0.24589182223067776,1.0486160113971446,0.153125,0.846875,4,0.0
robust_center_rooted_tree_smoke/v1,diagnostic_robust_center_rooted_tree_not_calibration,diagnostic_robust_center_root_anchor_not_calibration,100,imbalanced_clean,26,tukey_depth_rooted,1.0138462993430408,0.26352573617417124,0.440625,619,620,0.26465128046504344,1.0486160113971446,0.153125,0.846875,4,0.0
robust_center_rooted_tree_smoke/v1,diagnostic_robust_center_rooted_tree_not_calibration,diagnostic_robust_center_root_anchor_not_calibration,100,imbalanced_clean,27,centroid_rooted,0.9621129918738947,0.22924742957689231,,616,617,0.30173507090863694,0.9654843625165124,0.18125,0.81875,4,0.0
robust_center_rooted_tree_smoke/v1,diagnostic_robust_center_rooted_tree_not_calibration,diagnostic_robust_center_root_anchor_not_calibration,100,imbalanced_clean,27,geometric_median_rooted,0.9662830942219857,0.22935116076251783,,616,617,0.2825252327375475,0.9654843625165124,0.18125,0.81875,4,0.0
robust_center_rooted_tree_smoke/v1,diagnostic_robust_center_rooted_tree_not_calibration,diagnostic_robust_center_root_anchor_not_calibration,100,imbalanced_clean,27,tukey_depth_rooted,0.9621129918738947,0.22924742957689231,0.440625,616,617,0.30173507090863694,0.9654843625165124,0.18125,0.81875,4,0.0
robust_center_rooted_tree_smoke/v1,diagnostic_robust_center_rooted_tree_not_calibration,diagnostic_robust_center_root_anchor_not_calibration,100,imbalanced_clean,28,centroid_rooted,0.9165013827232003,0.2122670717687419,,615,617,0.3123636184568592,0.9363518823835927,0.15,0.85,3,0.0
robust_center_rooted_tree_smoke/v1,diagnostic_robust_center_rooted_tree_not_calibration,diagnostic_robust_center_root_anchor_not_calibration,100,imbalanced_clean,28,geometric_median_rooted,0.9266433158537336,0.21430891648818864,,615,617,0.2954543663453222,0.9363518823835927,0.15,0.85,3,0.0
robust_center_rooted_tree_smoke/v1,diagnostic_robust_center_rooted_tree_not_calibration,diagnostic_robust_center_root_anchor_not_calibration,100,imbalanced_clean,28,tukey_depth_rooted,0.9165013827232003,0.2122670717687419,0.446875,615,617,0.3123636184568592,0.9363518823835927,0.15,0.85,3,0.0
robust_center_rooted_tree_smoke/v1,diagnostic_robust_center_rooted_tree_not_calibration,diagnostic_robust_center_root_anchor_not_calibration,100,imbalanced_clean,29,centroid_rooted,0.9361325042495136,0.19475474512246152,,620,621,0.3224942580358728,0.9814648073104432,0.15625,0.84375,4,0.0
robust_center_rooted_tree_smoke/v1,diagnostic_robust_center_rooted_tree_not_calibration,diagnostic_robust_center_root_anchor_not_calibration,100,imbalanced_clean,29,geometric_median_rooted,0.948949561190124,0.19783525545034422,,620,621,0.30198197731972687,0.9814648073104432,0.15625,0.84375,4,0.0
robust_center_rooted_tree_smoke/v1,diagnostic_robust_center_rooted_tree_not_calibration,diagnostic_robust_center_root_anchor_not_calibration,100,imbalanced_clean,29,tukey_depth_rooted,0.948949561190124,0.19783525545034422,0.4375,620,621,0.30198197731972687,0.9814648073104432,0.15625,0.84375,4,0.0
robust_center_rooted_tree_smoke/v1,diagnostic_robust_center_rooted_tree_not_calibration,diagnostic_robust_center_root_anchor_not_calibration,100,imbalanced_10pct_outliers,0,centroid_rooted,1.3578249967537745,0.21316095771635654,,688,690,1.1463531734607242,0.9214976558176327,0.15056818181818182,0.934375,1,0.6037735849056604
robust_center_rooted_tree_smoke/v1,diagnostic_robust_center_rooted_tree_not_calibration,diagnostic_robust_center_root_anchor_not_calibration,100,imbalanced_10pct_outliers,0,geometric_median_rooted,1.1337758854037228,0.22818725678576082,,688,690,0.8049528051095665,0.9214976558176327,0.15056818181818182,0.934375,1,0.6037735849056604
robust_center_rooted_tree_smoke/v1,diagnostic_robust_center_rooted_tree_not_calibration,diagnostic_robust_center_root_anchor_not_calibration,100,imbalanced_10pct_outliers,0,tukey_depth_rooted,1.1337758854037228,0.22818725678576082,0.42613636363636365,688,690,0.8049528051095665,0.9214976558176327,0.15056818181818182,0.934375,1,0.6037735849056604
robust_center_rooted_tree_smoke/v1,diagnostic_robust_center_rooted_tree_not_calibration,diagnostic_robust_center_root_anchor_not_calibration,100,imbalanced_10pct_outliers,1,centroid_rooted,1.4959667941194674,0.21775023079872582,,675,676,1.147524832900043,1.1593721366480847,0.2528409090909091,0.821875,4,0.3595505617977528
robust_center_rooted_tree_smoke/v1,diagnostic_robust_center_rooted_tree_not_calibration,diagnostic_robust_center_root_anchor_not_calibration,100,imbalanced_10pct_outliers,1,geometric_median_rooted,1.2759683851048027,0.23116418606253386,,675,676,0.8219557163056329,1.1593721366480847,0.2528409090909091,0.821875,4,0.3595505617977528
robust_center_rooted_tree_smoke/v1,diagnostic_robust_center_rooted_tree_not_calibration,diagnostic_robust_center_root_anchor_not_calibration,100,imbalanced_10pct_outliers,1,tukey_depth_rooted,1.2759683851048027,0.23116418606253386,0.4403409090909091,675,676,0.8219557163056329,1.1593721366480847,0.2528409090909091,0.821875,4,0.3595505617977528
robust_center_rooted_tree_smoke/v1,diagnostic_robust_center_rooted_tree_not_calibration,diagnostic_robust_center_root_anchor_not_calibration,100,imbalanced_10pct_outliers,2,centroid_rooted,1.265019895890426,0.20619536668273414,,688,689,1.1046652288102556,0.9689888679231561,0.15056818181818182,0.934375,1,0.6037735849056604
robust_center_rooted_tree_smoke/v1,diagnostic_robust_center_rooted_tree_not_calibration,diagnostic_robust_center_root_anchor_not_calibration,100,imbalanced_10pct_outliers,2,geometric_median_rooted,1.0834366237988475,0.23177064488921903,,688,689,0.7994966165856788,0.9689888679231561,0.15056818181818182,0.934375,1,0.6037735849056604
robust_center_rooted_tree_smoke/v1,diagnostic_robust_center_rooted_tree_not_calibration,diagnostic_robust_center_root_anchor_not_calibration,100,imbalanced_10pct_outliers,2,tukey_depth_rooted,1.0834366237988475,0.23177064488921903,0.42613636363636365,688,689,0.7994966165856788,0.9689888679231561,0.15056818181818182,0.934375,1,0.6037735849056604
robust_center_rooted_tree_smoke/v1,diagnostic_robust_center_rooted_tree_not_calibration,diagnostic_robust_center_root_anchor_not_calibration,100,imbalanced_10pct_outliers,3,centroid_rooted,1.3626703010666377,0.19751457598157304,,686,689,1.1238476120514345,1.1841062325749865,0.18181818181818182,0.9,2,0.5
robust_center_rooted_tree_smoke/v1,diagnostic_robust_center_rooted_tree_not_calibration,diagnostic_robust_center_root_anchor_not_calibration,100,imbalanced_10pct_outliers,3,geometric_median_rooted,1.1966000652328903,0.2193197615696883,,686,689,0.7914650569085543,1.1841062325749865,0.18181818181818182,0.9,2,0.5
robust_center_rooted_tree_smoke/v1,diagnostic_robust_center_rooted_tree_not_calibration,diagnostic_robust_center_root_anchor_not_calibration,100,imbalanced_10pct_outliers,3,tukey_depth_rooted,1.1966000652328903,0.2193197615696883,0.4403409090909091,686,689,0.7914650569085543,1.1841062325749865,0.18181818181818182,0.9,2,0.5
robust_center_rooted_tree_smoke/v1,diagnostic_robust_center_rooted_tree_not_calibration,diagnostic_robust_center_root_anchor_not_calibration,100,imbalanced_10pct_outliers,4,centroid_rooted,1.3753815292982003,0.2103356281649896,,669,671,1.110734344458494,0.9845874004073246,0.26704545454545453,0.80625,4,0.3404255319148936
robust_center_rooted_tree_smoke/v1,diagnostic_robust_center_rooted_tree_not_calibration,diagnostic_robust_center_root_anchor_not_calibration,100,imbalanced_10pct_outliers,4,geometric_median_rooted,1.162708519451269,0.22190647423349855,,669,671,0.8025426449917721,0.9845874004073246,0.26704545454545453,0.80625,4,0.3404255319148936
robust_center_rooted_tree_smoke/v1,diagnostic_robust_center_rooted_tree_not_calibration,diagnostic_robust_center_root_anchor_not_calibration,100,imbalanced_10pct_outliers,4,tukey_depth_rooted,1.162708519451269,0.22190647423349855,0.4346590909090909,669,671,0.8025426449917721,0.9845874004073246,0.26704545454545453,0.80625,4,0.3404255319148936
robust_center_rooted_tree_smoke/v1,diagnostic_robust_center_rooted_tree_not_calibration,diagnostic_robust_center_root_anchor_not_calibration,100,imbalanced_10pct_outliers,5,centroid_rooted,1.4356822254525323,0.199183243145318,,673,674,1.0132654039568856,1.2484959784328777,0.2840909090909091,0.7875,4,0.32
robust_center_rooted_tree_smoke/v1,diagnostic_robust_center_rooted_tree_not_calibration,diagnostic_robust_center_root_anchor_not_calibration,100,imbalanced_10pct_outliers,5,geometric_median_rooted,1.2836956893411267,0.22124897594209358,,673,674,0.7252355545423147,1.2484959784328777,0.2840909090909091,0.7875,4,0.32
robust_center_rooted_tree_smoke/v1,diagnostic_robust_center_rooted_tree_not_calibration,diagnostic_robust_center_root_anchor_not_calibration,100,imbalanced_10pct_outliers,5,tukey_depth_rooted,1.2836956893411267,0.22124897594209358,0.44886363636363635,673,674,0.7252355545423147,1.2484959784328777,0.2840909090909091,0.7875,4,0.32
robust_center_rooted_tree_smoke/v1,diagnostic_robust_center_rooted_tree_not_calibration,diagnostic_robust_center_root_anchor_not_calibration,100,imbalanced_10pct_outliers,6,centroid_rooted,1.4104499859039519,0.15288275906753682,,688,690,1.1233709772180387,1.037678210676007,0.15625,0.928125,2,0.5818181818181818
robust_center_rooted_tree_smoke/v1,diagnostic_robust_center_rooted_tree_not_calibration,diagnostic_robust_center_root_anchor_not_calibration,100,imbalanced_10pct_outliers,6,geometric_median_rooted,1.2121152278531477,0.17123114059283925,,688,690,0.794646988144895,1.037678210676007,0.15625,0.928125,2,0.5818181818181818
robust_center_rooted_tree_smoke/v1,diagnostic_robust_center_rooted_tree_not_calibration,diagnostic_robust_center_root_anchor_not_calibration,100,imbalanced_10pct_outliers,6,tukey_depth_rooted,1.2387868668363462,0.17023733733934665,0.42329545454545453,688,690,0.9086549563949893,1.037678210676007,0.15625,0.928125,2,0.5818181818181818
robust_center_rooted_tree_smoke/v1,diagnostic_robust_center_rooted_tree_not_calibration,diagnostic_robust_center_root_anchor_not_calibration,100,imbalanced_10pct_outliers,7,centroid_rooted,1.41147212355834,0.19717471616534438,,684,685,1.0906825492535697,1.0055125160385283,0.19318181818181818,0.8875,3,0.47058823529411764
robust_center_rooted_tree_smoke/v1,diagnostic_robust_center_rooted_tree_not_calibration,diagnostic_robust_center_root_anchor_not_calibration,100,imbalanced_10pct_outliers,7,geometric_median_rooted,1.1980640271714755,0.21053880741810607,,684,685,0.7809992642643638,1.0055125160385283,0.19318181818181818,0.8875,3,0.47058823529411764
robust_center_rooted_tree_smoke/v1,diagnostic_robust_center_rooted_tree_not_calibration,diagnostic_robust_center_root_anchor_not_calibration,100,imbalanced_10pct_outliers,7,tukey_depth_rooted,1.1980640271714755,0.21053880741810607,0.4403409090909091,684,685,0.7809992642643638,1.0055125160385283,0.19318181818181818,0.8875,3,0.47058823529411764
robust_center_rooted_tree_smoke/v1,diagnostic_robust_center_rooted_tree_not_calibration,diagnostic_robust_center_root_anchor_not_calibration,100,imbalanced_10pct_outliers,8,centroid_rooted,1.4407729296174792,0.17548124621619912,,684,686,1.1020995974344014,1.1254400106037132,0.16761363636363635,0.915625,1,0.5423728813559322
robust_center_rooted_tree_smoke/v1,diagnostic_robust_center_rooted_tree_not_calibration,diagnostic_robust_center_root_anchor_not_calibration,100,imbalanced_10pct_outliers,8,geometric_median_rooted,1.2604688533004935,0.1919713097439767,,684,686,0.7860270652530564,1.1254400106037132,0.16761363636363635,0.915625,1,0.5423728813559322
robust_center_rooted_tree_smoke/v1,diagnostic_robust_center_rooted_tree_not_calibration,diagnostic_robust_center_root_anchor_not_calibration,100,imbalanced_10pct_outliers,8,tukey_depth_rooted,1.2604688533004935,0.1919713097439767,0.4403409090909091,684,686,0.7860270652530564,1.1254400106037132,0.16761363636363635,0.915625,1,0.5423728813559322
robust_center_rooted_tree_smoke/v1,diagnostic_robust_center_rooted_tree_not_calibration,diagnostic_robust_center_root_anchor_not_calibration,100,imbalanced_10pct_outliers,9,centroid_rooted,1.3668937382926094,0.17064969097858873,,686,687,1.1084681665171203,0.9180506129571417,0.16477272727272727,0.91875,1,0.5517241379310345
robust_center_rooted_tree_smoke/v1,diagnostic_robust_center_rooted_tree_not_calibration,diagnostic_robust_center_root_anchor_not_calibration,100,imbalanced_10pct_outliers,9,geometric_median_rooted,1.1583918926399666,0.18336813803121627,,686,687,0.7943329953597585,0.9180506129571417,0.16477272727272727,0.91875,1,0.5517241379310345
robust_center_rooted_tree_smoke/v1,diagnostic_robust_center_rooted_tree_not_calibration,diagnostic_robust_center_root_anchor_not_calibration,100,imbalanced_10pct_outliers,9,tukey_depth_rooted,1.1583918926399666,0.18336813803121627,0.4346590909090909,686,687,0.7943329953597585,0.9180506129571417,0.16477272727272727,0.91875,1,0.5517241379310345
robust_center_rooted_tree_smoke/v1,diagnostic_robust_center_rooted_tree_not_calibration,diagnostic_robust_center_root_anchor_not_calibration,100,imbalanced_10pct_outliers,10,centroid_rooted,1.4040736236800826,0.1615967816393566,,671,673,1.137367740100683,1.019200788307822,0.32386363636363635,0.74375,4,0.2807017543859649
robust_center_rooted_tree_smoke/v1,diagnostic_robust_center_rooted_tree_not_calibration,diagnostic_robust_center_root_anchor_not_calibration,100,imbalanced_10pct_outliers,10,geometric_median_rooted,1.199372004235956,0.1753441509406761,,691,693,0.8262043483317052,1.0732746969065292,0.1534090909090909,0.93125,1,0.5925925925925926
robust_center_rooted_tree_smoke/v1,diagnostic_robust_center_rooted_tree_not_calibration,diagnostic_robust_center_root_anchor_not_calibration,100,imbalanced_10pct_outliers,10,tukey_depth_rooted,1.199372004235956,0.1753441509406761,0.4318181818181818,691,693,0.8262043483317052,1.0732746969065292,0.1534090909090909,0.93125,1,0.5925925925925926
robust_center_rooted_tree_smoke/v1,diagnostic_robust_center_rooted_tree_not_calibration,diagnostic_robust_center_root_anchor_not_calibration,100,imbalanced_10pct_outliers,11,centroid_rooted,1.422308230603984,0.1807637895932325,,690,691,1.1244174804053066,1.0019585672655313,0.18181818181818182,0.9,1,0.5
robust_center_rooted_tree_smoke/v1,diagnostic_robust_center_rooted_tree_not_calibration,diagnostic_robust_center_root_anchor_not_calibration,100,imbalanced_10pct_outliers,11,geometric_median_rooted,1.2092345315286566,0.19920974116343848,,690,691,0.7825955160872232,1.0019585672655313,0.18181818181818182,0.9,1,0.5
robust_center_rooted_tree_smoke/v1,diagnostic_robust_center_rooted_tree_not_calibration,diagnostic_robust_center_root_anchor_not_calibration,100,imbalanced_10pct_outliers,11,tukey_depth_rooted,1.2092345315286566,0.19920974116343848,0.4346590909090909,690,691,0.7825955160872232,1.0019585672655313,0.18181818181818182,0.9,1,0.5
robust_center_rooted_tree_smoke/v1,diagnostic_robust_center_rooted_tree_not_calibration,diagnostic_robust_center_root_anchor_not_calibration,100,imbalanced_10pct_outliers,12,centroid_rooted,1.458171824815495,0.17686821209912795,,687,688,1.0962426962453513,1.0178055549722835,0.16761363636363635,0.915625,2,0.5423728813559322
robust_center_rooted_tree_smoke/v1,diagnostic_robust_center_rooted_tree_not_calibration,diagnostic_robust_center_root_anchor_not_calibration,100,imbalanced_10pct_outliers,12,geometric_median_rooted,1.2520286258807762,0.1924656225939316,,687,688,0.765786961569534,1.0178055549722835,0.16761363636363635,0.915625,2,0.5423728813559322
robust_center_rooted_tree_smoke/v1,diagnostic_robust_center_rooted_tree_not_calibration,diagnostic_robust_center_root_anchor_not_calibration,100,imbalanced_10pct_outliers,12,tukey_depth_rooted,1.2520286258807762,0.1924656225939316,0.4346590909090909,687,688,0.765786961569534,1.0178055549722835,0.16761363636363635,0.915625,2,0.5423728813559322
robust_center_rooted_tree_smoke/v1,diagnostic_robust_center_rooted_tree_not_calibration,diagnostic_robust_center_root_anchor_not_calibration,100,imbalanced_10pct_outliers,13,centroid_rooted,1.4500865589157017,0.18126048882713028,,679,681,1.112203975895464,1.0767645919895463,0.23295454545454544,0.84375,4,0.3902439024390244
robust_center_rooted_tree_smoke/v1,diagnostic_robust_center_rooted_tree_not_calibration,diagnostic_robust_center_root_anchor_not_calibration,100,imbalanced_10pct_outliers,13,geometric_median_rooted,1.247872931229413,0.19655882601455157,,689,690,0.8018155027497762,1.0816812365988047,0.15056818181818182,0.934375,1,0.6037735849056604
robust_center_rooted_tree_smoke/v1,diagnostic_robust_center_rooted_tree_not_calibration,diagnostic_robust_center_root_anchor_not_calibration,100,imbalanced_10pct_outliers,13,tukey_depth_rooted,1.247872931229413,0.19655882601455157,0.4460227272727273,689,690,0.8018155027497762,1.0816812365988047,0.15056818181818182,0.934375,1,0.6037735849056604
robust_center_rooted_tree_smoke/v1,diagnostic_robust_center_rooted_tree_not_calibration,diagnostic_robust_center_root_anchor_not_calibration,100,imbalanced_10pct_outliers,14,centroid_rooted,1.4266052499902002,0.19917909140416748,,685,686,1.1056917572374703,0.8906036331629884,0.16761363636363635,0.915625,1,0.5423728813559322
robust_center_rooted_tree_smoke/v1,diagnostic_robust_center_rooted_tree_not_calibration,diagnostic_robust_center_root_anchor_not_calibration,100,imbalanced_10pct_outliers,14,geometric_median_rooted,1.1984974706122644,0.2171275410209503,,685,686,0.7897254051436247,0.8906036331629884,0.16761363636363635,0.915625,1,0.5423728813559322
robust_center_rooted_tree_smoke/v1,diagnostic_robust_center_rooted_tree_not_calibration,diagnostic_robust_center_root_anchor_not_calibration,100,imbalanced_10pct_outliers,14,tukey_depth_rooted,1.1984974706122644,0.2171275410209503,0.42613636363636365,685,686,0.7897254051436247,0.8906036331629884,0.16761363636363635,0.915625,1,0.5423728813559322
robust_center_rooted_tree_smoke/v1,diagnostic_robust_center_rooted_tree_not_calibration,diagnostic_robust_center_root_anchor_not_calibration,100,imbalanced_10pct_outliers,15,centroid_rooted,1.3855421900785132,0.18540895201233196,,686,689,1.1343183751754435,0.9730355585031769,0.17897727272727273,0.903125,1,0.5079365079365079
robust_center_rooted_tree_smoke/v1,diagnostic_robust_center_rooted_tree_not_calibration,diagnostic_robust_center_root_anchor_not_calibration,100,imbalanced_10pct_outliers,15,geometric_median_rooted,1.1791474245946585,0.19982832621080848,,686,689,0.8100360676108641,0.9730355585031769,0.17897727272727273,0.903125,1,0.5079365079365079
robust_center_rooted_tree_smoke/v1,diagnostic_robust_center_rooted_tree_not_calibration,diagnostic_robust_center_root_anchor_not_calibration,100,imbalanced_10pct_outliers,15,tukey_depth_rooted,1.1791474245946585,0.19982832621080848,0.4460227272727273,686,689,0.8100360676108641,0.9730355585031769,0.17897727272727273,0.903125,1,0.5079365079365079
robust_center_rooted_tree_smoke/v1,diagnostic_robust_center_rooted_tree_not_calibration,diagnostic_robust_center_root_anchor_not_calibration,100,imbalanced_10pct_outliers,16,centroid_rooted,1.4812228490910981,0.1727791472423495,,689,691,1.128387973867409,1.0518395905176101,0.15056818181818182,0.934375,1,0.6037735849056604
robust_center_rooted_tree_smoke/v1,diagnostic_robust_center_rooted_tree_not_calibration,diagnostic_robust_center_root_anchor_not_calibration,100,imbalanced_10pct_outliers,16,geometric_median_rooted,1.2770243127438377,0.18908610895411615,,689,691,0.8160872829087216,1.0518395905176101,0.15056818181818182,0.934375,1,0.6037735849056604
robust_center_rooted_tree_smoke/v1,diagnostic_robust_center_rooted_tree_not_calibration,diagnostic_robust_center_root_anchor_not_calibration,100,imbalanced_10pct_outliers,16,tukey_depth_rooted,1.2770243127438377,0.18908610895411615,0.4403409090909091,689,691,0.8160872829087216,1.0518395905176101,0.15056818181818182,0.934375,1,0.6037735849056604
robust_center_rooted_tree_smoke/v1,diagnostic_robust_center_rooted_tree_not_calibration,diagnostic_robust_center_root_anchor_not_calibration,100,imbalanced_10pct_outliers,17,centroid_rooted,1.3549271755628172,0.1471798170489499,,689,690,1.129940271900932,1.1085075030867106,0.1590909090909091,0.925,1,0.5714285714285714
robust_center_rooted_tree_smoke/v1,diagnostic_robust_center_rooted_tree_not_calibration,diagnostic_robust_center_root_anchor_not_calibration,100,imbalanced_10pct_outliers,17,geometric_median_rooted,1.1768522494078022,0.172417594606109,,689,690,0.7895588126025229,1.1085075030867106,0.1590909090909091,0.925,1,0.5714285714285714
robust_center_rooted_tree_smoke/v1,diagnostic_robust_center_rooted_tree_not_calibration,diagnostic_robust_center_root_anchor_not_calibration,100,imbalanced_10pct_outliers,17,tukey_depth_rooted,1.1768522494078022,0.172417594606109,0.4346590909090909,689,690,0.7895588126025229,1.1085075030867106,0.1590909090909091,0.925,1,0.5714285714285714
robust_center_rooted_tree_smoke/v1,diagnostic_robust_center_rooted_tree_not_calibration,diagnostic_robust_center_root_anchor_not_calibration,100,imbalanced_10pct_outliers,18,centroid_rooted,1.452917642076112,0.21780816366802339,,684,685,1.1591764413846142,0.858275588241423,0.17897727272727273,0.903125,3,0.5079365079365079
robust_center_rooted_tree_smoke/v1,diagnostic_robust_center_rooted_tree_not_calibration,diagnostic_robust_center_root_anchor_not_calibration,100,imbalanced_10pct_outliers,18,geometric_median_rooted,1.2121361454170043,0.23080415618061556,,684,685,0.8268723916233631,0.858275588241423,0.17897727272727273,0.903125,3,0.5079365079365079
robust_center_rooted_tree_smoke/v1,diagnostic_robust_center_rooted_tree_not_calibration,diagnostic_robust_center_root_anchor_not_calibration,100,imbalanced_10pct_outliers,18,tukey_depth_rooted,1.2121361454170043,0.23080415618061556,0.4289772727272727,684,685,0.8268723916233631,0.858275588241423,0.17897727272727273,0.903125,3,0.5079365079365079
robust_center_rooted_tree_smoke/v1,diagnostic_robust_center_rooted_tree_not_calibration,diagnostic_robust_center_root_anchor_not_calibration,100,imbalanced_10pct_outliers,19,centroid_rooted,1.3580378048878368,0.1988991872765356,,686,687,1.1222897165712897,0.9124947642877344,0.16193181818181818,0.921875,1,0.5614035087719298
robust_center_rooted_tree_smoke/v1,diagnostic_robust_center_rooted_tree_not_calibration,diagnostic_robust_center_root_anchor_not_calibration,100,imbalanced_10pct_outliers,19,geometric_median_rooted,1.139938039698685,0.21393675096657966,,686,687,0.8069367303422668,0.9124947642877344,0.16193181818181818,0.921875,1,0.5614035087719298
robust_center_rooted_tree_smoke/v1,diagnostic_robust_center_rooted_tree_not_calibration,diagnostic_robust_center_root_anchor_not_calibration,100,imbalanced_10pct_outliers,19,tukey_depth_rooted,1.139938039698685,0.21393675096657966,0.42613636363636365,686,687,0.8069367303422668,0.9124947642877344,0.16193181818181818,0.921875,1,0.5614035087719298
robust_center_rooted_tree_smoke/v1,diagnostic_robust_center_rooted_tree_not_calibration,diagnostic_robust_center_root_anchor_not_calibration,100,imbalanced_10pct_outliers,20,centroid_rooted,1.3919688229183258,0.23219679007889654,,677,678,1.1132156754974616,1.0625589467306338,0.23295454545454544,0.84375,4,0.3902439024390244
robust_center_rooted_tree_smoke/v1,diagnostic_robust_center_rooted_tree_not_calibration,diagnostic_robust_center_root_anchor_not_calibration,100,imbalanced_10pct_outliers,20,geometric_median_rooted,1.1734806614949789,0.24772578856683222,,677,678,0.7842817692490469,1.0625589467306338,0.23295454545454544,0.84375,4,0.3902439024390244
robust_center_rooted_tree_smoke/v1,diagnostic_robust_center_rooted_tree_not_calibration,diagnostic_robust_center_root_anchor_not_calibration,100,imbalanced_10pct_outliers,20,tukey_depth_rooted,1.1734806614949789,0.24772578856683222,0.4403409090909091,677,678,0.7842817692490469,1.0625589467306338,0.23295454545454544,0.84375,4,0.3902439024390244
robust_center_rooted_tree_smoke/v1,diagnostic_robust_center_rooted_tree_not_calibration,diagnostic_robust_center_root_anchor_not_calibration,100,imbalanced_10pct_outliers,21,centroid_rooted,1.4270076762480264,0.2383491604104215,,687,688,1.1452504203945242,0.9687072567807954,0.16761363636363635,0.915625,2,0.5423728813559322
robust_center_rooted_tree_smoke/v1,diagnostic_robust_center_rooted_tree_not_calibration,diagnostic_robust_center_root_anchor_not_calibration,100,imbalanced_10pct_outliers,21,geometric_median_rooted,1.2026808205183155,0.262812727621428,,687,688,0.7992079590196647,0.9687072567807954,0.16761363636363635,0.915625,2,0.5423728813559322
robust_center_rooted_tree_smoke/v1,diagnostic_robust_center_rooted_tree_not_calibration,diagnostic_robust_center_root_anchor_not_calibration,100,imbalanced_10pct_outliers,21,tukey_depth_rooted,1.2026808205183155,0.262812727621428,0.4460227272727273,687,688,0.7992079590196647,0.9687072567807954,0.16761363636363635,0.915625,2,0.5423728813559322
robust_center_rooted_tree_smoke/v1,diagnostic_robust_center_rooted_tree_not_calibration,diagnostic_robust_center_root_anchor_not_calibration,100,imbalanced_10pct_outliers,22,centroid_rooted,1.3212431015008415,0.18410149006957066,,677,678,1.1097436302180195,1.0833418683990736,0.21306818181818182,0.865625,3,0.4266666666666667
robust_center_rooted_tree_smoke/v1,diagnostic_robust_center_rooted_tree_not_calibration,diagnostic_robust_center_root_anchor_not_calibration,100,imbalanced_10pct_outliers,22,geometric_median_rooted,1.1306846244881088,0.20655540683819995,,677,678,0.7746910597333166,1.0833418683990736,0.21306818181818182,0.865625,3,0.4266666666666667
robust_center_rooted_tree_smoke/v1,diagnostic_robust_center_rooted_tree_not_calibration,diagnostic_robust_center_root_anchor_not_calibration,100,imbalanced_10pct_outliers,22,tukey_depth_rooted,1.1306846244881088,0.20655540683819995,0.42329545454545453,677,678,0.7746910597333166,1.0833418683990736,0.21306818181818182,0.865625,3,0.4266666666666667
robust_center_rooted_tree_smoke/v1,diagnostic_robust_center_rooted_tree_not_calibration,diagnostic_robust_center_root_anchor_not_calibration,100,imbalanced_10pct_outliers,23,centroid_rooted,1.4013199302897672,0.18963640218163894,,669,672,1.0932511832222742,0.9753910887239298,0.3153409090909091,0.759375,4,0.2882882882882883
robust_center_rooted_tree_smoke/v1,diagnostic_robust_center_rooted_tree_not_calibration,diagnostic_robust_center_root_anchor_not_calibration,100,imbalanced_10pct_outliers,23,geometric_median_rooted,1.1985776381824496,0.2092044161525584,,682,683,0.7828974709145009,1.0081084546896708,0.2215909090909091,0.85625,4,0.41025641025641024
robust_center_rooted_tree_smoke/v1,diagnostic_robust_center_rooted_tree_not_calibration,diagnostic_robust_center_root_anchor_not_calibration,100,imbalanced_10pct_outliers,23,tukey_depth_rooted,1.1985776381824496,0.2092044161525584,0.4431818181818182,682,683,0.7828974709145009,1.0081084546896708,0.2215909090909091,0.85625,4,0.41025641025641024
robust_center_rooted_tree_smoke/v1,diagnostic_robust_center_rooted_tree_not_calibration,diagnostic_robust_center_root_anchor_not_calibration,100,imbalanced_10pct_outliers,24,centroid_rooted,1.5914941943647973,0.2326286983642408,,681,682,1.1085765377990617,1.0577566673724161,0.1846590909090909,0.896875,2,0.49230769230769234
robust_center_rooted_tree_smoke/v1,diagnostic_robust_center_rooted_tree_not_calibration,diagnostic_robust_center_root_anchor_not_calibration,100,imbalanced_10pct_outliers,24,geometric_median_rooted,1.3799013089122256,0.24944464504274774,,681,682,0.7972207602321667,1.0577566673724161,0.1846590909090909,0.896875,2,0.49230769230769234
robust_center_rooted_tree_smoke/v1,diagnostic_robust_center_rooted_tree_not_calibration,diagnostic_robust_center_root_anchor_not_calibration,100,imbalanced_10pct_outliers,24,tukey_depth_rooted,1.3799013089122256,0.24944464504274774,0.4346590909090909,681,682,0.7972207602321667,1.0577566673724161,0.1846590909090909,0.896875,2,0.49230769230769234
robust_center_rooted_tree_smoke/v1,diagnostic_robust_center_rooted_tree_not_calibration,diagnostic_robust_center_root_anchor_not_calibration,100,imbalanced_10pct_outliers,25,centroid_rooted,1.3933204381650572,0.15802177625903896,,687,689,1.0769464763349703,0.9796225366707975,0.17613636363636365,0.90625,3,0.5161290322580645
robust_center_rooted_tree_smoke/v1,diagnostic_robust_center_rooted_tree_not_calibration,diagnostic_robust_center_root_anchor_not_calibration,100,imbalanced_10pct_outliers,25,geometric_median_rooted,1.1749370620804072,0.17196080105284844,,687,689,0.7722914601727449,0.9796225366707975,0.17613636363636365,0.90625,3,0.5161290322580645
robust_center_rooted_tree_smoke/v1,diagnostic_robust_center_rooted_tree_not_calibration,diagnostic_robust_center_root_anchor_not_calibration,100,imbalanced_10pct_outliers,25,tukey_depth_rooted,1.1749370620804072,0.17196080105284844,0.4460227272727273,687,689,0.7722914601727449,0.9796225366707975,0.17613636363636365,0.90625,3,0.5161290322580645
robust_center_rooted_tree_smoke/v1,diagnostic_robust_center_rooted_tree_not_calibration,diagnostic_robust_center_root_anchor_not_calibration,100,imbalanced_10pct_outliers,26,centroid_rooted,1.3061484252774693,0.17521670839655015,,688,689,1.0944833748429788,0.8899149738266376,0.17045454545454544,0.9125,2,0.5333333333333333
robust_center_rooted_tree_smoke/v1,diagnostic_robust_center_rooted_tree_not_calibration,diagnostic_robust_center_root_anchor_not_calibration,100,imbalanced_10pct_outliers,26,geometric_median_rooted,1.0834656940603349,0.1978342786342527,,688,689,0.7834394842422802,0.8899149738266376,0.17045454545454544,0.9125,2,0.5333333333333333
robust_center_rooted_tree_smoke/v1,diagnostic_robust_center_rooted_tree_not_calibration,diagnostic_robust_center_root_anchor_not_calibration,100,imbalanced_10pct_outliers,26,tukey_depth_rooted,1.0834656940603349,0.1978342786342527,0.4375,688,689,0.7834394842422802,0.8899149738266376,0.17045454545454544,0.9125,2,0.5333333333333333
robust_center_rooted_tree_smoke/v1,diagnostic_robust_center_rooted_tree_not_calibration,diagnostic_robust_center_root_anchor_not_calibration,100,imbalanced_10pct_outliers,27,centroid_rooted,1.37884764414339,0.1670783165507019,,661,662,1.132275895006521,0.9602204461564479,0.3693181818181818,0.69375,4,0.24615384615384617
robust_center_rooted_tree_smoke/v1,diagnostic_robust_center_rooted_tree_not_calibration,diagnostic_robust_center_root_anchor_not_calibration,100,imbalanced_10pct_outliers,27,geometric_median_rooted,1.157645366170944,0.1862876338739498,,674,676,0.8118325292531915,0.9775981255556084,0.2528409090909091,0.821875,4,0.3595505617977528
robust_center_rooted_tree_smoke/v1,diagnostic_robust_center_rooted_tree_not_calibration,diagnostic_robust_center_root_anchor_not_calibration,100,imbalanced_10pct_outliers,27,tukey_depth_rooted,1.157645366170944,0.1862876338739498,0.4375,674,676,0.8118325292531915,0.9775981255556084,0.2528409090909091,0.821875,4,0.3595505617977528
robust_center_rooted_tree_smoke/v1,diagnostic_robust_center_rooted_tree_not_calibration,diagnostic_robust_center_root_anchor_not_calibration,100,imbalanced_10pct_outliers,28,centroid_rooted,1.4127881528210242,0.23080699290293555,,681,682,1.1219799476327927,1.0366057128115516,0.24431818181818182,0.83125,4,0.37209302325581395
robust_center_rooted_tree_smoke/v1,diagnostic_robust_center_rooted_tree_not_calibration,diagnostic_robust_center_root_anchor_not_calibration,100,imbalanced_10pct_outliers,28,geometric_median_rooted,1.2208626073877307,0.24801239746467535,,682,683,0.8055451814585098,1.0635303074396718,0.2159090909090909,0.8625,4,0.42105263157894735
robust_center_rooted_tree_smoke/v1,diagnostic_robust_center_rooted_tree_not_calibration,diagnostic_robust_center_root_anchor_not_calibration,100,imbalanced_10pct_outliers,28,tukey_depth_rooted,1.2208626073877307,0.24801239746467535,0.4318181818181818,682,683,0.8055451814585098,1.0635303074396718,0.2159090909090909,0.8625,4,0.42105263157894735
robust_center_rooted_tree_smoke/v1,diagnostic_robust_center_rooted_tree_not_calibration,diagnostic_robust_center_root_anchor_not_calibration,100,imbalanced_10pct_outliers,29,centroid_rooted,1.3661318852187339,0.18300858840843517,,679,681,1.1101678284472576,1.0190406055205092,0.3125,0.75625,4,0.2909090909090909
robust_center_rooted_tree_smoke/v1,diagnostic_robust_center_rooted_tree_not_calibration,diagnostic_robust_center_root_anchor_not_calibration,100,imbalanced_10pct_outliers,29,geometric_median_rooted,1.1655843358185822,0.20240643342023618,,690,691,0.7817434007569368,1.0425987541518342,0.1590909090909091,0.925,1,0.5714285714285714
robust_center_rooted_tree_smoke/v1,diagnostic_robust_center_rooted_tree_not_calibration,diagnostic_robust_center_root_anchor_not_calibration,100,imbalanced_10pct_outliers,29,tukey_depth_rooted,1.1655843358185822,0.20240643342023618,0.4346590909090909,690,691,0.7817434007569368,1.0425987541518342,0.1590909090909091,0.925,1,0.5714285714285714
