schema_version,study_role,center_source_study_role,dimension,scenario,replicate,method,center_error,center_branch_distance_cv,approx_halfspace_depth,root_edge_left,root_edge_right,root_edge_distance_to_center,root_edge_distance_to_true_root,root_edge_min_side_fraction,branch_integrity,split_branch_count,smaller_side_outlier_fraction
robust_center_rooted_tree_smoke/v1,diagnostic_robust_center_rooted_tree_not_calibration,diagnostic_robust_center_root_anchor_not_calibration,5,balanced_clean,0,centroid_rooted,0.3362478354399353,0.09011444706207769,,636,638,1.0591761858187545e-16,0.33624783543993536,0.5,0.9875,0,0.0
robust_center_rooted_tree_smoke/v1,diagnostic_robust_center_rooted_tree_not_calibration,diagnostic_robust_center_root_anchor_not_calibration,5,balanced_clean,0,geometric_median_rooted,0.44907195187329507,0.12539725496455437,,636,638,0.0586281254929741,0.33624783543993536,0.5,0.9875,0,0.0
robust_center_rooted_tree_smoke/v1,diagnostic_robust_center_rooted_tree_not_calibration,diagnostic_robust_center_root_anchor_not_calibration,5,balanced_clean,0,tukey_depth_rooted,0.44907195187329507,0.12539725496455437,0.4,636,638,0.0586281254929741,0.33624783543993536,0.5,0.9875,0,0.0
robust_center_rooted_tree_smoke/v1,diagnostic_robust_center_rooted_tree_not_calibration,diagnostic_robust_center_root_anchor_not_calibration,5,balanced_clean,1,centroid_rooted,0.29443144868751636,0.08717073617195165,,636,638,8.002322828458972e-17,0.2944314486875164,0.496875,0.971875,0,0.0
robust_center_rooted_tree_smoke/v1,diagnostic_robust_center_rooted_tree_not_calibration,diagnostic_robust_center_root_anchor_not_calibration,5,balanced_clean,1,geometric_median_rooted,0.36133415402956287,0.11050952535133718,,636,638,0.03515682325147035,0.2944314486875164,0.496875,0.971875,0,0.0
robust_center_rooted_tree_smoke/v1,diagnostic_robust_center_rooted_tree_not_calibration,diagnostic_robust_center_root_anchor_not_calibration,5,balanced_clean,1,tukey_depth_rooted,0.4797950396124729,0.1494266908787874,0.421875,636,638,0.07756021914395556,0.2944314486875164,0.496875,0.971875,0,0.0
robust_center_rooted_tree_smoke/v1,diagnostic_robust_center_rooted_tree_not_calibration,diagnostic_robust_center_root_anchor_not_calibration,5,balanced_clean,2,centroid_rooted,0.24911916660945146,0.05672797149153111,,636,638,8.582937747229195e-17,0.24911916660945146,0.484375,0.946875,1,0.0
robust_center_rooted_tree_smoke/v1,diagnostic_robust_center_rooted_tree_not_calibration,diagnostic_robust_center_root_anchor_not_calibration,5,balanced_clean,2,geometric_median_rooted,0.30652060940459563,0.06831368673568025,,636,638,0.05957151226653545,0.24911916660945146,0.484375,0.946875,1,0.0
robust_center_rooted_tree_smoke/v1,diagnostic_robust_center_rooted_tree_not_calibration,diagnostic_robust_center_root_anchor_not_calibration,5,balanced_clean,2,tukey_depth_rooted,0.30652060940459563,0.06831368673568025,0.390625,636,638,0.05957151226653545,0.24911916660945146,0.484375,0.946875,1,0.0
robust_center_rooted_tree_smoke/v1,diagnostic_robust_center_rooted_tree_not_calibration,diagnostic_robust_center_root_anchor_not_calibration,5,balanced_clean,3,centroid_rooted,0.3672357646352087,0.08101771604127524,,636,638,5.551115123125783e-17,0.21616677465200537,0.24375,0.98125,0,0.0
robust_center_rooted_tree_smoke/v1,diagnostic_robust_center_rooted_tree_not_calibration,diagnostic_robust_center_root_anchor_not_calibration,5,balanced_clean,3,geometric_median_rooted,0.45616236935410764,0.10469594091594106,,637,638,0.052237150436497376,0.36723576463520874,0.24375,0.98125,0,0.0
robust_center_rooted_tree_smoke/v1,diagnostic_robust_center_rooted_tree_not_calibration,diagnostic_robust_center_root_anchor_not_calibration,5,balanced_clean,3,tukey_depth_rooted,0.45616236935410764,0.10469594091594106,0.390625,637,638,0.052237150436497376,0.36723576463520874,0.24375,0.98125,0,0.0
robust_center_rooted_tree_smoke/v1,diagnostic_robust_center_rooted_tree_not_calibration,diagnostic_robust_center_root_anchor_not_calibration,5,balanced_clean,4,centroid_rooted,0.2027128688533767,0.06711105007614097,,635,638,6.798699777552591e-17,0.20039299201332209,0.5,0.95,0,0.0
robust_center_rooted_tree_smoke/v1,diagnostic_robust_center_rooted_tree_not_calibration,diagnostic_robust_center_root_anchor_not_calibration,5,balanced_clean,4,geometric_median_rooted,0.2863823133027799,0.08605940873118349,,637,638,0.09884637062090548,0.2027128688533767,0.5,0.95,0,0.0
robust_center_rooted_tree_smoke/v1,diagnostic_robust_center_rooted_tree_not_calibration,diagnostic_robust_center_root_anchor_not_calibration,5,balanced_clean,4,tukey_depth_rooted,0.2863823133027799,0.08605940873118349,0.425,637,638,0.09884637062090548,0.2027128688533767,0.5,0.95,0,0.0
robust_center_rooted_tree_smoke/v1,diagnostic_robust_center_rooted_tree_not_calibration,diagnostic_robust_center_root_anchor_not_calibration,5,balanced_clean,5,centroid_rooted,0.2760234470259933,0.08490841614788289,,634,635,0.018606094209552265,0.17577808268987963,0.4625,0.93125,1,0.0
robust_center_rooted_tree_smoke/v1,diagnostic_robust_center_rooted_tree_not_calibration,diagnostic_robust_center_root_anchor_not_calibration,5,balanced_clean,5,geometric_median_rooted,0.35626873669708725,0.10438261850762999,,632,635,0.06717084713154477,0.27317212654586226,0.475,0.9375,1,0.0
robust_center_rooted_tree_smoke/v1,diagnostic_robust_center_rooted_tree_not_calibration,diagnostic_robust_center_root_anchor_not_calibration,5,balanced_clean,5,tukey_depth_rooted,0.35626873669708725,0.10438261850762999,0.415625,632,635,0.06717084713154477,0.27317212654586226,0.475,0.9375,1,0.0
robust_center_rooted_tree_smoke/v1,diagnostic_robust_center_rooted_tree_not_calibration,diagnostic_robust_center_root_anchor_not_calibration,5,balanced_clean,6,centroid_rooted,0.21095754913941545,0.07227852236065907,,635,636,0.016533887382891688,0.19979128373171762,0.49375,0.975,0,0.0
robust_center_rooted_tree_smoke/v1,diagnostic_robust_center_rooted_tree_not_calibration,diagnostic_robust_center_root_anchor_not_calibration,5,balanced_clean,6,geometric_median_rooted,0.26372969551771325,0.08754837043422128,,635,636,0.055707369345918925,0.19979128373171762,0.49375,0.975,0,0.0
robust_center_rooted_tree_smoke/v1,diagnostic_robust_center_rooted_tree_not_calibration,diagnostic_robust_center_root_anchor_not_calibration,5,balanced_clean,6,tukey_depth_rooted,0.27581183443451573,0.07635235576207403,0.40625,635,636,0.13840709657515993,0.19979128373171762,0.49375,0.975,0,0.0
robust_center_rooted_tree_smoke/v1,diagnostic_robust_center_rooted_tree_not_calibration,diagnostic_robust_center_root_anchor_not_calibration,5,balanced_clean,7,centroid_rooted,0.25393651922306665,0.05783827430137521,,635,638,9.859350893676448e-17,0.25393651922306665,0.465625,0.934375,1,0.0
robust_center_rooted_tree_smoke/v1,diagnostic_robust_center_rooted_tree_not_calibration,diagnostic_robust_center_root_anchor_not_calibration,5,balanced_clean,7,geometric_median_rooted,0.34132696221515973,0.07812088521688369,,635,638,0.07002158382325219,0.25393651922306665,0.465625,0.934375,1,0.0
robust_center_rooted_tree_smoke/v1,diagnostic_robust_center_rooted_tree_not_calibration,diagnostic_robust_center_root_anchor_not_calibration,5,balanced_clean,7,tukey_depth_rooted,0.33340909097595783,0.07928278428078088,0.421875,635,638,0.09888451357043239,0.25393651922306665,0.465625,0.934375,1,0.0
robust_center_rooted_tree_smoke/v1,diagnostic_robust_center_rooted_tree_not_calibration,diagnostic_robust_center_root_anchor_not_calibration,5,balanced_clean,8,centroid_rooted,0.5542453539439316,0.17757207625303523,,635,637,0.02753930339012911,0.09358889216599119,0.2625,0.9875,0,0.0
robust_center_rooted_tree_smoke/v1,diagnostic_robust_center_rooted_tree_not_calibration,diagnostic_robust_center_root_anchor_not_calibration,5,balanced_clean,8,geometric_median_rooted,0.8211896621587482,0.2568792878455897,,636,637,0.07851841557192181,0.5541622765744421,0.26875,0.98125,0,0.0
robust_center_rooted_tree_smoke/v1,diagnostic_robust_center_rooted_tree_not_calibration,diagnostic_robust_center_root_anchor_not_calibration,5,balanced_clean,8,tukey_depth_rooted,0.8211896621587482,0.2568792878455897,0.40625,636,637,0.07851841557192181,0.5541622765744421,0.26875,0.98125,0,0.0
robust_center_rooted_tree_smoke/v1,diagnostic_robust_center_rooted_tree_not_calibration,diagnostic_robust_center_root_anchor_not_calibration,5,balanced_clean,9,centroid_rooted,0.4499440826173105,0.12246031433878048,,636,638,9.437916079723832e-17,0.3511230000858824,0.471875,0.946875,1,0.0
robust_center_rooted_tree_smoke/v1,diagnostic_robust_center_rooted_tree_not_calibration,diagnostic_robust_center_root_anchor_not_calibration,5,balanced_clean,9,geometric_median_rooted,0.5714414152661356,0.16265899448377563,,637,638,0.08456320343221131,0.44994408261731056,0.471875,0.946875,1,0.0
robust_center_rooted_tree_smoke/v1,diagnostic_robust_center_rooted_tree_not_calibration,diagnostic_robust_center_root_anchor_not_calibration,5,balanced_clean,9,tukey_depth_rooted,0.5714414152661356,0.16265899448377563,0.415625,637,638,0.08456320343221131,0.44994408261731056,0.471875,0.946875,1,0.0
robust_center_rooted_tree_smoke/v1,diagnostic_robust_center_rooted_tree_not_calibration,diagnostic_robust_center_root_anchor_not_calibration,5,balanced_clean,10,centroid_rooted,0.2400425460874185,0.04274020194162309,,635,637,0.01612394607503469,0.24657466860519198,0.478125,0.959375,0,0.0
robust_center_rooted_tree_smoke/v1,diagnostic_robust_center_rooted_tree_not_calibration,diagnostic_robust_center_root_anchor_not_calibration,5,balanced_clean,10,geometric_median_rooted,0.2673929950178525,0.04980779966249936,,635,637,0.030614715186351026,0.24657466860519198,0.478125,0.959375,0,0.0
robust_center_rooted_tree_smoke/v1,diagnostic_robust_center_rooted_tree_not_calibration,diagnostic_robust_center_root_anchor_not_calibration,5,balanced_clean,10,tukey_depth_rooted,0.4361222198789552,0.07970357776913212,0.4,635,637,0.199114459933215,0.24657466860519198,0.478125,0.959375,0,0.0
robust_center_rooted_tree_smoke/v1,diagnostic_robust_center_rooted_tree_not_calibration,diagnostic_robust_center_root_anchor_not_calibration,5,balanced_clean,11,centroid_rooted,0.2529441614468578,0.038271902130895284,,636,638,9.517689628308303e-17,0.21110260229723762,0.490625,0.946875,0,0.0
robust_center_rooted_tree_smoke/v1,diagnostic_robust_center_rooted_tree_not_calibration,diagnostic_robust_center_root_anchor_not_calibration,5,balanced_clean,11,geometric_median_rooted,0.27104329888333195,0.042471188927797394,,637,638,0.03926379005416098,0.25294416144685783,0.490625,0.946875,0,0.0
robust_center_rooted_tree_smoke/v1,diagnostic_robust_center_rooted_tree_not_calibration,diagnostic_robust_center_root_anchor_not_calibration,5,balanced_clean,11,tukey_depth_rooted,0.2529441614468578,0.038271902130895284,0.4125,636,638,9.517689628308303e-17,0.21110260229723762,0.490625,0.946875,0,0.0
robust_center_rooted_tree_smoke/v1,diagnostic_robust_center_rooted_tree_not_calibration,diagnostic_robust_center_root_anchor_not_calibration,5,balanced_clean,12,centroid_rooted,0.48420325866705755,0.16900282115485066,,637,638,2.7755575615628914e-17,0.48420325866705755,0.259375,0.978125,0,0.0
robust_center_rooted_tree_smoke/v1,diagnostic_robust_center_rooted_tree_not_calibration,diagnostic_robust_center_root_anchor_not_calibration,5,balanced_clean,12,geometric_median_rooted,0.6231190862658866,0.21379579132637555,,637,638,0.08447517672650033,0.48420325866705755,0.259375,0.978125,0,0.0
robust_center_rooted_tree_smoke/v1,diagnostic_robust_center_rooted_tree_not_calibration,diagnostic_robust_center_root_anchor_not_calibration,5,balanced_clean,12,tukey_depth_rooted,0.6231190862658866,0.21379579132637555,0.409375,637,638,0.08447517672650033,0.48420325866705755,0.259375,0.978125,0,0.0
robust_center_rooted_tree_smoke/v1,diagnostic_robust_center_rooted_tree_not_calibration,diagnostic_robust_center_root_anchor_not_calibration,5,balanced_clean,13,centroid_rooted,0.10605593110119546,0.03541534280921184,,635,637,0.013729593617620543,0.10402416676319129,0.475,0.94375,1,0.0
robust_center_rooted_tree_smoke/v1,diagnostic_robust_center_rooted_tree_not_calibration,diagnostic_robust_center_root_anchor_not_calibration,5,balanced_clean,13,geometric_median_rooted,0.15784820776596253,0.055260160710633166,,635,637,0.026981376700534538,0.10402416676319129,0.475,0.94375,1,0.0
robust_center_rooted_tree_smoke/v1,diagnostic_robust_center_rooted_tree_not_calibration,diagnostic_robust_center_root_anchor_not_calibration,5,balanced_clean,13,tukey_depth_rooted,0.15784820776596253,0.055260160710633166,0.396875,635,637,0.026981376700534538,0.10402416676319129,0.475,0.94375,1,0.0
robust_center_rooted_tree_smoke/v1,diagnostic_robust_center_rooted_tree_not_calibration,diagnostic_robust_center_root_anchor_not_calibration,5,balanced_clean,14,centroid_rooted,0.21327466934411907,0.07448426843413353,,631,637,0.016242828516816805,0.21766287650935404,0.459375,0.934375,1,0.0
robust_center_rooted_tree_smoke/v1,diagnostic_robust_center_rooted_tree_not_calibration,diagnostic_robust_center_root_anchor_not_calibration,5,balanced_clean,14,geometric_median_rooted,0.2983450938379324,0.100775247622408,,631,637,0.061144420007962254,0.21766287650935404,0.459375,0.934375,1,0.0
robust_center_rooted_tree_smoke/v1,diagnostic_robust_center_rooted_tree_not_calibration,diagnostic_robust_center_root_anchor_not_calibration,5,balanced_clean,14,tukey_depth_rooted,0.2983450938379324,0.100775247622408,0.41875,631,637,0.061144420007962254,0.21766287650935404,0.459375,0.934375,1,0.0
robust_center_rooted_tree_smoke/v1,diagnostic_robust_center_rooted_tree_not_calibration,diagnostic_robust_center_root_anchor_not_calibration,5,balanced_clean,15,centroid_rooted,0.14662469936305192,0.0175762777908415,,635,638,4.7697009830883764e-17,0.08567769724839351,0.478125,0.946875,1,0.0
robust_center_rooted_tree_smoke/v1,diagnostic_robust_center_rooted_tree_not_calibration,diagnostic_robust_center_root_anchor_not_calibration,5,balanced_clean,15,geometric_median_rooted,0.1551953241988276,0.022414415030426748,,637,638,0.040314899192332256,0.1466246993630519,0.478125,0.946875,1,0.0
robust_center_rooted_tree_smoke/v1,diagnostic_robust_center_rooted_tree_not_calibration,diagnostic_robust_center_root_anchor_not_calibration,5,balanced_clean,15,tukey_depth_rooted,0.14662469936305192,0.0175762777908415,0.39375,635,638,4.7697009830883764e-17,0.08567769724839351,0.478125,0.946875,1,0.0
robust_center_rooted_tree_smoke/v1,diagnostic_robust_center_rooted_tree_not_calibration,diagnostic_robust_center_root_anchor_not_calibration,5,balanced_clean,16,centroid_rooted,0.2906650557628839,0.09009559086055269,,637,638,3.029564307160424e-17,0.15560308856412194,0.4875,0.96875,0,0.0
robust_center_rooted_tree_smoke/v1,diagnostic_robust_center_rooted_tree_not_calibration,diagnostic_robust_center_root_anchor_not_calibration,5,balanced_clean,16,geometric_median_rooted,0.3969251873596856,0.12255046411785361,,636,638,0.07455257064489842,0.2906650557628839,0.4875,0.96875,0,0.0
robust_center_rooted_tree_smoke/v1,diagnostic_robust_center_rooted_tree_not_calibration,diagnostic_robust_center_root_anchor_not_calibration,5,balanced_clean,16,tukey_depth_rooted,0.3969251873596856,0.12255046411785361,0.425,636,638,0.07455257064489842,0.2906650557628839,0.4875,0.96875,0,0.0
robust_center_rooted_tree_smoke/v1,diagnostic_robust_center_rooted_tree_not_calibration,diagnostic_robust_center_root_anchor_not_calibration,5,balanced_clean,17,centroid_rooted,0.17844436848943393,0.060371289503574004,,637,638,3.179800655392251e-17,0.1784443684894339,0.246875,0.934375,1,0.0
robust_center_rooted_tree_smoke/v1,diagnostic_robust_center_rooted_tree_not_calibration,diagnostic_robust_center_root_anchor_not_calibration,5,balanced_clean,17,geometric_median_rooted,0.3018999837291476,0.0876069669366347,,637,638,0.0753678342510179,0.1784443684894339,0.246875,0.934375,1,0.0
robust_center_rooted_tree_smoke/v1,diagnostic_robust_center_rooted_tree_not_calibration,diagnostic_robust_center_root_anchor_not_calibration,5,balanced_clean,17,tukey_depth_rooted,0.3018999837291476,0.0876069669366347,0.403125,637,638,0.0753678342510179,0.1784443684894339,0.246875,0.934375,1,0.0
robust_center_rooted_tree_smoke/v1,diagnostic_robust_center_rooted_tree_not_calibration,diagnostic_robust_center_root_anchor_not_calibration,5,balanced_clean,18,centroid_rooted,0.43940691461699827,0.058141471078314896,,635,638,1.0895665444489586e-16,0.28528081144335343,0.475,0.94375,1,0.0
robust_center_rooted_tree_smoke/v1,diagnostic_robust_center_rooted_tree_not_calibration,diagnostic_robust_center_root_anchor_not_calibration,5,balanced_clean,18,geometric_median_rooted,0.5338753084152977,0.0878332290174554,,637,638,0.0302416289443527,0.4394069146169984,0.475,0.94375,1,0.0
robust_center_rooted_tree_smoke/v1,diagnostic_robust_center_rooted_tree_not_calibration,diagnostic_robust_center_root_anchor_not_calibration,5,balanced_clean,18,tukey_depth_rooted,0.49358272600192316,0.07084615283175809,0.40625,637,638,0.09189877498425261,0.4394069146169984,0.475,0.94375,1,0.0
robust_center_rooted_tree_smoke/v1,diagnostic_robust_center_rooted_tree_not_calibration,diagnostic_robust_center_root_anchor_not_calibration,5,balanced_clean,19,centroid_rooted,0.21539613829601634,0.047460615542533134,,637,638,6.128265163612872e-17,0.18559907762740863,0.4875,0.95625,1,0.0
robust_center_rooted_tree_smoke/v1,diagnostic_robust_center_rooted_tree_not_calibration,diagnostic_robust_center_root_anchor_not_calibration,5,balanced_clean,19,geometric_median_rooted,0.2421904973949893,0.04987243793873546,,636,638,0.06303887348458916,0.2153961382960164,0.4875,0.95625,1,0.0
robust_center_rooted_tree_smoke/v1,diagnostic_robust_center_rooted_tree_not_calibration,diagnostic_robust_center_root_anchor_not_calibration,5,balanced_clean,19,tukey_depth_rooted,0.21539613829601634,0.047460615542533134,0.4,637,638,6.128265163612872e-17,0.18559907762740863,0.4875,0.95625,1,0.0
robust_center_rooted_tree_smoke/v1,diagnostic_robust_center_rooted_tree_not_calibration,diagnostic_robust_center_root_anchor_not_calibration,5,balanced_clean,20,centroid_rooted,0.33164100942602065,0.12502584665405064,,633,638,6.359601310784502e-17,0.3316410094260206,0.496875,0.953125,0,0.0
robust_center_rooted_tree_smoke/v1,diagnostic_robust_center_rooted_tree_not_calibration,diagnostic_robust_center_root_anchor_not_calibration,5,balanced_clean,20,geometric_median_rooted,0.44694102348296316,0.1615502657779852,,633,638,0.06515864181156628,0.3316410094260206,0.496875,0.953125,0,0.0
robust_center_rooted_tree_smoke/v1,diagnostic_robust_center_rooted_tree_not_calibration,diagnostic_robust_center_root_anchor_not_calibration,5,balanced_clean,20,tukey_depth_rooted,0.44694102348296316,0.1615502657779852,0.421875,633,638,0.06515864181156628,0.3316410094260206,0.496875,0.953125,0,0.0
robust_center_rooted_tree_smoke/v1,diagnostic_robust_center_rooted_tree_not_calibration,diagnostic_robust_center_root_anchor_not_calibration,5,balanced_clean,21,centroid_rooted,0.36748984720371136,0.12009283180041534,,636,638,3.1031676915590914e-17,0.14757003240605351,0.49375,0.96875,0,0.0
robust_center_rooted_tree_smoke/v1,diagnostic_robust_center_rooted_tree_not_calibration,diagnostic_robust_center_root_anchor_not_calibration,5,balanced_clean,21,geometric_median_rooted,0.5227281336811928,0.16492765519635383,,637,638,0.08095599392144352,0.36748984720371136,0.49375,0.96875,0,0.0
robust_center_rooted_tree_smoke/v1,diagnostic_robust_center_rooted_tree_not_calibration,diagnostic_robust_center_root_anchor_not_calibration,5,balanced_clean,21,tukey_depth_rooted,0.5227281336811928,0.16492765519635383,0.40625,637,638,0.08095599392144352,0.36748984720371136,0.49375,0.96875,0,0.0
robust_center_rooted_tree_smoke/v1,diagnostic_robust_center_rooted_tree_not_calibration,diagnostic_robust_center_root_anchor_not_calibration,5,balanced_clean,22,centroid_rooted,0.27984809160401114,0.049841089384976854,,636,638,9.205483015737869e-17,0.26394021404335766,0.471875,0.965625,0,0.0
robust_center_rooted_tree_smoke/v1,diagnostic_robust_center_rooted_tree_not_calibration,diagnostic_robust_center_root_anchor_not_calibration,5,balanced_clean,22,geometric_median_rooted,0.30122146498287045,0.06138170684249225,,636,638,0.036939526465127354,0.26394021404335766,0.471875,0.965625,0,0.0
robust_center_rooted_tree_smoke/v1,diagnostic_robust_center_rooted_tree_not_calibration,diagnostic_robust_center_root_anchor_not_calibration,5,balanced_clean,22,tukey_depth_rooted,0.2931734039242804,0.0699924956750006,0.39375,636,638,0.1555154943969304,0.26394021404335766,0.471875,0.965625,0,0.0
robust_center_rooted_tree_smoke/v1,diagnostic_robust_center_rooted_tree_not_calibration,diagnostic_robust_center_root_anchor_not_calibration,5,balanced_clean,23,centroid_rooted,0.22699316591598914,0.03861383455461608,,637,638,9.283607327506308e-17,0.21907595832607543,0.490625,0.971875,0,0.0
robust_center_rooted_tree_smoke/v1,diagnostic_robust_center_rooted_tree_not_calibration,diagnostic_robust_center_root_anchor_not_calibration,5,balanced_clean,23,geometric_median_rooted,0.2778944632423248,0.04865367618424829,,635,638,0.0500279423237997,0.2269931659159892,0.490625,0.971875,0,0.0
robust_center_rooted_tree_smoke/v1,diagnostic_robust_center_rooted_tree_not_calibration,diagnostic_robust_center_root_anchor_not_calibration,5,balanced_clean,23,tukey_depth_rooted,0.2778944632423248,0.04865367618424829,0.4,635,638,0.0500279423237997,0.2269931659159892,0.490625,0.971875,0,0.0
robust_center_rooted_tree_smoke/v1,diagnostic_robust_center_rooted_tree_not_calibration,diagnostic_robust_center_root_anchor_not_calibration,5,balanced_clean,24,centroid_rooted,0.5582161001331722,0.1296728078234457,,636,637,0.029310036144495417,0.5391575580803863,0.29375,0.9375,1,0.0
robust_center_rooted_tree_smoke/v1,diagnostic_robust_center_rooted_tree_not_calibration,diagnostic_robust_center_root_anchor_not_calibration,5,balanced_clean,24,geometric_median_rooted,0.6688021992879025,0.16191712038571127,,636,637,0.13712663548806156,0.5391575580803863,0.29375,0.9375,1,0.0
robust_center_rooted_tree_smoke/v1,diagnostic_robust_center_rooted_tree_not_calibration,diagnostic_robust_center_root_anchor_not_calibration,5,balanced_clean,24,tukey_depth_rooted,0.8035232193524774,0.185221167820788,0.4,636,637,0.2859268267375377,0.5391575580803863,0.29375,0.9375,1,0.0
robust_center_rooted_tree_smoke/v1,diagnostic_robust_center_rooted_tree_not_calibration,diagnostic_robust_center_root_anchor_not_calibration,5,balanced_clean,25,centroid_rooted,0.1282524681058927,0.059118542698120634,,636,637,0.0121955612506605,0.12201582908985568,0.478125,0.953125,0,0.0
robust_center_rooted_tree_smoke/v1,diagnostic_robust_center_rooted_tree_not_calibration,diagnostic_robust_center_root_anchor_not_calibration,5,balanced_clean,25,geometric_median_rooted,0.18277128654450908,0.0761378082983962,,635,637,0.0616724510908264,0.12522907211297474,0.475,0.95625,0,0.0
robust_center_rooted_tree_smoke/v1,diagnostic_robust_center_rooted_tree_not_calibration,diagnostic_robust_center_root_anchor_not_calibration,5,balanced_clean,25,tukey_depth_rooted,0.18277128654450908,0.0761378082983962,0.4,635,637,0.0616724510908264,0.12522907211297474,0.475,0.95625,0,0.0
robust_center_rooted_tree_smoke/v1,diagnostic_robust_center_rooted_tree_not_calibration,diagnostic_robust_center_root_anchor_not_calibration,5,balanced_clean,26,centroid_rooted,0.2586620819579048,0.09386204001081676,,635,637,0.01475866227731392,0.251035610483077,0.4875,0.9625,1,0.0
robust_center_rooted_tree_smoke/v1,diagnostic_robust_center_rooted_tree_not_calibration,diagnostic_robust_center_root_anchor_not_calibration,5,balanced_clean,26,geometric_median_rooted,0.318604886236856,0.10837699911356283,,635,637,0.06406303038827209,0.251035610483077,0.4875,0.9625,1,0.0
robust_center_rooted_tree_smoke/v1,diagnostic_robust_center_rooted_tree_not_calibration,diagnostic_robust_center_root_anchor_not_calibration,5,balanced_clean,26,tukey_depth_rooted,0.3195224501564428,0.11430877982041374,0.403125,635,637,0.12522745576120053,0.251035610483077,0.4875,0.9625,1,0.0
robust_center_rooted_tree_smoke/v1,diagnostic_robust_center_rooted_tree_not_calibration,diagnostic_robust_center_root_anchor_not_calibration,5,balanced_clean,27,centroid_rooted,0.26220841497047254,0.048238719613571776,,635,638,7.28583859910259e-17,0.22881261110148532,0.46875,0.94375,1,0.0
robust_center_rooted_tree_smoke/v1,diagnostic_robust_center_rooted_tree_not_calibration,diagnostic_robust_center_root_anchor_not_calibration,5,balanced_clean,27,geometric_median_rooted,0.2947958861925578,0.053362083036874355,,637,638,0.035683643774202876,0.2622084149704725,0.46875,0.94375,1,0.0
robust_center_rooted_tree_smoke/v1,diagnostic_robust_center_rooted_tree_not_calibration,diagnostic_robust_center_root_anchor_not_calibration,5,balanced_clean,27,tukey_depth_rooted,0.26220841497047254,0.048238719613571776,0.43125,635,638,7.28583859910259e-17,0.22881261110148532,0.46875,0.94375,1,0.0
robust_center_rooted_tree_smoke/v1,diagnostic_robust_center_rooted_tree_not_calibration,diagnostic_robust_center_root_anchor_not_calibration,5,balanced_clean,28,centroid_rooted,0.14664675630649027,0.03642024790848236,,634,635,0.016377945633234907,0.11711036196689027,0.490625,0.953125,0,0.0
robust_center_rooted_tree_smoke/v1,diagnostic_robust_center_rooted_tree_not_calibration,diagnostic_robust_center_root_anchor_not_calibration,5,balanced_clean,28,geometric_median_rooted,0.18294764636515795,0.044392664007158536,,633,635,0.020006845421051012,0.15846797398673035,0.48125,0.95625,0,0.0
robust_center_rooted_tree_smoke/v1,diagnostic_robust_center_rooted_tree_not_calibration,diagnostic_robust_center_root_anchor_not_calibration,5,balanced_clean,28,tukey_depth_rooted,0.2535128832583202,0.04051990974102205,0.396875,633,635,0.18294355082272848,0.15846797398673035,0.48125,0.95625,0,0.0
robust_center_rooted_tree_smoke/v1,diagnostic_robust_center_rooted_tree_not_calibration,diagnostic_robust_center_root_anchor_not_calibration,5,balanced_clean,29,centroid_rooted,0.522909811222086,0.101308939880953,,637,638,6.42700562393988e-17,0.522909811222086,0.253125,0.971875,0,0.0
robust_center_rooted_tree_smoke/v1,diagnostic_robust_center_rooted_tree_not_calibration,diagnostic_robust_center_root_anchor_not_calibration,5,balanced_clean,29,geometric_median_rooted,0.6230802396471595,0.1262066301406513,,637,638,0.06344150931434016,0.522909811222086,0.253125,0.971875,0,0.0
robust_center_rooted_tree_smoke/v1,diagnostic_robust_center_rooted_tree_not_calibration,diagnostic_robust_center_root_anchor_not_calibration,5,balanced_clean,29,tukey_depth_rooted,0.522909811222086,0.101308939880953,0.4125,637,638,6.42700562393988e-17,0.522909811222086,0.253125,0.971875,0,0.0
robust_center_rooted_tree_smoke/v1,diagnostic_robust_center_rooted_tree_not_calibration,diagnostic_robust_center_root_anchor_not_calibration,5,balanced_10pct_outliers,0,centroid_rooted,1.25481812366198,0.23135990801778394,,701,702,1.734723475976807e-18,0.2088980669966556,0.09090909090909091,1.0,0,1.0
robust_center_rooted_tree_smoke/v1,diagnostic_robust_center_rooted_tree_not_calibration,diagnostic_robust_center_root_anchor_not_calibration,5,balanced_10pct_outliers,0,geometric_median_rooted,0.5664428428838508,0.13712105622702705,,701,702,0.05788570100197459,0.2088980669966556,0.09090909090909091,1.0,0,1.0
robust_center_rooted_tree_smoke/v1,diagnostic_robust_center_rooted_tree_not_calibration,diagnostic_robust_center_root_anchor_not_calibration,5,balanced_10pct_outliers,0,tukey_depth_rooted,0.5664428428838508,0.13712105622702705,0.4289772727272727,701,702,0.05788570100197459,0.2088980669966556,0.09090909090909091,1.0,0,1.0
robust_center_rooted_tree_smoke/v1,diagnostic_robust_center_rooted_tree_not_calibration,diagnostic_robust_center_root_anchor_not_calibration,5,balanced_10pct_outliers,1,centroid_rooted,1.0450559905479078,0.12122101373181675,,701,702,3.469446951953614e-18,0.3642000944103158,0.09090909090909091,1.0,0,1.0
robust_center_rooted_tree_smoke/v1,diagnostic_robust_center_rooted_tree_not_calibration,diagnostic_robust_center_root_anchor_not_calibration,5,balanced_10pct_outliers,1,geometric_median_rooted,0.4829211927733775,0.07386712061495461,,701,702,0.06416151845313527,0.3642000944103158,0.09090909090909091,1.0,0,1.0
robust_center_rooted_tree_smoke/v1,diagnostic_robust_center_rooted_tree_not_calibration,diagnostic_robust_center_root_anchor_not_calibration,5,balanced_10pct_outliers,1,tukey_depth_rooted,0.4829211927733775,0.07386712061495461,0.38636363636363635,701,702,0.06416151845313527,0.3642000944103158,0.09090909090909091,1.0,0,1.0
robust_center_rooted_tree_smoke/v1,diagnostic_robust_center_rooted_tree_not_calibration,diagnostic_robust_center_root_anchor_not_calibration,5,balanced_10pct_outliers,2,centroid_rooted,1.218619454091206,0.2527515675382574,,701,702,0.0,0.21022857698025704,0.09090909090909091,1.0,0,1.0
robust_center_rooted_tree_smoke/v1,diagnostic_robust_center_rooted_tree_not_calibration,diagnostic_robust_center_root_anchor_not_calibration,5,balanced_10pct_outliers,2,geometric_median_rooted,0.6008277336692025,0.1490124056259816,,701,702,0.07058640398844307,0.21022857698025704,0.09090909090909091,1.0,0,1.0
robust_center_rooted_tree_smoke/v1,diagnostic_robust_center_rooted_tree_not_calibration,diagnostic_robust_center_root_anchor_not_calibration,5,balanced_10pct_outliers,2,tukey_depth_rooted,0.6008277336692025,0.1490124056259816,0.4005681818181818,701,702,0.07058640398844307,0.21022857698025704,0.09090909090909091,1.0,0,1.0
robust_center_rooted_tree_smoke/v1,diagnostic_robust_center_rooted_tree_not_calibration,diagnostic_robust_center_root_anchor_not_calibration,5,balanced_10pct_outliers,3,centroid_rooted,0.9535513406451741,0.11023425572535521,,701,702,1.2412670766236366e-16,0.17465130404359952,0.09090909090909091,1.0,0,1.0
robust_center_rooted_tree_smoke/v1,diagnostic_robust_center_rooted_tree_not_calibration,diagnostic_robust_center_root_anchor_not_calibration,5,balanced_10pct_outliers,3,geometric_median_rooted,0.23625522433946153,0.028777576022724776,,701,702,0.028444704920840447,0.17465130404359952,0.09090909090909091,1.0,0,1.0
robust_center_rooted_tree_smoke/v1,diagnostic_robust_center_rooted_tree_not_calibration,diagnostic_robust_center_root_anchor_not_calibration,5,balanced_10pct_outliers,3,tukey_depth_rooted,0.23625522433946153,0.028777576022724776,0.40625,701,702,0.028444704920840447,0.17465130404359952,0.09090909090909091,1.0,0,1.0
robust_center_rooted_tree_smoke/v1,diagnostic_robust_center_rooted_tree_not_calibration,diagnostic_robust_center_root_anchor_not_calibration,5,balanced_10pct_outliers,4,centroid_rooted,1.186105399801403,0.1704969297105642,,701,702,2.7755575615628914e-17,0.2722024022101292,0.09090909090909091,1.0,0,1.0
robust_center_rooted_tree_smoke/v1,diagnostic_robust_center_rooted_tree_not_calibration,diagnostic_robust_center_root_anchor_not_calibration,5,balanced_10pct_outliers,4,geometric_median_rooted,0.5524718062782014,0.12952694735831458,,701,702,0.12418358008521019,0.2722024022101292,0.09090909090909091,1.0,0,1.0
robust_center_rooted_tree_smoke/v1,diagnostic_robust_center_rooted_tree_not_calibration,diagnostic_robust_center_root_anchor_not_calibration,5,balanced_10pct_outliers,4,tukey_depth_rooted,0.5327788804126934,0.10457226924323039,0.3835227272727273,701,702,0.1814623751286568,0.2722024022101292,0.09090909090909091,1.0,0,1.0
robust_center_rooted_tree_smoke/v1,diagnostic_robust_center_rooted_tree_not_calibration,diagnostic_robust_center_root_anchor_not_calibration,5,balanced_10pct_outliers,5,centroid_rooted,1.1949544155491179,0.16195296182153024,,701,702,1.3877787807814457e-17,0.32651080925975473,0.09090909090909091,1.0,0,1.0
robust_center_rooted_tree_smoke/v1,diagnostic_robust_center_rooted_tree_not_calibration,diagnostic_robust_center_root_anchor_not_calibration,5,balanced_10pct_outliers,5,geometric_median_rooted,0.6577131173742192,0.15764209893094147,,701,702,0.16725927820032271,0.32651080925975473,0.09090909090909091,1.0,0,1.0
robust_center_rooted_tree_smoke/v1,diagnostic_robust_center_rooted_tree_not_calibration,diagnostic_robust_center_root_anchor_not_calibration,5,balanced_10pct_outliers,5,tukey_depth_rooted,0.6577131173742192,0.15764209893094147,0.39488636363636365,701,702,0.16725927820032271,0.32651080925975473,0.09090909090909091,1.0,0,1.0
robust_center_rooted_tree_smoke/v1,diagnostic_robust_center_rooted_tree_not_calibration,diagnostic_robust_center_root_anchor_not_calibration,5,balanced_10pct_outliers,6,centroid_rooted,1.0963689154711809,0.14967613081017486,,701,702,0.0,0.14874430310963796,0.09090909090909091,1.0,0,1.0
robust_center_rooted_tree_smoke/v1,diagnostic_robust_center_rooted_tree_not_calibration,diagnostic_robust_center_root_anchor_not_calibration,5,balanced_10pct_outliers,6,geometric_median_rooted,0.43353148095155414,0.1042771328311642,,701,702,0.09687309892151602,0.14874430310963796,0.09090909090909091,1.0,0,1.0
robust_center_rooted_tree_smoke/v1,diagnostic_robust_center_rooted_tree_not_calibration,diagnostic_robust_center_root_anchor_not_calibration,5,balanced_10pct_outliers,6,tukey_depth_rooted,0.43353148095155414,0.1042771328311642,0.41761363636363635,701,702,0.09687309892151602,0.14874430310963796,0.09090909090909091,1.0,0,1.0
robust_center_rooted_tree_smoke/v1,diagnostic_robust_center_rooted_tree_not_calibration,diagnostic_robust_center_root_anchor_not_calibration,5,balanced_10pct_outliers,7,centroid_rooted,0.9230872440198734,0.16674583201713336,,701,702,5.551115123125783e-17,0.13915367646723617,0.09090909090909091,1.0,0,1.0
robust_center_rooted_tree_smoke/v1,diagnostic_robust_center_rooted_tree_not_calibration,diagnostic_robust_center_root_anchor_not_calibration,5,balanced_10pct_outliers,7,geometric_median_rooted,0.2101067410786232,0.055860114593191554,,701,702,0.050580399122157005,0.13915367646723617,0.09090909090909091,1.0,0,1.0
robust_center_rooted_tree_smoke/v1,diagnostic_robust_center_rooted_tree_not_calibration,diagnostic_robust_center_root_anchor_not_calibration,5,balanced_10pct_outliers,7,tukey_depth_rooted,0.2101067410786232,0.055860114593191554,0.3835227272727273,701,702,0.050580399122157005,0.13915367646723617,0.09090909090909091,1.0,0,1.0
robust_center_rooted_tree_smoke/v1,diagnostic_robust_center_rooted_tree_not_calibration,diagnostic_robust_center_root_anchor_not_calibration,5,balanced_10pct_outliers,8,centroid_rooted,1.1006384961828943,0.1649226165082088,,701,702,0.0,0.3133440851354466,0.09090909090909091,1.0,0,1.0
robust_center_rooted_tree_smoke/v1,diagnostic_robust_center_rooted_tree_not_calibration,diagnostic_robust_center_root_anchor_not_calibration,5,balanced_10pct_outliers,8,geometric_median_rooted,0.5157503717644708,0.09015933446228386,,701,702,0.07683275954850272,0.3133440851354466,0.09090909090909091,1.0,0,1.0
robust_center_rooted_tree_smoke/v1,diagnostic_robust_center_rooted_tree_not_calibration,diagnostic_robust_center_root_anchor_not_calibration,5,balanced_10pct_outliers,8,tukey_depth_rooted,0.5157503717644708,0.09015933446228386,0.3806818181818182,701,702,0.07683275954850272,0.3133440851354466,0.09090909090909091,1.0,0,1.0
robust_center_rooted_tree_smoke/v1,diagnostic_robust_center_rooted_tree_not_calibration,diagnostic_robust_center_root_anchor_not_calibration,5,balanced_10pct_outliers,9,centroid_rooted,1.230762675545562,0.07494149987445695,,701,702,5.551115123125783e-17,0.17097855125553044,0.09090909090909091,1.0,0,1.0
robust_center_rooted_tree_smoke/v1,diagnostic_robust_center_rooted_tree_not_calibration,diagnostic_robust_center_root_anchor_not_calibration,5,balanced_10pct_outliers,9,geometric_median_rooted,0.45139200181240824,0.05276926340971248,,701,702,0.03513619133276225,0.17097855125553044,0.09090909090909091,1.0,0,1.0
robust_center_rooted_tree_smoke/v1,diagnostic_robust_center_rooted_tree_not_calibration,diagnostic_robust_center_root_anchor_not_calibration,5,balanced_10pct_outliers,9,tukey_depth_rooted,0.45139200181240824,0.05276926340971248,0.4119318181818182,701,702,0.03513619133276225,0.17097855125553044,0.09090909090909091,1.0,0,1.0
robust_center_rooted_tree_smoke/v1,diagnostic_robust_center_rooted_tree_not_calibration,diagnostic_robust_center_root_anchor_not_calibration,5,balanced_10pct_outliers,10,centroid_rooted,1.23995832665502,0.1771138552571965,,701,702,0.0,0.317638244912177,0.09090909090909091,1.0,0,1.0
robust_center_rooted_tree_smoke/v1,diagnostic_robust_center_rooted_tree_not_calibration,diagnostic_robust_center_root_anchor_not_calibration,5,balanced_10pct_outliers,10,geometric_median_rooted,0.6970745666064954,0.15984374648286365,,701,702,0.15936809606550031,0.317638244912177,0.09090909090909091,1.0,0,1.0
robust_center_rooted_tree_smoke/v1,diagnostic_robust_center_rooted_tree_not_calibration,diagnostic_robust_center_root_anchor_not_calibration,5,balanced_10pct_outliers,10,tukey_depth_rooted,0.7659383751290082,0.17800197435413254,0.38920454545454547,701,702,0.2185828993842271,0.317638244912177,0.09090909090909091,1.0,0,1.0
robust_center_rooted_tree_smoke/v1,diagnostic_robust_center_rooted_tree_not_calibration,diagnostic_robust_center_root_anchor_not_calibration,5,balanced_10pct_outliers,11,centroid_rooted,1.3256788862865094,0.1656132772330084,,701,702,1.1210126175528405e-16,0.5622818062074973,0.09090909090909091,1.0,0,1.0
robust_center_rooted_tree_smoke/v1,diagnostic_robust_center_rooted_tree_not_calibration,diagnostic_robust_center_root_anchor_not_calibration,5,balanced_10pct_outliers,11,geometric_median_rooted,0.8082371266702479,0.18244280327924642,,701,702,0.1408692194969089,0.5622818062074973,0.09090909090909091,1.0,0,1.0
robust_center_rooted_tree_smoke/v1,diagnostic_robust_center_rooted_tree_not_calibration,diagnostic_robust_center_root_anchor_not_calibration,5,balanced_10pct_outliers,11,tukey_depth_rooted,0.8082371266702479,0.18244280327924642,0.39204545454545453,701,702,0.1408692194969089,0.5622818062074973,0.09090909090909091,1.0,0,1.0
robust_center_rooted_tree_smoke/v1,diagnostic_robust_center_rooted_tree_not_calibration,diagnostic_robust_center_root_anchor_not_calibration,5,balanced_10pct_outliers,12,centroid_rooted,1.1767169821274568,0.11432608837261811,,701,702,3.469446951953614e-18,0.30790740748206563,0.09090909090909091,1.0,0,1.0
robust_center_rooted_tree_smoke/v1,diagnostic_robust_center_rooted_tree_not_calibration,diagnostic_robust_center_root_anchor_not_calibration,5,balanced_10pct_outliers,12,geometric_median_rooted,0.553293275621696,0.12073277918159375,,701,702,0.07929930012900095,0.30790740748206563,0.09090909090909091,1.0,0,1.0
robust_center_rooted_tree_smoke/v1,diagnostic_robust_center_rooted_tree_not_calibration,diagnostic_robust_center_root_anchor_not_calibration,5,balanced_10pct_outliers,12,tukey_depth_rooted,0.553293275621696,0.12073277918159375,0.39204545454545453,701,702,0.07929930012900095,0.30790740748206563,0.09090909090909091,1.0,0,1.0
robust_center_rooted_tree_smoke/v1,diagnostic_robust_center_rooted_tree_not_calibration,diagnostic_robust_center_root_anchor_not_calibration,5,balanced_10pct_outliers,13,centroid_rooted,1.0643380428326483,0.1660133451165869,,701,702,0.0,0.3267882139328078,0.09090909090909091,1.0,0,1.0
robust_center_rooted_tree_smoke/v1,diagnostic_robust_center_rooted_tree_not_calibration,diagnostic_robust_center_root_anchor_not_calibration,5,balanced_10pct_outliers,13,geometric_median_rooted,0.5238626781520601,0.14491954894201717,,701,702,0.12415239157652101,0.3267882139328078,0.09090909090909091,1.0,0,1.0
robust_center_rooted_tree_smoke/v1,diagnostic_robust_center_rooted_tree_not_calibration,diagnostic_robust_center_root_anchor_not_calibration,5,balanced_10pct_outliers,13,tukey_depth_rooted,0.5238626781520601,0.14491954894201717,0.4005681818181818,701,702,0.12415239157652101,0.3267882139328078,0.09090909090909091,1.0,0,1.0
robust_center_rooted_tree_smoke/v1,diagnostic_robust_center_rooted_tree_not_calibration,diagnostic_robust_center_root_anchor_not_calibration,5,balanced_10pct_outliers,14,centroid_rooted,1.4123749433545378,0.2994397427605803,,701,702,0.0,0.561934016337856,0.09090909090909091,1.0,0,1.0
robust_center_rooted_tree_smoke/v1,diagnostic_robust_center_rooted_tree_not_calibration,diagnostic_robust_center_root_anchor_not_calibration,5,balanced_10pct_outliers,14,geometric_median_rooted,0.9426948866689911,0.2810744271317176,,701,702,0.186985460798169,0.561934016337856,0.09090909090909091,1.0,0,1.0
robust_center_rooted_tree_smoke/v1,diagnostic_robust_center_rooted_tree_not_calibration,diagnostic_robust_center_root_anchor_not_calibration,5,balanced_10pct_outliers,14,tukey_depth_rooted,0.9426948866689911,0.2810744271317176,0.39488636363636365,701,702,0.186985460798169,0.561934016337856,0.09090909090909091,1.0,0,1.0
robust_center_rooted_tree_smoke/v1,diagnostic_robust_center_rooted_tree_not_calibration,diagnostic_robust_center_root_anchor_not_calibration,5,balanced_10pct_outliers,15,centroid_rooted,0.9995707855894327,0.08701311671915263,,701,702,1.1188630228279524e-16,0.3222720129797093,0.09090909090909091,1.0,0,1.0
robust_center_rooted_tree_smoke/v1,diagnostic_robust_center_rooted_tree_not_calibration,diagnostic_robust_center_root_anchor_not_calibration,5,balanced_10pct_outliers,15,geometric_median_rooted,0.5053405967995727,0.1773914111155762,,701,702,0.18313388271740827,0.3222720129797093,0.09090909090909091,1.0,0,1.0
robust_center_rooted_tree_smoke/v1,diagnostic_robust_center_rooted_tree_not_calibration,diagnostic_robust_center_root_anchor_not_calibration,5,balanced_10pct_outliers,15,tukey_depth_rooted,0.6108289817379489,0.2034152391433497,0.4005681818181818,701,702,0.30419209717212686,0.3222720129797093,0.09090909090909091,1.0,0,1.0
robust_center_rooted_tree_smoke/v1,diagnostic_robust_center_rooted_tree_not_calibration,diagnostic_robust_center_root_anchor_not_calibration,5,balanced_10pct_outliers,16,centroid_rooted,1.2980494168827694,0.21485588614074203,,701,702,0.0,0.39141298139496095,0.09090909090909091,1.0,0,1.0
robust_center_rooted_tree_smoke/v1,diagnostic_robust_center_rooted_tree_not_calibration,diagnostic_robust_center_root_anchor_not_calibration,5,balanced_10pct_outliers,16,geometric_median_rooted,0.7717529471333463,0.1952280275514067,,701,702,0.1658395748381009,0.39141298139496095,0.09090909090909091,1.0,0,1.0
robust_center_rooted_tree_smoke/v1,diagnostic_robust_center_rooted_tree_not_calibration,diagnostic_robust_center_root_anchor_not_calibration,5,balanced_10pct_outliers,16,tukey_depth_rooted,0.7717529471333463,0.1952280275514067,0.4034090909090909,701,702,0.1658395748381009,0.39141298139496095,0.09090909090909091,1.0,0,1.0
robust_center_rooted_tree_smoke/v1,diagnostic_robust_center_rooted_tree_not_calibration,diagnostic_robust_center_root_anchor_not_calibration,5,balanced_10pct_outliers,17,centroid_rooted,1.0286179888324198,0.23375462043249734,,701,702,2.7755575615628914e-17,0.08443751953737826,0.09090909090909091,1.0,0,1.0
robust_center_rooted_tree_smoke/v1,diagnostic_robust_center_rooted_tree_not_calibration,diagnostic_robust_center_root_anchor_not_calibration,5,balanced_10pct_outliers,17,geometric_median_rooted,0.39262537440730383,0.10343082386767961,,701,702,0.06783601899744993,0.08443751953737826,0.09090909090909091,1.0,0,1.0
robust_center_rooted_tree_smoke/v1,diagnostic_robust_center_rooted_tree_not_calibration,diagnostic_robust_center_root_anchor_not_calibration,5,balanced_10pct_outliers,17,tukey_depth_rooted,0.39262537440730383,0.10343082386767961,0.4090909090909091,701,702,0.06783601899744993,0.08443751953737826,0.09090909090909091,1.0,0,1.0
robust_center_rooted_tree_smoke/v1,diagnostic_robust_center_rooted_tree_not_calibration,diagnostic_robust_center_root_anchor_not_calibration,5,balanced_10pct_outliers,18,centroid_rooted,1.059342229333146,0.1326063202909382,,701,702,3.469446951953614e-18,0.2719767245236142,0.09090909090909091,1.0,0,1.0
robust_center_rooted_tree_smoke/v1,diagnostic_robust_center_rooted_tree_not_calibration,diagnostic_robust_center_root_anchor_not_calibration,5,balanced_10pct_outliers,18,geometric_median_rooted,0.3851483680802716,0.0633172651056824,,701,702,0.06135700785576511,0.2719767245236142,0.09090909090909091,1.0,0,1.0
robust_center_rooted_tree_smoke/v1,diagnostic_robust_center_rooted_tree_not_calibration,diagnostic_robust_center_root_anchor_not_calibration,5,balanced_10pct_outliers,18,tukey_depth_rooted,0.3851483680802716,0.0633172651056824,0.3806818181818182,701,702,0.06135700785576511,0.2719767245236142,0.09090909090909091,1.0,0,1.0
robust_center_rooted_tree_smoke/v1,diagnostic_robust_center_rooted_tree_not_calibration,diagnostic_robust_center_root_anchor_not_calibration,5,balanced_10pct_outliers,19,centroid_rooted,0.92132433890429,0.09250934887616856,,701,702,1.3597399555105182e-16,0.3725780914177764,0.09090909090909091,1.0,0,1.0
robust_center_rooted_tree_smoke/v1,diagnostic_robust_center_rooted_tree_not_calibration,diagnostic_robust_center_root_anchor_not_calibration,5,balanced_10pct_outliers,19,geometric_median_rooted,0.4780555503784781,0.12884066087870408,,701,702,0.11065807090657752,0.3725780914177764,0.09090909090909091,1.0,0,1.0
robust_center_rooted_tree_smoke/v1,diagnostic_robust_center_rooted_tree_not_calibration,diagnostic_robust_center_root_anchor_not_calibration,5,balanced_10pct_outliers,19,tukey_depth_rooted,0.4780555503784781,0.12884066087870408,0.42045454545454547,701,702,0.11065807090657752,0.3725780914177764,0.09090909090909091,1.0,0,1.0
robust_center_rooted_tree_smoke/v1,diagnostic_robust_center_rooted_tree_not_calibration,diagnostic_robust_center_root_anchor_not_calibration,5,balanced_10pct_outliers,20,centroid_rooted,1.0686323758349958,0.1640131725405801,,701,702,0.0,0.16163072728325364,0.09090909090909091,1.0,0,1.0
robust_center_rooted_tree_smoke/v1,diagnostic_robust_center_rooted_tree_not_calibration,diagnostic_robust_center_root_anchor_not_calibration,5,balanced_10pct_outliers,20,geometric_median_rooted,0.40127177969412975,0.13037996656824702,,701,702,0.10750288563164047,0.16163072728325364,0.09090909090909091,1.0,0,1.0
robust_center_rooted_tree_smoke/v1,diagnostic_robust_center_rooted_tree_not_calibration,diagnostic_robust_center_root_anchor_not_calibration,5,balanced_10pct_outliers,20,tukey_depth_rooted,0.40127177969412975,0.13037996656824702,0.41761363636363635,701,702,0.10750288563164047,0.16163072728325364,0.09090909090909091,1.0,0,1.0
robust_center_rooted_tree_smoke/v1,diagnostic_robust_center_rooted_tree_not_calibration,diagnostic_robust_center_root_anchor_not_calibration,5,balanced_10pct_outliers,21,centroid_rooted,0.9837832057765789,0.0368211694337573,,701,702,1.2412670766236366e-16,0.20868359430414157,0.09090909090909091,1.0,0,1.0
robust_center_rooted_tree_smoke/v1,diagnostic_robust_center_rooted_tree_not_calibration,diagnostic_robust_center_root_anchor_not_calibration,5,balanced_10pct_outliers,21,geometric_median_rooted,0.3350812531344029,0.07296589124047334,,701,702,0.0633338655939141,0.20868359430414157,0.09090909090909091,1.0,0,1.0
robust_center_rooted_tree_smoke/v1,diagnostic_robust_center_rooted_tree_not_calibration,diagnostic_robust_center_root_anchor_not_calibration,5,balanced_10pct_outliers,21,tukey_depth_rooted,0.3350812531344029,0.07296589124047334,0.39488636363636365,701,702,0.0633338655939141,0.20868359430414157,0.09090909090909091,1.0,0,1.0
robust_center_rooted_tree_smoke/v1,diagnostic_robust_center_rooted_tree_not_calibration,diagnostic_robust_center_root_anchor_not_calibration,5,balanced_10pct_outliers,22,centroid_rooted,1.0852309972869332,0.16261804807473876,,701,702,0.0,0.12695168563025272,0.09090909090909091,1.0,0,1.0
robust_center_rooted_tree_smoke/v1,diagnostic_robust_center_rooted_tree_not_calibration,diagnostic_robust_center_root_anchor_not_calibration,5,balanced_10pct_outliers,22,geometric_median_rooted,0.384319228079262,0.07886969811979817,,701,702,0.06874264130226053,0.12695168563025272,0.09090909090909091,1.0,0,1.0
robust_center_rooted_tree_smoke/v1,diagnostic_robust_center_rooted_tree_not_calibration,diagnostic_robust_center_root_anchor_not_calibration,5,balanced_10pct_outliers,22,tukey_depth_rooted,0.384319228079262,0.07886969811979817,0.375,701,702,0.06874264130226053,0.12695168563025272,0.09090909090909091,1.0,0,1.0
robust_center_rooted_tree_smoke/v1,diagnostic_robust_center_rooted_tree_not_calibration,diagnostic_robust_center_root_anchor_not_calibration,5,balanced_10pct_outliers,23,centroid_rooted,1.132530882286364,0.19688539347793874,,701,702,0.0,0.24827780690230516,0.09090909090909091,1.0,0,1.0
robust_center_rooted_tree_smoke/v1,diagnostic_robust_center_rooted_tree_not_calibration,diagnostic_robust_center_root_anchor_not_calibration,5,balanced_10pct_outliers,23,geometric_median_rooted,0.5396608150911977,0.13580188730893403,,701,702,0.08881552543612689,0.24827780690230516,0.09090909090909091,1.0,0,1.0
robust_center_rooted_tree_smoke/v1,diagnostic_robust_center_rooted_tree_not_calibration,diagnostic_robust_center_root_anchor_not_calibration,5,balanced_10pct_outliers,23,tukey_depth_rooted,0.5396608150911977,0.13580188730893403,0.38920454545454547,701,702,0.08881552543612689,0.24827780690230516,0.09090909090909091,1.0,0,1.0
robust_center_rooted_tree_smoke/v1,diagnostic_robust_center_rooted_tree_not_calibration,diagnostic_robust_center_root_anchor_not_calibration,5,balanced_10pct_outliers,24,centroid_rooted,1.2658749572127577,0.21030290145127942,,701,702,2.22481667295571e-16,0.37647851140723954,0.09090909090909091,1.0,0,1.0
robust_center_rooted_tree_smoke/v1,diagnostic_robust_center_rooted_tree_not_calibration,diagnostic_robust_center_root_anchor_not_calibration,5,balanced_10pct_outliers,24,geometric_median_rooted,0.6331558587991891,0.11836382326533344,,701,702,0.08994687666747815,0.37647851140723954,0.09090909090909091,1.0,0,1.0
robust_center_rooted_tree_smoke/v1,diagnostic_robust_center_rooted_tree_not_calibration,diagnostic_robust_center_root_anchor_not_calibration,5,balanced_10pct_outliers,24,tukey_depth_rooted,0.6331558587991891,0.11836382326533344,0.3977272727272727,701,702,0.08994687666747815,0.37647851140723954,0.09090909090909091,1.0,0,1.0
robust_center_rooted_tree_smoke/v1,diagnostic_robust_center_rooted_tree_not_calibration,diagnostic_robust_center_root_anchor_not_calibration,5,balanced_10pct_outliers,25,centroid_rooted,1.1049603548727467,0.19471350170247345,,701,702,1.1102230246251565e-16,0.13997520923028722,0.09090909090909091,1.0,0,1.0
robust_center_rooted_tree_smoke/v1,diagnostic_robust_center_rooted_tree_not_calibration,diagnostic_robust_center_root_anchor_not_calibration,5,balanced_10pct_outliers,25,geometric_median_rooted,0.4379565992683767,0.11214474287235456,,701,702,0.09183297272990057,0.13997520923028722,0.09090909090909091,1.0,0,1.0
robust_center_rooted_tree_smoke/v1,diagnostic_robust_center_rooted_tree_not_calibration,diagnostic_robust_center_root_anchor_not_calibration,5,balanced_10pct_outliers,25,tukey_depth_rooted,0.4379565992683767,0.11214474287235456,0.42045454545454547,701,702,0.09183297272990057,0.13997520923028722,0.09090909090909091,1.0,0,1.0
robust_center_rooted_tree_smoke/v1,diagnostic_robust_center_rooted_tree_not_calibration,diagnostic_robust_center_root_anchor_not_calibration,5,balanced_10pct_outliers,26,centroid_rooted,0.9811420608664883,0.2551513215064234,,701,702,1.1188630228279524e-16,0.20458716118214912,0.09090909090909091,1.0,0,1.0
robust_center_rooted_tree_smoke/v1,diagnostic_robust_center_rooted_tree_not_calibration,diagnostic_robust_center_root_anchor_not_calibration,5,balanced_10pct_outliers,26,geometric_median_rooted,0.3538111212102591,0.11033881497204483,,701,702,0.0715138723853588,0.20458716118214912,0.09090909090909091,1.0,0,1.0
robust_center_rooted_tree_smoke/v1,diagnostic_robust_center_rooted_tree_not_calibration,diagnostic_robust_center_root_anchor_not_calibration,5,balanced_10pct_outliers,26,tukey_depth_rooted,0.30277120587567125,0.09041379497128407,0.42045454545454547,701,702,0.13725801563752518,0.20458716118214912,0.09090909090909091,1.0,0,1.0
robust_center_rooted_tree_smoke/v1,diagnostic_robust_center_rooted_tree_not_calibration,diagnostic_robust_center_root_anchor_not_calibration,5,balanced_10pct_outliers,27,centroid_rooted,1.0156579307944216,0.10867203843346787,,701,702,5.551115123125783e-17,0.3834286768142059,0.09090909090909091,1.0,0,1.0
robust_center_rooted_tree_smoke/v1,diagnostic_robust_center_rooted_tree_not_calibration,diagnostic_robust_center_root_anchor_not_calibration,5,balanced_10pct_outliers,27,geometric_median_rooted,0.5095335165405525,0.10151630588096763,,701,702,0.08839539342366609,0.3834286768142059,0.09090909090909091,1.0,0,1.0
robust_center_rooted_tree_smoke/v1,diagnostic_robust_center_rooted_tree_not_calibration,diagnostic_robust_center_root_anchor_not_calibration,5,balanced_10pct_outliers,27,tukey_depth_rooted,0.5095335165405525,0.10151630588096763,0.3806818181818182,701,702,0.08839539342366609,0.3834286768142059,0.09090909090909091,1.0,0,1.0
robust_center_rooted_tree_smoke/v1,diagnostic_robust_center_rooted_tree_not_calibration,diagnostic_robust_center_root_anchor_not_calibration,5,balanced_10pct_outliers,28,centroid_rooted,0.8799402322693753,0.16496637821070137,,701,702,2.7755575615628914e-17,0.2040810807187467,0.09090909090909091,1.0,0,1.0
robust_center_rooted_tree_smoke/v1,diagnostic_robust_center_rooted_tree_not_calibration,diagnostic_robust_center_root_anchor_not_calibration,5,balanced_10pct_outliers,28,geometric_median_rooted,0.24642641185454814,0.07079302029877427,,701,702,0.04151188648905356,0.2040810807187467,0.09090909090909091,1.0,0,1.0
robust_center_rooted_tree_smoke/v1,diagnostic_robust_center_rooted_tree_not_calibration,diagnostic_robust_center_root_anchor_not_calibration,5,balanced_10pct_outliers,28,tukey_depth_rooted,0.26660878089362106,0.06229608323776407,0.39488636363636365,701,702,0.18900245845799243,0.2040810807187467,0.09090909090909091,1.0,0,1.0
robust_center_rooted_tree_smoke/v1,diagnostic_robust_center_rooted_tree_not_calibration,diagnostic_robust_center_root_anchor_not_calibration,5,balanced_10pct_outliers,29,centroid_rooted,1.0971230287222922,0.11408719867035255,,701,702,0.0,0.13831178534641034,0.09090909090909091,1.0,0,1.0
robust_center_rooted_tree_smoke/v1,diagnostic_robust_center_rooted_tree_not_calibration,diagnostic_robust_center_root_anchor_not_calibration,5,balanced_10pct_outliers,29,geometric_median_rooted,0.4072327281065386,0.05520996983007623,,701,702,0.06325046410896511,0.13831178534641034,0.09090909090909091,1.0,0,1.0
robust_center_rooted_tree_smoke/v1,diagnostic_robust_center_rooted_tree_not_calibration,diagnostic_robust_center_root_anchor_not_calibration,5,balanced_10pct_outliers,29,tukey_depth_rooted,0.4072327281065386,0.05520996983007623,0.39204545454545453,701,702,0.06325046410896511,0.13831178534641034,0.09090909090909091,1.0,0,1.0
robust_center_rooted_tree_smoke/v1,diagnostic_robust_center_rooted_tree_not_calibration,diagnostic_robust_center_root_anchor_not_calibration,5,imbalanced_clean,0,centroid_rooted,0.604088547664011,0.15205762499220496,,636,637,0.11986162484212111,0.698991712217943,0.29375,0.90625,2,0.0
robust_center_rooted_tree_smoke/v1,diagnostic_robust_center_rooted_tree_not_calibration,diagnostic_robust_center_root_anchor_not_calibration,5,imbalanced_clean,0,geometric_median_rooted,0.6696470283667327,0.17271458236505094,,636,637,0.12169295053094525,0.698991712217943,0.29375,0.90625,2,0.0
robust_center_rooted_tree_smoke/v1,diagnostic_robust_center_rooted_tree_not_calibration,diagnostic_robust_center_root_anchor_not_calibration,5,imbalanced_clean,0,tukey_depth_rooted,0.6906811051570368,0.17234215787320267,0.421875,636,637,0.17972082007683032,0.698991712217943,0.29375,0.90625,2,0.0
robust_center_rooted_tree_smoke/v1,diagnostic_robust_center_rooted_tree_not_calibration,diagnostic_robust_center_root_anchor_not_calibration,5,imbalanced_clean,1,centroid_rooted,0.9846684122630761,0.20366639951787244,,637,638,0.0,0.9846684122630761,0.184375,0.984375,0,0.0
robust_center_rooted_tree_smoke/v1,diagnostic_robust_center_rooted_tree_not_calibration,diagnostic_robust_center_root_anchor_not_calibration,5,imbalanced_clean,1,geometric_median_rooted,1.1190616333255117,0.23144596328948117,,637,638,0.07668699548474067,0.9846684122630761,0.184375,0.984375,0,0.0
robust_center_rooted_tree_smoke/v1,diagnostic_robust_center_rooted_tree_not_calibration,diagnostic_robust_center_root_anchor_not_calibration,5,imbalanced_clean,1,tukey_depth_rooted,1.1190616333255117,0.23144596328948117,0.40625,637,638,0.07668699548474067,0.9846684122630761,0.184375,0.984375,0,0.0
robust_center_rooted_tree_smoke/v1,diagnostic_robust_center_rooted_tree_not_calibration,diagnostic_robust_center_root_anchor_not_calibration,5,imbalanced_clean,2,centroid_rooted,0.6060931006714966,0.13957600806455026,,637,638,1.1443916996305594e-16,0.6060931006714966,0.35,0.96875,1,0.0
robust_center_rooted_tree_smoke/v1,diagnostic_robust_center_rooted_tree_not_calibration,diagnostic_robust_center_root_anchor_not_calibration,5,imbalanced_clean,2,geometric_median_rooted,0.8064903736962915,0.19844462176783537,,637,638,0.10886092120824754,0.6060931006714966,0.35,0.96875,1,0.0
robust_center_rooted_tree_smoke/v1,diagnostic_robust_center_rooted_tree_not_calibration,diagnostic_robust_center_root_anchor_not_calibration,5,imbalanced_clean,2,tukey_depth_rooted,0.8064903736962915,0.19844462176783537,0.415625,637,638,0.10886092120824754,0.6060931006714966,0.35,0.96875,1,0.0
robust_center_rooted_tree_smoke/v1,diagnostic_robust_center_rooted_tree_not_calibration,diagnostic_robust_center_root_anchor_not_calibration,5,imbalanced_clean,3,centroid_rooted,0.7886349945060436,0.217330799591449,,637,638,5.551115123125783e-17,0.7886349945060436,0.203125,0.953125,2,0.0
robust_center_rooted_tree_smoke/v1,diagnostic_robust_center_rooted_tree_not_calibration,diagnostic_robust_center_root_anchor_not_calibration,5,imbalanced_clean,3,geometric_median_rooted,0.9463298703692453,0.2567179068500296,,637,638,0.07407360194368645,0.7886349945060436,0.203125,0.953125,2,0.0
robust_center_rooted_tree_smoke/v1,diagnostic_robust_center_rooted_tree_not_calibration,diagnostic_robust_center_root_anchor_not_calibration,5,imbalanced_clean,3,tukey_depth_rooted,0.9463298703692453,0.2567179068500296,0.40625,637,638,0.07407360194368645,0.7886349945060436,0.203125,0.953125,2,0.0
robust_center_rooted_tree_smoke/v1,diagnostic_robust_center_rooted_tree_not_calibration,diagnostic_robust_center_root_anchor_not_calibration,5,imbalanced_clean,4,centroid_rooted,0.7460449831352659,0.23177319422012246,,635,638,1.5899003276961254e-17,0.7460449831352659,0.240625,0.978125,1,0.0
robust_center_rooted_tree_smoke/v1,diagnostic_robust_center_rooted_tree_not_calibration,diagnostic_robust_center_root_anchor_not_calibration,5,imbalanced_clean,4,geometric_median_rooted,0.9715808239280408,0.28710278914228965,,635,638,0.05564399864675056,0.7460449831352659,0.240625,0.978125,1,0.0
robust_center_rooted_tree_smoke/v1,diagnostic_robust_center_rooted_tree_not_calibration,diagnostic_robust_center_root_anchor_not_calibration,5,imbalanced_clean,4,tukey_depth_rooted,0.998641144610967,0.2923413968977803,0.415625,635,638,0.21267889022923386,0.7460449831352659,0.240625,0.978125,1,0.0
robust_center_rooted_tree_smoke/v1,diagnostic_robust_center_rooted_tree_not_calibration,diagnostic_robust_center_root_anchor_not_calibration,5,imbalanced_clean,5,centroid_rooted,0.5443296413918784,0.08640082145600246,,632,638,8.326672684688674e-17,0.5443296413918784,0.415625,0.953125,0,0.0
robust_center_rooted_tree_smoke/v1,diagnostic_robust_center_rooted_tree_not_calibration,diagnostic_robust_center_root_anchor_not_calibration,5,imbalanced_clean,5,geometric_median_rooted,0.5774475273630508,0.10236057297780123,,632,638,0.029832761251787597,0.5443296413918784,0.415625,0.953125,0,0.0
robust_center_rooted_tree_smoke/v1,diagnostic_robust_center_rooted_tree_not_calibration,diagnostic_robust_center_root_anchor_not_calibration,5,imbalanced_clean,5,tukey_depth_rooted,0.5920742449902665,0.09896047316775028,0.43125,632,638,0.09064972042545502,0.5443296413918784,0.415625,0.953125,0,0.0
robust_center_rooted_tree_smoke/v1,diagnostic_robust_center_rooted_tree_not_calibration,diagnostic_robust_center_root_anchor_not_calibration,5,imbalanced_clean,6,centroid_rooted,0.7055137987257575,0.1922616492484473,,637,638,5.594315114139762e-17,0.7055137987257575,0.284375,0.953125,1,0.0
robust_center_rooted_tree_smoke/v1,diagnostic_robust_center_rooted_tree_not_calibration,diagnostic_robust_center_root_anchor_not_calibration,5,imbalanced_clean,6,geometric_median_rooted,0.8367114923095723,0.2227040695884358,,637,638,0.12186984216721,0.7055137987257575,0.284375,0.953125,1,0.0
robust_center_rooted_tree_smoke/v1,diagnostic_robust_center_rooted_tree_not_calibration,diagnostic_robust_center_root_anchor_not_calibration,5,imbalanced_clean,6,tukey_depth_rooted,0.8367114923095723,0.2227040695884358,0.40625,637,638,0.12186984216721,0.7055137987257575,0.284375,0.953125,1,0.0
robust_center_rooted_tree_smoke/v1,diagnostic_robust_center_rooted_tree_not_calibration,diagnostic_robust_center_root_anchor_not_calibration,5,imbalanced_clean,7,centroid_rooted,0.5813104799956509,0.15915014666292324,,636,638,1.18590247731408e-16,0.581310479995651,0.36875,0.9875,1,0.0
robust_center_rooted_tree_smoke/v1,diagnostic_robust_center_rooted_tree_not_calibration,diagnostic_robust_center_root_anchor_not_calibration,5,imbalanced_clean,7,geometric_median_rooted,0.878473748307808,0.2621658585775197,,636,638,0.026016405021824052,0.581310479995651,0.36875,0.9875,1,0.0
robust_center_rooted_tree_smoke/v1,diagnostic_robust_center_rooted_tree_not_calibration,diagnostic_robust_center_root_anchor_not_calibration,5,imbalanced_clean,7,tukey_depth_rooted,0.878473748307808,0.2621658585775197,0.415625,636,638,0.026016405021824052,0.581310479995651,0.36875,0.9875,1,0.0
robust_center_rooted_tree_smoke/v1,diagnostic_robust_center_rooted_tree_not_calibration,diagnostic_robust_center_root_anchor_not_calibration,5,imbalanced_clean,8,centroid_rooted,0.9836962898833116,0.227402426147194,,632,637,0.08233308476743433,1.0469235925969196,0.45625,0.95625,1,0.0
robust_center_rooted_tree_smoke/v1,diagnostic_robust_center_rooted_tree_not_calibration,diagnostic_robust_center_root_anchor_not_calibration,5,imbalanced_clean,8,geometric_median_rooted,1.107980358723753,0.24841102243633173,,636,637,0.032688356251194164,1.07562403863223,0.478125,0.978125,0,0.0
robust_center_rooted_tree_smoke/v1,diagnostic_robust_center_rooted_tree_not_calibration,diagnostic_robust_center_root_anchor_not_calibration,5,imbalanced_clean,8,tukey_depth_rooted,1.107980358723753,0.24841102243633173,0.440625,636,637,0.032688356251194164,1.07562403863223,0.478125,0.978125,0,0.0
robust_center_rooted_tree_smoke/v1,diagnostic_robust_center_rooted_tree_not_calibration,diagnostic_robust_center_root_anchor_not_calibration,5,imbalanced_clean,9,centroid_rooted,1.0892513312125751,0.25047131816777846,,635,638,0.0,1.0892513312125751,0.225,0.9625,1,0.0
robust_center_rooted_tree_smoke/v1,diagnostic_robust_center_rooted_tree_not_calibration,diagnostic_robust_center_root_anchor_not_calibration,5,imbalanced_clean,9,geometric_median_rooted,1.2991672258784317,0.29549243396057706,,635,638,0.05108581912367803,1.0892513312125751,0.225,0.9625,1,0.0
robust_center_rooted_tree_smoke/v1,diagnostic_robust_center_rooted_tree_not_calibration,diagnostic_robust_center_root_anchor_not_calibration,5,imbalanced_clean,9,tukey_depth_rooted,1.2991672258784317,0.29549243396057706,0.415625,635,638,0.05108581912367803,1.0892513312125751,0.225,0.9625,1,0.0
robust_center_rooted_tree_smoke/v1,diagnostic_robust_center_rooted_tree_not_calibration,diagnostic_robust_center_root_anchor_not_calibration,5,imbalanced_clean,10,centroid_rooted,1.2773956032394542,0.4123276415111795,,634,638,0.0,1.2773956032394542,0.2625,0.95625,1,0.0
robust_center_rooted_tree_smoke/v1,diagnostic_robust_center_rooted_tree_not_calibration,diagnostic_robust_center_root_anchor_not_calibration,5,imbalanced_clean,10,geometric_median_rooted,1.6177476699352662,0.49818195143504884,,634,638,0.05433204736005115,1.2773956032394542,0.2625,0.95625,1,0.0
robust_center_rooted_tree_smoke/v1,diagnostic_robust_center_rooted_tree_not_calibration,diagnostic_robust_center_root_anchor_not_calibration,5,imbalanced_clean,10,tukey_depth_rooted,1.6177476699352662,0.49818195143504884,0.421875,634,638,0.05433204736005115,1.2773956032394542,0.2625,0.95625,1,0.0
robust_center_rooted_tree_smoke/v1,diagnostic_robust_center_rooted_tree_not_calibration,diagnostic_robust_center_root_anchor_not_calibration,5,imbalanced_clean,11,centroid_rooted,0.8464758453429192,0.2114917333434795,,636,637,0.015543263762821337,0.8520850742785628,0.390625,0.959375,0,0.0
robust_center_rooted_tree_smoke/v1,diagnostic_robust_center_rooted_tree_not_calibration,diagnostic_robust_center_root_anchor_not_calibration,5,imbalanced_clean,11,geometric_median_rooted,1.0541920664463524,0.28199100733031435,,636,637,0.08075088117996919,0.8520850742785628,0.390625,0.959375,0,0.0
robust_center_rooted_tree_smoke/v1,diagnostic_robust_center_rooted_tree_not_calibration,diagnostic_robust_center_root_anchor_not_calibration,5,imbalanced_clean,11,tukey_depth_rooted,0.977402576186745,0.2440047962748849,0.41875,636,637,0.14589111374720024,0.8520850742785628,0.390625,0.959375,0,0.0
robust_center_rooted_tree_smoke/v1,diagnostic_robust_center_rooted_tree_not_calibration,diagnostic_robust_center_root_anchor_not_calibration,5,imbalanced_clean,12,centroid_rooted,0.5450309959353917,0.25024612157074555,,634,638,1.2442938235622048e-16,0.5450309959353917,0.371875,0.971875,1,0.0
robust_center_rooted_tree_smoke/v1,diagnostic_robust_center_rooted_tree_not_calibration,diagnostic_robust_center_root_anchor_not_calibration,5,imbalanced_clean,12,geometric_median_rooted,0.9724174169540413,0.39474469422321373,,634,638,0.04309027246126978,0.5450309959353917,0.371875,0.971875,1,0.0
robust_center_rooted_tree_smoke/v1,diagnostic_robust_center_rooted_tree_not_calibration,diagnostic_robust_center_root_anchor_not_calibration,5,imbalanced_clean,12,tukey_depth_rooted,0.9724174169540413,0.39474469422321373,0.41875,634,638,0.04309027246126978,0.5450309959353917,0.371875,0.971875,1,0.0
robust_center_rooted_tree_smoke/v1,diagnostic_robust_center_rooted_tree_not_calibration,diagnostic_robust_center_root_anchor_not_calibration,5,imbalanced_clean,13,centroid_rooted,0.8738369985177582,0.21943475238169607,,637,638,2.7755575615628914e-17,0.8738369985177582,0.203125,0.971875,1,0.0
robust_center_rooted_tree_smoke/v1,diagnostic_robust_center_rooted_tree_not_calibration,diagnostic_robust_center_root_anchor_not_calibration,5,imbalanced_clean,13,geometric_median_rooted,1.1100791575252051,0.2853276138198381,,637,638,0.1495631267424471,0.8738369985177582,0.203125,0.971875,1,0.0
robust_center_rooted_tree_smoke/v1,diagnostic_robust_center_rooted_tree_not_calibration,diagnostic_robust_center_root_anchor_not_calibration,5,imbalanced_clean,13,tukey_depth_rooted,1.1100791575252051,0.2853276138198381,0.403125,637,638,0.1495631267424471,0.8738369985177582,0.203125,0.971875,1,0.0
robust_center_rooted_tree_smoke/v1,diagnostic_robust_center_rooted_tree_not_calibration,diagnostic_robust_center_root_anchor_not_calibration,5,imbalanced_clean,14,centroid_rooted,0.9091100869536963,0.2365046993975445,,635,637,0.05012808675330917,0.8484416285885177,0.465625,0.940625,2,0.0
robust_center_rooted_tree_smoke/v1,diagnostic_robust_center_rooted_tree_not_calibration,diagnostic_robust_center_root_anchor_not_calibration,5,imbalanced_clean,14,geometric_median_rooted,1.0463547871982901,0.26006668409887185,,636,637,0.0837561784757361,0.9367193991297769,0.478125,0.953125,2,0.0
robust_center_rooted_tree_smoke/v1,diagnostic_robust_center_rooted_tree_not_calibration,diagnostic_robust_center_root_anchor_not_calibration,5,imbalanced_clean,14,tukey_depth_rooted,1.0463547871982901,0.26006668409887185,0.425,636,637,0.0837561784757361,0.9367193991297769,0.478125,0.953125,2,0.0
robust_center_rooted_tree_smoke/v1,diagnostic_robust_center_rooted_tree_not_calibration,diagnostic_robust_center_root_anchor_not_calibration,5,imbalanced_clean,15,centroid_rooted,1.1049955441418235,0.31748938520287784,,637,638,0.0,1.1049955441418235,0.259375,0.965625,0,0.0
robust_center_rooted_tree_smoke/v1,diagnostic_robust_center_rooted_tree_not_calibration,diagnostic_robust_center_root_anchor_not_calibration,5,imbalanced_clean,15,geometric_median_rooted,1.3849915659998109,0.39230537021771295,,637,638,0.013955077267522412,1.1049955441418235,0.259375,0.965625,0,0.0
robust_center_rooted_tree_smoke/v1,diagnostic_robust_center_rooted_tree_not_calibration,diagnostic_robust_center_root_anchor_not_calibration,5,imbalanced_clean,15,tukey_depth_rooted,1.3849915659998109,0.39230537021771295,0.421875,637,638,0.013955077267522412,1.1049955441418235,0.259375,0.965625,0,0.0
robust_center_rooted_tree_smoke/v1,diagnostic_robust_center_rooted_tree_not_calibration,diagnostic_robust_center_root_anchor_not_calibration,5,imbalanced_clean,16,centroid_rooted,0.5691708996868879,0.13533418236071945,,637,638,2.7755575615628914e-17,0.3766244195076935,0.49375,0.95625,0,0.0
robust_center_rooted_tree_smoke/v1,diagnostic_robust_center_rooted_tree_not_calibration,diagnostic_robust_center_root_anchor_not_calibration,5,imbalanced_clean,16,geometric_median_rooted,0.7063578282913353,0.18744025678065465,,636,638,0.02133932106209458,0.5691708996868879,0.49375,0.95625,0,0.0
robust_center_rooted_tree_smoke/v1,diagnostic_robust_center_rooted_tree_not_calibration,diagnostic_robust_center_root_anchor_not_calibration,5,imbalanced_clean,16,tukey_depth_rooted,0.814914993470165,0.21979336449949485,0.415625,636,638,0.06485166751733809,0.5691708996868879,0.49375,0.95625,0,0.0
robust_center_rooted_tree_smoke/v1,diagnostic_robust_center_rooted_tree_not_calibration,diagnostic_robust_center_root_anchor_not_calibration,5,imbalanced_clean,17,centroid_rooted,1.0969778572507731,0.35591628550315896,,637,638,1.734723475976807e-18,1.0969778572507731,0.05,0.9875,1,0.0
robust_center_rooted_tree_smoke/v1,diagnostic_robust_center_rooted_tree_not_calibration,diagnostic_robust_center_root_anchor_not_calibration,5,imbalanced_clean,17,geometric_median_rooted,1.2944758863677408,0.4013197846802944,,636,637,0.11684881651337468,1.300392963936868,0.365625,0.946875,2,0.0
robust_center_rooted_tree_smoke/v1,diagnostic_robust_center_rooted_tree_not_calibration,diagnostic_robust_center_root_anchor_not_calibration,5,imbalanced_clean,17,tukey_depth_rooted,1.2944758863677408,0.4013197846802944,0.4375,636,637,0.11684881651337468,1.300392963936868,0.365625,0.946875,2,0.0
robust_center_rooted_tree_smoke/v1,diagnostic_robust_center_rooted_tree_not_calibration,diagnostic_robust_center_root_anchor_not_calibration,5,imbalanced_clean,18,centroid_rooted,0.9312218735874718,0.22319521015069133,,637,638,0.0,0.9312218735874718,0.059375,0.990625,1,0.0
robust_center_rooted_tree_smoke/v1,diagnostic_robust_center_rooted_tree_not_calibration,diagnostic_robust_center_root_anchor_not_calibration,5,imbalanced_clean,18,geometric_median_rooted,1.1235237624443126,0.2627576489979675,,637,638,0.21135211346707086,0.9312218735874718,0.059375,0.990625,1,0.0
robust_center_rooted_tree_smoke/v1,diagnostic_robust_center_rooted_tree_not_calibration,diagnostic_robust_center_root_anchor_not_calibration,5,imbalanced_clean,18,tukey_depth_rooted,1.1997803421655955,0.280638492070947,0.409375,636,637,0.3215591427038974,1.108410976018774,0.265625,0.959375,1,0.0
robust_center_rooted_tree_smoke/v1,diagnostic_robust_center_rooted_tree_not_calibration,diagnostic_robust_center_root_anchor_not_calibration,5,imbalanced_clean,19,centroid_rooted,0.9976496117159432,0.2971626872740346,,637,638,1.734723475976807e-17,0.9976496117159432,0.234375,0.978125,1,0.0
robust_center_rooted_tree_smoke/v1,diagnostic_robust_center_rooted_tree_not_calibration,diagnostic_robust_center_root_anchor_not_calibration,5,imbalanced_clean,19,geometric_median_rooted,1.2806035108402918,0.36979024413040007,,637,638,0.04458775879424455,0.9976496117159432,0.234375,0.978125,1,0.0
robust_center_rooted_tree_smoke/v1,diagnostic_robust_center_rooted_tree_not_calibration,diagnostic_robust_center_root_anchor_not_calibration,5,imbalanced_clean,19,tukey_depth_rooted,1.2806035108402918,0.36979024413040007,0.41875,637,638,0.04458775879424455,0.9976496117159432,0.234375,0.978125,1,0.0
robust_center_rooted_tree_smoke/v1,diagnostic_robust_center_rooted_tree_not_calibration,diagnostic_robust_center_root_anchor_not_calibration,5,imbalanced_clean,20,centroid_rooted,0.3105669165259742,0.04788418737554901,,635,638,4.885025661874571e-17,0.3105669165259742,0.496875,0.965625,1,0.0
robust_center_rooted_tree_smoke/v1,diagnostic_robust_center_rooted_tree_not_calibration,diagnostic_robust_center_root_anchor_not_calibration,5,imbalanced_clean,20,geometric_median_rooted,0.3185096561445841,0.05093841444816944,,635,638,0.03112886965758163,0.3105669165259742,0.496875,0.965625,1,0.0
robust_center_rooted_tree_smoke/v1,diagnostic_robust_center_rooted_tree_not_calibration,diagnostic_robust_center_root_anchor_not_calibration,5,imbalanced_clean,20,tukey_depth_rooted,0.3185096561445841,0.05093841444816944,0.440625,635,638,0.03112886965758163,0.3105669165259742,0.496875,0.965625,1,0.0
robust_center_rooted_tree_smoke/v1,diagnostic_robust_center_rooted_tree_not_calibration,diagnostic_robust_center_root_anchor_not_calibration,5,imbalanced_clean,21,centroid_rooted,0.6301967283028258,0.14326874047181162,,636,638,2.9958528781297536e-17,0.6290692710696189,0.3,0.98125,0,0.0
robust_center_rooted_tree_smoke/v1,diagnostic_robust_center_rooted_tree_not_calibration,diagnostic_robust_center_root_anchor_not_calibration,5,imbalanced_clean,21,geometric_median_rooted,0.7851288961123591,0.19015850870178674,,636,638,0.16299504381872054,0.6290692710696189,0.3,0.98125,0,0.0
robust_center_rooted_tree_smoke/v1,diagnostic_robust_center_rooted_tree_not_calibration,diagnostic_robust_center_root_anchor_not_calibration,5,imbalanced_clean,21,tukey_depth_rooted,0.7851288961123591,0.19015850870178674,0.4125,636,638,0.16299504381872054,0.6290692710696189,0.3,0.98125,0,0.0
robust_center_rooted_tree_smoke/v1,diagnostic_robust_center_rooted_tree_not_calibration,diagnostic_robust_center_root_anchor_not_calibration,5,imbalanced_clean,22,centroid_rooted,0.7991956885316209,0.21477936015600543,,635,636,0.01446460482636937,0.7219000827311509,0.36875,0.99375,0,0.0
robust_center_rooted_tree_smoke/v1,diagnostic_robust_center_rooted_tree_not_calibration,diagnostic_robust_center_root_anchor_not_calibration,5,imbalanced_clean,22,geometric_median_rooted,0.9879654783991337,0.281530163036271,,634,636,0.08188530167969733,0.7986428067027962,0.375,0.9875,0,0.0
robust_center_rooted_tree_smoke/v1,diagnostic_robust_center_rooted_tree_not_calibration,diagnostic_robust_center_root_anchor_not_calibration,5,imbalanced_clean,22,tukey_depth_rooted,0.9879654783991337,0.281530163036271,0.409375,634,636,0.08188530167969733,0.7986428067027962,0.375,0.9875,0,0.0
robust_center_rooted_tree_smoke/v1,diagnostic_robust_center_rooted_tree_not_calibration,diagnostic_robust_center_root_anchor_not_calibration,5,imbalanced_clean,23,centroid_rooted,0.7603821234336138,0.1775613908773518,,636,638,5.561946577567963e-17,0.7603821234336138,0.434375,0.928125,1,0.0
robust_center_rooted_tree_smoke/v1,diagnostic_robust_center_rooted_tree_not_calibration,diagnostic_robust_center_root_anchor_not_calibration,5,imbalanced_clean,23,geometric_median_rooted,0.8643904715161808,0.20284951754028965,,636,638,0.08693914526615498,0.7603821234336138,0.434375,0.928125,1,0.0
robust_center_rooted_tree_smoke/v1,diagnostic_robust_center_rooted_tree_not_calibration,diagnostic_robust_center_root_anchor_not_calibration,5,imbalanced_clean,23,tukey_depth_rooted,0.8643904715161808,0.20284951754028965,0.41875,636,638,0.08693914526615498,0.7603821234336138,0.434375,0.928125,1,0.0
robust_center_rooted_tree_smoke/v1,diagnostic_robust_center_rooted_tree_not_calibration,diagnostic_robust_center_root_anchor_not_calibration,5,imbalanced_clean,24,centroid_rooted,0.7399774376311145,0.15493300492162004,,636,638,2.7755575615628914e-17,0.7381823668072061,0.440625,0.934375,2,0.0
robust_center_rooted_tree_smoke/v1,diagnostic_robust_center_rooted_tree_not_calibration,diagnostic_robust_center_root_anchor_not_calibration,5,imbalanced_clean,24,geometric_median_rooted,0.8121772766496838,0.1674117399756149,,637,638,0.06878756083969521,0.7399774376311145,0.440625,0.934375,2,0.0
robust_center_rooted_tree_smoke/v1,diagnostic_robust_center_rooted_tree_not_calibration,diagnostic_robust_center_root_anchor_not_calibration,5,imbalanced_clean,24,tukey_depth_rooted,0.8121772766496838,0.1674117399756149,0.4375,637,638,0.06878756083969521,0.7399774376311145,0.440625,0.934375,2,0.0
robust_center_rooted_tree_smoke/v1,diagnostic_robust_center_rooted_tree_not_calibration,diagnostic_robust_center_root_anchor_not_calibration,5,imbalanced_clean,25,centroid_rooted,0.45045437385943093,0.1848004074041801,,636,637,0.035510720286053725,0.476771014788394,0.48125,0.98125,0,0.0
robust_center_rooted_tree_smoke/v1,diagnostic_robust_center_rooted_tree_not_calibration,diagnostic_robust_center_root_anchor_not_calibration,5,imbalanced_clean,25,geometric_median_rooted,0.5128573353997717,0.20329262062552345,,636,637,0.030590573853114304,0.476771014788394,0.48125,0.98125,0,0.0
robust_center_rooted_tree_smoke/v1,diagnostic_robust_center_rooted_tree_not_calibration,diagnostic_robust_center_root_anchor_not_calibration,5,imbalanced_clean,25,tukey_depth_rooted,0.5128573353997717,0.20329262062552345,0.440625,636,637,0.030590573853114304,0.476771014788394,0.48125,0.98125,0,0.0
robust_center_rooted_tree_smoke/v1,diagnostic_robust_center_rooted_tree_not_calibration,diagnostic_robust_center_root_anchor_not_calibration,5,imbalanced_clean,26,centroid_rooted,1.1956773608549172,0.34001395136925383,,636,637,0.01589242955587158,1.1917864208017217,0.05625,0.9875,1,0.0
robust_center_rooted_tree_smoke/v1,diagnostic_robust_center_rooted_tree_not_calibration,diagnostic_robust_center_root_anchor_not_calibration,5,imbalanced_clean,26,geometric_median_rooted,1.3179189418146133,0.36476182997319023,,636,637,0.10770786710038048,1.1917864208017217,0.05625,0.9875,1,0.0
robust_center_rooted_tree_smoke/v1,diagnostic_robust_center_rooted_tree_not_calibration,diagnostic_robust_center_root_anchor_not_calibration,5,imbalanced_clean,26,tukey_depth_rooted,1.2747970135220184,0.3574182020281342,0.415625,636,637,0.21863270651123107,1.1917864208017217,0.05625,0.9875,1,0.0
robust_center_rooted_tree_smoke/v1,diagnostic_robust_center_rooted_tree_not_calibration,diagnostic_robust_center_root_anchor_not_calibration,5,imbalanced_clean,27,centroid_rooted,0.8481628790243535,0.2329262783476148,,636,638,4.163336342344337e-17,0.8481628790243535,0.3625,0.975,1,0.0
robust_center_rooted_tree_smoke/v1,diagnostic_robust_center_rooted_tree_not_calibration,diagnostic_robust_center_root_anchor_not_calibration,5,imbalanced_clean,27,geometric_median_rooted,1.0948071939547095,0.31409715304259544,,636,638,0.05896544445270378,0.8481628790243535,0.3625,0.975,1,0.0
robust_center_rooted_tree_smoke/v1,diagnostic_robust_center_rooted_tree_not_calibration,diagnostic_robust_center_root_anchor_not_calibration,5,imbalanced_clean,27,tukey_depth_rooted,1.0948071939547095,0.31409715304259544,0.415625,636,638,0.05896544445270378,0.8481628790243535,0.3625,0.975,1,0.0
robust_center_rooted_tree_smoke/v1,diagnostic_robust_center_rooted_tree_not_calibration,diagnostic_robust_center_root_anchor_not_calibration,5,imbalanced_clean,28,centroid_rooted,0.7975309954342727,0.26724038281828627,,636,638,1.1123893155135927e-16,0.3698335280777996,0.384375,0.978125,0,0.0
robust_center_rooted_tree_smoke/v1,diagnostic_robust_center_rooted_tree_not_calibration,diagnostic_robust_center_root_anchor_not_calibration,5,imbalanced_clean,28,geometric_median_rooted,1.1316222292423428,0.3763685884296837,,637,638,0.01824578092343645,0.7975309954342726,0.384375,0.978125,0,0.0
robust_center_rooted_tree_smoke/v1,diagnostic_robust_center_rooted_tree_not_calibration,diagnostic_robust_center_root_anchor_not_calibration,5,imbalanced_clean,28,tukey_depth_rooted,1.1316222292423428,0.3763685884296837,0.43125,637,638,0.01824578092343645,0.7975309954342726,0.384375,0.978125,0,0.0
robust_center_rooted_tree_smoke/v1,diagnostic_robust_center_rooted_tree_not_calibration,diagnostic_robust_center_root_anchor_not_calibration,5,imbalanced_clean,29,centroid_rooted,0.8335741221766084,0.24208552959403412,,637,638,7.989150271662703e-17,0.8335741221766083,0.365625,0.984375,0,0.0
robust_center_rooted_tree_smoke/v1,diagnostic_robust_center_rooted_tree_not_calibration,diagnostic_robust_center_root_anchor_not_calibration,5,imbalanced_clean,29,geometric_median_rooted,1.1392232862773313,0.33811785864080324,,637,638,0.09080132386415508,0.8335741221766083,0.365625,0.984375,0,0.0
robust_center_rooted_tree_smoke/v1,diagnostic_robust_center_rooted_tree_not_calibration,diagnostic_robust_center_root_anchor_not_calibration,5,imbalanced_clean,29,tukey_depth_rooted,1.092282788845986,0.31350385571446304,0.4125,637,638,0.1624279886067298,0.8335741221766083,0.365625,0.984375,0,0.0
robust_center_rooted_tree_smoke/v1,diagnostic_robust_center_rooted_tree_not_calibration,diagnostic_robust_center_root_anchor_not_calibration,5,imbalanced_10pct_outliers,0,centroid_rooted,1.5911152259116483,0.2109088887550636,,701,702,0.0,0.5960237311423318,0.09090909090909091,1.0,0,1.0
robust_center_rooted_tree_smoke/v1,diagnostic_robust_center_rooted_tree_not_calibration,diagnostic_robust_center_root_anchor_not_calibration,5,imbalanced_10pct_outliers,0,geometric_median_rooted,0.8900621959232478,0.17317807072314093,,701,702,0.07860599169998982,0.5960237311423318,0.09090909090909091,1.0,0,1.0
robust_center_rooted_tree_smoke/v1,diagnostic_robust_center_rooted_tree_not_calibration,diagnostic_robust_center_root_anchor_not_calibration,5,imbalanced_10pct_outliers,0,tukey_depth_rooted,0.8900621959232478,0.17317807072314093,0.42329545454545453,701,702,0.07860599169998982,0.5960237311423318,0.09090909090909091,1.0,0,1.0
robust_center_rooted_tree_smoke/v1,diagnostic_robust_center_rooted_tree_not_calibration,diagnostic_robust_center_root_anchor_not_calibration,5,imbalanced_10pct_outliers,1,centroid_rooted,1.776627643194087,0.34409411848105054,,701,702,0.0,0.8889168838310966,0.09090909090909091,1.0,0,1.0
robust_center_rooted_tree_smoke/v1,diagnostic_robust_center_rooted_tree_not_calibration,diagnostic_robust_center_root_anchor_not_calibration,5,imbalanced_10pct_outliers,1,geometric_median_rooted,1.3864366763378444,0.33319468566286725,,701,702,0.19454223216060068,0.8889168838310966,0.09090909090909091,1.0,0,1.0
robust_center_rooted_tree_smoke/v1,diagnostic_robust_center_rooted_tree_not_calibration,diagnostic_robust_center_root_anchor_not_calibration,5,imbalanced_10pct_outliers,1,tukey_depth_rooted,1.3864366763378444,0.33319468566286725,0.40625,701,702,0.19454223216060068,0.8889168838310966,0.09090909090909091,1.0,0,1.0
robust_center_rooted_tree_smoke/v1,diagnostic_robust_center_rooted_tree_not_calibration,diagnostic_robust_center_root_anchor_not_calibration,5,imbalanced_10pct_outliers,2,centroid_rooted,1.3422809900296533,0.2119894658420321,,701,702,2.7755575615628914e-17,0.7319486712736384,0.09090909090909091,1.0,0,1.0
robust_center_rooted_tree_smoke/v1,diagnostic_robust_center_rooted_tree_not_calibration,diagnostic_robust_center_root_anchor_not_calibration,5,imbalanced_10pct_outliers,2,geometric_median_rooted,1.0030827516817098,0.25538559575702396,,701,702,0.2585554112938022,0.7319486712736384,0.09090909090909091,1.0,0,1.0
robust_center_rooted_tree_smoke/v1,diagnostic_robust_center_rooted_tree_not_calibration,diagnostic_robust_center_root_anchor_not_calibration,5,imbalanced_10pct_outliers,2,tukey_depth_rooted,1.0030827516817098,0.25538559575702396,0.4147727272727273,701,702,0.2585554112938022,0.7319486712736384,0.09090909090909091,1.0,0,1.0
robust_center_rooted_tree_smoke/v1,diagnostic_robust_center_rooted_tree_not_calibration,diagnostic_robust_center_root_anchor_not_calibration,5,imbalanced_10pct_outliers,3,centroid_rooted,1.8470242433228565,0.4152106376729366,,701,702,0.0,1.1827068668098235,0.09090909090909091,1.0,0,1.0
robust_center_rooted_tree_smoke/v1,diagnostic_robust_center_rooted_tree_not_calibration,diagnostic_robust_center_root_anchor_not_calibration,5,imbalanced_10pct_outliers,3,geometric_median_rooted,1.6917076871061618,0.53320087693709,,700,701,0.2999378597664968,1.1827068668098235,0.3068181818181818,0.98125,1,0.2962962962962963
robust_center_rooted_tree_smoke/v1,diagnostic_robust_center_rooted_tree_not_calibration,diagnostic_robust_center_root_anchor_not_calibration,5,imbalanced_10pct_outliers,3,tukey_depth_rooted,1.6917076871061618,0.53320087693709,0.4005681818181818,700,701,0.2999378597664968,1.1827068668098235,0.3068181818181818,0.98125,1,0.2962962962962963
robust_center_rooted_tree_smoke/v1,diagnostic_robust_center_rooted_tree_not_calibration,diagnostic_robust_center_root_anchor_not_calibration,5,imbalanced_10pct_outliers,4,centroid_rooted,1.3174963778747366,0.1407573840494271,,701,702,3.2742905609062234e-17,1.0782102015895934,0.09090909090909091,1.0,0,1.0
robust_center_rooted_tree_smoke/v1,diagnostic_robust_center_rooted_tree_not_calibration,diagnostic_robust_center_root_anchor_not_calibration,5,imbalanced_10pct_outliers,4,geometric_median_rooted,1.2676505127445352,0.28765373531974125,,701,702,0.23884278868264405,1.0782102015895934,0.09090909090909091,1.0,0,1.0
robust_center_rooted_tree_smoke/v1,diagnostic_robust_center_rooted_tree_not_calibration,diagnostic_robust_center_root_anchor_not_calibration,5,imbalanced_10pct_outliers,4,tukey_depth_rooted,1.2676505127445352,0.28765373531974125,0.39488636363636365,701,702,0.23884278868264405,1.0782102015895934,0.09090909090909091,1.0,0,1.0
robust_center_rooted_tree_smoke/v1,diagnostic_robust_center_rooted_tree_not_calibration,diagnostic_robust_center_root_anchor_not_calibration,5,imbalanced_10pct_outliers,5,centroid_rooted,2.3394265213548096,0.5045763407195772,,701,702,0.0,1.6417176374077531,0.09090909090909091,1.0,0,1.0
robust_center_rooted_tree_smoke/v1,diagnostic_robust_center_rooted_tree_not_calibration,diagnostic_robust_center_root_anchor_not_calibration,5,imbalanced_10pct_outliers,5,geometric_median_rooted,2.023822543715248,0.5157352832552337,,701,702,0.21955008281931104,1.6417176374077531,0.09090909090909091,1.0,0,1.0
robust_center_rooted_tree_smoke/v1,diagnostic_robust_center_rooted_tree_not_calibration,diagnostic_robust_center_root_anchor_not_calibration,5,imbalanced_10pct_outliers,5,tukey_depth_rooted,2.023822543715248,0.5157352832552337,0.4147727272727273,701,702,0.21955008281931104,1.6417176374077531,0.09090909090909091,1.0,0,1.0
robust_center_rooted_tree_smoke/v1,diagnostic_robust_center_rooted_tree_not_calibration,diagnostic_robust_center_root_anchor_not_calibration,5,imbalanced_10pct_outliers,6,centroid_rooted,1.4723579996058571,0.16716923801679287,,701,702,5.551115123125783e-17,0.7613995600123812,0.09090909090909091,1.0,0,1.0
robust_center_rooted_tree_smoke/v1,diagnostic_robust_center_rooted_tree_not_calibration,diagnostic_robust_center_root_anchor_not_calibration,5,imbalanced_10pct_outliers,6,geometric_median_rooted,0.9882227297764183,0.17424638187553962,,701,702,0.10486191780702311,0.7613995600123812,0.09090909090909091,1.0,0,1.0
robust_center_rooted_tree_smoke/v1,diagnostic_robust_center_rooted_tree_not_calibration,diagnostic_robust_center_root_anchor_not_calibration,5,imbalanced_10pct_outliers,6,tukey_depth_rooted,0.9882227297764183,0.17424638187553962,0.3977272727272727,701,702,0.10486191780702311,0.7613995600123812,0.09090909090909091,1.0,0,1.0
robust_center_rooted_tree_smoke/v1,diagnostic_robust_center_rooted_tree_not_calibration,diagnostic_robust_center_root_anchor_not_calibration,5,imbalanced_10pct_outliers,7,centroid_rooted,0.8250448001544249,0.13461242236393806,,701,702,6.359601310784502e-17,0.7617563678118204,0.09090909090909091,1.0,0,1.0
robust_center_rooted_tree_smoke/v1,diagnostic_robust_center_rooted_tree_not_calibration,diagnostic_robust_center_root_anchor_not_calibration,5,imbalanced_10pct_outliers,7,geometric_median_rooted,1.1180897364923637,0.27808568496568575,,701,702,0.11604480439856386,0.7617563678118204,0.09090909090909091,1.0,0,1.0
robust_center_rooted_tree_smoke/v1,diagnostic_robust_center_rooted_tree_not_calibration,diagnostic_robust_center_root_anchor_not_calibration,5,imbalanced_10pct_outliers,7,tukey_depth_rooted,1.1180897364923637,0.27808568496568575,0.4289772727272727,701,702,0.11604480439856386,0.7617563678118204,0.09090909090909091,1.0,0,1.0
robust_center_rooted_tree_smoke/v1,diagnostic_robust_center_rooted_tree_not_calibration,diagnostic_robust_center_root_anchor_not_calibration,5,imbalanced_10pct_outliers,8,centroid_rooted,1.995895771821374,0.3509280245906936,,701,702,0.0,1.1192962194717213,0.09090909090909091,1.0,0,1.0
robust_center_rooted_tree_smoke/v1,diagnostic_robust_center_rooted_tree_not_calibration,diagnostic_robust_center_root_anchor_not_calibration,5,imbalanced_10pct_outliers,8,geometric_median_rooted,1.4785679910941578,0.3566883842724733,,701,702,0.1960306283364816,1.1192962194717213,0.09090909090909091,1.0,0,1.0
robust_center_rooted_tree_smoke/v1,diagnostic_robust_center_rooted_tree_not_calibration,diagnostic_robust_center_root_anchor_not_calibration,5,imbalanced_10pct_outliers,8,tukey_depth_rooted,1.4785679910941578,0.3566883842724733,0.39204545454545453,701,702,0.1960306283364816,1.1192962194717213,0.09090909090909091,1.0,0,1.0
robust_center_rooted_tree_smoke/v1,diagnostic_robust_center_rooted_tree_not_calibration,diagnostic_robust_center_root_anchor_not_calibration,5,imbalanced_10pct_outliers,9,centroid_rooted,1.6451836578106633,0.2956067988301194,,701,702,0.0,0.6629295226810373,0.09090909090909091,1.0,0,1.0
robust_center_rooted_tree_smoke/v1,diagnostic_robust_center_rooted_tree_not_calibration,diagnostic_robust_center_root_anchor_not_calibration,5,imbalanced_10pct_outliers,9,geometric_median_rooted,1.1146269175440677,0.24413857453518745,,701,702,0.11555163718519103,0.6629295226810373,0.09090909090909091,1.0,0,1.0
robust_center_rooted_tree_smoke/v1,diagnostic_robust_center_rooted_tree_not_calibration,diagnostic_robust_center_root_anchor_not_calibration,5,imbalanced_10pct_outliers,9,tukey_depth_rooted,1.1146269175440677,0.24413857453518745,0.42613636363636365,701,702,0.11555163718519103,0.6629295226810373,0.09090909090909091,1.0,0,1.0
robust_center_rooted_tree_smoke/v1,diagnostic_robust_center_rooted_tree_not_calibration,diagnostic_robust_center_root_anchor_not_calibration,5,imbalanced_10pct_outliers,10,centroid_rooted,1.2251847603741612,0.18860534219532488,,701,702,4.163336342344337e-17,0.914596061152818,0.09090909090909091,1.0,0,1.0
robust_center_rooted_tree_smoke/v1,diagnostic_robust_center_rooted_tree_not_calibration,diagnostic_robust_center_root_anchor_not_calibration,5,imbalanced_10pct_outliers,10,geometric_median_rooted,0.9630237885798264,0.18508275129837792,,701,702,0.06995458368673771,0.914596061152818,0.09090909090909091,1.0,0,1.0
robust_center_rooted_tree_smoke/v1,diagnostic_robust_center_rooted_tree_not_calibration,diagnostic_robust_center_root_anchor_not_calibration,5,imbalanced_10pct_outliers,10,tukey_depth_rooted,0.9630237885798264,0.18508275129837792,0.41761363636363635,701,702,0.06995458368673771,0.914596061152818,0.09090909090909091,1.0,0,1.0
robust_center_rooted_tree_smoke/v1,diagnostic_robust_center_rooted_tree_not_calibration,diagnostic_robust_center_root_anchor_not_calibration,5,imbalanced_10pct_outliers,11,centroid_rooted,1.1344752385581462,0.17924622700390416,,701,702,2.797157557069881e-17,0.7622475194436963,0.09090909090909091,1.0,0,1.0
robust_center_rooted_tree_smoke/v1,diagnostic_robust_center_rooted_tree_not_calibration,diagnostic_robust_center_root_anchor_not_calibration,5,imbalanced_10pct_outliers,11,geometric_median_rooted,0.9643138209012811,0.2587926756149564,,698,701,0.27204930270652655,0.8083549903363433,0.4090909090909091,0.96875,1,0.2222222222222222
robust_center_rooted_tree_smoke/v1,diagnostic_robust_center_rooted_tree_not_calibration,diagnostic_robust_center_root_anchor_not_calibration,5,imbalanced_10pct_outliers,11,tukey_depth_rooted,0.9643138209012811,0.2587926756149564,0.38920454545454547,698,701,0.27204930270652655,0.8083549903363433,0.4090909090909091,0.96875,1,0.2222222222222222
robust_center_rooted_tree_smoke/v1,diagnostic_robust_center_rooted_tree_not_calibration,diagnostic_robust_center_root_anchor_not_calibration,5,imbalanced_10pct_outliers,12,centroid_rooted,1.951244069825154,0.39236093717715714,,701,702,6.938893903907228e-18,1.6680573075184295,0.09090909090909091,1.0,0,1.0
robust_center_rooted_tree_smoke/v1,diagnostic_robust_center_rooted_tree_not_calibration,diagnostic_robust_center_root_anchor_not_calibration,5,imbalanced_10pct_outliers,12,geometric_median_rooted,1.8462125149391868,0.4710273314835955,,701,702,0.1661437181041929,1.6680573075184295,0.09090909090909091,1.0,0,1.0
robust_center_rooted_tree_smoke/v1,diagnostic_robust_center_rooted_tree_not_calibration,diagnostic_robust_center_root_anchor_not_calibration,5,imbalanced_10pct_outliers,12,tukey_depth_rooted,1.7943448674886913,0.4608544207315653,0.40625,701,702,0.17694704297985525,1.6680573075184295,0.09090909090909091,1.0,0,1.0
robust_center_rooted_tree_smoke/v1,diagnostic_robust_center_rooted_tree_not_calibration,diagnostic_robust_center_root_anchor_not_calibration,5,imbalanced_10pct_outliers,13,centroid_rooted,1.2886087234833108,0.2359150696642343,,701,702,0.0,0.5638984839458965,0.09090909090909091,1.0,0,1.0
robust_center_rooted_tree_smoke/v1,diagnostic_robust_center_rooted_tree_not_calibration,diagnostic_robust_center_root_anchor_not_calibration,5,imbalanced_10pct_outliers,13,geometric_median_rooted,0.8040985234488782,0.2177929105315859,,701,702,0.15760488164544492,0.5638984839458965,0.09090909090909091,1.0,0,1.0
robust_center_rooted_tree_smoke/v1,diagnostic_robust_center_rooted_tree_not_calibration,diagnostic_robust_center_root_anchor_not_calibration,5,imbalanced_10pct_outliers,13,tukey_depth_rooted,0.8040985234488782,0.2177929105315859,0.4318181818181818,701,702,0.15760488164544492,0.5638984839458965,0.09090909090909091,1.0,0,1.0
robust_center_rooted_tree_smoke/v1,diagnostic_robust_center_rooted_tree_not_calibration,diagnostic_robust_center_root_anchor_not_calibration,5,imbalanced_10pct_outliers,14,centroid_rooted,1.3665429546148813,0.11660514274134709,,701,702,1.3877787807814457e-17,0.6688642642732231,0.09090909090909091,1.0,0,1.0
robust_center_rooted_tree_smoke/v1,diagnostic_robust_center_rooted_tree_not_calibration,diagnostic_robust_center_root_anchor_not_calibration,5,imbalanced_10pct_outliers,14,geometric_median_rooted,0.820417171848869,0.13507018690775827,,701,702,0.041450341562740245,0.6688642642732231,0.09090909090909091,1.0,0,1.0
robust_center_rooted_tree_smoke/v1,diagnostic_robust_center_rooted_tree_not_calibration,diagnostic_robust_center_root_anchor_not_calibration,5,imbalanced_10pct_outliers,14,tukey_depth_rooted,0.820417171848869,0.13507018690775827,0.4034090909090909,701,702,0.041450341562740245,0.6688642642732231,0.09090909090909091,1.0,0,1.0
robust_center_rooted_tree_smoke/v1,diagnostic_robust_center_rooted_tree_not_calibration,diagnostic_robust_center_root_anchor_not_calibration,5,imbalanced_10pct_outliers,15,centroid_rooted,1.1812159352409521,0.11484024585758384,,701,702,5.551115123125783e-17,0.9438320639309257,0.09090909090909091,1.0,0,1.0
robust_center_rooted_tree_smoke/v1,diagnostic_robust_center_rooted_tree_not_calibration,diagnostic_robust_center_root_anchor_not_calibration,5,imbalanced_10pct_outliers,15,geometric_median_rooted,1.1172072781902314,0.3282284994084018,,698,701,0.23653835836510645,1.0304573320666806,0.4460227272727273,0.971875,1,0.20382165605095542
robust_center_rooted_tree_smoke/v1,diagnostic_robust_center_rooted_tree_not_calibration,diagnostic_robust_center_root_anchor_not_calibration,5,imbalanced_10pct_outliers,15,tukey_depth_rooted,1.1172072781902314,0.3282284994084018,0.4289772727272727,698,701,0.23653835836510645,1.0304573320666806,0.4460227272727273,0.971875,1,0.20382165605095542
robust_center_rooted_tree_smoke/v1,diagnostic_robust_center_rooted_tree_not_calibration,diagnostic_robust_center_root_anchor_not_calibration,5,imbalanced_10pct_outliers,16,centroid_rooted,0.7979228832602602,0.12560720896817198,,701,702,6.206335383118183e-17,0.29611378215232453,0.09090909090909091,1.0,0,1.0
robust_center_rooted_tree_smoke/v1,diagnostic_robust_center_rooted_tree_not_calibration,diagnostic_robust_center_root_anchor_not_calibration,5,imbalanced_10pct_outliers,16,geometric_median_rooted,0.36125092136005227,0.07871693370571536,,701,702,0.0685026173229914,0.29611378215232453,0.09090909090909091,1.0,0,1.0
robust_center_rooted_tree_smoke/v1,diagnostic_robust_center_rooted_tree_not_calibration,diagnostic_robust_center_root_anchor_not_calibration,5,imbalanced_10pct_outliers,16,tukey_depth_rooted,0.36125092136005227,0.07871693370571536,0.39488636363636365,701,702,0.0685026173229914,0.29611378215232453,0.09090909090909091,1.0,0,1.0
robust_center_rooted_tree_smoke/v1,diagnostic_robust_center_rooted_tree_not_calibration,diagnostic_robust_center_root_anchor_not_calibration,5,imbalanced_10pct_outliers,17,centroid_rooted,0.9428135439884942,0.0796768931389959,,701,702,1.1527756336890508e-16,0.5488268147108477,0.09090909090909091,1.0,0,1.0
robust_center_rooted_tree_smoke/v1,diagnostic_robust_center_rooted_tree_not_calibration,diagnostic_robust_center_root_anchor_not_calibration,5,imbalanced_10pct_outliers,17,geometric_median_rooted,0.7246127717572624,0.1763662527188785,,701,702,0.20425090430759943,0.5488268147108477,0.09090909090909091,1.0,0,1.0
robust_center_rooted_tree_smoke/v1,diagnostic_robust_center_rooted_tree_not_calibration,diagnostic_robust_center_root_anchor_not_calibration,5,imbalanced_10pct_outliers,17,tukey_depth_rooted,0.7246127717572624,0.1763662527188785,0.3977272727272727,701,702,0.20425090430759943,0.5488268147108477,0.09090909090909091,1.0,0,1.0
robust_center_rooted_tree_smoke/v1,diagnostic_robust_center_rooted_tree_not_calibration,diagnostic_robust_center_root_anchor_not_calibration,5,imbalanced_10pct_outliers,18,centroid_rooted,1.2409215720295614,0.15640649705692455,,701,702,2.7755575615628914e-17,0.4545278800252605,0.09090909090909091,1.0,0,1.0
robust_center_rooted_tree_smoke/v1,diagnostic_robust_center_rooted_tree_not_calibration,diagnostic_robust_center_root_anchor_not_calibration,5,imbalanced_10pct_outliers,18,geometric_median_rooted,0.6282915759430933,0.09399146841572299,,701,702,0.04022332140578628,0.4545278800252605,0.09090909090909091,1.0,0,1.0
robust_center_rooted_tree_smoke/v1,diagnostic_robust_center_rooted_tree_not_calibration,diagnostic_robust_center_root_anchor_not_calibration,5,imbalanced_10pct_outliers,18,tukey_depth_rooted,0.6282915759430933,0.09399146841572299,0.4034090909090909,701,702,0.04022332140578628,0.4545278800252605,0.09090909090909091,1.0,0,1.0
robust_center_rooted_tree_smoke/v1,diagnostic_robust_center_rooted_tree_not_calibration,diagnostic_robust_center_root_anchor_not_calibration,5,imbalanced_10pct_outliers,19,centroid_rooted,0.7739462495219163,0.10747111777252592,,701,702,6.206335383118183e-17,0.2501919223517066,0.09090909090909091,1.0,0,1.0
robust_center_rooted_tree_smoke/v1,diagnostic_robust_center_rooted_tree_not_calibration,diagnostic_robust_center_root_anchor_not_calibration,5,imbalanced_10pct_outliers,19,geometric_median_rooted,0.25911168897221837,0.045919562073033264,,701,702,0.029196043924954566,0.2501919223517066,0.09090909090909091,1.0,0,1.0
robust_center_rooted_tree_smoke/v1,diagnostic_robust_center_rooted_tree_not_calibration,diagnostic_robust_center_root_anchor_not_calibration,5,imbalanced_10pct_outliers,19,tukey_depth_rooted,0.25911168897221837,0.045919562073033264,0.4119318181818182,701,702,0.029196043924954566,0.2501919223517066,0.09090909090909091,1.0,0,1.0
robust_center_rooted_tree_smoke/v1,diagnostic_robust_center_rooted_tree_not_calibration,diagnostic_robust_center_root_anchor_not_calibration,5,imbalanced_10pct_outliers,20,centroid_rooted,0.9851021945094699,0.14615096611614753,,701,702,0.0,0.7499490351390524,0.09090909090909091,1.0,0,1.0
robust_center_rooted_tree_smoke/v1,diagnostic_robust_center_rooted_tree_not_calibration,diagnostic_robust_center_root_anchor_not_calibration,5,imbalanced_10pct_outliers,20,geometric_median_rooted,1.0821501020358906,0.3257002916154199,,701,702,0.304145561912895,0.7499490351390524,0.09090909090909091,1.0,0,1.0
robust_center_rooted_tree_smoke/v1,diagnostic_robust_center_rooted_tree_not_calibration,diagnostic_robust_center_root_anchor_not_calibration,5,imbalanced_10pct_outliers,20,tukey_depth_rooted,1.0821501020358906,0.3257002916154199,0.4090909090909091,701,702,0.304145561912895,0.7499490351390524,0.09090909090909091,1.0,0,1.0
robust_center_rooted_tree_smoke/v1,diagnostic_robust_center_rooted_tree_not_calibration,diagnostic_robust_center_root_anchor_not_calibration,5,imbalanced_10pct_outliers,21,centroid_rooted,1.497102066114275,0.21271104337488644,,701,702,5.551115123125783e-17,0.5609962843606365,0.09090909090909091,1.0,0,1.0
robust_center_rooted_tree_smoke/v1,diagnostic_robust_center_rooted_tree_not_calibration,diagnostic_robust_center_root_anchor_not_calibration,5,imbalanced_10pct_outliers,21,geometric_median_rooted,0.8723984033099136,0.17459571349743774,,701,702,0.042150667089214944,0.5609962843606365,0.09090909090909091,1.0,0,1.0
robust_center_rooted_tree_smoke/v1,diagnostic_robust_center_rooted_tree_not_calibration,diagnostic_robust_center_root_anchor_not_calibration,5,imbalanced_10pct_outliers,21,tukey_depth_rooted,0.8723984033099136,0.17459571349743774,0.4318181818181818,701,702,0.042150667089214944,0.5609962843606365,0.09090909090909091,1.0,0,1.0
robust_center_rooted_tree_smoke/v1,diagnostic_robust_center_rooted_tree_not_calibration,diagnostic_robust_center_root_anchor_not_calibration,5,imbalanced_10pct_outliers,22,centroid_rooted,1.229533342614484,0.13717816500243282,,701,702,2.7755575615628914e-17,0.8242760043016698,0.09090909090909091,1.0,0,1.0
robust_center_rooted_tree_smoke/v1,diagnostic_robust_center_rooted_tree_not_calibration,diagnostic_robust_center_root_anchor_not_calibration,5,imbalanced_10pct_outliers,22,geometric_median_rooted,0.9771681018769923,0.2371113733947965,,701,702,0.22336066796726092,0.8242760043016698,0.09090909090909091,1.0,0,1.0
robust_center_rooted_tree_smoke/v1,diagnostic_robust_center_rooted_tree_not_calibration,diagnostic_robust_center_root_anchor_not_calibration,5,imbalanced_10pct_outliers,22,tukey_depth_rooted,0.9771681018769923,0.2371113733947965,0.3977272727272727,701,702,0.22336066796726092,0.8242760043016698,0.09090909090909091,1.0,0,1.0
robust_center_rooted_tree_smoke/v1,diagnostic_robust_center_rooted_tree_not_calibration,diagnostic_robust_center_root_anchor_not_calibration,5,imbalanced_10pct_outliers,23,centroid_rooted,1.2545806718459465,0.16776819882560354,,701,702,0.0,0.5377724427254936,0.09090909090909091,1.0,0,1.0
robust_center_rooted_tree_smoke/v1,diagnostic_robust_center_rooted_tree_not_calibration,diagnostic_robust_center_root_anchor_not_calibration,5,imbalanced_10pct_outliers,23,geometric_median_rooted,0.7075154235648456,0.1358156498795806,,701,702,0.09176576733004572,0.5377724427254936,0.09090909090909091,1.0,0,1.0
robust_center_rooted_tree_smoke/v1,diagnostic_robust_center_rooted_tree_not_calibration,diagnostic_robust_center_root_anchor_not_calibration,5,imbalanced_10pct_outliers,23,tukey_depth_rooted,0.7075154235648456,0.1358156498795806,0.4005681818181818,701,702,0.09176576733004572,0.5377724427254936,0.09090909090909091,1.0,0,1.0
robust_center_rooted_tree_smoke/v1,diagnostic_robust_center_rooted_tree_not_calibration,diagnostic_robust_center_root_anchor_not_calibration,5,imbalanced_10pct_outliers,24,centroid_rooted,1.7036400723853757,0.27565931142418254,,701,702,0.0,1.025883975295458,0.09090909090909091,1.0,0,1.0
robust_center_rooted_tree_smoke/v1,diagnostic_robust_center_rooted_tree_not_calibration,diagnostic_robust_center_root_anchor_not_calibration,5,imbalanced_10pct_outliers,24,geometric_median_rooted,1.2883790849405552,0.2931647903215284,,701,702,0.16234580485928898,1.025883975295458,0.09090909090909091,1.0,0,1.0
robust_center_rooted_tree_smoke/v1,diagnostic_robust_center_rooted_tree_not_calibration,diagnostic_robust_center_root_anchor_not_calibration,5,imbalanced_10pct_outliers,24,tukey_depth_rooted,1.2883790849405552,0.2931647903215284,0.3977272727272727,701,702,0.16234580485928898,1.025883975295458,0.09090909090909091,1.0,0,1.0
robust_center_rooted_tree_smoke/v1,diagnostic_robust_center_rooted_tree_not_calibration,diagnostic_robust_center_root_anchor_not_calibration,5,imbalanced_10pct_outliers,25,centroid_rooted,1.5323376706901717,0.2327013340224367,,701,702,3.469446951953614e-18,0.7860356214669075,0.09090909090909091,1.0,0,1.0
robust_center_rooted_tree_smoke/v1,diagnostic_robust_center_rooted_tree_not_calibration,diagnostic_robust_center_root_anchor_not_calibration,5,imbalanced_10pct_outliers,25,geometric_median_rooted,1.088616189099889,0.2320863074479262,,701,702,0.16575973041027792,0.7860356214669075,0.09090909090909091,1.0,0,1.0
robust_center_rooted_tree_smoke/v1,diagnostic_robust_center_rooted_tree_not_calibration,diagnostic_robust_center_root_anchor_not_calibration,5,imbalanced_10pct_outliers,25,tukey_depth_rooted,1.088616189099889,0.2320863074479262,0.39488636363636365,701,702,0.16575973041027792,0.7860356214669075,0.09090909090909091,1.0,0,1.0
robust_center_rooted_tree_smoke/v1,diagnostic_robust_center_rooted_tree_not_calibration,diagnostic_robust_center_root_anchor_not_calibration,5,imbalanced_10pct_outliers,26,centroid_rooted,1.8831156667907771,0.2900298119115571,,701,702,0.0,1.1796050302007997,0.09090909090909091,1.0,0,1.0
robust_center_rooted_tree_smoke/v1,diagnostic_robust_center_rooted_tree_not_calibration,diagnostic_robust_center_root_anchor_not_calibration,5,imbalanced_10pct_outliers,26,geometric_median_rooted,1.4716241615069285,0.2729383554997897,,701,702,0.12792901624478023,1.1796050302007997,0.09090909090909091,1.0,0,1.0
robust_center_rooted_tree_smoke/v1,diagnostic_robust_center_rooted_tree_not_calibration,diagnostic_robust_center_root_anchor_not_calibration,5,imbalanced_10pct_outliers,26,tukey_depth_rooted,1.4716241615069285,0.2729383554997897,0.38920454545454547,701,702,0.12792901624478023,1.1796050302007997,0.09090909090909091,1.0,0,1.0
robust_center_rooted_tree_smoke/v1,diagnostic_robust_center_rooted_tree_not_calibration,diagnostic_robust_center_root_anchor_not_calibration,5,imbalanced_10pct_outliers,27,centroid_rooted,1.8793598617864955,0.36133024606517833,,701,702,0.0,0.9249000220754575,0.09090909090909091,1.0,0,1.0
robust_center_rooted_tree_smoke/v1,diagnostic_robust_center_rooted_tree_not_calibration,diagnostic_robust_center_root_anchor_not_calibration,5,imbalanced_10pct_outliers,27,geometric_median_rooted,1.3603384456434557,0.34894280618709744,,699,700,0.1754235831322261,1.1008402121659895,0.48295454545454547,0.925,2,0.18823529411764706
robust_center_rooted_tree_smoke/v1,diagnostic_robust_center_rooted_tree_not_calibration,diagnostic_robust_center_root_anchor_not_calibration,5,imbalanced_10pct_outliers,27,tukey_depth_rooted,1.3603384456434557,0.34894280618709744,0.4090909090909091,699,700,0.1754235831322261,1.1008402121659895,0.48295454545454547,0.925,2,0.18823529411764706
robust_center_rooted_tree_smoke/v1,diagnostic_robust_center_rooted_tree_not_calibration,diagnostic_robust_center_root_anchor_not_calibration,5,imbalanced_10pct_outliers,28,centroid_rooted,1.1369402561905466,0.18411812155458765,,701,702,2.7755575615628914e-17,0.66239197325981,0.09090909090909091,1.0,0,1.0
robust_center_rooted_tree_smoke/v1,diagnostic_robust_center_rooted_tree_not_calibration,diagnostic_robust_center_root_anchor_not_calibration,5,imbalanced_10pct_outliers,28,geometric_median_rooted,0.8174104621899079,0.15027005414326633,,701,702,0.15640388336772432,0.66239197325981,0.09090909090909091,1.0,0,1.0
robust_center_rooted_tree_smoke/v1,diagnostic_robust_center_rooted_tree_not_calibration,diagnostic_robust_center_root_anchor_not_calibration,5,imbalanced_10pct_outliers,28,tukey_depth_rooted,0.8174104621899079,0.15027005414326633,0.40625,701,702,0.15640388336772432,0.66239197325981,0.09090909090909091,1.0,0,1.0
robust_center_rooted_tree_smoke/v1,diagnostic_robust_center_rooted_tree_not_calibration,diagnostic_robust_center_root_anchor_not_calibration,5,imbalanced_10pct_outliers,29,centroid_rooted,0.9135369565282301,0.19946893217972153,,701,702,2.8609792490763984e-17,0.4406797785780256,0.09090909090909091,1.0,0,1.0
robust_center_rooted_tree_smoke/v1,diagnostic_robust_center_rooted_tree_not_calibration,diagnostic_robust_center_root_anchor_not_calibration,5,imbalanced_10pct_outliers,29,geometric_median_rooted,0.6081157121664268,0.16737932695042618,,701,702,0.2112948014210192,0.4406797785780256,0.09090909090909091,1.0,0,1.0
robust_center_rooted_tree_smoke/v1,diagnostic_robust_center_rooted_tree_not_calibration,diagnostic_robust_center_root_anchor_not_calibration,5,imbalanced_10pct_outliers,29,tukey_depth_rooted,0.6081157121664268,0.16737932695042618,0.41761363636363635,701,702,0.2112948014210192,0.4406797785780256,0.09090909090909091,1.0,0,1.0
robust_center_rooted_tree_smoke/v1,diagnostic_robust_center_rooted_tree_not_calibration,diagnostic_robust_center_root_anchor_not_calibration,20,balanced_clean,0,centroid_rooted,0.21815385101502777,0.05373565377130884,,631,632,0.055196349734680517,0.22014036856353997,0.490625,0.878125,2,0.0
robust_center_rooted_tree_smoke/v1,diagnostic_robust_center_rooted_tree_not_calibration,diagnostic_robust_center_root_anchor_not_calibration,20,balanced_clean,0,geometric_median_rooted,0.2296148658803172,0.05197788774205881,,630,632,0.059417596292459914,0.22414375285366148,0.4625,0.875,2,0.0
robust_center_rooted_tree_smoke/v1,diagnostic_robust_center_rooted_tree_not_calibration,diagnostic_robust_center_root_anchor_not_calibration,20,balanced_clean,0,tukey_depth_rooted,0.21815385101502777,0.05373565377130884,0.434375,631,632,0.055196349734680517,0.22014036856353997,0.490625,0.878125,2,0.0
robust_center_rooted_tree_smoke/v1,diagnostic_robust_center_rooted_tree_not_calibration,diagnostic_robust_center_root_anchor_not_calibration,20,balanced_clean,1,centroid_rooted,0.29854212460989427,0.03396507200194411,,631,634,0.0349612685628913,0.28602980756821783,0.496875,0.940625,0,0.0
robust_center_rooted_tree_smoke/v1,diagnostic_robust_center_rooted_tree_not_calibration,diagnostic_robust_center_root_anchor_not_calibration,20,balanced_clean,1,geometric_median_rooted,0.29991063126233497,0.03701176272713363,,633,634,0.04843344285352155,0.29191416987680197,0.484375,0.940625,0,0.0
robust_center_rooted_tree_smoke/v1,diagnostic_robust_center_rooted_tree_not_calibration,diagnostic_robust_center_root_anchor_not_calibration,20,balanced_clean,1,tukey_depth_rooted,0.29854212460989427,0.03396507200194411,0.428125,631,634,0.0349612685628913,0.28602980756821783,0.496875,0.940625,0,0.0
robust_center_rooted_tree_smoke/v1,diagnostic_robust_center_rooted_tree_not_calibration,diagnostic_robust_center_root_anchor_not_calibration,20,balanced_clean,2,centroid_rooted,0.27730529268598714,0.039570041444520365,,627,631,0.077514839991742,0.2283329792505273,0.225,0.94375,1,0.0
robust_center_rooted_tree_smoke/v1,diagnostic_robust_center_rooted_tree_not_calibration,diagnostic_robust_center_root_anchor_not_calibration,20,balanced_clean,2,geometric_median_rooted,0.27891456275671833,0.041547597088179185,,627,631,0.08874738709959107,0.2283329792505273,0.225,0.94375,1,0.0
robust_center_rooted_tree_smoke/v1,diagnostic_robust_center_rooted_tree_not_calibration,diagnostic_robust_center_root_anchor_not_calibration,20,balanced_clean,2,tukey_depth_rooted,0.27730529268598714,0.039570041444520365,0.434375,627,631,0.077514839991742,0.2283329792505273,0.225,0.94375,1,0.0
robust_center_rooted_tree_smoke/v1,diagnostic_robust_center_rooted_tree_not_calibration,diagnostic_robust_center_root_anchor_not_calibration,20,balanced_clean,3,centroid_rooted,0.18821004583452314,0.06559721868743168,,631,633,0.07440235413346699,0.19965066556035474,0.478125,0.909375,2,0.0
robust_center_rooted_tree_smoke/v1,diagnostic_robust_center_rooted_tree_not_calibration,diagnostic_robust_center_root_anchor_not_calibration,20,balanced_clean,3,geometric_median_rooted,0.20141771265163916,0.07074298558003939,,631,633,0.08883484571283719,0.19965066556035474,0.478125,0.909375,2,0.0
robust_center_rooted_tree_smoke/v1,diagnostic_robust_center_rooted_tree_not_calibration,diagnostic_robust_center_root_anchor_not_calibration,20,balanced_clean,3,tukey_depth_rooted,0.18821004583452314,0.06559721868743168,0.4375,631,633,0.07440235413346699,0.19965066556035474,0.478125,0.909375,2,0.0
robust_center_rooted_tree_smoke/v1,diagnostic_robust_center_rooted_tree_not_calibration,diagnostic_robust_center_root_anchor_not_calibration,20,balanced_clean,4,centroid_rooted,0.23468252340421675,0.04653183909724362,,630,635,0.05866525224582058,0.2583044091741912,0.5,0.95,0,0.0
robust_center_rooted_tree_smoke/v1,diagnostic_robust_center_rooted_tree_not_calibration,diagnostic_robust_center_root_anchor_not_calibration,20,balanced_clean,4,geometric_median_rooted,0.24152879728222965,0.04761426802484877,,630,635,0.06360359376242634,0.2583044091741912,0.5,0.95,0,0.0
robust_center_rooted_tree_smoke/v1,diagnostic_robust_center_rooted_tree_not_calibration,diagnostic_robust_center_root_anchor_not_calibration,20,balanced_clean,4,tukey_depth_rooted,0.23468252340421675,0.04653183909724362,0.43125,630,635,0.05866525224582058,0.2583044091741912,0.5,0.95,0,0.0
robust_center_rooted_tree_smoke/v1,diagnostic_robust_center_rooted_tree_not_calibration,diagnostic_robust_center_root_anchor_not_calibration,20,balanced_clean,5,centroid_rooted,0.3457122765548687,0.03125381476788803,,623,629,0.05469005151076986,0.35314219659283624,0.25,0.95,1,0.0
robust_center_rooted_tree_smoke/v1,diagnostic_robust_center_rooted_tree_not_calibration,diagnostic_robust_center_root_anchor_not_calibration,20,balanced_clean,5,geometric_median_rooted,0.34934352545962283,0.04089605539816187,,628,629,0.055567230790781304,0.35375656575004955,0.28125,0.93125,0,0.0
robust_center_rooted_tree_smoke/v1,diagnostic_robust_center_rooted_tree_not_calibration,diagnostic_robust_center_root_anchor_not_calibration,20,balanced_clean,5,tukey_depth_rooted,0.34934352545962283,0.04089605539816187,0.43125,628,629,0.055567230790781304,0.35375656575004955,0.28125,0.93125,0,0.0
robust_center_rooted_tree_smoke/v1,diagnostic_robust_center_rooted_tree_not_calibration,diagnostic_robust_center_root_anchor_not_calibration,20,balanced_clean,6,centroid_rooted,0.3767736042253774,0.033441673755886164,,630,632,0.06618726194509347,0.352489037510736,0.48125,0.91875,1,0.0
robust_center_rooted_tree_smoke/v1,diagnostic_robust_center_rooted_tree_not_calibration,diagnostic_robust_center_root_anchor_not_calibration,20,balanced_clean,6,geometric_median_rooted,0.38115495331781196,0.03556992541219482,,630,632,0.06223969310766632,0.352489037510736,0.48125,0.91875,1,0.0
robust_center_rooted_tree_smoke/v1,diagnostic_robust_center_rooted_tree_not_calibration,diagnostic_robust_center_root_anchor_not_calibration,20,balanced_clean,6,tukey_depth_rooted,0.3767736042253774,0.033441673755886164,0.4375,630,632,0.06618726194509347,0.352489037510736,0.48125,0.91875,1,0.0
robust_center_rooted_tree_smoke/v1,diagnostic_robust_center_rooted_tree_not_calibration,diagnostic_robust_center_root_anchor_not_calibration,20,balanced_clean,7,centroid_rooted,0.3057442815461738,0.04130193433793077,,634,636,0.046446483943768026,0.29980325329505325,0.5,0.9375,1,0.0
robust_center_rooted_tree_smoke/v1,diagnostic_robust_center_rooted_tree_not_calibration,diagnostic_robust_center_root_anchor_not_calibration,20,balanced_clean,7,geometric_median_rooted,0.3166971722338589,0.04327514127758887,,635,636,0.04973309835095349,0.32096747584918034,0.4875,0.94375,1,0.0
robust_center_rooted_tree_smoke/v1,diagnostic_robust_center_rooted_tree_not_calibration,diagnostic_robust_center_root_anchor_not_calibration,20,balanced_clean,7,tukey_depth_rooted,0.3166971722338589,0.04327514127758887,0.43125,635,636,0.04973309835095349,0.32096747584918034,0.4875,0.94375,1,0.0
robust_center_rooted_tree_smoke/v1,diagnostic_robust_center_rooted_tree_not_calibration,diagnostic_robust_center_root_anchor_not_calibration,20,balanced_clean,8,centroid_rooted,0.240660824922343,0.050892806512717666,,630,633,0.06246182300287772,0.24233846732305817,0.490625,0.921875,1,0.0
robust_center_rooted_tree_smoke/v1,diagnostic_robust_center_rooted_tree_not_calibration,diagnostic_robust_center_root_anchor_not_calibration,20,balanced_clean,8,geometric_median_rooted,0.2497063791966633,0.05363858595111526,,630,633,0.05132180329985728,0.24233846732305817,0.490625,0.921875,1,0.0
robust_center_rooted_tree_smoke/v1,diagnostic_robust_center_rooted_tree_not_calibration,diagnostic_robust_center_root_anchor_not_calibration,20,balanced_clean,8,tukey_depth_rooted,0.2497063791966633,0.05363858595111526,0.421875,630,633,0.05132180329985728,0.24233846732305817,0.490625,0.921875,1,0.0
robust_center_rooted_tree_smoke/v1,diagnostic_robust_center_rooted_tree_not_calibration,diagnostic_robust_center_root_anchor_not_calibration,20,balanced_clean,9,centroid_rooted,0.3077966994964214,0.045625320265771534,,635,636,0.049282575884102876,0.2302223724334789,0.496875,0.934375,0,0.0
robust_center_rooted_tree_smoke/v1,diagnostic_robust_center_rooted_tree_not_calibration,diagnostic_robust_center_root_anchor_not_calibration,20,balanced_clean,9,geometric_median_rooted,0.31726005993359296,0.04889818053232381,,635,636,0.07304360792025212,0.2302223724334789,0.496875,0.934375,0,0.0
robust_center_rooted_tree_smoke/v1,diagnostic_robust_center_rooted_tree_not_calibration,diagnostic_robust_center_root_anchor_not_calibration,20,balanced_clean,9,tukey_depth_rooted,0.31726005993359296,0.04889818053232381,0.440625,635,636,0.07304360792025212,0.2302223724334789,0.496875,0.934375,0,0.0
robust_center_rooted_tree_smoke/v1,diagnostic_robust_center_rooted_tree_not_calibration,diagnostic_robust_center_root_anchor_not_calibration,20,balanced_clean,10,centroid_rooted,0.2479232938856753,0.0405245298721512,,634,635,0.04949698504440229,0.24256727671130496,0.225,0.91875,1,0.0
robust_center_rooted_tree_smoke/v1,diagnostic_robust_center_rooted_tree_not_calibration,diagnostic_robust_center_root_anchor_not_calibration,20,balanced_clean,10,geometric_median_rooted,0.251583859997383,0.04326164064476446,,634,635,0.04997786947979035,0.24256727671130496,0.225,0.91875,1,0.0
robust_center_rooted_tree_smoke/v1,diagnostic_robust_center_rooted_tree_not_calibration,diagnostic_robust_center_root_anchor_not_calibration,20,balanced_clean,10,tukey_depth_rooted,0.2479232938856753,0.0405245298721512,0.428125,634,635,0.04949698504440229,0.24256727671130496,0.225,0.91875,1,0.0
robust_center_rooted_tree_smoke/v1,diagnostic_robust_center_rooted_tree_not_calibration,diagnostic_robust_center_root_anchor_not_calibration,20,balanced_clean,11,centroid_rooted,0.36249796869118667,0.020882602539253076,,633,634,0.07972101792807601,0.42744455415291344,0.496875,0.921875,0,0.0
robust_center_rooted_tree_smoke/v1,diagnostic_robust_center_rooted_tree_not_calibration,diagnostic_robust_center_root_anchor_not_calibration,20,balanced_clean,11,geometric_median_rooted,0.39028222030405446,0.023118228431316272,,633,634,0.059752986143764335,0.42744455415291344,0.496875,0.921875,0,0.0
robust_center_rooted_tree_smoke/v1,diagnostic_robust_center_rooted_tree_not_calibration,diagnostic_robust_center_root_anchor_not_calibration,20,balanced_clean,11,tukey_depth_rooted,0.36249796869118667,0.020882602539253076,0.43125,633,634,0.07972101792807601,0.42744455415291344,0.496875,0.921875,0,0.0
robust_center_rooted_tree_smoke/v1,diagnostic_robust_center_rooted_tree_not_calibration,diagnostic_robust_center_root_anchor_not_calibration,20,balanced_clean,12,centroid_rooted,0.2558012734592944,0.04629812204376503,,632,633,0.04264212155346909,0.2636983222657802,0.234375,0.934375,1,0.0
robust_center_rooted_tree_smoke/v1,diagnostic_robust_center_rooted_tree_not_calibration,diagnostic_robust_center_root_anchor_not_calibration,20,balanced_clean,12,geometric_median_rooted,0.2612607787814036,0.05201547045701853,,632,633,0.055781717152817614,0.2636983222657802,0.234375,0.934375,1,0.0
robust_center_rooted_tree_smoke/v1,diagnostic_robust_center_rooted_tree_not_calibration,diagnostic_robust_center_root_anchor_not_calibration,20,balanced_clean,12,tukey_depth_rooted,0.2558012734592944,0.04629812204376503,0.4375,632,633,0.04264212155346909,0.2636983222657802,0.234375,0.934375,1,0.0
robust_center_rooted_tree_smoke/v1,diagnostic_robust_center_rooted_tree_not_calibration,diagnostic_robust_center_root_anchor_not_calibration,20,balanced_clean,13,centroid_rooted,0.2714718236693331,0.03720136047038803,,631,632,0.07801119932212731,0.2823021681007508,0.29375,0.91875,1,0.0
robust_center_rooted_tree_smoke/v1,diagnostic_robust_center_rooted_tree_not_calibration,diagnostic_robust_center_root_anchor_not_calibration,20,balanced_clean,13,geometric_median_rooted,0.28639857994994705,0.03914538032472347,,631,632,0.07725709804272574,0.2823021681007508,0.29375,0.91875,1,0.0
robust_center_rooted_tree_smoke/v1,diagnostic_robust_center_rooted_tree_not_calibration,diagnostic_robust_center_root_anchor_not_calibration,20,balanced_clean,13,tukey_depth_rooted,0.2714718236693331,0.03720136047038803,0.41875,631,632,0.07801119932212731,0.2823021681007508,0.29375,0.91875,1,0.0
robust_center_rooted_tree_smoke/v1,diagnostic_robust_center_rooted_tree_not_calibration,diagnostic_robust_center_root_anchor_not_calibration,20,balanced_clean,14,centroid_rooted,0.3008493879235673,0.024998502143689046,,626,629,0.06687262447219863,0.3354471522632968,0.425,0.90625,2,0.0
robust_center_rooted_tree_smoke/v1,diagnostic_robust_center_rooted_tree_not_calibration,diagnostic_robust_center_root_anchor_not_calibration,20,balanced_clean,14,geometric_median_rooted,0.3181756155746339,0.028482904303052503,,628,629,0.07092872985824254,0.3355735649799312,0.465625,0.909375,2,0.0
robust_center_rooted_tree_smoke/v1,diagnostic_robust_center_rooted_tree_not_calibration,diagnostic_robust_center_root_anchor_not_calibration,20,balanced_clean,14,tukey_depth_rooted,0.3008493879235673,0.024998502143689046,0.421875,626,629,0.06687262447219863,0.3354471522632968,0.425,0.90625,2,0.0
robust_center_rooted_tree_smoke/v1,diagnostic_robust_center_rooted_tree_not_calibration,diagnostic_robust_center_root_anchor_not_calibration,20,balanced_clean,15,centroid_rooted,0.2776764926328029,0.047519001590355034,,631,632,0.044792502583229525,0.2652330104078622,0.271875,0.928125,1,0.0
robust_center_rooted_tree_smoke/v1,diagnostic_robust_center_rooted_tree_not_calibration,diagnostic_robust_center_root_anchor_not_calibration,20,balanced_clean,15,geometric_median_rooted,0.29810217041674875,0.056349392368071016,,631,632,0.057409661155290274,0.2652330104078622,0.271875,0.928125,1,0.0
robust_center_rooted_tree_smoke/v1,diagnostic_robust_center_rooted_tree_not_calibration,diagnostic_robust_center_root_anchor_not_calibration,20,balanced_clean,15,tukey_depth_rooted,0.2776764926328029,0.047519001590355034,0.440625,631,632,0.044792502583229525,0.2652330104078622,0.271875,0.928125,1,0.0
robust_center_rooted_tree_smoke/v1,diagnostic_robust_center_rooted_tree_not_calibration,diagnostic_robust_center_root_anchor_not_calibration,20,balanced_clean,16,centroid_rooted,0.2807284760286323,0.04413602030265034,,636,637,0.02187525449194641,0.2746860839819237,0.5,0.91875,1,0.0
robust_center_rooted_tree_smoke/v1,diagnostic_robust_center_rooted_tree_not_calibration,diagnostic_robust_center_root_anchor_not_calibration,20,balanced_clean,16,geometric_median_rooted,0.2899937559400027,0.047150104753507616,,635,637,0.04355774369735564,0.2744489212025913,0.496875,0.921875,1,0.0
robust_center_rooted_tree_smoke/v1,diagnostic_robust_center_rooted_tree_not_calibration,diagnostic_robust_center_root_anchor_not_calibration,20,balanced_clean,16,tukey_depth_rooted,0.2899937559400027,0.047150104753507616,0.425,635,637,0.04355774369735564,0.2744489212025913,0.496875,0.921875,1,0.0
robust_center_rooted_tree_smoke/v1,diagnostic_robust_center_rooted_tree_not_calibration,diagnostic_robust_center_root_anchor_not_calibration,20,balanced_clean,17,centroid_rooted,0.2472610797391762,0.03735690140659243,,621,626,0.07045600339728902,0.26767844819631464,0.484375,0.903125,3,0.0
robust_center_rooted_tree_smoke/v1,diagnostic_robust_center_rooted_tree_not_calibration,diagnostic_robust_center_root_anchor_not_calibration,20,balanced_clean,17,geometric_median_rooted,0.27284511176597176,0.04016389163420174,,621,626,0.073010559708015,0.26767844819631464,0.484375,0.903125,3,0.0
robust_center_rooted_tree_smoke/v1,diagnostic_robust_center_rooted_tree_not_calibration,diagnostic_robust_center_root_anchor_not_calibration,20,balanced_clean,17,tukey_depth_rooted,0.2472610797391762,0.03735690140659243,0.43125,621,626,0.07045600339728902,0.26767844819631464,0.484375,0.903125,3,0.0
robust_center_rooted_tree_smoke/v1,diagnostic_robust_center_rooted_tree_not_calibration,diagnostic_robust_center_root_anchor_not_calibration,20,balanced_clean,18,centroid_rooted,0.20392866689320396,0.03203092038333586,,631,635,0.03460082973728718,0.2159598070659872,0.221875,0.928125,1,0.0
robust_center_rooted_tree_smoke/v1,diagnostic_robust_center_rooted_tree_not_calibration,diagnostic_robust_center_root_anchor_not_calibration,20,balanced_clean,18,geometric_median_rooted,0.2268412082719185,0.03646001381642859,,634,635,0.049569482762960325,0.21575744575539502,0.23125,0.925,1,0.0
robust_center_rooted_tree_smoke/v1,diagnostic_robust_center_rooted_tree_not_calibration,diagnostic_robust_center_root_anchor_not_calibration,20,balanced_clean,18,tukey_depth_rooted,0.20392866689320396,0.03203092038333586,0.4375,631,635,0.03460082973728718,0.2159598070659872,0.221875,0.928125,1,0.0
robust_center_rooted_tree_smoke/v1,diagnostic_robust_center_rooted_tree_not_calibration,diagnostic_robust_center_root_anchor_not_calibration,20,balanced_clean,19,centroid_rooted,0.22966337461876904,0.04590070829964273,,630,633,0.048227809496016245,0.21811463513118623,0.475,0.9125,2,0.0
robust_center_rooted_tree_smoke/v1,diagnostic_robust_center_rooted_tree_not_calibration,diagnostic_robust_center_root_anchor_not_calibration,20,balanced_clean,19,geometric_median_rooted,0.24315942889326753,0.05164125165497408,,631,633,0.055889834406986125,0.22665871060912277,0.45,0.91875,2,0.0
robust_center_rooted_tree_smoke/v1,diagnostic_robust_center_rooted_tree_not_calibration,diagnostic_robust_center_root_anchor_not_calibration,20,balanced_clean,19,tukey_depth_rooted,0.22966337461876904,0.04590070829964273,0.4375,630,633,0.048227809496016245,0.21811463513118623,0.475,0.9125,2,0.0
robust_center_rooted_tree_smoke/v1,diagnostic_robust_center_rooted_tree_not_calibration,diagnostic_robust_center_root_anchor_not_calibration,20,balanced_clean,20,centroid_rooted,0.2873207325241376,0.029744485458803097,,629,634,0.04350397411714726,0.2881751905257544,0.475,0.8875,3,0.0
robust_center_rooted_tree_smoke/v1,diagnostic_robust_center_rooted_tree_not_calibration,diagnostic_robust_center_root_anchor_not_calibration,20,balanced_clean,20,geometric_median_rooted,0.3051856064772473,0.03653062611017711,,629,634,0.040877148302844536,0.2881751905257544,0.475,0.8875,3,0.0
robust_center_rooted_tree_smoke/v1,diagnostic_robust_center_rooted_tree_not_calibration,diagnostic_robust_center_root_anchor_not_calibration,20,balanced_clean,20,tukey_depth_rooted,0.2873207325241376,0.029744485458803097,0.41875,629,634,0.04350397411714726,0.2881751905257544,0.475,0.8875,3,0.0
robust_center_rooted_tree_smoke/v1,diagnostic_robust_center_rooted_tree_not_calibration,diagnostic_robust_center_root_anchor_not_calibration,20,balanced_clean,21,centroid_rooted,0.31785528266251156,0.04345557087793286,,630,633,0.04967169585508786,0.28337779164509963,0.209375,0.915625,1,0.0
robust_center_rooted_tree_smoke/v1,diagnostic_robust_center_rooted_tree_not_calibration,diagnostic_robust_center_root_anchor_not_calibration,20,balanced_clean,21,geometric_median_rooted,0.3251764680243927,0.05078287594849474,,630,633,0.07014211207343946,0.28337779164509963,0.209375,0.915625,1,0.0
robust_center_rooted_tree_smoke/v1,diagnostic_robust_center_rooted_tree_not_calibration,diagnostic_robust_center_root_anchor_not_calibration,20,balanced_clean,21,tukey_depth_rooted,0.31785528266251156,0.04345557087793286,0.44375,630,633,0.04967169585508786,0.28337779164509963,0.209375,0.915625,1,0.0
robust_center_rooted_tree_smoke/v1,diagnostic_robust_center_rooted_tree_not_calibration,diagnostic_robust_center_root_anchor_not_calibration,20,balanced_clean,22,centroid_rooted,0.268701541515575,0.007169465326108965,,626,634,0.055765974519787785,0.2093987765949333,0.23125,0.95,1,0.0
robust_center_rooted_tree_smoke/v1,diagnostic_robust_center_rooted_tree_not_calibration,diagnostic_robust_center_root_anchor_not_calibration,20,balanced_clean,22,geometric_median_rooted,0.28575615641226204,0.010142689300978839,,633,634,0.057109178337208785,0.2600895124903732,0.25,0.9375,1,0.0
robust_center_rooted_tree_smoke/v1,diagnostic_robust_center_rooted_tree_not_calibration,diagnostic_robust_center_root_anchor_not_calibration,20,balanced_clean,22,tukey_depth_rooted,0.268701541515575,0.007169465326108965,0.421875,626,634,0.055765974519787785,0.2093987765949333,0.23125,0.95,1,0.0
robust_center_rooted_tree_smoke/v1,diagnostic_robust_center_rooted_tree_not_calibration,diagnostic_robust_center_root_anchor_not_calibration,20,balanced_clean,23,centroid_rooted,0.2257295629412669,0.030567695927478752,,628,629,0.08558731318971748,0.25184480575245144,0.471875,0.865625,3,0.0
robust_center_rooted_tree_smoke/v1,diagnostic_robust_center_rooted_tree_not_calibration,diagnostic_robust_center_root_anchor_not_calibration,20,balanced_clean,23,geometric_median_rooted,0.22389616480498398,0.03584714237414899,,628,629,0.08877554568389111,0.25184480575245144,0.471875,0.865625,3,0.0
robust_center_rooted_tree_smoke/v1,diagnostic_robust_center_rooted_tree_not_calibration,diagnostic_robust_center_root_anchor_not_calibration,20,balanced_clean,23,tukey_depth_rooted,0.2257295629412669,0.030567695927478752,0.44375,628,629,0.08558731318971748,0.25184480575245144,0.471875,0.865625,3,0.0
robust_center_rooted_tree_smoke/v1,diagnostic_robust_center_rooted_tree_not_calibration,diagnostic_robust_center_root_anchor_not_calibration,20,balanced_clean,24,centroid_rooted,0.2445762810617232,0.027568837667930852,,629,632,0.05963257980599867,0.2633675778593184,0.496875,0.909375,2,0.0
robust_center_rooted_tree_smoke/v1,diagnostic_robust_center_rooted_tree_not_calibration,diagnostic_robust_center_root_anchor_not_calibration,20,balanced_clean,24,geometric_median_rooted,0.2482491911421895,0.02931437193052052,,629,632,0.05408836561324867,0.2633675778593184,0.496875,0.909375,2,0.0
robust_center_rooted_tree_smoke/v1,diagnostic_robust_center_rooted_tree_not_calibration,diagnostic_robust_center_root_anchor_not_calibration,20,balanced_clean,24,tukey_depth_rooted,0.2445762810617232,0.027568837667930852,0.425,629,632,0.05963257980599867,0.2633675778593184,0.496875,0.909375,2,0.0
robust_center_rooted_tree_smoke/v1,diagnostic_robust_center_rooted_tree_not_calibration,diagnostic_robust_center_root_anchor_not_calibration,20,balanced_clean,25,centroid_rooted,0.19623462878614886,0.03146624051453721,,630,631,0.08609619520883437,0.19869875533806422,0.484375,0.884375,3,0.0
robust_center_rooted_tree_smoke/v1,diagnostic_robust_center_rooted_tree_not_calibration,diagnostic_robust_center_root_anchor_not_calibration,20,balanced_clean,25,geometric_median_rooted,0.19678112686456717,0.030916352325018034,,630,631,0.09193876398105746,0.19869875533806422,0.484375,0.884375,3,0.0
robust_center_rooted_tree_smoke/v1,diagnostic_robust_center_rooted_tree_not_calibration,diagnostic_robust_center_root_anchor_not_calibration,20,balanced_clean,25,tukey_depth_rooted,0.19623462878614886,0.03146624051453721,0.4375,630,631,0.08609619520883437,0.19869875533806422,0.484375,0.884375,3,0.0
robust_center_rooted_tree_smoke/v1,diagnostic_robust_center_rooted_tree_not_calibration,diagnostic_robust_center_root_anchor_not_calibration,20,balanced_clean,26,centroid_rooted,0.30499467816718423,0.06064194634087195,,631,632,0.06963228868007093,0.3222277651569648,0.459375,0.928125,2,0.0
robust_center_rooted_tree_smoke/v1,diagnostic_robust_center_rooted_tree_not_calibration,diagnostic_robust_center_root_anchor_not_calibration,20,balanced_clean,26,geometric_median_rooted,0.3293969470051056,0.06749734676760438,,631,632,0.059381344526827765,0.3222277651569648,0.459375,0.928125,2,0.0
robust_center_rooted_tree_smoke/v1,diagnostic_robust_center_rooted_tree_not_calibration,diagnostic_robust_center_root_anchor_not_calibration,20,balanced_clean,26,tukey_depth_rooted,0.30499467816718423,0.06064194634087195,0.434375,631,632,0.06963228868007093,0.3222277651569648,0.459375,0.928125,2,0.0
robust_center_rooted_tree_smoke/v1,diagnostic_robust_center_rooted_tree_not_calibration,diagnostic_robust_center_root_anchor_not_calibration,20,balanced_clean,27,centroid_rooted,0.1694771620511594,0.04044827071312717,,627,632,0.07094814906891558,0.2018486207549663,0.240625,0.921875,1,0.0
robust_center_rooted_tree_smoke/v1,diagnostic_robust_center_rooted_tree_not_calibration,diagnostic_robust_center_root_anchor_not_calibration,20,balanced_clean,27,geometric_median_rooted,0.18222881137156846,0.05078781399312601,,630,632,0.07965076446397612,0.20634370212258601,0.271875,0.903125,2,0.0
robust_center_rooted_tree_smoke/v1,diagnostic_robust_center_rooted_tree_not_calibration,diagnostic_robust_center_root_anchor_not_calibration,20,balanced_clean,27,tukey_depth_rooted,0.18222881137156846,0.05078781399312601,0.434375,630,632,0.07965076446397612,0.20634370212258601,0.271875,0.903125,2,0.0
robust_center_rooted_tree_smoke/v1,diagnostic_robust_center_rooted_tree_not_calibration,diagnostic_robust_center_root_anchor_not_calibration,20,balanced_clean,28,centroid_rooted,0.13986284587818615,0.027153917919507366,,633,635,0.10382708204296348,0.21289026931643645,0.24375,0.8875,1,0.0
robust_center_rooted_tree_smoke/v1,diagnostic_robust_center_rooted_tree_not_calibration,diagnostic_robust_center_root_anchor_not_calibration,20,balanced_clean,28,geometric_median_rooted,0.15293773467573202,0.03342178518280573,,633,635,0.0895765469332664,0.21289026931643645,0.24375,0.8875,1,0.0
robust_center_rooted_tree_smoke/v1,diagnostic_robust_center_rooted_tree_not_calibration,diagnostic_robust_center_root_anchor_not_calibration,20,balanced_clean,28,tukey_depth_rooted,0.13986284587818615,0.027153917919507366,0.428125,633,635,0.10382708204296348,0.21289026931643645,0.24375,0.8875,1,0.0
robust_center_rooted_tree_smoke/v1,diagnostic_robust_center_rooted_tree_not_calibration,diagnostic_robust_center_root_anchor_not_calibration,20,balanced_clean,29,centroid_rooted,0.210840598254389,0.04432925433900379,,632,633,0.0624987709451041,0.19763078157414232,0.484375,0.965625,0,0.0
robust_center_rooted_tree_smoke/v1,diagnostic_robust_center_rooted_tree_not_calibration,diagnostic_robust_center_root_anchor_not_calibration,20,balanced_clean,29,geometric_median_rooted,0.2337306116780511,0.053029134530925795,,630,633,0.0858684701143302,0.19803406859109646,0.490625,0.959375,0,0.0
robust_center_rooted_tree_smoke/v1,diagnostic_robust_center_rooted_tree_not_calibration,diagnostic_robust_center_root_anchor_not_calibration,20,balanced_clean,29,tukey_depth_rooted,0.2337306116780511,0.053029134530925795,0.428125,630,633,0.0858684701143302,0.19803406859109646,0.490625,0.959375,0,0.0
robust_center_rooted_tree_smoke/v1,diagnostic_robust_center_rooted_tree_not_calibration,diagnostic_robust_center_root_anchor_not_calibration,20,balanced_10pct_outliers,0,centroid_rooted,1.2027404682441765,0.08017717417997922,,701,702,6.516334670167245e-17,0.24645412758873722,0.09090909090909091,1.0,0,1.0
robust_center_rooted_tree_smoke/v1,diagnostic_robust_center_rooted_tree_not_calibration,diagnostic_robust_center_root_anchor_not_calibration,20,balanced_10pct_outliers,0,geometric_median_rooted,0.6368934007025161,0.03774463403632221,,701,702,0.030572606858263456,0.24645412758873722,0.09090909090909091,1.0,0,1.0
robust_center_rooted_tree_smoke/v1,diagnostic_robust_center_rooted_tree_not_calibration,diagnostic_robust_center_root_anchor_not_calibration,20,balanced_10pct_outliers,0,tukey_depth_rooted,0.6368934007025161,0.03774463403632221,0.4289772727272727,701,702,0.030572606858263456,0.24645412758873722,0.09090909090909091,1.0,0,1.0
robust_center_rooted_tree_smoke/v1,diagnostic_robust_center_rooted_tree_not_calibration,diagnostic_robust_center_root_anchor_not_calibration,20,balanced_10pct_outliers,1,centroid_rooted,1.0795178073280973,0.09697724544791848,,701,702,3.180466001656982e-17,0.34522380863949387,0.09090909090909091,1.0,0,1.0
robust_center_rooted_tree_smoke/v1,diagnostic_robust_center_rooted_tree_not_calibration,diagnostic_robust_center_root_anchor_not_calibration,20,balanced_10pct_outliers,1,geometric_median_rooted,0.5499522762450675,0.06416594084166215,,701,702,0.03975469509800514,0.34522380863949387,0.09090909090909091,1.0,0,1.0
robust_center_rooted_tree_smoke/v1,diagnostic_robust_center_rooted_tree_not_calibration,diagnostic_robust_center_root_anchor_not_calibration,20,balanced_10pct_outliers,1,tukey_depth_rooted,0.5499522762450675,0.06416594084166215,0.42329545454545453,701,702,0.03975469509800514,0.34522380863949387,0.09090909090909091,1.0,0,1.0
robust_center_rooted_tree_smoke/v1,diagnostic_robust_center_rooted_tree_not_calibration,diagnostic_robust_center_root_anchor_not_calibration,20,balanced_10pct_outliers,2,centroid_rooted,1.009878654771775,0.08592830408525026,,701,702,6.418476861114186e-17,0.31246892361612083,0.09090909090909091,1.0,0,1.0
robust_center_rooted_tree_smoke/v1,diagnostic_robust_center_rooted_tree_not_calibration,diagnostic_robust_center_root_anchor_not_calibration,20,balanced_10pct_outliers,2,geometric_median_rooted,0.4930191146413706,0.06669011010904374,,701,702,0.05394596390935755,0.31246892361612083,0.09090909090909091,1.0,0,1.0
robust_center_rooted_tree_smoke/v1,diagnostic_robust_center_rooted_tree_not_calibration,diagnostic_robust_center_root_anchor_not_calibration,20,balanced_10pct_outliers,2,tukey_depth_rooted,0.4930191146413706,0.06669011010904374,0.4346590909090909,701,702,0.05394596390935755,0.31246892361612083,0.09090909090909091,1.0,0,1.0
robust_center_rooted_tree_smoke/v1,diagnostic_robust_center_rooted_tree_not_calibration,diagnostic_robust_center_root_anchor_not_calibration,20,balanced_10pct_outliers,3,centroid_rooted,1.1104511622526279,0.10786123401460067,,701,702,2.8451580443804176e-17,0.35023441187194454,0.09090909090909091,1.0,0,1.0
robust_center_rooted_tree_smoke/v1,diagnostic_robust_center_rooted_tree_not_calibration,diagnostic_robust_center_root_anchor_not_calibration,20,balanced_10pct_outliers,3,geometric_median_rooted,0.5753230137904853,0.07634767360157882,,701,702,0.04266569927006133,0.35023441187194454,0.09090909090909091,1.0,0,1.0
robust_center_rooted_tree_smoke/v1,diagnostic_robust_center_rooted_tree_not_calibration,diagnostic_robust_center_root_anchor_not_calibration,20,balanced_10pct_outliers,3,tukey_depth_rooted,0.5753230137904853,0.07634767360157882,0.41761363636363635,701,702,0.04266569927006133,0.35023441187194454,0.09090909090909091,1.0,0,1.0
robust_center_rooted_tree_smoke/v1,diagnostic_robust_center_rooted_tree_not_calibration,diagnostic_robust_center_root_anchor_not_calibration,20,balanced_10pct_outliers,4,centroid_rooted,1.1074217768882226,0.10883975803688178,,701,702,5.721958498152797e-17,0.2892781683384455,0.09090909090909091,1.0,0,1.0
robust_center_rooted_tree_smoke/v1,diagnostic_robust_center_rooted_tree_not_calibration,diagnostic_robust_center_root_anchor_not_calibration,20,balanced_10pct_outliers,4,geometric_median_rooted,0.553642506278585,0.09616709425556921,,701,702,0.06734228795565395,0.2892781683384455,0.09090909090909091,1.0,0,1.0
robust_center_rooted_tree_smoke/v1,diagnostic_robust_center_rooted_tree_not_calibration,diagnostic_robust_center_root_anchor_not_calibration,20,balanced_10pct_outliers,4,tukey_depth_rooted,0.553642506278585,0.09616709425556921,0.4090909090909091,701,702,0.06734228795565395,0.2892781683384455,0.09090909090909091,1.0,0,1.0
robust_center_rooted_tree_smoke/v1,diagnostic_robust_center_rooted_tree_not_calibration,diagnostic_robust_center_root_anchor_not_calibration,20,balanced_10pct_outliers,5,centroid_rooted,1.1014905339001213,0.06846430992546874,,701,702,1.0693553686590446e-17,0.19565325185822482,0.09090909090909091,1.0,0,1.0
robust_center_rooted_tree_smoke/v1,diagnostic_robust_center_rooted_tree_not_calibration,diagnostic_robust_center_root_anchor_not_calibration,20,balanced_10pct_outliers,5,geometric_median_rooted,0.5085614483645752,0.0701744547358135,,701,702,0.05165692124390053,0.19565325185822482,0.09090909090909091,1.0,0,1.0
robust_center_rooted_tree_smoke/v1,diagnostic_robust_center_rooted_tree_not_calibration,diagnostic_robust_center_root_anchor_not_calibration,20,balanced_10pct_outliers,5,tukey_depth_rooted,0.5085614483645752,0.0701744547358135,0.42045454545454547,701,702,0.05165692124390053,0.19565325185822482,0.09090909090909091,1.0,0,1.0
robust_center_rooted_tree_smoke/v1,diagnostic_robust_center_rooted_tree_not_calibration,diagnostic_robust_center_root_anchor_not_calibration,20,balanced_10pct_outliers,6,centroid_rooted,1.1281330703089725,0.09702256918997516,,701,702,5.887846720064156e-17,0.2010181110236251,0.09090909090909091,1.0,0,1.0
robust_center_rooted_tree_smoke/v1,diagnostic_robust_center_rooted_tree_not_calibration,diagnostic_robust_center_root_anchor_not_calibration,20,balanced_10pct_outliers,6,geometric_median_rooted,0.565756251865555,0.06646185427631437,,701,702,0.047650324037835604,0.2010181110236251,0.09090909090909091,1.0,0,1.0
robust_center_rooted_tree_smoke/v1,diagnostic_robust_center_rooted_tree_not_calibration,diagnostic_robust_center_root_anchor_not_calibration,20,balanced_10pct_outliers,6,tukey_depth_rooted,0.565756251865555,0.06646185427631437,0.4119318181818182,701,702,0.047650324037835604,0.2010181110236251,0.09090909090909091,1.0,0,1.0
robust_center_rooted_tree_smoke/v1,diagnostic_robust_center_rooted_tree_not_calibration,diagnostic_robust_center_root_anchor_not_calibration,20,balanced_10pct_outliers,7,centroid_rooted,1.1605395575123147,0.12083059550250687,,701,702,3.878959614448864e-18,0.26897289268427754,0.09090909090909091,1.0,0,1.0
robust_center_rooted_tree_smoke/v1,diagnostic_robust_center_rooted_tree_not_calibration,diagnostic_robust_center_root_anchor_not_calibration,20,balanced_10pct_outliers,7,geometric_median_rooted,0.5693904861543283,0.08732380670221757,,701,702,0.04920857142214629,0.26897289268427754,0.09090909090909091,1.0,0,1.0
robust_center_rooted_tree_smoke/v1,diagnostic_robust_center_rooted_tree_not_calibration,diagnostic_robust_center_root_anchor_not_calibration,20,balanced_10pct_outliers,7,tukey_depth_rooted,0.5693904861543283,0.08732380670221757,0.42329545454545453,701,702,0.04920857142214629,0.26897289268427754,0.09090909090909091,1.0,0,1.0
robust_center_rooted_tree_smoke/v1,diagnostic_robust_center_rooted_tree_not_calibration,diagnostic_robust_center_root_anchor_not_calibration,20,balanced_10pct_outliers,8,centroid_rooted,1.2168182060962762,0.13374080069521285,,701,702,2.7758963540648015e-17,0.2912894799183211,0.09090909090909091,1.0,0,1.0
robust_center_rooted_tree_smoke/v1,diagnostic_robust_center_rooted_tree_not_calibration,diagnostic_robust_center_root_anchor_not_calibration,20,balanced_10pct_outliers,8,geometric_median_rooted,0.6422834634206334,0.09904165884004357,,701,702,0.035223213853841556,0.2912894799183211,0.09090909090909091,1.0,0,1.0
robust_center_rooted_tree_smoke/v1,diagnostic_robust_center_rooted_tree_not_calibration,diagnostic_robust_center_root_anchor_not_calibration,20,balanced_10pct_outliers,8,tukey_depth_rooted,0.6422834634206334,0.09904165884004357,0.4289772727272727,701,702,0.035223213853841556,0.2912894799183211,0.09090909090909091,1.0,0,1.0
robust_center_rooted_tree_smoke/v1,diagnostic_robust_center_rooted_tree_not_calibration,diagnostic_robust_center_root_anchor_not_calibration,20,balanced_10pct_outliers,9,centroid_rooted,1.1449526347978887,0.034829976998185005,,701,702,7.351754202591932e-17,0.2939597658340738,0.09090909090909091,1.0,0,1.0
robust_center_rooted_tree_smoke/v1,diagnostic_robust_center_rooted_tree_not_calibration,diagnostic_robust_center_root_anchor_not_calibration,20,balanced_10pct_outliers,9,geometric_median_rooted,0.5718639056010916,0.038284860639632566,,701,702,0.036533484801928036,0.2939597658340738,0.09090909090909091,1.0,0,1.0
robust_center_rooted_tree_smoke/v1,diagnostic_robust_center_rooted_tree_not_calibration,diagnostic_robust_center_root_anchor_not_calibration,20,balanced_10pct_outliers,9,tukey_depth_rooted,0.5718639056010916,0.038284860639632566,0.42329545454545453,701,702,0.036533484801928036,0.2939597658340738,0.09090909090909091,1.0,0,1.0
robust_center_rooted_tree_smoke/v1,diagnostic_robust_center_rooted_tree_not_calibration,diagnostic_robust_center_root_anchor_not_calibration,20,balanced_10pct_outliers,10,centroid_rooted,1.0399880972289157,0.042029396458837194,,701,702,4.682197095684425e-18,0.21333402462088033,0.09090909090909091,1.0,0,1.0
robust_center_rooted_tree_smoke/v1,diagnostic_robust_center_rooted_tree_not_calibration,diagnostic_robust_center_root_anchor_not_calibration,20,balanced_10pct_outliers,10,geometric_median_rooted,0.4312855639835081,0.010010789435518126,,701,702,0.03939014589602991,0.21333402462088033,0.09090909090909091,1.0,0,1.0
robust_center_rooted_tree_smoke/v1,diagnostic_robust_center_rooted_tree_not_calibration,diagnostic_robust_center_root_anchor_not_calibration,20,balanced_10pct_outliers,10,tukey_depth_rooted,0.4312855639835081,0.010010789435518126,0.42613636363636365,701,702,0.03939014589602991,0.21333402462088033,0.09090909090909091,1.0,0,1.0
robust_center_rooted_tree_smoke/v1,diagnostic_robust_center_rooted_tree_not_calibration,diagnostic_robust_center_root_anchor_not_calibration,20,balanced_10pct_outliers,11,centroid_rooted,1.0055500112599667,0.07127196874115933,,701,702,5.250225931237847e-17,0.31361944231019323,0.09090909090909091,1.0,0,1.0
robust_center_rooted_tree_smoke/v1,diagnostic_robust_center_rooted_tree_not_calibration,diagnostic_robust_center_root_anchor_not_calibration,20,balanced_10pct_outliers,11,geometric_median_rooted,0.49445261517946665,0.03648169522582831,,701,702,0.042532516541142165,0.31361944231019323,0.09090909090909091,1.0,0,1.0
robust_center_rooted_tree_smoke/v1,diagnostic_robust_center_rooted_tree_not_calibration,diagnostic_robust_center_root_anchor_not_calibration,20,balanced_10pct_outliers,11,tukey_depth_rooted,0.49445261517946665,0.03648169522582831,0.42045454545454547,701,702,0.042532516541142165,0.31361944231019323,0.09090909090909091,1.0,0,1.0
robust_center_rooted_tree_smoke/v1,diagnostic_robust_center_rooted_tree_not_calibration,diagnostic_robust_center_root_anchor_not_calibration,20,balanced_10pct_outliers,12,centroid_rooted,1.128772373574553,0.140870465134991,,701,702,7.410741937918042e-18,0.2503096451867945,0.09090909090909091,1.0,0,1.0
robust_center_rooted_tree_smoke/v1,diagnostic_robust_center_rooted_tree_not_calibration,diagnostic_robust_center_root_anchor_not_calibration,20,balanced_10pct_outliers,12,geometric_median_rooted,0.5823772759474874,0.0984366901106309,,701,702,0.05440143335511055,0.2503096451867945,0.09090909090909091,1.0,0,1.0
robust_center_rooted_tree_smoke/v1,diagnostic_robust_center_rooted_tree_not_calibration,diagnostic_robust_center_root_anchor_not_calibration,20,balanced_10pct_outliers,12,tukey_depth_rooted,0.5823772759474874,0.0984366901106309,0.41761363636363635,701,702,0.05440143335511055,0.2503096451867945,0.09090909090909091,1.0,0,1.0
robust_center_rooted_tree_smoke/v1,diagnostic_robust_center_rooted_tree_not_calibration,diagnostic_robust_center_root_anchor_not_calibration,20,balanced_10pct_outliers,13,centroid_rooted,1.170175300696119,0.053547719401420835,,701,702,5.551115123125783e-17,0.2617629984085004,0.09090909090909091,1.0,0,1.0
robust_center_rooted_tree_smoke/v1,diagnostic_robust_center_rooted_tree_not_calibration,diagnostic_robust_center_root_anchor_not_calibration,20,balanced_10pct_outliers,13,geometric_median_rooted,0.6025843037993679,0.05076205987596831,,701,702,0.039074527408691315,0.2617629984085004,0.09090909090909091,1.0,0,1.0
robust_center_rooted_tree_smoke/v1,diagnostic_robust_center_rooted_tree_not_calibration,diagnostic_robust_center_root_anchor_not_calibration,20,balanced_10pct_outliers,13,tukey_depth_rooted,0.6025843037993679,0.05076205987596831,0.42045454545454547,701,702,0.039074527408691315,0.2617629984085004,0.09090909090909091,1.0,0,1.0
robust_center_rooted_tree_smoke/v1,diagnostic_robust_center_rooted_tree_not_calibration,diagnostic_robust_center_root_anchor_not_calibration,20,balanced_10pct_outliers,14,centroid_rooted,1.2013965360349463,0.12275154322654287,,701,702,1.4304896245381992e-17,0.3137028534762764,0.09090909090909091,1.0,0,1.0
robust_center_rooted_tree_smoke/v1,diagnostic_robust_center_rooted_tree_not_calibration,diagnostic_robust_center_root_anchor_not_calibration,20,balanced_10pct_outliers,14,geometric_median_rooted,0.650711314562141,0.06982641203132804,,701,702,0.056322095754768126,0.3137028534762764,0.09090909090909091,1.0,0,1.0
robust_center_rooted_tree_smoke/v1,diagnostic_robust_center_rooted_tree_not_calibration,diagnostic_robust_center_root_anchor_not_calibration,20,balanced_10pct_outliers,14,tukey_depth_rooted,0.650711314562141,0.06982641203132804,0.42613636363636365,701,702,0.056322095754768126,0.3137028534762764,0.09090909090909091,1.0,0,1.0
robust_center_rooted_tree_smoke/v1,diagnostic_robust_center_rooted_tree_not_calibration,diagnostic_robust_center_root_anchor_not_calibration,20,balanced_10pct_outliers,15,centroid_rooted,1.079522358695348,0.09820456853070106,,701,702,2.1942709178604383e-17,0.20018899057119477,0.09090909090909091,1.0,0,1.0
robust_center_rooted_tree_smoke/v1,diagnostic_robust_center_rooted_tree_not_calibration,diagnostic_robust_center_root_anchor_not_calibration,20,balanced_10pct_outliers,15,geometric_median_rooted,0.4694218589394673,0.05761796286866953,,701,702,0.04027957532178,0.20018899057119477,0.09090909090909091,1.0,0,1.0
robust_center_rooted_tree_smoke/v1,diagnostic_robust_center_rooted_tree_not_calibration,diagnostic_robust_center_root_anchor_not_calibration,20,balanced_10pct_outliers,15,tukey_depth_rooted,0.4694218589394673,0.05761796286866953,0.4289772727272727,701,702,0.04027957532178,0.20018899057119477,0.09090909090909091,1.0,0,1.0
robust_center_rooted_tree_smoke/v1,diagnostic_robust_center_rooted_tree_not_calibration,diagnostic_robust_center_root_anchor_not_calibration,20,balanced_10pct_outliers,16,centroid_rooted,1.0030447356884828,0.054655237828896086,,701,702,5.551115123125783e-17,0.2575664088302754,0.09090909090909091,1.0,0,1.0
robust_center_rooted_tree_smoke/v1,diagnostic_robust_center_rooted_tree_not_calibration,diagnostic_robust_center_root_anchor_not_calibration,20,balanced_10pct_outliers,16,geometric_median_rooted,0.4559795003664558,0.030783561835589352,,701,702,0.03533805528078288,0.2575664088302754,0.09090909090909091,1.0,0,1.0
robust_center_rooted_tree_smoke/v1,diagnostic_robust_center_rooted_tree_not_calibration,diagnostic_robust_center_root_anchor_not_calibration,20,balanced_10pct_outliers,16,tukey_depth_rooted,0.4559795003664558,0.030783561835589352,0.42045454545454547,701,702,0.03533805528078288,0.2575664088302754,0.09090909090909091,1.0,0,1.0
robust_center_rooted_tree_smoke/v1,diagnostic_robust_center_rooted_tree_not_calibration,diagnostic_robust_center_root_anchor_not_calibration,20,balanced_10pct_outliers,17,centroid_rooted,1.1133554436655069,0.09066922433394294,,701,702,4.3919690457986394e-17,0.23191848674589594,0.09090909090909091,1.0,0,1.0
robust_center_rooted_tree_smoke/v1,diagnostic_robust_center_rooted_tree_not_calibration,diagnostic_robust_center_root_anchor_not_calibration,20,balanced_10pct_outliers,17,geometric_median_rooted,0.5641899842274938,0.05518373882072888,,701,702,0.04655562929170668,0.23191848674589594,0.09090909090909091,1.0,0,1.0
robust_center_rooted_tree_smoke/v1,diagnostic_robust_center_rooted_tree_not_calibration,diagnostic_robust_center_root_anchor_not_calibration,20,balanced_10pct_outliers,17,tukey_depth_rooted,0.5641899842274938,0.05518373882072888,0.4147727272727273,701,702,0.04655562929170668,0.23191848674589594,0.09090909090909091,1.0,0,1.0
robust_center_rooted_tree_smoke/v1,diagnostic_robust_center_rooted_tree_not_calibration,diagnostic_robust_center_root_anchor_not_calibration,20,balanced_10pct_outliers,18,centroid_rooted,1.1586949070046628,0.04378193833092559,,701,702,7.05981306231723e-17,0.35051906101259656,0.09090909090909091,1.0,0,1.0
robust_center_rooted_tree_smoke/v1,diagnostic_robust_center_rooted_tree_not_calibration,diagnostic_robust_center_root_anchor_not_calibration,20,balanced_10pct_outliers,18,geometric_median_rooted,0.5857252498659823,0.0375041001736557,,701,702,0.04109308095019197,0.35051906101259656,0.09090909090909091,1.0,0,1.0
robust_center_rooted_tree_smoke/v1,diagnostic_robust_center_rooted_tree_not_calibration,diagnostic_robust_center_root_anchor_not_calibration,20,balanced_10pct_outliers,18,tukey_depth_rooted,0.5857252498659823,0.0375041001736557,0.42329545454545453,701,702,0.04109308095019197,0.35051906101259656,0.09090909090909091,1.0,0,1.0
robust_center_rooted_tree_smoke/v1,diagnostic_robust_center_rooted_tree_not_calibration,diagnostic_robust_center_root_anchor_not_calibration,20,balanced_10pct_outliers,19,centroid_rooted,1.0924302561745494,0.0692608851150747,,701,702,3.925231146709438e-17,0.2520751976247156,0.09090909090909091,1.0,0,1.0
robust_center_rooted_tree_smoke/v1,diagnostic_robust_center_rooted_tree_not_calibration,diagnostic_robust_center_root_anchor_not_calibration,20,balanced_10pct_outliers,19,geometric_median_rooted,0.48285169209119594,0.06192825195586182,,701,702,0.04420111043565587,0.2520751976247156,0.09090909090909091,1.0,0,1.0
robust_center_rooted_tree_smoke/v1,diagnostic_robust_center_rooted_tree_not_calibration,diagnostic_robust_center_root_anchor_not_calibration,20,balanced_10pct_outliers,19,tukey_depth_rooted,0.48285169209119594,0.06192825195586182,0.4119318181818182,701,702,0.04420111043565587,0.2520751976247156,0.09090909090909091,1.0,0,1.0
robust_center_rooted_tree_smoke/v1,diagnostic_robust_center_rooted_tree_not_calibration,diagnostic_robust_center_root_anchor_not_calibration,20,balanced_10pct_outliers,20,centroid_rooted,1.1800459580070959,0.0494610189381198,,701,702,2.7755575615628914e-17,0.2470474538462361,0.09090909090909091,1.0,0,1.0
robust_center_rooted_tree_smoke/v1,diagnostic_robust_center_rooted_tree_not_calibration,diagnostic_robust_center_root_anchor_not_calibration,20,balanced_10pct_outliers,20,geometric_median_rooted,0.5912170511711016,0.034931133295381465,,701,702,0.034796816499560415,0.2470474538462361,0.09090909090909091,1.0,0,1.0
robust_center_rooted_tree_smoke/v1,diagnostic_robust_center_rooted_tree_not_calibration,diagnostic_robust_center_root_anchor_not_calibration,20,balanced_10pct_outliers,20,tukey_depth_rooted,0.5912170511711016,0.034931133295381465,0.42613636363636365,701,702,0.034796816499560415,0.2470474538462361,0.09090909090909091,1.0,0,1.0
robust_center_rooted_tree_smoke/v1,diagnostic_robust_center_rooted_tree_not_calibration,diagnostic_robust_center_root_anchor_not_calibration,20,balanced_10pct_outliers,21,centroid_rooted,1.0443990605347904,0.12991010181329227,,701,702,1.745531826501989e-17,0.24092095251300633,0.09090909090909091,1.0,0,1.0
robust_center_rooted_tree_smoke/v1,diagnostic_robust_center_rooted_tree_not_calibration,diagnostic_robust_center_root_anchor_not_calibration,20,balanced_10pct_outliers,21,geometric_median_rooted,0.5072163119291573,0.08291829014922043,,701,702,0.049142054703428695,0.24092095251300633,0.09090909090909091,1.0,0,1.0
robust_center_rooted_tree_smoke/v1,diagnostic_robust_center_rooted_tree_not_calibration,diagnostic_robust_center_root_anchor_not_calibration,20,balanced_10pct_outliers,21,tukey_depth_rooted,0.5072163119291573,0.08291829014922043,0.4119318181818182,701,702,0.049142054703428695,0.24092095251300633,0.09090909090909091,1.0,0,1.0
robust_center_rooted_tree_smoke/v1,diagnostic_robust_center_rooted_tree_not_calibration,diagnostic_robust_center_root_anchor_not_calibration,20,balanced_10pct_outliers,22,centroid_rooted,1.1640446735525458,0.09247482481888795,,701,702,6.211787775057362e-17,0.3572552642668045,0.09090909090909091,1.0,0,1.0
robust_center_rooted_tree_smoke/v1,diagnostic_robust_center_rooted_tree_not_calibration,diagnostic_robust_center_root_anchor_not_calibration,20,balanced_10pct_outliers,22,geometric_median_rooted,0.6240367697977675,0.07923287569417067,,701,702,0.0380817420620988,0.3572552642668045,0.09090909090909091,1.0,0,1.0
robust_center_rooted_tree_smoke/v1,diagnostic_robust_center_rooted_tree_not_calibration,diagnostic_robust_center_root_anchor_not_calibration,20,balanced_10pct_outliers,22,tukey_depth_rooted,0.6240367697977675,0.07923287569417067,0.4005681818181818,701,702,0.0380817420620988,0.3572552642668045,0.09090909090909091,1.0,0,1.0
robust_center_rooted_tree_smoke/v1,diagnostic_robust_center_rooted_tree_not_calibration,diagnostic_robust_center_root_anchor_not_calibration,20,balanced_10pct_outliers,23,centroid_rooted,1.143606374650217,0.0773824914268139,,701,702,6.2546344413855015e-18,0.20871910506889466,0.09090909090909091,1.0,0,1.0
robust_center_rooted_tree_smoke/v1,diagnostic_robust_center_rooted_tree_not_calibration,diagnostic_robust_center_root_anchor_not_calibration,20,balanced_10pct_outliers,23,geometric_median_rooted,0.5828986141673749,0.06932655779017872,,701,702,0.05227655322638052,0.20871910506889466,0.09090909090909091,1.0,0,1.0
robust_center_rooted_tree_smoke/v1,diagnostic_robust_center_rooted_tree_not_calibration,diagnostic_robust_center_root_anchor_not_calibration,20,balanced_10pct_outliers,23,tukey_depth_rooted,0.5828986141673749,0.06932655779017872,0.42329545454545453,701,702,0.05227655322638052,0.20871910506889466,0.09090909090909091,1.0,0,1.0
robust_center_rooted_tree_smoke/v1,diagnostic_robust_center_rooted_tree_not_calibration,diagnostic_robust_center_root_anchor_not_calibration,20,balanced_10pct_outliers,24,centroid_rooted,1.0482961561332926,0.09571664788307775,,701,702,3.1080126089379415e-17,0.2991634369375484,0.09090909090909091,1.0,0,1.0
robust_center_rooted_tree_smoke/v1,diagnostic_robust_center_rooted_tree_not_calibration,diagnostic_robust_center_root_anchor_not_calibration,20,balanced_10pct_outliers,24,geometric_median_rooted,0.5163229098549212,0.04236252247454253,,701,702,0.04460332499925909,0.2991634369375484,0.09090909090909091,1.0,0,1.0
robust_center_rooted_tree_smoke/v1,diagnostic_robust_center_rooted_tree_not_calibration,diagnostic_robust_center_root_anchor_not_calibration,20,balanced_10pct_outliers,24,tukey_depth_rooted,0.5163229098549212,0.04236252247454253,0.42613636363636365,701,702,0.04460332499925909,0.2991634369375484,0.09090909090909091,1.0,0,1.0
robust_center_rooted_tree_smoke/v1,diagnostic_robust_center_rooted_tree_not_calibration,diagnostic_robust_center_root_anchor_not_calibration,20,balanced_10pct_outliers,25,centroid_rooted,1.1338259076180988,0.09945709298176668,,701,702,4.810535519880077e-17,0.25711298812627237,0.09090909090909091,1.0,0,1.0
robust_center_rooted_tree_smoke/v1,diagnostic_robust_center_rooted_tree_not_calibration,diagnostic_robust_center_root_anchor_not_calibration,20,balanced_10pct_outliers,25,geometric_median_rooted,0.5524254028660542,0.05701392430177127,,701,702,0.039818197747124584,0.25711298812627237,0.09090909090909091,1.0,0,1.0
robust_center_rooted_tree_smoke/v1,diagnostic_robust_center_rooted_tree_not_calibration,diagnostic_robust_center_root_anchor_not_calibration,20,balanced_10pct_outliers,25,tukey_depth_rooted,0.5524254028660542,0.05701392430177127,0.4289772727272727,701,702,0.039818197747124584,0.25711298812627237,0.09090909090909091,1.0,0,1.0
robust_center_rooted_tree_smoke/v1,diagnostic_robust_center_rooted_tree_not_calibration,diagnostic_robust_center_root_anchor_not_calibration,20,balanced_10pct_outliers,26,centroid_rooted,1.1820611663068445,0.11611703760010322,,701,702,7.084811160192792e-17,0.4274268286012018,0.09090909090909091,1.0,0,1.0
robust_center_rooted_tree_smoke/v1,diagnostic_robust_center_rooted_tree_not_calibration,diagnostic_robust_center_root_anchor_not_calibration,20,balanced_10pct_outliers,26,geometric_median_rooted,0.6911859217703349,0.11643780880872796,,701,702,0.05015032507881213,0.4274268286012018,0.09090909090909091,1.0,0,1.0
robust_center_rooted_tree_smoke/v1,diagnostic_robust_center_rooted_tree_not_calibration,diagnostic_robust_center_root_anchor_not_calibration,20,balanced_10pct_outliers,26,tukey_depth_rooted,0.6911859217703349,0.11643780880872796,0.41761363636363635,701,702,0.05015032507881213,0.4274268286012018,0.09090909090909091,1.0,0,1.0
robust_center_rooted_tree_smoke/v1,diagnostic_robust_center_rooted_tree_not_calibration,diagnostic_robust_center_root_anchor_not_calibration,20,balanced_10pct_outliers,27,centroid_rooted,1.1278143923691863,0.11893691177003039,,701,702,2.5962963631595152e-17,0.2686139297339647,0.09090909090909091,1.0,0,1.0
robust_center_rooted_tree_smoke/v1,diagnostic_robust_center_rooted_tree_not_calibration,diagnostic_robust_center_root_anchor_not_calibration,20,balanced_10pct_outliers,27,geometric_median_rooted,0.5800374588467174,0.08681086709035057,,701,702,0.0702659920267936,0.2686139297339647,0.09090909090909091,1.0,0,1.0
robust_center_rooted_tree_smoke/v1,diagnostic_robust_center_rooted_tree_not_calibration,diagnostic_robust_center_root_anchor_not_calibration,20,balanced_10pct_outliers,27,tukey_depth_rooted,0.5800374588467174,0.08681086709035057,0.42613636363636365,701,702,0.0702659920267936,0.2686139297339647,0.09090909090909091,1.0,0,1.0
robust_center_rooted_tree_smoke/v1,diagnostic_robust_center_rooted_tree_not_calibration,diagnostic_robust_center_root_anchor_not_calibration,20,balanced_10pct_outliers,28,centroid_rooted,1.0480135455215807,0.11738117106694058,,701,702,3.122502256758253e-17,0.20141492258433533,0.09090909090909091,1.0,0,1.0
robust_center_rooted_tree_smoke/v1,diagnostic_robust_center_rooted_tree_not_calibration,diagnostic_robust_center_root_anchor_not_calibration,20,balanced_10pct_outliers,28,geometric_median_rooted,0.46899466616658214,0.07810820118191354,,701,702,0.04696716075622375,0.20141492258433533,0.09090909090909091,1.0,0,1.0
robust_center_rooted_tree_smoke/v1,diagnostic_robust_center_rooted_tree_not_calibration,diagnostic_robust_center_root_anchor_not_calibration,20,balanced_10pct_outliers,28,tukey_depth_rooted,0.46899466616658214,0.07810820118191354,0.42329545454545453,701,702,0.04696716075622375,0.20141492258433533,0.09090909090909091,1.0,0,1.0
robust_center_rooted_tree_smoke/v1,diagnostic_robust_center_rooted_tree_not_calibration,diagnostic_robust_center_root_anchor_not_calibration,20,balanced_10pct_outliers,29,centroid_rooted,1.0467964918511328,0.0824560643495086,,701,702,5.776956379905028e-17,0.2473735541257322,0.09090909090909091,1.0,0,1.0
robust_center_rooted_tree_smoke/v1,diagnostic_robust_center_rooted_tree_not_calibration,diagnostic_robust_center_root_anchor_not_calibration,20,balanced_10pct_outliers,29,geometric_median_rooted,0.476396079006071,0.03995354186901613,,701,702,0.04714285734270257,0.2473735541257322,0.09090909090909091,1.0,0,1.0
robust_center_rooted_tree_smoke/v1,diagnostic_robust_center_rooted_tree_not_calibration,diagnostic_robust_center_root_anchor_not_calibration,20,balanced_10pct_outliers,29,tukey_depth_rooted,0.476396079006071,0.03995354186901613,0.42329545454545453,701,702,0.04714285734270257,0.2473735541257322,0.09090909090909091,1.0,0,1.0
robust_center_rooted_tree_smoke/v1,diagnostic_robust_center_rooted_tree_not_calibration,diagnostic_robust_center_root_anchor_not_calibration,20,imbalanced_clean,0,centroid_rooted,0.9299420205644199,0.22242882344893114,,632,633,0.12062344092175505,0.675930170833891,0.209375,0.940625,2,0.0
robust_center_rooted_tree_smoke/v1,diagnostic_robust_center_rooted_tree_not_calibration,diagnostic_robust_center_root_anchor_not_calibration,20,imbalanced_clean,0,geometric_median_rooted,0.9870795762214425,0.23566949194491607,,631,633,0.11306664641022533,1.0272082505851678,0.25,0.9375,2,0.0
robust_center_rooted_tree_smoke/v1,diagnostic_robust_center_rooted_tree_not_calibration,diagnostic_robust_center_root_anchor_not_calibration,20,imbalanced_clean,0,tukey_depth_rooted,0.9299420205644199,0.22242882344893114,0.44375,632,633,0.12062344092175505,0.675930170833891,0.209375,0.940625,2,0.0
robust_center_rooted_tree_smoke/v1,diagnostic_robust_center_rooted_tree_not_calibration,diagnostic_robust_center_root_anchor_not_calibration,20,imbalanced_clean,1,centroid_rooted,0.9807879380097838,0.20929018296653012,,632,633,0.08202957292361171,0.9964127050374864,0.053125,0.946875,1,0.0
robust_center_rooted_tree_smoke/v1,diagnostic_robust_center_rooted_tree_not_calibration,diagnostic_robust_center_root_anchor_not_calibration,20,imbalanced_clean,1,geometric_median_rooted,1.0410126898538052,0.22279589526141194,,632,633,0.09966992647219987,0.9964127050374864,0.053125,0.946875,1,0.0
robust_center_rooted_tree_smoke/v1,diagnostic_robust_center_rooted_tree_not_calibration,diagnostic_robust_center_root_anchor_not_calibration,20,imbalanced_clean,1,tukey_depth_rooted,1.0410126898538052,0.22279589526141194,0.4375,632,633,0.09966992647219987,0.9964127050374864,0.053125,0.946875,1,0.0
robust_center_rooted_tree_smoke/v1,diagnostic_robust_center_rooted_tree_not_calibration,diagnostic_robust_center_root_anchor_not_calibration,20,imbalanced_clean,2,centroid_rooted,0.7713851587851124,0.1798153022771203,,634,635,0.049002090141006927,0.7476755366766628,0.18125,0.93125,1,0.0
robust_center_rooted_tree_smoke/v1,diagnostic_robust_center_rooted_tree_not_calibration,diagnostic_robust_center_root_anchor_not_calibration,20,imbalanced_clean,2,geometric_median_rooted,0.7869637547000145,0.18759687148928836,,634,635,0.08225022061147308,0.7476755366766628,0.18125,0.93125,1,0.0
robust_center_rooted_tree_smoke/v1,diagnostic_robust_center_rooted_tree_not_calibration,diagnostic_robust_center_root_anchor_not_calibration,20,imbalanced_clean,2,tukey_depth_rooted,0.7869637547000145,0.18759687148928836,0.446875,634,635,0.08225022061147308,0.7476755366766628,0.18125,0.93125,1,0.0
robust_center_rooted_tree_smoke/v1,diagnostic_robust_center_rooted_tree_not_calibration,diagnostic_robust_center_root_anchor_not_calibration,20,imbalanced_clean,3,centroid_rooted,0.784420540737156,0.16006654691130914,,629,633,0.06082415537717048,0.7259243532704628,0.465625,0.934375,1,0.0
robust_center_rooted_tree_smoke/v1,diagnostic_robust_center_rooted_tree_not_calibration,diagnostic_robust_center_root_anchor_not_calibration,20,imbalanced_clean,3,geometric_median_rooted,0.8177272395569192,0.16978403792368837,,631,633,0.07459775958648208,0.7926865168259303,0.490625,0.946875,1,0.0
robust_center_rooted_tree_smoke/v1,diagnostic_robust_center_rooted_tree_not_calibration,diagnostic_robust_center_root_anchor_not_calibration,20,imbalanced_clean,3,tukey_depth_rooted,0.8177272395569192,0.16978403792368837,0.4375,631,633,0.07459775958648208,0.7926865168259303,0.490625,0.946875,1,0.0
robust_center_rooted_tree_smoke/v1,diagnostic_robust_center_rooted_tree_not_calibration,diagnostic_robust_center_root_anchor_not_calibration,20,imbalanced_clean,4,centroid_rooted,0.7674328915558336,0.18584473968087073,,632,634,0.09848624253878877,0.7956826888319758,0.39375,0.93125,2,0.0
robust_center_rooted_tree_smoke/v1,diagnostic_robust_center_rooted_tree_not_calibration,diagnostic_robust_center_root_anchor_not_calibration,20,imbalanced_clean,4,geometric_median_rooted,0.8405145877326072,0.20498492973406834,,632,634,0.07785970334970387,0.7956826888319758,0.39375,0.93125,2,0.0
robust_center_rooted_tree_smoke/v1,diagnostic_robust_center_rooted_tree_not_calibration,diagnostic_robust_center_root_anchor_not_calibration,20,imbalanced_clean,4,tukey_depth_rooted,0.8405145877326072,0.20498492973406834,0.440625,632,634,0.07785970334970387,0.7956826888319758,0.39375,0.93125,2,0.0
robust_center_rooted_tree_smoke/v1,diagnostic_robust_center_rooted_tree_not_calibration,diagnostic_robust_center_root_anchor_not_calibration,20,imbalanced_clean,5,centroid_rooted,0.8964241635571139,0.21482009173328562,,632,633,0.05604483955815585,0.8866766268065827,0.084375,0.953125,1,0.0
robust_center_rooted_tree_smoke/v1,diagnostic_robust_center_rooted_tree_not_calibration,diagnostic_robust_center_root_anchor_not_calibration,20,imbalanced_clean,5,geometric_median_rooted,0.9111492044005008,0.21894810015496124,,632,633,0.07469804486293212,0.8866766268065827,0.084375,0.953125,1,0.0
robust_center_rooted_tree_smoke/v1,diagnostic_robust_center_rooted_tree_not_calibration,diagnostic_robust_center_root_anchor_not_calibration,20,imbalanced_clean,5,tukey_depth_rooted,0.8964241635571139,0.21482009173328562,0.434375,632,633,0.05604483955815585,0.8866766268065827,0.084375,0.953125,1,0.0
robust_center_rooted_tree_smoke/v1,diagnostic_robust_center_rooted_tree_not_calibration,diagnostic_robust_center_root_anchor_not_calibration,20,imbalanced_clean,6,centroid_rooted,0.8753404548066825,0.21201261477436287,,631,633,0.07517535586757254,0.8551997260827062,0.19375,0.91875,1,0.0
robust_center_rooted_tree_smoke/v1,diagnostic_robust_center_rooted_tree_not_calibration,diagnostic_robust_center_root_anchor_not_calibration,20,imbalanced_clean,6,geometric_median_rooted,0.8921165277061367,0.21612159108959264,,631,633,0.08505558076265003,0.8551997260827062,0.19375,0.91875,1,0.0
robust_center_rooted_tree_smoke/v1,diagnostic_robust_center_rooted_tree_not_calibration,diagnostic_robust_center_root_anchor_not_calibration,20,imbalanced_clean,6,tukey_depth_rooted,0.8921165277061367,0.21612159108959264,0.44375,631,633,0.08505558076265003,0.8551997260827062,0.19375,0.91875,1,0.0
robust_center_rooted_tree_smoke/v1,diagnostic_robust_center_rooted_tree_not_calibration,diagnostic_robust_center_root_anchor_not_calibration,20,imbalanced_clean,7,centroid_rooted,0.7110699638640203,0.14373721960160393,,632,633,0.09246531800620726,0.7530110729048233,0.484375,0.928125,2,0.0
robust_center_rooted_tree_smoke/v1,diagnostic_robust_center_rooted_tree_not_calibration,diagnostic_robust_center_root_anchor_not_calibration,20,imbalanced_clean,7,geometric_median_rooted,0.7309780753115064,0.1506939124139487,,631,633,0.08285655040418499,0.7719937371921739,0.44375,0.90625,3,0.0
robust_center_rooted_tree_smoke/v1,diagnostic_robust_center_rooted_tree_not_calibration,diagnostic_robust_center_root_anchor_not_calibration,20,imbalanced_clean,7,tukey_depth_rooted,0.7309780753115064,0.1506939124139487,0.4375,631,633,0.08285655040418499,0.7719937371921739,0.44375,0.90625,3,0.0
robust_center_rooted_tree_smoke/v1,diagnostic_robust_center_rooted_tree_not_calibration,diagnostic_robust_center_root_anchor_not_calibration,20,imbalanced_clean,8,centroid_rooted,1.0164333554505707,0.21115217250738935,,633,634,0.058072934098594875,1.0268326505254377,0.05625,0.95625,1,0.0
robust_center_rooted_tree_smoke/v1,diagnostic_robust_center_rooted_tree_not_calibration,diagnostic_robust_center_root_anchor_not_calibration,20,imbalanced_clean,8,geometric_median_rooted,1.0682248129494045,0.22621311053781604,,633,634,0.08896354283492773,1.0268326505254377,0.05625,0.95625,1,0.0
robust_center_rooted_tree_smoke/v1,diagnostic_robust_center_rooted_tree_not_calibration,diagnostic_robust_center_root_anchor_not_calibration,20,imbalanced_clean,8,tukey_depth_rooted,1.0682248129494045,0.22621311053781604,0.440625,633,634,0.08896354283492773,1.0268326505254377,0.05625,0.95625,1,0.0
robust_center_rooted_tree_smoke/v1,diagnostic_robust_center_rooted_tree_not_calibration,diagnostic_robust_center_root_anchor_not_calibration,20,imbalanced_clean,9,centroid_rooted,0.7355858278561849,0.16646257372657874,,633,634,0.03901823763057873,0.7304310681378375,0.340625,0.934375,2,0.0
robust_center_rooted_tree_smoke/v1,diagnostic_robust_center_rooted_tree_not_calibration,diagnostic_robust_center_root_anchor_not_calibration,20,imbalanced_clean,9,geometric_median_rooted,0.7724647761431356,0.17334104767673422,,633,634,0.05761457891375425,0.7304310681378375,0.340625,0.934375,2,0.0
robust_center_rooted_tree_smoke/v1,diagnostic_robust_center_rooted_tree_not_calibration,diagnostic_robust_center_root_anchor_not_calibration,20,imbalanced_clean,9,tukey_depth_rooted,0.7724647761431356,0.17334104767673422,0.43125,633,634,0.05761457891375425,0.7304310681378375,0.340625,0.934375,2,0.0
robust_center_rooted_tree_smoke/v1,diagnostic_robust_center_rooted_tree_not_calibration,diagnostic_robust_center_root_anchor_not_calibration,20,imbalanced_clean,10,centroid_rooted,0.9579974643423173,0.28096173037874067,,636,637,0.020237359515477883,0.9524383848987018,0.259375,0.946875,1,0.0
robust_center_rooted_tree_smoke/v1,diagnostic_robust_center_rooted_tree_not_calibration,diagnostic_robust_center_root_anchor_not_calibration,20,imbalanced_clean,10,geometric_median_rooted,1.0395616013149638,0.29766603377833306,,636,637,0.028858955125737714,0.9524383848987018,0.259375,0.946875,1,0.0
robust_center_rooted_tree_smoke/v1,diagnostic_robust_center_rooted_tree_not_calibration,diagnostic_robust_center_root_anchor_not_calibration,20,imbalanced_clean,10,tukey_depth_rooted,1.0395616013149638,0.29766603377833306,0.43125,636,637,0.028858955125737714,0.9524383848987018,0.259375,0.946875,1,0.0
robust_center_rooted_tree_smoke/v1,diagnostic_robust_center_rooted_tree_not_calibration,diagnostic_robust_center_root_anchor_not_calibration,20,imbalanced_clean,11,centroid_rooted,0.9081028263485804,0.2275580426515409,,631,633,0.08348326301416724,0.9165369294153758,0.05,0.95,1,0.0
robust_center_rooted_tree_smoke/v1,diagnostic_robust_center_rooted_tree_not_calibration,diagnostic_robust_center_root_anchor_not_calibration,20,imbalanced_clean,11,geometric_median_rooted,0.9545411803109601,0.2386197801048712,,629,631,0.0913897551847305,0.9309296571034796,0.415625,0.896875,2,0.0
robust_center_rooted_tree_smoke/v1,diagnostic_robust_center_rooted_tree_not_calibration,diagnostic_robust_center_root_anchor_not_calibration,20,imbalanced_clean,11,tukey_depth_rooted,0.9545411803109601,0.2386197801048712,0.45,629,631,0.0913897551847305,0.9309296571034796,0.415625,0.896875,2,0.0
robust_center_rooted_tree_smoke/v1,diagnostic_robust_center_rooted_tree_not_calibration,diagnostic_robust_center_root_anchor_not_calibration,20,imbalanced_clean,12,centroid_rooted,0.7619781738586741,0.18613010531827928,,632,635,0.032270296449528904,0.6861853738384631,0.371875,0.934375,1,0.0
robust_center_rooted_tree_smoke/v1,diagnostic_robust_center_rooted_tree_not_calibration,diagnostic_robust_center_root_anchor_not_calibration,20,imbalanced_clean,12,geometric_median_rooted,0.8058207950963916,0.19456404305222794,,634,635,0.07357769096094234,0.7703077704460822,0.38125,0.9375,1,0.0
robust_center_rooted_tree_smoke/v1,diagnostic_robust_center_rooted_tree_not_calibration,diagnostic_robust_center_root_anchor_not_calibration,20,imbalanced_clean,12,tukey_depth_rooted,0.8058207950963916,0.19456404305222794,0.440625,634,635,0.07357769096094234,0.7703077704460822,0.38125,0.9375,1,0.0
robust_center_rooted_tree_smoke/v1,diagnostic_robust_center_rooted_tree_not_calibration,diagnostic_robust_center_root_anchor_not_calibration,20,imbalanced_clean,13,centroid_rooted,0.8246314455189648,0.1477552944766978,,634,635,0.08676591445704837,0.8275908726586502,0.059375,0.940625,1,0.0
robust_center_rooted_tree_smoke/v1,diagnostic_robust_center_rooted_tree_not_calibration,diagnostic_robust_center_root_anchor_not_calibration,20,imbalanced_clean,13,geometric_median_rooted,0.8571829389446429,0.15820201256369554,,634,635,0.07954729846183484,0.8275908726586502,0.059375,0.940625,1,0.0
robust_center_rooted_tree_smoke/v1,diagnostic_robust_center_rooted_tree_not_calibration,diagnostic_robust_center_root_anchor_not_calibration,20,imbalanced_clean,13,tukey_depth_rooted,0.8246314455189648,0.1477552944766978,0.44375,634,635,0.08676591445704837,0.8275908726586502,0.059375,0.940625,1,0.0
robust_center_rooted_tree_smoke/v1,diagnostic_robust_center_rooted_tree_not_calibration,diagnostic_robust_center_root_anchor_not_calibration,20,imbalanced_clean,14,centroid_rooted,0.9183082523516053,0.21306701524589605,,630,632,0.15340301243515775,0.8679354964520497,0.19375,0.95,2,0.0
robust_center_rooted_tree_smoke/v1,diagnostic_robust_center_rooted_tree_not_calibration,diagnostic_robust_center_root_anchor_not_calibration,20,imbalanced_clean,14,geometric_median_rooted,0.9618053061161553,0.22303299661180587,,630,632,0.1429207501268288,0.8679354964520497,0.19375,0.95,2,0.0
robust_center_rooted_tree_smoke/v1,diagnostic_robust_center_rooted_tree_not_calibration,diagnostic_robust_center_root_anchor_not_calibration,20,imbalanced_clean,14,tukey_depth_rooted,0.9183082523516053,0.21306701524589605,0.446875,630,632,0.15340301243515775,0.8679354964520497,0.19375,0.95,2,0.0
robust_center_rooted_tree_smoke/v1,diagnostic_robust_center_rooted_tree_not_calibration,diagnostic_robust_center_root_anchor_not_calibration,20,imbalanced_clean,15,centroid_rooted,0.7932789397430321,0.1177919359470391,,634,637,0.01875484808343337,0.7868200550226906,0.478125,0.946875,1,0.0
robust_center_rooted_tree_smoke/v1,diagnostic_robust_center_rooted_tree_not_calibration,diagnostic_robust_center_root_anchor_not_calibration,20,imbalanced_clean,15,geometric_median_rooted,0.8207500086862946,0.12483301758517054,,634,637,0.04858165587458145,0.7868200550226906,0.478125,0.946875,1,0.0
robust_center_rooted_tree_smoke/v1,diagnostic_robust_center_rooted_tree_not_calibration,diagnostic_robust_center_root_anchor_not_calibration,20,imbalanced_clean,15,tukey_depth_rooted,0.8207500086862946,0.12483301758517054,0.440625,634,637,0.04858165587458145,0.7868200550226906,0.478125,0.946875,1,0.0
robust_center_rooted_tree_smoke/v1,diagnostic_robust_center_rooted_tree_not_calibration,diagnostic_robust_center_root_anchor_not_calibration,20,imbalanced_clean,16,centroid_rooted,0.7938188502308137,0.12893597208645974,,633,634,0.04660333307548062,0.7882764816659906,0.315625,0.928125,2,0.0
robust_center_rooted_tree_smoke/v1,diagnostic_robust_center_rooted_tree_not_calibration,diagnostic_robust_center_root_anchor_not_calibration,20,imbalanced_clean,16,geometric_median_rooted,0.8151554410614843,0.13708782884051077,,633,634,0.04978386835328258,0.7882764816659906,0.315625,0.928125,2,0.0
robust_center_rooted_tree_smoke/v1,diagnostic_robust_center_rooted_tree_not_calibration,diagnostic_robust_center_root_anchor_not_calibration,20,imbalanced_clean,16,tukey_depth_rooted,0.7938188502308137,0.12893597208645974,0.440625,633,634,0.04660333307548062,0.7882764816659906,0.315625,0.928125,2,0.0
robust_center_rooted_tree_smoke/v1,diagnostic_robust_center_rooted_tree_not_calibration,diagnostic_robust_center_root_anchor_not_calibration,20,imbalanced_clean,17,centroid_rooted,1.1454616948639076,0.2993496746299462,,633,634,0.10457050782313076,1.1419275405898421,0.05625,0.94375,1,0.0
robust_center_rooted_tree_smoke/v1,diagnostic_robust_center_rooted_tree_not_calibration,diagnostic_robust_center_root_anchor_not_calibration,20,imbalanced_clean,17,geometric_median_rooted,1.2131610249585953,0.3168915211310842,,628,629,0.10963290523084425,1.154277568860108,0.321875,0.884375,2,0.0
robust_center_rooted_tree_smoke/v1,diagnostic_robust_center_rooted_tree_not_calibration,diagnostic_robust_center_root_anchor_not_calibration,20,imbalanced_clean,17,tukey_depth_rooted,1.2131610249585953,0.3168915211310842,0.4375,628,629,0.10963290523084425,1.154277568860108,0.321875,0.884375,2,0.0
robust_center_rooted_tree_smoke/v1,diagnostic_robust_center_rooted_tree_not_calibration,diagnostic_robust_center_root_anchor_not_calibration,20,imbalanced_clean,18,centroid_rooted,0.6077637815243982,0.1278725283990663,,632,634,0.04859496518393389,0.6302310532175943,0.478125,0.928125,2,0.0
robust_center_rooted_tree_smoke/v1,diagnostic_robust_center_rooted_tree_not_calibration,diagnostic_robust_center_root_anchor_not_calibration,20,imbalanced_clean,18,geometric_median_rooted,0.6176444686446468,0.1308275367266623,,632,634,0.053659837284629947,0.6302310532175943,0.478125,0.928125,2,0.0
robust_center_rooted_tree_smoke/v1,diagnostic_robust_center_rooted_tree_not_calibration,diagnostic_robust_center_root_anchor_not_calibration,20,imbalanced_clean,18,tukey_depth_rooted,0.6176444686446468,0.1308275367266623,0.44375,632,634,0.053659837284629947,0.6302310532175943,0.478125,0.928125,2,0.0
robust_center_rooted_tree_smoke/v1,diagnostic_robust_center_rooted_tree_not_calibration,diagnostic_robust_center_root_anchor_not_calibration,20,imbalanced_clean,19,centroid_rooted,0.764893851954467,0.15622076905734267,,632,633,0.11829850535934601,0.788775016673928,0.18125,0.91875,2,0.0
robust_center_rooted_tree_smoke/v1,diagnostic_robust_center_rooted_tree_not_calibration,diagnostic_robust_center_root_anchor_not_calibration,20,imbalanced_clean,19,geometric_median_rooted,0.820975682635672,0.17169183868550913,,632,633,0.07182468119984865,0.788775016673928,0.18125,0.91875,2,0.0
robust_center_rooted_tree_smoke/v1,diagnostic_robust_center_rooted_tree_not_calibration,diagnostic_robust_center_root_anchor_not_calibration,20,imbalanced_clean,19,tukey_depth_rooted,0.820975682635672,0.17169183868550913,0.440625,632,633,0.07182468119984865,0.788775016673928,0.18125,0.91875,2,0.0
robust_center_rooted_tree_smoke/v1,diagnostic_robust_center_rooted_tree_not_calibration,diagnostic_robust_center_root_anchor_not_calibration,20,imbalanced_clean,20,centroid_rooted,0.8710665182915287,0.16154639418291558,,635,636,0.14090664161879482,0.910597572421632,0.35,0.925,2,0.0
robust_center_rooted_tree_smoke/v1,diagnostic_robust_center_rooted_tree_not_calibration,diagnostic_robust_center_root_anchor_not_calibration,20,imbalanced_clean,20,geometric_median_rooted,0.9241883854239262,0.17969827413729358,,635,636,0.11906081838772192,0.910597572421632,0.35,0.925,2,0.0
robust_center_rooted_tree_smoke/v1,diagnostic_robust_center_rooted_tree_not_calibration,diagnostic_robust_center_root_anchor_not_calibration,20,imbalanced_clean,20,tukey_depth_rooted,0.9241883854239262,0.17969827413729358,0.41875,635,636,0.11906081838772192,0.910597572421632,0.35,0.925,2,0.0
robust_center_rooted_tree_smoke/v1,diagnostic_robust_center_rooted_tree_not_calibration,diagnostic_robust_center_root_anchor_not_calibration,20,imbalanced_clean,21,centroid_rooted,0.9224678369055342,0.25266324009652097,,635,636,0.03338071112966641,0.9251463703846659,0.0625,0.98125,1,0.0
robust_center_rooted_tree_smoke/v1,diagnostic_robust_center_rooted_tree_not_calibration,diagnostic_robust_center_root_anchor_not_calibration,20,imbalanced_clean,21,geometric_median_rooted,0.9711650976031501,0.2622772582199238,,635,636,0.060847188843159976,0.9251463703846659,0.0625,0.98125,1,0.0
robust_center_rooted_tree_smoke/v1,diagnostic_robust_center_rooted_tree_not_calibration,diagnostic_robust_center_root_anchor_not_calibration,20,imbalanced_clean,21,tukey_depth_rooted,0.9224678369055342,0.25266324009652097,0.440625,635,636,0.03338071112966641,0.9251463703846659,0.0625,0.98125,1,0.0
robust_center_rooted_tree_smoke/v1,diagnostic_robust_center_rooted_tree_not_calibration,diagnostic_robust_center_root_anchor_not_calibration,20,imbalanced_clean,22,centroid_rooted,0.8069804042657798,0.1307047277367557,,631,632,0.05927417810946614,0.8336547942110859,0.31875,0.89375,2,0.0
robust_center_rooted_tree_smoke/v1,diagnostic_robust_center_rooted_tree_not_calibration,diagnostic_robust_center_root_anchor_not_calibration,20,imbalanced_clean,22,geometric_median_rooted,0.856582338015947,0.14770884997646455,,631,632,0.07376551226438355,0.8336547942110859,0.31875,0.89375,2,0.0
robust_center_rooted_tree_smoke/v1,diagnostic_robust_center_rooted_tree_not_calibration,diagnostic_robust_center_root_anchor_not_calibration,20,imbalanced_clean,22,tukey_depth_rooted,0.856582338015947,0.14770884997646455,0.446875,631,632,0.07376551226438355,0.8336547942110859,0.31875,0.89375,2,0.0
robust_center_rooted_tree_smoke/v1,diagnostic_robust_center_rooted_tree_not_calibration,diagnostic_robust_center_root_anchor_not_calibration,20,imbalanced_clean,23,centroid_rooted,0.8463587935551554,0.19199611954301948,,634,635,0.033777667288510005,0.8372839319357078,0.05625,0.96875,1,0.0
robust_center_rooted_tree_smoke/v1,diagnostic_robust_center_rooted_tree_not_calibration,diagnostic_robust_center_root_anchor_not_calibration,20,imbalanced_clean,23,geometric_median_rooted,0.8637734378651191,0.19450789851998088,,634,635,0.05587639820928915,0.8372839319357078,0.05625,0.96875,1,0.0
robust_center_rooted_tree_smoke/v1,diagnostic_robust_center_rooted_tree_not_calibration,diagnostic_robust_center_root_anchor_not_calibration,20,imbalanced_clean,23,tukey_depth_rooted,0.8463587935551554,0.19199611954301948,0.44375,634,635,0.033777667288510005,0.8372839319357078,0.05625,0.96875,1,0.0
robust_center_rooted_tree_smoke/v1,diagnostic_robust_center_rooted_tree_not_calibration,diagnostic_robust_center_root_anchor_not_calibration,20,imbalanced_clean,24,centroid_rooted,0.9604470766898617,0.1644423034562885,,632,634,0.08007202461768045,0.9397359270810565,0.05625,0.94375,1,0.0
robust_center_rooted_tree_smoke/v1,diagnostic_robust_center_rooted_tree_not_calibration,diagnostic_robust_center_root_anchor_not_calibration,20,imbalanced_clean,24,geometric_median_rooted,0.9998453288288863,0.17399360159540467,,632,634,0.10038108933723822,0.9397359270810565,0.05625,0.94375,1,0.0
robust_center_rooted_tree_smoke/v1,diagnostic_robust_center_rooted_tree_not_calibration,diagnostic_robust_center_root_anchor_not_calibration,20,imbalanced_clean,24,tukey_depth_rooted,0.9604470766898617,0.1644423034562885,0.45,632,634,0.08007202461768045,0.9397359270810565,0.05625,0.94375,1,0.0
robust_center_rooted_tree_smoke/v1,diagnostic_robust_center_rooted_tree_not_calibration,diagnostic_robust_center_root_anchor_not_calibration,20,imbalanced_clean,25,centroid_rooted,0.7788100638665678,0.16326452821359577,,631,634,0.04540178322640883,0.7737996742755188,0.321875,0.946875,2,0.0
robust_center_rooted_tree_smoke/v1,diagnostic_robust_center_rooted_tree_not_calibration,diagnostic_robust_center_root_anchor_not_calibration,20,imbalanced_clean,25,geometric_median_rooted,0.811142693254958,0.1708021571887895,,633,634,0.04865619799372071,0.7895489872143492,0.3375,0.95,2,0.0
robust_center_rooted_tree_smoke/v1,diagnostic_robust_center_rooted_tree_not_calibration,diagnostic_robust_center_root_anchor_not_calibration,20,imbalanced_clean,25,tukey_depth_rooted,0.7788100638665678,0.16326452821359577,0.43125,631,634,0.04540178322640883,0.7737996742755188,0.321875,0.946875,2,0.0
robust_center_rooted_tree_smoke/v1,diagnostic_robust_center_rooted_tree_not_calibration,diagnostic_robust_center_root_anchor_not_calibration,20,imbalanced_clean,26,centroid_rooted,0.8463936860620387,0.1865055707320217,,631,632,0.08779565227425497,0.8749072681677238,0.3125,0.90625,2,0.0
robust_center_rooted_tree_smoke/v1,diagnostic_robust_center_rooted_tree_not_calibration,diagnostic_robust_center_root_anchor_not_calibration,20,imbalanced_clean,26,geometric_median_rooted,0.8929473117913289,0.19920887697231762,,631,632,0.07172566041964291,0.8749072681677238,0.3125,0.90625,2,0.0
robust_center_rooted_tree_smoke/v1,diagnostic_robust_center_rooted_tree_not_calibration,diagnostic_robust_center_root_anchor_not_calibration,20,imbalanced_clean,26,tukey_depth_rooted,0.8929473117913289,0.19920887697231762,0.425,631,632,0.07172566041964291,0.8749072681677238,0.3125,0.90625,2,0.0
robust_center_rooted_tree_smoke/v1,diagnostic_robust_center_rooted_tree_not_calibration,diagnostic_robust_center_root_anchor_not_calibration,20,imbalanced_clean,27,centroid_rooted,0.8055240045386972,0.13097748312901908,,629,630,0.10147960666504108,0.6735980920378164,0.453125,0.890625,4,0.0
robust_center_rooted_tree_smoke/v1,diagnostic_robust_center_rooted_tree_not_calibration,diagnostic_robust_center_root_anchor_not_calibration,20,imbalanced_clean,27,geometric_median_rooted,0.8288403518460177,0.13768359223824317,,629,630,0.09364552879883917,0.6735980920378164,0.453125,0.890625,4,0.0
robust_center_rooted_tree_smoke/v1,diagnostic_robust_center_rooted_tree_not_calibration,diagnostic_robust_center_root_anchor_not_calibration,20,imbalanced_clean,27,tukey_depth_rooted,0.8055240045386972,0.13097748312901908,0.44375,629,630,0.10147960666504108,0.6735980920378164,0.453125,0.890625,4,0.0
robust_center_rooted_tree_smoke/v1,diagnostic_robust_center_rooted_tree_not_calibration,diagnostic_robust_center_root_anchor_not_calibration,20,imbalanced_clean,28,centroid_rooted,0.6697706394273546,0.22170830103946396,,628,633,0.07018351820084888,0.6613222418545192,0.278125,0.909375,1,0.0
robust_center_rooted_tree_smoke/v1,diagnostic_robust_center_rooted_tree_not_calibration,diagnostic_robust_center_root_anchor_not_calibration,20,imbalanced_clean,28,geometric_median_rooted,0.7467408300496786,0.239631568629239,,628,633,0.09004953073965864,0.6613222418545192,0.278125,0.909375,1,0.0
robust_center_rooted_tree_smoke/v1,diagnostic_robust_center_rooted_tree_not_calibration,diagnostic_robust_center_root_anchor_not_calibration,20,imbalanced_clean,28,tukey_depth_rooted,0.7467408300496786,0.239631568629239,0.440625,628,633,0.09004953073965864,0.6613222418545192,0.278125,0.909375,1,0.0
robust_center_rooted_tree_smoke/v1,diagnostic_robust_center_rooted_tree_not_calibration,diagnostic_robust_center_root_anchor_not_calibration,20,imbalanced_clean,29,centroid_rooted,0.7607931566593545,0.16284400892139733,,632,635,0.04066974655164528,0.7458984826387921,0.39375,0.93125,2,0.0
robust_center_rooted_tree_smoke/v1,diagnostic_robust_center_rooted_tree_not_calibration,diagnostic_robust_center_root_anchor_not_calibration,20,imbalanced_clean,29,geometric_median_rooted,0.7849958577615694,0.16814578124344676,,632,635,0.050328231559496256,0.7458984826387921,0.39375,0.93125,2,0.0
robust_center_rooted_tree_smoke/v1,diagnostic_robust_center_rooted_tree_not_calibration,diagnostic_robust_center_root_anchor_not_calibration,20,imbalanced_clean,29,tukey_depth_rooted,0.7849958577615694,0.16814578124344676,0.434375,632,635,0.050328231559496256,0.7458984826387921,0.39375,0.93125,2,0.0
robust_center_rooted_tree_smoke/v1,diagnostic_robust_center_rooted_tree_not_calibration,diagnostic_robust_center_root_anchor_not_calibration,20,imbalanced_10pct_outliers,0,centroid_rooted,1.3279235121571566,0.18939010743673426,,701,702,3.1031676915590914e-17,0.8621010260103315,0.09090909090909091,1.0,0,1.0
robust_center_rooted_tree_smoke/v1,diagnostic_robust_center_rooted_tree_not_calibration,diagnostic_robust_center_root_anchor_not_calibration,20,imbalanced_10pct_outliers,0,geometric_median_rooted,0.9778585807087204,0.222166625174928,,701,702,0.05526711748213878,0.8621010260103315,0.09090909090909091,1.0,0,1.0
robust_center_rooted_tree_smoke/v1,diagnostic_robust_center_rooted_tree_not_calibration,diagnostic_robust_center_root_anchor_not_calibration,20,imbalanced_10pct_outliers,0,tukey_depth_rooted,0.9778585807087204,0.222166625174928,0.42045454545454547,701,702,0.05526711748213878,0.8621010260103315,0.09090909090909091,1.0,0,1.0
robust_center_rooted_tree_smoke/v1,diagnostic_robust_center_rooted_tree_not_calibration,diagnostic_robust_center_root_anchor_not_calibration,20,imbalanced_10pct_outliers,1,centroid_rooted,1.4914408553268168,0.2217868454515363,,701,702,4.9065389333867974e-18,0.8112332723402543,0.09090909090909091,1.0,0,1.0
robust_center_rooted_tree_smoke/v1,diagnostic_robust_center_rooted_tree_not_calibration,diagnostic_robust_center_root_anchor_not_calibration,20,imbalanced_10pct_outliers,1,geometric_median_rooted,1.0716318100489903,0.23708840197095876,,701,702,0.07510651336592995,0.8112332723402543,0.09090909090909091,1.0,0,1.0
robust_center_rooted_tree_smoke/v1,diagnostic_robust_center_rooted_tree_not_calibration,diagnostic_robust_center_root_anchor_not_calibration,20,imbalanced_10pct_outliers,1,tukey_depth_rooted,1.0716318100489903,0.23708840197095876,0.42613636363636365,701,702,0.07510651336592995,0.8112332723402543,0.09090909090909091,1.0,0,1.0
robust_center_rooted_tree_smoke/v1,diagnostic_robust_center_rooted_tree_not_calibration,diagnostic_robust_center_root_anchor_not_calibration,20,imbalanced_10pct_outliers,2,centroid_rooted,1.304735496064763,0.12597989209269966,,701,702,4.224327714674015e-17,0.6210662660165537,0.09090909090909091,1.0,0,1.0
robust_center_rooted_tree_smoke/v1,diagnostic_robust_center_rooted_tree_not_calibration,diagnostic_robust_center_root_anchor_not_calibration,20,imbalanced_10pct_outliers,2,geometric_median_rooted,0.8531941799111148,0.1666845059544624,,701,702,0.06938284559403265,0.6210662660165537,0.09090909090909091,1.0,0,1.0
robust_center_rooted_tree_smoke/v1,diagnostic_robust_center_rooted_tree_not_calibration,diagnostic_robust_center_root_anchor_not_calibration,20,imbalanced_10pct_outliers,2,tukey_depth_rooted,0.8531941799111148,0.1666845059544624,0.42045454545454547,701,702,0.06938284559403265,0.6210662660165537,0.09090909090909091,1.0,0,1.0
robust_center_rooted_tree_smoke/v1,diagnostic_robust_center_rooted_tree_not_calibration,diagnostic_robust_center_root_anchor_not_calibration,20,imbalanced_10pct_outliers,3,centroid_rooted,1.2771485168592571,0.15198079366877676,,701,702,1.3877787807814457e-17,0.7762306451653748,0.09090909090909091,1.0,0,1.0
robust_center_rooted_tree_smoke/v1,diagnostic_robust_center_rooted_tree_not_calibration,diagnostic_robust_center_root_anchor_not_calibration,20,imbalanced_10pct_outliers,3,geometric_median_rooted,0.9225196148891887,0.18439717295920202,,701,702,0.0775536619870491,0.7762306451653748,0.09090909090909091,1.0,0,1.0
robust_center_rooted_tree_smoke/v1,diagnostic_robust_center_rooted_tree_not_calibration,diagnostic_robust_center_root_anchor_not_calibration,20,imbalanced_10pct_outliers,3,tukey_depth_rooted,0.9225196148891887,0.18439717295920202,0.42613636363636365,701,702,0.0775536619870491,0.7762306451653748,0.09090909090909091,1.0,0,1.0
robust_center_rooted_tree_smoke/v1,diagnostic_robust_center_rooted_tree_not_calibration,diagnostic_robust_center_root_anchor_not_calibration,20,imbalanced_10pct_outliers,4,centroid_rooted,1.6440044883383258,0.2762265866523914,,701,702,3.179800655392251e-17,1.1799302028677814,0.09090909090909091,1.0,0,1.0
robust_center_rooted_tree_smoke/v1,diagnostic_robust_center_rooted_tree_not_calibration,diagnostic_robust_center_root_anchor_not_calibration,20,imbalanced_10pct_outliers,4,geometric_median_rooted,1.3788154215457713,0.3239312890261235,,701,702,0.10154628215218973,1.1799302028677814,0.09090909090909091,1.0,0,1.0
robust_center_rooted_tree_smoke/v1,diagnostic_robust_center_rooted_tree_not_calibration,diagnostic_robust_center_root_anchor_not_calibration,20,imbalanced_10pct_outliers,4,tukey_depth_rooted,1.3788154215457713,0.3239312890261235,0.4289772727272727,701,702,0.10154628215218973,1.1799302028677814,0.09090909090909091,1.0,0,1.0
robust_center_rooted_tree_smoke/v1,diagnostic_robust_center_rooted_tree_not_calibration,diagnostic_robust_center_root_anchor_not_calibration,20,imbalanced_10pct_outliers,5,centroid_rooted,1.4009196196682283,0.19645191720259705,,701,702,1.9645312551903404e-17,0.7697092018467696,0.09090909090909091,1.0,0,1.0
robust_center_rooted_tree_smoke/v1,diagnostic_robust_center_rooted_tree_not_calibration,diagnostic_robust_center_root_anchor_not_calibration,20,imbalanced_10pct_outliers,5,geometric_median_rooted,0.985648417617007,0.1983291914349931,,701,702,0.06185505881755557,0.7697092018467696,0.09090909090909091,1.0,0,1.0
robust_center_rooted_tree_smoke/v1,diagnostic_robust_center_rooted_tree_not_calibration,diagnostic_robust_center_root_anchor_not_calibration,20,imbalanced_10pct_outliers,5,tukey_depth_rooted,0.985648417617007,0.1983291914349931,0.42613636363636365,701,702,0.06185505881755557,0.7697092018467696,0.09090909090909091,1.0,0,1.0
robust_center_rooted_tree_smoke/v1,diagnostic_robust_center_rooted_tree_not_calibration,diagnostic_robust_center_root_anchor_not_calibration,20,imbalanced_10pct_outliers,6,centroid_rooted,1.2336526795039184,0.11460360555417626,,701,702,3.542405580096396e-17,0.917763899964281,0.09090909090909091,1.0,0,1.0
robust_center_rooted_tree_smoke/v1,diagnostic_robust_center_rooted_tree_not_calibration,diagnostic_robust_center_root_anchor_not_calibration,20,imbalanced_10pct_outliers,6,geometric_median_rooted,0.9692777078658721,0.181640167755732,,701,702,0.057003762096646766,0.917763899964281,0.09090909090909091,1.0,0,1.0
robust_center_rooted_tree_smoke/v1,diagnostic_robust_center_rooted_tree_not_calibration,diagnostic_robust_center_root_anchor_not_calibration,20,imbalanced_10pct_outliers,6,tukey_depth_rooted,0.9692777078658721,0.181640167755732,0.4318181818181818,701,702,0.057003762096646766,0.917763899964281,0.09090909090909091,1.0,0,1.0
robust_center_rooted_tree_smoke/v1,diagnostic_robust_center_rooted_tree_not_calibration,diagnostic_robust_center_root_anchor_not_calibration,20,imbalanced_10pct_outliers,7,centroid_rooted,1.6811988035886578,0.2335322148877302,,701,702,6.938893903907228e-18,1.1323303253972412,0.09090909090909091,1.0,0,1.0
robust_center_rooted_tree_smoke/v1,diagnostic_robust_center_rooted_tree_not_calibration,diagnostic_robust_center_root_anchor_not_calibration,20,imbalanced_10pct_outliers,7,geometric_median_rooted,1.3723574704390644,0.26920931167756157,,701,702,0.09946295423999217,1.1323303253972412,0.09090909090909091,1.0,0,1.0
robust_center_rooted_tree_smoke/v1,diagnostic_robust_center_rooted_tree_not_calibration,diagnostic_robust_center_root_anchor_not_calibration,20,imbalanced_10pct_outliers,7,tukey_depth_rooted,1.3723574704390644,0.26920931167756157,0.4090909090909091,701,702,0.09946295423999217,1.1323303253972412,0.09090909090909091,1.0,0,1.0
robust_center_rooted_tree_smoke/v1,diagnostic_robust_center_rooted_tree_not_calibration,diagnostic_robust_center_root_anchor_not_calibration,20,imbalanced_10pct_outliers,8,centroid_rooted,1.4929354879894359,0.19402164329047714,,701,702,8.51086965551406e-17,0.8034680728802936,0.09090909090909091,1.0,0,1.0
robust_center_rooted_tree_smoke/v1,diagnostic_robust_center_rooted_tree_not_calibration,diagnostic_robust_center_root_anchor_not_calibration,20,imbalanced_10pct_outliers,8,geometric_median_rooted,1.0451053409473399,0.19109319764315136,,701,702,0.04353298208089803,0.8034680728802936,0.09090909090909091,1.0,0,1.0
robust_center_rooted_tree_smoke/v1,diagnostic_robust_center_rooted_tree_not_calibration,diagnostic_robust_center_root_anchor_not_calibration,20,imbalanced_10pct_outliers,8,tukey_depth_rooted,1.0451053409473399,0.19109319764315136,0.4289772727272727,701,702,0.04353298208089803,0.8034680728802936,0.09090909090909091,1.0,0,1.0
robust_center_rooted_tree_smoke/v1,diagnostic_robust_center_rooted_tree_not_calibration,diagnostic_robust_center_root_anchor_not_calibration,20,imbalanced_10pct_outliers,9,centroid_rooted,1.6235738002306512,0.25502322366114527,,701,702,5.877065863040547e-17,1.0024481892490806,0.09090909090909091,1.0,0,1.0
robust_center_rooted_tree_smoke/v1,diagnostic_robust_center_rooted_tree_not_calibration,diagnostic_robust_center_root_anchor_not_calibration,20,imbalanced_10pct_outliers,9,geometric_median_rooted,1.2349346853881278,0.2475678939188838,,701,702,0.052051244392365456,1.0024481892490806,0.09090909090909091,1.0,0,1.0
robust_center_rooted_tree_smoke/v1,diagnostic_robust_center_rooted_tree_not_calibration,diagnostic_robust_center_root_anchor_not_calibration,20,imbalanced_10pct_outliers,9,tukey_depth_rooted,1.2349346853881278,0.2475678939188838,0.4147727272727273,701,702,0.052051244392365456,1.0024481892490806,0.09090909090909091,1.0,0,1.0
robust_center_rooted_tree_smoke/v1,diagnostic_robust_center_rooted_tree_not_calibration,diagnostic_robust_center_root_anchor_not_calibration,20,imbalanced_10pct_outliers,10,centroid_rooted,1.3969169373664625,0.24720984880708405,,701,702,6.245004513516506e-17,0.8959509378623967,0.09090909090909091,1.0,0,1.0
robust_center_rooted_tree_smoke/v1,diagnostic_robust_center_rooted_tree_not_calibration,diagnostic_robust_center_root_anchor_not_calibration,20,imbalanced_10pct_outliers,10,geometric_median_rooted,1.108578179279743,0.24973279250861224,,701,702,0.10828201169254519,0.8959509378623967,0.09090909090909091,1.0,0,1.0
robust_center_rooted_tree_smoke/v1,diagnostic_robust_center_rooted_tree_not_calibration,diagnostic_robust_center_root_anchor_not_calibration,20,imbalanced_10pct_outliers,10,tukey_depth_rooted,1.108578179279743,0.24973279250861224,0.42045454545454547,701,702,0.10828201169254519,0.8959509378623967,0.09090909090909091,1.0,0,1.0
robust_center_rooted_tree_smoke/v1,diagnostic_robust_center_rooted_tree_not_calibration,diagnostic_robust_center_root_anchor_not_calibration,20,imbalanced_10pct_outliers,11,centroid_rooted,1.2200952822115845,0.14426866795524013,,701,702,2.6422520788909847e-17,0.9032329913236586,0.09090909090909091,1.0,0,1.0
robust_center_rooted_tree_smoke/v1,diagnostic_robust_center_rooted_tree_not_calibration,diagnostic_robust_center_root_anchor_not_calibration,20,imbalanced_10pct_outliers,11,geometric_median_rooted,0.9835794697787856,0.2061422821218746,,701,702,0.08147245598323176,0.9032329913236586,0.09090909090909091,1.0,0,1.0
robust_center_rooted_tree_smoke/v1,diagnostic_robust_center_rooted_tree_not_calibration,diagnostic_robust_center_root_anchor_not_calibration,20,imbalanced_10pct_outliers,11,tukey_depth_rooted,0.9835794697787856,0.2061422821218746,0.4147727272727273,701,702,0.08147245598323176,0.9032329913236586,0.09090909090909091,1.0,0,1.0
robust_center_rooted_tree_smoke/v1,diagnostic_robust_center_rooted_tree_not_calibration,diagnostic_robust_center_root_anchor_not_calibration,20,imbalanced_10pct_outliers,12,centroid_rooted,1.2500486895768215,0.09194064685976526,,701,702,4.347204570675246e-17,0.966465885214855,0.09090909090909091,1.0,0,1.0
robust_center_rooted_tree_smoke/v1,diagnostic_robust_center_rooted_tree_not_calibration,diagnostic_robust_center_root_anchor_not_calibration,20,imbalanced_10pct_outliers,12,geometric_median_rooted,1.0079122066099744,0.16973089005502373,,701,702,0.052851799123359425,0.966465885214855,0.09090909090909091,1.0,0,1.0
robust_center_rooted_tree_smoke/v1,diagnostic_robust_center_rooted_tree_not_calibration,diagnostic_robust_center_root_anchor_not_calibration,20,imbalanced_10pct_outliers,12,tukey_depth_rooted,1.0079122066099744,0.16973089005502373,0.4375,701,702,0.052851799123359425,0.966465885214855,0.09090909090909091,1.0,0,1.0
robust_center_rooted_tree_smoke/v1,diagnostic_robust_center_rooted_tree_not_calibration,diagnostic_robust_center_root_anchor_not_calibration,20,imbalanced_10pct_outliers,13,centroid_rooted,1.409545651175158,0.1862471818040466,,701,702,3.7367087251761353e-17,0.8959419484599639,0.09090909090909091,1.0,0,1.0
robust_center_rooted_tree_smoke/v1,diagnostic_robust_center_rooted_tree_not_calibration,diagnostic_robust_center_root_anchor_not_calibration,20,imbalanced_10pct_outliers,13,geometric_median_rooted,1.0633421044966378,0.21016356472146022,,701,702,0.07286997217356661,0.8959419484599639,0.09090909090909091,1.0,0,1.0
robust_center_rooted_tree_smoke/v1,diagnostic_robust_center_rooted_tree_not_calibration,diagnostic_robust_center_root_anchor_not_calibration,20,imbalanced_10pct_outliers,13,tukey_depth_rooted,1.0633421044966378,0.21016356472146022,0.41761363636363635,701,702,0.07286997217356661,0.8959419484599639,0.09090909090909091,1.0,0,1.0
robust_center_rooted_tree_smoke/v1,diagnostic_robust_center_rooted_tree_not_calibration,diagnostic_robust_center_root_anchor_not_calibration,20,imbalanced_10pct_outliers,14,centroid_rooted,1.4298428123484466,0.19248368843518326,,701,702,1.993045536433795e-17,0.8001562885150173,0.09090909090909091,1.0,0,1.0
robust_center_rooted_tree_smoke/v1,diagnostic_robust_center_rooted_tree_not_calibration,diagnostic_robust_center_root_anchor_not_calibration,20,imbalanced_10pct_outliers,14,geometric_median_rooted,1.000123122127212,0.21643819051935473,,701,702,0.06321578331041938,0.8001562885150173,0.09090909090909091,1.0,0,1.0
robust_center_rooted_tree_smoke/v1,diagnostic_robust_center_rooted_tree_not_calibration,diagnostic_robust_center_root_anchor_not_calibration,20,imbalanced_10pct_outliers,14,tukey_depth_rooted,1.000123122127212,0.21643819051935473,0.4090909090909091,701,702,0.06321578331041938,0.8001562885150173,0.09090909090909091,1.0,0,1.0
robust_center_rooted_tree_smoke/v1,diagnostic_robust_center_rooted_tree_not_calibration,diagnostic_robust_center_root_anchor_not_calibration,20,imbalanced_10pct_outliers,15,centroid_rooted,1.1499213280121912,0.17686612726126458,,701,702,6.938893903907228e-17,0.7273370418476572,0.09090909090909091,1.0,0,1.0
robust_center_rooted_tree_smoke/v1,diagnostic_robust_center_rooted_tree_not_calibration,diagnostic_robust_center_root_anchor_not_calibration,20,imbalanced_10pct_outliers,15,geometric_median_rooted,0.8489541232296074,0.20975474840454486,,701,702,0.08101139412235091,0.7273370418476572,0.09090909090909091,1.0,0,1.0
robust_center_rooted_tree_smoke/v1,diagnostic_robust_center_rooted_tree_not_calibration,diagnostic_robust_center_root_anchor_not_calibration,20,imbalanced_10pct_outliers,15,tukey_depth_rooted,0.8489541232296074,0.20975474840454486,0.41761363636363635,701,702,0.08101139412235091,0.7273370418476572,0.09090909090909091,1.0,0,1.0
robust_center_rooted_tree_smoke/v1,diagnostic_robust_center_rooted_tree_not_calibration,diagnostic_robust_center_root_anchor_not_calibration,20,imbalanced_10pct_outliers,16,centroid_rooted,1.5180987081558597,0.2326522844825586,,701,702,6.893786782912889e-17,0.9227043268412548,0.09090909090909091,1.0,0,1.0
robust_center_rooted_tree_smoke/v1,diagnostic_robust_center_rooted_tree_not_calibration,diagnostic_robust_center_root_anchor_not_calibration,20,imbalanced_10pct_outliers,16,geometric_median_rooted,1.172894880146732,0.26482802552181484,,701,702,0.11185303414300735,0.9227043268412548,0.09090909090909091,1.0,0,1.0
robust_center_rooted_tree_smoke/v1,diagnostic_robust_center_rooted_tree_not_calibration,diagnostic_robust_center_root_anchor_not_calibration,20,imbalanced_10pct_outliers,16,tukey_depth_rooted,1.172894880146732,0.26482802552181484,0.42045454545454547,701,702,0.11185303414300735,0.9227043268412548,0.09090909090909091,1.0,0,1.0
robust_center_rooted_tree_smoke/v1,diagnostic_robust_center_rooted_tree_not_calibration,diagnostic_robust_center_root_anchor_not_calibration,20,imbalanced_10pct_outliers,17,centroid_rooted,1.4087372822633406,0.14736135364823505,,701,702,8.18818882225982e-17,0.9348301372459753,0.09090909090909091,1.0,0,1.0
robust_center_rooted_tree_smoke/v1,diagnostic_robust_center_rooted_tree_not_calibration,diagnostic_robust_center_root_anchor_not_calibration,20,imbalanced_10pct_outliers,17,geometric_median_rooted,1.0619955023772372,0.17190462255094477,,701,702,0.06551924783218879,0.9348301372459753,0.09090909090909091,1.0,0,1.0
robust_center_rooted_tree_smoke/v1,diagnostic_robust_center_rooted_tree_not_calibration,diagnostic_robust_center_root_anchor_not_calibration,20,imbalanced_10pct_outliers,17,tukey_depth_rooted,1.0619955023772372,0.17190462255094477,0.4090909090909091,701,702,0.06551924783218879,0.9348301372459753,0.09090909090909091,1.0,0,1.0
robust_center_rooted_tree_smoke/v1,diagnostic_robust_center_rooted_tree_not_calibration,diagnostic_robust_center_root_anchor_not_calibration,20,imbalanced_10pct_outliers,18,centroid_rooted,1.2120295992710566,0.09366770161827152,,701,702,4.1957363356048215e-17,0.5758161769625632,0.09090909090909091,1.0,0,1.0
robust_center_rooted_tree_smoke/v1,diagnostic_robust_center_rooted_tree_not_calibration,diagnostic_robust_center_root_anchor_not_calibration,20,imbalanced_10pct_outliers,18,geometric_median_rooted,0.7674834209664706,0.13636247300010437,,701,702,0.09275351195635843,0.5758161769625632,0.09090909090909091,1.0,0,1.0
robust_center_rooted_tree_smoke/v1,diagnostic_robust_center_rooted_tree_not_calibration,diagnostic_robust_center_root_anchor_not_calibration,20,imbalanced_10pct_outliers,18,tukey_depth_rooted,0.7674834209664706,0.13636247300010437,0.41761363636363635,701,702,0.09275351195635843,0.5758161769625632,0.09090909090909091,1.0,0,1.0
robust_center_rooted_tree_smoke/v1,diagnostic_robust_center_rooted_tree_not_calibration,diagnostic_robust_center_root_anchor_not_calibration,20,imbalanced_10pct_outliers,19,centroid_rooted,1.3039863373401188,0.1612959306523574,,701,702,3.4170089680666066e-17,0.7615686653473414,0.09090909090909091,1.0,0,1.0
robust_center_rooted_tree_smoke/v1,diagnostic_robust_center_rooted_tree_not_calibration,diagnostic_robust_center_root_anchor_not_calibration,20,imbalanced_10pct_outliers,19,geometric_median_rooted,0.9167167960486885,0.1899218575042001,,701,702,0.06549054740786066,0.7615686653473414,0.09090909090909091,1.0,0,1.0
robust_center_rooted_tree_smoke/v1,diagnostic_robust_center_rooted_tree_not_calibration,diagnostic_robust_center_root_anchor_not_calibration,20,imbalanced_10pct_outliers,19,tukey_depth_rooted,0.9167167960486885,0.1899218575042001,0.41761363636363635,701,702,0.06549054740786066,0.7615686653473414,0.09090909090909091,1.0,0,1.0
robust_center_rooted_tree_smoke/v1,diagnostic_robust_center_rooted_tree_not_calibration,diagnostic_robust_center_root_anchor_not_calibration,20,imbalanced_10pct_outliers,20,centroid_rooted,1.3641250137203191,0.211748019627879,,701,702,1.5540063044689707e-17,0.8290209479044726,0.09090909090909091,1.0,0,1.0
robust_center_rooted_tree_smoke/v1,diagnostic_robust_center_rooted_tree_not_calibration,diagnostic_robust_center_root_anchor_not_calibration,20,imbalanced_10pct_outliers,20,geometric_median_rooted,1.0141866249056375,0.21007623179899512,,701,702,0.08039550887504104,0.8290209479044726,0.09090909090909091,1.0,0,1.0
robust_center_rooted_tree_smoke/v1,diagnostic_robust_center_rooted_tree_not_calibration,diagnostic_robust_center_root_anchor_not_calibration,20,imbalanced_10pct_outliers,20,tukey_depth_rooted,1.0141866249056375,0.21007623179899512,0.41761363636363635,701,702,0.08039550887504104,0.8290209479044726,0.09090909090909091,1.0,0,1.0
robust_center_rooted_tree_smoke/v1,diagnostic_robust_center_rooted_tree_not_calibration,diagnostic_robust_center_root_anchor_not_calibration,20,imbalanced_10pct_outliers,21,centroid_rooted,1.1379456261924759,0.13045795990842154,,701,702,4.3885418357208765e-17,0.9066339949750581,0.09090909090909091,1.0,0,1.0
robust_center_rooted_tree_smoke/v1,diagnostic_robust_center_rooted_tree_not_calibration,diagnostic_robust_center_root_anchor_not_calibration,20,imbalanced_10pct_outliers,21,geometric_median_rooted,0.9436145709712733,0.21689238188479085,,701,702,0.05951476525358103,0.9066339949750581,0.09090909090909091,1.0,0,1.0
robust_center_rooted_tree_smoke/v1,diagnostic_robust_center_rooted_tree_not_calibration,diagnostic_robust_center_root_anchor_not_calibration,20,imbalanced_10pct_outliers,21,tukey_depth_rooted,1.052709671000502,0.2563505570808783,0.4119318181818182,701,702,0.3221803590254337,0.9066339949750581,0.09090909090909091,1.0,0,1.0
robust_center_rooted_tree_smoke/v1,diagnostic_robust_center_rooted_tree_not_calibration,diagnostic_robust_center_root_anchor_not_calibration,20,imbalanced_10pct_outliers,22,centroid_rooted,1.55251763950213,0.212981943963126,,701,702,0.0,0.9598455304967723,0.09090909090909091,1.0,0,1.0
robust_center_rooted_tree_smoke/v1,diagnostic_robust_center_rooted_tree_not_calibration,diagnostic_robust_center_root_anchor_not_calibration,20,imbalanced_10pct_outliers,22,geometric_median_rooted,1.1888707979154305,0.23249455335709204,,701,702,0.06460858330296293,0.9598455304967723,0.09090909090909091,1.0,0,1.0
robust_center_rooted_tree_smoke/v1,diagnostic_robust_center_rooted_tree_not_calibration,diagnostic_robust_center_root_anchor_not_calibration,20,imbalanced_10pct_outliers,22,tukey_depth_rooted,1.1888707979154305,0.23249455335709204,0.4147727272727273,701,702,0.06460858330296293,0.9598455304967723,0.09090909090909091,1.0,0,1.0
robust_center_rooted_tree_smoke/v1,diagnostic_robust_center_rooted_tree_not_calibration,diagnostic_robust_center_root_anchor_not_calibration,20,imbalanced_10pct_outliers,23,centroid_rooted,1.1776358268894738,0.1283405802557202,,701,702,3.1031676915590914e-17,0.7990029319544145,0.09090909090909091,1.0,0,1.0
robust_center_rooted_tree_smoke/v1,diagnostic_robust_center_rooted_tree_not_calibration,diagnostic_robust_center_root_anchor_not_calibration,20,imbalanced_10pct_outliers,23,geometric_median_rooted,0.8831183186680791,0.16981702016104752,,701,702,0.0796832779711696,0.7990029319544145,0.09090909090909091,1.0,0,1.0
robust_center_rooted_tree_smoke/v1,diagnostic_robust_center_rooted_tree_not_calibration,diagnostic_robust_center_root_anchor_not_calibration,20,imbalanced_10pct_outliers,23,tukey_depth_rooted,0.8831183186680791,0.16981702016104752,0.4147727272727273,701,702,0.0796832779711696,0.7990029319544145,0.09090909090909091,1.0,0,1.0
robust_center_rooted_tree_smoke/v1,diagnostic_robust_center_rooted_tree_not_calibration,diagnostic_robust_center_root_anchor_not_calibration,20,imbalanced_10pct_outliers,24,centroid_rooted,1.1454352805932828,0.1298115771587228,,701,702,0.0,0.670363515863424,0.09090909090909091,1.0,0,1.0
robust_center_rooted_tree_smoke/v1,diagnostic_robust_center_rooted_tree_not_calibration,diagnostic_robust_center_root_anchor_not_calibration,20,imbalanced_10pct_outliers,24,geometric_median_rooted,0.7613502275460468,0.15652266976595355,,701,702,0.037177559073951594,0.670363515863424,0.09090909090909091,1.0,0,1.0
robust_center_rooted_tree_smoke/v1,diagnostic_robust_center_rooted_tree_not_calibration,diagnostic_robust_center_root_anchor_not_calibration,20,imbalanced_10pct_outliers,24,tukey_depth_rooted,0.7613502275460468,0.15652266976595355,0.4034090909090909,701,702,0.037177559073951594,0.670363515863424,0.09090909090909091,1.0,0,1.0
robust_center_rooted_tree_smoke/v1,diagnostic_robust_center_rooted_tree_not_calibration,diagnostic_robust_center_root_anchor_not_calibration,20,imbalanced_10pct_outliers,25,centroid_rooted,1.258650983803434,0.13682723970617133,,701,702,1.97026712507607e-17,0.7094522357947228,0.09090909090909091,1.0,0,1.0
robust_center_rooted_tree_smoke/v1,diagnostic_robust_center_rooted_tree_not_calibration,diagnostic_robust_center_root_anchor_not_calibration,20,imbalanced_10pct_outliers,25,geometric_median_rooted,0.8805394691463535,0.15647300212962625,,701,702,0.07817841758887312,0.7094522357947228,0.09090909090909091,1.0,0,1.0
robust_center_rooted_tree_smoke/v1,diagnostic_robust_center_rooted_tree_not_calibration,diagnostic_robust_center_root_anchor_not_calibration,20,imbalanced_10pct_outliers,25,tukey_depth_rooted,0.8805394691463535,0.15647300212962625,0.4375,701,702,0.07817841758887312,0.7094522357947228,0.09090909090909091,1.0,0,1.0
robust_center_rooted_tree_smoke/v1,diagnostic_robust_center_rooted_tree_not_calibration,diagnostic_robust_center_root_anchor_not_calibration,20,imbalanced_10pct_outliers,26,centroid_rooted,1.4481794435319628,0.23229820967050802,,701,702,3.184528986116163e-17,0.9926078994599996,0.09090909090909091,1.0,0,1.0
robust_center_rooted_tree_smoke/v1,diagnostic_robust_center_rooted_tree_not_calibration,diagnostic_robust_center_root_anchor_not_calibration,20,imbalanced_10pct_outliers,26,geometric_median_rooted,1.1101780163760828,0.2580020323580296,,701,702,0.054989936974604775,0.9926078994599996,0.09090909090909091,1.0,0,1.0
robust_center_rooted_tree_smoke/v1,diagnostic_robust_center_rooted_tree_not_calibration,diagnostic_robust_center_root_anchor_not_calibration,20,imbalanced_10pct_outliers,26,tukey_depth_rooted,1.1101780163760828,0.2580020323580296,0.42329545454545453,701,702,0.054989936974604775,0.9926078994599996,0.09090909090909091,1.0,0,1.0
robust_center_rooted_tree_smoke/v1,diagnostic_robust_center_rooted_tree_not_calibration,diagnostic_robust_center_root_anchor_not_calibration,20,imbalanced_10pct_outliers,27,centroid_rooted,1.2577725634920613,0.19346287298117004,,701,702,6.293006791785826e-17,0.9487346619626256,0.09090909090909091,1.0,0,1.0
robust_center_rooted_tree_smoke/v1,diagnostic_robust_center_rooted_tree_not_calibration,diagnostic_robust_center_root_anchor_not_calibration,20,imbalanced_10pct_outliers,27,geometric_median_rooted,1.0402026783947815,0.27288893410960785,,701,702,0.09372148428941325,0.9487346619626256,0.09090909090909091,1.0,0,1.0
robust_center_rooted_tree_smoke/v1,diagnostic_robust_center_rooted_tree_not_calibration,diagnostic_robust_center_root_anchor_not_calibration,20,imbalanced_10pct_outliers,27,tukey_depth_rooted,1.0402026783947815,0.27288893410960785,0.4034090909090909,701,702,0.09372148428941325,0.9487346619626256,0.09090909090909091,1.0,0,1.0
robust_center_rooted_tree_smoke/v1,diagnostic_robust_center_rooted_tree_not_calibration,diagnostic_robust_center_root_anchor_not_calibration,20,imbalanced_10pct_outliers,28,centroid_rooted,1.1925215310598283,0.15898768320457543,,701,702,6.042343431240862e-17,0.7678220865136892,0.09090909090909091,1.0,0,1.0
robust_center_rooted_tree_smoke/v1,diagnostic_robust_center_rooted_tree_not_calibration,diagnostic_robust_center_root_anchor_not_calibration,20,imbalanced_10pct_outliers,28,geometric_median_rooted,0.8742974096633763,0.2125928986130584,,701,702,0.07836945004296385,0.7678220865136892,0.09090909090909091,1.0,0,1.0
robust_center_rooted_tree_smoke/v1,diagnostic_robust_center_rooted_tree_not_calibration,diagnostic_robust_center_root_anchor_not_calibration,20,imbalanced_10pct_outliers,28,tukey_depth_rooted,0.8742974096633763,0.2125928986130584,0.4090909090909091,701,702,0.07836945004296385,0.7678220865136892,0.09090909090909091,1.0,0,1.0
robust_center_rooted_tree_smoke/v1,diagnostic_robust_center_rooted_tree_not_calibration,diagnostic_robust_center_root_anchor_not_calibration,20,imbalanced_10pct_outliers,29,centroid_rooted,1.2381512929157064,0.11706600492094137,,701,702,4.446445162750826e-17,0.7391254518751184,0.09090909090909091,1.0,0,1.0
robust_center_rooted_tree_smoke/v1,diagnostic_robust_center_rooted_tree_not_calibration,diagnostic_robust_center_root_anchor_not_calibration,20,imbalanced_10pct_outliers,29,geometric_median_rooted,0.8404315326310371,0.1363836139769773,,701,702,0.057065662349128465,0.7391254518751184,0.09090909090909091,1.0,0,1.0
robust_center_rooted_tree_smoke/v1,diagnostic_robust_center_rooted_tree_not_calibration,diagnostic_robust_center_root_anchor_not_calibration,20,imbalanced_10pct_outliers,29,tukey_depth_rooted,0.8404315326310371,0.1363836139769773,0.42045454545454547,701,702,0.057065662349128465,0.7391254518751184,0.09090909090909091,1.0,0,1.0
robust_center_rooted_tree_smoke/v1,diagnostic_robust_center_rooted_tree_not_calibration,diagnostic_robust_center_root_anchor_not_calibration,100,balanced_clean,0,centroid_rooted,0.588815295826826,0.04210829190686468,,629,630,0.15602915972084133,0.5883363099417332,0.05625,0.94375,0,0.0
robust_center_rooted_tree_smoke/v1,diagnostic_robust_center_rooted_tree_not_calibration,diagnostic_robust_center_root_anchor_not_calibration,100,balanced_clean,0,geometric_median_rooted,0.5922876675152486,0.04234195191573287,,629,630,0.14663540005894005,0.5883363099417332,0.05625,0.94375,0,0.0
robust_center_rooted_tree_smoke/v1,diagnostic_robust_center_rooted_tree_not_calibration,diagnostic_robust_center_root_anchor_not_calibration,100,balanced_clean,0,tukey_depth_rooted,0.5922876675152486,0.04234195191573287,0.434375,629,630,0.14663540005894005,0.5883363099417332,0.05625,0.94375,0,0.0
robust_center_rooted_tree_smoke/v1,diagnostic_robust_center_rooted_tree_not_calibration,diagnostic_robust_center_root_anchor_not_calibration,100,balanced_clean,1,centroid_rooted,0.60617083955851,0.033862585172511665,,631,632,0.16487079988487832,0.6260671171723171,0.053125,0.946875,0,0.0
robust_center_rooted_tree_smoke/v1,diagnostic_robust_center_rooted_tree_not_calibration,diagnostic_robust_center_root_anchor_not_calibration,100,balanced_clean,1,geometric_median_rooted,0.6130521103836676,0.03407010075579344,,631,632,0.155611655769871,0.6260671171723171,0.053125,0.946875,0,0.0
robust_center_rooted_tree_smoke/v1,diagnostic_robust_center_rooted_tree_not_calibration,diagnostic_robust_center_root_anchor_not_calibration,100,balanced_clean,1,tukey_depth_rooted,0.60617083955851,0.033862585172511665,0.45,631,632,0.16487079988487832,0.6260671171723171,0.053125,0.946875,0,0.0
robust_center_rooted_tree_smoke/v1,diagnostic_robust_center_rooted_tree_not_calibration,diagnostic_robust_center_root_anchor_not_calibration,100,balanced_clean,2,centroid_rooted,0.6050849262950291,0.03301184937767268,,627,628,0.14171926982543132,0.6165008794755275,0.05,0.95,1,0.0
robust_center_rooted_tree_smoke/v1,diagnostic_robust_center_rooted_tree_not_calibration,diagnostic_robust_center_root_anchor_not_calibration,100,balanced_clean,2,geometric_median_rooted,0.6069939426883162,0.03124946089881499,,627,628,0.12495064632811737,0.6165008794755275,0.05,0.95,1,0.0
robust_center_rooted_tree_smoke/v1,diagnostic_robust_center_rooted_tree_not_calibration,diagnostic_robust_center_root_anchor_not_calibration,100,balanced_clean,2,tukey_depth_rooted,0.6069939426883162,0.03124946089881499,0.446875,627,628,0.12495064632811737,0.6165008794755275,0.05,0.95,1,0.0
robust_center_rooted_tree_smoke/v1,diagnostic_robust_center_rooted_tree_not_calibration,diagnostic_robust_center_root_anchor_not_calibration,100,balanced_clean,3,centroid_rooted,0.5529987814709106,0.047982685512564655,,629,630,0.13130016913901862,0.5558922392396666,0.05,0.95,0,0.0
robust_center_rooted_tree_smoke/v1,diagnostic_robust_center_rooted_tree_not_calibration,diagnostic_robust_center_root_anchor_not_calibration,100,balanced_clean,3,geometric_median_rooted,0.5540614099745867,0.049601488906926276,,629,630,0.12830485071446154,0.5558922392396666,0.05,0.95,0,0.0
robust_center_rooted_tree_smoke/v1,diagnostic_robust_center_rooted_tree_not_calibration,diagnostic_robust_center_root_anchor_not_calibration,100,balanced_clean,3,tukey_depth_rooted,0.5540614099745867,0.049601488906926276,0.45,629,630,0.12830485071446154,0.5558922392396666,0.05,0.95,0,0.0
robust_center_rooted_tree_smoke/v1,diagnostic_robust_center_rooted_tree_not_calibration,diagnostic_robust_center_root_anchor_not_calibration,100,balanced_clean,4,centroid_rooted,0.571234937967114,0.03540865880443751,,626,628,0.15329439206083,0.5941349971160153,0.053125,0.946875,0,0.0
robust_center_rooted_tree_smoke/v1,diagnostic_robust_center_rooted_tree_not_calibration,diagnostic_robust_center_root_anchor_not_calibration,100,balanced_clean,4,geometric_median_rooted,0.5742845530061709,0.03471643989974076,,626,628,0.1405589691939395,0.5941349971160153,0.053125,0.946875,0,0.0
robust_center_rooted_tree_smoke/v1,diagnostic_robust_center_rooted_tree_not_calibration,diagnostic_robust_center_root_anchor_not_calibration,100,balanced_clean,4,tukey_depth_rooted,0.571234937967114,0.03540865880443751,0.45,626,628,0.15329439206083,0.5941349971160153,0.053125,0.946875,0,0.0
robust_center_rooted_tree_smoke/v1,diagnostic_robust_center_rooted_tree_not_calibration,diagnostic_robust_center_root_anchor_not_calibration,100,balanced_clean,5,centroid_rooted,0.6096456150514871,0.025536305300713866,,628,629,0.14151137660318458,0.630671314159766,0.05,0.95,0,0.0
robust_center_rooted_tree_smoke/v1,diagnostic_robust_center_rooted_tree_not_calibration,diagnostic_robust_center_root_anchor_not_calibration,100,balanced_clean,5,geometric_median_rooted,0.606270096203753,0.024675413029503178,,628,629,0.13434737006640604,0.630671314159766,0.05,0.95,0,0.0
robust_center_rooted_tree_smoke/v1,diagnostic_robust_center_rooted_tree_not_calibration,diagnostic_robust_center_root_anchor_not_calibration,100,balanced_clean,5,tukey_depth_rooted,0.6096456150514871,0.025536305300713866,0.44375,628,629,0.14151137660318458,0.630671314159766,0.05,0.95,0,0.0
robust_center_rooted_tree_smoke/v1,diagnostic_robust_center_rooted_tree_not_calibration,diagnostic_robust_center_root_anchor_not_calibration,100,balanced_clean,6,centroid_rooted,0.5980616006464081,0.030642660549708784,,630,631,0.13898708023224698,0.609554284933073,0.05,0.95,0,0.0
robust_center_rooted_tree_smoke/v1,diagnostic_robust_center_rooted_tree_not_calibration,diagnostic_robust_center_root_anchor_not_calibration,100,balanced_clean,6,geometric_median_rooted,0.5933221873743342,0.03139825332620568,,630,631,0.1246784542020185,0.609554284933073,0.05,0.95,0,0.0
robust_center_rooted_tree_smoke/v1,diagnostic_robust_center_rooted_tree_not_calibration,diagnostic_robust_center_root_anchor_not_calibration,100,balanced_clean,6,tukey_depth_rooted,0.5980616006464081,0.030642660549708784,0.44375,630,631,0.13898708023224698,0.609554284933073,0.05,0.95,0,0.0
robust_center_rooted_tree_smoke/v1,diagnostic_robust_center_rooted_tree_not_calibration,diagnostic_robust_center_root_anchor_not_calibration,100,balanced_clean,7,centroid_rooted,0.5947187362798722,0.034683423782730365,,629,630,0.15987943664663148,0.584924817124008,0.05625,0.94375,1,0.0
robust_center_rooted_tree_smoke/v1,diagnostic_robust_center_rooted_tree_not_calibration,diagnostic_robust_center_root_anchor_not_calibration,100,balanced_clean,7,geometric_median_rooted,0.5920992710187678,0.03381942416527564,,629,630,0.15275458439121156,0.584924817124008,0.05625,0.94375,1,0.0
robust_center_rooted_tree_smoke/v1,diagnostic_robust_center_rooted_tree_not_calibration,diagnostic_robust_center_root_anchor_not_calibration,100,balanced_clean,7,tukey_depth_rooted,0.5947187362798722,0.034683423782730365,0.434375,629,630,0.15987943664663148,0.584924817124008,0.05625,0.94375,1,0.0
robust_center_rooted_tree_smoke/v1,diagnostic_robust_center_rooted_tree_not_calibration,diagnostic_robust_center_root_anchor_not_calibration,100,balanced_clean,8,centroid_rooted,0.5360502276649873,0.034732929837681115,,628,630,0.16177715201035076,0.5332085199618021,0.05625,0.94375,1,0.0
robust_center_rooted_tree_smoke/v1,diagnostic_robust_center_rooted_tree_not_calibration,diagnostic_robust_center_root_anchor_not_calibration,100,balanced_clean,8,geometric_median_rooted,0.5323818390260727,0.033584238539226687,,628,630,0.14431006012698835,0.5332085199618021,0.05625,0.94375,1,0.0
robust_center_rooted_tree_smoke/v1,diagnostic_robust_center_rooted_tree_not_calibration,diagnostic_robust_center_root_anchor_not_calibration,100,balanced_clean,8,tukey_depth_rooted,0.5360502276649873,0.034732929837681115,0.446875,628,630,0.16177715201035076,0.5332085199618021,0.05625,0.94375,1,0.0
robust_center_rooted_tree_smoke/v1,diagnostic_robust_center_rooted_tree_not_calibration,diagnostic_robust_center_root_anchor_not_calibration,100,balanced_clean,9,centroid_rooted,0.5520089804080539,0.005720477204132126,,630,631,0.1524750719073812,0.5740779425437775,0.05,0.95,1,0.0
robust_center_rooted_tree_smoke/v1,diagnostic_robust_center_rooted_tree_not_calibration,diagnostic_robust_center_root_anchor_not_calibration,100,balanced_clean,9,geometric_median_rooted,0.5557669319832403,0.0068661796601303705,,630,631,0.139027509100651,0.5740779425437775,0.05,0.95,1,0.0
robust_center_rooted_tree_smoke/v1,diagnostic_robust_center_rooted_tree_not_calibration,diagnostic_robust_center_root_anchor_not_calibration,100,balanced_clean,9,tukey_depth_rooted,0.5520089804080539,0.005720477204132126,0.434375,630,631,0.1524750719073812,0.5740779425437775,0.05,0.95,1,0.0
robust_center_rooted_tree_smoke/v1,diagnostic_robust_center_rooted_tree_not_calibration,diagnostic_robust_center_root_anchor_not_calibration,100,balanced_clean,10,centroid_rooted,0.6045503613662838,0.034208377742363086,,627,628,0.13875635504658232,0.6020117192791796,0.071875,0.928125,1,0.0
robust_center_rooted_tree_smoke/v1,diagnostic_robust_center_rooted_tree_not_calibration,diagnostic_robust_center_root_anchor_not_calibration,100,balanced_clean,10,geometric_median_rooted,0.6030165634004622,0.03343081899378351,,627,628,0.1323575089670777,0.6020117192791796,0.071875,0.928125,1,0.0
robust_center_rooted_tree_smoke/v1,diagnostic_robust_center_rooted_tree_not_calibration,diagnostic_robust_center_root_anchor_not_calibration,100,balanced_clean,10,tukey_depth_rooted,0.6045503613662838,0.034208377742363086,0.446875,627,628,0.13875635504658232,0.6020117192791796,0.071875,0.928125,1,0.0
robust_center_rooted_tree_smoke/v1,diagnostic_robust_center_rooted_tree_not_calibration,diagnostic_robust_center_root_anchor_not_calibration,100,balanced_clean,11,centroid_rooted,0.561799192564984,0.03645500609766745,,628,629,0.15555531693840108,0.6000215789316444,0.075,0.925,1,0.0
robust_center_rooted_tree_smoke/v1,diagnostic_robust_center_rooted_tree_not_calibration,diagnostic_robust_center_root_anchor_not_calibration,100,balanced_clean,11,geometric_median_rooted,0.5669870593094927,0.037728130328829115,,628,629,0.1458846854726166,0.6000215789316444,0.075,0.925,1,0.0
robust_center_rooted_tree_smoke/v1,diagnostic_robust_center_rooted_tree_not_calibration,diagnostic_robust_center_root_anchor_not_calibration,100,balanced_clean,11,tukey_depth_rooted,0.561799192564984,0.03645500609766745,0.446875,628,629,0.15555531693840108,0.6000215789316444,0.075,0.925,1,0.0
robust_center_rooted_tree_smoke/v1,diagnostic_robust_center_rooted_tree_not_calibration,diagnostic_robust_center_root_anchor_not_calibration,100,balanced_clean,12,centroid_rooted,0.6103028568662068,0.028720319465403796,,626,629,0.1515985506013126,0.6223898521029168,0.053125,0.946875,0,0.0
robust_center_rooted_tree_smoke/v1,diagnostic_robust_center_rooted_tree_not_calibration,diagnostic_robust_center_root_anchor_not_calibration,100,balanced_clean,12,geometric_median_rooted,0.6155165607169927,0.030399925161966896,,626,629,0.1432671977922509,0.6223898521029168,0.053125,0.946875,0,0.0
robust_center_rooted_tree_smoke/v1,diagnostic_robust_center_rooted_tree_not_calibration,diagnostic_robust_center_root_anchor_not_calibration,100,balanced_clean,12,tukey_depth_rooted,0.6103028568662068,0.028720319465403796,0.4375,626,629,0.1515985506013126,0.6223898521029168,0.053125,0.946875,0,0.0
robust_center_rooted_tree_smoke/v1,diagnostic_robust_center_rooted_tree_not_calibration,diagnostic_robust_center_root_anchor_not_calibration,100,balanced_clean,13,centroid_rooted,0.47884087131054803,0.01896952920417257,,628,629,0.1341347436732938,0.4897365136627565,0.053125,0.946875,0,0.0
robust_center_rooted_tree_smoke/v1,diagnostic_robust_center_rooted_tree_not_calibration,diagnostic_robust_center_root_anchor_not_calibration,100,balanced_clean,13,geometric_median_rooted,0.4801092086759832,0.01926684592245056,,628,629,0.12784808754450921,0.4897365136627565,0.053125,0.946875,0,0.0
robust_center_rooted_tree_smoke/v1,diagnostic_robust_center_rooted_tree_not_calibration,diagnostic_robust_center_root_anchor_not_calibration,100,balanced_clean,13,tukey_depth_rooted,0.47884087131054803,0.01896952920417257,0.446875,628,629,0.1341347436732938,0.4897365136627565,0.053125,0.946875,0,0.0
robust_center_rooted_tree_smoke/v1,diagnostic_robust_center_rooted_tree_not_calibration,diagnostic_robust_center_root_anchor_not_calibration,100,balanced_clean,14,centroid_rooted,0.5697610671654585,0.010075118959390159,,628,629,0.13860993211686987,0.6005364631042702,0.059375,0.940625,1,0.0
robust_center_rooted_tree_smoke/v1,diagnostic_robust_center_rooted_tree_not_calibration,diagnostic_robust_center_root_anchor_not_calibration,100,balanced_clean,14,geometric_median_rooted,0.5724897092644693,0.010558332187044403,,628,629,0.13448413950761512,0.6005364631042702,0.059375,0.940625,1,0.0
robust_center_rooted_tree_smoke/v1,diagnostic_robust_center_rooted_tree_not_calibration,diagnostic_robust_center_root_anchor_not_calibration,100,balanced_clean,14,tukey_depth_rooted,0.5724897092644693,0.010558332187044403,0.453125,628,629,0.13448413950761512,0.6005364631042702,0.059375,0.940625,1,0.0
robust_center_rooted_tree_smoke/v1,diagnostic_robust_center_rooted_tree_not_calibration,diagnostic_robust_center_root_anchor_not_calibration,100,balanced_clean,15,centroid_rooted,0.5610550020074081,0.04776202667007088,,629,630,0.15845605726506617,0.5820686906392354,0.0625,0.9375,1,0.0
robust_center_rooted_tree_smoke/v1,diagnostic_robust_center_rooted_tree_not_calibration,diagnostic_robust_center_root_anchor_not_calibration,100,balanced_clean,15,geometric_median_rooted,0.5653231622488284,0.04825273357861871,,629,630,0.1478256955426511,0.5820686906392354,0.0625,0.9375,1,0.0
robust_center_rooted_tree_smoke/v1,diagnostic_robust_center_rooted_tree_not_calibration,diagnostic_robust_center_root_anchor_not_calibration,100,balanced_clean,15,tukey_depth_rooted,0.5653231622488284,0.04825273357861871,0.44375,629,630,0.1478256955426511,0.5820686906392354,0.0625,0.9375,1,0.0
robust_center_rooted_tree_smoke/v1,diagnostic_robust_center_rooted_tree_not_calibration,diagnostic_robust_center_root_anchor_not_calibration,100,balanced_clean,16,centroid_rooted,0.5434004323747232,0.041589640631714005,,628,629,0.1577593226030444,0.5712030074060974,0.05625,0.94375,0,0.0
robust_center_rooted_tree_smoke/v1,diagnostic_robust_center_rooted_tree_not_calibration,diagnostic_robust_center_root_anchor_not_calibration,100,balanced_clean,16,geometric_median_rooted,0.54287427620266,0.04253086093500483,,628,629,0.1488497429541638,0.5712030074060974,0.05625,0.94375,0,0.0
robust_center_rooted_tree_smoke/v1,diagnostic_robust_center_rooted_tree_not_calibration,diagnostic_robust_center_root_anchor_not_calibration,100,balanced_clean,16,tukey_depth_rooted,0.5434004323747232,0.041589640631714005,0.4375,628,629,0.1577593226030444,0.5712030074060974,0.05625,0.94375,0,0.0
robust_center_rooted_tree_smoke/v1,diagnostic_robust_center_rooted_tree_not_calibration,diagnostic_robust_center_root_anchor_not_calibration,100,balanced_clean,17,centroid_rooted,0.6271308911883993,0.028112829717616195,,630,631,0.13244568639301887,0.6530860612988667,0.053125,0.946875,0,0.0
robust_center_rooted_tree_smoke/v1,diagnostic_robust_center_rooted_tree_not_calibration,diagnostic_robust_center_root_anchor_not_calibration,100,balanced_clean,17,geometric_median_rooted,0.6258882077794208,0.028540262804818223,,630,631,0.12658088586050006,0.6530860612988667,0.053125,0.946875,0,0.0
robust_center_rooted_tree_smoke/v1,diagnostic_robust_center_rooted_tree_not_calibration,diagnostic_robust_center_root_anchor_not_calibration,100,balanced_clean,17,tukey_depth_rooted,0.6271308911883993,0.028112829717616195,0.440625,630,631,0.13244568639301887,0.6530860612988667,0.053125,0.946875,0,0.0
robust_center_rooted_tree_smoke/v1,diagnostic_robust_center_rooted_tree_not_calibration,diagnostic_robust_center_root_anchor_not_calibration,100,balanced_clean,18,centroid_rooted,0.5281292672999274,0.029087779374112555,,628,629,0.15724953346296155,0.5591876510711087,0.05625,0.94375,1,0.0
robust_center_rooted_tree_smoke/v1,diagnostic_robust_center_rooted_tree_not_calibration,diagnostic_robust_center_root_anchor_not_calibration,100,balanced_clean,18,geometric_median_rooted,0.5284741533771221,0.029917375093523355,,628,629,0.14810511183428665,0.5591876510711087,0.05625,0.94375,1,0.0
robust_center_rooted_tree_smoke/v1,diagnostic_robust_center_rooted_tree_not_calibration,diagnostic_robust_center_root_anchor_not_calibration,100,balanced_clean,18,tukey_depth_rooted,0.5281292672999274,0.029087779374112555,0.45,628,629,0.15724953346296155,0.5591876510711087,0.05625,0.94375,1,0.0
robust_center_rooted_tree_smoke/v1,diagnostic_robust_center_rooted_tree_not_calibration,diagnostic_robust_center_root_anchor_not_calibration,100,balanced_clean,19,centroid_rooted,0.5477976517195997,0.012171071616244864,,628,629,0.15883600330422779,0.5778822086232679,0.05625,0.94375,1,0.0
robust_center_rooted_tree_smoke/v1,diagnostic_robust_center_rooted_tree_not_calibration,diagnostic_robust_center_root_anchor_not_calibration,100,balanced_clean,19,geometric_median_rooted,0.5546203615314891,0.013403726506268313,,628,629,0.14247360779501042,0.5778822086232679,0.05625,0.94375,1,0.0
robust_center_rooted_tree_smoke/v1,diagnostic_robust_center_rooted_tree_not_calibration,diagnostic_robust_center_root_anchor_not_calibration,100,balanced_clean,19,tukey_depth_rooted,0.5477976517195997,0.012171071616244864,0.4375,628,629,0.15883600330422779,0.5778822086232679,0.05625,0.94375,1,0.0
robust_center_rooted_tree_smoke/v1,diagnostic_robust_center_rooted_tree_not_calibration,diagnostic_robust_center_root_anchor_not_calibration,100,balanced_clean,20,centroid_rooted,0.5682206178648893,0.016749310252611775,,627,628,0.14914361672008725,0.5968980544051252,0.053125,0.946875,0,0.0
robust_center_rooted_tree_smoke/v1,diagnostic_robust_center_rooted_tree_not_calibration,diagnostic_robust_center_root_anchor_not_calibration,100,balanced_clean,20,geometric_median_rooted,0.5678452579919796,0.01578800336353879,,627,628,0.14336312834617732,0.5968980544051252,0.053125,0.946875,0,0.0
robust_center_rooted_tree_smoke/v1,diagnostic_robust_center_rooted_tree_not_calibration,diagnostic_robust_center_root_anchor_not_calibration,100,balanced_clean,20,tukey_depth_rooted,0.5682206178648893,0.016749310252611775,0.434375,627,628,0.14914361672008725,0.5968980544051252,0.053125,0.946875,0,0.0
robust_center_rooted_tree_smoke/v1,diagnostic_robust_center_rooted_tree_not_calibration,diagnostic_robust_center_root_anchor_not_calibration,100,balanced_clean,21,centroid_rooted,0.5181069519335192,0.016905177219061467,,631,632,0.15571405399377738,0.515519891724395,0.05,0.95,0,0.0
robust_center_rooted_tree_smoke/v1,diagnostic_robust_center_rooted_tree_not_calibration,diagnostic_robust_center_root_anchor_not_calibration,100,balanced_clean,21,geometric_median_rooted,0.5170236113653524,0.016547431389803552,,631,632,0.14329615833015819,0.515519891724395,0.05,0.95,0,0.0
robust_center_rooted_tree_smoke/v1,diagnostic_robust_center_rooted_tree_not_calibration,diagnostic_robust_center_root_anchor_not_calibration,100,balanced_clean,21,tukey_depth_rooted,0.5181069519335192,0.016905177219061467,0.44375,631,632,0.15571405399377738,0.515519891724395,0.05,0.95,0,0.0
robust_center_rooted_tree_smoke/v1,diagnostic_robust_center_rooted_tree_not_calibration,diagnostic_robust_center_root_anchor_not_calibration,100,balanced_clean,22,centroid_rooted,0.5992994695725373,0.03639827589425288,,628,629,0.14134439422438852,0.591939179428501,0.05,0.95,0,0.0
robust_center_rooted_tree_smoke/v1,diagnostic_robust_center_rooted_tree_not_calibration,diagnostic_robust_center_root_anchor_not_calibration,100,balanced_clean,22,geometric_median_rooted,0.6020587285370892,0.037196462970718845,,628,629,0.12895418567638728,0.591939179428501,0.05,0.95,0,0.0
robust_center_rooted_tree_smoke/v1,diagnostic_robust_center_rooted_tree_not_calibration,diagnostic_robust_center_root_anchor_not_calibration,100,balanced_clean,22,tukey_depth_rooted,0.5992994695725373,0.03639827589425288,0.45,628,629,0.14134439422438852,0.591939179428501,0.05,0.95,0,0.0
robust_center_rooted_tree_smoke/v1,diagnostic_robust_center_rooted_tree_not_calibration,diagnostic_robust_center_root_anchor_not_calibration,100,balanced_clean,23,centroid_rooted,0.5471158171266635,0.02833937960782176,,628,629,0.167442728490335,0.5723386226672583,0.053125,0.946875,1,0.0
robust_center_rooted_tree_smoke/v1,diagnostic_robust_center_rooted_tree_not_calibration,diagnostic_robust_center_root_anchor_not_calibration,100,balanced_clean,23,geometric_median_rooted,0.5428873722185136,0.030169920220992946,,628,629,0.1547834986917147,0.5723386226672583,0.053125,0.946875,1,0.0
robust_center_rooted_tree_smoke/v1,diagnostic_robust_center_rooted_tree_not_calibration,diagnostic_robust_center_root_anchor_not_calibration,100,balanced_clean,23,tukey_depth_rooted,0.5471158171266635,0.02833937960782176,0.428125,628,629,0.167442728490335,0.5723386226672583,0.053125,0.946875,1,0.0
robust_center_rooted_tree_smoke/v1,diagnostic_robust_center_rooted_tree_not_calibration,diagnostic_robust_center_root_anchor_not_calibration,100,balanced_clean,24,centroid_rooted,0.544570355366917,0.019529606356494568,,630,631,0.1503719543257359,0.5630874763800187,0.05,0.95,1,0.0
robust_center_rooted_tree_smoke/v1,diagnostic_robust_center_rooted_tree_not_calibration,diagnostic_robust_center_root_anchor_not_calibration,100,balanced_clean,24,geometric_median_rooted,0.5482269441248997,0.020759752068418066,,630,631,0.14861183672929773,0.5630874763800187,0.05,0.95,1,0.0
robust_center_rooted_tree_smoke/v1,diagnostic_robust_center_rooted_tree_not_calibration,diagnostic_robust_center_root_anchor_not_calibration,100,balanced_clean,24,tukey_depth_rooted,0.544570355366917,0.019529606356494568,0.446875,630,631,0.1503719543257359,0.5630874763800187,0.05,0.95,1,0.0
robust_center_rooted_tree_smoke/v1,diagnostic_robust_center_rooted_tree_not_calibration,diagnostic_robust_center_root_anchor_not_calibration,100,balanced_clean,25,centroid_rooted,0.6066654739020094,0.04367893046168347,,632,633,0.11496754343036052,0.6060459120791805,0.053125,0.946875,0,0.0
robust_center_rooted_tree_smoke/v1,diagnostic_robust_center_rooted_tree_not_calibration,diagnostic_robust_center_root_anchor_not_calibration,100,balanced_clean,25,geometric_median_rooted,0.6097383239981448,0.04300861541322386,,632,633,0.11109335008889806,0.6060459120791805,0.053125,0.946875,0,0.0
robust_center_rooted_tree_smoke/v1,diagnostic_robust_center_rooted_tree_not_calibration,diagnostic_robust_center_root_anchor_not_calibration,100,balanced_clean,25,tukey_depth_rooted,0.6066654739020094,0.04367893046168347,0.428125,632,633,0.11496754343036052,0.6060459120791805,0.053125,0.946875,0,0.0
robust_center_rooted_tree_smoke/v1,diagnostic_robust_center_rooted_tree_not_calibration,diagnostic_robust_center_root_anchor_not_calibration,100,balanced_clean,26,centroid_rooted,0.5843822154251287,0.021483721006396953,,626,627,0.1689049776464434,0.5844823900271767,0.053125,0.946875,0,0.0
robust_center_rooted_tree_smoke/v1,diagnostic_robust_center_rooted_tree_not_calibration,diagnostic_robust_center_root_anchor_not_calibration,100,balanced_clean,26,geometric_median_rooted,0.5828852598018488,0.022033203787599327,,626,627,0.15108916826664837,0.5844823900271767,0.053125,0.946875,0,0.0
robust_center_rooted_tree_smoke/v1,diagnostic_robust_center_rooted_tree_not_calibration,diagnostic_robust_center_root_anchor_not_calibration,100,balanced_clean,26,tukey_depth_rooted,0.5843822154251287,0.021483721006396953,0.434375,626,627,0.1689049776464434,0.5844823900271767,0.053125,0.946875,0,0.0
robust_center_rooted_tree_smoke/v1,diagnostic_robust_center_rooted_tree_not_calibration,diagnostic_robust_center_root_anchor_not_calibration,100,balanced_clean,27,centroid_rooted,0.5034031392911189,0.03516989778901386,,631,633,0.150013386312293,0.5410139977908102,0.06875,0.93125,1,0.0
robust_center_rooted_tree_smoke/v1,diagnostic_robust_center_rooted_tree_not_calibration,diagnostic_robust_center_root_anchor_not_calibration,100,balanced_clean,27,geometric_median_rooted,0.5059957096074477,0.03508820580560535,,631,633,0.14474395838506549,0.5410139977908102,0.06875,0.93125,1,0.0
robust_center_rooted_tree_smoke/v1,diagnostic_robust_center_rooted_tree_not_calibration,diagnostic_robust_center_root_anchor_not_calibration,100,balanced_clean,27,tukey_depth_rooted,0.5034031392911189,0.03516989778901386,0.45,631,633,0.150013386312293,0.5410139977908102,0.06875,0.93125,1,0.0
robust_center_rooted_tree_smoke/v1,diagnostic_robust_center_rooted_tree_not_calibration,diagnostic_robust_center_root_anchor_not_calibration,100,balanced_clean,28,centroid_rooted,0.5702977444150863,0.035326774238427186,,630,631,0.1507046395400921,0.5864212627132204,0.059375,0.940625,1,0.0
robust_center_rooted_tree_smoke/v1,diagnostic_robust_center_rooted_tree_not_calibration,diagnostic_robust_center_root_anchor_not_calibration,100,balanced_clean,28,geometric_median_rooted,0.5754611313803446,0.03674344817614147,,630,631,0.1364530711879096,0.5864212627132204,0.059375,0.940625,1,0.0
robust_center_rooted_tree_smoke/v1,diagnostic_robust_center_rooted_tree_not_calibration,diagnostic_robust_center_root_anchor_not_calibration,100,balanced_clean,28,tukey_depth_rooted,0.5702977444150863,0.035326774238427186,0.45,630,631,0.1507046395400921,0.5864212627132204,0.059375,0.940625,1,0.0
robust_center_rooted_tree_smoke/v1,diagnostic_robust_center_rooted_tree_not_calibration,diagnostic_robust_center_root_anchor_not_calibration,100,balanced_clean,29,centroid_rooted,0.5123929730929482,0.02592904313908147,,628,629,0.13671008080050834,0.5341325772793717,0.05,0.95,0,0.0
robust_center_rooted_tree_smoke/v1,diagnostic_robust_center_rooted_tree_not_calibration,diagnostic_robust_center_root_anchor_not_calibration,100,balanced_clean,29,geometric_median_rooted,0.5070303132916988,0.026961086030375024,,628,629,0.13276878141996556,0.5341325772793717,0.05,0.95,0,0.0
robust_center_rooted_tree_smoke/v1,diagnostic_robust_center_rooted_tree_not_calibration,diagnostic_robust_center_root_anchor_not_calibration,100,balanced_clean,29,tukey_depth_rooted,0.5123929730929482,0.02592904313908147,0.4375,628,629,0.13671008080050834,0.5341325772793717,0.05,0.95,0,0.0
robust_center_rooted_tree_smoke/v1,diagnostic_robust_center_rooted_tree_not_calibration,diagnostic_robust_center_root_anchor_not_calibration,100,balanced_10pct_outliers,0,centroid_rooted,1.2920718871272512,0.06538969815646888,,701,702,1.9759863450164098e-17,0.5663078915493588,0.09090909090909091,1.0,0,1.0
robust_center_rooted_tree_smoke/v1,diagnostic_robust_center_rooted_tree_not_calibration,diagnostic_robust_center_root_anchor_not_calibration,100,balanced_10pct_outliers,0,geometric_median_rooted,1.0042446698552085,0.0701747468253496,,701,702,0.040551614451786094,0.5663078915493588,0.09090909090909091,1.0,0,1.0
robust_center_rooted_tree_smoke/v1,diagnostic_robust_center_rooted_tree_not_calibration,diagnostic_robust_center_root_anchor_not_calibration,100,balanced_10pct_outliers,0,tukey_depth_rooted,1.0042446698552085,0.0701747468253496,0.4403409090909091,701,702,0.040551614451786094,0.5663078915493588,0.09090909090909091,1.0,0,1.0
robust_center_rooted_tree_smoke/v1,diagnostic_robust_center_rooted_tree_not_calibration,diagnostic_robust_center_root_anchor_not_calibration,100,balanced_10pct_outliers,1,centroid_rooted,1.2203918983532944,0.05604379785352352,,701,702,5.44308132985017e-17,0.5325379308544784,0.09090909090909091,1.0,0,1.0
robust_center_rooted_tree_smoke/v1,diagnostic_robust_center_rooted_tree_not_calibration,diagnostic_robust_center_root_anchor_not_calibration,100,balanced_10pct_outliers,1,geometric_median_rooted,0.9362436380787451,0.04447533164750563,,701,702,0.03832172366207209,0.5325379308544784,0.09090909090909091,1.0,0,1.0
robust_center_rooted_tree_smoke/v1,diagnostic_robust_center_rooted_tree_not_calibration,diagnostic_robust_center_root_anchor_not_calibration,100,balanced_10pct_outliers,1,tukey_depth_rooted,0.9362436380787451,0.04447533164750563,0.4431818181818182,701,702,0.03832172366207209,0.5325379308544784,0.09090909090909091,1.0,0,1.0
robust_center_rooted_tree_smoke/v1,diagnostic_robust_center_rooted_tree_not_calibration,diagnostic_robust_center_root_anchor_not_calibration,100,balanced_10pct_outliers,2,centroid_rooted,1.2567964001672685,0.10185229669172932,,701,702,4.96900631315276e-17,0.5449369458574567,0.09090909090909091,1.0,0,1.0
robust_center_rooted_tree_smoke/v1,diagnostic_robust_center_rooted_tree_not_calibration,diagnostic_robust_center_root_anchor_not_calibration,100,balanced_10pct_outliers,2,geometric_median_rooted,0.9802761991004,0.0872820502955521,,701,702,0.03637672090991411,0.5449369458574567,0.09090909090909091,1.0,0,1.0
robust_center_rooted_tree_smoke/v1,diagnostic_robust_center_rooted_tree_not_calibration,diagnostic_robust_center_root_anchor_not_calibration,100,balanced_10pct_outliers,2,tukey_depth_rooted,0.9802761991004,0.0872820502955521,0.4460227272727273,701,702,0.03637672090991411,0.5449369458574567,0.09090909090909091,1.0,0,1.0
robust_center_rooted_tree_smoke/v1,diagnostic_robust_center_rooted_tree_not_calibration,diagnostic_robust_center_root_anchor_not_calibration,100,balanced_10pct_outliers,3,centroid_rooted,1.2168466537047586,0.030778013480217196,,701,702,5.590447513766883e-17,0.5894047996393093,0.09090909090909091,1.0,0,1.0
robust_center_rooted_tree_smoke/v1,diagnostic_robust_center_rooted_tree_not_calibration,diagnostic_robust_center_root_anchor_not_calibration,100,balanced_10pct_outliers,3,geometric_median_rooted,0.9626420255321023,0.02091204524611894,,701,702,0.03827972659495634,0.5894047996393093,0.09090909090909091,1.0,0,1.0
robust_center_rooted_tree_smoke/v1,diagnostic_robust_center_rooted_tree_not_calibration,diagnostic_robust_center_root_anchor_not_calibration,100,balanced_10pct_outliers,3,tukey_depth_rooted,0.9626420255321023,0.02091204524611894,0.4375,701,702,0.03827972659495634,0.5894047996393093,0.09090909090909091,1.0,0,1.0
robust_center_rooted_tree_smoke/v1,diagnostic_robust_center_rooted_tree_not_calibration,diagnostic_robust_center_root_anchor_not_calibration,100,balanced_10pct_outliers,4,centroid_rooted,1.1442826789446046,0.038850407039919446,,701,702,5.442187337368414e-17,0.5222505342793419,0.09090909090909091,1.0,0,1.0
robust_center_rooted_tree_smoke/v1,diagnostic_robust_center_rooted_tree_not_calibration,diagnostic_robust_center_root_anchor_not_calibration,100,balanced_10pct_outliers,4,geometric_median_rooted,0.8651049282564858,0.03370967085135408,,701,702,0.03653995119713773,0.5222505342793419,0.09090909090909091,1.0,0,1.0
robust_center_rooted_tree_smoke/v1,diagnostic_robust_center_rooted_tree_not_calibration,diagnostic_robust_center_root_anchor_not_calibration,100,balanced_10pct_outliers,4,tukey_depth_rooted,0.8651049282564858,0.03370967085135408,0.4460227272727273,701,702,0.03653995119713773,0.5222505342793419,0.09090909090909091,1.0,0,1.0
robust_center_rooted_tree_smoke/v1,diagnostic_robust_center_rooted_tree_not_calibration,diagnostic_robust_center_root_anchor_not_calibration,100,balanced_10pct_outliers,5,centroid_rooted,1.2333447543666998,0.03200711060097649,,701,702,5.850031823169832e-17,0.5792588585211285,0.09090909090909091,1.0,0,1.0
robust_center_rooted_tree_smoke/v1,diagnostic_robust_center_rooted_tree_not_calibration,diagnostic_robust_center_root_anchor_not_calibration,100,balanced_10pct_outliers,5,geometric_median_rooted,0.944261419821573,0.03285298068906124,,701,702,0.041834056849738996,0.5792588585211285,0.09090909090909091,1.0,0,1.0
robust_center_rooted_tree_smoke/v1,diagnostic_robust_center_rooted_tree_not_calibration,diagnostic_robust_center_root_anchor_not_calibration,100,balanced_10pct_outliers,5,tukey_depth_rooted,0.944261419821573,0.03285298068906124,0.42329545454545453,701,702,0.041834056849738996,0.5792588585211285,0.09090909090909091,1.0,0,1.0
robust_center_rooted_tree_smoke/v1,diagnostic_robust_center_rooted_tree_not_calibration,diagnostic_robust_center_root_anchor_not_calibration,100,balanced_10pct_outliers,6,centroid_rooted,1.2130590463748676,0.03165558544113411,,701,702,3.5518171930752274e-17,0.5307415766279265,0.09090909090909091,1.0,0,1.0
robust_center_rooted_tree_smoke/v1,diagnostic_robust_center_rooted_tree_not_calibration,diagnostic_robust_center_root_anchor_not_calibration,100,balanced_10pct_outliers,6,geometric_median_rooted,0.9424957341776481,0.025319297089332456,,701,702,0.0426636081668468,0.5307415766279265,0.09090909090909091,1.0,0,1.0
robust_center_rooted_tree_smoke/v1,diagnostic_robust_center_rooted_tree_not_calibration,diagnostic_robust_center_root_anchor_not_calibration,100,balanced_10pct_outliers,6,tukey_depth_rooted,0.9424957341776481,0.025319297089332456,0.4318181818181818,701,702,0.0426636081668468,0.5307415766279265,0.09090909090909091,1.0,0,1.0
robust_center_rooted_tree_smoke/v1,diagnostic_robust_center_rooted_tree_not_calibration,diagnostic_robust_center_root_anchor_not_calibration,100,balanced_10pct_outliers,7,centroid_rooted,1.140034634997844,0.014112573355087131,,701,702,7.462966081756009e-17,0.5326494644709543,0.09090909090909091,1.0,0,1.0
robust_center_rooted_tree_smoke/v1,diagnostic_robust_center_rooted_tree_not_calibration,diagnostic_robust_center_root_anchor_not_calibration,100,balanced_10pct_outliers,7,geometric_median_rooted,0.8760505642019242,0.020205697992314395,,701,702,0.04017555442127805,0.5326494644709543,0.09090909090909091,1.0,0,1.0
robust_center_rooted_tree_smoke/v1,diagnostic_robust_center_rooted_tree_not_calibration,diagnostic_robust_center_root_anchor_not_calibration,100,balanced_10pct_outliers,7,tukey_depth_rooted,0.8760505642019242,0.020205697992314395,0.4403409090909091,701,702,0.04017555442127805,0.5326494644709543,0.09090909090909091,1.0,0,1.0
robust_center_rooted_tree_smoke/v1,diagnostic_robust_center_rooted_tree_not_calibration,diagnostic_robust_center_root_anchor_not_calibration,100,balanced_10pct_outliers,8,centroid_rooted,1.270400499041458,0.055207112862572974,,701,702,4.251117485648021e-17,0.5282120860762011,0.09090909090909091,1.0,0,1.0
robust_center_rooted_tree_smoke/v1,diagnostic_robust_center_rooted_tree_not_calibration,diagnostic_robust_center_root_anchor_not_calibration,100,balanced_10pct_outliers,8,geometric_median_rooted,0.988198203044649,0.05154561128823562,,701,702,0.04195630060862189,0.5282120860762011,0.09090909090909091,1.0,0,1.0
robust_center_rooted_tree_smoke/v1,diagnostic_robust_center_rooted_tree_not_calibration,diagnostic_robust_center_root_anchor_not_calibration,100,balanced_10pct_outliers,8,tukey_depth_rooted,0.988198203044649,0.05154561128823562,0.4403409090909091,701,702,0.04195630060862189,0.5282120860762011,0.09090909090909091,1.0,0,1.0
robust_center_rooted_tree_smoke/v1,diagnostic_robust_center_rooted_tree_not_calibration,diagnostic_robust_center_root_anchor_not_calibration,100,balanced_10pct_outliers,9,centroid_rooted,1.3233261098072553,0.07957099557486502,,701,702,3.7014390640753085e-17,0.5848082598886462,0.09090909090909091,1.0,0,1.0
robust_center_rooted_tree_smoke/v1,diagnostic_robust_center_rooted_tree_not_calibration,diagnostic_robust_center_root_anchor_not_calibration,100,balanced_10pct_outliers,9,geometric_median_rooted,1.0593721624219825,0.0736281211831763,,701,702,0.036793555431728124,0.5848082598886462,0.09090909090909091,1.0,0,1.0
robust_center_rooted_tree_smoke/v1,diagnostic_robust_center_rooted_tree_not_calibration,diagnostic_robust_center_root_anchor_not_calibration,100,balanced_10pct_outliers,9,tukey_depth_rooted,1.0593721624219825,0.0736281211831763,0.4147727272727273,701,702,0.036793555431728124,0.5848082598886462,0.09090909090909091,1.0,0,1.0
robust_center_rooted_tree_smoke/v1,diagnostic_robust_center_rooted_tree_not_calibration,diagnostic_robust_center_root_anchor_not_calibration,100,balanced_10pct_outliers,10,centroid_rooted,1.2125874542635904,0.026533709730832824,,701,702,6.143065016158721e-17,0.6012321043893618,0.09090909090909091,1.0,0,1.0
robust_center_rooted_tree_smoke/v1,diagnostic_robust_center_rooted_tree_not_calibration,diagnostic_robust_center_root_anchor_not_calibration,100,balanced_10pct_outliers,10,geometric_median_rooted,0.960916004469618,0.025135514308448625,,701,702,0.038774178507276755,0.6012321043893618,0.09090909090909091,1.0,0,1.0
robust_center_rooted_tree_smoke/v1,diagnostic_robust_center_rooted_tree_not_calibration,diagnostic_robust_center_root_anchor_not_calibration,100,balanced_10pct_outliers,10,tukey_depth_rooted,0.960916004469618,0.025135514308448625,0.4375,701,702,0.038774178507276755,0.6012321043893618,0.09090909090909091,1.0,0,1.0
robust_center_rooted_tree_smoke/v1,diagnostic_robust_center_rooted_tree_not_calibration,diagnostic_robust_center_root_anchor_not_calibration,100,balanced_10pct_outliers,11,centroid_rooted,1.1707817848699271,0.017491433384383963,,701,702,5.945603485088549e-17,0.5779494883554739,0.09090909090909091,1.0,0,1.0
robust_center_rooted_tree_smoke/v1,diagnostic_robust_center_rooted_tree_not_calibration,diagnostic_robust_center_root_anchor_not_calibration,100,balanced_10pct_outliers,11,geometric_median_rooted,0.9060526005093336,0.012032757128405546,,701,702,0.03966575075763937,0.5779494883554739,0.09090909090909091,1.0,0,1.0
robust_center_rooted_tree_smoke/v1,diagnostic_robust_center_rooted_tree_not_calibration,diagnostic_robust_center_root_anchor_not_calibration,100,balanced_10pct_outliers,11,tukey_depth_rooted,0.9060526005093336,0.012032757128405546,0.4403409090909091,701,702,0.03966575075763937,0.5779494883554739,0.09090909090909091,1.0,0,1.0
robust_center_rooted_tree_smoke/v1,diagnostic_robust_center_rooted_tree_not_calibration,diagnostic_robust_center_root_anchor_not_calibration,100,balanced_10pct_outliers,12,centroid_rooted,1.219061231016714,0.027922693770147278,,701,702,4.962235933859347e-17,0.4940194309872237,0.09090909090909091,1.0,0,1.0
robust_center_rooted_tree_smoke/v1,diagnostic_robust_center_rooted_tree_not_calibration,diagnostic_robust_center_root_anchor_not_calibration,100,balanced_10pct_outliers,12,geometric_median_rooted,0.9276492680040616,0.02804288013950451,,701,702,0.03424638343905797,0.4940194309872237,0.09090909090909091,1.0,0,1.0
robust_center_rooted_tree_smoke/v1,diagnostic_robust_center_rooted_tree_not_calibration,diagnostic_robust_center_root_anchor_not_calibration,100,balanced_10pct_outliers,12,tukey_depth_rooted,0.9276492680040616,0.02804288013950451,0.4460227272727273,701,702,0.03424638343905797,0.4940194309872237,0.09090909090909091,1.0,0,1.0
robust_center_rooted_tree_smoke/v1,diagnostic_robust_center_rooted_tree_not_calibration,diagnostic_robust_center_root_anchor_not_calibration,100,balanced_10pct_outliers,13,centroid_rooted,1.268375674447487,0.015352260787086201,,701,702,5.867206913426569e-17,0.655918889927527,0.09090909090909091,1.0,0,1.0
robust_center_rooted_tree_smoke/v1,diagnostic_robust_center_rooted_tree_not_calibration,diagnostic_robust_center_root_anchor_not_calibration,100,balanced_10pct_outliers,13,geometric_median_rooted,1.0085958992811783,0.016726290786969047,,701,702,0.044207869794090617,0.655918889927527,0.09090909090909091,1.0,0,1.0
robust_center_rooted_tree_smoke/v1,diagnostic_robust_center_rooted_tree_not_calibration,diagnostic_robust_center_root_anchor_not_calibration,100,balanced_10pct_outliers,13,tukey_depth_rooted,1.0085958992811783,0.016726290786969047,0.42045454545454547,701,702,0.044207869794090617,0.655918889927527,0.09090909090909091,1.0,0,1.0
robust_center_rooted_tree_smoke/v1,diagnostic_robust_center_rooted_tree_not_calibration,diagnostic_robust_center_root_anchor_not_calibration,100,balanced_10pct_outliers,14,centroid_rooted,1.3688814367867221,0.025502184099863164,,701,702,5.5052188629822066e-17,0.6250926843231005,0.09090909090909091,1.0,0,1.0
robust_center_rooted_tree_smoke/v1,diagnostic_robust_center_rooted_tree_not_calibration,diagnostic_robust_center_root_anchor_not_calibration,100,balanced_10pct_outliers,14,geometric_median_rooted,1.0840451650177911,0.020468043264959452,,701,702,0.037713157805715145,0.6250926843231005,0.09090909090909091,1.0,0,1.0
robust_center_rooted_tree_smoke/v1,diagnostic_robust_center_rooted_tree_not_calibration,diagnostic_robust_center_root_anchor_not_calibration,100,balanced_10pct_outliers,14,tukey_depth_rooted,1.0840451650177911,0.020468043264959452,0.4289772727272727,701,702,0.037713157805715145,0.6250926843231005,0.09090909090909091,1.0,0,1.0
robust_center_rooted_tree_smoke/v1,diagnostic_robust_center_rooted_tree_not_calibration,diagnostic_robust_center_root_anchor_not_calibration,100,balanced_10pct_outliers,15,centroid_rooted,1.2257045913031526,0.045333272532094245,,701,702,3.8803023037370324e-17,0.5341008749392528,0.09090909090909091,1.0,0,1.0
robust_center_rooted_tree_smoke/v1,diagnostic_robust_center_rooted_tree_not_calibration,diagnostic_robust_center_root_anchor_not_calibration,100,balanced_10pct_outliers,15,geometric_median_rooted,0.9293036714138602,0.03660107712944961,,701,702,0.038863036567524725,0.5341008749392528,0.09090909090909091,1.0,0,1.0
robust_center_rooted_tree_smoke/v1,diagnostic_robust_center_rooted_tree_not_calibration,diagnostic_robust_center_root_anchor_not_calibration,100,balanced_10pct_outliers,15,tukey_depth_rooted,0.9293036714138602,0.03660107712944961,0.4375,701,702,0.038863036567524725,0.5341008749392528,0.09090909090909091,1.0,0,1.0
robust_center_rooted_tree_smoke/v1,diagnostic_robust_center_rooted_tree_not_calibration,diagnostic_robust_center_root_anchor_not_calibration,100,balanced_10pct_outliers,16,centroid_rooted,1.1997943736405559,0.07570096931597574,,701,702,7.389933460492173e-17,0.5419974378418958,0.09090909090909091,1.0,0,1.0
robust_center_rooted_tree_smoke/v1,diagnostic_robust_center_rooted_tree_not_calibration,diagnostic_robust_center_root_anchor_not_calibration,100,balanced_10pct_outliers,16,geometric_median_rooted,0.9028378859299583,0.0703538004038603,,701,702,0.039416136113375286,0.5419974378418958,0.09090909090909091,1.0,0,1.0
robust_center_rooted_tree_smoke/v1,diagnostic_robust_center_rooted_tree_not_calibration,diagnostic_robust_center_root_anchor_not_calibration,100,balanced_10pct_outliers,16,tukey_depth_rooted,0.9028378859299583,0.0703538004038603,0.4375,701,702,0.039416136113375286,0.5419974378418958,0.09090909090909091,1.0,0,1.0
robust_center_rooted_tree_smoke/v1,diagnostic_robust_center_rooted_tree_not_calibration,diagnostic_robust_center_root_anchor_not_calibration,100,balanced_10pct_outliers,17,centroid_rooted,1.2451376556121643,0.09751977934904933,,701,702,6.930486243408851e-17,0.5388951793799712,0.09090909090909091,1.0,0,1.0
robust_center_rooted_tree_smoke/v1,diagnostic_robust_center_rooted_tree_not_calibration,diagnostic_robust_center_root_anchor_not_calibration,100,balanced_10pct_outliers,17,geometric_median_rooted,0.9822346227444306,0.07761678126947343,,701,702,0.03594384901846073,0.5388951793799712,0.09090909090909091,1.0,0,1.0
robust_center_rooted_tree_smoke/v1,diagnostic_robust_center_rooted_tree_not_calibration,diagnostic_robust_center_root_anchor_not_calibration,100,balanced_10pct_outliers,17,tukey_depth_rooted,0.9822346227444306,0.07761678126947343,0.4289772727272727,701,702,0.03594384901846073,0.5388951793799712,0.09090909090909091,1.0,0,1.0
robust_center_rooted_tree_smoke/v1,diagnostic_robust_center_rooted_tree_not_calibration,diagnostic_robust_center_root_anchor_not_calibration,100,balanced_10pct_outliers,18,centroid_rooted,1.2300578486412521,0.055681597690919224,,701,702,5.789102963381976e-17,0.5848893311118581,0.09090909090909091,1.0,0,1.0
robust_center_rooted_tree_smoke/v1,diagnostic_robust_center_rooted_tree_not_calibration,diagnostic_robust_center_root_anchor_not_calibration,100,balanced_10pct_outliers,18,geometric_median_rooted,0.9492658798868601,0.051718554385392315,,701,702,0.035892439118171145,0.5848893311118581,0.09090909090909091,1.0,0,1.0
robust_center_rooted_tree_smoke/v1,diagnostic_robust_center_rooted_tree_not_calibration,diagnostic_robust_center_root_anchor_not_calibration,100,balanced_10pct_outliers,18,tukey_depth_rooted,0.9492658798868601,0.051718554385392315,0.4346590909090909,701,702,0.035892439118171145,0.5848893311118581,0.09090909090909091,1.0,0,1.0
robust_center_rooted_tree_smoke/v1,diagnostic_robust_center_rooted_tree_not_calibration,diagnostic_robust_center_root_anchor_not_calibration,100,balanced_10pct_outliers,19,centroid_rooted,1.2645725991540893,0.06189629745484026,,700,702,2.80018169369864e-17,0.6284008864326275,0.09090909090909091,1.0,0,1.0
robust_center_rooted_tree_smoke/v1,diagnostic_robust_center_rooted_tree_not_calibration,diagnostic_robust_center_root_anchor_not_calibration,100,balanced_10pct_outliers,19,geometric_median_rooted,0.9922992733501412,0.05368044284213793,,700,702,0.03810116021685133,0.6284008864326275,0.09090909090909091,1.0,0,1.0
robust_center_rooted_tree_smoke/v1,diagnostic_robust_center_rooted_tree_not_calibration,diagnostic_robust_center_root_anchor_not_calibration,100,balanced_10pct_outliers,19,tukey_depth_rooted,0.9922992733501412,0.05368044284213793,0.4346590909090909,700,702,0.03810116021685133,0.6284008864326275,0.09090909090909091,1.0,0,1.0
robust_center_rooted_tree_smoke/v1,diagnostic_robust_center_rooted_tree_not_calibration,diagnostic_robust_center_root_anchor_not_calibration,100,balanced_10pct_outliers,20,centroid_rooted,1.2583464304907803,0.04438938637831488,,701,702,4.2368312608052953e-17,0.5816420808842973,0.09090909090909091,1.0,0,1.0
robust_center_rooted_tree_smoke/v1,diagnostic_robust_center_rooted_tree_not_calibration,diagnostic_robust_center_root_anchor_not_calibration,100,balanced_10pct_outliers,20,geometric_median_rooted,0.9956531721635327,0.04461349185633135,,701,702,0.03809310590940504,0.5816420808842973,0.09090909090909091,1.0,0,1.0
robust_center_rooted_tree_smoke/v1,diagnostic_robust_center_rooted_tree_not_calibration,diagnostic_robust_center_root_anchor_not_calibration,100,balanced_10pct_outliers,20,tukey_depth_rooted,0.9956531721635327,0.04461349185633135,0.4431818181818182,701,702,0.03809310590940504,0.5816420808842973,0.09090909090909091,1.0,0,1.0
robust_center_rooted_tree_smoke/v1,diagnostic_robust_center_rooted_tree_not_calibration,diagnostic_robust_center_root_anchor_not_calibration,100,balanced_10pct_outliers,21,centroid_rooted,1.2977464893185466,0.0326721051332084,,701,702,7.126796623172975e-17,0.5768403229361696,0.09090909090909091,1.0,0,1.0
robust_center_rooted_tree_smoke/v1,diagnostic_robust_center_rooted_tree_not_calibration,diagnostic_robust_center_root_anchor_not_calibration,100,balanced_10pct_outliers,21,geometric_median_rooted,1.0403439090349107,0.038737946465458084,,701,702,0.039090195722390544,0.5768403229361696,0.09090909090909091,1.0,0,1.0
robust_center_rooted_tree_smoke/v1,diagnostic_robust_center_rooted_tree_not_calibration,diagnostic_robust_center_root_anchor_not_calibration,100,balanced_10pct_outliers,21,tukey_depth_rooted,1.0403439090349107,0.038737946465458084,0.4431818181818182,701,702,0.039090195722390544,0.5768403229361696,0.09090909090909091,1.0,0,1.0
robust_center_rooted_tree_smoke/v1,diagnostic_robust_center_rooted_tree_not_calibration,diagnostic_robust_center_root_anchor_not_calibration,100,balanced_10pct_outliers,22,centroid_rooted,1.183540069402893,0.05100559329589021,,701,702,4.4375535337587714e-17,0.5244926992906099,0.09090909090909091,1.0,0,1.0
robust_center_rooted_tree_smoke/v1,diagnostic_robust_center_rooted_tree_not_calibration,diagnostic_robust_center_root_anchor_not_calibration,100,balanced_10pct_outliers,22,geometric_median_rooted,0.9172479278090192,0.04430527334113976,,701,702,0.04115946727958207,0.5244926992906099,0.09090909090909091,1.0,0,1.0
robust_center_rooted_tree_smoke/v1,diagnostic_robust_center_rooted_tree_not_calibration,diagnostic_robust_center_root_anchor_not_calibration,100,balanced_10pct_outliers,22,tukey_depth_rooted,1.0146747633292807,0.040601061063575784,0.42613636363636365,701,702,0.4083218371176374,0.5244926992906099,0.09090909090909091,1.0,0,1.0
robust_center_rooted_tree_smoke/v1,diagnostic_robust_center_rooted_tree_not_calibration,diagnostic_robust_center_root_anchor_not_calibration,100,balanced_10pct_outliers,23,centroid_rooted,1.2106520825623912,0.03291836440513962,,701,702,5.59318296184404e-17,0.5562045242875785,0.09090909090909091,1.0,0,1.0
robust_center_rooted_tree_smoke/v1,diagnostic_robust_center_rooted_tree_not_calibration,diagnostic_robust_center_root_anchor_not_calibration,100,balanced_10pct_outliers,23,geometric_median_rooted,0.9209870298759247,0.0320676106017081,,701,702,0.03910308971751731,0.5562045242875785,0.09090909090909091,1.0,0,1.0
robust_center_rooted_tree_smoke/v1,diagnostic_robust_center_rooted_tree_not_calibration,diagnostic_robust_center_root_anchor_not_calibration,100,balanced_10pct_outliers,23,tukey_depth_rooted,0.9209870298759247,0.0320676106017081,0.4289772727272727,701,702,0.03910308971751731,0.5562045242875785,0.09090909090909091,1.0,0,1.0
robust_center_rooted_tree_smoke/v1,diagnostic_robust_center_rooted_tree_not_calibration,diagnostic_robust_center_root_anchor_not_calibration,100,balanced_10pct_outliers,24,centroid_rooted,1.1671607939848507,0.008178671202564013,,701,702,5.854691731421724e-17,0.5057604829166471,0.09090909090909091,1.0,0,1.0
robust_center_rooted_tree_smoke/v1,diagnostic_robust_center_rooted_tree_not_calibration,diagnostic_robust_center_root_anchor_not_calibration,100,balanced_10pct_outliers,24,geometric_median_rooted,0.8953046707706153,0.010194458835751537,,701,702,0.03801604109638707,0.5057604829166471,0.09090909090909091,1.0,0,1.0
robust_center_rooted_tree_smoke/v1,diagnostic_robust_center_rooted_tree_not_calibration,diagnostic_robust_center_root_anchor_not_calibration,100,balanced_10pct_outliers,24,tukey_depth_rooted,0.8953046707706153,0.010194458835751537,0.4289772727272727,701,702,0.03801604109638707,0.5057604829166471,0.09090909090909091,1.0,0,1.0
robust_center_rooted_tree_smoke/v1,diagnostic_robust_center_rooted_tree_not_calibration,diagnostic_robust_center_root_anchor_not_calibration,100,balanced_10pct_outliers,25,centroid_rooted,1.2421780419708648,0.05262969587669987,,701,702,5.4698939808779297e-17,0.5424257353107282,0.09090909090909091,1.0,0,1.0
robust_center_rooted_tree_smoke/v1,diagnostic_robust_center_rooted_tree_not_calibration,diagnostic_robust_center_root_anchor_not_calibration,100,balanced_10pct_outliers,25,geometric_median_rooted,0.9632888519598212,0.049380590070570676,,701,702,0.03781570424593261,0.5424257353107282,0.09090909090909091,1.0,0,1.0
robust_center_rooted_tree_smoke/v1,diagnostic_robust_center_rooted_tree_not_calibration,diagnostic_robust_center_root_anchor_not_calibration,100,balanced_10pct_outliers,25,tukey_depth_rooted,1.0227880927152726,0.055493860891030845,0.42613636363636365,701,702,0.4204869887862359,0.5424257353107282,0.09090909090909091,1.0,0,1.0
robust_center_rooted_tree_smoke/v1,diagnostic_robust_center_rooted_tree_not_calibration,diagnostic_robust_center_root_anchor_not_calibration,100,balanced_10pct_outliers,26,centroid_rooted,1.1858053955668828,0.058746515946883016,,701,702,4.6056520341270183e-17,0.5949787087297503,0.09090909090909091,1.0,0,1.0
robust_center_rooted_tree_smoke/v1,diagnostic_robust_center_rooted_tree_not_calibration,diagnostic_robust_center_root_anchor_not_calibration,100,balanced_10pct_outliers,26,geometric_median_rooted,0.9194501921426493,0.05487879066832591,,701,702,0.0449995113093604,0.5949787087297503,0.09090909090909091,1.0,0,1.0
robust_center_rooted_tree_smoke/v1,diagnostic_robust_center_rooted_tree_not_calibration,diagnostic_robust_center_root_anchor_not_calibration,100,balanced_10pct_outliers,26,tukey_depth_rooted,0.9194501921426493,0.05487879066832591,0.4289772727272727,701,702,0.0449995113093604,0.5949787087297503,0.09090909090909091,1.0,0,1.0
robust_center_rooted_tree_smoke/v1,diagnostic_robust_center_rooted_tree_not_calibration,diagnostic_robust_center_root_anchor_not_calibration,100,balanced_10pct_outliers,27,centroid_rooted,1.2087753000652368,0.030991443260205257,,701,702,5.881477012345331e-17,0.5905372667202213,0.09090909090909091,1.0,0,1.0
robust_center_rooted_tree_smoke/v1,diagnostic_robust_center_rooted_tree_not_calibration,diagnostic_robust_center_root_anchor_not_calibration,100,balanced_10pct_outliers,27,geometric_median_rooted,0.9521110260260509,0.026348726978968617,,701,702,0.03627719338028326,0.5905372667202213,0.09090909090909091,1.0,0,1.0
robust_center_rooted_tree_smoke/v1,diagnostic_robust_center_rooted_tree_not_calibration,diagnostic_robust_center_root_anchor_not_calibration,100,balanced_10pct_outliers,27,tukey_depth_rooted,0.9521110260260509,0.026348726978968617,0.4431818181818182,701,702,0.03627719338028326,0.5905372667202213,0.09090909090909091,1.0,0,1.0
robust_center_rooted_tree_smoke/v1,diagnostic_robust_center_rooted_tree_not_calibration,diagnostic_robust_center_root_anchor_not_calibration,100,balanced_10pct_outliers,28,centroid_rooted,1.217411280710712,0.03224588510934833,,701,702,4.310832012815445e-17,0.5790866956154689,0.09090909090909091,1.0,0,1.0
robust_center_rooted_tree_smoke/v1,diagnostic_robust_center_rooted_tree_not_calibration,diagnostic_robust_center_root_anchor_not_calibration,100,balanced_10pct_outliers,28,geometric_median_rooted,0.950020333079098,0.02946101785794428,,701,702,0.04224828588930529,0.5790866956154689,0.09090909090909091,1.0,0,1.0
robust_center_rooted_tree_smoke/v1,diagnostic_robust_center_rooted_tree_not_calibration,diagnostic_robust_center_root_anchor_not_calibration,100,balanced_10pct_outliers,28,tukey_depth_rooted,0.950020333079098,0.02946101785794428,0.4318181818181818,701,702,0.04224828588930529,0.5790866956154689,0.09090909090909091,1.0,0,1.0
robust_center_rooted_tree_smoke/v1,diagnostic_robust_center_rooted_tree_not_calibration,diagnostic_robust_center_root_anchor_not_calibration,100,balanced_10pct_outliers,29,centroid_rooted,1.2804381567875822,0.02391259826606629,,701,702,7.411757038523848e-17,0.5685532043015379,0.09090909090909091,1.0,0,1.0
robust_center_rooted_tree_smoke/v1,diagnostic_robust_center_rooted_tree_not_calibration,diagnostic_robust_center_root_anchor_not_calibration,100,balanced_10pct_outliers,29,geometric_median_rooted,0.9991034772106644,0.020662262235400963,,701,702,0.041560321027041935,0.5685532043015379,0.09090909090909091,1.0,0,1.0
robust_center_rooted_tree_smoke/v1,diagnostic_robust_center_rooted_tree_not_calibration,diagnostic_robust_center_root_anchor_not_calibration,100,balanced_10pct_outliers,29,tukey_depth_rooted,0.9991034772106644,0.020662262235400963,0.4431818181818182,701,702,0.041560321027041935,0.5685532043015379,0.09090909090909091,1.0,0,1.0
robust_center_rooted_tree_smoke/v1,diagnostic_robust_center_rooted_tree_not_calibration,diagnostic_robust_center_root_anchor_not_calibration,100,imbalanced_clean,0,centroid_rooted,1.014251309838349,0.26271702985938916,,629,630,0.14082333375978245,1.0485795590620206,0.05625,0.94375,2,0.0
robust_center_rooted_tree_smoke/v1,diagnostic_robust_center_rooted_tree_not_calibration,diagnostic_robust_center_root_anchor_not_calibration,100,imbalanced_clean,0,geometric_median_rooted,1.028900949185254,0.2655447817186369,,629,630,0.12960166482714788,1.0485795590620206,0.05625,0.94375,2,0.0
robust_center_rooted_tree_smoke/v1,diagnostic_robust_center_rooted_tree_not_calibration,diagnostic_robust_center_root_anchor_not_calibration,100,imbalanced_clean,0,tukey_depth_rooted,1.014251309838349,0.26271702985938916,0.4375,629,630,0.14082333375978245,1.0485795590620206,0.05625,0.94375,2,0.0
robust_center_rooted_tree_smoke/v1,diagnostic_robust_center_rooted_tree_not_calibration,diagnostic_robust_center_root_anchor_not_calibration,100,imbalanced_clean,1,centroid_rooted,0.8730725264939958,0.23007246608856682,,631,632,0.16934640254666392,0.9067351354646419,0.05,0.95,1,0.0
robust_center_rooted_tree_smoke/v1,diagnostic_robust_center_rooted_tree_not_calibration,diagnostic_robust_center_root_anchor_not_calibration,100,imbalanced_clean,1,geometric_median_rooted,0.8865748710596115,0.23216331251590833,,631,632,0.15474348071596608,0.9067351354646419,0.05,0.95,1,0.0
robust_center_rooted_tree_smoke/v1,diagnostic_robust_center_rooted_tree_not_calibration,diagnostic_robust_center_root_anchor_not_calibration,100,imbalanced_clean,1,tukey_depth_rooted,0.8730725264939958,0.23007246608856682,0.446875,631,632,0.16934640254666392,0.9067351354646419,0.05,0.95,1,0.0
robust_center_rooted_tree_smoke/v1,diagnostic_robust_center_rooted_tree_not_calibration,diagnostic_robust_center_root_anchor_not_calibration,100,imbalanced_clean,2,centroid_rooted,0.9466666948533707,0.21141402581934943,,629,630,0.15092539625787835,0.9230852397881104,0.053125,0.946875,0,0.0
robust_center_rooted_tree_smoke/v1,diagnostic_robust_center_rooted_tree_not_calibration,diagnostic_robust_center_root_anchor_not_calibration,100,imbalanced_clean,2,geometric_median_rooted,0.9432992780040625,0.2105981020893719,,629,630,0.14609600831220185,0.9230852397881104,0.053125,0.946875,0,0.0
robust_center_rooted_tree_smoke/v1,diagnostic_robust_center_rooted_tree_not_calibration,diagnostic_robust_center_root_anchor_not_calibration,100,imbalanced_clean,2,tukey_depth_rooted,0.9432992780040625,0.2105981020893719,0.440625,629,630,0.14609600831220185,0.9230852397881104,0.053125,0.946875,0,0.0
robust_center_rooted_tree_smoke/v1,diagnostic_robust_center_rooted_tree_not_calibration,diagnostic_robust_center_root_anchor_not_calibration,100,imbalanced_clean,3,centroid_rooted,0.991175103748312,0.2579048064824069,,631,632,0.14130444181816695,1.0125598465996786,0.053125,0.946875,1,0.0
robust_center_rooted_tree_smoke/v1,diagnostic_robust_center_rooted_tree_not_calibration,diagnostic_robust_center_root_anchor_not_calibration,100,imbalanced_clean,3,geometric_median_rooted,1.0009214481519897,0.2601538830287964,,631,632,0.13730055649147505,1.0125598465996786,0.053125,0.946875,1,0.0
robust_center_rooted_tree_smoke/v1,diagnostic_robust_center_rooted_tree_not_calibration,diagnostic_robust_center_root_anchor_not_calibration,100,imbalanced_clean,3,tukey_depth_rooted,1.0009214481519897,0.2601538830287964,0.446875,631,632,0.13730055649147505,1.0125598465996786,0.053125,0.946875,1,0.0
robust_center_rooted_tree_smoke/v1,diagnostic_robust_center_rooted_tree_not_calibration,diagnostic_robust_center_root_anchor_not_calibration,100,imbalanced_clean,4,centroid_rooted,0.9329813393026635,0.21294750491581055,,630,631,0.1477212096281072,0.9609624511909808,0.053125,0.946875,1,0.0
robust_center_rooted_tree_smoke/v1,diagnostic_robust_center_rooted_tree_not_calibration,diagnostic_robust_center_root_anchor_not_calibration,100,imbalanced_clean,4,geometric_median_rooted,0.9479484952604839,0.21590071243668105,,630,631,0.1353446684244115,0.9609624511909808,0.053125,0.946875,1,0.0
robust_center_rooted_tree_smoke/v1,diagnostic_robust_center_rooted_tree_not_calibration,diagnostic_robust_center_root_anchor_not_calibration,100,imbalanced_clean,4,tukey_depth_rooted,0.9329813393026635,0.21294750491581055,0.440625,630,631,0.1477212096281072,0.9609624511909808,0.053125,0.946875,1,0.0
robust_center_rooted_tree_smoke/v1,diagnostic_robust_center_rooted_tree_not_calibration,diagnostic_robust_center_root_anchor_not_calibration,100,imbalanced_clean,5,centroid_rooted,1.063242811690445,0.2188409056554749,,630,631,0.14609636064357012,1.107515430894742,0.053125,0.946875,2,0.0
robust_center_rooted_tree_smoke/v1,diagnostic_robust_center_rooted_tree_not_calibration,diagnostic_robust_center_root_anchor_not_calibration,100,imbalanced_clean,5,geometric_median_rooted,1.0784290559554008,0.22163619933498904,,630,631,0.13468890893740154,1.107515430894742,0.053125,0.946875,2,0.0
robust_center_rooted_tree_smoke/v1,diagnostic_robust_center_rooted_tree_not_calibration,diagnostic_robust_center_root_anchor_not_calibration,100,imbalanced_clean,5,tukey_depth_rooted,1.063242811690445,0.2188409056554749,0.45,630,631,0.14609636064357012,1.107515430894742,0.053125,0.946875,2,0.0
robust_center_rooted_tree_smoke/v1,diagnostic_robust_center_rooted_tree_not_calibration,diagnostic_robust_center_root_anchor_not_calibration,100,imbalanced_clean,6,centroid_rooted,1.0507035182053717,0.2282120497115231,,630,632,0.16390862922048474,1.0673178682774576,0.05,0.95,1,0.0
robust_center_rooted_tree_smoke/v1,diagnostic_robust_center_rooted_tree_not_calibration,diagnostic_robust_center_root_anchor_not_calibration,100,imbalanced_clean,6,geometric_median_rooted,1.0607533693325628,0.2296226708983518,,629,630,0.15075162171570736,1.067126359185028,0.065625,0.934375,1,0.0
robust_center_rooted_tree_smoke/v1,diagnostic_robust_center_rooted_tree_not_calibration,diagnostic_robust_center_root_anchor_not_calibration,100,imbalanced_clean,6,tukey_depth_rooted,1.0607533693325628,0.2296226708983518,0.44375,629,630,0.15075162171570736,1.067126359185028,0.065625,0.934375,1,0.0
robust_center_rooted_tree_smoke/v1,diagnostic_robust_center_rooted_tree_not_calibration,diagnostic_robust_center_root_anchor_not_calibration,100,imbalanced_clean,7,centroid_rooted,1.0157377268499523,0.2516786910946163,,630,631,0.16819333330550898,1.1072531853975496,0.053125,0.946875,1,0.0
robust_center_rooted_tree_smoke/v1,diagnostic_robust_center_rooted_tree_not_calibration,diagnostic_robust_center_root_anchor_not_calibration,100,imbalanced_clean,7,geometric_median_rooted,1.0275512584201447,0.25385077605484135,,630,631,0.15139825326449927,1.1072531853975496,0.053125,0.946875,1,0.0
robust_center_rooted_tree_smoke/v1,diagnostic_robust_center_rooted_tree_not_calibration,diagnostic_robust_center_root_anchor_not_calibration,100,imbalanced_clean,7,tukey_depth_rooted,1.0157377268499523,0.2516786910946163,0.44375,630,631,0.16819333330550898,1.1072531853975496,0.053125,0.946875,1,0.0
robust_center_rooted_tree_smoke/v1,diagnostic_robust_center_rooted_tree_not_calibration,diagnostic_robust_center_root_anchor_not_calibration,100,imbalanced_clean,8,centroid_rooted,0.8524204868707478,0.21062503876037195,,630,631,0.1362982825009334,0.8492708304840793,0.05,0.95,1,0.0
robust_center_rooted_tree_smoke/v1,diagnostic_robust_center_rooted_tree_not_calibration,diagnostic_robust_center_root_anchor_not_calibration,100,imbalanced_clean,8,geometric_median_rooted,0.851525397484251,0.21045489824911395,,630,631,0.1226190450792383,0.8492708304840793,0.05,0.95,1,0.0
robust_center_rooted_tree_smoke/v1,diagnostic_robust_center_rooted_tree_not_calibration,diagnostic_robust_center_root_anchor_not_calibration,100,imbalanced_clean,8,tukey_depth_rooted,0.8524204868707478,0.21062503876037195,0.44375,630,631,0.1362982825009334,0.8492708304840793,0.05,0.95,1,0.0
robust_center_rooted_tree_smoke/v1,diagnostic_robust_center_rooted_tree_not_calibration,diagnostic_robust_center_root_anchor_not_calibration,100,imbalanced_clean,9,centroid_rooted,0.937683126793473,0.2250248508818441,,628,629,0.13980849433282552,1.0005663435385115,0.05,0.95,1,0.0
robust_center_rooted_tree_smoke/v1,diagnostic_robust_center_rooted_tree_not_calibration,diagnostic_robust_center_root_anchor_not_calibration,100,imbalanced_clean,9,geometric_median_rooted,0.946448477186965,0.22574486038989774,,628,629,0.13479477233385412,1.0005663435385115,0.05,0.95,1,0.0
robust_center_rooted_tree_smoke/v1,diagnostic_robust_center_rooted_tree_not_calibration,diagnostic_robust_center_root_anchor_not_calibration,100,imbalanced_clean,9,tukey_depth_rooted,0.937683126793473,0.2250248508818441,0.440625,628,629,0.13980849433282552,1.0005663435385115,0.05,0.95,1,0.0
robust_center_rooted_tree_smoke/v1,diagnostic_robust_center_rooted_tree_not_calibration,diagnostic_robust_center_root_anchor_not_calibration,100,imbalanced_clean,10,centroid_rooted,1.0220963435540822,0.2210674654201873,,632,633,0.19077850998433857,1.090959523407484,0.05,0.95,1,0.0
robust_center_rooted_tree_smoke/v1,diagnostic_robust_center_rooted_tree_not_calibration,diagnostic_robust_center_root_anchor_not_calibration,100,imbalanced_clean,10,geometric_median_rooted,1.0373003564643548,0.22401364373338709,,632,633,0.17245034318775043,1.090959523407484,0.05,0.95,1,0.0
robust_center_rooted_tree_smoke/v1,diagnostic_robust_center_rooted_tree_not_calibration,diagnostic_robust_center_root_anchor_not_calibration,100,imbalanced_clean,10,tukey_depth_rooted,1.0539930768983163,0.21350633388474766,0.434375,632,633,0.39126780531535676,1.090959523407484,0.05,0.95,1,0.0
robust_center_rooted_tree_smoke/v1,diagnostic_robust_center_rooted_tree_not_calibration,diagnostic_robust_center_root_anchor_not_calibration,100,imbalanced_clean,11,centroid_rooted,1.0462219429760518,0.23621214743938856,,628,629,0.14039685963158227,1.0837017709483505,0.059375,0.940625,2,0.0
robust_center_rooted_tree_smoke/v1,diagnostic_robust_center_rooted_tree_not_calibration,diagnostic_robust_center_root_anchor_not_calibration,100,imbalanced_clean,11,geometric_median_rooted,1.0619280964400757,0.23928412415443603,,628,629,0.12979416607383487,1.0837017709483505,0.059375,0.940625,2,0.0
robust_center_rooted_tree_smoke/v1,diagnostic_robust_center_rooted_tree_not_calibration,diagnostic_robust_center_root_anchor_not_calibration,100,imbalanced_clean,11,tukey_depth_rooted,1.0462219429760518,0.23621214743938856,0.45,628,629,0.14039685963158227,1.0837017709483505,0.059375,0.940625,2,0.0
robust_center_rooted_tree_smoke/v1,diagnostic_robust_center_rooted_tree_not_calibration,diagnostic_robust_center_root_anchor_not_calibration,100,imbalanced_clean,12,centroid_rooted,0.930579484893076,0.21896376560089462,,630,631,0.15396373140057254,0.9625661631824444,0.053125,0.946875,1,0.0
robust_center_rooted_tree_smoke/v1,diagnostic_robust_center_rooted_tree_not_calibration,diagnostic_robust_center_root_anchor_not_calibration,100,imbalanced_clean,12,geometric_median_rooted,0.9427946418785539,0.22144804565292842,,630,631,0.1347700753704476,0.9625661631824444,0.053125,0.946875,1,0.0
robust_center_rooted_tree_smoke/v1,diagnostic_robust_center_rooted_tree_not_calibration,diagnostic_robust_center_root_anchor_not_calibration,100,imbalanced_clean,12,tukey_depth_rooted,0.930579484893076,0.21896376560089462,0.446875,630,631,0.15396373140057254,0.9625661631824444,0.053125,0.946875,1,0.0
robust_center_rooted_tree_smoke/v1,diagnostic_robust_center_rooted_tree_not_calibration,diagnostic_robust_center_root_anchor_not_calibration,100,imbalanced_clean,13,centroid_rooted,1.03392591300255,0.2339904520905119,,630,631,0.1299682888297036,1.0621517280288912,0.053125,0.946875,2,0.0
robust_center_rooted_tree_smoke/v1,diagnostic_robust_center_rooted_tree_not_calibration,diagnostic_robust_center_root_anchor_not_calibration,100,imbalanced_clean,13,geometric_median_rooted,1.044031054934013,0.23623681786043016,,630,631,0.1197277644895044,1.0621517280288912,0.053125,0.946875,2,0.0
robust_center_rooted_tree_smoke/v1,diagnostic_robust_center_rooted_tree_not_calibration,diagnostic_robust_center_root_anchor_not_calibration,100,imbalanced_clean,13,tukey_depth_rooted,1.03392591300255,0.2339904520905119,0.44375,630,631,0.1299682888297036,1.0621517280288912,0.053125,0.946875,2,0.0
robust_center_rooted_tree_smoke/v1,diagnostic_robust_center_rooted_tree_not_calibration,diagnostic_robust_center_root_anchor_not_calibration,100,imbalanced_clean,14,centroid_rooted,0.8833652226044605,0.21123549224817256,,629,630,0.16416683582862368,0.8960414194337837,0.078125,0.921875,2,0.0
robust_center_rooted_tree_smoke/v1,diagnostic_robust_center_rooted_tree_not_calibration,diagnostic_robust_center_root_anchor_not_calibration,100,imbalanced_clean,14,geometric_median_rooted,0.8994608331346565,0.21451325619608483,,629,630,0.14966363538357572,0.8960414194337837,0.078125,0.921875,2,0.0
robust_center_rooted_tree_smoke/v1,diagnostic_robust_center_rooted_tree_not_calibration,diagnostic_robust_center_root_anchor_not_calibration,100,imbalanced_clean,14,tukey_depth_rooted,0.8833652226044605,0.21123549224817256,0.44375,629,630,0.16416683582862368,0.8960414194337837,0.078125,0.921875,2,0.0
robust_center_rooted_tree_smoke/v1,diagnostic_robust_center_rooted_tree_not_calibration,diagnostic_robust_center_root_anchor_not_calibration,100,imbalanced_clean,15,centroid_rooted,0.9835160978558868,0.2436263164824884,,630,631,0.16934276970510326,1.0525389194883898,0.05625,0.94375,2,0.0
robust_center_rooted_tree_smoke/v1,diagnostic_robust_center_rooted_tree_not_calibration,diagnostic_robust_center_root_anchor_not_calibration,100,imbalanced_clean,15,geometric_median_rooted,1.0032609679771276,0.2467857440224365,,630,631,0.1561719150803278,1.0525389194883898,0.05625,0.94375,2,0.0
robust_center_rooted_tree_smoke/v1,diagnostic_robust_center_rooted_tree_not_calibration,diagnostic_robust_center_root_anchor_not_calibration,100,imbalanced_clean,15,tukey_depth_rooted,0.9835160978558868,0.2436263164824884,0.4375,630,631,0.16934276970510326,1.0525389194883898,0.05625,0.94375,2,0.0
robust_center_rooted_tree_smoke/v1,diagnostic_robust_center_rooted_tree_not_calibration,diagnostic_robust_center_root_anchor_not_calibration,100,imbalanced_clean,16,centroid_rooted,0.9747922022439545,0.215770203095276,,628,629,0.13667517986441777,1.0053015816121535,0.05625,0.94375,0,0.0
robust_center_rooted_tree_smoke/v1,diagnostic_robust_center_rooted_tree_not_calibration,diagnostic_robust_center_root_anchor_not_calibration,100,imbalanced_clean,16,geometric_median_rooted,0.9795688777243018,0.21603057504466538,,628,629,0.13163284232716366,1.0053015816121535,0.05625,0.94375,0,0.0
robust_center_rooted_tree_smoke/v1,diagnostic_robust_center_rooted_tree_not_calibration,diagnostic_robust_center_root_anchor_not_calibration,100,imbalanced_clean,16,tukey_depth_rooted,0.9795688777243018,0.21603057504466538,0.440625,628,629,0.13163284232716366,1.0053015816121535,0.05625,0.94375,0,0.0
robust_center_rooted_tree_smoke/v1,diagnostic_robust_center_rooted_tree_not_calibration,diagnostic_robust_center_root_anchor_not_calibration,100,imbalanced_clean,17,centroid_rooted,0.9695239480807382,0.18721798681177512,,630,631,0.16044586407276026,0.97434207838439,0.053125,0.946875,0,0.0
robust_center_rooted_tree_smoke/v1,diagnostic_robust_center_rooted_tree_not_calibration,diagnostic_robust_center_root_anchor_not_calibration,100,imbalanced_clean,17,geometric_median_rooted,0.9789233187250181,0.1890965087747717,,630,631,0.14980699438083028,0.97434207838439,0.053125,0.946875,0,0.0
robust_center_rooted_tree_smoke/v1,diagnostic_robust_center_rooted_tree_not_calibration,diagnostic_robust_center_root_anchor_not_calibration,100,imbalanced_clean,17,tukey_depth_rooted,0.9695239480807382,0.18721798681177512,0.4375,630,631,0.16044586407276026,0.97434207838439,0.053125,0.946875,0,0.0
robust_center_rooted_tree_smoke/v1,diagnostic_robust_center_rooted_tree_not_calibration,diagnostic_robust_center_root_anchor_not_calibration,100,imbalanced_clean,18,centroid_rooted,0.9309822476346837,0.25086677852799383,,629,630,0.15738022208455302,0.9520134123289778,0.053125,0.946875,1,0.0
robust_center_rooted_tree_smoke/v1,diagnostic_robust_center_rooted_tree_not_calibration,diagnostic_robust_center_root_anchor_not_calibration,100,imbalanced_clean,18,geometric_median_rooted,0.9416794650951329,0.2531028011239839,,629,630,0.1470675135752164,0.9520134123289778,0.053125,0.946875,1,0.0
robust_center_rooted_tree_smoke/v1,diagnostic_robust_center_rooted_tree_not_calibration,diagnostic_robust_center_root_anchor_not_calibration,100,imbalanced_clean,18,tukey_depth_rooted,0.9416794650951329,0.2531028011239839,0.446875,629,630,0.1470675135752164,0.9520134123289778,0.053125,0.946875,1,0.0
robust_center_rooted_tree_smoke/v1,diagnostic_robust_center_rooted_tree_not_calibration,diagnostic_robust_center_root_anchor_not_calibration,100,imbalanced_clean,19,centroid_rooted,1.0999570667857652,0.263947220892316,,631,632,0.1283697416359722,1.1151197624575633,0.05,0.95,1,0.0
robust_center_rooted_tree_smoke/v1,diagnostic_robust_center_rooted_tree_not_calibration,diagnostic_robust_center_root_anchor_not_calibration,100,imbalanced_clean,19,geometric_median_rooted,1.1140452314198568,0.2673193884849016,,631,632,0.12863417130949992,1.1151197624575633,0.05,0.95,1,0.0
robust_center_rooted_tree_smoke/v1,diagnostic_robust_center_rooted_tree_not_calibration,diagnostic_robust_center_root_anchor_not_calibration,100,imbalanced_clean,19,tukey_depth_rooted,1.0999570667857652,0.263947220892316,0.440625,631,632,0.1283697416359722,1.1151197624575633,0.05,0.95,1,0.0
robust_center_rooted_tree_smoke/v1,diagnostic_robust_center_rooted_tree_not_calibration,diagnostic_robust_center_root_anchor_not_calibration,100,imbalanced_clean,20,centroid_rooted,1.0003025970711636,0.2313405692576901,,629,630,0.15181654996257865,1.0514658948784728,0.053125,0.946875,1,0.0
robust_center_rooted_tree_smoke/v1,diagnostic_robust_center_rooted_tree_not_calibration,diagnostic_robust_center_root_anchor_not_calibration,100,imbalanced_clean,20,geometric_median_rooted,1.018494658950182,0.23607735158942225,,629,630,0.13560404997332576,1.0514658948784728,0.053125,0.946875,1,0.0
robust_center_rooted_tree_smoke/v1,diagnostic_robust_center_rooted_tree_not_calibration,diagnostic_robust_center_root_anchor_not_calibration,100,imbalanced_clean,20,tukey_depth_rooted,1.018494658950182,0.23607735158942225,0.446875,629,630,0.13560404997332576,1.0514658948784728,0.053125,0.946875,1,0.0
robust_center_rooted_tree_smoke/v1,diagnostic_robust_center_rooted_tree_not_calibration,diagnostic_robust_center_root_anchor_not_calibration,100,imbalanced_clean,21,centroid_rooted,0.9734925786135595,0.2697801454781501,,629,630,0.16157055159085343,1.0255230084603097,0.05,0.95,1,0.0
robust_center_rooted_tree_smoke/v1,diagnostic_robust_center_rooted_tree_not_calibration,diagnostic_robust_center_root_anchor_not_calibration,100,imbalanced_clean,21,geometric_median_rooted,0.9941052869893059,0.27255048987113406,,629,630,0.14088260789586887,1.0255230084603097,0.05,0.95,1,0.0
robust_center_rooted_tree_smoke/v1,diagnostic_robust_center_rooted_tree_not_calibration,diagnostic_robust_center_root_anchor_not_calibration,100,imbalanced_clean,21,tukey_depth_rooted,0.9734925786135595,0.2697801454781501,0.446875,629,630,0.16157055159085343,1.0255230084603097,0.05,0.95,1,0.0
robust_center_rooted_tree_smoke/v1,diagnostic_robust_center_rooted_tree_not_calibration,diagnostic_robust_center_root_anchor_not_calibration,100,imbalanced_clean,22,centroid_rooted,1.0214287296164208,0.24034799874757712,,627,628,0.13453205132411128,1.0692543031217754,0.053125,0.946875,1,0.0
robust_center_rooted_tree_smoke/v1,diagnostic_robust_center_rooted_tree_not_calibration,diagnostic_robust_center_root_anchor_not_calibration,100,imbalanced_clean,22,geometric_median_rooted,1.036119195531289,0.24242583121242098,,627,628,0.1256850876060567,1.0692543031217754,0.053125,0.946875,1,0.0
robust_center_rooted_tree_smoke/v1,diagnostic_robust_center_rooted_tree_not_calibration,diagnostic_robust_center_root_anchor_not_calibration,100,imbalanced_clean,22,tukey_depth_rooted,1.0214287296164208,0.24034799874757712,0.440625,627,628,0.13453205132411128,1.0692543031217754,0.053125,0.946875,1,0.0
robust_center_rooted_tree_smoke/v1,diagnostic_robust_center_rooted_tree_not_calibration,diagnostic_robust_center_root_anchor_not_calibration,100,imbalanced_clean,23,centroid_rooted,0.989269344857168,0.2283854458200238,,631,632,0.14459345355882,1.008406152667179,0.05,0.95,1,0.0
robust_center_rooted_tree_smoke/v1,diagnostic_robust_center_rooted_tree_not_calibration,diagnostic_robust_center_root_anchor_not_calibration,100,imbalanced_clean,23,geometric_median_rooted,0.9920486005342423,0.22905742977058996,,631,632,0.1429860929689478,1.008406152667179,0.05,0.95,1,0.0
robust_center_rooted_tree_smoke/v1,diagnostic_robust_center_rooted_tree_not_calibration,diagnostic_robust_center_root_anchor_not_calibration,100,imbalanced_clean,23,tukey_depth_rooted,0.989269344857168,0.2283854458200238,0.44375,631,632,0.14459345355882,1.008406152667179,0.05,0.95,1,0.0
robust_center_rooted_tree_smoke/v1,diagnostic_robust_center_rooted_tree_not_calibration,diagnostic_robust_center_root_anchor_not_calibration,100,imbalanced_clean,24,centroid_rooted,0.9519015163033633,0.2412446378899887,,628,629,0.12309339542582004,0.9760306977800173,0.06875,0.93125,2,0.0
robust_center_rooted_tree_smoke/v1,diagnostic_robust_center_rooted_tree_not_calibration,diagnostic_robust_center_root_anchor_not_calibration,100,imbalanced_clean,24,geometric_median_rooted,0.9571512722795982,0.24171459689992808,,628,629,0.11599123198531487,0.9760306977800173,0.06875,0.93125,2,0.0
robust_center_rooted_tree_smoke/v1,diagnostic_robust_center_rooted_tree_not_calibration,diagnostic_robust_center_root_anchor_not_calibration,100,imbalanced_clean,24,tukey_depth_rooted,0.9519015163033633,0.2412446378899887,0.446875,628,629,0.12309339542582004,0.9760306977800173,0.06875,0.93125,2,0.0
robust_center_rooted_tree_smoke/v1,diagnostic_robust_center_rooted_tree_not_calibration,diagnostic_robust_center_root_anchor_not_calibration,100,imbalanced_clean,25,centroid_rooted,1.1140409120894272,0.28491664903060165,,631,632,0.13993000408233908,1.1562883836591478,0.05,0.95,1,0.0
robust_center_rooted_tree_smoke/v1,diagnostic_robust_center_rooted_tree_not_calibration,diagnostic_robust_center_root_anchor_not_calibration,100,imbalanced_clean,25,geometric_median_rooted,1.1265846241878283,0.28784064421682776,,631,632,0.12364929027134786,1.1562883836591478,0.05,0.95,1,0.0
robust_center_rooted_tree_smoke/v1,diagnostic_robust_center_rooted_tree_not_calibration,diagnostic_robust_center_root_anchor_not_calibration,100,imbalanced_clean,25,tukey_depth_rooted,1.1140409120894272,0.28491664903060165,0.43125,631,632,0.13993000408233908,1.1562883836591478,0.05,0.95,1,0.0
robust_center_rooted_tree_smoke/v1,diagnostic_robust_center_rooted_tree_not_calibration,diagnostic_robust_center_root_anchor_not_calibration,100,imbalanced_clean,26,centroid_rooted,1.0138462993430408,0.26352573617417124,,629,631,0.13644230755088124,1.00091127939664,0.05625,0.94375,0,0.0
robust_center_rooted_tree_smoke/v1,diagnostic_robust_center_rooted_tree_not_calibration,diagnostic_robust_center_root_anchor_not_calibration,100,imbalanced_clean,26,geometric_median_rooted,1.0237262058189613,0.2664175838754716,,629,631,0.12805802240873443,1.00091127939664,0.05625,0.94375,0,0.0
robust_center_rooted_tree_smoke/v1,diagnostic_robust_center_rooted_tree_not_calibration,diagnostic_robust_center_root_anchor_not_calibration,100,imbalanced_clean,26,tukey_depth_rooted,1.0138462993430408,0.26352573617417124,0.440625,629,631,0.13644230755088124,1.00091127939664,0.05625,0.94375,0,0.0
robust_center_rooted_tree_smoke/v1,diagnostic_robust_center_rooted_tree_not_calibration,diagnostic_robust_center_root_anchor_not_calibration,100,imbalanced_clean,27,centroid_rooted,0.9621129918738947,0.22924742957689231,,631,632,0.1639247657957969,0.9707628060607071,0.053125,0.946875,0,0.0
robust_center_rooted_tree_smoke/v1,diagnostic_robust_center_rooted_tree_not_calibration,diagnostic_robust_center_root_anchor_not_calibration,100,imbalanced_clean,27,geometric_median_rooted,0.9662830942219857,0.22935116076251783,,631,632,0.15308623633339308,0.9707628060607071,0.053125,0.946875,0,0.0
robust_center_rooted_tree_smoke/v1,diagnostic_robust_center_rooted_tree_not_calibration,diagnostic_robust_center_root_anchor_not_calibration,100,imbalanced_clean,27,tukey_depth_rooted,0.9621129918738947,0.22924742957689231,0.440625,631,632,0.1639247657957969,0.9707628060607071,0.053125,0.946875,0,0.0
robust_center_rooted_tree_smoke/v1,diagnostic_robust_center_rooted_tree_not_calibration,diagnostic_robust_center_root_anchor_not_calibration,100,imbalanced_clean,28,centroid_rooted,0.9165013827232003,0.2122670717687419,,627,628,0.1597135777943679,0.9011938616074716,0.05,0.95,1,0.0
robust_center_rooted_tree_smoke/v1,diagnostic_robust_center_rooted_tree_not_calibration,diagnostic_robust_center_root_anchor_not_calibration,100,imbalanced_clean,28,geometric_median_rooted,0.9266433158537336,0.21430891648818864,,627,628,0.15603246935746945,0.9011938616074716,0.05,0.95,1,0.0
robust_center_rooted_tree_smoke/v1,diagnostic_robust_center_rooted_tree_not_calibration,diagnostic_robust_center_root_anchor_not_calibration,100,imbalanced_clean,28,tukey_depth_rooted,0.9165013827232003,0.2122670717687419,0.446875,627,628,0.1597135777943679,0.9011938616074716,0.05,0.95,1,0.0
robust_center_rooted_tree_smoke/v1,diagnostic_robust_center_rooted_tree_not_calibration,diagnostic_robust_center_root_anchor_not_calibration,100,imbalanced_clean,29,centroid_rooted,0.9361325042495136,0.19475474512246152,,627,629,0.1713732230793832,0.9559578379451888,0.071875,0.928125,1,0.0
robust_center_rooted_tree_smoke/v1,diagnostic_robust_center_rooted_tree_not_calibration,diagnostic_robust_center_root_anchor_not_calibration,100,imbalanced_clean,29,geometric_median_rooted,0.948949561190124,0.19783525545034422,,627,629,0.15693698406007303,0.9559578379451888,0.071875,0.928125,1,0.0
robust_center_rooted_tree_smoke/v1,diagnostic_robust_center_rooted_tree_not_calibration,diagnostic_robust_center_root_anchor_not_calibration,100,imbalanced_clean,29,tukey_depth_rooted,0.948949561190124,0.19783525545034422,0.4375,627,629,0.15693698406007303,0.9559578379451888,0.071875,0.928125,1,0.0
robust_center_rooted_tree_smoke/v1,diagnostic_robust_center_rooted_tree_not_calibration,diagnostic_robust_center_root_anchor_not_calibration,100,imbalanced_10pct_outliers,0,centroid_rooted,1.3578249967537745,0.21316095771635654,,701,702,7.089985897241521e-17,0.8970270573809371,0.09090909090909091,1.0,0,1.0
robust_center_rooted_tree_smoke/v1,diagnostic_robust_center_rooted_tree_not_calibration,diagnostic_robust_center_root_anchor_not_calibration,100,imbalanced_10pct_outliers,0,geometric_median_rooted,1.1337758854037228,0.22818725678576082,,701,702,0.047342933676020854,0.8970270573809371,0.09090909090909091,1.0,0,1.0
robust_center_rooted_tree_smoke/v1,diagnostic_robust_center_rooted_tree_not_calibration,diagnostic_robust_center_root_anchor_not_calibration,100,imbalanced_10pct_outliers,0,tukey_depth_rooted,1.1337758854037228,0.22818725678576082,0.42613636363636365,701,702,0.047342933676020854,0.8970270573809371,0.09090909090909091,1.0,0,1.0
robust_center_rooted_tree_smoke/v1,diagnostic_robust_center_rooted_tree_not_calibration,diagnostic_robust_center_root_anchor_not_calibration,100,imbalanced_10pct_outliers,1,centroid_rooted,1.4959667941194674,0.21775023079872582,,700,702,3.716014967405214e-17,1.0185742692621536,0.09090909090909091,1.0,0,1.0
robust_center_rooted_tree_smoke/v1,diagnostic_robust_center_rooted_tree_not_calibration,diagnostic_robust_center_root_anchor_not_calibration,100,imbalanced_10pct_outliers,1,geometric_median_rooted,1.2759683851048027,0.23116418606253386,,700,702,0.036159839972792276,1.0185742692621536,0.09090909090909091,1.0,0,1.0
robust_center_rooted_tree_smoke/v1,diagnostic_robust_center_rooted_tree_not_calibration,diagnostic_robust_center_root_anchor_not_calibration,100,imbalanced_10pct_outliers,1,tukey_depth_rooted,1.2759683851048027,0.23116418606253386,0.4403409090909091,700,702,0.036159839972792276,1.0185742692621536,0.09090909090909091,1.0,0,1.0
robust_center_rooted_tree_smoke/v1,diagnostic_robust_center_rooted_tree_not_calibration,diagnostic_robust_center_root_anchor_not_calibration,100,imbalanced_10pct_outliers,2,centroid_rooted,1.265019895890426,0.20619536668273414,,701,702,5.993628079791858e-17,0.9286280438313204,0.09090909090909091,1.0,0,1.0
robust_center_rooted_tree_smoke/v1,diagnostic_robust_center_rooted_tree_not_calibration,diagnostic_robust_center_root_anchor_not_calibration,100,imbalanced_10pct_outliers,2,geometric_median_rooted,1.0834366237988475,0.23177064488921903,,701,702,0.04474631504642766,0.9286280438313204,0.09090909090909091,1.0,0,1.0
robust_center_rooted_tree_smoke/v1,diagnostic_robust_center_rooted_tree_not_calibration,diagnostic_robust_center_root_anchor_not_calibration,100,imbalanced_10pct_outliers,2,tukey_depth_rooted,1.0834366237988475,0.23177064488921903,0.42613636363636365,701,702,0.04474631504642766,0.9286280438313204,0.09090909090909091,1.0,0,1.0
robust_center_rooted_tree_smoke/v1,diagnostic_robust_center_rooted_tree_not_calibration,diagnostic_robust_center_root_anchor_not_calibration,100,imbalanced_10pct_outliers,3,centroid_rooted,1.3626703010666377,0.19751457598157304,,701,702,4.5575712146679783e-17,1.0731269741468288,0.09090909090909091,1.0,0,1.0
robust_center_rooted_tree_smoke/v1,diagnostic_robust_center_rooted_tree_not_calibration,diagnostic_robust_center_root_anchor_not_calibration,100,imbalanced_10pct_outliers,3,geometric_median_rooted,1.1966000652328903,0.2193197615696883,,701,702,0.043560342628972404,1.0731269741468288,0.09090909090909091,1.0,0,1.0
robust_center_rooted_tree_smoke/v1,diagnostic_robust_center_rooted_tree_not_calibration,diagnostic_robust_center_root_anchor_not_calibration,100,imbalanced_10pct_outliers,3,tukey_depth_rooted,1.1966000652328903,0.2193197615696883,0.4403409090909091,701,702,0.043560342628972404,1.0731269741468288,0.09090909090909091,1.0,0,1.0
robust_center_rooted_tree_smoke/v1,diagnostic_robust_center_rooted_tree_not_calibration,diagnostic_robust_center_root_anchor_not_calibration,100,imbalanced_10pct_outliers,4,centroid_rooted,1.3753815292982003,0.2103356281649896,,701,702,7.056247165589394e-17,0.928542128664205,0.09090909090909091,1.0,0,1.0
robust_center_rooted_tree_smoke/v1,diagnostic_robust_center_rooted_tree_not_calibration,diagnostic_robust_center_root_anchor_not_calibration,100,imbalanced_10pct_outliers,4,geometric_median_rooted,1.162708519451269,0.22190647423349855,,701,702,0.03856078109726079,0.928542128664205,0.09090909090909091,1.0,0,1.0
robust_center_rooted_tree_smoke/v1,diagnostic_robust_center_rooted_tree_not_calibration,diagnostic_robust_center_root_anchor_not_calibration,100,imbalanced_10pct_outliers,4,tukey_depth_rooted,1.162708519451269,0.22190647423349855,0.4346590909090909,701,702,0.03856078109726079,0.928542128664205,0.09090909090909091,1.0,0,1.0
robust_center_rooted_tree_smoke/v1,diagnostic_robust_center_rooted_tree_not_calibration,diagnostic_robust_center_root_anchor_not_calibration,100,imbalanced_10pct_outliers,5,centroid_rooted,1.4356822254525323,0.199183243145318,,701,702,5.3068789184171793e-17,1.1336934132024368,0.09090909090909091,1.0,0,1.0
robust_center_rooted_tree_smoke/v1,diagnostic_robust_center_rooted_tree_not_calibration,diagnostic_robust_center_root_anchor_not_calibration,100,imbalanced_10pct_outliers,5,geometric_median_rooted,1.2836956893411267,0.22124897594209358,,701,702,0.03959200474572667,1.1336934132024368,0.09090909090909091,1.0,0,1.0
robust_center_rooted_tree_smoke/v1,diagnostic_robust_center_rooted_tree_not_calibration,diagnostic_robust_center_root_anchor_not_calibration,100,imbalanced_10pct_outliers,5,tukey_depth_rooted,1.2836956893411267,0.22124897594209358,0.44886363636363635,701,702,0.03959200474572667,1.1336934132024368,0.09090909090909091,1.0,0,1.0
robust_center_rooted_tree_smoke/v1,diagnostic_robust_center_rooted_tree_not_calibration,diagnostic_robust_center_root_anchor_not_calibration,100,imbalanced_10pct_outliers,6,centroid_rooted,1.4104499859039519,0.15288275906753682,,701,702,4.3683526750376606e-17,1.017813792844694,0.09090909090909091,1.0,0,1.0
robust_center_rooted_tree_smoke/v1,diagnostic_robust_center_rooted_tree_not_calibration,diagnostic_robust_center_root_anchor_not_calibration,100,imbalanced_10pct_outliers,6,geometric_median_rooted,1.2121152278531477,0.17123114059283925,,701,702,0.03563542785022502,1.017813792844694,0.09090909090909091,1.0,0,1.0
robust_center_rooted_tree_smoke/v1,diagnostic_robust_center_rooted_tree_not_calibration,diagnostic_robust_center_root_anchor_not_calibration,100,imbalanced_10pct_outliers,6,tukey_depth_rooted,1.2387868668363462,0.17023733733934665,0.42329545454545453,701,702,0.4472067279783418,1.017813792844694,0.09090909090909091,1.0,0,1.0
robust_center_rooted_tree_smoke/v1,diagnostic_robust_center_rooted_tree_not_calibration,diagnostic_robust_center_root_anchor_not_calibration,100,imbalanced_10pct_outliers,7,centroid_rooted,1.41147212355834,0.19717471616534438,,701,702,5.79317131748377e-17,0.9335540730825856,0.09090909090909091,1.0,0,1.0
robust_center_rooted_tree_smoke/v1,diagnostic_robust_center_rooted_tree_not_calibration,diagnostic_robust_center_root_anchor_not_calibration,100,imbalanced_10pct_outliers,7,geometric_median_rooted,1.1980640271714755,0.21053880741810607,,701,702,0.03971280845431598,0.9335540730825856,0.09090909090909091,1.0,0,1.0
robust_center_rooted_tree_smoke/v1,diagnostic_robust_center_rooted_tree_not_calibration,diagnostic_robust_center_root_anchor_not_calibration,100,imbalanced_10pct_outliers,7,tukey_depth_rooted,1.1980640271714755,0.21053880741810607,0.4403409090909091,701,702,0.03971280845431598,0.9335540730825856,0.09090909090909091,1.0,0,1.0
robust_center_rooted_tree_smoke/v1,diagnostic_robust_center_rooted_tree_not_calibration,diagnostic_robust_center_root_anchor_not_calibration,100,imbalanced_10pct_outliers,8,centroid_rooted,1.4407729296174792,0.17548124621619912,,701,702,4.282066740266352e-17,1.0871491465053835,0.09090909090909091,1.0,0,1.0
robust_center_rooted_tree_smoke/v1,diagnostic_robust_center_rooted_tree_not_calibration,diagnostic_robust_center_root_anchor_not_calibration,100,imbalanced_10pct_outliers,8,geometric_median_rooted,1.2604688533004935,0.1919713097439767,,701,702,0.036949415168396935,1.0871491465053835,0.09090909090909091,1.0,0,1.0
robust_center_rooted_tree_smoke/v1,diagnostic_robust_center_rooted_tree_not_calibration,diagnostic_robust_center_root_anchor_not_calibration,100,imbalanced_10pct_outliers,8,tukey_depth_rooted,1.2604688533004935,0.1919713097439767,0.4403409090909091,701,702,0.036949415168396935,1.0871491465053835,0.09090909090909091,1.0,0,1.0
robust_center_rooted_tree_smoke/v1,diagnostic_robust_center_rooted_tree_not_calibration,diagnostic_robust_center_root_anchor_not_calibration,100,imbalanced_10pct_outliers,9,centroid_rooted,1.3668937382926094,0.17064969097858873,,701,702,5.960548738098936e-17,0.9054076072228318,0.09090909090909091,1.0,0,1.0
robust_center_rooted_tree_smoke/v1,diagnostic_robust_center_rooted_tree_not_calibration,diagnostic_robust_center_root_anchor_not_calibration,100,imbalanced_10pct_outliers,9,geometric_median_rooted,1.1583918926399666,0.18336813803121627,,701,702,0.04403497642512852,0.9054076072228318,0.09090909090909091,1.0,0,1.0
robust_center_rooted_tree_smoke/v1,diagnostic_robust_center_rooted_tree_not_calibration,diagnostic_robust_center_root_anchor_not_calibration,100,imbalanced_10pct_outliers,9,tukey_depth_rooted,1.1583918926399666,0.18336813803121627,0.4346590909090909,701,702,0.04403497642512852,0.9054076072228318,0.09090909090909091,1.0,0,1.0
robust_center_rooted_tree_smoke/v1,diagnostic_robust_center_rooted_tree_not_calibration,diagnostic_robust_center_root_anchor_not_calibration,100,imbalanced_10pct_outliers,10,centroid_rooted,1.4040736236800826,0.1615967816393566,,701,702,4.491267422466675e-17,0.9652074081334161,0.09090909090909091,1.0,0,1.0
robust_center_rooted_tree_smoke/v1,diagnostic_robust_center_rooted_tree_not_calibration,diagnostic_robust_center_root_anchor_not_calibration,100,imbalanced_10pct_outliers,10,geometric_median_rooted,1.199372004235956,0.1753441509406761,,701,702,0.0440286314228598,0.9652074081334161,0.09090909090909091,1.0,0,1.0
robust_center_rooted_tree_smoke/v1,diagnostic_robust_center_rooted_tree_not_calibration,diagnostic_robust_center_root_anchor_not_calibration,100,imbalanced_10pct_outliers,10,tukey_depth_rooted,1.199372004235956,0.1753441509406761,0.4318181818181818,701,702,0.0440286314228598,0.9652074081334161,0.09090909090909091,1.0,0,1.0
robust_center_rooted_tree_smoke/v1,diagnostic_robust_center_rooted_tree_not_calibration,diagnostic_robust_center_root_anchor_not_calibration,100,imbalanced_10pct_outliers,11,centroid_rooted,1.422308230603984,0.1807637895932325,,701,702,6.692118795670608e-17,0.9836664643983575,0.09090909090909091,1.0,0,1.0
robust_center_rooted_tree_smoke/v1,diagnostic_robust_center_rooted_tree_not_calibration,diagnostic_robust_center_root_anchor_not_calibration,100,imbalanced_10pct_outliers,11,geometric_median_rooted,1.2092345315286566,0.19920974116343848,,701,702,0.040823183972770995,0.9836664643983575,0.09090909090909091,1.0,0,1.0
robust_center_rooted_tree_smoke/v1,diagnostic_robust_center_rooted_tree_not_calibration,diagnostic_robust_center_root_anchor_not_calibration,100,imbalanced_10pct_outliers,11,tukey_depth_rooted,1.2092345315286566,0.19920974116343848,0.4346590909090909,701,702,0.040823183972770995,0.9836664643983575,0.09090909090909091,1.0,0,1.0
robust_center_rooted_tree_smoke/v1,diagnostic_robust_center_rooted_tree_not_calibration,diagnostic_robust_center_root_anchor_not_calibration,100,imbalanced_10pct_outliers,12,centroid_rooted,1.458171824815495,0.17686821209912795,,701,702,4.515282274748917e-17,1.0156104976032125,0.09090909090909091,1.0,0,1.0
robust_center_rooted_tree_smoke/v1,diagnostic_robust_center_rooted_tree_not_calibration,diagnostic_robust_center_root_anchor_not_calibration,100,imbalanced_10pct_outliers,12,geometric_median_rooted,1.2520286258807762,0.1924656225939316,,701,702,0.047763549760694635,1.0156104976032125,0.09090909090909091,1.0,0,1.0
robust_center_rooted_tree_smoke/v1,diagnostic_robust_center_rooted_tree_not_calibration,diagnostic_robust_center_root_anchor_not_calibration,100,imbalanced_10pct_outliers,12,tukey_depth_rooted,1.2520286258807762,0.1924656225939316,0.4346590909090909,701,702,0.047763549760694635,1.0156104976032125,0.09090909090909091,1.0,0,1.0
robust_center_rooted_tree_smoke/v1,diagnostic_robust_center_rooted_tree_not_calibration,diagnostic_robust_center_root_anchor_not_calibration,100,imbalanced_10pct_outliers,13,centroid_rooted,1.4500865589157017,0.18126048882713028,,701,702,5.910664648977077e-17,1.0200252784483779,0.09090909090909091,1.0,0,1.0
robust_center_rooted_tree_smoke/v1,diagnostic_robust_center_rooted_tree_not_calibration,diagnostic_robust_center_root_anchor_not_calibration,100,imbalanced_10pct_outliers,13,geometric_median_rooted,1.247872931229413,0.19655882601455157,,701,702,0.03625757483904535,1.0200252784483779,0.09090909090909091,1.0,0,1.0
robust_center_rooted_tree_smoke/v1,diagnostic_robust_center_rooted_tree_not_calibration,diagnostic_robust_center_root_anchor_not_calibration,100,imbalanced_10pct_outliers,13,tukey_depth_rooted,1.247872931229413,0.19655882601455157,0.4460227272727273,701,702,0.03625757483904535,1.0200252784483779,0.09090909090909091,1.0,0,1.0
robust_center_rooted_tree_smoke/v1,diagnostic_robust_center_rooted_tree_not_calibration,diagnostic_robust_center_root_anchor_not_calibration,100,imbalanced_10pct_outliers,14,centroid_rooted,1.4266052499902002,0.19917909140416748,,701,702,5.005217450449264e-17,0.9200180047440508,0.09090909090909091,1.0,0,1.0
robust_center_rooted_tree_smoke/v1,diagnostic_robust_center_rooted_tree_not_calibration,diagnostic_robust_center_root_anchor_not_calibration,100,imbalanced_10pct_outliers,14,geometric_median_rooted,1.1984974706122644,0.2171275410209503,,701,702,0.040958678654080184,0.9200180047440508,0.09090909090909091,1.0,0,1.0
robust_center_rooted_tree_smoke/v1,diagnostic_robust_center_rooted_tree_not_calibration,diagnostic_robust_center_root_anchor_not_calibration,100,imbalanced_10pct_outliers,14,tukey_depth_rooted,1.1984974706122644,0.2171275410209503,0.42613636363636365,701,702,0.040958678654080184,0.9200180047440508,0.09090909090909091,1.0,0,1.0
robust_center_rooted_tree_smoke/v1,diagnostic_robust_center_rooted_tree_not_calibration,diagnostic_robust_center_root_anchor_not_calibration,100,imbalanced_10pct_outliers,15,centroid_rooted,1.3855421900785132,0.18540895201233196,,701,702,4.143897436356372e-17,0.9639150255748135,0.09090909090909091,1.0,0,1.0
robust_center_rooted_tree_smoke/v1,diagnostic_robust_center_rooted_tree_not_calibration,diagnostic_robust_center_root_anchor_not_calibration,100,imbalanced_10pct_outliers,15,geometric_median_rooted,1.1791474245946585,0.19982832621080848,,701,702,0.03245281870843665,0.9639150255748135,0.09090909090909091,1.0,0,1.0
robust_center_rooted_tree_smoke/v1,diagnostic_robust_center_rooted_tree_not_calibration,diagnostic_robust_center_root_anchor_not_calibration,100,imbalanced_10pct_outliers,15,tukey_depth_rooted,1.1791474245946585,0.19982832621080848,0.4460227272727273,701,702,0.03245281870843665,0.9639150255748135,0.09090909090909091,1.0,0,1.0
robust_center_rooted_tree_smoke/v1,diagnostic_robust_center_rooted_tree_not_calibration,diagnostic_robust_center_root_anchor_not_calibration,100,imbalanced_10pct_outliers,16,centroid_rooted,1.4812228490910981,0.1727791472423495,,701,702,5.003190692137413e-17,1.0143161187657268,0.09090909090909091,1.0,0,1.0
robust_center_rooted_tree_smoke/v1,diagnostic_robust_center_rooted_tree_not_calibration,diagnostic_robust_center_root_anchor_not_calibration,100,imbalanced_10pct_outliers,16,geometric_median_rooted,1.2770243127438377,0.18908610895411615,,701,702,0.043813428635402885,1.0143161187657268,0.09090909090909091,1.0,0,1.0
robust_center_rooted_tree_smoke/v1,diagnostic_robust_center_rooted_tree_not_calibration,diagnostic_robust_center_root_anchor_not_calibration,100,imbalanced_10pct_outliers,16,tukey_depth_rooted,1.2770243127438377,0.18908610895411615,0.4403409090909091,701,702,0.043813428635402885,1.0143161187657268,0.09090909090909091,1.0,0,1.0
robust_center_rooted_tree_smoke/v1,diagnostic_robust_center_rooted_tree_not_calibration,diagnostic_robust_center_root_anchor_not_calibration,100,imbalanced_10pct_outliers,17,centroid_rooted,1.3549271755628172,0.1471798170489499,,701,702,5.2754207277323217e-17,1.0633774175543276,0.09090909090909091,1.0,0,1.0
robust_center_rooted_tree_smoke/v1,diagnostic_robust_center_rooted_tree_not_calibration,diagnostic_robust_center_root_anchor_not_calibration,100,imbalanced_10pct_outliers,17,geometric_median_rooted,1.1768522494078022,0.172417594606109,,701,702,0.03659479160797461,1.0633774175543276,0.09090909090909091,1.0,0,1.0
robust_center_rooted_tree_smoke/v1,diagnostic_robust_center_rooted_tree_not_calibration,diagnostic_robust_center_root_anchor_not_calibration,100,imbalanced_10pct_outliers,17,tukey_depth_rooted,1.1768522494078022,0.172417594606109,0.4346590909090909,701,702,0.03659479160797461,1.0633774175543276,0.09090909090909091,1.0,0,1.0
robust_center_rooted_tree_smoke/v1,diagnostic_robust_center_rooted_tree_not_calibration,diagnostic_robust_center_root_anchor_not_calibration,100,imbalanced_10pct_outliers,18,centroid_rooted,1.452917642076112,0.21780816366802339,,701,702,5.197030866181404e-17,0.8932692148254922,0.09090909090909091,1.0,0,1.0
robust_center_rooted_tree_smoke/v1,diagnostic_robust_center_rooted_tree_not_calibration,diagnostic_robust_center_root_anchor_not_calibration,100,imbalanced_10pct_outliers,18,geometric_median_rooted,1.2121361454170043,0.23080415618061556,,701,702,0.04101544907160501,0.8932692148254922,0.09090909090909091,1.0,0,1.0
robust_center_rooted_tree_smoke/v1,diagnostic_robust_center_rooted_tree_not_calibration,diagnostic_robust_center_root_anchor_not_calibration,100,imbalanced_10pct_outliers,18,tukey_depth_rooted,1.2121361454170043,0.23080415618061556,0.4289772727272727,701,702,0.04101544907160501,0.8932692148254922,0.09090909090909091,1.0,0,1.0
robust_center_rooted_tree_smoke/v1,diagnostic_robust_center_rooted_tree_not_calibration,diagnostic_robust_center_root_anchor_not_calibration,100,imbalanced_10pct_outliers,19,centroid_rooted,1.3580378048878368,0.1988991872765356,,701,702,3.0596023944637594e-17,0.8955303675964199,0.09090909090909091,1.0,0,1.0
robust_center_rooted_tree_smoke/v1,diagnostic_robust_center_rooted_tree_not_calibration,diagnostic_robust_center_root_anchor_not_calibration,100,imbalanced_10pct_outliers,19,geometric_median_rooted,1.139938039698685,0.21393675096657966,,701,702,0.037845607958386214,0.8955303675964199,0.09090909090909091,1.0,0,1.0
robust_center_rooted_tree_smoke/v1,diagnostic_robust_center_rooted_tree_not_calibration,diagnostic_robust_center_root_anchor_not_calibration,100,imbalanced_10pct_outliers,19,tukey_depth_rooted,1.139938039698685,0.21393675096657966,0.42613636363636365,701,702,0.037845607958386214,0.8955303675964199,0.09090909090909091,1.0,0,1.0
robust_center_rooted_tree_smoke/v1,diagnostic_robust_center_rooted_tree_not_calibration,diagnostic_robust_center_root_anchor_not_calibration,100,imbalanced_10pct_outliers,20,centroid_rooted,1.3919688229183258,0.23219679007889654,,701,702,4.69165549718289e-17,0.9307558792133827,0.09090909090909091,1.0,0,1.0
robust_center_rooted_tree_smoke/v1,diagnostic_robust_center_rooted_tree_not_calibration,diagnostic_robust_center_root_anchor_not_calibration,100,imbalanced_10pct_outliers,20,geometric_median_rooted,1.1734806614949789,0.24772578856683222,,701,702,0.04244823089100696,0.9307558792133827,0.09090909090909091,1.0,0,1.0
robust_center_rooted_tree_smoke/v1,diagnostic_robust_center_rooted_tree_not_calibration,diagnostic_robust_center_root_anchor_not_calibration,100,imbalanced_10pct_outliers,20,tukey_depth_rooted,1.1734806614949789,0.24772578856683222,0.4403409090909091,701,702,0.04244823089100696,0.9307558792133827,0.09090909090909091,1.0,0,1.0
robust_center_rooted_tree_smoke/v1,diagnostic_robust_center_rooted_tree_not_calibration,diagnostic_robust_center_root_anchor_not_calibration,100,imbalanced_10pct_outliers,21,centroid_rooted,1.4270076762480264,0.2383491604104215,,701,702,4.920092256735499e-17,0.9616253377526842,0.09090909090909091,1.0,0,1.0
robust_center_rooted_tree_smoke/v1,diagnostic_robust_center_rooted_tree_not_calibration,diagnostic_robust_center_root_anchor_not_calibration,100,imbalanced_10pct_outliers,21,geometric_median_rooted,1.2026808205183155,0.262812727621428,,701,702,0.042311606649210444,0.9616253377526842,0.09090909090909091,1.0,0,1.0
robust_center_rooted_tree_smoke/v1,diagnostic_robust_center_rooted_tree_not_calibration,diagnostic_robust_center_root_anchor_not_calibration,100,imbalanced_10pct_outliers,21,tukey_depth_rooted,1.2026808205183155,0.262812727621428,0.4460227272727273,701,702,0.042311606649210444,0.9616253377526842,0.09090909090909091,1.0,0,1.0
robust_center_rooted_tree_smoke/v1,diagnostic_robust_center_rooted_tree_not_calibration,diagnostic_robust_center_root_anchor_not_calibration,100,imbalanced_10pct_outliers,22,centroid_rooted,1.3212431015008415,0.18410149006957066,,701,702,5.159162110705499e-17,0.9604697763374226,0.09090909090909091,1.0,0,1.0
robust_center_rooted_tree_smoke/v1,diagnostic_robust_center_rooted_tree_not_calibration,diagnostic_robust_center_root_anchor_not_calibration,100,imbalanced_10pct_outliers,22,geometric_median_rooted,1.1306846244881088,0.20655540683819995,,701,702,0.042238747456267774,0.9604697763374226,0.09090909090909091,1.0,0,1.0
robust_center_rooted_tree_smoke/v1,diagnostic_robust_center_rooted_tree_not_calibration,diagnostic_robust_center_root_anchor_not_calibration,100,imbalanced_10pct_outliers,22,tukey_depth_rooted,1.1306846244881088,0.20655540683819995,0.42329545454545453,701,702,0.042238747456267774,0.9604697763374226,0.09090909090909091,1.0,0,1.0
robust_center_rooted_tree_smoke/v1,diagnostic_robust_center_rooted_tree_not_calibration,diagnostic_robust_center_root_anchor_not_calibration,100,imbalanced_10pct_outliers,23,centroid_rooted,1.4013199302897672,0.18963640218163894,,701,702,4.8240052409132664e-17,0.9610889602205026,0.09090909090909091,1.0,0,1.0
robust_center_rooted_tree_smoke/v1,diagnostic_robust_center_rooted_tree_not_calibration,diagnostic_robust_center_root_anchor_not_calibration,100,imbalanced_10pct_outliers,23,geometric_median_rooted,1.1985776381824496,0.2092044161525584,,701,702,0.044767080828372996,0.9610889602205026,0.09090909090909091,1.0,0,1.0
robust_center_rooted_tree_smoke/v1,diagnostic_robust_center_rooted_tree_not_calibration,diagnostic_robust_center_root_anchor_not_calibration,100,imbalanced_10pct_outliers,23,tukey_depth_rooted,1.1985776381824496,0.2092044161525584,0.4431818181818182,701,702,0.044767080828372996,0.9610889602205026,0.09090909090909091,1.0,0,1.0
robust_center_rooted_tree_smoke/v1,diagnostic_robust_center_rooted_tree_not_calibration,diagnostic_robust_center_root_anchor_not_calibration,100,imbalanced_10pct_outliers,24,centroid_rooted,1.5914941943647973,0.2326286983642408,,701,702,6.102584847833858e-17,1.0749681070957493,0.09090909090909091,1.0,0,1.0
robust_center_rooted_tree_smoke/v1,diagnostic_robust_center_rooted_tree_not_calibration,diagnostic_robust_center_root_anchor_not_calibration,100,imbalanced_10pct_outliers,24,geometric_median_rooted,1.3799013089122256,0.24944464504274774,,701,702,0.039738335465596235,1.0749681070957493,0.09090909090909091,1.0,0,1.0
robust_center_rooted_tree_smoke/v1,diagnostic_robust_center_rooted_tree_not_calibration,diagnostic_robust_center_root_anchor_not_calibration,100,imbalanced_10pct_outliers,24,tukey_depth_rooted,1.3799013089122256,0.24944464504274774,0.4346590909090909,701,702,0.039738335465596235,1.0749681070957493,0.09090909090909091,1.0,0,1.0
robust_center_rooted_tree_smoke/v1,diagnostic_robust_center_rooted_tree_not_calibration,diagnostic_robust_center_root_anchor_not_calibration,100,imbalanced_10pct_outliers,25,centroid_rooted,1.3933204381650572,0.15802177625903896,,701,702,7.618547565718613e-17,0.8693683148359131,0.09090909090909091,1.0,0,1.0
robust_center_rooted_tree_smoke/v1,diagnostic_robust_center_rooted_tree_not_calibration,diagnostic_robust_center_root_anchor_not_calibration,100,imbalanced_10pct_outliers,25,geometric_median_rooted,1.1749370620804072,0.17196080105284844,,701,702,0.04492806027070593,0.8693683148359131,0.09090909090909091,1.0,0,1.0
robust_center_rooted_tree_smoke/v1,diagnostic_robust_center_rooted_tree_not_calibration,diagnostic_robust_center_root_anchor_not_calibration,100,imbalanced_10pct_outliers,25,tukey_depth_rooted,1.1749370620804072,0.17196080105284844,0.4460227272727273,701,702,0.04492806027070593,0.8693683148359131,0.09090909090909091,1.0,0,1.0
robust_center_rooted_tree_smoke/v1,diagnostic_robust_center_rooted_tree_not_calibration,diagnostic_robust_center_root_anchor_not_calibration,100,imbalanced_10pct_outliers,26,centroid_rooted,1.3061484252774693,0.17521670839655015,,701,702,5.276612705528199e-17,0.8276542610680002,0.09090909090909091,1.0,0,1.0
robust_center_rooted_tree_smoke/v1,diagnostic_robust_center_rooted_tree_not_calibration,diagnostic_robust_center_root_anchor_not_calibration,100,imbalanced_10pct_outliers,26,geometric_median_rooted,1.0834656940603349,0.1978342786342527,,701,702,0.04288123230431183,0.8276542610680002,0.09090909090909091,1.0,0,1.0
robust_center_rooted_tree_smoke/v1,diagnostic_robust_center_rooted_tree_not_calibration,diagnostic_robust_center_root_anchor_not_calibration,100,imbalanced_10pct_outliers,26,tukey_depth_rooted,1.0834656940603349,0.1978342786342527,0.4375,701,702,0.04288123230431183,0.8276542610680002,0.09090909090909091,1.0,0,1.0
robust_center_rooted_tree_smoke/v1,diagnostic_robust_center_rooted_tree_not_calibration,diagnostic_robust_center_root_anchor_not_calibration,100,imbalanced_10pct_outliers,27,centroid_rooted,1.37884764414339,0.1670783165507019,,701,702,7.059313529569292e-17,0.9267881325111057,0.09090909090909091,1.0,0,1.0
robust_center_rooted_tree_smoke/v1,diagnostic_robust_center_rooted_tree_not_calibration,diagnostic_robust_center_root_anchor_not_calibration,100,imbalanced_10pct_outliers,27,geometric_median_rooted,1.157645366170944,0.1862876338739498,,701,702,0.04166387907656784,0.9267881325111057,0.09090909090909091,1.0,0,1.0
robust_center_rooted_tree_smoke/v1,diagnostic_robust_center_rooted_tree_not_calibration,diagnostic_robust_center_root_anchor_not_calibration,100,imbalanced_10pct_outliers,27,tukey_depth_rooted,1.157645366170944,0.1862876338739498,0.4375,701,702,0.04166387907656784,0.9267881325111057,0.09090909090909091,1.0,0,1.0
robust_center_rooted_tree_smoke/v1,diagnostic_robust_center_rooted_tree_not_calibration,diagnostic_robust_center_root_anchor_not_calibration,100,imbalanced_10pct_outliers,28,centroid_rooted,1.4127881528210242,0.23080699290293555,,701,702,4.8440425300955164e-17,1.0144462733733475,0.09090909090909091,1.0,0,1.0
robust_center_rooted_tree_smoke/v1,diagnostic_robust_center_rooted_tree_not_calibration,diagnostic_robust_center_root_anchor_not_calibration,100,imbalanced_10pct_outliers,28,geometric_median_rooted,1.2208626073877307,0.24801239746467535,,701,702,0.04570633166068156,1.0144462733733475,0.09090909090909091,1.0,0,1.0
robust_center_rooted_tree_smoke/v1,diagnostic_robust_center_rooted_tree_not_calibration,diagnostic_robust_center_root_anchor_not_calibration,100,imbalanced_10pct_outliers,28,tukey_depth_rooted,1.2208626073877307,0.24801239746467535,0.4318181818181818,701,702,0.04570633166068156,1.0144462733733475,0.09090909090909091,1.0,0,1.0
robust_center_rooted_tree_smoke/v1,diagnostic_robust_center_rooted_tree_not_calibration,diagnostic_robust_center_root_anchor_not_calibration,100,imbalanced_10pct_outliers,29,centroid_rooted,1.3661318852187339,0.18300858840843517,,701,702,8.861706824816722e-17,0.9854696598612842,0.09090909090909091,1.0,0,1.0
robust_center_rooted_tree_smoke/v1,diagnostic_robust_center_rooted_tree_not_calibration,diagnostic_robust_center_root_anchor_not_calibration,100,imbalanced_10pct_outliers,29,geometric_median_rooted,1.1655843358185822,0.20240643342023618,,701,702,0.04201175010599365,0.9854696598612842,0.09090909090909091,1.0,0,1.0
robust_center_rooted_tree_smoke/v1,diagnostic_robust_center_rooted_tree_not_calibration,diagnostic_robust_center_root_anchor_not_calibration,100,imbalanced_10pct_outliers,29,tukey_depth_rooted,1.1655843358185822,0.20240643342023618,0.4346590909090909,701,702,0.04201175010599365,0.9854696598612842,0.09090909090909091,1.0,0,1.0
