gene,mode_22,mode_23,mode_24,mode_25,mode_26,mode_27,mode_28,mode_29,mode_30,mode_31,mode_32,mode_33,mode_34,mode_35,mode_36,mode_37,mode_38,mode_39,mode_40
FCN3,0.04046325199018861,-0.09691825476644098,0.07159133220454969,-0.004834222187363661,0.02021598262858286,-0.028985092351798164,0.09061740510792769,-0.034786345631806374,0.016832207058612072,-0.04640109455846266,-0.019316191220689054,0.00047960850846394333,0.09398402922211214,-0.057221942021385364,0.022145151606315767,0.11584971994891335,-0.09742082359247486,0.04186167635561503,0.08910796169237503
TTC7A,0.026377087815924922,0.14322217278025356,0.030235344071396292,0.10309564223016363,0.0009956796034266049,0.009023859181652008,0.10279013236300755,0.02222522834993292,0.015044173664928677,0.07900646914397703,0.01391648216518004,-0.05421828451509117,0.0004967688548088809,-0.05239663209333231,0.055702078435435766,-0.009165128667313654,0.040452510383370166,0.03313650704429654,-0.04919113227981932
MASP2,0.05739821334500276,-0.0691684752001281,-0.03750334737298046,0.0646621140204927,0.024409560107237223,0.015608854185039482,0.032143186102058775,0.024020893891428863,0.04475450812653845,0.027349368838421487,-0.0292278395780247,-0.06260611989594093,0.034926505056644463,-0.07278931212578363,0.05098583244063208,0.017620728486253616,-0.01576528952663361,0.03700222905375866,0.08377763035418516
RNASEH2B,-0.05195111907153364,0.04226608297858582,0.0034471862113182655,-0.15068635412006343,-0.06863075685527739,0.04899312338341044,-0.12251010907929075,0.12349594080392835,-0.20426043169090968,-0.06658115906175587,0.1826203503038267,0.06299440120846805,-0.07139593053133222,-0.31661419202214863,0.025802088073102282,0.11375130771975446,0.029881492538054506,0.10233120645732711,-0.07631985397121203
CARD14,-0.06827536660181507,0.09679227573989581,0.018913198908520307,-0.018366920697724973,-0.1141459481490582,-0.03760838201554748,-0.016174824466339464,0.06086965884343594,0.022770991449917427,0.00435244904438771,0.011446451625118113,-0.025312500038916705,0.0008905118810330937,0.014741678992837912,-0.003822030055002174,0.033509715681821546,-0.05752891752057642,-0.01409281811062473,-0.02733187336796194
C8B,0.0050658264767989005,-0.03353351937016327,0.15549045559444716,0.08200427971552869,0.05574281394487809,-0.10504973991021184,0.21381138980453454,0.00143218885954871,-0.053008894062707645,0.03139984652306131,0.011661645203673887,0.11204941668035918,0.021558029130481535,-0.06853121816136125,-0.09169999700470786,0.22321207647211844,0.14127231771659274,-0.12590859984523844,0.12339307108124555
IRF8,0.009415157777682617,0.07144005899913775,0.050269921134411255,0.014921313487380265,0.04241270508921374,0.01875898783958065,-0.013741615826016773,-0.023690114001532096,0.03634179954272499,-0.0056347787714690085,0.051655505729500506,-0.013735749567768015,0.06356401330547647,-0.10765411080336473,-0.08236996873283475,0.08338653255165251,-0.03933922232977208,0.01513516818846599,0.05419152681488045
FERMT1,0.011192580422978288,-0.12471365206230695,-0.00811124293949278,0.028968717874748803,-0.014452988533795686,-0.18383194113962822,0.024526480077857796,-0.022312744767737668,-0.12566616325467356,-0.08418577250856982,-0.041320469510756255,0.09730029652595289,0.07458515245336766,-0.0021709300202946103,-0.008537258969374257,-0.04806762033818812,-0.11059649472103221,0.14373176063633167,-0.07921855695394327
SH2D1A,0.01943913681433778,-0.01529222462984451,0.04849558641105026,0.015207102605132106,0.007082104310826844,0.0016455886939995572,0.00992279181321226,-0.028652383327568785,-0.02820002837875871,0.02690862962816959,-0.03742766046987768,0.04177990875964593,0.004224211243041019,0.038903088834967,0.016571126819773293,-0.00476789329614274,-0.012222791954460827,0.012436692514259527,0.0021741244709062857
C7,0.010083715351597182,-0.05761282218431522,0.15328031275684692,0.034227476797378795,0.028610109273263247,-0.060480084894094045,0.2484329751109465,-0.02349243325089727,-0.025206863308413267,-0.10425995640473426,0.1173617180967733,0.04413084257352898,-0.10908001931939089,-0.1256199511329243,-0.04337103591789382,0.16227953228924694,0.19809937013284382,-0.13450762251236603,0.1598374649567863
IL10,0.07100702301816343,-0.04722858923467137,0.046848329662212675,-0.04267278790529766,-0.029494055479635087,0.02097101922821878,-0.01719274347191974,-0.05854624108310104,-0.05497323473783399,-0.016430870446586567,0.044187565747271146,-0.03594970110085257,-0.01973891140618956,-0.06788274762718917,-0.039037088593086904,-0.10541042873400107,-0.042560793274369575,-0.006791272514914441,-0.0043275495889487665
IL21,0.026890862788036117,-0.0789970409435702,-0.08999490520894067,0.027504029797614578,-0.07322264926936994,-0.13050638987888222,0.043998397726600434,0.03154022346976489,-0.03107314249945205,0.22221615373403142,0.001711325949273188,0.1011579118495684,0.029956026660662185,-0.05451889448852444,-0.04192510416296687,-0.0011419830479572645,-0.007261395975338931,-0.042017273190103906,0.026302732026256135
LAT,-0.06136588413851389,0.06761338816107226,0.02664512628443095,-0.0957508674141441,-0.11848468919710026,0.009426693561392157,0.13232487353863412,-0.015727048161957736,-0.016093517124041504,-0.08898967863949461,-0.06602070697459997,-0.07713514061539434,-0.014238005112620076,0.036460072860441575,-0.019113106618217333,-0.023031800775212434,-0.09311072718228157,0.06249893463407678,-0.1131294103292651
C2,0.011592440869605525,0.05123030721902497,0.07288012145155758,0.09080440281818179,0.04302722576044126,0.11144532750140156,0.036266105339571246,-0.009457612296059245,-0.18860567487549967,-0.2720382214243172,0.013465648496978877,-0.18119666081002295,-0.10790897233580861,0.16916219980082062,0.06545423070868382,0.030547403350579514,-0.04525660929794377,0.02988356577069442,0.14473907669177521
IL10RA,0.06802341437843289,0.043223372633983854,0.004485179909797493,-0.1186902671622023,-0.06745749556558184,-0.009187692610886183,0.04463618726637221,-0.08837600751718494,-0.008196260824674723,-0.07399300745220402,-0.06582750282724538,-0.08572938569007107,0.03472452702283718,-0.07723695008023805,0.02880926404679451,-0.10804447999486978,-0.02455810589158492,0.004301454967133094,-0.0964437882970007
NFKB1,-0.016913623763571833,0.07058210550157762,0.036355530151042884,-0.05651931108144441,-0.021072327140185962,-0.05323090231473199,0.017720581166665715,-0.05176461449198166,0.0626469780691415,-0.022482602655100534,-0.04294395590690101,-0.0018240204695928223,-0.08112154273415174,-0.06005705371419338,0.03448666366433867,-0.039039510819251264,-0.00496158590261383,-0.11461006744176297,-0.03069008710858704
COPA,-0.11177614605835881,-0.008279658583275819,-0.060055776830535194,-0.018763388208598495,-0.03047906520641693,0.03978989898621552,0.03676131148844502,0.07207885533136113,0.03252045039837279,-0.020808478912231844,0.029990913228912338,0.05293888772372423,-0.01115995935315311,0.03957696940234491,-0.029046658875665512,0.0009269369748672647,0.05909199069785135,0.03834357681310623,0.09666297244375167
STAT1,0.060822756128245156,-0.027977624171966402,0.00983473629091515,-0.04862319675104846,0.0389250138353273,0.08271492509546195,0.05165042192973676,-0.060026914059096236,0.11111512800492145,-0.06923283756074199,-0.019292548741867286,0.023536890773716936,-0.0077737190447225634,-0.07868360427041901,0.010775576691706687,-0.005064641512498599,0.011252545334153171,-0.03330283372748858,-0.02052753271938334
CIITA,-0.0010636289971378686,-0.07623066285180524,0.03450964291585044,-0.09792961092873574,0.1382939393976577,0.09473836563419806,0.02808668093156408,-0.009361163862597072,0.02582089501914467,-0.021762857694776757,-0.06956773971531185,-0.04450695383085179,-0.09027306453884547,-0.11827534794224237,-0.018865640017888003,-0.04435726866225393,-0.004610984764983975,-0.06735625016359076,-0.02511926182426272
CFHR5,0.02544917870572738,0.014207216391991096,-0.019752507957805844,-0.013855331668105125,0.008542424140462253,0.030329439986515605,-0.04392264082650032,-0.046316492298615654,-0.0012576911638189894,-0.16195893412509113,0.06142718884921602,-0.030912138307039427,-0.07318519756564111,0.022656155591825686,-0.027521124988691015,0.037221480181120065,-0.01611989838727575,-0.04748543781001444,0.06134201152842055
TRNT1,0.06299538740709,-0.030290588976537636,0.18725953196447426,0.04495670368396983,-0.013665697730504498,-0.10408901898823729,-0.025036904170605657,-0.017358618544044992,0.10568009313691364,0.01620682344285765,0.030574085079826813,-0.15856214437656754,0.04078886563048258,0.04428930991104496,-0.018678501374653034,-0.11483394144820439,-0.02589865580122682,-0.006215421953222134,0.07036653329451206
NCF2,-0.021840952601672285,-0.0019513519438694217,0.05224313749523427,0.17530150726508567,0.10561433937989045,0.11281173355695619,-0.09857853399448513,0.07253295507067734,0.0386690494338552,0.10501738985553094,-0.09918569986637724,0.11636005811759045,-0.0804457891641464,-0.05350410008413436,0.08773128316085393,-0.010846865998039244,-0.12326350751891535,0.05309875843199758,-0.000721024630384775
CD40,-0.15977802519421463,0.07416145190949068,-0.058861133776753526,-0.10970221963955368,-0.017741408929381343,0.05904618536977695,-0.008030303586403286,-0.03743239153258897,0.016665001159841934,-0.055780717969924884,-0.022790752528535133,0.04587231577043394,0.01873440493503621,0.008864394385997175,0.009490794712557085,0.02792791048903067,-0.04372128068682646,-0.02945636010003575,-0.0038667122543460243
POMP,0.02136500405167684,-0.023288807594126992,-0.007340741987770226,0.015090538766567244,-0.008104805015176558,0.002023755435767407,0.014218345396579185,0.059038192412785184,-0.026830508770626108,0.0062844066465684734,-0.046315265151076875,-0.04011011515455822,-0.014400034092228106,0.021049790764693457,-0.05119964101737704,-0.04322193302111436,0.05392361695137886,-0.010459537275125977,0.00980748483308367
PSMB8,-0.09370221254576801,0.015069693543373393,-0.07624982017529815,0.007270662707852482,0.0481850745954989,-0.09136292610227333,0.03472298160907978,-0.05600580498973689,-0.005763611285660668,0.024220005341077537,0.01943197109383464,0.027582107457285787,-0.06735107175931247,0.027594041063542674,-0.047800637517300126,0.009483630501219436,0.005152406183839666,0.07893392260565281,-0.00445502361195457
PSMA3,-0.09747606421279145,0.014856926953997958,-0.005220587947530716,-0.03812205926046281,-0.06839953708917025,-0.020810216221680486,-0.04609016915292161,-0.001314263173692047,-0.007715322608937903,-0.005640521335628753,0.022526411932913295,0.07282368638714953,-0.008707784777389298,0.08662842334978113,-0.07433750043156126,-0.0011541936792054243,-0.020463742062729544,0.006283086207634682,0.017726224251519346
POLA1,0.004659375238381134,-0.034462059390793075,-0.010370040620344264,0.02682091842998553,-0.05565462315048513,-0.003960858154230477,-0.025062513596326986,0.050523951982852026,-0.12091404342785123,0.005146087739025978,0.06130900508330545,0.0004429064422780219,0.08891744992152131,-0.028907659418336017,-0.05796993214261231,0.037965837186056325,0.046828921270247945,-0.06303806220722517,-0.07075454081871956
C3,0.0025903847624952733,0.030645831747315107,-0.03263550470184468,-0.03457283512010258,0.01309160634604286,0.008029703344461181,0.007443135632275501,0.014952211150600692,0.0102245538082212,-0.04728810097574008,0.024074952356015332,-0.0333774681357413,-0.0041911797767247416,0.054566143284549055,-0.020697331282507142,-0.008946331501071275,0.019316514567762143,-0.03674064983069504,-0.021832173165203007
MAGT1,0.011392136361829132,-0.038902556975753115,0.08011567700169313,-0.012751362103387601,0.029222229068465656,-0.05735895345858963,-0.009114035838986756,-0.038624148119674274,-0.022588271388171727,-0.09281287962348399,-0.003194025032017433,0.08896977281241737,-0.005085641793541067,0.08841233335430544,0.02028192931179659,-0.006025918744173309,-0.04086396763962602,-0.048814029290802224,0.038307409538965664
CFH,-0.018371207093485987,-0.030116914795432752,-0.026711742027779883,-0.02749418741046351,-0.02032957877845519,-0.007710994287119231,-0.08343907699149158,-0.0064469605454730555,0.020971856022643707,0.001433656045118656,0.00939693005455839,0.012117054953885625,0.011630018465278093,-0.00719402494827879,-0.012765605143578686,-0.018628603110793802,0.04780962389023258,-0.001515456043434178,0.01627974593059529
DNMT3B,0.029357383742319665,0.07319210036524475,0.030199335842919207,0.048733807200626325,-0.041988465975294154,-0.006903347743345831,-0.026033957439714466,-0.15866218351577213,-0.04464587921956942,0.026873878563462825,0.1189894542620209,0.005287472249432784,-0.001764965189973041,0.05590255460447442,0.044759705794477175,0.030276466981457206,-0.010453847331852341,0.025694019892226555,-0.015088836494892571
NLRP12,-0.10855952978750508,0.05329421858659211,-0.012049698100063967,-0.015203880407512919,-0.02862781626641321,-0.05567633266795628,-0.11825326669523815,-0.06446048350505162,-0.05577910936254598,-0.016427892745716717,-0.02352683368256401,0.047171947507836855,-0.034372249886893746,-0.029327784230232138,-0.020565703523932086,-0.000820903810257185,-0.03129675131968208,-0.10699046679494033,0.0519569163659079
STIM1,0.02054007209186225,-0.1731225043638886,-0.017565711439457843,-0.003340886625997432,-0.06529092016111601,-0.03408851775751869,0.01989671506020536,-0.03332144462124444,-0.06182302114215735,-0.04984556698105555,-0.03019605175114267,0.06762966241268271,-0.05063837478299739,-0.05520528255233055,0.03797304227956729,-0.03239086886842682,0.03201401500582913,0.04409680241925732,0.10792876991865472
ORAI1,-0.0077390003061963445,0.023299351667973773,-0.03031581438301008,-0.07350708411185441,0.017433483946842087,-0.07597923023908645,0.06440518438650351,-0.028183065394303982,-0.03178839187491416,0.015249024163402377,0.019344383364387707,0.032348287518153954,-0.006150713271453716,0.004954765096362327,0.02647567682243067,0.0991084993555608,0.006951994830909531,-0.02694253912371379,0.09995417810972308
WAS,-0.0906341240604232,0.051270141471730445,0.03500893721558378,-0.06082609161555475,0.020468766864935067,-0.0234203034296701,0.06235982176915253,-0.019804858887042434,0.037604491188826715,0.027705094871274254,0.048799931632988285,-0.043749382768211754,0.0017204897149649062,0.03174411150814271,-0.05415004558815821,0.017571675136823867,-0.007752432395790204,0.001044649725981724,0.007520644593039867
ANKZF1,0.0544139166895146,0.024715536554732513,0.025189813792429586,-0.06250988667286628,-0.05206553422040246,0.005554097075780778,-0.03266931521809632,-0.14926178482226124,-0.005045304150038247,-0.029498753261836572,-0.13985030615924243,0.05792876125726697,-0.14101579929996372,0.08906891395478678,0.07317095229208778,0.04585780223248919,-0.036528820618118574,-0.09458962177322267,-0.06790304282887973
PLCG2,-0.01799297718942169,0.014061993004767487,0.039016361293386766,0.03880867909979606,0.06640131380029743,-0.04025915704198745,-0.05314244890763668,-0.023458687299580228,-0.053625522377844445,0.0029109760926431705,-0.03824607353451445,0.046750775738221756,0.01603522429544872,0.012568246633790681,0.009000407550160053,0.012714501646943351,-0.06312618846627464,0.019055430789377818,0.029301557754608524
ADGRE2,0.0198524365853701,0.05085882981134419,-0.040466281051420444,-0.0442594341270289,-0.0827927453889044,-0.05658243875785364,-0.006946764614431557,-0.0712556854866241,0.0005439389189529493,0.0699663206754475,-0.07137832680870701,0.09104421259893745,0.24653550506188415,-0.12617438349477836,-0.006001021774870722,-0.17592458723133253,0.07086109630647636,0.011611725419595114,-0.10160733442315494
G6PC3,0.04503433050561685,-0.01502367404193122,-0.020139051012753977,0.08841811140217572,-0.048150729147456876,-0.007928784440398913,0.033721585846319437,-0.03457592950426902,0.125019212544407,-0.012376975783090714,0.1822785456447022,0.030361648819178553,0.03718771569614616,0.0058067564063102395,0.05677689423908512,0.010318413122528241,-0.00560183563190745,0.020031803710077064,0.07677630221685519
IKBKB,-0.042895214065451936,0.05285734958478606,-0.006425527896565772,-0.02041730766719466,0.0226202329532273,-0.14028615944468892,0.02469816595007957,-0.0712970067095343,0.009218890599154655,0.02053146164864936,-0.022382313701941835,-0.03491374605894907,-0.07225780607546453,-0.09581394795425668,-0.02183813534691442,-0.02560098225384656,-0.0356519324386002,-0.038154859257647875,-0.044207534408546204
C1S,-0.019371651786307807,-0.03535845313947734,-0.08512774299419223,-0.0633017902838402,-0.0724061394202585,-0.02858833987697979,-0.04079625146472867,0.0116174744761456,0.11453077969360906,0.10874740039387096,-0.0472562778062578,0.004969093501808427,0.15672700212458332,-0.10211968865137024,0.21609767106797073,0.06663494586963291,-0.01230355401749096,-0.011551887022085235,0.14639695048643195
TPP2,-0.016424726012830643,-0.01953301567707544,-0.005957293682101515,-0.026342789508014816,-0.012010742257464903,-0.004770972487930798,-0.027082777647843507,0.07507057326184054,0.02371151045005623,-0.02523432405305457,-0.005304997614164265,-0.027145614095998943,-0.01896497909268051,-0.0791293019579072,0.09729714893823786,0.018606157187532904,-0.010256537159485898,0.01616486745231814,0.018240220018136633
HPS6,-0.10652605690646186,0.1447570967624545,0.007754379929302775,0.2903518609706291,-0.06275857285717923,-0.011778939759742358,-0.049569212766221,-0.021803454707186403,0.207379786786844,-0.2282739881618264,0.03643951207932619,0.05685641014232512,-0.028483353520728106,-0.09894842595524962,0.0715309152273704,-0.09873762238886999,0.06671335483583155,-0.06635102105835561,-0.04042497796869426
PSMB4,-0.023133464109483234,-0.04262296167462139,-0.04876170342771073,-0.020193784665238926,-0.006213847193566288,0.027770267195660732,-0.01396128033648605,0.0057946540306491505,0.0273842511003425,-0.0187746059089457,0.0023736580792453237,0.012025989859037266,0.007503111609713931,-0.000488871944665864,-0.002268331258293719,0.012659930743101648,0.014488529851918813,0.008963679061224174,-0.001755537610010397
ADA2,-0.05419784424454671,-0.03569834848522721,-0.06940536019519346,-0.01739429803483076,0.0483225962124984,0.01250801818792271,-0.02100727737504764,0.011780901169779192,-0.04155801050786216,0.007638204235117751,-0.06732422415633078,-0.023536809897139167,-0.012574705988017307,0.013907132122277023,-0.06651328837313346,0.040539422424480595,-0.045091148590446085,0.039240838804203954,0.020779878441027494
BTK,-0.08235217770443722,0.004412423167249228,0.03622892186348208,-0.04708459667010629,-0.0359537907681354,-0.04103120930871098,0.010744395609121021,0.012610778367197782,0.03353864629746628,0.07167368923879162,0.0006201538768673822,-0.04291600034538532,-0.0020176697984082208,0.0714385174322528,-0.04710973868341329,-0.04529273341089654,-0.06764639930518496,0.008437694250867683,0.03751193039638641
TNFRSF13C,-0.09787478098010008,-0.014995979297433943,-0.008036591888750815,-0.04341833309484901,0.030712305397300434,0.01506180221835854,0.008174665437990707,-0.0685862266038536,-0.05868620654930147,0.03955405882169291,-0.028323249291868406,0.054917689451942926,0.006501533199752286,-0.05703353763575503,0.03896152974188099,-0.047682196726293806,0.04809500962778146,0.00012966629989640005,0.058471073646819714
TNFRSF1A,-0.05026983454638811,0.01305881632110751,-0.09454884875351365,0.04331028575762753,-0.1353691321887417,-0.006841359930734765,0.06673744550246967,0.016603248591972965,-0.007608483135058263,-0.005687012856785869,-0.03961288288611182,-0.06548439654246208,-0.03905185866837452,0.010976597502638682,0.01982538996246908,0.049142610421698756,0.015428130911889201,-0.019588713677882064,-0.06831747948657536
CD55,-0.014982446474198222,0.15853406124781974,0.02740646763239388,-0.004065934542605552,0.054985337916030455,0.10817511728390913,-0.005312763220013314,0.014640401270492013,-0.0062413327144163425,-0.04158861931875509,0.022758950611487864,-0.04262813755894699,-0.006891751275343845,0.07659018012839493,-0.10161681145772625,-0.031304789776097894,0.043307327743748306,-0.0353651185456468,-0.03310765712386212
ZAP70,0.01844107327549817,0.01602162427227886,0.06561849867733549,0.014800628950093785,0.03984419424623747,0.003927275382260753,-0.051975212361642785,-0.0392780025476667,-0.002225521401352699,0.0013884101345572099,-0.032458611581877815,0.016893097913659335,-0.0016074179972166397,-0.004653523366121749,0.011547297426215224,-0.018963373094034792,0.0021531581055322583,-0.016829650333650324,0.018452124717631302
IL1RN,0.2468603203033202,0.19705549468208816,-0.18958746992577943,-0.048581027994821474,0.0293005522397077,-0.036416271522427206,0.028044211372721853,0.0056010174974741225,-0.005495354499212976,-0.07771289337362144,-0.028231414988397166,0.06517796062870548,-0.04633759445633868,0.022854706326309638,-0.09342731971841396,-0.04037023879765585,-0.05781496943544888,-0.06413897663818759,0.007045069580880797
WIPF1,-0.1089110685857255,-0.0193304574569392,0.04770140279782277,-0.10774399321194283,-0.08467353774827208,0.026056259721287403,0.1590863698354826,-0.04949138870957298,0.09204386331566353,0.052109967716240276,0.04151186753209789,-0.02068546956739278,-0.02006971961127079,-0.07348158475472565,-0.13559256880785478,0.0030687894621497986,0.006139732661920385,0.0074515891209293176,0.00673980343658778
ITK,-0.032471548586034085,-0.0030925656388438665,0.06938952695126233,-0.01341070808936507,0.009073243278644389,-0.027476132480854405,0.015051159627989145,-0.010552600526399157,0.007866494015785134,0.032448863163106724,-0.006866085985238457,-0.04368751424273746,0.013826884964497778,0.0405236417910353,-0.02068894575628482,-0.021700161268561127,0.011658019861378299,-0.02243999850016046,0.04859284833624219
RFXAP,0.16502800971285428,0.17221930035565552,0.022214541962585245,-0.05617216081854165,-0.07509484233408553,0.11050595261636852,0.03492743694054358,-0.16858932767520038,-0.1387549047006452,0.15315115389108064,-0.05458612561265427,0.05776106541744905,-0.14630547507521668,-0.058663360550519746,0.07097690786719905,0.09030402392431712,0.007372432291814879,0.0144543287515904,-0.029926106997675932
NOD2,0.05288779701240273,-0.006718352070915272,0.05919953747270413,0.015584587379572284,0.11164921532791537,-0.04231043562378849,-0.0492736352428472,0.0004509270329049951,-0.15806289651619476,0.03129449409702064,0.03056353869920177,-0.09434187815904088,0.027364167553882893,0.03564666913495683,0.0030920295960665603,-0.057410803082611594,-0.12235428374655234,-0.013866656659061526,-0.015761886494115997
DCLRE1C,-0.03522636598501509,-0.07989628788183589,-0.02015625071152039,0.0341003220934002,0.023459261339445658,-0.021964474757221013,0.09468633986080262,0.10375972669608566,0.10828711229553459,-0.014756380693299992,-0.09317940479233634,0.05728428222720429,0.014970610160691391,0.08426037722637009,-0.07953463493571815,-0.10273900524124058,0.010923586287840126,0.018973067004729737,0.03848881104835675
ITCH,-0.04829182580859893,0.07687148562137777,-0.02418044765451603,-0.09745383511060943,-0.07722292040566747,-0.014098965479142698,0.050003275922630416,-0.008654457684829295,0.09698728493206978,-0.05542413903961955,0.08677764760083877,-0.0453282209975804,0.03993076147015296,0.0018658507306781307,-0.0037119413796895973,0.08069690851882007,-0.024130860086837392,0.03695271431442614,-0.06441812455354708
NFAT5,-0.006666416486098305,-0.03372156698430121,-0.022463442935822336,-0.04058158584588076,0.03981698857266816,0.022003030765303383,-0.021563232675347366,-0.032986215697004884,0.05716518503558828,-0.0036537497343797475,0.009688040819699073,0.005832828834353474,0.04495139747382383,-0.001429153902571827,-0.04491336453583754,0.06239640070999483,0.021888182296121467,0.11626643182164277,0.07627697107826806
PTEN,0.02867249823210275,-0.011159834677063227,-0.12759430161300597,0.028779657440930126,0.06135283862797294,-0.07200224505880555,0.03597797007263442,-0.05569522242176808,0.0015255966540096847,-0.04797778867065235,-0.020365820998428926,-0.12147939713925238,0.07208667087619332,0.06277443729230217,0.0983139461283039,0.016100334509851218,0.15126477038363162,0.016609212193122155,-0.0872350640097772
IKBKG,-0.07373172855960411,0.05133010659168112,-0.02243794618747312,-0.062985518420513,-0.0009026280238121611,-0.1198955399479638,0.05117212317734103,-0.059011716644691306,0.03145916239148859,0.00017925827493136992,-0.026033537429585227,-0.026887926031598227,-0.04510583948073846,-0.06155491153912895,-0.04081395200266721,0.011574560890522147,-0.015053510158172155,-0.017007494258722864,-0.04065343740579092
LYST,0.11716825456615514,-0.11630734664852731,0.10168031967395978,0.06262183605242837,-0.1001053672915408,0.10000230880359194,-0.018228909811286827,-0.0857570530532998,0.04068705800111596,-0.13262428649598615,-0.06775231649368763,0.07295584231192737,0.12288136072333465,-0.04562035142904327,-0.050431246306413005,0.04213899232270625,0.01634896138795195,-0.010410228499856745,0.01687191128554197
NLRP1,0.022345025577199345,-0.12278321463828247,-0.0631302791039545,0.16732590466075342,0.04033293651371062,0.1192333765287926,-0.040646811639650886,0.04055075733663193,-0.04364970360897795,-0.011459937143740136,-0.00195830676952962,0.02252282651415448,0.040797292889947406,0.020508639317151408,0.0069182177263887885,-0.03815157773325897,0.007203612914129856,-0.04199681307606003,0.05701790599410364
CTLA4,0.02112811371270998,-0.08792544096044438,0.02290564543244915,-0.16308689869576667,-0.0752124634470392,0.14630919537956538,0.02854623033903092,0.10379426222226971,0.044103190691742344,0.004764321684626919,-0.15271994390362192,-0.1315633451964228,-0.04205788691013749,-0.06296294921892492,-0.11867101963168153,-0.19034745273963838,-0.0582844883391361,0.0548277545931518,-0.11284543126627639
RNASEH2A,-0.020136436945969748,0.0391379421975476,0.04769761559836883,-0.10243003401196012,-0.021365403441133694,0.07261977995099955,-0.10993948288289616,0.0407832174774329,-0.11816611156108006,-0.03334452488400889,0.14644449083708366,0.046546913960094145,-0.057533777602129244,-0.2713790290883094,0.012726530637512197,0.055178805441887774,0.014543858673807593,0.0974860407741428,-0.06654100040574293
ACP5,0.018241820868446747,0.0684103952601443,0.037239188652924075,0.018936036485129256,-0.007174725431040765,0.11868674481367482,0.033107165008440326,-0.0006445745210669189,0.05772312666442051,0.10407601815664787,-0.044584899443142395,0.002755823985486275,0.022077488533512612,-0.07607225840819867,0.032157766210808764,-0.009824971684953955,0.05465829698724638,0.002393837097888318,-0.11893451017284686
TREX1,0.0853518257880145,-0.020440670402558436,-0.0191310224478778,-0.11404184759033882,-0.05691776861800613,-0.003415383420844127,-0.023349607910442702,0.02870028389029647,-0.04253974108746606,-0.04555886723759832,0.05713429365836462,-0.0006294752506677359,-0.0362437563029853,-0.2067144871329914,0.06132517196054527,0.04883277524218643,0.008471660857910537,0.1407184945171179,0.011546824024637704
CASP10,-0.050252081958231984,0.00013803688803427938,-0.029856625854289453,0.14758826619727963,-0.07070593688570104,0.005437774482419276,-0.028867188876416407,0.04260560568057755,-0.05060155896537764,0.014283150339887118,-0.026048717017946782,-0.012748049233428918,-0.0017040078818308657,-0.03794090489410038,0.006197766270703286,0.0180257525072854,0.03681477881053138,-0.00048212880809164396,0.03431685142214079
NLRP3,0.10557729096429429,-0.08026150749630283,0.09140706905230497,0.010297213737297332,0.209165817933581,-0.008015724370576412,-0.010227035864388877,-0.02723868323179539,-0.12082602084892148,-0.013577025830805674,0.041936743240106496,-0.0291349091811191,0.05060152645207327,0.06311042631696902,-0.024030420508210158,-0.13616447766621925,-0.05359492922718871,-0.04092436132728402,0.03981023882870034
PRF1,0.03401767429251719,-0.1353845926158933,-0.05618512969971121,0.005115023677254316,-0.006892354208535465,-0.09210550796366207,-0.029650542811741024,-0.015191603637615268,0.04711272590699748,-0.012915417319439435,0.04818324374688183,0.04345063456435749,-0.022631447027704414,-0.03235545092205406,-0.018486660836224883,0.010593285601625918,0.021068616044519935,0.024079280087410285,0.04783980394659616
TAP1,0.03588917348703249,-0.18154028931435798,0.10108768508816174,-0.0011593579233479022,-0.02599935254837658,-0.096228444199534,-0.08916058412247754,-0.028168717845236595,0.07582849483450493,0.012392203702789841,0.03529080844779101,-0.0006276161162380241,-0.06812560145111736,0.03764474549669152,-0.00104223828443049,-0.031908581223611406,0.008210951116048996,-0.0010361312341834036,-0.02255579574724315
GATA2,-0.08381971979872847,0.016445908734763006,-0.052197200339006086,-0.02491008002013468,0.015842306322752957,-0.038815628389911254,0.012570896171856997,-0.0656260043292123,0.048870785309428025,-0.008137633687076309,0.008939638310520493,0.03261987188374338,0.008396400243143162,-0.06042201357535903,-0.019131350332686647,-0.02991875054169942,-0.0738973349251331,0.060424701897505234,0.01867668666660786
ICOS,0.010441305267011753,-0.14734789936748507,0.0017953730910260173,0.009309564210220564,-0.059171396593193336,0.014852069939472167,0.017520547667083507,-0.02074174941779029,-0.021258660626160598,-0.02405973877985525,-0.0016226999082338475,-0.011044167004230018,-0.018688188377573082,-0.06361558204053341,-0.028118448280633337,-0.08521079202162775,0.07147105765055746,0.04065209527019308,-0.15716464125990637
LCK,-0.038353811226498044,0.0373334739026827,0.03509018819098132,0.008636283001051523,0.06073232677269193,-0.041821551691601386,-0.05256275250436338,-0.04458077046506112,-0.023641904693891585,0.002751554309140184,-0.029080664414856315,0.028217137584213205,-0.005158370555095698,-0.006867320895362587,0.02398778142577563,-0.022608630458657464,0.011721149754564938,-0.009362386027691882,0.018637215109957896
RNASEH2C,-0.0062724867823934095,0.0818290440021905,0.0017463441817909733,-0.11490592924779129,-0.010953756584392639,0.11563196822220465,-0.08923517332899782,0.08663109553484542,-0.14485137602524106,-0.049590146710848215,0.17392809217440947,0.020080035678485077,-0.05065750364749152,-0.3376705268407252,0.06860147978412749,0.09857405716258345,0.027975364162133916,0.18724916446972267,-0.0688270650441722
NCF4,-0.04069376224266423,0.0147619117194768,0.012119585949810422,0.15055636328257876,0.02491220049839293,0.02276286390045952,-0.09055456723378308,0.061213017436450426,0.07548671024314323,0.07070101384548065,-0.10351354859780927,0.13929570882791129,-0.023184754674045526,0.08230106824550382,-0.05301992475446213,-0.06352438287610813,-0.04763854865115699,-0.0019975814537741676,-0.025692794728126623
C8A,0.025519920800116516,-0.048192445266219144,0.03772118864718687,-0.007079083929883967,-0.028438281276740505,0.016882749879299313,0.11829312909936167,0.040910183958548986,0.07243206952755556,-0.010029587339694782,-0.03642435373029227,0.03028501632076636,-0.03508598135985611,-0.07552040601590279,-0.0009723456855581146,0.03605618491901308,0.06998012482764228,-0.06668378837409987,0.08886854162495307
MALT1,-0.056513729901522154,0.03963030817128442,-0.00822434069362522,0.040757365011354824,-0.09465852867461946,-0.06846975649809012,0.01306142031750933,-0.009622211265920515,-0.050669331126849224,0.04692316766796083,-0.04057619857706191,-0.038305650518992186,-0.06404889172745035,-0.037760101203786145,-0.0007066035946683589,0.03787307983947876,-0.01743437879116381,-0.019408616748975177,-0.00841633019146721
SKIC3,0.012795784112209453,-0.0038866437843780217,-0.0957131463779254,0.16899188768722365,-0.0571331200323406,0.05095110151200286,0.03236739516159231,-0.2659823470100875,0.09908242633548997,0.06069608319146079,0.2889750195837019,0.0553995098979726,0.07594339054924559,0.1798162875145285,0.17259889283544294,-0.08339593224555722,-0.07851288655692529,0.007494018605397196,-0.049431283828086335
FASLG,-0.1751592579411106,0.03408173284140765,-0.07119574800679401,0.0012889875337519312,-0.115856844629397,0.05538867418690019,0.11491910217727212,0.06497567934700868,-0.030049598006142816,0.01501165467209396,0.015871346093851352,-0.11276059907296718,0.006229124727746973,0.0958781310191123,-0.05508577443873722,-0.0206648407722986,0.007821788961555574,0.053558702296921674,0.004196058639223016
RBCK1,-0.029438015948749438,0.04091569309773785,0.03995587365747185,-0.07674239104011622,-0.02178778510932771,-0.06171333736928887,0.025107812124488323,-0.05231973417878869,0.026804172216340297,0.005742761342901102,-0.023158141436382028,-0.02623133863833047,-0.028952647064091813,0.018383458740954182,-0.008890972694867263,0.04739136280830039,0.018610944895725217,0.05300636938011219,-0.030503307937209383
CFHR3,-0.05635081793107058,-0.09778089990327701,-0.004421203754163203,-0.023663502601088734,-0.02639103074218635,-0.008589451830416631,-0.06583857821417563,-0.020379215559811068,0.013175170211477401,0.08643269100944337,-0.07935626337983018,0.01903759549664566,-0.0274348032018732,-0.05002006243056596,0.013484730808328384,-0.02608344854685438,0.03761456632261133,0.042716638587413897,-0.042158423096552135
RAG2,0.04958609491307936,-0.029886677515503682,0.02668271521556187,0.05128858956247367,0.037591070653315746,0.02964975154387706,0.01541707565968741,0.07779388611968649,-0.08346252671353818,0.04442734575031549,0.16270743162730492,-4.695902645132131e-05,0.1183168803785397,-0.06744053543882829,-0.017718757470820096,-0.03091547018772083,-0.03847043320773931,-0.018731950470039678,-0.006211328092691521
ADAM17,0.03536915886160441,-0.06219695834034616,-0.1324363551521313,0.026063583751023293,-0.019339601628748763,-0.09721647727364897,-0.04383181791835111,0.014074543414424167,-0.08226086379862724,-0.06716663812489843,0.033690546517207556,-0.017274444152685916,-0.02033868953969816,-0.018911545766765944,0.004701992295866735,-0.05683627499140345,0.05950831736279015,0.02434301176653429,0.014317531344475129
STING1,0.14558603396767109,0.04451795063291934,0.1154829797662632,-0.06783345056041323,0.08864904683011997,-0.014103138261483636,-0.014099687041586375,-0.08871336336242243,0.09890717294994804,0.006080493432427675,0.11045984313856552,0.08985775654362285,0.06373578896029575,0.004884906182357065,-0.13306650833010703,-0.05992132519170269,0.018789048552445335,-0.053290614166920186,0.012600517304916039
FADD,-0.03537298740379101,0.00857272137527407,-0.03534511564452919,0.0838269247493381,-0.06489063545587094,-0.018753352395094895,-0.003880942468094805,0.017590843618306644,-0.05718894012131784,-0.011286711841422783,0.03675087549509122,-0.006700381197733695,0.01694326343578012,-0.03833156298947188,-0.029902109984005325,0.028519296610649697,0.022229065143169247,-0.016013443713450006,-0.004984574014636958
PSMB9,-0.0037845339710647716,-0.0487033375320774,-0.05993604378827253,0.004303736349572417,0.026803022711694054,0.027732196991663263,0.010649125089066071,-0.02734451504630855,0.050833626999993387,-0.029539915428038035,0.00979786530631485,-0.008389356068301386,-0.023022193546343078,-0.040067876010443745,-0.03432471511943368,-0.020392391190363516,0.015943239839042334,0.014314838497518616,0.03294625480889945
ARPC1B,-0.0688557645291284,0.0631605717584558,0.006988662740095803,-0.1034746623651354,-0.03501109308722586,-0.12662525660862378,0.11850863766618826,-0.1419414787521124,-0.025299934204138324,0.1390917905543367,0.09285721965066474,-0.011438294358812693,-0.17862173743702528,-0.03758289149453003,-0.06528712413375226,-0.02424004080575372,0.0004903471923499437,-0.028823595271825674,-0.0011561063404738141
B2M,-0.029707516232734158,-0.16751806568906644,0.09339701216754165,0.030856180461246403,0.037506278906092184,-0.02718321567044333,-0.00600500411335101,-0.0327964844192066,-0.021200168864645624,-0.11639694416236836,0.0563072900443524,0.005102519244263025,-0.0192329440846573,0.013332811103569209,0.04111358137024753,0.021098571152679393,0.01384235354698498,0.008340865502373522,-0.019774544931953686
CFB,-0.16753808721063165,-0.13714057182085804,0.09274754618895001,-0.006806202635091422,-0.050218192951898735,0.030778556171153448,-0.07457521363457147,-0.00037883599729885,0.02843389597647636,0.07897392808528751,0.01975859745317391,-0.07151143734661917,-0.0005413318378639026,-0.01546948647677704,0.06928306563583521,-0.0057101744902407665,0.03675418252842634,0.028910352480726587,-0.009107545050315214
STK4,0.04401504828202537,-0.07485589253144727,-0.034051612091464116,-0.060319708104896966,-0.0419896661188649,-0.0300080648132087,0.022785997100614255,-0.03255535343509281,0.08558096533830042,0.06396687280116946,-0.004967661042762499,-0.17174077715258212,-0.0005856148169768772,0.048424235755514924,0.05945257540568655,-0.0805235719409874,0.07508522453953992,-0.037754355963067816,0.13304357337077832
TAPBP,-0.014739274033081678,-0.09305698354806419,-0.017531801506898557,-0.005456619825317413,0.0029725332468792465,-0.06693410262862881,-0.06480537237054115,-0.018368368004036014,0.032460789936553366,-0.008670939693757814,0.05749352245009796,0.04951866931569064,-0.053777372213060205,0.012555478660234596,-0.06769820935281501,-0.017374733736521868,-0.003071515509119505,0.011159752488817988,0.015044155517886704
C1QB,-0.035931872210574436,-0.14999848365434287,-0.020881846975815903,0.0024362590259279083,-0.081526653971632,-0.11144403896969123,0.06838135954994015,0.006433325827770001,-0.00683387111694833,0.016969237797392418,-0.02486395285649868,-0.002452459941231802,0.05665162094346945,-0.006834834879872558,0.06257077537148903,0.046634164173457206,-0.07451825071259094,0.027869638875732593,-0.02425782280234317
FAS,-0.13361173557544226,-0.009114189986754296,-0.11059519383065515,0.04871759385201398,-0.07800680441031857,0.03345550370813646,0.05742450259310966,0.1320643072613621,-0.0378037545978634,-0.046005890288577836,0.00275566804274987,-0.05678022283366704,0.015417369233524108,0.06777126152697426,0.12118733208546612,0.04065735141621092,0.008643936400117427,0.03737013663600491,0.06336773537364489
C8G,-0.04410640425238654,-0.06798729104321764,0.24718998733665154,0.0784544718842509,0.04775639693476169,-0.0685474464710527,0.33655845638023457,-0.025465938919344358,-0.08292464996073556,-0.08977673356771497,0.04562644553613615,0.1543461519230889,0.06504139577776646,-0.11657313180522999,-0.08502469342546977,0.1332518297846846,0.15050457975998216,-0.084840024004396,0.03535755111883126
PGM3,-0.06113965678833381,0.015289731109509461,-0.006109351659302602,-0.012246830467436234,0.033614238595401774,0.05032315037483656,-0.010605202688037052,-0.03888093907641141,0.10205134153020876,-0.04384026500829499,0.004775998274940748,0.02419883709766011,-0.1166550786897945,0.03389776678581954,0.003050876628918084,0.04892211837890137,0.03122477018066793,0.032589947615836515,-0.024620769467134856
PIK3R1,0.050874930583995705,0.010903065326489611,-0.005139266906878331,0.02554081992971127,0.10404494059581873,-0.021358762412592887,-0.09425261190296742,-0.013024251922953558,0.013557261627958115,-0.035800554544211535,0.020021882820503056,0.048196317085742166,0.008098422633818221,-0.04848916195547229,0.06374247822913218,0.021251148851456753,0.018065685890602704,-0.027585945932401417,0.010976756573628295
PIK3CD,0.06490986834304105,0.011172229429269523,0.008414492626590386,0.061736573982352765,0.09013819498096891,-0.029648234926411398,-0.1000804077171589,0.01144394134457517,-0.04139045032774131,-0.03480872440226097,-0.007084877092726053,0.046439241264942296,0.04229502621174475,-0.010639615977910334,0.05572152093970594,0.059502220918625566,0.01937275649065939,-0.0024650331064794686,0.015741272427659825
RAB27A,-0.07158658134494857,0.10826830074418334,-0.06659994066849839,0.07877534626155751,0.10775674330827818,-0.042089319210266096,0.014976072198030186,0.054588833771760034,-0.0008790718153697184,0.02563174839990641,0.008370260994615924,-0.0721589032450237,0.004400078365048795,0.03684049002688064,0.003191990357766166,0.11148207429045613,-0.006949446131778896,0.06167121854762589,0.08527983274566486
CD27,-0.04611585275460701,0.03835570780076611,0.0054124746501256794,0.030670981155340928,0.027527160082918653,0.10694492909839798,-0.021762004887705085,0.0316671976013787,-0.07402360225906532,-0.04368426688376855,-0.003184861694246309,-0.0014723014981089912,0.043023892952974804,0.08661154721403094,0.004936755505534554,0.013255183392550877,-0.00790774809215378,0.012018742834911845,0.03131623377366439
WDR1,0.06704725765659782,-0.0018619168290736692,0.11241086942271966,-0.05007560770324075,-0.12046393567886497,-0.033291812094557345,0.04597272485913359,-0.034711866462612165,-0.019705687765250217,0.07640160643034707,-0.07210044857056565,0.016487519489181552,-0.006148665549566534,0.04315132584431249,0.05706530077267811,-0.08613660884286514,-0.07144055453267459,-0.1354045643167296,0.08164810698086564
HPS1,0.03810458362780294,0.16617700542911124,0.1283866846058692,0.33043434694150275,-0.1866288079473882,-0.0356995384624586,-0.09793139014792833,-0.0224073011852261,0.07620673252004016,-0.056653597070367503,-0.22948741810323744,-0.03865330137510477,-0.12905678309460536,0.0031311870292625352,-0.15346972340108442,-0.11197811209340656,0.03321839794870664,0.13300738197973863,0.11791575771776683
CD3G,-0.13067755280285132,0.10177743567116268,0.007788364386812925,-0.07897448742609053,-0.09924489757160698,0.026494419559747424,0.19031697541034026,0.005195015416283918,0.0018809905759826458,-0.07838673608779885,-0.02197981804143518,-0.134684827092895,-0.007043763402466111,0.04934153037892035,-0.03514147885152865,-0.006623242516454059,-0.10877501524884041,0.0744038501501376,-0.11056130366544524
PRKDC,-0.07209244832695101,-0.04563747020010826,-0.04711329501288473,-0.02054395056767801,0.038999368564922504,-0.022835382813030398,0.04235435557917327,0.030237085535124157,0.09958920478100737,-0.07827555203845413,-0.04263872713030421,0.042221977948353306,0.0052409430517048015,0.019400186699508375,-0.006373065685054332,-0.06037358737856081,-0.04008728144990422,-0.08628845143483509,0.021324240448559188
C1QC,-0.015643788130319396,-0.14975161520424604,0.011350469876141316,-0.008473095298075725,-0.09701600809430341,-0.1515679387746532,0.09261644958815689,-0.014293507793142002,-0.04983228938394475,-0.054627927633258765,-0.02091282702420198,0.023405537255416355,0.06560690600916927,0.043387453907210737,0.06233143597099783,0.05699786541214787,-0.16043686488368927,0.023404326946843818,-0.06319472842931048
TRIM22,0.0133574277376689,-0.07822319166512749,0.006912711446122255,-0.0684969927547821,0.18883464820344298,0.14826965185294688,0.04928438551225913,0.044238977843636694,-0.02585832329361741,0.07721079068970012,0.020816942634498237,-0.014818593991049697,-0.11709801656920804,0.0060703661960981635,-0.0328551170513088,-0.07311423585062807,0.032715301986041265,0.09340421139297084,-0.017908416939260135
CD70,-0.07651537313414156,-0.04691085026865888,-0.07913608881187871,-0.012942746299284436,-0.015297957815042593,0.13522849057305977,-0.0010301284433035349,-0.13966367006735197,-0.02365688483539102,-0.07645775048699101,0.008149034865309025,-0.05197849446854896,-0.06637875372856257,-0.05145472030822405,0.10973315978746119,-0.009415987863109215,0.010163036423404478,-0.029421725167317427,-0.06933404818706215
IFIH1,0.09111398638708532,-0.05132910443936229,0.13447543160309453,-0.07167898797596742,0.1056355482932669,0.034768952543422056,0.027046015072176282,-0.05592291141150169,0.0806436044178057,0.01235469322453089,0.05649306760728653,0.0122297850713861,0.06638967103163573,-0.0009463312683600493,0.009879822331028779,-0.055979232543332876,0.07467394111192474,0.07423266509137254,0.06527931180493185
DOCK8,0.11259807634188675,0.08760426751161751,0.14577493417230974,-0.037825915496707385,0.15484266142049719,-0.04019574422841747,-0.1517612669496847,-0.03920148829340482,-0.08031993948827358,0.03310087896248271,0.08817505504368524,-0.1634332572923458,0.11900201793984143,-0.029283359741207448,-0.12830723592558585,0.0026798412241736402,-0.31669917311371226,-0.021055479014236333,-0.003577640445371521
ADA,0.05696137656207751,0.06153591283209206,0.10188113970009119,-0.01917507334839958,-0.0770456630564775,-0.03917518921834971,0.06504743743028263,-0.04643268546482313,-0.0604920636964091,0.04413494182025083,-0.04883588365946284,-0.009293899414169745,0.016682170483767453,-0.047223561287500014,-0.008410623806054632,-0.10927874725343921,-0.001217224511793159,-0.07337858473162005,0.05612809332635099
DNASE1L3,0.10175638346711666,0.03336873186341597,-0.052917122038440706,-0.06125918352483908,-0.044798063026202636,0.012222557188907591,-0.023464588473528683,0.026245069017497274,-0.06520911534051893,-0.010141560158080995,0.07138355308077875,0.02133875570674663,-0.04688230613836009,-0.15072006672772448,0.08316348800334472,0.043712830329995504,-0.01981346750721236,0.10560310519209276,0.051473476432037625
IL2RG,0.04350228752601412,0.009560479742862536,-0.035071245942274086,-0.008202024499874679,-0.15239916491394986,0.06841231993258226,0.12830761307511243,0.020548817028275754,0.051034285451813675,0.08062737474188801,0.07439009559228342,0.014320617250899816,-0.09493516269074469,0.07026233167912611,-0.07660946982136996,0.0180426907838239,-0.011856244194802749,0.009983693826088784,0.040347889614724027
HPS4,0.016636452570444174,0.18047940848429578,0.13008965561141053,0.315571247169866,-0.15760934983562494,-0.03903520905979537,-0.09935981299240419,-0.020630871316713578,0.09247150815917361,-0.050066656663875865,-0.21448773796601706,-0.04515483285284303,-0.13467548108639224,0.010992923320065667,-0.15183327367755725,-0.10561415218764021,0.04027510238100217,0.13382854154225576,0.12246808011209402
AICDA,-0.06190717928878601,-0.031086531020570674,-0.08228388139676085,0.024439784140826138,0.043053410348964816,0.113421807647186,0.01383347437247365,-0.07647241740126857,0.020783996737975485,-0.0035063697813742193,0.05523511466628292,-0.016951765085234764,0.02892203318541186,-0.05940871622560189,-0.009823956213799208,-0.013974352821823287,-0.09987414261570667,0.015027892826778393,0.07143084157562267
LPIN2,0.05585332053147605,-0.13632728642582326,-0.03104334934142814,-0.035127361856014484,-0.030563415727029548,0.0019854773777513127,0.05101736890142156,0.000721765360424175,0.01298182113281957,0.06707446866783674,-0.0050003065580735894,0.020792764590007583,-0.08333371715063013,-0.029524269953000625,-0.00044081990418119417,0.012490767631882348,0.03198893233547631,-0.03184586712792419,0.043996932899393534
RFX5,0.03761285976083115,0.012756555787775799,0.06360821834062429,-0.08095798384809595,-0.02897178003052371,-0.009908397155562418,-0.005194994830820855,-0.010062961386368877,-0.07081620696168547,0.0646582005848381,-0.014064359189818023,0.06490947928619384,-0.14966153732514262,0.003240834999586256,0.03695618613977734,0.008937616160559403,-0.0013595387044373934,-0.10150747987115043,-0.013289755211139098
CDC42,0.025019826920128708,-0.07786325315067451,-0.0037909154233359147,-0.024569336740359972,-0.002119545729177369,0.03644734804341604,-0.06474380603278489,0.04512618869516983,0.04841777115992076,-0.02624691220662453,0.10459610187935345,0.0133478088929835,-0.005140444166234669,-0.028248179196652005,-0.07783125448032716,0.0292206616973255,-0.006398516787600894,0.006732341507079009,-0.007701607028298908
IL10RB,0.061195538468609104,-0.08298445381437211,0.037228346295554895,-0.17339777791644143,-0.06841192374892426,0.13779114964273578,0.016667352458551075,0.10439044966749499,0.046654613328256406,0.0064010549447420535,-0.134505270460807,-0.1258399965577504,-0.03805151166518529,-0.06946816319598238,-0.12318142731223886,-0.19634421868527424,-0.0484938159839941,0.04554766867029001,-0.11531151375228035
OTULIN,0.042651297321357196,-0.013814018259839246,-0.026753153362171152,-0.09227966030354062,-0.03492193559429204,-0.020831559939913067,0.037411690445359885,0.0023406332239877823,-0.04347676177027356,-0.03734769605541389,-0.11588882866009384,-0.051449751368330854,-0.05728031021031512,0.09191126336630998,0.14814714533959625,-0.044476224678382845,0.11252016042127884,0.0399406507555427,-0.10028740432426349
RIGI,0.1450546308034321,-0.07427385994755963,0.0894520260488233,-0.10451544922943437,0.13436470492468022,-0.047496203601624216,0.05209201999767763,-0.07238775654683564,0.08505051875530442,-0.014800704710759368,-0.012420682818860499,0.008981045085122333,0.03503332003825017,0.07260407412407802,0.019007666287258747,-0.019100734586730082,0.10209001594972772,0.11360992982802831,0.05277748199038503
SERPING1,-0.12746925347438098,-0.1286583457934179,0.0520893436265841,0.00018835610833299653,-0.04267168233766719,0.0035974361159243893,-0.09979545250070594,-0.026862549403875315,0.005612280571526736,0.02878329857890754,0.014329473417617821,0.006194783948412602,0.02723777446171736,-0.025994699075920214,0.027704054062289984,-0.023544152659839276,0.056118763641933654,0.025669926790819846,0.021247153393341607
AIRE,0.029083645009772528,0.05772325938525539,0.005202638682882609,-0.07220898086559166,-0.006223130900535834,-0.0058282805161704344,0.013442225738818118,-0.028294878243454735,-0.03917525031768122,0.024628438488914054,0.09834602682937046,0.08157569635816153,-0.05449958655172552,-0.015545403317234086,0.02973242919494111,0.00611271292290116,-0.028593217947299285,0.11329953559945366,0.058915623386523765
SLC37A4,0.08445908282839418,-0.00785799559407476,-0.0266178640858113,0.006978657423212047,-0.027924219401009052,-0.019508914692693082,0.03312832363022359,-0.005885009918060051,0.03700124279870115,-0.1013668219975033,0.08133985057958572,-0.039937157099043157,-0.09113827101291684,0.005686438761753416,-0.009438347051431891,-0.03390368004756906,-0.07117036422555385,0.07708706610820053,0.09929163546816293
XIAP,-0.02697848373817101,-0.011422738130616979,-0.034790864415782684,0.02781982404341106,-0.072077450424188,0.02187687098081498,0.03375470318244186,0.06407584928719352,-0.002547981516791054,0.0007090996150348708,0.05898215903826798,-0.0006320567883657976,0.04604353219924716,0.007247123950360911,0.03886787252981922,0.06269062001027212,0.027700259171477525,-0.00730850854074261,0.028520109673516023
KRAS,0.06720659140318197,0.004006189351508292,-0.08551601101774829,0.05838864983558061,0.07491814195763788,-0.01072843144035119,-0.012149691429062588,0.09253236981959177,-0.0022499306986099813,-0.05044908176339219,0.01924432326909849,-0.010932932892493207,0.044393959776885275,0.008559257480173239,0.03438324874072739,0.04407416582717529,0.03215508649781088,0.04290418693078541,-0.02867809916910326
BACH2,-0.05953618500561508,0.0061340960855336985,0.00548180059422588,-0.004069303344745026,0.021436614533772446,-0.015408011667227686,-0.006204983398619401,-0.04410953009418595,-0.016330575430484853,0.029998550446695818,0.036556998022048794,0.03315422034554156,-0.0035677412037264846,-0.0005769980781425337,-0.042397514223513955,-0.004546511874907545,-0.06071391510259955,0.10850431299438823,0.028375161023467523
AP3B1,-0.06049871200988158,0.19695692665776265,-0.026090171720406598,0.19362059451802477,-0.07740503342625275,-0.0685706569181433,0.037234885002562515,0.02281691730889129,0.10698523543012056,0.0004794053926641611,-0.015493226877709423,-0.028234472610873026,-0.000634082985239341,-0.062177560557751484,0.024429498170768196,0.045127528618598714,0.062230789773036754,-0.003549194798783595,-0.013658749932031899
ADAR,-0.0139184284144463,0.016556659461114644,0.026033025710372727,-0.10657723681765702,0.002354285416154667,0.016385058369956833,-0.0008390543620812466,0.048292016075849875,0.024995453359117313,-0.06014103124850403,-0.006110222914580032,0.08393783671096706,-0.05898528864199866,-0.018578860666277897,-0.028199753125681307,0.019834025806569056,-0.08490002207067023,0.10418006053264761,0.014189319672111098
C1QA,-0.1097682775707194,-0.1308493943089895,0.03311623501821799,0.01641741008807797,-0.08097314725596652,-0.15713036688117116,0.09370115647005527,-0.017101896310529233,-0.0916368005066178,-0.0848270659264278,0.020683055883283927,-0.003958959400289421,0.06829792538487198,0.0193698388451344,-0.0327796027715621,-0.00035178681798329284,-0.13491536824604464,0.09712998969396898,-0.149560530674959
C6,-0.004620775569184996,-0.08300993037347586,0.20588410175755198,0.11143541102974837,0.03402877486319901,-0.14248862117149386,0.30266751790657054,-0.00711052759389717,-0.07764220982472639,-0.08915809714942681,0.036093779424313896,0.0792762388610944,0.07841575660599963,-0.07607877928614401,-0.07071164001829763,0.18228886857432036,0.06866825533670019,-0.08849731847717723,0.05687607412360466
MVK,0.1491865498606408,-0.04253430293433242,0.10818077652468358,-0.07298327379841052,-0.07073269419018685,-0.09093968725284925,-0.1204812550414323,-0.00603055274277005,0.134120532554892,-0.04062054347406053,0.04152616882632511,-0.25596356750432164,-0.10923468883797999,-0.024514792332598435,0.10442723321597447,-0.08329363122990051,-0.022342333365001757,0.004640209920235856,0.11304318231779781
NLRC4,0.018557498651939907,-0.038238488640703484,-0.007692815805844941,0.06880346090951564,0.028984617196230144,0.031084242296312462,0.0074478340709096934,-0.03306524003631561,-0.07822619599551378,-0.0046298873823293245,-0.01318483658112077,-0.04531019615755372,-0.005719016917021482,0.005422338241240304,0.01323227848650905,-0.013847880662659197,0.05370633100847065,0.016995851148707938,-0.002011601458852104
NCF1,-0.00470418214330649,-0.05053221026220726,-0.07522651476049326,0.09211826694331603,0.043730060157413424,0.05582260419584006,-0.07547081013933962,0.05055775467064052,0.009346687507219786,0.15371438014521438,-0.12859730664807317,0.12982552295705385,-0.13391312018398993,-0.05843778645331591,0.06511275825124108,-0.05779169574844142,-0.103273094251732,0.0031509369131985997,-0.06821123277436972
AP1S3,-0.17417959660515117,0.15714799323136713,-0.03616408650425152,0.08454109274868686,-0.01960167606071368,-0.017180871552567808,0.0535809138344691,0.055783377988140294,0.09605713931333984,-0.018799801727212264,0.014028781105980395,-0.07516552756160759,0.03155469152159034,0.01164429648971925,-0.09883421709178633,0.06378188735779727,-0.006318305481754803,-0.00015058366605725842,0.023524892902880328
ZBTB24,-0.026912456285354713,-0.07698063515376631,-0.09212340242107239,0.06729745351889635,0.08545606518491589,0.05276464334677095,-0.056176913953642535,-0.08596659971558693,0.028518667401648733,-0.0038194593346275187,-0.14393686178423173,-0.2007690431341306,0.11120213418949461,-0.03549468520035646,-0.044441482966561134,0.042440895870852154,0.16255860000393077,-0.10342029915023233,-0.05560469614971436
STAT5B,0.08333775702948076,-0.010464654675590379,-0.01875678021694016,0.028947958267222063,-0.043818314257013644,0.08014903052638293,0.052017685238967416,0.08125665153709422,0.005361277708374902,0.021424124228989892,0.006612357822812758,0.03374364913595025,0.008440148242753416,0.05634104398437286,0.024966733139267314,-0.020967969942073523,-0.00683580556402341,-0.06471244624080566,-0.012156585308843917
STX11,-0.11513119095556115,0.09141814597951213,-0.13067738368988358,-0.014167622007794053,0.03125560561571792,-0.039217345978916913,0.10713328825306094,0.1298199053379756,-0.0498915730712552,0.19952875181831084,-0.039788931951065455,-0.03669362770476753,0.03833161933413351,-0.014362545302529424,0.05209521241865822,0.05273623177910104,-0.048779874471458165,-0.04262676194360757,0.04167643972399869
CFI,0.050289018958880764,0.16962397596600232,0.09871151330385393,0.07294990975522636,0.09132733896527574,0.11283589451073997,0.1876027041699887,-0.005988993834923131,-0.09109474962070477,-0.06134694512475142,0.01695761174957503,-0.01848663274655536,0.014850884059898522,0.048807796255451466,0.02115167034826326,0.03430561254907772,0.03502012465283553,0.018987389753615573,-0.03198613572136337
ATM,-0.07779062253544158,-0.004689874550675116,-0.0428537352399639,0.027262620178828405,-0.034149904284971506,-0.02269329245103807,0.05753095634358553,0.009014834379183682,0.05618734687443685,-0.020383046494315667,-0.10435992402690987,0.04776123108019873,-0.0008247301357567629,0.08274842308702339,-0.083507795197715,-0.04355354282578874,-0.06805647723765418,0.011862892733372305,0.0656912027990522
CASP8,0.011279903351003375,-0.040796706118163925,-0.010722351730640439,0.12219111340889123,0.0016939568334966171,0.012844870230884724,0.0005453733838233416,-0.013023736737865462,-0.08926505309446121,-0.007564709028511357,-0.00911104978932884,-0.03047473095039557,-0.014724235026242836,-0.02458320248093245,-0.012532519660063057,0.020048927681600753,0.053554206801535935,-0.016642726762148393,-0.037636782190065485
THBD,-0.015586040442589934,-0.10998691066576412,-0.05329225277968534,0.005566940597216029,-0.09927876847510418,-0.0699746160274279,-0.08153120375498048,-0.003297384459070543,0.06119212466576216,0.06197948981977776,-0.012522733612152472,0.052932603933580284,0.028528894658007422,-0.06494471306695311,0.017173884425413833,0.00935780976837123,0.017062669635383183,0.02071459596853296,0.006334144641859087
TAP2,0.04903929580265002,-0.052787453764094217,0.11210892511752336,-0.0649907284398765,-0.032683269006447205,-0.09423696335817047,-0.07474907067910883,-0.06023075229590042,0.005370488585073059,0.016893491770079608,-0.007417085236065025,-0.0792187698720912,-0.10471264399929921,0.01346240401355526,0.06141652048048092,-0.027877308170231554,-0.06805349785285389,-0.07410011247647112,0.0895860074047105
C5,-0.13961535415150508,-0.13170996639027913,0.13302311011819834,0.024608266208949015,-0.040303279675846314,0.011825636939789018,-0.02080762450692638,-0.0255940468645039,0.011410814093869506,0.04268844375263815,0.04891243943239188,-0.11482402473539008,-0.012774327195063042,-0.012988595310064693,0.05821375029337647,0.03288816913276721,0.04162310664771973,-0.010289758350196708,-0.00740622862913137
TGFBR2,0.11831552186044914,-0.022414405047819372,-0.1021494878213055,-0.014376033218284234,-0.12380134416811045,0.06272895656535288,0.015275342211265813,0.15491134585316238,0.02643314364192878,0.013916505189324226,0.09760991631219096,-0.05577439748158279,0.04399860805752573,0.059250655438117264,0.011243003011259894,0.053232501045410496,0.0915528627182731,-0.022291264011832727,0.035979058368174645
CFP,0.0019640750236981684,-0.00847418143784052,0.2932571897197259,0.14570387641196508,0.07723549426328967,-0.00657353652229866,0.3806333222192754,-0.02103113538074263,-0.142818154215862,-0.11587277023303276,0.02188878812461637,0.03553524347713586,0.08717365463930114,-0.013599688058844555,-0.05525134867873376,0.16817287428226502,0.06968360245302126,-0.09175305128046189,0.015361301569216987
RFXANK,0.08256521334482088,0.037523984414741585,0.05795392142317964,-0.046308377911162255,-0.10021260105270434,0.033639694810612936,-0.034582071372786856,-0.15805308423094644,-0.14481500765519312,0.09373850466627182,0.018623176314826108,0.0523643794246788,-0.18723259137200698,-0.002752908968803821,0.008398742585503317,0.06665670233036455,-0.011295916570235954,0.021803334640945096,-0.002765306745376136
C4B,0.02030637405859293,0.05866559585482082,0.06477004339212378,0.08548776259649644,0.04340103252327237,0.09949345559565625,0.03308349977148866,-0.01088935189281197,-0.18475047639019745,-0.2672554079487461,0.015103441066117478,-0.18282559612408156,-0.109314678837655,0.16852225266683102,0.05420742153998281,0.028442244107250235,-0.04904256176002987,0.024957877213124962,0.13678844567062357
MEFV,0.07162463196830246,-0.11804382276446211,0.02015556569341427,-0.0420785399911282,0.19849593158148868,0.15056740198354746,0.06139627474984908,0.021961025977797945,-0.04777434712036932,-0.007465668439625672,0.07300259744942118,-0.02010534636057314,-0.026915263008835687,0.04644691430092048,0.01792844514320378,-0.16047247252476005,0.07633038575003262,0.06523237643877933,0.03409521463503212
PNP,0.07907117830469541,0.06437391662060263,0.2002001074226329,0.08472033357929781,-0.02199298643012874,-0.02169153625246226,0.04503772495906597,0.04139520399445778,0.11090715944309723,0.020099083316092416,0.03219047774384292,-0.13188925875268673,0.03295618555907847,-0.1107454160345771,-0.037869748356201646,-0.24118902257529512,-0.004490026432075454,0.18773020758704118,0.027973845901916056
FOXP3,0.0732146683754532,0.06834737949916989,0.12065581059078026,-0.006152949003737155,-0.013812298854699217,-0.09649610928484507,-0.006960836375377614,-0.006274843303364085,-0.04025080228127296,0.02425136526302909,0.02814009078280155,-0.012939749136659953,-0.005308975536334787,0.022253054693012402,0.03215434751701925,-0.0291278253204271,0.10881666870429428,0.05238145732701277,-0.018168964156413968
STAT3,0.039704381709655144,0.07005999600633528,0.024150183105652735,0.0067825422893829776,0.011032449614017665,0.00583023119921613,0.01281209820397077,-0.01740980663363531,0.05832889173360201,-0.030826885942760132,-0.04549660797023375,0.037249720938269816,-0.040159772510708305,-0.06710699001934527,0.030672525072702916,0.025969007176766985,-0.03711650306498664,-0.06076067524158053,-0.0022290619891146245
IL2RA,-0.07428252365036458,0.02482341120947488,-0.03957599510064678,-0.06311746387042212,0.036594347634311256,0.006995403218109071,0.06091287544168809,-0.03153643563512473,-0.052021314432707695,0.04379744222413771,-0.020556541444991226,0.0506740680582125,0.0777333772077433,-0.009680898111046917,0.017788792276299308,0.008499656586230092,0.0015046254803610035,-0.019859709960899374,0.11992385616169643
ALPI,0.05466188559770286,-0.0131747885900493,0.01497051283985086,-0.029249912571325105,-0.03706519292096622,-0.04177573242054182,-0.0800389674388186,0.016441861626806945,0.1322557247927467,0.07553754832888528,-0.018225478246712355,-0.04368489670155211,0.09162369177695963,-0.08215107366837297,0.23066867366001062,0.055523673304124,-0.03483523205837857,0.005996685264831595,0.14090546558595557
NFKBIA,0.0036935671060630607,0.039752330487830265,-0.016336778822632174,-0.01688982865070043,-0.05138483177594415,0.009105762795147224,-0.019438538324897555,-0.06563386660823879,-0.017785328464797932,0.015403146656822509,0.005992279887355319,0.03231451052546368,-0.06835808907644575,0.018466619629224395,0.024639965815056755,-0.03926088143577273,-0.07557297222930584,-0.03361893785023021,-0.030841587869979255
C9,-0.17567538165081537,-0.15000045673760348,0.06308379028695325,0.03332947068489018,-0.027709338563079524,-0.04673182856217989,-0.052741750537494955,-0.03797929852994807,-0.04512313491810877,0.022807251342040025,-0.02221575757885309,0.004835476370099613,0.01339181488741069,-0.042626065057767906,0.02945956702659935,-0.013705193083678692,0.049534525317801024,0.05428874532928137,0.007178689168522866
POLE,-0.014338137401103885,-0.027046840078086973,0.0018230282697059065,-0.08242857213927916,0.011413311628625722,-0.04436436498885393,-0.07041922001566935,0.13841822065411516,-0.17020533698632517,-0.006632714064354081,-0.017450596940408142,-0.0035760581719586912,-0.02114632912439872,-0.08341476545965612,-0.05808377517672461,0.07115615569088045,0.06743187780857476,0.03682807669458928,-0.016266068118210335
RAG1,0.03540839967642038,0.07750115757459536,0.07752357383707847,-0.01577584500079223,-0.053150061962187876,0.040735136352103435,-0.04768882124610725,0.06550180937169324,0.04385044223050352,0.018826250133189896,-0.021222739713755077,0.032365609230746384,0.030999641791095055,-0.057719524075453756,-0.0042256548482516,0.032213999628882946,0.046179368692622326,0.1036635877721281,0.0689262834749623
SAMHD1,0.12676191958573532,0.009721501370544287,0.07239736049471675,0.014501436512950267,0.009115590593698495,-0.03858985869188679,-0.03274979363418354,0.02635594077095419,-0.03713237312423964,0.052927855125114394,0.12277283678783782,0.027819517796322697,0.10334369392848876,-0.08019805072422384,-0.11868749988041825,0.024219855093784156,-0.07685045907801231,-0.11465028962167825,0.028180397404878713
TNFAIP3,0.02616200417080967,0.013733069419009933,0.05678409207561105,-0.036437352374242366,-0.04004371768133894,-0.026169360057311776,0.02923968857821874,-0.06962486618960154,0.010143229789580386,-0.024717249941198147,-0.017442365998473267,0.022055308845468254,-0.0019181033073572898,-0.04685465403255134,-0.022513118558829648,0.02322700184445779,0.05848502867963972,0.028754722395168932,-0.04047385302184343
TNFRSF13B,0.05216944859430016,0.06379517935713298,0.03134232359209407,0.09594482869482039,-0.0029852915281836532,0.00826967408347151,-0.0933569327018877,-0.06291618285824806,-0.05827793920583481,0.09065842662485991,0.030086418678435166,0.01999514979318774,0.02988014574493941,-0.01842672901925332,-0.10029323381793952,0.009347871405972093,-0.06746029792927628,-0.04473345201107266,0.013082526581585926
CFD,0.09709964465390716,0.23890057622512514,0.09150126631920157,0.002778232939648893,0.05282636659395808,0.22057209363019117,0.08058262238432526,0.05379204202594885,0.12151153307016299,0.14368736797376983,-0.06091346828537017,-0.07438571295899228,0.09184627141363658,-0.07827287800644998,0.18424202256321304,0.12797329788936268,-0.03686693000110222,-0.02852340076449753,-0.1369769127971023
PRKCD,0.06781455014268199,0.04843168134313735,0.015153948186514707,0.054747327262667705,0.023473523231479936,0.011885212800519478,0.008423577521653588,-0.017411255813136413,0.024221014813047458,0.08400210876941584,-0.06046437812986317,0.04649123053203761,-0.10212904105104877,-0.038351407937372295,0.020360070954329935,0.01707562421762764,-0.09332173409878032,-0.05159507653671365,-0.02201712208937993
TRAC,-0.001357254381160621,-0.08448996324213051,-0.011192832677963133,-0.04690548344332313,-0.032182064638297474,0.019743382680989234,0.027992485389787047,0.07053654578615798,0.10491150664877681,0.003598252211956391,-0.08514429096908613,-0.005106675423549799,0.04611106095569235,-0.0511766295208547,0.061773527528258626,-0.019339018012558235,0.0017172799031130296,-0.03783340401631946,0.01730198421321337
CYBA,-0.13673456787528818,0.049919040923587524,0.06601727660396374,0.11274911352562601,0.1320336493229215,0.14480761777601797,-0.03695084254823413,-0.008123755442021988,-0.08156034256026984,0.08122769348962015,-0.05433491500109132,0.10298376930403463,-0.10346394153813433,0.030694896194543166,0.013923956816571253,-0.03029862259147305,-0.012647645412872945,0.047153281303041535,0.0451104037014732
DEF6,0.006123858595525522,-0.014504953902052888,0.025330099560673565,-0.01435592005950496,-0.008030948197441806,-0.0281838898635369,0.05353732339115581,0.03336207081266679,0.06434524010773705,-0.03334953677446722,-0.06858615648182238,0.029779013983839173,0.026318446890066443,0.03465613681428149,0.00041928582412226347,-0.011421095976552841,-0.07207447812439395,0.10467944034709553,0.022129820156252745
PSTPIP1,-0.08668883029168249,0.03772825241305248,0.05456609043819483,-0.12068234896638222,-0.10101993365886869,0.011794110164390076,0.08406109920288264,0.06549755176912625,-0.0010982429823577463,0.03222749255254813,0.03519586459836318,-0.002843486323061771,-0.07854850509061573,0.006925817880969775,-0.026672063920745774,-0.10023206306351864,-0.07617016334917015,-0.09614886788473366,0.0031402444314832067
STXBP2,-0.05334391540487337,0.11950961875225999,-0.10518822369636655,0.06988079030370921,0.031620866900841045,-0.0017583626931750326,0.12238052129349043,0.039806563619308816,-0.07629419785830774,0.19576756892758115,0.00035388499550914577,-0.028196159636966416,0.02344952941228911,0.016978262419180448,0.04022143324226931,0.06052232674740052,-0.005696382267212753,0.006691309651959796,0.06946668068739992
LIG4,-0.08377461612006415,0.06346188326741664,0.017169909195585215,0.11053057178068638,-0.026194129092720557,-0.07567216473105641,0.025143534033096795,0.02254252625826978,0.13823626431131406,-0.0636237872708465,0.006226430587552565,0.0194229140815052,0.019226286707506965,-0.03562118895391289,-0.004694066746911128,-0.06985773942212146,0.01903839967977757,0.06245451180321565,0.03938301980787068
CD40LG,0.07743915372725695,0.03318476562497148,0.07904784360882539,0.023170880037992166,0.1284499868513536,0.10747776348010656,-0.1782928202403434,0.15939492304029043,0.18559390070436765,0.021289016244439206,0.18195427862319544,0.14602241783135125,0.04910818889833834,-0.02981463289920332,0.0037881784278398474,-0.004242949318368253,-0.1161470145223779,-0.01914834455413703,-0.012632942534460683
CYBB,-0.1487099246851841,0.08761263782724998,0.22638981431099311,0.1693095847126608,0.19875607181687668,0.28973166583946763,0.00809723312123689,0.036068267700375925,-0.08611921908256354,0.0900823783713768,-0.06916110362114229,0.02454190986586718,-0.15491215950997866,0.11902537701857656,0.0754608235536487,0.03398749560470093,-0.0044150918394603,-0.02815464157504528,-0.07368489189044718
IL36RN,0.010870250167831065,0.09278873493329556,0.014654022796304159,0.07151235759807849,-0.03323863333880246,-0.08556654703547667,-0.02891766514769961,0.006885109207770283,0.03784067989857255,-0.04185778421502968,0.00974768366097549,0.0474172827988138,0.005132068961104565,-0.0671021483737865,-0.03724806866931623,-0.003983287294265233,-0.017475881087594472,-0.10171052008212174,-0.00846718528086981
LRBA,-0.04729673241564175,-0.016878146495702417,0.024624683485882565,-0.06784655796200399,-0.058563486348318615,0.16262846930210306,0.014814146330408945,-0.12634804537317376,-0.00907712777034945,-0.0923306010639741,-0.047577353654499346,0.03532328849166798,-0.1366340790517281,-0.004655195979942447,0.0385818424887475,0.028382917792521084,0.02255372163136656,-0.05516813410863083,-0.08410779909504207
NFKB2,-0.09312635180277083,0.04582183129221301,-0.050343875835705126,-0.05791337893666512,-0.03709905594133355,-0.03774775617382207,0.020428029545883873,-0.03248200906115788,0.08081132191307444,0.014276452138449715,-0.036709721314980875,-0.014904680072498037,-0.03836578109965019,-0.016095018385389518,-0.03871538157080802,-0.04466720503019796,-0.09744922120970036,-0.02855012923764434,0.014232944902781701
SKIC2,-0.015881832033193537,-0.01418376366298818,-0.04634267341247841,0.012597885459249357,0.020290865731480975,0.0387424647035429,0.11614682026367122,-0.1653592880934934,-0.0029663281965904365,0.08968674515401265,0.266503849062261,0.09511045528402044,-0.04364211369413392,0.10637715677428354,0.12841263799234928,-0.11246251998031045,-0.01581628700560535,0.0769201986518614,-0.01166585389822837
C1R,-0.029691178351938033,-0.045247132859772915,-0.15582761372646908,0.04336454083805926,-0.14983624820302696,0.06049458329700496,0.03960119160654949,0.13486958435892143,0.05713886204331036,0.03946616516895193,-0.03987604055094849,-0.03524825400017978,0.05281965587547907,0.004412908749448103,0.1919936798658144,0.0697667343051781,-0.006845324311452277,0.05243134606753458,0.165459512640343
RIPK1,-0.028080262448352086,0.07539325209540218,0.0056767011159141135,-0.011410050226631384,-0.04229756661222183,-0.0830701948707778,0.016170779882127197,-0.010492915380015825,-0.03893342545570627,-0.006591864239448741,0.026016438507111512,-0.04761804313804929,-0.004965243815676222,-0.015852089413321717,-0.017370388751653566,0.020914422477476092,0.042359011797764565,0.017894625422654634,-0.012771953259025115
CFHR1,0.041323300146677455,-0.006960194968390303,-0.06647186205971624,-0.028540457580371763,-0.021058256224988765,-0.01197483059507058,-0.03288581844938763,-0.045612521558041234,0.0005364420082461447,-0.043012448181231525,0.01735343805851814,0.10953626558708414,0.024886238579275542,-0.017026649326968728,-0.08188333612168852,-0.04286122005381414,0.04279705672446656,-0.007857797380215147,0.05989766408336417
C4A,-0.02698701071544753,-0.02155516448743441,-0.03599879002883479,-0.038540236669116004,-0.013302895521882427,-0.01958186615698607,-0.0032470140525950463,0.020719632195704232,0.04462233083253903,-0.011097473953183373,0.03234483373655385,-0.03111960003906301,0.01944844208219157,0.012994990360482689,0.002313739917675787,0.006755840373732243,0.014636110413222407,-0.01843687690670128,-0.012017382379295352
USP18,0.06109454364256579,-0.01359601595010868,0.005349756012720321,-0.06671410794366295,0.12179527191739088,0.13370682558838512,0.023634143218254057,0.013899353900906757,0.0472577393447677,-0.03528011909896474,0.028333410450323764,0.03693390549020351,-0.002937596093575325,-0.028146564524203065,-0.05061542187651021,0.021577355634605097,-0.007734229418044465,0.0643698264134009,0.00966803398992601
RNF31,-0.021876889394409675,0.0338465242615699,0.010462054801233904,-0.031889204456656044,-0.05408735973868505,-0.08984111462084339,-0.03445814010263229,-0.01733598158824629,0.005010082263863025,-0.007910993236643541,-0.04937578848021066,-0.07118345242146833,-0.0387091251500278,0.030190620500478365,0.02872869821039587,-0.017107123706677486,0.036508930347401984,-0.0172917295087724,-0.018128632345776257
SH3BP2,-0.03927523234253495,0.0004120638150661955,0.04276135359144088,-0.029363799577070915,-0.009780727322173348,0.046644769981006085,0.04233419826775363,0.033346430329877524,0.05265638251023694,-0.023651666809537522,0.012127692434306088,-0.02136130633719067,0.01155778700876703,0.017883688918571262,-0.04960503585954608,0.0640243916295059,-0.041948068213721657,0.02217635058068891,-0.0069314817284823384
AGPAT1,0.05747425497221761,-0.01733131153156859,-0.05556189126578508,-0.024626055892128913,-0.027388502029515375,-0.01816482203971641,-0.04132468505626659,-0.04027111216991482,-0.003866333242452912,-0.04559142789462063,0.022730015118114028,0.09296985110052022,0.01013256914295947,-0.023641879156805157,-0.07310333656535277,-0.037608603934617554,0.0520673946330307,0.005928135155203492,0.05620198482203704
ASPH,-0.0024376965597867045,-0.049008736677656733,-0.14594973562889416,0.016059059708019366,-0.0832699486277379,-0.16591457663609518,0.05771162925484512,0.05534414636958064,-0.002560534176451166,0.2274409266033437,-0.0259186508991299,0.11881851380539044,0.030364167173186924,-0.03401483711730887,-0.00497372116370219,0.050829705282247936,-0.013374288107348097,-0.04228575190738272,0.06816090358808029
PAF1,0.01170902669943021,-0.0035210732963056276,-0.09582347784494881,0.17188427085452218,-0.05766667796619468,0.04864839434875325,0.02818983632657207,-0.2586079768771311,0.0968261265520074,0.05804240901946963,0.2812660600769427,0.05288421797150356,0.07756938646180275,0.17489899437455733,0.16525112452213808,-0.08064646125535804,-0.07908183592001611,0.004949002483988994,-0.04931579963056442
MBL2,0.06798995116723759,-0.07822464523364449,0.012499466840019211,0.08367144446875131,0.04858060863638597,-0.014028429293752474,0.05593398137604528,-0.032991519775169766,-0.019814041477414602,-0.025096852562494235,0.00125793648707953,-0.05959099605582215,0.04169933680426586,-0.0647034091345562,-0.04114388238064393,0.022754039474593687,-0.02779754861255136,0.05834090834781276,0.07204022375506991
HSPA4,-0.12305861223269161,0.06097664598286609,-0.011320541722017125,-0.016868551138979813,-0.03069252067711773,-0.05802207093801872,-0.11599879199294051,-0.053183352910003576,-0.04152648568408407,-0.013446711598893343,-0.020916607376465685,0.05670049088780064,-0.02725902473914166,-0.016506504585350412,-0.02529150751953304,0.019672339052065113,-0.037649807503544984,-0.11555522092538047,0.04043495158317025
KRTAP5-9,0.06261440059731328,0.05276505798248529,-0.05496561594884269,-0.02534461146763939,0.004402272607530315,-0.012540256631970111,0.007364098308589718,0.00612132507399736,0.0010637906696870857,-0.026609907451633982,-0.001960778236410406,0.009716732445587397,-0.011875174153703788,-0.008476746652656929,-0.0026666510917608757,0.0022796722027009215,-0.007583619804281263,0.009613934876144759,0.007497807342390316
AGA,0.10474899790334942,0.24148920021268655,0.1081692179789814,0.01192176928337486,0.056573674860156985,0.23428316484550601,0.09387795973444486,0.055212113611442785,0.1004595598333244,0.140216199635245,-0.06318781080166938,-0.06933472479315088,0.07832406208342767,-0.06876198972238724,0.15886289384953448,0.1277377613449083,-0.02973781547092632,-0.0315371187482674,-0.1549669576433526
RNF128,0.0948910015062687,0.03746484935174293,0.061624641416355846,0.032210272067763696,0.1450498081969968,0.09524307100460831,-0.15813075735672316,0.16109138734735245,0.2033363227965148,0.016317924468949595,0.1913287680934015,0.1274912048206484,0.03780923909134827,-0.033225609553030576,0.008085322516832614,0.03703393253543719,-0.09704410549472504,-0.0353494636310296,-0.007612374056299058
PARK2,0.11524579710292923,0.06849270891068988,0.20629130975932275,0.10177012066087103,-0.019699194822778,-0.053885406328800574,0.04949142226763521,0.06449943103828093,0.16986505299387233,0.013925680101491882,0.03567418384143732,-0.1615840676870657,0.028197407753397016,-0.096108924910756,-0.01777773880054851,-0.22210737720934984,-0.03715908825734293,0.22030690219944699,0.06952608345031398
KLK10,-0.14588768371385058,-0.10997379986463456,0.06980419919912395,0.035437376941802254,0.00806165176375136,0.005083499936643974,-0.09913412164110706,-0.02504373604494506,-0.04310760522235828,0.08401461079651519,-0.009411664976085376,0.013108572094223133,-0.014426329258074569,-0.0045164366159786765,0.032374496294334164,-0.053114236992975405,0.035100624606757884,0.041598818489018426,0.009428087918407203
HSPA8,-0.06961815924098684,0.15939906820001323,0.1914658737807391,-0.05326579785337498,-0.07297283389062778,0.056807416651014964,-0.09694197566469841,0.010898728872199843,-0.07472170093852981,0.05195940743878695,0.004158673070507918,-0.04058314125199292,0.054444427581424364,-0.005790836062328524,0.003926410144542167,-0.08626553670726679,0.030156859514098057,0.002082320549441049,0.03040524065351367
PRKCA,0.026470977480866586,-0.0655847967114501,-0.12344430571943808,0.023741480856029593,-0.0015115768520050801,-0.06160575334832324,-0.0562362651789775,-0.003349281241423498,-0.0340850963828587,0.06450732495006789,-0.14480836863372695,0.04221402696536335,-0.07546080468242142,-0.07928987974596911,0.04872222631561264,0.0017927733250597646,-0.007673138352124058,0.09518346699536757,-0.018928201646998752
VCP,0.04332765803255083,0.0345952997295573,0.013208387555772296,-0.06262615015916667,-0.04415201113212421,0.039590054505042035,-0.023100268006393657,-0.1072253833419855,-0.06178320920749874,-0.026300134897388538,-0.12115978432309643,0.0007734757391223135,-0.10948234115992649,0.04787490448713574,0.07537571611160718,0.051065226122526744,-0.05873753012536487,-0.09790771929315402,-0.062399892834822744
UBL4B,0.07030829942639891,-0.035392697770646096,0.024131092575562996,-0.07207403715526513,-0.06727792038120259,-0.03139074653656162,0.02198541225081228,-0.01870797124871391,0.011902840478847413,-0.016098381552906143,-0.18012289686727356,0.10481886188349053,-0.1237828134269823,0.10014863376191682,0.10952660922404839,-0.018511616084035752,-0.09041047050203474,-0.07848355666000568,0.008875653343753143
PYCARD,0.08962021409553884,-0.0635644061738524,-0.04818171920261843,0.11065114815238825,0.11351474666892879,0.0723090923020993,-0.008563228604033735,-0.0215952928442895,-0.09309485005733177,-0.01672970614287976,-0.009814114647495315,0.030319754724175467,0.0011241097805918467,0.02448788444583365,-0.02567800369707729,-0.09654948383376712,0.0623167718723498,-0.02367477014625021,0.014381988875137633
RHBDD1,0.031131688258389488,-0.010876310482315226,-0.043797253084978324,0.0071042523861977284,-0.04392266903444345,-0.02771772811613469,-0.01160561245687884,-0.03324254513073659,-0.0485019621301054,-0.012663872089308824,-0.06458424915803308,0.1472400252745631,0.011472389072667994,0.001671240103170862,-0.005332973176630569,0.000775462898010802,-0.02461919722290169,-0.01777884710702456,0.0672868173461424
CCR1,0.12055427784686532,0.08175723561042769,-0.11168708965447635,-0.03821604641604495,0.00101288515221096,-0.005912920118681009,-0.01794121297694011,0.024783643950905862,0.013750027739911493,-0.000241043436039315,0.00018959838328248254,-0.018363172140293576,-0.018539120610329717,-0.025982495959918264,0.051869966147480885,0.028306156837726075,-0.06646621963802919,0.022433967699324216,0.09974367300003208
CFHR2,0.041323300146677525,-0.0069601949683903075,-0.06647186205971627,-0.028540457580371787,-0.021058256224988765,-0.011974830595070549,-0.03288581844938765,-0.045612521558041255,0.0005364420082461047,-0.043012448181231566,0.017353438058518123,0.1095362655870841,0.02488623857927546,-0.01702664932696866,-0.08188333612168847,-0.04286122005381425,0.042797056724466605,-0.007857797380215147,0.059897664083364145
CCDC141,-0.04082584552933046,0.0019398389892183688,0.023215743440858038,-0.009638292381528312,-0.004709616016692693,-0.03783401319212756,0.13627028904066976,-0.005215242798912817,-0.018165866620515902,-0.030365753747022328,0.036602658241914075,0.003658521167078419,-0.10558605392701144,-0.07908351325700716,0.00242713944064184,0.03427687586320326,0.11568508888947839,-0.04265427535605039,0.0630552116261542
FABP6,0.053467260640944515,-0.0033091468544874988,0.03368088935775355,0.042202735109874545,0.01230426590529522,0.07374962123644857,-0.01710427887420133,0.05061260053887028,-0.04051285510473637,-0.09227244980265696,0.1493976130698039,-0.17848164214239384,-0.07356882959454472,0.0582290801337122,0.03600074881288149,0.04051283198329988,0.045286449496544305,-0.05566879357594623,0.10132309124657922
SPTBN4,0.01319432106841587,0.03940613455874075,-0.1441996014657053,-0.03297157739878011,-0.0075221282848590455,-0.10646694429733064,0.13750515028780433,-0.0017369420569334046,-0.04910850999129709,-0.03707968449467621,0.0593087916116162,-0.08603615064449992,-0.09110580494400213,-0.05723856755279101,0.022384970059262377,-0.04648346968130847,0.14741454723771033,-0.0017122496535480643,-0.061180973291379594
DPY19L3,0.040802388378238914,-0.013600609302629829,0.013452778993491414,-0.014102518051518376,0.015739597776383934,-0.031102466430614966,-0.03940061095769751,0.06064176637120671,0.02117803169528841,-0.007939949870479964,0.008910516759156297,-0.09139229832875383,-0.03219493365103688,0.011363294641671975,0.021240170256779822,-0.018043258803450986,-0.007583481112619975,-0.07357571073554009,-0.012602690459580351
HSPA5,0.005659366055438935,-0.04646136894340949,0.11713435395252934,-0.045423372891513714,-0.14095813958326242,-0.047911893773319995,-0.021889776538064988,-0.033891515444149915,-0.08939614600853969,-0.04573873823262712,-0.03206474380206476,0.02476967578514006,-0.027257218484140762,0.04903087498592833,-0.02652776029609204,-0.002337243705814162,-0.10836153125159995,-0.018337312596000046,0.11501712641564428
MAVS,0.05947790353105864,0.01836803834588362,0.12598259365479697,-0.12224848273811512,0.10111683834050401,-0.03023178866903247,-0.03668266363688465,-0.034764692687403266,0.05984254778528715,-0.022044587842992052,0.0724973671264946,0.08364699701518964,0.005440513119267261,0.07396011962151798,-0.053491211966643325,0.026396145488990594,0.1093083590553299,0.021268975725179422,-0.03293215227493713
UBE2U,-0.1795273650453856,-0.1739418638159888,0.07795635898296613,-0.05006281191199894,-0.05644276062445983,0.0023421679788337814,-0.09208037738824595,-0.009898328858152292,0.06852830535400535,0.06456008441296347,0.019368363435243577,-0.09791181916607027,0.016553006185752187,-0.017285421731125697,0.0443314408411536,-0.010438221795126061,0.05096301540348838,0.008888557664168911,-0.04292735809752547
PRKAA2,0.013551349435247249,-0.12508762679936353,0.012317320010460795,-0.10142866468915672,0.09527441891109333,0.1351094967881359,0.04633027365543812,0.033952657877475194,-0.024352110719783823,0.03727478343291298,0.07673681011363478,0.029788675317556666,-0.049240187276985474,0.0015438928238521192,-0.012985004858793763,-0.05340367474591783,-0.004463416172200264,0.088853653749255,0.027467162347605246
BIRC2,-0.042146861638868154,0.02311257516997976,-0.04318425102109438,0.02627358325956332,-0.14241892248352278,0.00938326137356821,0.023443017106897304,0.03977462304258286,0.01987716891479399,0.004229158907953553,0.022776636760292002,-0.01075721659933334,0.028646496900252713,-0.032101288984521976,0.05354891712958416,0.0709544519263898,-0.010166734996555005,0.001580947745371812,0.05453791626523743
NUBP2,0.027181452351474625,-0.010362844692540986,0.005127066998005628,-0.07413148405949388,0.10670428457070687,0.07350307822685398,-0.062397965677643365,0.08065162438474958,-0.11841860119279919,-0.03169514938426563,0.15597703409892633,-0.005892767831522273,-0.052896981043058525,-0.21629348595621595,0.09802020951966378,0.055390971317178433,-0.022725437745154096,0.08092656445854274,-0.04353722779113389
SKP2,0.03051645374497289,-0.08619554286328433,-0.04123135445540639,0.0649054000752224,0.04370663265282856,0.028865017774246843,0.032607217665473316,0.06667458991686855,-0.0656623599399813,-0.014187760935180278,0.09099018177526666,-0.025414968647868148,0.09635945663822723,-0.08369771019140756,0.0034113775940043728,-0.019522861864344144,-0.04178518172772359,-0.11323218771518999,-0.034415065933609566
CBL,0.03027816145768474,0.009623373481235249,-0.003375952864322882,0.02864843837421033,0.057817136833700274,-0.02731423898046232,-0.08688409107510942,-0.04290562341316054,-0.003161721460458975,-0.022671608760444446,0.004696934376973755,0.060070349150826215,0.003140514333887843,-0.025404291823155338,0.053652969686430324,0.022468745351666035,0.03832244048402539,-0.00898068258277251,0.029256881593116665
UBC,0.08063006335685538,0.014526970656021794,0.04367212222730504,-0.12289070479187768,0.05933432783995648,0.024288491020759667,0.06930122007970252,0.035366844269405256,0.053544598665707634,0.0026502609988557566,-0.040902394583588096,-0.05089870973234775,0.004636521996569148,0.06657440763415835,0.13248509238829356,0.009810580148403499,0.03922011192416368,0.07317738260234809,-0.04488717047231018
EGFR,-0.03782459162639447,0.006679428930730954,-0.01724965904776012,0.02432580193223108,-0.023665722850534632,-0.028956408954788355,0.08832684240510282,0.027257965238130455,-0.02751800906885325,-0.03119156662220551,-0.011289586723329437,-0.0407620097131917,0.05422920647518491,0.08031016288981162,0.0005847931098823026,0.08361515346323051,-0.006181253296933478,-0.005037802948294355,0.010974107523927013
SH2D3A,0.18347174040129188,0.2728536158601438,0.03585276082099213,-0.03265984671392657,-0.03374494896921542,0.1694278464803951,0.12031029602332446,-0.04365558739013446,-0.033696905412767104,0.08027051609333667,-0.11883257433960805,0.004010736166208017,0.0370832894369652,-0.09141942976514457,0.09357384297348233,0.06524288722476551,0.031580542958602735,0.035063423892323496,-0.03585463124027796
CAMKV,-0.008735355508998921,0.13086339635699148,-0.027355264767992073,0.16612228870372578,-0.10056813839624074,-0.01198393514142209,0.06020202711741285,-0.04565156349643792,0.12981364971023754,0.03616408261705261,0.061869804915025334,0.01580670234749182,0.028270620448139383,-0.0600879989174514,0.05486697589900328,-0.020180852408205035,0.05665664480062449,-0.022082052307793833,-0.03022498410483654
C3ORF32,0.20312670673315852,0.18281431969060177,-0.17376669933829153,-0.05328415151317954,0.06265814457419612,-0.04966396943243924,0.06557702093822057,0.04427456397429682,0.02644832255173693,-0.12618400837726962,0.005003407772328513,0.045171406302038065,0.04369770842297749,0.05620663064238889,-0.0761349496954105,0.0034959906041544257,-0.05924615498286664,-0.03592233012255266,-0.0024024345992422445
HSPA2,-0.13725833109799523,0.07458861989577112,0.07855347904256883,-0.07175631164686565,-0.03757654605680163,-0.02517199181847145,-0.17244000445309485,-0.01426087059414013,-0.10123181134594922,-0.029233971679996543,0.07565786567178354,0.056347139835204375,0.009292820230777155,0.016812906646443294,-0.06886662758766281,-0.024061079449568548,0.09098227270072824,-0.05530070339466874,0.025611825237199973
ULK1,0.033795068913038656,-0.11217470890906592,0.04154675208556514,-0.11445635127531856,0.23930071399955108,0.11042972914821263,0.05934290922046546,0.02287183252429284,-0.03250739108845258,0.027481290243403938,0.08995243541476045,0.0018843316917601678,-0.06280070950345362,0.0009268653186658356,0.012619850514515522,-0.13122133317845094,0.13949463133842344,0.0903632335425542,-0.04287884748162678
CACNB3,-0.019778637502450593,0.032920551771334544,-0.07651596185299298,-0.0013209278152734522,0.004163962547472504,-0.015933730414756545,0.10294950079676193,-0.08587994261108008,-0.05941894565031775,0.024193093984624554,0.16487014458756458,0.021410268460209575,-0.06339220750627197,-0.04089241747088781,0.12414606196258156,-0.055075674743087735,0.04412680505085053,0.06183775445902534,-0.03825416188910701
TRAF6,0.06744904930359245,0.0440300047369061,0.042092273634401565,0.02611200910979389,-0.023836837119263047,-0.020284447235087343,0.006998923699786413,-0.028014960201395846,-0.012914499920327206,0.005577816633770822,0.004228383966276627,0.024720072786222562,0.009315745608382471,-0.010699839736889078,-0.03336814655529907,0.06430997033688378,0.02235143505115005,0.03150234102158697,-0.025037130871891643
SKIC8,-0.00818133221872206,-0.002935893054643846,-0.07848219896098081,0.06687640571277526,-0.0019060544175501725,0.018612933766044955,0.11724034556132194,-0.2664861653565553,0.04399896345602573,0.08967282639789474,0.34328963432665915,0.09342321966155993,-0.010249802224058255,0.1406938590267405,0.18029380399246198,-0.1150698701477052,-0.03702017265166473,0.02313319995567742,-0.05144867257253877
LIPC,-0.054879293324657685,-0.014002730861427342,0.07625224109939699,0.025496689995678504,-0.039869053977836376,0.007781463240375985,0.010485523148122044,0.01733621608798158,-0.004868530069952566,0.13978462309495956,-0.09757303369764911,-0.03039810050826609,0.05137456747751848,-0.05877507914546576,0.1705859983710159,0.07252810900761023,-0.01694740345221561,0.026886807880675982,0.021097098005200984
GRB2,0.03147435827330906,-0.035760091006263685,0.020000705037767085,0.00284868237519936,0.0031016009180228044,0.05875832801270224,-0.05354623970325357,-0.007811209442658207,0.02747218824063785,-0.020775153120949998,-0.0027456267625138994,-0.06334568329781429,0.07544868680276168,0.028330845488594183,-0.006294162339415136,0.014260215218687212,-0.012938567809871241,-0.004986225599185333,-0.0005410183497150658
XRCC6,-0.05174088354785399,0.02214628857846364,0.034291402704893226,0.08249586596990997,0.015372109672903797,-0.060996153484955296,0.06458096175190119,0.06378464202788577,0.10543814072990557,-0.04064621426726408,-0.08476143883179334,0.061344611595591785,0.008789506558319927,0.07128249720637575,-0.024374085235573443,-0.04733087206971698,0.011643297032320536,0.0063387091922070295,-0.0027345976728253363
S,0.05195689121363745,0.015596817128730194,0.15765217270109852,0.1276871327498243,-0.006512862738965409,-0.05273332766171741,0.09854574168326517,0.068636139351612,0.11297162889898102,-0.027101114917030367,0.04562268172364429,-0.046949673981026174,0.024184019559566138,-0.12384835473388969,-0.062181949956172135,-0.17450863239213377,-0.037879552898979735,0.19695629761024663,0.010238914899101106
TRIM25,0.06902932774379464,0.021681802685451786,0.06672251017776834,-0.09434044364730468,0.06811269649929529,-0.016246664244127195,0.01110994659628966,-0.03677899523947907,0.10059636271951275,-0.03655880616137602,-0.060467685399676764,0.03700662514910884,0.03918871961417665,0.06800398260680388,0.0008470994427850416,0.07682136457513959,0.06727017505239773,0.11795472103556598,0.040767734352122505
SQSTM1,0.1270661626661517,-0.10245603338393962,0.003955361735053173,-0.023238104282263146,0.15054954762849532,0.013805633631547494,0.03263202699185308,0.0012737693009120634,-0.008652281678799204,0.07418371840155208,-0.036262517409196185,0.06617231968865576,-0.12334456648416033,0.07578062261262083,0.02392473232902186,-0.028950212994566085,0.06406729189874397,0.0696734404216517,-0.050570230283556686
GABARAP,-0.013284353900932806,-0.06840467810939538,-0.02315870316698079,-0.07575024517119787,0.16650988758035792,0.12778116359305294,0.06979711690190753,0.030742510503624646,-0.06678606866939094,0.037301312182644854,0.03017752407873761,-0.04684002783116402,-0.06059494079781253,0.07801439550340612,-0.029221967270040644,-0.10141720268004348,0.07686084657032403,0.04250677136042175,-0.01543973558443106
GNG8,-0.15565261112356896,-0.08082471726989923,0.06413056303293396,0.016300557572928365,-0.02525402028718716,0.009853216627801562,-0.07682328489826175,-0.021899995916837674,0.006726632572533449,0.08380759154410035,-0.0004671455277458789,-0.004010785695451448,-0.017578769797336802,-0.01837030717128677,0.004988286524754234,-0.04460991810019631,0.026956967718793495,0.018241547934565065,0.01320227629669731
PIK3R3,0.0684765652107468,-0.012191382797820836,-0.05118808090767807,0.020012655048070257,-0.011118556922078809,0.06755008371294315,-0.028407664438052944,0.08009992403306869,0.01566640715705386,-0.014788371604576526,-0.00018972597241338914,0.009280653062401022,0.035392681304790626,0.06174810997862916,0.04781745872157404,0.06530457703549848,0.012733274775259786,0.0036791043524622923,0.03015073350213907
PSMC5,-0.10799240580347104,0.009153678654215139,-0.01936538162507334,-0.07369597637204757,-0.04528593078014322,0.003619688773517136,-0.05840978080570339,-0.048032214602201646,0.006842807203667398,-0.01950975028686228,0.055512560451078954,0.07827970604892957,-0.01427927946487153,0.011857379521856663,7.463698197215414e-05,0.0101394999587322,-0.06172844331274048,-0.008026131204484642,0.013456618532408352
SIVA1,-0.09021235502513152,-0.01944886112939633,-0.017363830564964385,0.053359891635125105,-0.11736945188565454,0.09546503034968729,-0.03865438131240323,0.03856569899462563,-0.06840662909047163,-0.0279872530350193,-0.010547625205447712,0.030592239343494084,0.09541828965168642,0.03777293979488937,-0.04099304306787312,0.016499632594406892,-0.07870658973054258,-0.014733841172526298,-0.010259985563886756
MSN,0.06972717654181493,-0.024013814856271423,-0.09391970319461619,0.07549373391807807,0.0665325871957916,0.005227521356622135,-0.1166764434195763,0.07914124517572488,0.021465543022987248,0.044795239749460675,-0.005626659727049535,0.10898468665758816,-0.03963864528483764,-0.017828916672804535,0.022168964576005444,-0.057201157162543,-0.02050832037232677,-0.0006857517120915003,-0.07382506264227176
DSG4,0.23012451859909547,0.03901771728283995,-0.14472497534311066,-0.018440790117171355,-0.0766649945263608,-0.038692059962116325,0.01606817872393751,0.03205700232481402,-0.015022332833991696,-0.17416675201993673,0.06001433804590624,-0.026560628262981764,-0.13078105959194478,-0.015582073498160792,0.03189514703174461,0.020780781070305544,-0.02080864730051699,0.015372447976755783,0.10501147603003136
NOTCH2NLA,0.013672632440527624,0.004653119967930005,-0.05071173378095289,-0.014915797080380171,0.01098408090017562,-0.03930622025084077,-0.014516059410106412,-0.009731587850911211,-0.009730391413345278,-0.026567439865389286,-0.04109169828930062,-0.0010983345566360305,-0.03575306432977135,-0.0015351510714624289,0.046272107706305125,-0.02796223278179934,0.022675386635162127,0.0437700096196406,-0.02320727649254334
CASP1,0.08520964563393717,-0.10502439444440562,-0.05490985573999383,0.10604096688198278,0.11244575271931705,0.07696968388561869,0.01517903290895391,-0.04171146208414417,-0.058979872291436225,-0.020575811467488384,-0.03260959348687487,-0.0046934715072417124,0.020042374962567795,0.0003629973950579005,0.05793783854639358,-0.09499988023523459,0.034972663516498075,-0.05045664245102428,0.0744942574729046
HDAC2,0.09153922463250073,0.082058386218281,0.07398899941723643,0.004270071071777786,-0.09380734757967822,-0.07956427682269276,-0.07620620865562783,-0.003363540726060384,-0.10459289277041083,0.06936575559620266,0.02113546341416118,-0.04390184584487745,0.00938234558086899,0.12874345344713273,0.06985257038200725,0.028687721140055942,0.13419304109870753,0.020382938075710746,-0.046449937955738964
PHF11,-0.019253833247308023,-0.0009146680074919178,-0.014379057831780253,-0.050329976931524086,-0.019192751511661523,0.00773943184850307,-0.0507996184679421,0.007569903420793419,0.05042617916273201,0.014390227823533368,0.021732491016445754,-0.01406507084264022,-0.015115297831179354,0.033986451667212765,-0.02389521053271624,0.0068521188789605995,0.008390527203745328,-0.04882137481971312,-0.006069886492242095
TNF,-0.062311218389215384,0.03723532835043541,-0.04966791540327601,0.021239665119765515,-0.13281314785130927,-0.09864967078081786,-0.014192439273933141,-0.018079461989254482,-0.06108529380270354,-0.024549350315753005,0.00170225802316658,-0.0717152567803651,-0.022613709646505088,-0.035188629408162655,0.018654597139064102,0.010594613272350143,-0.0033266515497319517,0.053010716187439265,-0.052231667961146214
FOXP1,0.021134820268739272,0.07925821466424017,0.05283623042372034,0.028197353590355172,0.006593433062045603,-0.07398716109541774,-0.051239287806530046,-0.0635640117124957,-0.009408902291955536,0.01814724736956885,-0.006978352285949838,0.05389572473119331,-0.04087838381077449,0.005436816041140565,-0.015596872333157197,-0.011220179133331565,-0.027608965046382092,0.1411609666190727,0.04161930665686273
MYC,-0.0528705213564166,-0.012713407791505224,-0.09144744985115517,0.10307409091426649,0.08878162355226961,-0.03123525671521935,0.010373736145126966,-0.02854851194169702,-0.04199647877590354,0.02817730163416045,0.034083783676187356,-0.055611948399473414,0.06056664197840597,0.060738369780497056,-0.045155558756113066,-0.008514477447629063,-0.06619787024505164,0.03345015065032753,0.021944414572450523
REEP4,0.009075643426439262,-0.016449732649178227,-0.06676858759716826,-0.03937878727014305,-0.07238048822730231,-0.028695176742886973,0.02513808808690798,-0.022557111061547275,0.006344384598253044,0.03534351917199486,-0.06932551852700738,0.07755192366168279,0.10062677965858294,-0.05402424163485009,0.0172242771746163,-0.0015956472786903839,-0.010864081654425756,0.042015784324740596,-0.007128724589310598
YWHAQ,0.16952887653964133,-0.20307328337295588,0.09691397281133154,-0.011254323536092608,-0.19361841508991012,0.20591162934011653,-0.08050678264596445,-0.08527785462956691,-0.059060130908241554,-0.0985252318215521,-0.12751395544741553,0.07948835932486727,0.1955880734849927,-0.02341742446204269,-0.049458057715566404,0.09643228513666899,0.02248818080337441,0.06681744898593289,0.04172144034928191
TRIM21,0.050226727023096954,-0.025774591899835577,0.04535113100441329,-0.07777686792594701,0.059535980170571705,0.05854634248026111,0.06362450592661868,-0.05585992299902928,0.046899560427938386,-0.001205059851006258,0.032624039963042965,0.026489339304479043,0.024506593283487605,-0.0036292826386301667,-0.044269871590916325,0.019352071787615697,-0.004913588689052081,0.04563023463443198,0.03702718162656314
CCDC6,-0.04959781909773932,-0.057153490334348564,-0.019460483897274297,-0.03712942450546435,-0.014172836026042954,0.052895926472595806,-0.02110758604279604,-0.054383522290145224,0.005464488088352269,-0.03642299231248934,0.051212556014477585,0.130365179726842,0.07277071764387881,-0.0016012242844249864,-0.038794586128852136,0.013302054812836873,-0.02641155432769976,-0.04236090467800292,-0.028378806634824585
NPAS1,-0.030650265399845066,-0.023001636358140957,-0.07674540892774495,0.15718965663327458,-0.03951796431726422,0.07604119867674959,-0.0704384826777739,-0.11224269625401101,-0.10487476725860252,-0.09889991826180745,-0.04832897873156615,-0.08785731801245095,0.07746787445883516,0.06013772209820036,-0.019988154806548173,0.06365161644882765,-0.03221662383294663,-0.07568892123275046,-0.17201607348650977
PPP4R1,0.030988402272584904,-0.043992062585013994,-0.051539814224957126,0.01021269277802164,-0.021618250343311905,0.0011442766190244112,0.02334657398437845,0.028574642075690097,-0.01405905966952225,0.04269362840051648,-0.04498026169092411,-0.005285106969889237,0.046849962506267606,-0.029624334366052253,-0.013453762400032135,0.06204889656934549,-0.021168355161727864,-0.01634841488627568,0.0023240397392097793
TP53,-0.10670307769662936,-0.02155809482557978,-0.07303390987679366,0.0940835313325683,0.05590873778711914,0.08998296794550173,0.06704204892699055,-0.05470033659569766,0.05949136461941503,-0.0385076853897476,0.024190534453132902,0.0029475290881780733,0.0350818090234975,-0.04758736101338891,0.008554347065180995,-0.038187898004228775,-0.1826580480764787,-0.038441216084526435,0.034598653449343
C1RL,-0.00581062764046755,0.02118526040367837,-0.09733851921527724,-0.04664165780861368,-0.030569279363607548,-0.052336236614092854,-0.018817936304909254,-0.027701809741742134,0.016884941601028526,0.024570185627175688,-0.02239711770224353,-0.007358399214484743,0.023183674956600918,-0.0595724579905051,0.0062315888623042884,-0.03101626142256417,-0.012168663234583946,0.055920349523121,0.05881388094595312
EBP,-0.01545970903059147,0.06925452165715981,-0.10670917134746545,0.0019454044094291052,-0.04312144453047653,-0.03822334830269599,-0.0055144949851115765,0.03354867023371873,0.03463076765520359,0.09201534360453359,-0.02044594660698526,-0.01808612262466679,0.07413986815534698,-0.04607579646279582,0.0067602175874460066,-0.03056285729388143,0.009758202150097595,0.0010274069674883043,-0.020648452065357377
SLC10A1,0.05363375035955626,0.051582213448147445,-0.02327242522599623,-0.06362730342484867,-0.04487290850400382,-0.05977458553032115,-0.017260667080324442,-0.058577036323511356,-0.0091432885649527,-0.041591066893629874,-0.006949421528559434,-0.022612261841347445,0.0968462744691256,-0.024428655040088603,0.02769082392198806,-0.0034143058153458593,-0.0030318896513284147,-0.04983057585864973,0.05257045190675572
BTRC,0.08900445372437953,-0.12125308981547311,-0.026794581610332158,0.09612705441481405,-0.09323515263132852,0.08923334327431799,0.04210832813648761,0.06713275687776511,-0.11111508233415789,0.035955770948807954,0.012354188812255463,0.003748623360329345,0.02647284319584242,-0.02588459297494893,0.01306923106337032,-0.04089823130789731,-0.05968206975331289,-0.07061398625296567,-0.0006838450382234177
CYLD,-0.04520433273720402,0.04600470567271729,0.05564416687128001,-0.0555961039971462,0.02400248970020708,-0.10178965278532294,0.02850415599023102,-0.10709652512255498,0.005334199599853025,-0.03664054567844194,-0.022971478271919667,-0.02513614283549087,-0.010878546665977776,-0.007790829838004623,0.0030995101001457725,0.02298972527894394,0.02153968149123262,0.06225184878814069,-0.031391279018675285
CRNN,0.11602021027895806,0.05464734717235058,-0.12003382806787775,-0.03312750967999148,0.011169427472893977,-0.009737752610688146,0.028505708013840336,0.0015167709079141982,0.017422283922896145,-0.04310722805684286,0.028381111170964375,0.07557238975344442,-0.012514799254397678,0.021732008100620634,-0.01964330358602756,0.0033874974124228807,-0.04234897902327592,0.0035734656588747387,0.053827307728865695
DPP4,0.053426494346034914,0.022394462296479012,0.09302055984225208,0.0056489049915252046,-0.07459202103449092,-0.07384394066349183,0.03553051272612396,0.0424018508370177,-0.045734709163181994,0.0595562728925947,-0.08262970998626935,-0.03601189351136057,0.019270219931713992,0.018464514581576965,0.12109447543903933,-0.05598772120227732,-0.0743106497232358,-0.09136900960117077,0.15181158091960797
HHIPL1,-0.024886529722147506,-0.06275694403092123,0.24542640270978405,0.06789385865412842,-0.016081081380660257,-0.11129560979637196,0.2866844304671194,0.0026423710961690702,-0.0737448713768674,-0.07909260004177075,0.006145430726937076,0.011074057651048755,0.09465318990080435,0.02878571648401144,-0.08897550765897076,0.05676301719905843,-0.11599630116087081,-0.04215788808329345,-0.07573914759643903
TRAF2,-0.13852446826850146,0.07993708189149333,-0.01334536860701411,0.03856891094624134,-0.21310987714101481,0.02842648311032973,-0.04997686748344447,0.12293239897494357,-0.012462662349120466,-0.03570864410120918,0.019248889938143315,0.0013904798369716452,0.097943165502081,0.0674379899543723,-0.003522696075164509,0.03464568156918806,-0.0796566644943424,-0.07317557110475163,-0.04845210950697196
NPC2,-0.056473942544438535,-0.0066118334599700335,0.1168598614837489,-0.012397733320699423,0.06430698834287187,0.09172482863683706,0.003296058682980589,0.014786692847586397,0.02668682091027183,0.10876187954760502,0.011817508540646976,-0.054716809472088825,0.025458792251410917,-0.0780328219532934,0.06991915974935307,-0.025212616689463955,-0.022730235083075055,0.03863988591194438,0.02208666247273726
KDM1B,0.041758658774361,0.019171288619958746,0.03338421676875613,0.09377091203288902,-0.010444511196157446,-0.010538928821249554,0.06633927447552931,0.041673187639191075,0.039105780722605656,0.08335495554002019,0.1171503202668279,0.10604730891601205,0.015986052555749298,0.05330438380514132,-0.043157402813096525,0.05552595786623991,-0.022374702106720115,0.02822553588330819,-0.027857924629194494
PAPSS2,0.05085822075862143,-0.02368715978059648,0.026495573851758093,-0.01648975370052291,0.018357055922081672,-0.03725661394932876,-0.013318919023566245,0.04004634696381535,0.10522098164013224,0.08609031821243779,-0.012473530988550079,0.016435070986938236,-0.027521923177141746,0.055937517216921105,-0.04994884716156796,0.16765669695427854,0.022838175816488233,-0.008849630049270564,-0.0007761670368533164
ERGIC3,-0.016359784343273044,-0.0065696325573385474,-0.009550169381506525,-0.01773918543175069,-0.006799770681500156,-0.01000862840612138,-0.03586687648160455,-0.008708691705594185,0.06190799959468432,0.005921759968476763,0.00454177150829194,0.09031986213034716,0.051144300560134706,-0.03167930503135648,-0.06025914419072681,-0.05218307260060112,0.06142906508383845,0.022478328979108682,-0.08773075059996524
CUL3,0.04837158092559478,0.006298061815727474,0.04979000360068545,0.08304715746664847,0.013723821709973834,-0.049051049373198555,-0.010647479015805917,0.11595602986984065,-0.051259562706242844,-0.004071849929462603,0.042413975663674115,-0.014644013344015964,0.016900554984912795,-0.10982523981646915,-0.024538118626961276,-0.05126675468138554,-0.016900011876091327,-0.030731035644812433,-0.010310028906743205
UBQLN2,0.0019860335844631245,-0.09725959574548573,0.11951451560404187,-0.033087778362667374,-0.007573983241934571,-0.09854437211559476,0.09446779737631038,-0.07148109678018,-0.07167003702202059,-0.05909678555603819,-0.0261759728897439,0.08217789255202698,-0.04429611490459767,0.0928872792431616,-0.05535373878715875,0.02035591747458521,-0.09729695322105193,-0.06364465780573512,-0.06698581166576235
POTEF,-0.008819217744404072,-0.07701486076340404,0.0037041649593347317,-0.015309936540586988,-0.09306563567431671,0.05977025417236858,-0.0014688563608613054,-0.00024332190002516628,-0.02149595476026596,0.030126170147255573,-0.007573067261219752,0.07607314700528209,0.03124521299532636,0.02300859801084474,-0.039413473725835445,-0.09562796633108443,0.006560261043824618,-0.13546578843538962,-0.049834209170137554
DDB1,0.016987213476640037,0.018400718595608538,0.036919867407208685,0.042876688707373115,-0.020586198177150794,0.008404331649531223,0.028893973336078287,0.06986181734583165,-0.0946485913291458,0.02141379483795567,0.04829672171879955,-0.012411780714868847,0.02811915910073749,-0.06817225998484075,0.019960990044406646,-0.002349843133025539,0.009490313019100789,-0.041929358349365925,-0.008444956783539499
PIK3R2,0.09215239858977645,0.0115290523955244,-0.04654570864164326,0.024019760444230317,0.057581155873658495,0.018331118320249043,-0.051727691662947876,0.034830180960713546,-0.0049917346169369775,-0.04594968403685048,-0.025838509174861198,0.03846131356758191,0.0363460323757619,0.01729869637532776,0.08163424508353248,0.045257917393413616,0.04706203498117992,-0.003199175814206704,-0.005085446823888352
KRTAP10-8,-0.061899691681387516,-0.06983330967986012,0.0029219767329826903,-0.04406363324848657,0.17670251837677162,-0.11030969042954435,0.0037047584009878014,0.1992535167905494,0.07577343466765679,-0.05904613924754276,-0.10130377499166443,-0.061864615406971676,0.013855405178532187,-0.02753007180090454,0.03199837787622385,-0.050021508456698706,0.15719355592122009,-0.1457994088426723,-0.021977390174025533
HGS,-0.015221222876555416,0.10177771525015122,-0.028536552865049275,-0.04204690244758429,0.06569232334196369,-0.019252899486075743,0.017677432659777188,0.0702553492960759,0.006606325607375882,-0.00288348332712917,0.030554899297277685,-0.18998224473656383,0.023550165002752463,-0.03883581856905644,0.04074429991472864,-0.02030254265025694,-0.0797834317248284,-0.007971375185194859,-0.07202141021413634
FAM209A,0.09379740231344229,-0.02894092795501312,0.050877234817959464,0.01125761037162283,-0.02411259888901332,0.019973956313677026,-0.13071113065746665,0.054160480366392094,0.05409141979370706,-0.15081950779312464,0.11358941384364879,-0.20682341481909966,-0.23030439664532917,0.04085111568317476,0.03280634632616754,0.05033111179304598,-0.035816301439643004,-0.02380089786767522,0.057271366283109006
B3GALTL,-0.02408312716851037,0.0501366065848496,0.08136415414315092,-0.0051979648124208955,0.0032631351282057398,0.03227453597184182,0.12200646047244033,-0.01992590302123397,0.0016947735147213201,0.019926849080874824,-0.016871179524744696,-0.017750102872715567,0.02894758234800961,-0.011352231105226847,-0.02060822878275344,0.06510633796112336,-0.024406884101111876,-0.04384439162648524,-0.03136312526769747
MMGT1,0.034960501348916304,-0.02785420614556112,-0.026330936566838516,0.014554675400259568,-0.07027023793414414,-0.09352015267535813,-0.0010331400384500197,-0.02279319163260604,0.041761656138026196,0.12066473541043345,-0.08216280671990102,0.18702427023982632,0.11712008713258922,-0.07196449666886463,-0.0015763751771313043,-0.01721426028238102,0.05389487468396691,-0.01559225077952934,-0.10181978064801982
YWHAZ,0.13236220980449998,-0.15766438276452477,0.11522772233386575,-0.06223441925586302,-0.19987949844011746,0.18213222610673496,-0.09716388739655239,-0.07303057775011589,0.021593683344096105,-0.10289202076779473,-0.11998429233082447,0.03134184596169744,0.18572036968152164,0.024678879775888164,-0.04108041111658993,0.07677937347549445,0.023482054999769082,0.11034135932098131,0.08195086333134177
SPI1,0.059709675365892695,0.07830518089665603,0.0833319823827111,-0.02184964256632986,-0.027213310728867367,-0.005331013240396337,-0.018571331882142838,-0.05914152806194364,0.06189696828859127,-0.02111091914554403,0.04693441481023966,-0.000321677588548221,0.044971658556061056,-0.023336033538045163,0.0055674993461307274,0.05610565785071809,0.02103875205904654,-0.06609378207902203,0.002458563496391533
TMEM66,0.1690612612259528,0.10949460269446143,-0.10922234573223398,-0.04954257509121896,0.03162405244628774,-0.049467311687181575,-0.0009593590641151288,0.02889305795058795,0.07977898648567228,-0.04298235823601762,-0.018762804767569034,0.04685346137700819,0.01785036195197209,0.012507545884568759,-0.03903936694789003,0.008234374561416846,-0.05603070545508125,-0.04708117942422283,-0.008628107645137542
UBE2D1,0.0017207277935680871,0.057473284495207715,0.08703435568424225,-0.1475487267319869,-0.024443779781221822,0.022777842094389128,0.041673813233466445,-0.009653548960106562,0.15973801067790308,-0.0787250049665617,-0.029932195558973067,0.08372580417545113,0.05994647904719948,0.03186512162130371,0.07411992381621446,0.062279610573501065,0.03515672643847754,0.08284980611537089,0.006541052906765832
HSP90AA1,-0.07765786926743158,0.023965383409173962,0.029861274356961745,-0.033137256373295086,-0.006593132208276349,-0.05477276482294691,-0.003490931317694693,0.053000174673149714,0.025736249730114538,0.10412679080173122,0.07000454249780286,-0.11040339127900813,0.026029156452576002,0.09225252595387565,-0.07628337572829728,-0.07887341933753775,0.08596019168583836,-0.01930894755237165,0.030333591710615525
BCL10,-0.0020592968779769094,0.048519679719504445,0.014622170078543316,-0.003634335203591793,-0.03856112243513409,-0.12356318390045075,0.009451368191818316,-0.06489335714047947,0.007857913182462992,0.05486754720652996,-0.062220034213279124,0.006260553487748748,-0.09903240178251593,-0.06860678580398853,-0.021450308170164977,0.03155199006598651,-0.03233195468546087,0.0017825069709449697,-0.041704216368271034
MAP3K7,-0.03177378067789604,0.06344035886619649,0.03060534485730336,-0.09104251774810972,-0.008447490032693893,-0.12658264278666262,-0.03894396878379564,-0.026365397020974658,-0.004532037512461656,-0.013616503812021454,0.015653842108930133,-0.037531355729208946,-0.039724762247351934,0.008999657206828361,-0.05574134868792696,0.0011823254430636057,0.06267950083386345,-0.0025150497909189728,-0.009142562832018584
TUBA4A,-0.05599607284815824,0.034354839774385235,-0.01893289816593457,0.025361630163267673,0.10401376609435829,-0.1662802132422323,0.009606473697801978,-0.12162985806187779,-0.007767940638639123,0.014574878097735475,0.002675597050240235,0.04629842250791888,-0.033988066047893326,0.035140179044254136,0.14451457169962664,0.034356776098282645,-0.050674726542386035,-0.0041460253645684035,-0.05720986899334233
MATN2,-0.200894593614206,-0.14655176530285696,0.13112022304742507,-0.015853246044722897,-0.05293877167185682,0.027728884863421673,-0.05385231299590679,-0.01875431152852627,0.04701608566136677,0.06472803735759519,0.07348379643578772,-0.1385812872377084,-0.017542978051614432,0.03903381185044395,0.06772431221509052,0.01858888185954314,0.0042541855758946485,0.00038830769787201794,-0.05730131559351409
YWHAB,0.16201952508267864,-0.1415920139822703,0.09560651255497253,-0.029286282849247617,-0.1650637013751569,0.1890227647643366,-0.06277367766948734,-0.09463724915703242,-0.016370413236970204,-0.11856664034957982,-0.1330599328097851,0.08924560144009291,0.16407632035980851,-0.03526818193480626,-0.04902938605769194,0.09156687828676895,0.04381571761497893,0.06068518634029734,0.0334516786432854
MPI,0.000780963394375711,0.005700219824027328,0.011070936738025136,0.0189811080200024,0.001958915843826006,-0.006296279245108953,0.010826765245281497,-0.0024367229193422183,0.00914941521470538,0.025246301669801692,0.0028203039685963083,-0.015617190324392655,-0.025416227441787696,-0.04415024245380921,-0.01518874235147762,-0.04133426303280219,-0.0038312399993240243,0.011190511352043615,0.022008038415681674
PIK3CG,0.07894200474771094,0.0019602997182138447,0.029909063290615958,0.03194731452645238,0.07954875375923265,0.010720731741794071,-0.06158150088003289,0.02314227198798629,-0.014547241211066929,-0.01304905200961701,-0.003429089637888545,0.04664890533921019,0.05953690361480063,-0.0009966608475164428,0.04800821835779893,0.020847466249375723,0.02810747351325725,0.0037221221219250946,-0.014409730043833953
KPNA2,0.06226917315810097,0.07852990158834941,0.10239999232021439,0.004867628398139362,-0.0722583304423848,-0.0636218849942864,-0.05157828068035686,0.0061652186414703665,-0.1345033651432913,0.04875262523883985,0.09929163355970445,-0.007588768337467681,-0.011446690744779204,0.09449698844025925,0.07628515986801447,0.027739044579175757,0.0656461839416835,0.029113042155925136,-0.03439047262857374
FYN,-0.036518280143508795,-0.012979172251261098,-0.07126322345485761,0.003392791432577973,0.006425856309389308,-0.0674599175428083,0.041211988477403934,-0.02338498278195067,-0.02470148745033863,-0.02138389859491392,-0.04757844548801925,-0.03258633888473072,-0.03591208458690968,-0.0022052759191935846,0.04157403778057488,-0.04212740966877687,0.030647646871250475,0.03762237124220817,-0.0443413570143791
AQP6,0.08564803741025602,-0.008193786331386671,0.03817679490840933,-0.028314561931555696,-0.0722585750035354,-0.04368215794786213,-0.08013892958641643,0.01527921310341117,0.08890939552532424,-0.043730417065057814,0.07424744048396753,-0.1601248213619475,-0.1370021156955454,-0.045073175544609205,0.04216140767441774,0.05759425785851884,-0.05249961002280889,-0.03598220956512906,-0.0793811922483717
HSP90AB1,-0.05183328108105385,-0.015157715457078252,-0.014845894348580524,-0.030248749105701928,-0.020425467953860816,-0.10918624018911814,-0.020254172964013505,0.09756680202540091,-0.006551578568979,0.05683855948323745,0.09432080340551038,-0.10515261366909397,0.10203945698936197,0.11280340558155412,-0.07248387823623081,-0.06764772718538693,0.08163054577535048,-0.046982482398734066,0.0032790149941189484
TAF7,0.02256257090041533,-0.030118925627978188,-0.011063281999825496,-0.011492107935798978,0.02505703849156216,0.014291992415702101,-0.05333941232917966,0.027140983459707165,-0.045270488751023893,0.031132411501146016,-0.06382504020218159,0.006675352196372042,0.01540479781554941,0.0544581568064128,-0.015895234718674617,0.03386178164016187,0.018825277279169394,0.020315509788936818,-0.014021516678359757
ZBTB14,-0.03243795706979153,-0.04265712441713032,-0.07037511217899668,0.06380477935521618,-0.059187191935417736,0.09391804423889595,-0.10036449049032979,-0.11318481247262258,-0.11976822038164368,-0.04046767147724235,0.02167810794219217,-0.04195549076161365,0.04625439903486026,-0.0937811779094713,-0.038218159077779104,0.11021921227354589,-0.05304439903334686,0.00046608901375858297,-0.14025489864403848
MUC1,-0.06863722238437887,-0.011985973159270259,0.034122911148561544,0.04627309267554868,0.027437337168574813,0.011077338105564286,0.022396204166608553,0.025056850374902608,0.017780770051465965,-0.10080531106032758,-0.03520651083004611,-0.09210791441457206,-0.11245410756351207,0.027771694648804617,0.020834930141400906,0.027717438329939396,-0.07983583729984599,-0.06241002780086633,0.01790853543522675
PLCG1,-0.029035923957123566,-0.0004621904782175024,0.003291425328929594,-0.0009568887390914571,0.0690112148295062,-0.011064136054025673,-0.04070316661624814,-0.018540127385561777,0.046199431243023746,-0.025550048507843353,-0.0224078405972143,0.00039607086705131106,-0.0039345647095633705,-0.04439069078743497,0.05074372193024694,0.04342792822641799,0.005290737015230067,-0.006621245481362255,0.03154741765329486
ACOT9,0.047818136852308846,0.035139763801924295,0.07141697203319641,0.04973698666635397,0.024848641144195684,-0.07339482790593911,0.075148619067687,0.06321327879055173,0.05772066065796526,-0.05997687048783141,0.0046267517234441415,-0.05901194159867051,0.018901240048509092,0.002563266226866142,-0.05161614026173292,-0.04011018623372767,-0.042555045826903566,0.005903239550746726,-0.06221159620389523
CREB3L1,0.0012996362212179704,-0.005867479869612311,0.04786235156383662,0.022590625377215373,-0.036542834734927615,0.02876688770884854,-0.10539996374634895,-0.006268803943804567,0.026856810859891778,-0.05629039863511986,-0.005315224885633007,-0.06976698115801912,-0.0178358244156152,-0.004572375457133361,-0.01140786529169979,-0.009813483450144028,-0.038524346528725086,0.029927160560184674,-0.09256860251446108
TAGLN,0.0714171499196373,-0.04210454081726161,0.030468210667753824,0.009926676136511174,0.014872644734284709,0.05140086099436529,0.009118230191311515,0.12681075600750208,-0.009162930512631597,-0.005023432033609647,0.1110798560822857,0.0071887052566665275,0.1366119845363207,0.017031606652562214,0.08012875762213008,0.043010795642936306,0.04141790977615833,-0.1372943771357637,-0.04728778280984679
CER1,0.08900974542903865,0.03729956783150239,0.020108790188413488,0.01598416817503532,-0.021454381575924993,-0.005734606719453961,-0.02026680102122362,0.012370136984170721,0.0027973648928162277,0.003942124076636736,0.044506514091091395,-0.10704876201517952,0.04895479797585395,-0.017635334361966563,0.09102155721428155,0.024503135336771547,0.07091358335051419,-0.03281095509587197,-0.040084539952065755
FAP,0.09329646889570055,-0.08450913824686282,0.04576181930237891,0.045713896947046535,-0.0075326308607529206,-0.06728900266354561,-0.05893035704074346,-0.01025058768946644,0.07001080489962103,0.022964491814475265,-0.041812276539064094,0.060460220723110615,-0.10293989146333155,0.06439269161932425,0.003000120924249486,0.14605059663026243,-0.08669087620268766,-0.04970583676191376,0.0426644671890632
STOM,0.0173575739285838,0.12188644270973048,0.04231245941886341,0.07123150195891599,0.07140887915101347,0.030135712831514967,0.01706014485520708,-0.05377456836410393,-0.14625510111845297,-0.016644456645911347,-0.06392085715175731,-0.05738726377591735,0.1098341282974615,0.07443664565709138,0.02459069554135115,-0.016913106792529175,0.0002452247947702486,-0.017543246544219945,0.017906698639369906
TRIP13,0.028782729347827038,-0.0262068456867449,0.02029875962919553,0.028090694364441598,-0.07542686271560839,0.014531471056658774,-0.04442040868266759,-0.02529068201443714,0.0221839256314033,0.009049796101023135,0.0199124491786814,-0.12854666910981166,-0.00041157427000300953,0.0037589927455254097,0.023003399881601994,-0.03324032724034791,-0.05206160939675879,-0.05725504335470418,0.0899648536678916
SLC9A3R2,0.06685847397350178,-0.027153547083760127,-0.11052405140236864,0.045127881462441066,0.012189385558708484,-0.0403862313453881,0.034947227813605944,0.04825335809000741,0.006295515087259947,0.08558602904060841,0.0052128570626892206,-0.0005638573405960191,-0.01764209273490117,-0.10075119448835859,-0.007519057434073145,-0.01868745377700027,0.04964311756533874,0.035620833953921086,-0.019980410191032465
TNFRSF10B,0.04453345196094536,-0.05532553263240592,-0.12399562539949627,0.055218897893525194,-0.18612779863973908,0.06808537877270307,0.05057180905155335,0.21394417272135474,0.013286799093735155,0.03928508947148563,0.07657965557087083,-0.08542670491563509,0.04427875267688362,0.047652441277315494,-0.02341266801261267,0.07041142587766504,0.05059201435563492,-0.014718054888954625,0.023497803899121848
JUP,0.14497215514346556,0.16230198376653182,-0.2482283776270683,0.010927524674984895,0.026878445708579255,-0.055750991782339915,0.11270067648326118,0.007994000337383548,-0.07459186557967469,-0.11325577324521686,-0.001221392481399066,-0.008702951290561357,-0.023041206056097087,0.0672590031800962,0.018225594177657855,-0.03361452145113822,0.015512864283060807,0.042254178979043565,-0.0673720660355803
SLC35H1,0.0061767459823581896,0.041289967817268285,0.002192771373789828,-0.03785068530923027,-0.06457113253107,0.01018429025089981,0.01418907690541745,-0.06197071424442559,-0.04881631274586263,-0.09970880774459931,-0.07413659018516655,-0.0031624778478233696,0.06263672471845422,-0.032183430633273565,0.013159220668682695,-0.14123786743724956,-0.004159605722161717,0.051806688918810524,-0.05559858467243822
TRAF3,0.01905502910814783,0.0336756458557374,0.036507508611791833,0.014763221105624447,-0.03732626386571339,-0.036948141356528054,0.01166887192964135,-0.02235279704432956,-0.03840574910388972,0.012372113335877543,0.020015881070663245,0.008309820302824046,0.01091338784650971,-0.003040284162124276,-0.04358446983465471,0.03395707827537541,0.012483052220591448,0.02806997864101861,-0.036166675459835894
HSPA1A,-0.15405696910283279,0.12868669503476757,0.11788308135435772,-0.07660656577872954,-0.07618672727846115,0.010357721771028831,-0.24316691864998613,-0.011886614980812655,-0.08110645904569114,-0.039128232557818686,0.08613969724290522,-0.012117766354046098,0.12412658829078134,-0.005936814236375513,-0.09852845789792962,-0.0629638608910236,0.059102736697387866,-0.031943368269737774,0.07958411586649936
UBE2I,0.019476296886657564,0.007969084535737173,-0.019502150455354406,-0.028933925800246715,-0.019647971074995937,0.02828411528400832,-0.02216374153916683,-0.0766312947430013,0.09859340683364055,-0.03884926150537972,0.03246257841424954,-0.03912652041375367,0.033495244288119966,0.0005861108222054397,0.05829416989130647,0.01277292079076043,-0.007515778839150767,-0.024556168263926734,-0.006545631338397144
CSNK2A2,0.06147415037009275,0.03860662628656492,0.038020477516118444,0.041424043223583285,-0.07896163803335166,0.010765575593029486,-0.00676386136900438,-0.013054613187067894,-0.038829329950554936,0.10925266064994422,0.06615866977742177,0.02592689550703375,0.00447816461130207,0.11228942466250014,0.035638036746485004,0.025436532365984952,-0.005065344555358819,0.10133035289621406,0.0013512850259107226
CSNK2B,0.08085763121296943,-0.004324756710546518,0.0075897197255631686,0.03834620309968842,-0.07106220584340034,0.04133171140545746,0.05635064441525529,-0.03652121826055482,0.006199348589932307,0.10574624569631746,0.13490174939176738,-0.09406438428578932,0.07455000996954152,0.06630090322214287,0.018656013838415537,-0.02504425170667021,-0.020806406523784484,0.04134409035838189,0.00428895489091035
MBNL1,0.10351332901600319,0.0886464861240534,-0.14629528006197792,-0.08022729673014875,0.018501230550736877,-0.09060639674109533,-0.004786894364769686,0.0665547548538303,0.08403220743649935,-0.07694167620486281,0.03470500172964854,0.019741568903148588,0.02424296013138868,0.05500442022418653,-0.13731386981194904,0.022030452150112418,-0.02671567857864247,-0.03773891733262834,-0.0025948838343563007
ZBTB17,-0.006388083088454289,0.05904203691664212,0.051442214985136785,0.04677742024139623,0.0393337400507515,0.012446284033440336,0.034154315525783054,-0.024620928966755263,0.09598863012480784,-0.009786835036722044,0.014969062470809216,0.012151837180243734,0.0010277697014164703,-0.030506426752925704,0.009916974961155138,-0.006864274279022732,-0.07363973053235094,0.07149101791496434,0.0491487364208368
IRF1,-0.009153095454727849,0.023612110612948104,-0.0014901035704676263,-0.04983622614458405,0.024066503468592664,0.06922507543881186,0.03242205538291359,-0.03882499162647388,0.15333976590534848,-0.08315001048823514,-0.0011263246490127055,0.0006104850156290143,0.04867966542606374,-0.0786324797283255,0.03344468644735959,0.05631014821747843,-0.030201808128558667,-0.06454390469273061,-0.008086821552902832
BCL2L1,-0.04876630903745042,-0.09861316706412004,-0.13355697533311423,0.1619716696484112,0.02777164712266868,0.11581334743503385,-0.025289105255539443,0.06826903164347106,-0.03243962209744607,-0.026469978362894643,-0.03394596459962507,0.08914638516506827,-0.019076774213843305,-0.0021689930058769887,-0.022807480346406672,-0.0010358721395566238,0.008115850731052832,-0.0322678319805165,0.024520532435336372
PRKRA,0.01759145810517619,-0.08403077004791171,-0.07292633451085698,0.03599072833789475,0.16933869382739278,0.028756966643696057,-0.02554359239634928,-0.1232100289594447,0.07256595412485527,0.024522810088059205,-0.05979757934925136,-0.20246443523304303,0.0877562148142287,-0.025983247701260488,-0.07792485550779088,0.04913241821617363,0.16759463080925396,-0.07335044798400898,-0.003246190621274753
TNFSF13B,-0.013253004170352732,-0.038467255625915894,-0.10365266434137356,0.11766265111227105,-0.003666209864800504,0.0830960485030359,0.03719201506901789,-0.07377379605421062,-0.07931858130811673,0.009915524604329965,-0.12943392187712868,-0.08021254752655611,0.0009869931621662375,-0.019847284266862688,0.04145826271792288,-0.03183207223971584,-0.007623055539933515,-0.08320689607546512,0.014272182457495973
RELA,0.011133988937999818,0.017365519533000678,0.029037717916856765,-0.04110226955072442,-0.015390681018800968,-0.015174868079375316,0.015136536310650468,-0.04729994294852578,0.08625256265378767,-0.034192088792500276,-0.06763246783881212,0.0010858751665045203,-0.06950552808135256,-0.09199047989217432,0.04406234828957632,0.003150116031562585,-0.009151594431357794,-0.09674279547962834,-0.031103120060777853
HUWE1,-0.01733543721578395,0.0327461613521315,0.04122279924410203,-0.04597483792484868,0.005140958828805806,-0.052777282948177705,0.006161364649559131,-0.013979352405233566,-0.0012668694422803808,0.02613066021675576,0.01069673709826268,0.0795412074567366,-0.06093873715249964,0.07668633608912265,0.060143672208713736,0.057544203377424046,0.03997919390736388,0.08679682701283224,-0.04428733144805843
CCNF,0.07049472664204809,-0.007647890895310295,0.10380892569831263,0.10789920791072126,0.011602866726748531,-0.020910842042703482,0.045216940483566455,0.06903356059771829,0.04425829028448631,0.03205537176615275,0.08483825290161309,-0.11597570454118389,-0.020179163498890484,-0.08497191260467146,0.01497366388677857,-0.10797693805419978,-0.06227031468031808,0.06062583033648246,0.020790108005787043
FBXW11,0.01629429378080076,-0.07697004324868943,0.005065189145842904,0.024138906423706606,-0.13872101787069416,0.1074502348225123,0.03693508887004036,0.045381515798146733,-0.08531609361575433,0.012565927174475132,-0.0530275222613917,0.06461186915360564,-0.02265593620221825,0.03858039454343976,0.022807170060669797,-0.026285106182574493,-0.10299039821679205,-0.037778190345684345,0.021947801152300397
RAC1,0.06669131876816135,-0.03152176998729432,-0.05867959926765122,0.01082059160905394,0.04763880781238854,0.015507697503006531,-0.07547639054721145,0.039229549450332295,0.02013893784238298,-0.017085335559278728,0.08228448020789852,-0.018885853584718323,-0.0031143962111091815,-0.04716586697201018,-0.02579761286245128,0.022302140094087198,0.01560471835246816,0.019237849581403513,-0.02817528515910984
PRPF31,-0.04764136011024579,0.04686261574226036,0.08668702440535186,-0.09937584848969522,-0.0895970980334681,0.017817677288509155,0.02475421455720974,0.30090747735965895,-0.037346404692877505,-0.08609135949653243,0.002846729953898513,0.1691416934992563,-0.11485116223841316,0.0015128108672513906,0.11104293551669932,-0.1234143738087754,-0.07644528186460332,-0.1388423926693902,-0.022010813003215352
STX17,0.12344031931011228,0.20773160048555542,-0.1302327764957043,-0.017311861640064714,0.07699851522994787,0.012312852988498997,0.07866794196593503,0.055382401931904565,0.00088743778622447,-0.022673273666375737,0.0055686287551838425,-0.03313066804968113,0.026983778883894385,0.023505515689268133,-0.056814594212000795,0.032108804548796686,-0.06329935936553886,-0.018605318937764494,-0.003104879349423792
CHUK,-0.07202206583250864,0.04401505363040617,-0.012553626912077873,-0.03082726969474277,-0.007281830628584564,-0.1252271086379094,0.024991263159727467,-0.07960207959787746,0.054394621907348104,0.022467372737087675,-0.035565684982747085,-0.01275244485220817,-0.07564726159035905,-0.07264521242890244,-0.015604792622865196,-0.023241075845577632,-0.10519224177571845,-0.011665373262007004,-0.03670502652043866
PRDX6,-0.021572825479197505,0.06099295238646376,0.0008095161465235314,0.1861047618041059,0.009293778268870678,0.14280739812672424,0.043798714066512694,0.12169811309522789,-0.007708665174109091,0.10482217729146369,-0.05682520524817503,-0.007403261758961519,-0.019348980401612946,-0.03349198975745183,0.07972914207848238,-0.00899138717189773,-0.04035630863000443,0.14944810212141463,0.0384487415799874
COPS2,-0.052290003741755416,0.07139424819952565,-0.025489417179650628,0.061627354968519676,-0.012872756678657017,-0.04420738224046906,0.036053320453424124,-0.01786482404535707,-0.04511696027887385,0.14153754712162603,0.08392335325461289,0.018479057017199277,-0.015595412022778731,-0.08450655010213508,-0.0924393083010082,0.05885502802672973,-0.016515107249383272,0.06633199691266313,0.049948308226865905
MAL,0.007815580500823672,0.0022144949619949087,-0.07707177611047575,0.014310259164018225,-0.08303941082434443,0.011160471955866778,0.1101448366859784,0.0027583659002770153,-0.05110602789288434,-0.15455786773579605,-0.0013365917342184344,-0.15282134975592795,-0.07418978997704631,0.02939015240059323,0.026245696903313707,0.001531153278661316,-0.025282453367051157,0.0705639163732645,-0.04840812056813294
PINK1,0.15813751420153163,0.08144496093369037,-0.1083828554530402,-0.03210270359001605,0.006954268449875479,-0.06127983577784669,-0.052628046429589403,0.06596960583896037,0.07166650299848372,-0.034065399274427054,-0.017071385651072614,0.005332076719928983,-0.09148075268097448,0.09970277306346464,-0.08291747985243789,0.04930712884616759,-0.030887893562573685,-0.09098507169363651,-0.05282091348758732
ANLN,0.05488513552902057,-0.053440598325360876,-0.030866581038073267,-0.002083213493923174,0.011781204032972108,0.014233331440325908,-0.04071809360324979,-0.1453807565412443,0.02880683640131175,0.09580675179781743,0.020070063242351926,-0.1563640246787332,0.02956746647953075,-0.060588162285764066,0.03312169803141053,-0.06473710908052153,0.03553200368312879,-0.19789346934758315,0.052865262420026
MAPK1,-0.01599197148684194,-0.016482171692189303,-0.07046705640789248,-0.005985234727001544,0.04327836533072282,-0.012731273837464622,0.08562571444136705,-0.05115949640582864,0.03883707504538368,-0.051116355544394504,-0.07548136219148492,0.021916866273151182,-0.04554307728426463,-0.08336749324822945,0.020696437722301682,0.028223377859512056,-0.08429894628757963,-0.021128566454496858,-0.010346849576946768
POTEI,0.08553671477384166,-0.05228220548548036,0.12212544373281918,-0.06742062971220036,-0.09518609571412631,-0.041756760340133134,-0.02866371353060049,-0.08754994481147844,-0.0222887118589724,0.1004480648156143,-0.0144441482376799,-0.04119066212654625,0.030501265149828104,-0.0037262699852049857,0.015379510719665711,-0.22170874393865916,0.017159365869360177,-0.19748735357938746,0.0790973813259342
ZC3HAV1,0.0351359079338806,-0.07282044275534082,-0.06069241184368982,-0.027216087478519346,0.11377967682654276,0.0819905155790103,-0.007998591312098692,-0.11959990825806274,0.08211799438790321,-0.0072170298327295206,-0.12477407124405916,-0.13165623929945364,0.04074704510116388,-0.06740957698640843,-0.09217213415602138,0.07883357217430957,0.10172113364182779,0.024159065195053314,0.024080851648925202
PML,-0.011826367781641622,-0.0010126494247181463,-0.04544524405355477,-0.02507989771519322,-3.2352928535252665e-05,0.04444342858799888,0.03909533960086055,-0.08078520436324477,0.09652108898795389,-0.055882486716411585,0.004634250772422333,-0.023564223376378507,-0.030700160403927083,-0.08241204012141096,0.05731258069377949,-0.00116131080994568,-0.0068267013990688545,-0.06602857819924692,0.024981097710901116
GLP1R,-0.0311247432386081,0.06013621231059178,0.015615601006633369,0.01845388426556594,0.06392703948583103,-0.02834675613223694,0.0020313791272848023,-0.009817577995756983,-0.05604901034171142,0.0011311207951911616,-0.01856543472306546,-0.008869628140085798,0.056560205038322015,0.032474502641096956,-0.018825639031784667,0.011751489138098238,-0.02349475577408843,-0.005150467125498554,0.06331715744849986
WRNIP1,0.07668679279889459,-0.06477162286267484,0.06499289384002216,-0.014708948394671767,0.0840701652342411,-0.057145558099599605,0.061455443327170206,0.03135967336240037,0.0973791379638243,-0.020385312930264504,-0.057803078107285265,-0.003678908090168538,0.07617602959309124,0.1400526998508956,-0.0026524500525458854,-0.08179850628823912,0.11758655567661462,0.015100618601829655,0.003433729346520254
SH3RF1,-0.10848234260657236,0.040244238794859284,0.025628263049065618,-0.05778175812709276,-0.03817544502143382,0.05016659393078106,0.07124495964787654,0.00046479009139134537,0.08477584293523201,0.062085752299513214,0.014692426406846499,0.004880793692273569,-0.052812123033900774,-0.03444330709719712,-0.03374951103566063,-0.02982699474685964,-0.08522145171680469,0.015721007416380814,-0.056875219854763466
APOE,-0.24106882181948142,-0.12126381255847325,0.040641857506533145,0.010995174528375043,-0.038968275292146894,-0.05624757606539602,-0.02824534316424744,0.018394420730947242,0.008136497505371017,0.005828048415855226,0.017043161646479014,-0.13819379500921344,0.0039706257939001255,-0.022390057237930833,0.08687355742712102,0.046836968101205294,0.02566378421210135,0.02643735700430138,-0.030929173099243097
ATP2B3,-0.09633976154495796,0.0748399395161099,0.007183848576327857,-0.08394147168655705,0.09587094314631685,0.0197530083230775,0.02543560937675206,-0.014483677552565999,-0.09982068590045588,0.03722445553381143,-0.0672864553366722,0.064583972268304,0.10081819221222998,-0.01417609969996901,0.012067335059922961,-0.04323374608803696,0.009751323418693145,-0.0027159937431031444,0.08773691875936808
OAF,-0.013058806939358835,0.04402905657590328,-0.08197557633963275,-0.06722475593912951,-0.04657406707352177,-0.0059805580016909915,-0.03260484879341281,-0.0055015611447482154,0.05592864372686808,0.07967480724633046,-0.042838829660297444,-0.020693922243445205,0.044242974757074637,-0.07007133746937161,0.09534851962795748,0.024919604233652984,0.006944821156786494,0.010430952158040524,0.04463078647258128
CFLAR,-0.014086120142308272,0.038228930049684064,-0.003933964395498099,0.03839887965736503,-0.08725905135188228,0.0012229044555848072,0.001670902328955966,0.0008635355782824339,-0.046962291888322814,-0.0070521304556211,-0.014625764599403762,-0.05609850245689274,0.041838762482240825,-0.06457324043687175,-0.01667772445352359,0.05271634680049537,-0.036311208802804175,0.001344339670457319,0.019831501233366588
REL,-0.005993979579822213,0.010427458736609073,-0.011547367075210006,-0.09738795351132527,0.1013995107725934,-0.044069621965250265,0.036102081008404806,0.06567470041622915,0.06017499358402262,0.022042076940341306,0.03547487978133289,0.037198295587762956,-0.04347745278651792,0.025217743009395048,0.009542695094339828,-0.038040828613966696,0.0015257882365476495,-0.009288542309944244,0.040084942607755435
CD59,-0.023905229547040826,0.04068306284104241,-0.021177762581100778,0.0538903876406381,0.03966509731158789,0.06333763520514686,0.017004037546668866,-0.01944299361941631,-0.049912301653835256,-0.04621585061036697,-0.07804853127931603,0.06874585750224972,0.0029319017520002526,0.06031229363920243,-0.0046679583775493146,-0.03281563489696227,0.10037056333687683,0.05729354049778563,0.054534152914467074
KPNA1,0.03844518089008224,0.05705989617202926,0.04401709737942513,-0.0026079266058257984,-0.04025176583349903,-0.037199289814492366,-0.035702792605047697,0.016122535835968052,-0.12137770144162122,0.06862727650975978,-0.013024930633089304,-0.0640953070579071,-0.05816217927997985,0.051405094655187576,0.030875756117615397,0.00996615487613933,0.11007075245219843,0.016206129156338272,-0.0029930460874719625
FBXO2,0.05595836597610762,0.05380898306825222,-0.05601951213931829,0.0005480148413033192,-0.01986913419987542,0.021143425888466422,0.0001920861017044097,-0.03257664460238771,-0.03679066820466895,0.028602356380904016,-0.04567357558997672,-0.021800584028878675,-0.029332129280440405,-0.010236173836515823,0.02366089872348238,-0.016704040518538136,0.029263074899261988,0.024720438153759846,0.028963914528957926
KHDRBS1,-0.06916487494449049,0.05360982191085088,0.056939466844435065,-0.026176222649027955,0.033768126300708884,-0.009222230031619474,-0.03075081752145325,0.017652150334935123,-0.002509605907582476,0.014301040190898099,-0.021052131918451927,0.04085735178122974,-0.00799447833162038,0.044598731643817946,-0.04186281562357142,0.024101191305839872,-0.043631677911345874,0.09776914871869798,0.02370967302997829
IRF6,0.03342294427495296,-0.05091395087625249,0.04901323195981761,-0.08031775247172133,0.10240171945944615,-0.05719467695235994,-0.002078920004654006,0.15185682496577121,-0.037529725593346525,-0.026808465903269782,-0.09591862280353662,-0.06653594081467858,-0.011242811439246344,-0.059990395267908066,-0.034626112169484885,-0.05777191626262122,0.04849923682340746,-0.01945830918512075,0.04696760319315323
GPR45,0.05409535299169173,-0.038821640945500835,0.05952697522875141,0.05865509281901916,0.0021435780819304565,-0.008107057313973228,0.01613049589025173,0.00397581164527581,0.09225158900927102,-0.0329487305828035,0.007718199339078849,0.037544309426759744,-0.03914835823805679,0.04383887845598206,-0.1073456292886646,0.03644733079568633,-0.017803174904858478,0.06557647129031352,-0.13712368648492743
MTMR4,0.028253637975589767,-0.0008846669885341276,0.007856348647850236,-0.02279392995731184,-0.07122490241433647,0.027918164358365916,0.028385209712282238,-0.004087319321665548,-0.04172944554601444,-0.04971382700889685,-0.02919544040184295,0.018585074128391305,0.13052466379018712,0.06630226186257875,-0.02628690679103983,0.07693329828660077,0.09522631377410806,-0.02298627041044594,-0.031870675814276495
TUBB3,-0.002160260284766734,-0.022463547672057996,-0.0010715022371179238,-0.03303075935388299,0.0893709789777403,-0.1865013651660965,-0.07191268655439381,-0.03758179049057248,-0.05219274786468762,-0.04484557205592671,0.003959010896337645,0.037970859485895826,-0.038116120294254485,0.007478755760449027,0.1430537674728792,0.00999517778266586,-0.005873700548374819,0.008764899443796763,0.00667880723146272
TNFSF9,-0.03952425877474167,-0.1746770100451286,-0.007860775607112609,0.04665495337244222,-0.07487724774697768,0.03868948153855564,0.03708026548850715,0.007747879554899042,-0.0739815039460901,-0.0469568529105089,0.010080683656046524,-0.03565496534192656,-0.014309973614525226,-0.021990997335474972,-0.03283365571404619,-0.09798761955374691,0.0653565867343911,0.06275241402522996,-0.16105990269183268
GOT1,0.21265658067127283,0.14434031487077884,-0.15065066689014817,-0.05041412283542489,0.03127125004264674,-0.06472675675998842,0.057485324777757245,0.012416763370821586,-0.031094512811675103,-0.12823020820151818,-0.021482254007469462,0.0401458605131406,0.010423000309926348,0.03198046512001969,-0.07445809516336338,-0.056080558491914914,-0.013741077324167135,-0.032406961681908465,-0.03812414161096811
FAM174A,-0.005111060821987734,-0.016242371784371875,0.06545943068723495,-0.016445625437744867,0.016026932758088752,-0.060093286513596585,-0.035660561945987476,-0.030205407700127442,0.15873727932841145,0.07050143789296232,-0.01619832252044067,-0.03548745180387771,-0.01896798943081896,0.006568136052637751,-0.012693396649184254,-0.033326291167092355,0.01489296104616449,0.03377190737691161,-0.04477132909425301
ITFG3,-0.1861918810244992,0.0013115830430532088,-0.07559507288203816,-0.07900439803557634,0.04874613768105021,0.0906627104518944,0.038190969882674904,-0.04758236487849516,0.015038061436719761,-0.046387371300938056,-0.04163790479013678,0.06336248023043825,-0.004810551609027702,0.04808981755659314,0.009009794856791084,0.013782693085323199,0.03976102912847908,0.014384454917551796,0.07011778021090802
UBAC1,0.08775702667912483,-0.03931521305366122,0.023432124184376305,0.02486686547177425,0.03470463103507045,-0.016969625490655015,0.06322884001578262,-0.005961283799830024,0.025792837277001344,0.038842776224715506,-0.10744998966308328,-0.03749288503960336,-0.08847525197561226,0.06428937933134227,0.13443252279996465,-0.039681883920379524,0.023325483872590078,0.02240120754625538,-0.03655002436212468
SRC,0.024990511526711792,-0.022956477971437607,-0.0574095041375169,0.06860324425835566,0.02127652739014033,-0.05865138661074081,-0.027546531795618282,0.010955698435061102,-0.050266475177606997,0.00896711661903709,-0.03861522833939625,0.01608600712362077,-0.04118255315281306,-0.002395227507839287,0.014206044563199773,0.008502804764712938,0.011183515742130827,0.07269541380976435,-0.030902505449583687
NCK1,0.008893655631646881,-0.0278449887893598,-0.004662084432433894,-0.003378323346230822,0.002069707247136141,0.0060986942415299,-0.017321579450840934,-0.03490099490513437,0.017894276059191236,-0.030006816966787184,0.019449948000850707,-0.0044814151355701964,-0.003946664485077722,-0.022786717922334544,-0.004866737355726883,0.0215032363086853,0.023592154695388733,0.03945465156477524,-0.0048685992631876856
RPA2,-0.05684726545380806,-0.0074324372105261305,-0.120899164959005,-0.010670332831308625,0.00928034839780437,-0.05498913109141341,-0.005930704611921175,0.03746450548731517,0.041827127411212396,0.03767887420752292,-0.0320791924800147,-0.034622435378325433,0.037660913299348654,0.07122396493292812,-0.004360346465588393,0.06310241848152902,0.03069078850843105,-0.06602053660513735,-0.008080695997113132
MGAT5,-0.026691844072128598,0.0914074341037272,-0.03423128123204944,-0.07600651427187742,0.0029648293789881837,0.10526619329611339,-0.04934779471502442,-0.017588452271349603,0.036469736261916644,0.03095255253792715,-0.025104541697878457,0.021859191160706757,-0.028771046109252955,0.019103364782327027,-0.07232862100638444,-0.05793982286534011,0.041792825740216,-0.06336059197701867,0.014290502759351896
METTL21B,0.13934925745449636,-0.07972266130614268,0.11225860525712737,-0.03621490932358623,-0.16539492002640915,0.00695010193603501,-0.1080970351249959,-0.0747524197452883,-0.004327398829845438,0.014253118981672202,0.022975722486390817,-0.1058866351932902,-4.6317358553662e-05,0.0014941212117152978,-0.002954906454996081,0.06725944582765918,0.0038081547327741636,-0.020991869242350573,0.09098376632133981
PSMA1,0.070895125495843,-0.03125490938331244,-0.01926136864375272,0.08241970555543855,0.02913929989579049,0.010393941980160505,0.041306329311111264,0.014615961585749761,-0.0008893165092837039,-0.0037842827633104777,-0.014210272693387597,-0.06723461764927696,-0.0170943614486668,-0.029211898887260283,-0.05687644992660344,-0.03839535828946003,0.016879809411962356,0.031769979997525365,0.025021462855334624
PSMC3,0.016446757414399004,-0.05993752732195082,-0.013097137351386588,-0.08904067655011992,0.02504564508960909,-0.008597592904683518,-0.01958231502135431,0.03273304535295245,-0.05962551227588111,0.01911118980047717,-0.0507445574203825,0.0142469124001987,-0.05681377704304682,0.016266569584007615,-0.047227709682251616,0.014624869463147765,0.0004650235051067444,-0.022131262247344456,-0.006274998884495489
CYBC1,-0.01595101357292262,-0.015746794994186786,-0.05012261845912218,0.07610401366951977,-0.03653037542580108,-0.00015858568878374872,-0.009440702145970549,0.04789109572371384,0.005777996560854308,0.11289899407525933,-0.000630020424973332,-0.04499857285672006,-0.11332046063711358,-0.0744064085746114,0.09899534586958669,0.002701801644838192,-0.030519412000019917,-0.005454650800846211,0.004553894686171292
HFE,-0.03464303929367348,-0.10522782280774418,-0.02434359515479038,-0.007696694056534462,0.019899202823736993,-0.011806413049308927,-0.007062527743404672,-0.00035564634552318563,0.07639501827168665,-0.027217107690785034,0.0436701244003802,0.002388535933963923,-0.01616937325982877,-0.001908450985230186,-0.03123549655020997,-0.0068266014130731485,-0.004436262796240977,-0.016545421169060628,-0.056803923990961076
ST6GALNAC6,0.11123286950842229,0.14764287033561468,-0.08652381014191961,-0.05156068730174828,0.04520263778206719,0.033951308880538975,0.0461915835291649,0.0585424333540409,0.02747098516924779,-0.1279791570606857,0.023419802622359782,-0.011289074728790151,0.02967079118566693,0.06799527481998893,-0.07884808687941915,0.006451571816378525,0.023497447541999273,-0.03790905787132759,-0.06389289790047538
RNF7,-0.0004887873199021751,0.06046554365416832,-0.023955131691345485,0.07955449520466266,-0.006410348023754119,0.02287290399011664,-0.006494753869947225,0.0653214158697368,-0.018323477366121426,0.05817865983981572,0.03353933496543835,-0.005570770962406117,0.038173333769437594,-0.1242543356979409,-0.05819856941295585,0.024500259618636968,0.0009027687744170402,-0.02800579976446308,0.04203033104808592
ERBB3,-0.043638860197315034,0.04505731562583157,0.03793947673742836,0.008106346132539657,0.08825809015118838,-0.019595772928086102,-0.1338218769433416,-0.019607112288897558,-0.01342938535253893,-0.044891427348467156,-0.0036508128913539575,-0.0016103714502823609,0.028089960209041608,-0.03485718157998193,0.025072656845397376,0.01099053108006596,0.06493643170418532,0.00011206696449681844,0.015160514994030387
HSD17B7,0.07300079559905429,-0.030597640849792714,0.02179354484507669,-0.02601567826182183,-0.05292174668353665,-0.03678513829141636,-0.08934433942115076,0.0638449354317485,0.06673331848000724,-0.09543547724705115,0.09121609018687556,-0.12659672145622802,-0.20609736831729314,-0.05209750748284893,0.04270788346529271,0.11556400811002475,-0.03562109023303987,0.004639833116433607,0.027226444212938735
LY86,-0.00949719196861422,0.009959270015300763,-0.12383590843181443,-0.020907672655175038,-0.00814608480712314,-0.047212576622079595,-0.0396440498748276,-0.004787507070424122,-0.01079985110593465,0.007137979069173416,0.009381642034546651,0.003388074004432229,-0.010926288662300936,-0.042825488197878174,0.027450888855615467,-0.0293430862169401,0.01807726298523843,0.04722689342197387,0.023476213392632967
DDIT4L,-0.03701856222492934,0.04294935770660303,0.08408615467542856,-0.06477715449587806,-0.05630671690378589,-0.014203490248684066,0.03742665733013791,0.2939864111165038,-0.06035994274845411,-0.07969116849630542,0.07489968543073894,0.1569779720936823,-0.07361948356676118,-0.025553529565981968,0.1395234075377495,-0.15234467527103152,-0.0713030248097363,-0.15851717851423103,-0.02753947593624359
CTTN,-0.08317424973670416,-0.00936408985557481,0.032481042477045294,-0.05912221159286221,-0.02581975735007721,-0.006608995392127836,0.06157287524223764,-0.005453134203682569,0.04810417945864996,0.006743809028314453,0.02225956856105799,-0.04733044656448188,-0.038998389700683984,-0.023192342783533156,-0.026358748972814438,0.0023561167968243874,0.008088362494626623,0.010585806945675017,0.010236612075029754
CCDC109A,0.05910768620517812,-0.015957388488103675,0.014648237761740884,-0.030046138184743488,-0.017771748835241737,-0.0889402323688337,-0.008575682188731235,0.03772568437338123,0.12149424150158762,0.16563043504431152,0.0169890345612608,0.059196902329071516,-0.04333646564888292,0.032676893909582116,-0.06047625408743252,0.2113150309341993,-0.013475810309633468,-0.07356307515272582,-0.11561433233984471
REEP6,-0.0551290718915156,0.038830004247114316,-0.1037150408279584,-0.020902340608984788,-0.07139146097013126,0.04624282827886378,0.06879563964764784,0.022813282303272096,0.07767881671086754,-0.026198284432808187,0.003542769109694183,-0.04379609712184869,-0.006880163786197358,0.04357986989104035,0.006794255651120053,0.0806058804879752,0.03171196655342407,0.0028563103846347745,0.1070641023292178
ATP2B4,-0.05653306335751891,0.04633895455643582,-0.03572075687706317,-0.10271491284102958,0.07229839857119603,-0.06155536690580559,0.06192461578905219,-0.03138096623150094,-0.08519410922018876,0.028037774365540637,-0.03340147411322678,0.02680880159840172,0.0711549467338708,-0.03838767892338522,0.03536108091929755,-0.03659100838820237,0.0014040424445158556,0.008523592212991734,0.07509396303853594
C17ORF101,0.010801289493403437,-0.1472408103221445,0.04844977388521153,0.05211507207951324,0.0330232802736019,-0.08850913666603145,-0.01544531199262732,-0.004512344186108742,0.024901797951112074,0.014903555972535973,0.011228527274178038,0.026233370091884808,0.004698864750324673,0.005585515400966096,0.010206588602151635,0.03023430504811218,-0.02901260533702744,-0.0008381648890920369,-0.019458785919735964
AMBRA1,-0.052158132335462126,0.04200307412469162,0.03296337004749105,0.05092662764192354,0.13483028613431183,-0.012737990153707924,-0.024370756202923827,-0.008896876032613929,-0.09136413603594622,0.0780296148447632,0.07775415732085424,0.06696470695899163,-0.04054358799190849,0.006646508598468086,-0.08319307583664992,-0.05429542409138396,0.057394967758452244,-0.007007910096388456,-0.10261510792942073
CALR,-0.0032151971601028545,-0.02799914657411834,0.07805281873360985,-0.012131078369497223,-0.0808073330362457,0.048660064732927825,-0.034792978272260855,-0.008992628857604035,-0.06490548801400152,0.012136922623498603,-0.005180722949683857,0.045634878726134157,-0.011507940208281426,0.04695427949243973,0.07760670145094099,0.06123769441348934,-0.06034061012427098,0.11464399702617543,0.0978784152468665
SEC11C,-0.026228006098363104,0.04641526035452709,-0.04865246827687519,-0.023593389552743583,-0.04468280471063037,-0.02078159634429378,-0.010447169486140042,-0.019894573324870175,-0.0015620493554762355,0.04324765572855728,-0.05521352483527579,-0.0064099222477271385,0.18646539149034694,-0.051631330203971065,0.07967038744781847,-0.08672144106970815,0.0428378732758616,-0.00880429961843303,0.028687239250435564
KAT2A,-0.01910517075004157,-0.035641376339582566,-0.030707648832913725,-0.026178776301266526,0.0371702460785137,0.01732433140843897,-0.00953035301760161,0.0410588574122831,-0.04437735529394154,0.012270432084624128,-0.05091114615737996,-0.026230537023739894,-0.009098395508059527,-0.03585992084274912,-0.05727611035987882,0.015513098803229451,-0.006465145349776252,0.00714300803455773,0.010110204605043418
UBE2D2,-0.00013062224882442894,0.04666209548782655,0.08107735928652907,-0.15644168116696555,-0.025212796486985985,0.045069532920173704,0.04409817539872555,-0.012919795308736036,0.15138044176172966,-0.08264187635183973,-0.023855366496579405,0.07222937320282621,0.06271202721849743,0.022368500173938752,0.05072064654423675,0.07833044734701092,0.04221032196698721,0.0625847613685675,0.000891782479487144
SHARPIN,0.02987052825309626,0.006369594207776916,-0.05550861596731823,-0.024178128047016117,-0.026874124401374044,-0.06263893201956434,0.027001475831639137,0.0011965472836696443,-0.05392653847833007,-0.053089802719017566,-0.14958647417537008,-0.022795865867684024,-0.07964670617555969,0.015131177512488844,0.14272989230269023,-0.06743063967851502,0.0674107818504339,0.07919559478914992,-0.09762786286670934
TNPO2,-0.13963447522994699,-0.0014408796339680486,-0.06816765088365512,-0.05157221705232561,0.02955411990868659,0.10253781118825728,0.0432513941557935,-0.07405146722557354,-0.012631638147551721,-0.045231340780671675,-0.03931202394052162,0.025119092090908283,-0.07393698198981513,-0.013570796359896555,0.0956252802013094,0.011992840597891526,0.05657203790439529,-0.009747448930650007,0.003275668102951989
RHOA,0.15503830733104842,0.009418585425887542,0.013504986241098286,0.027462492562545515,0.057038457190653896,-0.006606054666072772,-0.12262455926251836,0.05996741953743842,0.00653650759498935,-0.11818601812380472,0.08089751881374406,-0.03904354131672814,0.01435929089953476,-0.05571148118317187,0.04317599568275577,0.057313503635524225,-0.06024868358958671,-0.009453423271412366,-0.0077619533947589515
PRKD1,0.014831623853562478,-0.07525478301983696,-0.07182479878679186,-0.0588200640646447,0.03096062844251648,0.010072423943300289,0.012476569752057878,-0.014706430333803935,-0.013290334867188908,0.08254861896754327,-0.09014661444902708,0.08789737989579305,0.01207442362013142,-0.00614041696526004,0.00826641004239903,-0.023256935810816493,0.011716327858588641,0.012660867611157303,0.017133033637463567
BCL2,-0.033568286004253475,-0.11670664231782749,-0.1333714241875878,0.1748332844075414,0.029837915447963822,0.08224866752024358,-0.020765541938060277,0.03479806111342276,-0.03509267167091777,0.0024876250211029465,-0.017518887657597678,0.07508159721594627,-0.041303361954683294,0.0039232712465385395,-0.017185974045576192,-0.0122868240320625,-0.02285603590593576,-0.08943705236083882,0.035247971728396
IGF2R,0.014104807647668508,0.17115407481068204,0.04914383760152344,0.0095405213234037,0.008816542566657683,0.14499940401122308,0.06405277621006908,0.0480216450912827,0.04584144300209486,0.12036307437569765,-0.06765449001498972,-0.03554375894267594,0.07733080674355405,-0.006815741406537898,0.07638008968203171,0.11467090103415907,-0.035213159143887916,-0.019123240419030033,-0.03922830181209718
DDA1,-0.07490918795636568,0.04764101121021963,-0.02942139597399753,0.112689325154624,0.04930163857808283,-0.09152174877697214,-0.001035317738983298,-0.0336895372376815,-0.04239450571843919,0.10388281684139503,0.003750031638360629,-0.019831608477804474,-0.06507619758697296,-0.11187811298252959,-0.10029283478459246,0.01910371616876373,0.023743946608258917,0.017632904017547708,0.015902455898921936
CCNA2,0.07913417880280096,-0.05681345189695238,0.01757585480100769,0.05350738383484017,-0.03621469975699675,-0.05836103033020487,0.03844378594286204,0.11989996521479405,-0.1808281051020568,-0.012467097075314192,0.06569251874700849,-0.04216640343144221,0.11147106684912149,-0.023259652138116656,-0.059644381904978234,0.025102152482763707,-0.03977226744623907,-0.07897875603559705,-0.07047965211276652
ERBB2,0.009349277188199777,0.026797175314830075,-0.0024322810303388518,0.023095655435084073,0.08200961282910775,-0.02344002609138757,-0.018715834037708583,-0.030723525817462276,-0.01583935309599175,-0.02115862751102354,-0.014488368129701062,0.032705604511170064,-0.01995661539591195,-0.014456983657040021,0.021966783486722707,0.02484479281897839,0.04398261822928743,-0.02083599527157619,0.028556530844486762
C3ORF64,-0.048890887558498006,0.020517792864728067,-0.09271730827155189,-0.044051497827553326,-0.026602858981542795,-0.02660724803771977,-0.03122747374342412,-0.02644444819725953,0.010055711563795578,0.020132002209480748,-0.014333843778974351,-0.005020027185449522,0.017809987287540303,-0.038506311625642234,0.0005676099122218949,-0.0322253763959966,0.00900862688397446,0.02705989244982327,0.04352911870592734
ZNF648,-0.1102020446771415,0.03704600761966673,0.04203866863070969,-0.04759149686958328,-0.02410069432825137,-0.03983092925570808,-0.05039214572544126,0.24655132112675854,0.012774586083937908,-0.0668143273123319,-0.007292260086409885,0.04677852300948481,0.04524348120726427,0.038014999368485555,0.03623195130835566,-0.04185629757509748,-0.02832684942243495,-0.03726023316065869,-0.021745566441324048
EDEM2,-0.01202816859345581,0.005978811009629466,0.09558775463504329,-0.028993361534519688,-0.030069058482093045,0.006279185858687192,0.0915493272065057,-0.044119850521210174,-0.012598996828309708,0.04393640385341498,-0.05484384682052967,0.045078209977204714,-0.018195635868581694,0.013159569937822744,0.007494628972100886,0.059140054261765905,-0.03652939410118639,-0.08640074074958891,-0.05655745194571682
COCH,-0.041419290139213374,0.06888471096241067,-0.025559263147063672,-0.06212620981121846,0.01169053762020853,0.0809761391338319,-0.030009156544201,-0.010685261694833104,0.03895928590574119,-0.0019348342941452599,0.012258208964729251,-0.0034352229148050953,-0.024246302746518185,0.06631167974731059,-0.08048187523219673,-0.02904216913922314,0.01159997380185429,-0.05581928550147949,-0.011095978961366696
TRAF1,-0.13049367803184175,0.02024953803567267,-0.037980493576095044,0.004333606198773743,-0.13083186175474584,0.03739140989886619,0.010351870449814594,0.170251739367645,0.04420215036687919,-0.039216326419559265,-0.03532619598425658,-0.06740168867573991,0.08775554337234133,0.05082068215828367,0.04162497617952372,0.0494226010810128,0.03947115962358252,0.012018529101230156,-0.02362090849739454
KIR2DL4,-0.03190298141763301,0.007136248563915615,-0.0636191167340206,-0.026987153524071338,0.04801655499947129,-0.03346980669404494,0.03859480327916856,-0.010406476695105546,-0.03467719360178642,-0.08809457294756746,0.04242169296688797,-0.0001523381325131916,0.0462081436002921,0.05555040872622968,-0.022351199047443326,0.040270262014211404,0.002602469261402132,0.020871691525949417,0.12216618226555334
SH3KBP1,-0.06839000244702446,0.0007258240993391897,0.0449170888947019,-0.09087905045411426,-0.05978702393699266,0.053079540360075145,0.09519723410404486,-0.021997715189864268,0.049623892747672135,-0.006615353382909122,-0.004969544967077342,-0.0603623810788974,0.017758243156309233,0.005149770841798922,-0.08001214462137624,0.0528521126825406,-0.06945782002738572,0.04844492941024582,-0.03876041862506989
ITPK1,-0.14947524255029004,0.045893552030231155,-0.04708400019205596,-0.0774762047137429,0.09272319423876878,0.0031628711774482773,0.010985646410173695,-0.05832404296466153,0.033779285211331944,-0.09427492929409596,-0.022458685342071516,0.01776549758600582,-0.030652371061746723,0.03366794458635166,0.17712645443471145,0.08993924272369928,-0.021544394704413248,-0.018754745129749555,0.025490674359100404
SULT1C4,0.01804066338673771,0.037496918394798184,0.10654310553314666,0.10685365974785696,-0.009176658698616051,-0.033274921912136296,-0.10590538757455556,-0.014718131885679745,-0.003138509968080936,-0.2549360945231384,-0.050052724504174695,0.035560795828886695,0.03414170804550423,-0.06470369213756427,0.040910671169402585,0.02537630772350532,0.005465100489192678,-0.051353718992056825,-0.04553891219507472
CCDC47,0.14419176282393176,0.05241887912559945,0.08075653578446682,-0.0511949024035328,0.02565489205278643,-0.060720829003881434,-0.08725083436464925,-0.08127159340295091,0.004319199604606287,0.03309109213662829,-0.006454613311609128,0.13893668664514758,-0.009985593455648109,0.03169652820866952,-0.12559617472727785,0.0019078769666152175,-0.040492846553740164,-0.09638912269560149,0.05825325119555587
SLC2A1,-0.050824247477446974,0.06974361552766725,-0.007984899867527824,0.027039068744996536,0.13373601029400584,-0.019307876537390703,0.030314094033643133,0.037552621063468156,-0.023794730918531185,0.07567512013679123,-0.0038068358857093394,0.028164263530523512,-0.008036399383104666,0.07960020112677878,-0.04962149252162011,0.10091033588216909,0.015453700400110489,-0.010918559776298012,0.0025431056636784637
TRHDE,0.013572105810747654,0.08527867194741381,-0.014176478167259728,-0.025458171976841363,0.006138610609905906,0.044330140309386125,0.0027005324572619686,0.0012574308309776377,0.02135511855813308,0.0013487413997100254,0.006594058519330691,-0.007942125914580449,-0.02651156641585505,-0.03106885165752136,-0.07299992147932596,-0.052939524676490324,0.03959074155539579,-0.00652878415200041,0.0033853639847109935
VAV1,0.0065164460991343045,-0.0019182841036006497,0.037253498447452085,0.01570353915816377,0.02160907988925085,0.04606943376620586,-0.012398600100400132,0.01924411297957849,0.013177876236033578,-0.00454094067413418,-0.04546908580236229,0.030952298972492256,0.01678031045509734,0.022636037871395745,0.016483258823513917,0.03945496844188109,-0.016222487783515392,0.016148508512799798,0.023439651111297057
EEF1A1,-0.12425629397094609,0.01827887733071658,-0.0440409704802244,-0.01141130499838592,-0.01775581725519124,0.07047721081640347,-0.053915546488732764,-0.020073160472189766,0.010211049650997651,-0.02572300080977232,0.007006549659385222,-0.04984874338251583,0.05837030827026888,-0.07193430549748252,-0.056809562254822775,0.03092991586685973,-0.015641818239651523,-0.05340125944240639,0.028408840815588997
CDC37,-0.03616238128890243,-0.05291635432182817,-0.02445940703156126,-0.01358795923066283,-0.030646005457444433,-0.09319667435725702,-0.040946509245278866,0.0953314873177506,0.00205714027519564,0.040159991095415334,0.10760471947291217,-0.10570960492335255,0.055151877171056525,0.09245832435112857,-0.0006160003269529338,-0.03243340734153085,0.09210646002072462,-0.020419207163400777,0.0630510474120722
SCGB2A2,-0.03171810480664376,0.10960573247958032,-0.03332740182080259,-0.05301386574299671,0.03912241346847296,0.14609630837560683,-0.02850406806613124,0.003762274523114746,0.05600869809956471,0.00542086963793329,0.024919285187912994,-0.01852892103375421,-0.04173201828669972,0.0440251791390204,-0.1243678670582264,-0.046381683443333335,0.044202973127022586,-0.08087011413602195,-0.03950340885761773
SLC27A2,0.04478037742101295,-0.05127720864815274,0.11715781186608178,0.08357433597883619,0.0033830428800701337,-0.022901185407931353,0.06088382339851543,-0.007719889540171951,-0.024928585174415988,-0.03700002374161534,0.01665063403413376,0.00850709227073223,-0.03423496215829546,0.02776533870799364,-0.03472423078369164,0.016982797367768317,0.0010328164404517313,0.012809074180680162,-0.09353358309451354
FAM175B,0.028155684284834493,-0.042783140689918904,0.00013538452493380186,0.03765729400324919,0.0267174340349664,0.010461865217759055,0.07125312589371673,0.09027019368425851,0.01622710951946243,-0.02119216555152969,-0.07030950512604758,0.048096441988217324,0.012360798711179514,0.06843287088338079,0.09018601273194604,-0.1256896525563204,-0.12529877618990515,0.002121141775548571,0.012618226071053536
ABL1,-0.03975231204431003,-0.0012837244718987982,-0.01416694277059083,0.01263432813522512,0.049204564150963234,0.015084877242485778,0.0037624151185326558,-0.05363439167171067,0.041650596910690695,-0.011182471491929948,-0.026134697838728543,-0.00019032646270143104,0.013739052391186205,-0.028655034709107977,0.020546579294154724,-0.031775364260925004,-0.024389086604471467,-0.018707299256830463,0.035474682120901296
SALL1,0.04871299401353179,0.1156527426957723,0.07097227973942595,0.05419648381065495,-0.059951166796805094,-0.1101291180334305,-0.08367968431310029,-0.006391068202992378,-0.07165350701979788,0.05480931946635851,-0.023420065004110317,0.0024917354361933095,-0.002960048179630341,0.11324859142300553,-0.00653841205521886,0.02112087530280187,0.09742747730278375,0.17267143340619076,0.01986871336357209
SH3GL1,-0.041482376269769736,0.037237379356249496,-0.03841411359936501,0.012598003423387724,-0.0242004151247533,-0.08016738514844407,0.054285434238566674,-0.0007418361112484633,0.03021802982554425,0.015230566070853161,-0.059144952070876,-0.06967228898078233,-0.003154782365795249,0.01992293479616717,-0.07410403269334186,0.1442287533813782,-0.03898492648107063,-0.0063478061711094765,-0.015748536470373616
SELENBP1,0.019684068794358377,-0.022495472577740747,-0.10032990056440966,0.08047985919896988,0.002190979328582148,0.04934182667994569,-0.024047628246572316,-0.13212562495049562,-0.026525644682784427,-0.05953706220541644,-0.0046783874069290425,-0.06741496925606409,0.055252340023793194,0.0019146267502374063,-0.022888940250296735,0.037369723220634574,0.0005926405609849364,-0.12105319314527424,-0.12952047870679984
SALL2,-0.014252506329225536,-0.03174635465171321,-0.018143298649467166,-0.01952466665734636,0.10880750027742882,-0.07157354330665415,0.03748083366852816,0.04278327899863348,0.012120423437669515,0.05812318017270269,0.01483282650158489,0.02742705454820981,-0.053739988838969195,0.03148833079239655,0.01991525177987295,-0.03886143702442419,0.02965924308412686,-0.025282537852826054,-0.0017492716303895502
GLMN,0.023282812086827243,0.04049620032943613,-0.0006989307788075356,0.11179030785854469,-0.007154254989352249,-0.0020584847040072407,-0.03776500104950573,0.06779203090755005,-0.10525658316724694,0.06560659971683117,0.05870113717465754,-0.07116898546057825,-0.006358502933995093,-0.13964168029169033,-0.0611147002145606,-0.056073842339624175,0.01806073354310086,-0.0739788338893768,0.05206745855081847
NEDD1,-0.11307625646268082,0.12919585978458437,0.0445677641539084,0.053474936721372206,0.004653495074910657,-0.10627337633912326,-0.05709225637569168,-0.10737565956873527,-0.07435936031056499,-0.10662499672593434,0.007008474604898223,0.07280827724629717,-0.030159584766606833,-0.011579245000272773,-0.015836890596260356,0.011381372147776759,0.0417905473915765,0.039868221782208835,-0.07377984729834426
NFE2L2,-0.06825989725831051,-0.0036189832684714305,-0.02061897620869514,0.014308837033369706,0.09439736688016237,0.03760713957515528,0.0018488818353492253,-0.07506945488154182,0.07579648201263178,-0.048716449008476985,-0.02673267880235151,0.034301150989387574,-0.012553970750450226,-0.12512947025564078,-0.05389717884799762,-0.003928135206624417,-0.10644294974000723,-0.11929395285042935,0.010897947460488989
CTNNB1,0.06965156868484124,0.008566046207132912,-0.1685481682883698,0.007204468603678418,-0.04259102121269378,-0.08016424704427674,0.061824450642303554,0.00947235798244366,-0.08318050419015584,-0.054242440121951216,0.0261223821936298,-0.044973889637663085,0.003821372558059206,0.052460198304603946,0.07934096146891949,-0.046153095394240444,0.07570079787907343,0.08032912212149056,-0.08597259409776355
ZBTB10,-0.025761013572600334,0.059607894368854226,0.07539350672132575,0.13236875553850264,-0.060166054595430736,-0.08041443459520486,-0.04246251495229707,0.057076362228459875,0.050534676685416786,-0.012282960232837427,-0.16505182345834796,0.002430535519039913,-0.03296073290462729,0.12026118392583048,-0.07184936694285123,-0.07048858148168205,0.056834181468703594,0.09540325541756349,0.04019727732034282
FUZ,0.07052574999249042,0.051543108877964525,0.04654264163262978,-0.04183980701084538,-0.1333325006607919,-0.06507437676083198,-0.05439364768664053,-0.08943889515453957,-0.12534867861150986,0.026335112958584192,-0.05634399071259054,0.0029911889541806703,-0.1717021501268484,0.09279281003948801,0.06682431195058428,0.02209356500733148,0.06416592309457532,-0.09900651003097587,-0.022293472903012555
DUSP16,0.006704055695258106,-0.034052072711702006,0.045603560443969085,-0.016481039589443677,-0.03908825298720914,0.06795783575549832,-0.05289718405622079,-0.015167639908239966,-0.05966489014248962,-0.142906828501081,-0.09362550326002161,0.044180236643364186,0.021812657864397712,0.036862419211515465,0.022624593827647893,0.10260185422969328,0.014218224091260655,-0.010119560065483436,-0.04252261458956088
SLC30A2,0.03187500207104885,0.07541763510923019,0.04613009651697465,-0.05190222914487912,0.024495360589833138,-0.03766354539213388,-0.04381105867090456,-0.04079334406135431,-0.015119057735078868,0.014913944346686345,-0.024896224679550872,-0.022664011773275036,0.06189864886924007,-0.06608125685795616,-0.016593781811498787,-0.06265479166488695,-0.03493077274075099,0.004616287305748858,-0.06258915660934675
TUBB8,0.03086148392420978,-0.02246541327616671,0.09689068566620526,-0.04547403989633767,0.11693745114157288,-0.16333190901823794,-0.057912952486803136,0.01223882844607619,-0.03496088205845283,-0.1255322426575649,-0.03519784642598112,0.013492308284142518,0.06346128922257889,0.021310688455605416,0.21140218516422654,0.0521411325604676,-0.0841996236044668,-0.07932435280503158,0.01959330897627967
RFX7,0.105566657177463,-0.09327373206965967,0.08992186377233902,-0.015745004620829246,-0.030451648705970436,0.06087158827420166,-0.005744352266823293,-0.059280788750813516,-0.015590976546041083,-0.03293982613080116,-0.0019204861724305552,0.07091845432289062,0.06555772689212257,-0.054275159667918994,-0.00024636619349517196,0.07480678769061652,0.07382105945624078,-0.02695324975530839,0.036889561137474366
MDM2,-0.049661754901506684,-0.0552673813969364,-0.04125172682182344,-0.016714696037191838,0.02375572334648916,0.07474805539455648,0.038874979743694346,-0.015473449435676509,0.0779311079473292,-0.03117689703715815,0.030750107510761352,-0.019732722023489625,0.05732827192799896,-0.018280513240767474,0.02109611101384075,0.02042248864574236,-0.08308481520133534,-0.03025465317884598,0.030409848759902984
PCDH1,0.046193887505655735,-0.1700107533341397,-0.1263898629772541,0.0535333697623477,-0.0738789985284791,0.018737900067133613,0.040127351492102975,-0.06724416749836405,-0.06731040361156626,-0.09407592261414882,0.02844228598722728,-0.09344708546362653,-0.026725207957702352,-0.05058302118422516,-0.0474736104519022,-0.07771580905343954,0.08987258326493215,0.012775636917803392,-0.2988007668980441
KLHL15,0.052281609262790296,0.02223472789368532,-0.013031955437483636,0.1259312273149927,0.0004299982704502363,-0.042630980893800505,0.0013249587880378715,0.002224187483658838,-0.03513781236653739,0.08997817283010202,-0.036049950026571284,-0.03633304561789716,-0.10713337870682593,-0.15251447308947116,-0.07380220401454411,-0.03694534232768454,-0.011539828658318586,-0.09979468227235164,0.0871604087999082
MTCH2,0.03837796674602274,-0.06726542432907981,0.039658459258518505,0.13059632156082898,0.015681336688428697,-0.03945099698383007,-0.0007524354675501866,0.12704859291827494,0.13089263340483795,0.13077439292753545,0.022919731838919162,0.08888725538146257,-0.09799688587713762,0.07024104710059306,-0.10837657673359569,0.1475348655282067,0.014986770237444182,0.03108384397957487,-0.17547738219202733
GGH,0.009291171943547389,0.08879723680318995,-0.017650800376830002,-0.039220453388022755,-0.02507493719016676,0.002462041104403457,0.007960651857798116,-0.0513742063498218,-0.041454974025183736,0.012492764806360981,-0.027415695049068566,0.039246311696387856,-0.06954012046177553,-0.001997950824814823,-0.020161371159816064,-0.010679016846637182,0.017283785797421992,-0.02459753895641186,0.02942385528426863
CSNK1A1,-0.09409732565606618,-0.0058114635220953125,-0.07041977471374909,-0.04281432595127731,-0.020701082717628286,-0.08044471623314318,0.01641833521614019,-0.06170011260437763,-0.00357084808059946,0.03451695710242689,-0.06290122732332112,0.006277844148141546,-0.03318850264888005,0.03669988308449605,0.0056968542915436,-0.07080085364335088,-0.06692683067057546,-0.00978834873964878,0.017289136599217034
NOTCH1,0.0278517129232389,0.02036929398751005,-0.0468588600205491,-0.08180958203424406,0.04784049837494892,-0.009866108312124087,0.034093206123629725,0.010925854493141212,0.07386183683269798,-0.09258303227284535,0.0009782240217696052,-0.0347528467853714,-0.03771174466898987,-0.030290955772324674,0.03687264221566413,0.018840478025430773,0.038637626064918204,0.007922662975534147,-0.028543737286982944
SF3B3,-0.002174143266192522,0.023593296764292705,0.06551193758162659,-0.10258852924338865,-0.06327953503883532,-0.03064229853346463,-0.07038077281366492,0.26340128135185314,-0.19901104185356522,-0.04224937648873518,-0.05240974952328985,0.028459550168156628,-0.0599188447226707,-0.03308564232269421,0.004263994082102467,-0.01939167629004585,-0.012836398754844033,-0.019233602890222808,-0.05414899277669292
TMEM2,-0.010733978135256235,0.09443357449240981,-0.06403307941131786,-0.04542001818312204,0.04297775128630571,0.10658290901299926,-0.07939974233697811,-0.01097320532964554,0.011493876887455642,-0.007502907149521022,0.005718613834551216,0.02352782563409838,-0.05891730636081776,0.02014374916562745,-0.11854194821367248,-0.0625688973497521,0.05868842918584028,-0.01336163166115588,-0.04591253765441202
VPRBP,0.03517602032936761,0.046715657378273726,-0.04686106363648655,0.12621871898674272,-0.01266810478014908,0.026155525762286955,-0.07066930456240854,-0.06346195352905008,-0.10245897268460327,0.09993241962061197,-0.03699681845906796,-0.08803258759197179,0.014508854624662863,-0.10241728913809915,-0.06367496886692854,0.059927327793041316,0.07942047936259737,0.03475239633578752,0.023696860521421503
TRIM28,0.006983329969305107,0.03775880839937148,0.07707488280467928,-0.048386740433812726,0.031384337646616856,0.02221315081096896,0.03641086822734254,0.005332374234377605,0.05679022804275734,-0.021605123865998947,0.03167830532646842,0.062422840061953686,0.055978917194786905,0.022663858704165124,0.04560852236987286,0.026303420374927076,0.01571478977311687,0.1201566797107541,0.03266729063617146
AGR2,0.07693067686265567,0.10602949136090054,0.0920740345657744,0.024454720386984694,0.012656452271243401,-0.022695563229333263,0.042986075444735754,-0.01281887295554692,0.002349954830286443,0.06406210759537885,-0.0266205687303372,-0.03434268179117637,0.039059291405317886,-0.05545263381331143,0.041584706356109946,-0.05654339505036353,-0.02938567872687792,0.03906432655940917,0.025777488927042846
CASP9,-0.039440551028618744,-0.0679355936946279,-0.08061230216452316,0.12197549842324679,-0.05439969661111336,0.0997662764683935,0.01501445673075611,0.11020221661543164,-0.034609419238316896,0.0002542755800859377,0.014463714457873245,0.026110624013540872,0.06689944204439238,0.020988262296235387,0.022971784705001348,0.02855303654796054,0.002238440094587225,-0.012479590210084041,0.07597505452557236
TCEA1,-0.016992951118751223,-0.003149651297883667,-0.09294350617116563,0.14538436858220016,-0.033054681752660825,0.015116434801084657,0.023912441011937575,-0.14764140957863742,0.07251385967982128,-0.0142756077782001,0.2586219317597224,0.07410063667402489,0.018688927675063447,-0.0007173771408314793,0.15299627527861995,-0.0685819975050209,-0.03432030697985476,-0.06651286725946033,-0.06998416234291142
FAF1,-0.08030765786510217,-0.009906747304884183,-0.016316304731946795,-0.04865778215204488,-0.012314833590763496,0.08349347547099693,-0.0866043335621388,-0.11979150395303315,-0.06438934570618825,0.002531356468004845,-0.017588446785155764,-0.008848151959537028,-0.02265892053942013,0.03534607653665652,0.014836055176774277,-0.0514024491487413,0.02472837889872701,-0.09790616830300522,0.055890220093260626
LYN,0.03107630710670097,0.004766980587311139,0.05517341109861795,0.030673368967702837,0.10105689594026217,-0.013264749894237773,-0.09801281450549627,-0.0156035620406107,-0.0234944990103906,0.019010929612170716,0.027058100408437428,0.013603602277455466,0.03384972910853439,-0.0021745627089193855,0.011547836624867412,-0.014010541555067946,0.014153692765803406,-0.011470085643968005,0.05125147176810378
TMEM14B,0.10744923341052258,-0.04671586196676964,0.026210212911781623,0.03396269573654204,-0.0415796664384417,-0.048256332299650165,-0.06754717123259472,0.04059591814752854,0.08190076223946971,0.07068158096543134,0.03880143716833757,0.03079150870543897,-0.024175049661833314,0.0047332155015176475,-0.0677384535518913,-0.002728842234728785,0.01572596895303455,0.00427754831712599,-0.22795131514413802
SLC5A6,0.00800827956563551,0.038131430095683934,-0.02339306874656037,-0.06851598611384777,0.026287197605985368,-0.08263956248868788,0.021189820394885074,-0.007155305289630487,0.004563545334379876,0.056108242847731894,0.014442504706335681,0.017557236019276657,0.09564004672065561,0.006541205344312747,-0.024060786819437387,0.07703287569363076,-0.015928860087194272,-0.05300873226311317,0.06462753153259039
JAK1,0.16569370783726614,-0.032673553562459344,-0.02550925299173314,-0.014855757645604921,-0.14558124227794159,0.1237662633312907,0.03394774904596905,0.048699787769728824,0.008911781359714136,0.03841315448081414,0.014139105059330406,0.000498609985739614,0.01016011292513265,0.018241748236909647,-0.03110412042409447,-0.04152362639988397,0.026067420045588954,-0.029891900545113533,0.029969412751936906
EZH2,0.1110357549896537,0.0903954011450635,0.11789257995613021,-0.019325191742848743,-0.07641068290378995,-0.10793504181532412,-0.06771934484420215,0.017949926335113258,-0.130392828701097,0.07883152229450677,0.014878800689182318,0.024310579947992964,-0.0016032115285315822,0.17528701394813234,0.08487205359394268,0.07502405758032202,0.12744291720845857,0.07736712922110847,-0.06936439590137679
SLC7A14,0.04213256439518262,0.0881288620593782,-0.027160190063129835,-0.07241868232459181,-0.033538445276856996,-0.02095316294787569,-0.0158878342734828,-0.06173791553728927,0.0006559316355694983,0.046186020100794846,-0.05649643738229248,0.05061225994367793,0.2215375531275853,-0.07668797237348433,-0.04059037647522529,-0.14078955069776386,0.0391755502758655,-0.019388350606439977,-0.1103807484843802
ARL10,-0.06724847772362236,0.026865244062363618,0.0027773661886129294,-0.046255461024566395,0.04437998865513671,0.026928411394615555,0.03608197350147126,-0.003624665066718218,-0.052580754880370846,0.043059915958895884,-0.07452868237898748,0.05835872155104481,0.04608670655973373,-0.03531339673231511,0.0430143099596903,-0.04164246410310461,0.007168283736411596,0.030809311226733666,0.06382617123960899
RPA3,-0.03617933498971879,-0.007451864355318481,-0.11009824182406136,-0.017658326092343624,0.013326248654113304,-0.05510409612904478,-9.976104817244061e-05,0.02007980504050659,0.04653718634855404,0.052104020355098195,-0.041039318956235804,-0.04641543742473694,-0.003696859783080825,0.04390780901441525,-0.005424952880077041,0.07117714824472893,0.016395037762187828,-0.04433517484905948,0.025405402825515927
SHC1,0.053597218479129335,0.049270091803222546,0.01474702036029372,0.018249275725676015,0.000766361289242668,0.024713144689235213,-0.09324084768482024,-0.02220464958876928,-0.029876153984451627,-0.030624873203266838,-0.009718687467073894,0.05325048049338799,0.020605372962656736,-0.019429006030261063,0.008073767655619625,-0.00935860450581165,0.027497352854771537,-0.000741967682861112,0.018090265335795903
SLC6A8,-0.04286490304781856,0.07732231673528893,-0.04082606206109534,-0.053234242852896706,0.08347889621597449,-0.06850987293360025,0.02581652672607989,-0.012622131666414602,-0.041503499021328154,0.010175701270118501,0.017833340940699396,-0.005977561605360628,0.07200748163169829,-0.014526758413261448,-0.005965393052252391,0.03520042835192232,-0.0027445859717207415,-0.0013154805225069233,0.12202212565277097
DDX5,-0.011402628737261214,0.01148760535688191,0.012863887940185446,-0.057318587388122656,0.0021744409876733577,0.0021117698391074275,0.05908778885114073,0.025777584055539687,0.04972918305769205,-0.022607769264678834,0.012629450967612893,0.03564518770520638,-0.04729371180436073,-0.010545495777864233,-0.004956859188869595,0.005355971655359884,-0.05104620503201776,0.07067756693146535,0.024915867045950564
CDC20B,0.049989845521964206,-0.004164272427177491,-0.022469701987065525,0.03597755647277365,-0.009475630937825184,-0.0144486188128753,-0.02609340980667969,0.05235134112219827,-0.12353478095750571,-0.10263554534530005,-0.04321648875922426,0.0004236994372076873,0.000200978173959442,-0.03266221507230247,-0.07096849702436293,0.006732283794696379,-0.007731187029016797,-0.04406172731504296,-0.08601653815925167
APAF1,0.005126894473954894,-0.05375808291490185,-0.02946655958358749,0.15671617792758077,-0.008364365785468633,0.10937906296164508,0.04111354214571525,0.06465486916983283,-0.0577967874281313,-0.0029046600914043514,0.04199557823410659,-0.006064370781395368,-0.0035237270708400065,0.0026126893694152307,0.02606911400519276,-0.05020881805924527,0.023034532606918467,0.07172885255961167,0.06871800572909047
PTPN6,0.04435004949126189,-0.0005275679095267455,0.013423401805518353,0.11109113926078852,0.04959892388370637,0.07521469191508577,-0.017248274015404068,-0.07458219070126189,-0.04305253103679666,-0.015157747069764103,-0.036792184506219607,0.02043695167724662,0.021438217649602364,0.003743838596599972,0.058502179197539625,0.017330754488559464,0.022612148291708524,-0.02865935681931887,-0.04238358510803511
CAB39,0.021030241004275325,-0.00857695326110343,0.011521567357839222,0.05566984069992134,0.005902595106095061,-0.07808656757648234,0.11670833178983273,0.039155669320578394,-0.0011926515134791397,0.047918681289737794,0.05222386936437888,0.038315654052860866,0.012638574712157869,0.008404114081005231,0.028353285548006903,0.005190997055213734,-0.0028878972269734903,0.07389494327204074,-0.04762185281674768
SEC24B,-0.12029521515704378,-0.020976278502159974,-0.0025356960325139902,-0.0935607009246295,0.006757768168736541,0.023957580954329653,0.051305725514509175,-0.010269793804797398,-0.005880369272575087,-0.05181002158732866,0.11051031332433309,0.129054458569458,-0.027765783224667422,-0.1536070443099339,0.05346352649097061,-0.04993603872119692,0.08217708865998534,0.051714721524798786,0.04796644307547507
CIZ1,0.11926529958792945,0.08325878677563231,0.1502194659493195,-0.006921906474923103,-0.09912572155968728,-0.09795247677989602,-0.03352970485491459,0.17459104738243283,-0.11529768154011587,0.05192896465515007,0.07053523705194623,0.045833896310760625,-0.028811402039096483,0.11049872520284107,0.16552698052181306,-0.09915718138363012,0.15272055664223774,-0.06797272608937703,-0.07059156193488406
EPSTI1,0.031125103059328477,-0.030398961206809277,0.0021137745158120243,-0.017838725947815447,0.013714499206874502,-0.0878817241856807,0.010847874016798478,0.047619394963671166,0.098049944970322,0.13653081651812027,-0.020793044317701046,0.059833786120438125,0.009508561238271904,0.00877119539219517,0.012603999278934202,0.21027989520449997,0.011468844388883409,-0.034113923092500706,-0.006558814723672782
ACY1,-0.004557838351350384,0.0024921963783877247,0.06902031864694869,-0.009704170338610324,0.014876469345688172,0.003952527325688582,0.042951555534997264,0.013443721827945876,0.018892319910723234,-0.030652595918659917,0.05444616041585841,0.041854796894366386,-0.034799435892780055,-0.12567922290508274,0.010546969170008318,0.004548562112205511,0.029035599882343784,0.019722510926227534,-0.05766260648318064
S1PR2,0.03967954987918292,0.02255484463157137,-0.057159452742798135,0.009860660670122378,0.01209272142208281,-0.04133809764840983,0.03633885553703811,0.034320930606836886,-0.08266083888486006,-0.023764635871154367,0.05424520688449268,-0.03151681897111131,0.025083249550111826,0.03487115481904703,0.02395685933155581,-0.01994699070447902,0.08286502136415312,0.014376846108458846,-0.06457880096960555
DOC2A,0.02841384734738958,0.021361370102162634,-0.12330732947941996,0.09760353224601882,-0.03364947122467722,0.023026620409865,0.04759732832815355,-0.1173197488005727,-0.09167500444927254,0.09815951539332436,-0.05270034663432595,-0.11390559410908199,-0.010975335301012702,-0.01808953776102326,0.018575397730555655,0.058077200672000596,-0.009539211865279543,-0.08620016331756837,-0.07521372195755009
ICOSLG,-0.004987609820262657,-0.006723912547735549,-0.0573197122455676,-0.050675459129386105,-0.09151310494727748,0.008299544514743415,0.05999310190521524,-0.030706867196973277,-0.08534225879947203,-0.07154488962002582,0.0968196982010685,-0.08774883384901355,-0.08997731636379588,-0.08474581846367465,0.03955426676532353,-0.02546105065428215,0.007536811349475531,0.06469816252078395,-0.0068876535813770685
TAS2R14,-0.0061884383865808265,-0.029199423161344943,0.03511974682905302,0.09908853510288423,-0.007777619542958193,-0.03146090716306988,-0.0038538633833684706,0.11583329829884056,0.040163504421148924,0.07438598526691687,-0.019077526212396004,0.085551104330277,-0.035597701971189256,0.08499379547043005,-0.044621308227063144,0.11485245038760931,-0.05964385277261515,0.09472750100796545,-0.13830180950589827
ZNF187,-0.06942186514383587,-0.0567637254375911,0.010639999159020913,-0.02610054257655336,0.1410018194031321,-0.09482516829512169,-0.013088621653016188,0.18578527277939025,0.0564720828006329,-0.05034677923804912,-0.09166387584019786,-0.05091842325715926,0.018109136417198902,-0.0026173785776216346,0.033470014890299465,-0.0607933276333945,0.13075205387619826,-0.10401257412162772,-0.030000958257322533
PTK2,0.040411849361959,-0.013023712593980106,-0.0425888682160125,0.02993317086064596,0.04336778569020259,0.0037542411703946447,-0.06639290777195644,-0.02014964489764484,-0.005597002590398992,-0.037236598452230776,-0.03459770701598854,0.04380262783501339,-0.006277229152887135,-0.04084046808116902,0.052094064797620035,0.008864257750593454,0.021638892968011175,-0.009636851685157561,-0.03903528611742335
ANKRA2,0.020559541825716576,-0.004539650480792605,0.050078124064409674,-0.026206278480337016,-0.11130264748692317,0.021512792198564182,-0.06276593444538266,0.029076072739645905,-0.09595819353107948,0.03133921429603288,-0.01557878980940019,0.007840579026012153,0.004502811376644715,0.05809930152153999,-0.03644905583832389,0.06683007490668887,0.05847250361486145,0.05618562601342702,-0.009756494736958268
U2SURP,-0.0019023143526020647,-0.03649008149411853,-0.028036401320258468,-0.07099020983178651,0.025635004968748175,0.07471687420293201,-0.009168468746682932,0.07448121200016862,-0.0010777740968371619,-0.0432415316903159,-0.06627681506575409,-8.552285864490522e-05,-0.044460368944950625,-0.08197711216566174,-0.01612897477384865,0.029166021283792653,0.0011020976653513047,-0.031994310188056777,-0.014130444384426805
DYRK1A,-0.005048769946740644,-0.10030250499689079,-0.0069891646807850715,-0.09964718754592213,-0.0316416609792854,0.0285905865147374,0.06650784892233251,0.029218919719951292,-0.03792465355361926,-0.015557964329268582,-0.08838050626176798,-0.020244233247590705,0.025424311509535977,-0.03773941799207395,-0.018880808879422315,0.0649364224036759,-0.02883796105463487,0.006842430145497252,0.006071326296893898
LCP2,0.01281437272922228,0.01257383256321357,0.051577798884166165,0.02352120383945797,0.05521382047042278,0.004156135375623229,-0.048682215873452325,-0.04515209973323934,0.0012856261332568047,-0.00344531572292021,-0.013693049942770623,0.01895318476424312,-0.0004037529809201802,-0.02541549694034613,0.0028368567824538305,-0.014639541033877967,-0.008502785973058823,0.010600614540765965,0.014385557090115466
TBK1,-0.0032810098097941025,0.06965806860811093,0.033352607468157706,-0.06541514539863581,0.010612056778289317,-0.07258736013380843,0.03466659484551602,-0.047435005903271966,-0.008036591305021793,0.04114317232053702,0.031199877453702916,-0.07171397920996493,0.0005813574300450664,-0.01873420051233426,-0.033898147699348506,0.008554073310947426,0.03584536425104389,-0.023350112134473567,-0.0468158874656906
CSTF2T,-0.010725754257931784,-0.020125816097800103,0.019496661714191843,-0.0774161783328194,0.003374500772560972,0.03087764187838028,-0.027746032520431226,-0.11456932764872572,0.011642631812442154,0.02682833134789072,0.06542815520330232,-0.03125217951020857,0.025150760947227895,0.045620335179139604,-0.007037543980215271,0.010105638367011404,-0.016329984784217273,-0.04577759700429342,-0.048398283547825646
XPO1,-0.09548087717412364,0.005881820077176475,-0.08406022790967049,0.013458659182419081,0.006729779221729158,0.022852462023010955,0.027154554658420895,-0.04795578264167084,-0.022896790488573487,-0.04212675179626272,0.049887427688740826,-0.012355294482816316,0.012010991695695576,0.04886455183263884,0.008772493646019461,0.059759966156901455,-0.04583917926063295,-0.02467223512082623,-0.03280373437215115
NCK2,-0.028656657432584293,-0.05830435924731055,-0.01632388414504491,-0.08126813509097636,-0.06338444971291064,0.06084353399770526,0.06289942704907546,-0.049163248237675636,0.02363702810049506,0.013991313891743507,0.07680281544456015,-0.00541929554279177,-0.04636093667440716,-0.02613252102342017,-0.08132617615306638,-0.0430636320490285,0.035328698551662735,0.027308984368534423,0.0014038924352819436
FLVCR1,0.04444562639085308,-0.004305922131199589,0.0051015994352189165,-0.04564904749536759,-0.07010448500686921,0.010054365535109097,0.006307036722259356,0.028377410546942042,0.06260058370403916,0.06563452090455221,0.05213813513019919,-0.043299713182787844,0.000739636542921818,0.009961182531562451,-0.054633770564361146,0.06363310846410732,-0.03151741359937646,-0.05266455405536308,-0.017201509728133498
SLC7A1,0.05022749536880748,0.056542596656749745,0.020272127087985644,-0.07778394049779197,-0.012250599727537488,-0.03166202484583782,-0.05026809571121787,-0.053761869390405316,0.01851158655186367,0.0481957125207345,-0.021974769404528277,-0.026249702366831648,0.17800025274451278,-0.06697797851574765,-0.051286795600301256,-0.07453167539106213,-0.01229978855695211,-0.0161139944660932,-0.16660741193759163
SSBP2,0.06704386607724999,0.004526419986324329,-0.09245762705269034,-0.03443735031745943,0.003973623751628228,-0.0099899178841615,0.023924453078865475,-0.06102628369012457,-0.060891096165953194,0.01704589289122609,0.1279305844671383,0.12481080336731955,-0.06885220064536332,0.08098476695041779,-0.051696317512857505,-0.0497189414260445,-0.13713652273477805,0.12703306246199794,0.08361760114299781
RNF34,-0.048252419440097796,0.01488180646667098,-0.038458767335108855,0.02349835654900129,-0.005131224155352658,0.06703319819386966,0.004891485484448181,0.11596284356977478,-0.11182555941940335,0.009335190503234801,0.026760581399298305,-0.043675596142632604,-0.011546829615867513,0.02632036601519,0.03957873029305333,0.020612152634224324,0.08261018029816608,0.04673176790995894,0.01203395197337354
GOLGA2,-0.020678200559915684,-0.00021835115880314564,-0.037458561860580955,-0.046123794082348256,0.01104849121482088,0.13035417252192166,-0.04622569646795793,0.016411191783915806,-0.025255666560780994,-0.10379881525080566,-0.03831287541724456,0.09953880299591995,0.02586709872148074,0.08337471735233203,-0.09463167491779882,0.016531021912909654,0.019441963258495284,-0.053564321923303834,-0.05275038152783924
HCLS1,-0.09504532010908487,0.02496288800781883,-0.019779462124644362,-0.05427619790079908,-0.035569359801410655,0.03674670704687126,0.16448171322280639,0.009261525149206234,0.019640608441194723,0.05774053436003766,0.03893536092577436,-0.029123316434757174,-0.03596771657477525,0.038156729661397,-0.04817072563807352,-0.004970580947710883,-0.0680884840767539,0.07985427034837644,0.0004525833003151454
SDF2L1,-0.025486013592331446,0.0254900044834887,-0.07021684342912944,-0.04184231141142737,-0.03518347915090629,-0.014404691454812706,-0.06079866604303902,0.009554512049982939,-0.0064847032531204565,-0.014218605816421008,0.06034874859812182,-0.03251697105869112,-0.019034108398657167,-0.0015306775891711433,-0.038723421342712616,-0.01581307924630023,0.029834000166932315,-0.012571747422770757,0.11602383834082117
PRNP,-0.0388186567144158,-0.015287398975480013,0.009750451304637373,0.009791203403536364,-0.011045071004180453,-0.07098161571480723,0.11031887784857947,-0.030261783461322127,-0.06656539310598346,-0.05851189298932659,-0.10781427641866088,-0.024300363063807874,0.0012396320673554381,-0.06904323266577579,0.06714671372866399,-0.0027875482160763525,0.05301337914699656,0.037794187401189505,-0.027731498885139177
NCOA1,-0.005484847425279379,-0.0058746091005854205,0.010387746517775557,-0.0006662927393425194,0.02664545268652895,0.03777016009057545,0.0440016900037423,-0.0279817567528833,0.089574701615125,-0.0499913145719674,-0.028989521724225007,-0.01415642391693199,-0.04878319199556677,-0.12250053751335375,0.0246495625584337,-0.07221432674550411,-0.017824266293052456,-0.1432424521747135,-0.007565776262190764
RPA1,-0.030374726531190492,-0.029991290228385616,-0.08631058238339759,0.02639872713129184,0.026177727305920256,-0.0708250365814739,0.011083214980194841,0.015096288543709622,0.050089534675931746,0.053776326459484027,-0.0348893988812113,-0.034214148950953184,0.024652241708413195,0.09610120851829639,-0.030752379522487095,-0.002054046219171411,0.06469357105996587,-0.08459257989917614,0.003441935561884116
MAGI3,0.02249756563015443,-0.01673930030535743,-0.1551189406327115,0.11893597495087195,0.025145808036594147,-0.1400315924112778,0.0641208482904643,-0.02137501747528834,-0.023666882781392933,-0.11685317099136941,-0.03680872204710851,-0.035651794628140235,-0.00851531138816206,-0.08378153518162658,0.1065789874491735,-0.016630646115948083,0.09359283351361665,0.08017508151618025,-0.0867894820541653
FERMT2,0.06756837399348954,-0.0680232094798349,-0.1349900393025027,0.05234732793771135,-0.015445887035407878,-0.0884850075963719,-0.0031435942987710196,0.0331909421251375,-0.03596441788597611,-0.05374896538698855,0.056727609311143096,0.12749170608222854,0.03294526802428602,-0.08018295704533235,0.0014761690364464412,-0.04537170369144958,0.06846447670380752,0.12164629696651608,-0.1390909338596339
IFI16,0.03645858603123938,-0.0628969529621231,-0.05726399039140075,-0.005981425777328013,0.10795547324707218,0.09873075601168389,0.013062839514257747,-0.14397365820538216,0.05657414283760246,-0.0032935736204239515,-0.002762409513598572,-0.05094869783423616,0.016185880400183227,-0.045594192215698076,-0.048513778387087196,0.013781097831628814,0.008407099151070897,0.04573587106864144,0.0945818514602914
CUL4A,-0.11865179933770506,0.09459286972082752,-0.0025002294884708624,0.07184528221949163,0.01616518372016639,-0.056306740776030095,-0.0577527707654186,-0.006346796569193513,-0.08253302742361622,0.07893391987477666,0.09355983307819592,-0.0468041493193922,0.026361016452973556,-0.07665481580047832,-0.07750361113731373,-0.021981252470951843,0.033012450519138876,-0.009658657463711676,0.03342397117330039
RAD51,-0.0025144964426855646,-0.030292797056071456,0.027147130266606086,0.020140379787053946,-0.030845747398285606,-0.039958213753981835,0.03046368811633584,0.04413638906391699,0.04391706040831327,-0.027501323048235264,-0.05522249854091118,0.049846328373345725,0.05742668476096146,0.1267196359149646,0.00391617093525775,-0.07866748324616307,-0.003111356085604423,-0.020793396152441912,0.0018687444540016942
C1QTNF1,-0.009635823905975699,-0.14497008896874305,0.04125906184605537,0.018850054673297867,-0.028635087252955833,-0.15724697245362218,0.1133484319458813,-0.036155166977338414,-0.0988531209663196,-0.11403629815622265,-0.0036804490319133605,0.0134208277482469,0.09647951088830341,-0.0039565184690907975,-0.013282838838915812,0.02800187109636272,-0.21159197534032143,0.09791103687111039,-0.04644516192791865
EP300,-0.0247349423563219,0.017987746439781124,0.013602142810830784,-0.040560096657431724,0.056326072565273395,0.013977509385180178,0.013190706542991495,-0.011171040195270685,0.05964677946289219,-0.022633047113258475,0.007920401077406743,-0.01405372355229703,-0.0160040671726545,-0.0791380816833053,-0.02396264883199633,-0.003718136090392319,-0.01587912615971751,-0.0007770660220678267,0.014232758287078916
CCNB1,0.06272175752424256,-0.10395151334725615,0.02564364471651204,0.026229725431258226,0.017210479061779374,-0.00016926582803153048,0.08222664101359645,0.09771924906767561,-0.09875943076803761,-0.053780615974186784,0.01883726309841415,-0.03909646423282828,0.09082851891076159,-0.0527279487204847,0.010446326437004667,-0.014708901007963423,-0.05331270722407265,-0.11378670833568011,-0.061088074859540153
TUSC2,-0.21766470132008936,0.17448156694359263,0.08509689351020971,-0.028320865581722646,-0.07336854209823662,-0.0072665517785461065,-0.22965379358742455,-0.035104432421122336,0.0015297715561509069,-0.11467750828886732,0.11433817561323911,0.13817209132719532,0.04257246347478651,-0.006637750593542783,-0.00013736847868749518,-0.04893452104893236,0.13997010798235118,-0.07011626007757193,0.003938854627863571
DBNL,-0.1184919771103943,0.13636023293545382,0.06489805613011163,-0.11110063837958042,-0.07031639833353874,0.09172043699226645,0.16212427009354036,-0.05197510717799927,0.009324001336443455,-0.07868538637084839,0.023805130160979834,-0.048181567437368726,0.06978557034687466,0.030997921456348675,-0.07236139663134354,0.0015536900883615255,-0.019939170313124584,0.04505872946702917,-0.17420304131421016
LPIN3,0.07091930455477667,-0.10523865395801066,-0.015217499502358874,-0.012751008458188384,-0.10006211619753817,0.04911908899717908,0.0733816240747811,-0.04276064293186932,0.0031658221357142584,0.07963829040446284,-0.018355372226001553,0.011775630811173119,-0.08103393282731237,-0.020401936633077607,0.03400006039117126,0.02457789391311224,0.008166750742503259,0.008816027256199536,0.14303253717552225
TCL1B,-0.08439457819595858,0.029757825477073258,0.03747960080931495,0.08655140293115793,-0.09559204294847247,0.007386754581751481,0.06695326598619417,0.13959425980062892,0.07512760279591509,-0.1525441684242491,0.14822758787297666,0.20851964402581047,-0.05445824267872384,-0.06413104858186909,0.13057144327195555,-0.1752722849858242,-0.010856021626349951,-0.18035611310457578,-0.06667383085622398
ELAVL1,-0.03253602261445679,-0.04441708736953145,-0.04928742991937576,-0.04641912847473334,0.0019193974771247282,0.0354684796160382,-0.015977455361863423,-0.014434273487315153,0.06020090541316248,-0.02315466007522424,-0.01322852623789263,0.05054438853679072,-0.022767837364412777,-0.03707627221625047,-0.04487771019389061,0.06884822445673443,-0.13028628535871087,0.07827779423819954,0.0030081585735885824
PSMD3,0.021469768556022676,-0.042153723728804965,-0.01663628290546724,-0.044311094737028094,-0.038525786485370764,-0.01772196201820295,-0.036870501046792216,0.033734835674081184,-0.02156926986615459,0.005027469368741545,0.032810033409033185,0.05862407899672165,0.0040893079134857666,-0.023149784810061257,0.03929453170912469,0.04897805736499705,-0.02835004792940996,-0.06340426871491785,-0.031109824447041863
FNTB,0.036513303929746485,-0.004982258506177373,0.06550252205190284,0.035179662957372945,-0.014149388248041453,-0.012284342726860902,0.02846416898011613,0.02328471017034337,0.048997465345304816,0.01594571765625119,-0.004549021460812886,-0.0292894457892866,0.024766160227009698,-0.08028699685607449,-0.013136519494332156,-0.07837111991700377,0.006412983825589651,0.09083283180788143,0.08389477199569811
KCTD17,-0.006119749769193184,0.025097036921986934,-0.06660968862342437,0.10744872887909712,-0.0031438360316482536,-0.04289807576760355,0.07683082893004499,-0.0033206376407440134,-0.03117003545200352,0.039804693244380115,-0.038596470184753366,-0.0385329334207606,-0.0930651858536118,-0.09102604733720496,-0.014985491475495284,-0.0567570138499463,0.003870039389590619,0.0011201640564340567,0.07118778145199588
AQP3,0.1132771404055221,-0.07783137105269365,0.05689324697578192,0.07059670733132627,0.00392571634347697,-0.1054027765075212,-0.044359104507557943,0.07677887493117712,0.19202651574030125,0.07944397396005792,0.06922291986240406,0.03297734518705013,-0.180002217796191,0.02709474171013933,-0.10674969819565053,0.25703532076420366,-0.01247699158422407,-0.01703600058473658,-0.24296410434014462
CD320,0.14297607072074942,-0.04974007990795437,-0.14166260117936522,-0.024382885502927668,-0.2202335812716882,0.10160365338041595,0.07087323504368558,0.17820941788831926,0.04659799023609264,0.09778765426447554,0.06057208844439572,-0.06398214360071902,0.02928814918674533,0.07551726921797197,-0.02123020897358523,0.05137971433728563,0.06306754838267915,-0.050809155071591575,0.08359006160968128
CNP,-0.028503171051256698,0.018578960813335176,0.04590453424310289,0.13447575107455656,0.008048692592249145,-0.12071425027078084,0.028705128058953124,0.010569060651210879,0.08472881245959307,-0.11445949727317291,0.00649784952910339,-0.02718440007203801,0.006144435179192641,-0.05614677255324443,0.07598878385746201,-0.01304791971265562,-0.019599331735108524,0.056076205763540325,-0.011737479871279943
HPS3,-0.0240546846094727,0.09902460089052742,0.0884243014011013,0.22934629207104762,-0.09921800643840673,0.013776413308418223,-0.11278997521364792,-0.06641044544743283,0.13530260162167623,-0.2851980271760427,-0.05983772571763921,0.017659040134061568,-0.022919534053373113,-0.08912713209853616,-0.0492297205924262,0.03423232762325933,0.04215020495257112,-0.006308572787313427,-0.02310107195423378
BAG3,-0.1694572657487123,0.10489305111525148,0.03618787596415756,-0.03647772422202161,-0.06667579845132261,0.11398445556953857,-0.07037169516698581,0.04544917532702454,-0.004760572080399314,-0.03295875996368189,0.06097109026838445,0.09323301029484721,0.0423887645780465,-0.006123886028843431,-0.04864203508685691,-0.023830165922599143,0.06951336524967389,0.02784514668761523,0.028052202181476634
TMEM106A,0.005077842132773832,-0.045441416995669406,-0.09155898124996463,-0.007721296515260805,0.041366758435993516,0.015885262078400273,-0.10490799129059827,-0.024904534912807672,-0.024590139119654526,-0.02738056337225791,0.06791473664024163,0.07576687195150185,-0.09743655766781639,0.03703137734992833,-0.12581320545947305,-0.1034916988668758,0.08809721056029024,-0.00798293334235812,0.058547802599885165
IQGAP1,0.013128330258991782,-0.01807674522045978,-0.0758447539309487,0.006134976574892769,0.009097370449161198,-0.013949588607835715,0.01873559410566354,0.1090426681833543,-0.030138470179591037,0.020798262833685046,0.07657839434589313,0.0200622249580193,-0.01446626858589935,-0.005911365892006426,-0.0024710137731807484,-0.013355575828767854,-0.05472036585308156,0.003009479741978731,0.003933023163022472
ITPA,-0.00828761133666563,-0.04035972436470453,0.023514226467312455,-0.06563691698086235,0.10864189864721359,-0.11530632013878797,-0.04214271133332646,0.0005643845902686516,-0.1493711044084919,0.0015155217511190731,0.029400475214244746,-0.1241285104049998,0.13368571054987927,0.025445858040320322,-0.038041448082798565,-0.03205405792391357,-0.33620494365137304,0.052455528803861715,-0.027266486814502874
FERMT3,0.024137725224631756,-0.07711285005304062,-0.0678633607936751,0.11297531219113975,0.028322505028365884,-0.04383665046189761,0.00270902619578748,0.013678166054594201,-0.113812527029048,-0.04606813127201,-0.0467428051039277,0.10248062554778697,-0.0029640555310100477,-0.010309109987004288,0.04604617028693011,-0.03716453206956118,-0.027788807780765302,0.10192734726790137,-0.12334948841703221
HPS5,-0.10050231770159658,0.12193525068526585,0.006562125768593161,0.30385134115796647,-0.09371154936639227,-0.05071434187825892,-0.05479535838703513,-0.03953631152236059,0.24176041622347133,-0.24848100791664937,0.06850201504408178,0.08172738865510878,-0.011667681055077114,-0.08931141845591295,0.07813394478461322,-0.08767954259754887,0.08441214019662195,-0.07461472867895937,-0.020309237353207107
NRD1,0.002870235913694228,-0.07353425833597733,-0.11949763421685504,0.1280048677722576,0.023832905400669686,0.09851025790598908,-0.057002631890871534,-0.2004621690922778,0.004142016400201388,0.026854760478766507,0.0018449507718637933,-0.16322476269356312,0.0995184234570507,0.06163135518473564,0.014204654016266584,0.030211565769732163,0.02609015803998092,-0.1686956935698116,-0.12828503919703863
NTNG1,-0.0028444184462965445,0.026458939333740047,-0.1329044931586263,0.01331208128482124,0.010834196989680264,-0.10244085268219,0.03186980630384195,0.038941797490047426,0.02419271326775332,0.00493708950979761,0.05003914675910216,-0.06887493909003066,0.01286593571639521,0.009308766754592433,-0.08649473907712872,0.076282286217897,0.04644170990691552,0.051931824469026125,-0.03840915392616142
LPIN1,0.12073597531204369,-0.2126230687480486,-0.0021449379378518,0.03888963403534453,-0.15933035480611288,0.11705092042070227,0.028450275655595013,0.013115385536176973,-0.00518904085841267,0.0741104032457539,-0.013189983174917954,0.039144426364511334,-0.07089697443835574,-0.017101039115497613,-0.0383079734380012,0.032472169199824805,-0.06425279650591023,-0.010933502128073742,0.039644717767981674
DYRK1B,-0.01640111553341178,-0.09529126499007727,-0.006320201811763531,-0.06436529063498761,0.04605029407384089,-0.02823799137260911,0.03546440382128439,0.03778780769912578,-0.04333947127816342,0.038553808570541435,-0.019796507019454946,-0.02888627466504053,0.04682426104948413,0.0009119384532860361,-0.07283903155675628,-0.004828864772657687,0.011259463665815757,-0.048663564548783476,-0.01071557163028812
XRCC5,-0.021035528239696736,-0.0007260642936547349,0.011608476591868531,0.0413578142276188,0.04183008611280741,-0.06335852701654804,0.0972359970791542,0.021087371376936757,0.15446761045630358,-0.05494127315206162,-0.0835528138872137,0.028034430599952646,0.036046935464302654,0.08549665577207638,-0.009780844463257207,-0.09089261832506701,0.02243567352045726,0.02758951892152532,0.013327484334782196
KEAP1,-0.021019712747763163,-0.03207688339408221,0.031482067141196314,-0.08079605796601753,0.04170610310394124,-0.025519776439146262,-0.058253642779416394,0.01853727929833559,-0.04482395832288155,0.0890326088688652,0.09337770261958706,-0.03355058642949992,-0.002955853733965218,0.07727410655367233,-0.04416235864880082,-0.12836229239247948,0.03176867117326046,0.014785015047080902,0.01597750733509838
RNF123,0.11111585986178298,-0.03937361169773748,0.08153458668899126,0.0726541914956395,0.021174733060675247,-0.009136666375907647,0.07776980227520593,0.011422181694706017,0.03038993281924478,0.014441945648372144,-0.04535856224285883,-0.05143554012631475,-0.015062406383344879,0.0036965986574134012,0.09642566115664551,0.0016701929795299277,-0.07155893467057367,-0.025546093863789587,-0.010419731437191581
GPX8,-0.07736699322513133,-0.11307360732672095,0.13420471933998668,0.06423765031874731,-0.0024567460759307193,-0.004075910275818325,0.030319840492122115,0.002666781066762245,0.0016835656610835062,-0.013521792946445857,0.027397927631648687,0.01599014491636825,-0.02625515768950891,-0.01928402406226963,-0.041837453631763,-0.07275732717448105,0.014044611118786882,0.023161730702481464,0.012244306449464271
TARSL2,0.02427128776842661,0.05401332397486133,0.035339902586348004,-0.0011960900566269238,-0.024394832005952785,-0.09288018548144587,-0.09370006520801487,0.017581639035108395,-0.12314823313088048,0.005570344986633908,0.016405672971137108,0.0017035673173692192,0.025234245300634187,0.021170692802616783,0.02357488848973814,0.07144263148021508,0.11672961949776975,0.09975161697732769,-0.012223873630816794
USP34,0.013809617759000319,-0.00635055216727891,-0.00930477315164787,-0.07877202823959133,0.017294089294301956,-0.02766560206381217,0.019006753858803124,0.022384938426948144,0.05068218700912545,-0.02843909858114799,-0.0432572664132035,-0.02958096874239733,0.05611561611547272,0.09146065275411203,0.14163849823945707,0.0016598065481962766,0.1044046494794593,0.12105087566308452,-0.02497622171721059
GPR17,-0.09207346528684424,0.05307093204995809,-0.11655569204563718,-0.06757101110183089,0.019568834107276445,0.05446520659822899,0.00381578029032801,-0.012167022881175299,-0.018768949054974185,-0.08031565049128155,-0.022561024121401846,0.033891883932810965,0.01698475621844732,0.06641454195371581,-0.014239758570024921,0.06138344613914394,-0.014665034564765323,-0.006863969736054542,0.1521417510008279
KIR2DL3,0.09243798113574,-0.060557641346664075,0.014416258929523992,0.033457909026047075,-0.04932319344658833,-0.028034370657146986,-0.029699007516226023,0.0032009229274437426,0.04473474592132206,-0.06725799828212102,0.05718803574341025,-0.0629611131825627,-0.17450738416020828,-0.021939679683530725,0.009793193085839588,0.0546384123939626,-0.02851599837568465,-0.006447701972594793,-0.058735332225024625
AGO2,-0.006353325210805186,-0.08309077268935157,-0.035577059022642354,-0.02516775887716774,0.07401606931496453,0.04815367963772476,0.04587639552293709,-0.06794558739265213,0.033358682427646696,-0.019339631777796507,-0.00537485946897032,-0.03916386824314458,0.0064626554942083525,-0.02510196448961248,-0.06280162343196191,0.033226794635617035,-0.029174873491098128,0.08892281391884937,0.026680895608379766
INCA1,0.07735731293022635,-0.008771278808551882,0.027108110070249075,0.08785297040571963,0.04647720601794072,-0.0016367566414483416,0.04432984198718504,0.05031296566701747,-0.0907070932573026,-0.0008859597800403183,0.18302313994532013,-0.10491057067169152,0.08509898160535995,-0.047232743803309045,0.07550985383691375,-0.04416262988644222,0.04516430411131713,-0.11659430633878477,-0.02651506582310091
CCDC50,0.10189633390665107,-0.011978347367961327,0.12505128992595368,-0.15736173138863743,0.10528613760044353,0.01847249086078002,0.07701800373567845,-0.025610737052418658,0.08384807095006615,-0.022474984047298138,0.02423571562338236,0.020253185591736625,0.02924629814851435,0.08829109127388494,0.06167380785239148,-0.005076986679521594,0.17600400844403674,0.09879681680914498,-0.040229883758157246
STUB1,-0.05303654350127627,-0.0019467295065314014,0.0016354229272923667,-0.0306444675772472,-0.13289116641868876,0.06545704582358196,-0.06673175068022283,0.01984636567064751,0.024387337585464592,0.029473268314962008,0.0236413517454813,0.07502350180459923,0.007820245163723805,0.08658195373261293,-0.05488906817808633,0.02999383006855518,0.0438567030264757,-0.04102471166220898,0.0718642945328257
TAB1,-0.07298300778434413,0.08186297443614357,0.056753437366117127,-0.06291245717520294,-0.10468992801736256,-0.0006978253555334989,-0.13954215003623424,0.07461408168506846,-0.006183764367944391,-0.02264481808332339,0.13084641816745982,-0.0195003504719836,0.10589630105656779,0.034748480907936,-0.07891963595482716,0.027579894650231338,0.07234825207711347,-0.05090786057938685,-0.006767525399503325
NEDD8-MDP1,-0.028607737762752744,0.06061146035689112,0.038248228763704185,-0.0634330552900265,0.1368444728149832,-0.08851899709961837,-0.07340155931434171,0.03131321634791913,-0.06637124547204602,-0.0004660021611388104,0.04580363860843843,-0.2016144065980829,0.12955845311992406,0.04041460747091748,0.0028694069339809127,0.02238181908333682,-0.3258875520639678,-0.0011877236835307267,-0.03912791751822537
KAT5,-0.0819310440299342,-0.020979769476810527,0.012887783415543627,-0.028681391911799043,0.08372821280670666,0.008703345604335576,0.04770004478631044,-0.057721943287678074,0.022172190392192787,-0.027335588986777643,-0.03221852323735055,-0.032778626350336036,-0.056984066474002046,-0.0615849368816346,-0.002509648617414777,-0.025929216360867206,-0.016687581016230652,-0.11397230913588055,-0.01884508437881284
IL4R,0.13145567585803114,-0.031027551210474805,-0.0010312061910498697,-0.05683373875782002,-0.12597867488198694,0.11473942298726321,0.06845093564261652,0.051184144893855386,0.08038047159549412,-0.0011523203835550231,0.07875234090279329,-0.023689602199841685,-0.05273825907949394,-0.02571722967596762,-0.04070652720495694,-0.05688357470129864,0.030332424673159906,-0.043146959219770825,0.0017507795046002533
HLA-B,-0.029646323349931274,-0.1735192632182951,0.03013861630578321,0.07332026194997979,0.023349248597757964,-0.07454820869224096,-0.014306959759126136,-0.029724753266551513,-0.019612216777776654,-0.043275647001417165,0.058646012589387904,0.011951179895121589,-0.0017319612822389297,0.016529668872164116,-0.02355958780793225,-0.0086239499477221,0.019036042590290386,0.039323815615113895,-0.0010936602142711973
PARP1,0.015563646096487162,0.005768173201488887,0.027376516716485933,0.014572674483427193,-0.03357344425580387,-0.06666307108350572,0.02795720769227161,0.00838984467619386,0.09471059624109525,0.008416508297051407,-0.060739735741593956,0.03984388797844935,0.008561141498011448,0.1658464548849636,0.04000438458565441,-0.03998576377084145,0.10889636351023603,0.035608704025886465,-0.024863451108141633
RAF1,0.041102650949504355,-0.08941216737431174,-0.06009200780557814,0.1579662538784874,0.04011898895304485,-0.07983926798721527,-0.030000905535593297,0.10663849234840354,0.044936672828140255,0.04087114216237386,0.013034715275523313,0.012914601399717184,-0.05292499007883045,0.04163046277245249,-0.03737981890978957,0.07928262051713178,0.001576871061735463,0.07800397025072923,-0.04499361599309544
APPBP2,0.05600209533105224,0.03060216028954243,0.0020256978459724435,0.18002867887665933,0.03178535109920296,-0.06324274179132701,0.0462210005082205,0.00488786531961684,-0.06800773039050344,0.1082182725023583,-0.017474578885108265,-0.04881726426715147,-0.09729694556953859,-0.16109282358605795,-0.12709309332326205,0.012698163941773267,-0.014084783200019081,-0.09108224394561805,0.11481587993299389
PRKCQ,-0.054340228450627304,0.045488372270987426,0.043674199025683466,-0.021505746102875967,-0.006995067498147393,-0.1112547507732685,-0.033093178386864805,-0.05326621918245371,0.003988054400452802,0.06120107760885154,-0.04243161000236886,0.015764608967093616,-0.06579697893672491,0.008828520379542454,-0.025258675711641223,-0.034701898768461095,-0.06831206565149557,0.004677817193965536,0.004453184583129257
ECEL1,0.0068061061686220175,-0.1293393831387483,0.011000897276431788,0.030773061159795584,0.002662121711832587,-0.047459546174923914,-0.04736441052606774,-0.007834788394285945,0.02560209306399485,-0.025441184774801,0.03289985659499949,0.060714906554904184,-0.04157625868420464,0.01515916423531227,-0.02142414847782886,0.016071704619689556,0.00918497456803418,-0.0013957436794326597,-0.02152711343957918
TXN,0.03798338231457161,0.026632728592434648,0.006651343167212174,0.14836759315890663,0.031230388065569367,-0.029943040074892173,-0.029734194161761082,-0.007956646618783507,-0.08043775940569581,0.02001964907146239,0.043839459882984405,0.0396569835259,0.03181008590955896,-0.023912091392570455,-0.06287347804948508,-0.004341594689056291,-0.12555220721567004,-0.02494282930009883,0.039954039991935475
SNX27,-0.16311265864301758,-0.05850958481817824,0.01714011455587587,-0.008866083520428041,0.013265355771621449,-0.04821082723314985,0.037457654116235084,0.0292565153472351,0.04746799115711423,0.027005990721552197,0.07718786044027913,-0.08236445418965056,0.018394345839906307,0.0339926006712474,-0.08996877903075338,0.04100446288083359,0.05347853745740177,-0.02166470920892272,-0.030277568884503052
VIPR1,0.0010910589093549512,0.020887276671685155,0.018181237749978204,-0.010351646969198177,0.03251681501829369,-0.020254847982823846,-0.08839748876617638,0.037362347875638344,0.07829813537205538,0.015133047460171372,0.06530366155491774,-0.05819763027043391,-0.110138084064358,0.06746461164529659,-0.026230615591220724,0.1348536299571752,0.0037596267892842402,-0.02258680154647981,-0.06054312761920897
ACTB,0.11897784019802178,0.00652866100397984,0.07960813667153405,-0.03694108078168891,-0.06232097014522396,-0.06172730502809646,0.0226843287363892,0.03847062219764941,-0.07759156032415944,0.14960975232923174,0.0363138830129629,0.008236663658671022,-0.03503818271633714,0.027846267903764127,0.03360439045086634,-0.14340112030883367,0.1202932243510514,-0.17337330350999675,-0.023854611972137396
PSMB1,0.06857817255969391,-0.03363204622837045,-0.0327029573172375,0.04134437663329254,0.03192069337081429,-0.015244451027099235,0.03910421630022261,0.03999882661506909,0.021833097752281774,-0.013834454860191202,0.0015895483691105068,-0.043126001104326156,0.009918618119563084,-0.0006905006239656548,0.023250949273316807,-0.011094154718295942,0.03683820186996482,0.01895743524352662,-0.007490273590094824
TUBA1A,0.03252513833370171,-0.06095049404325284,0.04694302558813076,-0.026880917699073893,0.07651389020624366,-0.140374428528359,-0.09714320719196924,0.008192663561674723,0.09041660362829405,0.005726051641944438,-0.027727907623640136,-0.022115500273780522,0.11060475884825166,-0.04452603176399239,0.34641211381932974,0.08979444505376892,-0.09302702394367647,-0.047229514022138146,0.07294860081709859
PLA2G4A,0.001846147909463884,-0.040052306386015264,-0.10270842150648865,0.140884603035733,0.0662754330636185,0.031966656683016965,-0.08841430323344741,0.07670621714453166,-0.050832378476190106,0.06389740185525994,-0.11937259286215156,0.08594537991539816,-0.11654176218477913,-0.02204163758910915,0.041693391380195295,0.0056678447930891915,-0.06734257184306969,0.11820670833340546,-0.09576054979103651
PDGFRA,0.0006554191549605292,0.06701390884056994,-0.08460773041453386,-0.01911170089433213,0.030098727315259637,0.039364102410215936,-0.0592676374241719,0.04541476562121702,0.030193389174069794,-0.016950985416679522,0.05013229859254031,-0.02919317283851808,-0.03258952598214544,0.09195300418440983,-0.08794006629977477,-0.036301147960770094,0.07903482879224666,-0.06251806355269356,0.02801934585897667
PRKAB2,0.06860197319103206,-0.12459800984214348,0.03668101423122768,-0.013876990638573783,-0.07804589231919372,0.1433065196705419,0.07762070034107722,0.02011415203815893,0.022196761874190372,0.03575746533421973,0.0608920592316567,0.047887376391569945,0.003079650061063176,0.029529610034885537,-0.04931380844433158,-0.09545300644370795,0.014830505251851986,-0.0761707582701552,-0.014681629967889676
PSMA4,0.023399920706219,-0.018063642603769442,0.03350905435660487,-0.09015514321751024,0.0910304370517417,-0.046902043478515794,-0.0774953477563976,0.0068923379709935435,-0.08483450847171647,0.011698426459745191,0.03273627951920564,-0.09974661565923335,0.09363072353330835,0.057872967048502165,-0.008642961502214656,-0.018284174677904802,-0.23577862609391195,-0.02027611872552872,-0.05435075911260459
CMTM5,-0.027326093362494676,-0.08974373204190089,0.09480498813373264,-0.020874164450759763,0.013086477368364277,-0.023283740783319684,-0.09106117628366774,0.013315546580214044,0.0976126127173741,0.08222538088494574,0.06554551293620246,-0.07405820427137712,-0.050149348120447156,0.011796450453473434,-0.03540656661268008,0.0691195568652231,0.02165219041863937,-0.010030601332275662,-0.16520150474823492
SLC4A1,-0.10679150390419279,0.10385037575567387,0.09198587841485865,-0.13449957445174746,-0.08111400007978273,0.004462950763472122,0.1263774940423446,0.18218677268719333,-0.03801886891661592,-0.0682839384505976,-0.04416357199513189,0.07033336443765649,-0.044419827672744654,-0.005509812858422219,0.09360621046688569,-0.09000529665345046,-0.1157432052317854,-0.07224148149480976,-0.04382075738666159
VAC14,-0.01892109680354577,0.027720874836986042,-0.029051546214728566,0.04281126676566895,0.12441297795485173,-0.02140912156292714,-0.08173503342573428,0.09536108155675586,-0.034214906891217534,-0.014292536612607532,0.11041373934803238,-0.07740446765980359,0.050843495719837255,0.09787810599550963,-0.07726490595855318,0.0973506253167817,0.02576686094101117,0.009374159257783066,0.06008487407418171
DPP9,0.03972893606117107,-0.07736485899441792,0.0002793972956644713,0.03876588814793063,0.06287670053339492,-0.012264458051845744,0.06859996291638465,0.18313419194600422,-0.054921435628942604,-0.07457363963409216,0.00523268142782366,0.14332037123187472,0.027194817696074354,0.027325723751052407,0.09115894902030737,-0.14446491948418466,-0.08287461211084973,-0.032157242007837594,0.06351621289464514
NOTCH2,-0.044950828338192826,-0.04661861703454294,-0.046325378524211334,0.00018719690410611947,0.025926152043918113,-0.030048038411002218,-0.045427994123269165,0.07783478217548791,-0.04202319896722221,-0.1437369484608445,0.021123045283486047,-0.03309776150360405,-0.0022686514855236777,0.09486148897402173,-0.014744721948922257,0.0027164888694112656,-0.04789449978705065,0.09211740552596123,0.02767963888307784
PSMA6,0.01892574797589756,-0.05706926258920392,-0.0026939603457861758,-0.04175126319876259,-0.0029623400395251474,-0.024363171361100333,-0.05175921207010093,-0.007770389412894785,0.02539448945464958,0.0033308969141296507,0.008105250999091384,0.020077350039818687,0.01796922240218565,0.03606384892475305,0.048171628385900764,0.004995106723511422,-0.0017133268042923103,-0.038672276682050616,0.005893376403133555
ST14,0.02522403295556706,-0.000672309822511065,-0.05790983951756604,-0.023791949904667025,0.02469255405079161,0.018919950410975845,-0.013254399036788694,0.014799220718778393,0.003932901225262832,-0.08260072672905465,0.06444860124089115,-0.04286277224984497,-0.034445606164201274,0.06880718229679626,-0.04662792651862357,-0.013198531858641104,0.004937487437461406,-0.023197547053030194,-0.004709342707642846
YY1,0.012998656699977741,0.07118867742609802,0.06408936583150492,-0.057355969450882,0.018516730968220634,-0.04100824374107395,0.0025820001911262573,-0.033308506293819276,0.046819943597187115,-0.020992488082843243,-0.01606680764731478,-0.016866232240202735,0.0001169953672802282,-0.02011228945036466,0.00015749774925414745,0.01823430058053106,0.043895783441053604,-0.03580736236491189,-0.011716221204971223
PSMA2,-0.019567048753623605,-0.03718138344418994,-0.041820117613624204,-0.0033869358584979314,-0.016055421128435273,0.01964125045273368,-0.023361395654420993,0.01596301343172289,0.0003655701557160989,-0.012553115945546206,0.015928629766658122,0.008676190325900822,0.01081501706877062,-0.008920165157106372,-0.013231442382343889,0.003722526826038645,0.016114063209910226,-0.002695445426963843,-0.003987806795983087
HIST3H3,-0.01147632664418645,0.04205129602496917,0.023285087772500643,-0.006412831177371854,-0.017912249269917184,-0.008726508566354764,-0.03853724202375202,-0.003067805073918668,-0.03641737472395727,0.02024400426910674,-0.008132184079443494,-0.026794340554243772,0.007975603784633021,-0.005967551618587248,-0.016309977805087205,0.042884359155934054,0.01685196288555832,0.03800861345559571,0.026025830660897087
PSMB3,-0.007821415686373397,-0.04994195585713648,-0.05842336713147517,0.0029096210918519954,0.012167800042494478,0.018702053897880856,-0.012804488951368667,-0.0001883889359437926,0.04196885569816006,-0.028129093552039654,0.03485604082315301,0.007218541254461663,0.009424669129385397,-0.01822065771115661,-0.03344617776871556,0.0016586471369669559,0.028920895358481257,0.01153603349822728,0.01874237001003949
PSMB2,-0.011297446545197331,-0.022167438057547128,-3.152625541543889e-05,-0.0796912084071164,-0.03400887370419766,-0.011489304239857268,-0.052406075702742805,-0.02205011631083537,0.018555772795802592,0.000814781793280061,-0.004139774851057393,0.07170864840328742,-0.002469106057653407,0.06681753783333964,0.05054840043447293,0.03143516322029676,0.013166859479938111,-0.03816845078985694,-0.017834424440194025
USP2,-0.049944821932149275,0.015308450446207045,0.017029494216422997,-0.04027031779566715,-0.12364314619808278,0.04693888651904991,-0.07087550985926301,0.07930087942731359,0.012753698054573897,-0.07657940404212456,-0.011452418290686252,0.0321480894304156,0.1636570046391485,0.11362475969387394,0.11816754880317153,0.04901730493532422,0.003823941516052182,0.01143207724937269,-0.05720753907025274
SLC30A1,-0.017141321201429856,-0.0026526906973950133,0.04312302118106794,0.022893240502218484,0.05550424902167051,0.01436929740272015,0.024433030493622648,-0.017838582549568726,-0.09037563485276058,0.03828570808676375,-0.04821121238115263,0.024297957813206473,0.022537861922808048,-0.028868183330051443,0.011927084229410623,-0.07665805046673067,0.016727661359756448,0.011548738574113414,0.04253692431510971
MEOX2,-0.022311475944056046,-0.05491453829416381,-0.01827821818357085,-0.03327641390228893,0.11007353322908549,-0.05340191968658732,0.018290800451696343,0.024197378155900028,0.0005413031168578047,0.03348955430612789,0.015183306218609846,0.028406842539287647,-0.028696831061749334,-0.035860388076966135,0.0018461406259766523,-0.009062014185031966,0.04350649366008082,-0.02643420762834291,-0.007911846059403555
CLEC2B,0.01034760561518749,-0.15266228624891454,-0.003785363480194217,0.00382353823126755,-0.04743250616470329,0.017142247561113325,-0.035437786175876305,-0.04837424978866135,0.021785336609705427,-0.0592210137206471,-0.016202359643596474,0.04475442548468468,-0.11305649206671457,0.02684683571564954,-0.0033963650453856815,0.007843853668703079,0.018498971117981447,-0.04684197086209021,-0.022993424227305086
USP7,0.013625059379531481,0.019164599702738108,0.01995929041402727,-0.04612311195650033,0.005524725092057595,-0.024212431812654665,0.012670316546432,0.02001382732056556,0.10735973812802851,-0.0074061496054422995,0.00755399297252247,0.04234562673704811,0.03748556516074685,0.10672582576777184,0.08937733814375305,0.00021089864944082523,0.014938499856335998,0.10366398141461713,0.010831896812256258
FBXO11,0.006316083560370664,-0.031954398765707936,-0.06930494117646613,0.10879879864582456,-0.03697854512143767,0.04994643926468733,0.0013765389910251257,0.048553079823703695,-0.0301067480451575,0.0626365888358113,0.004002743198955201,-0.06712470400806704,-0.0014587857009355065,0.015323403548534564,-0.015153210122528068,-0.027001185985550354,-0.043269432905435494,-0.04616862799711769,0.011033195340442887
KRT40,-0.0071673871190459214,-0.007042251848539723,-0.0027582877143522864,-0.056343108492952536,0.1131778579633029,-0.10284060910997136,-0.004750771944462101,0.18512504434152507,0.06750193348870052,-0.07281436102291021,-0.07239214174908376,-0.10414804013048884,0.04015530469287326,0.005264545960658762,0.039669930572243106,-0.0705951433074148,0.07323522916826428,-0.1374957935409644,-0.020867616625179157
JAK3,0.024373733184866214,-0.017206070663216798,0.008696010892870736,0.007546496223246107,-0.13966176278367295,0.10491539102278022,0.08469780631972817,0.015815793990304604,0.00976259574766484,0.047623983448132456,-0.00747560264498906,0.03674678356878466,-0.05835700691966843,0.06732048777523436,-0.06614739533091046,-0.02633133977137592,-0.06649195720753172,-0.008171503777948211,-0.007572547801308172
SLC71A2,0.05485431019705447,-0.004406427951503922,-0.0331417722255068,-0.03231309370980497,-0.0742469247237842,-0.014105669997928207,-0.010139344491880057,-0.03178732015414642,0.0002704854006144135,-0.08159921279419488,0.027882645860913706,-0.03166304634477176,-0.03592019021579291,-0.05790138421279367,0.06070675726127674,0.019462584813917917,-0.007859268937224453,-0.003865049866142819,0.10370714270792021
SYK,0.026421007887964122,0.03234778708956273,0.061914406646218216,0.023062687581189643,0.08178647272155867,-0.005980234284343069,-0.029205877847113263,-0.06294432957405985,-0.01892571028190882,0.018431082749203225,-0.0030903781758003335,0.0331010645701084,-0.0007554713192163327,-0.007254766437798664,0.04120724139762712,-0.018711988243248184,0.007897001558556667,-0.014034453139696298,0.03688668621208979
VIM,0.023842305469257287,-0.03348727962253094,-0.004414962096403488,-0.047019215150209244,0.007884968019018992,0.03657625151383254,-0.022359563320006746,-0.03445071650045959,0.009231981595047296,-0.08582402067315549,-0.11807318296591066,0.011734068886003998,-0.024903525237494485,-0.026461499120626286,0.07023706489839066,0.00877329396314838,-0.06448300222740695,-0.0599765044688227,-0.047010652385676074
PSME3,0.006970325669302391,-0.0745592919786293,-0.08309813564626344,0.06440720352059043,0.048768336293057706,0.09085910083293125,0.012126853152719948,-0.00045994552958991805,-0.04579367183947651,-0.003229358056434748,-0.00033745243000754397,-0.028172265078557863,0.05212383189753708,-0.02581102981888305,-0.03939577933189491,-0.035751038233173334,-0.04889597711325344,-0.05299849847142693,-0.020855055897369332
PSMB5,0.0049419512434038535,-0.04593643764261186,-0.04013450115346203,-0.010263715160965577,-0.0025274842849695874,0.01602876600288701,-0.013797308069878769,0.025145174720247434,0.016982282867712053,-0.02262468612888272,-0.010346924094213967,0.014401975454801711,0.009951300819834105,0.011104972562390176,0.02312152170667423,0.026719803279541744,-0.008148855855948059,-0.0032244319178550314,-0.007420564569522928
CLEC4E,0.03468344775130556,-0.12995912166092682,0.07157972288613529,0.03196323846333984,-0.006986337075472427,-0.06759363263605042,0.004867911513713957,0.014338997268821884,0.061587290962146095,0.026586682838936514,0.0006182934514290771,0.0038870159868815615,0.022688219748388198,-0.01054001103079014,0.059811284663325956,0.03790832217695397,-0.054127452180572244,0.00685737501364112,0.02295822291893276
C13ORF40,-0.15123441586637024,0.098880668976753,0.22575256153241263,0.16385188545617402,0.20607343698973415,0.29479007200452023,0.015314543369956666,0.04347615838298547,-0.07709674805128577,0.10360925522783572,-0.0724158893491149,0.029203772884588138,-0.12754498863613273,0.12035734627902794,0.0692660847193112,0.03163464524166522,0.00719566760133962,-0.029630550742627146,-0.09033975762791627
DVL2,-0.10298077219955018,0.04955796661347097,-0.04817567608296066,-0.05094887125359118,-0.05154368151493669,0.05271225509407775,0.016113598963647127,0.007503797632122368,-0.02299387825128336,0.006258406073263006,0.07921652028543348,-0.0073007893831082285,0.01295399776625248,0.0928793564915378,-0.054806207109400526,-0.010398813172161602,0.0004263130456741377,0.05516687483026223,-0.05445866651840026
PSMB7,-0.015616821317135095,-0.0545414120325659,-0.05618779612956218,-0.0060773343201966,0.008991654896118901,0.009835933064477314,-0.018666000095059036,-0.002287378794911007,0.03897724209156738,-0.03243571843161136,0.03561956467832708,0.008223316078431455,0.01968669792234378,-0.02687189589201459,-0.02924317319488623,0.014936558644108176,0.02445544164056609,0.006225497543716104,0.026081832416615283
KRTAP5-7,0.047521443431155684,0.006551284474097743,0.029896910102058402,0.01047724433596806,-0.11430045734813585,0.06264519282479311,0.04369787966461751,0.018814287981612998,0.01322624007452169,0.013989446774617168,0.03669555238114936,-0.009956950975280083,0.019212475407744983,0.023872498264227195,-0.009685264696299453,0.04248734635306138,0.05850951340712539,-0.019558360591162414,0.03930575432090745
KRTAP1-3,0.0,0.0,0.0,0.0,0.0,0.0,0.0,0.0,0.0,0.0,0.0,0.0,0.0,0.0,0.0,0.0,0.0,0.0,0.0
SMC1A,0.02366597134854998,0.03796612990575606,0.06441414654333237,0.029433116012717236,-0.08968873585838943,-0.06132310895088351,-0.01836725937979272,0.08353457126703318,-0.10261052132733782,0.002473495557202755,-0.007792678672602283,0.04317132231118062,-0.03187374135260829,0.08582302050500507,-0.020864282754420246,-0.04937420600842996,-0.044051493694635194,-0.01995881199043183,-0.008588205722156858
IL4,0.09778376855290649,-0.011594850206128009,0.02265173104912444,-0.016862922492160242,-0.17823485130335567,0.10915572515386272,0.04618757905896698,0.006202880442804419,-0.015057198105226903,0.06073110390151217,0.08606961907567247,-0.0009685086359619813,-0.09593082332664432,0.018617699738613876,-0.06557861088074636,-0.05787895327381412,-0.013445720003511132,0.030525297807669986,0.005871416341346928
ARPC3,0.0447551305886854,0.013464935995989734,0.03725698016939554,-0.0868287154578016,-0.09444552581122258,-0.011081017268429092,0.08773504140445364,-0.13286736950464934,-0.025502598562083426,0.11309842838116238,0.009799168836669467,-0.023815268166315014,-0.12045042094696783,-0.046492678344729345,-0.01789300941892051,-0.08291283699966755,0.05674422148068372,-0.15224587256762037,0.026606990015181266
WASL,-0.07803619373781022,0.0028745960829934243,0.019176558820218837,-0.10990880060115407,-0.046833572080407136,0.058165792385261504,0.07577192031634265,-0.032550995707707725,0.0783983743599528,0.017154773133731815,0.09975037055248288,-0.041196015155062646,-0.051264901152687885,-0.01764575202677384,-0.12845308740410719,0.03561506630392122,-0.0069347748556842104,0.012377933433294002,0.017682654792966438
GLUL,0.21115167434086854,0.1701138641948189,-0.13549189215701382,-0.05184722228518336,0.026634431766717186,0.046016457094843886,0.036397731460075,-0.030303911892991284,0.005791738391452594,-0.02292512388227845,-0.03470938022510648,-0.004624145033096247,-0.0710242825589273,-0.05805567699434355,-0.010594554204212249,0.009257016981571841,-0.024590321173623343,-0.012755638034341973,0.015620422316817578
FCER1G,0.030870131337568347,0.0830193020273361,0.06166560883752362,-0.021645531439530984,-0.031705387338245766,-0.007562546375713012,0.01762327943100852,-0.07228478158853321,-0.023347275368908404,0.020579490997933363,-0.06638251515658396,0.04695548098986419,0.18598306674890164,-0.07769641376382844,0.0004963277566773606,-0.13283231676102167,0.015548475394296966,0.029061955581246402,-0.11247715645755603
CCDC107,-0.08297923352204133,0.07826173200090247,-0.095781621966111,-0.051680208965168666,0.00507164827224668,0.023407909326274838,0.07215582404854352,0.010305851325864977,-0.03179963234178231,-0.0555534994588672,0.05817458823898539,-0.012099039860201834,-0.06019858543700366,-0.011289478145433341,0.024956465310988125,-0.02175337545256732,0.05256851918952698,0.022636313465798072,0.1463396566374287
GPR152,0.008181159452925867,0.04914473287781711,-0.03056583945990445,0.0034896701276674745,0.003809822189346152,0.04134747230533464,-0.03572959139471445,0.03137412740637582,-0.03079387255898753,-0.06332713559609353,0.029319382196736028,-0.04961173258362498,-0.007320853879326751,0.024882095764159687,0.008609096726046553,-0.016109627285757055,0.015042513468439274,0.008435647373328864,0.08539636627121489
IL15RA,0.07751032747179841,-0.07883076543188432,0.0449363648642305,0.012965107405558722,-0.20636179197106996,0.15811363847525162,0.12499585994622514,0.04749131932085431,-0.0120591613829653,0.03275894712903872,0.05147505764506926,-0.0021132517345294984,-0.014301535440171147,0.06515541483355007,-0.08385283635987265,-0.05262427960239426,-0.07162570204071528,-0.04811796570761711,0.010832612074820372
TAF9,-0.04034952058778556,-0.03868149113510247,-0.02650704088154744,-0.04328413699303048,0.07123897310080585,0.011705955457011852,-0.0061594212873774465,0.017044085515622025,0.03046349295939125,-0.012320707673063177,-0.09086766909945894,-0.02146498264230058,0.0019352270272011433,-0.007602486788722009,-0.0534035564821394,0.04334474997788522,-0.012996786025209385,-0.004263914296586008,0.019384063962668365
IRS4,0.04946146988106803,0.005318741558880973,-0.0029827950497678768,-0.02119871425903232,0.05091826755828299,-0.02684550622816504,-0.07403914749154185,0.051643148131390135,0.03498686110953673,0.02681276031082619,0.02045876362406377,0.03546904241157668,0.07684232119570011,0.08264435405850964,0.049833178682518124,0.03929012172213242,0.05277508800812306,-0.0062764967809257645,-0.007692969923192919
TAF12,-0.011309897823249359,-0.0523241185989448,-0.06426383858959099,-0.039801363690766534,0.03325604043668158,0.015780282983212865,-0.03493449457942572,0.02634616876944245,-0.023210253106117646,0.014520440932724992,-0.07182790408212072,-0.029392687707168758,0.0091359061577247,0.025467408168409162,-0.0554710399505728,0.04445040850092631,-0.013018060012478797,0.05573472450159639,0.009125347710473209
TAF10,-0.00535739433682819,-0.03637379065604514,-0.02617508959616856,-0.02729979409865485,0.043062458578982214,0.01088301376733129,-0.0494792317977215,0.05023320149980905,-0.04532022257995072,0.002610427266131768,-0.07364230610797035,-0.06311046917368444,0.014645703458277941,-0.0038181897866987296,-0.025263972206904625,0.05485035090970495,0.04003777198775369,0.025238322379942488,0.015613280490332067
ATP6V0C,0.022479623059956582,0.12411256328485998,0.06147808774595855,-0.00264394330391222,0.06327052078512334,0.06224990365962482,-0.0029889049346193287,-0.036961023852913895,-0.11511018958221336,0.026000352230800487,-0.08336835147468118,-0.016531834102082067,0.10399532876234839,0.017128848031689067,0.015186566915330976,-0.061632290750345785,0.02198496841249188,0.0178086811231375,-0.012649724475655221
CTPS2,0.016007555405015566,0.00026792143913973587,0.03446881515350213,0.00919543142310921,0.014338427482790983,-0.028845780968061296,0.010841567797956796,0.029799242582037155,0.0467773466079861,-0.016476365016880143,-0.0033695280629839493,-0.03507955569904034,0.008368967093784142,-0.0042032310692369,-0.0005346054450561942,-0.0693289272774413,0.0018119962552503783,0.0608255449716182,0.001384713193877031
TAF6,0.05020212522778103,0.0440738090664418,0.039746256780238375,0.006254616516922707,-0.01530313725639757,-0.06170213965272781,-0.07521112491533105,0.04702555294157494,-0.07542766250475025,0.025592118038413443,-0.01090145062810701,-0.043605946890089564,-0.008322783803157213,0.030262635196671193,0.04571880573377778,0.021774519741666547,0.11523266995297198,0.012824717819272621,-0.027513469031026458
HNRNPA1,-0.02389022928098163,-0.031455173971016305,0.005184705781203476,-0.08851476332818889,0.031635418345940296,0.025676345646696595,0.010278819501376829,0.07088497891946378,0.08656797090434731,-0.042192681073540746,0.0038337563399790044,0.06986632345427558,-0.09985106793514842,-0.047545844891722686,-0.029026110245583044,0.05400380360550797,-0.09406636287889339,0.08342157020004548,-0.029644492624465127
UBXN6,0.13591214562028267,-0.0013872715766142152,0.10299550443406787,-0.03326118053679095,-0.09284192818001476,-0.036972613766238074,-0.11755314609536995,-0.1456092557596273,-0.0623139730447931,0.01687353152198304,-0.04274619022748138,-0.09772608082043206,-0.0984032960928716,0.044321319826935,-0.0034020662718393536,0.07676063371012173,-0.038759206779089464,-0.04513948128943594,0.05082622346821
TAF5,-0.07183627758773657,-0.015765136186420534,-0.06962793180713854,-0.030341287631373587,0.06069042372267325,-0.04649243847604725,-0.012578332918375025,-0.01664959873713164,-0.026738273632266822,0.029441111426897586,-0.07136100967324727,-0.003473818561454019,-0.031493865318910595,0.03426653752592425,-0.06901121807808479,0.03859666321162935,-0.028078982082986488,0.06739119105063113,0.013348512203835802
UBE2H,-0.04425631533766286,0.05214634424901595,0.02899276344950559,0.030610123345455983,-0.04884249675690356,0.10090886532379978,-0.03483864722062449,0.06166334606206812,0.07316296477568389,0.011982389430269145,0.010676638160156234,-0.0010691537044265806,0.07761269266859962,-0.007666466496758713,0.02724488420518499,0.044986147000514926,-0.01779972431927057,0.059755041218495036,0.048815296009584244
PSMA7,0.018362960610375272,-0.07964151231229534,-0.00429717814803139,-0.09183149669084674,0.040928354537779106,0.021916075640090973,0.01166816446717832,-0.002920679489867874,0.013945625637267336,-0.008279773431546603,0.003671122516903881,0.04337287436834533,0.006445598014071593,0.0963380032751041,0.053820176757040705,-0.018969985656023213,0.03560922497711289,0.00028171708700697445,-0.05017200376710563
DLX6,-0.05659820233445299,-0.05630037747417077,-0.03261587921330931,-0.04597636915505452,0.038775194657610354,-0.038900763616734634,-0.02789963043613455,0.09566560922117806,-0.03660140519715846,-0.054753176986438244,-0.007257577885924551,-0.043211058381943175,-0.011593706788480733,-0.12927005479375317,0.024572099735818656,0.04509992285038491,0.07528204859915451,-0.03989651877659924,-0.06798520149351249
ELOVL4,0.017539644322803083,0.07933955222513339,-0.0779172617103685,-0.009897455905340604,-0.07465315951732637,-0.03416560006928845,0.008335594433611246,-0.02974019909814103,-0.0022827888235533835,0.09095578785405914,-0.0997916881127424,0.06163425199094159,0.22914461847817913,-0.09757739371256298,0.013004146721301887,-0.12782915106427606,0.040426381866412606,0.002050818698388796,-0.07343844195070674
TAF1,-0.02337546544327155,-0.05588811653971902,-0.040228167571383186,-0.03222680791823971,0.03593548881312598,0.03761405116464626,-0.03277477752048859,0.014318364570287484,0.004665839445319357,0.011843540239972198,-0.044811099203975045,-0.012106353288096653,0.009442379968725344,-0.014116843415826476,-0.05775584420795575,0.04336884620396291,-0.03562389311172426,0.0047480992867802935,0.03967794340194916
PSMA5,-0.028510527671668725,-0.028709447917215317,-0.0458934367190219,7.888864521560917e-06,-0.009168313207494368,0.029697269685193636,-0.022373274679682652,0.013766516669877571,0.029263867543765584,-0.031612731874675545,0.027818144969869795,0.009640783350920959,0.016555037405867744,0.0020950294932059986,-0.021459804889419436,-0.00870693062959141,0.030431997003391397,0.008498335432417002,0.006198431574718659
FHL2,0.021754678865936242,-0.0022581813213926284,0.024359919304729045,-0.00946257044892414,-0.053338883018712646,-0.02636577951158541,-0.03902398646570806,0.03230149011236381,-0.11924573123699483,0.06067738663960015,-0.01119240559407832,-0.0005730513483151403,0.030725684848452884,0.04143134936458634,-0.012726599519833907,0.05629274327605633,0.05446017311656415,0.18830330474270907,0.04560130370915823
NUDT10,0.005008680045812994,0.0077840090471541,-0.013891123205331651,-0.04152731858147999,-0.02735922723628104,0.030579463427972624,-0.0029964873459102765,-0.008412055827339227,-0.014446580189680648,-0.005216350586673706,0.05520278407183574,0.025031018924364372,-0.011853986140518394,-0.05697921150369932,0.056619297972543496,0.01804394006930224,-0.01944146521283341,0.01931890640730529,-0.08676977815141844
SIRT1,0.01831463596723396,-0.0680418698425162,0.007714900961053017,-0.00816408625809814,0.04851903337704917,0.023158579218157716,0.050708379588047324,0.025417570161700938,0.044893674444264856,-0.020661103298905095,-0.09531845360837513,-0.04517374704314041,-0.032299851531334405,-0.0818331235049221,0.04468791754180686,-0.012615844555870306,0.013899297011415469,-0.08218143077177852,-0.0045344108946298815
SGF29,0.01164372545080268,-0.032975056718548536,-0.02539482159621212,-0.07156087824987475,0.04203577634888757,-0.01904717676385486,0.00761850305608061,0.09638215375534975,0.004655636596864363,-0.020541403991130337,-0.07171203441829145,-0.012434768321381157,-0.029590332347187123,0.0029743167652432965,-0.0072439211951747,-0.021828632286146142,-0.020621314290078775,0.002673863000659666,0.03473809391443553
GDPD1,-0.18743070386776453,-0.12540962968533167,0.1591193294476183,0.0007792847074790454,-0.029946951783823617,0.052546211318771,-0.0477509748195574,-0.006855312501725247,0.055051337290095655,0.06976603954645501,0.03820550596286799,-0.1845241818711328,-0.04953342390758038,0.001447088816118011,0.11661372179917327,0.05691362636175157,0.003251052685788904,-0.0185141853285228,-0.060209129939271376
CBWD7,0.05790599771240917,-0.06140481857965291,0.022321711613705966,0.07637709898809024,0.05475464843593704,-0.018553960448970497,-0.06236555228884746,0.01933705187642358,0.1334552915562281,0.0686135960951521,-0.014087879987269025,-0.0901716785670261,-0.0315227240749095,-0.03080549128392035,-0.10565021531966359,0.06875339657013084,0.03190905379774148,0.045314105943517896,-0.09395941086394785
E6,0.007520567762573897,0.014193534912380214,-0.10746664784041352,0.023514995761984455,-0.048331147079722976,-0.007142077172690679,0.15689676868256985,-0.027545851886390135,0.013525630000259121,-0.018484981149167464,-0.027852822368515343,-0.0439651600719409,0.020456288804195175,-0.04636265947440024,0.010980879481574505,-0.01863801287864846,0.002709238293711506,0.11156963709209551,-0.029189499221623554
PRKCB,-0.00464854021050609,-0.015771472995350425,-0.027834605684520328,0.007166075592764707,0.025124670394945064,-0.038898292292168624,-0.039675324326226696,0.026807999670201355,0.02822306417015123,0.07371920068665345,-0.11150733213571914,-0.002088150558519895,-0.1034847800752637,-0.03745908296946486,0.0679906661466659,-0.04431788699945855,-0.016816131280655608,-0.043355514327999924,-0.022629022384358766
HOMER3,-0.06943734397886206,0.017627957633709928,0.01616808785872424,-0.05701722750726508,-0.008012301011533322,-0.041328992519607914,0.12064926238682178,0.0199856458083725,-0.03075162785254831,-0.0025140861019277653,0.06644108058683212,0.02709639325375475,-0.12390228133856057,-0.11425878892523361,0.05321988973723901,-0.009990338660167407,0.11270684770682612,-0.06102089855903214,0.08504663482396829
